CATID,RA_OBJ,DEC_OBJ,z_spec,z_tonry,r_e,ellip,PA,Mstar,BAD_CLASS
16392,218.52847409,0.63309901,0.02922,0.03002,1.0,0.2934,23.940002,9.22,0
220375,181.23912743,1.63521858,0.02043,0.02211,5.38,0.4995,82.369995,9.19,0
381225,131.78764337,1.8534322,0.05036,0.05139,5.15,0.5374,11.679993,10.13,0
574193,134.4343734,-0.04480745,0.04369,0.04475,5.22,0.1848,49.22,8.73,0
585659,183.87770471,-0.04940701,0.02484,0.02613,5.87,0.5375,6.919998,9.23,0
220300,180.96735124,1.63603021,0.03359,0.03482,4.85,0.7248,72.14,8.87,0
544363,215.21927436,-1.00097502,0.05483,0.05571,2.27,0.7634,42.100006,9.7,0
583637,175.82494029,-0.18160958,0.05643,0.05771,3.28,0.054,141.84,10.01,0
319151,213.62543908,1.91536837,0.05281,0.0537,4.15,0.2394,6.0400085,9.92,0
504551,216.09886689,-1.99182098,0.04338,0.04424,2.1,0.4948,37.630005,9.46,1
9112,184.95087573,0.73306455,0.04168,0.04289,4.57,0.5636,111.37,9.48,0
210256,137.29947804,0.00799842,0.07555,0.07668,4.36,0.7358,124.5,10.65,0
371789,132.80361802,1.06189984,0.02669,0.02763,3.45,0.3918,15.020004,9.91,0
65359,222.8148519,-0.37214961,0.04343,0.04417,4.89,0.6699,155.47,9.63,0
272486,179.56018365,1.35555324,0.07829,0.07958,5.9,0.5828,94.15001,10.63,0
272705,180.63046509,1.35716233,0.09106,0.09236,1.98,0.5149,79.69,10.45,0
485828,217.53054212,-1.83847815,0.05557,0.05641,3.01,0.5118,27.339996,9.63,0
47290,212.06746571,-0.72788776,0.05226,0.05319,0.93,0.0671,119.78,9.63,0
319381,214.39169666,1.81253676,0.02481,0.0257,12.2,0.5323,114.58,10.26,0
535007,176.12553925,-0.98985348,0.01955,0.02136,1.94,0.4472,120.96001,8.2,0
71008,182.68946125,0.15680553,0.07766,0.07893,3.54,0.1887,32.429993,10.5,0
237661,211.83422441,1.74436102,0.04513,0.04605,4.31,0.4078,142.63,9.92,1
575625,140.73143347,-0.06198592,0.05468,0.05583,4.35,0.5939,85.73999,10.24,0
508480,217.18223873,-1.6584437,0.03585,0.03668,2.75,0.182,139.11,9.62,0
184579,177.08839921,-1.49376824,0.08077,0.08208,2.96,0.4442,72.41,10.74,0
506009,222.67343448,-1.77672206,0.02619,0.02689,7.94,0.0239,131.51999,10.0,0
252020,221.83094712,1.8926078,0.03323,0.03397,1.5,0.1507,132.08,9.1,0
319388,214.29966316,1.8826147,0.05069,0.05157,1.52,0.5127,134.84,9.49,0
517868,133.96788446,2.52429075,0.01277,0.01345,12.02,0.6574,66.31,9.18,0
271592,174.93538209,1.33467113,0.07577,0.07707,5.88,0.0981,73.7,10.74,0
534661,174.29677185,-0.86149868,0.04662,0.04789,1.57,0.1637,55.679993,10.04,1
144690,181.07852505,-1.36329099,0.08352,0.08481,1.9,0.6671,8.419998,10.4,0
373124,139.56696755,1.30679022,0.08892,0.09009,3.41,0.6435,103.31,10.51,0
545809,221.21238322,-0.98278165,0.04376,0.04453,2.6,0.6043,115.880005,9.77,0
227516,213.8722126,1.20797131,0.05455,0.05544,2.66,0.5232,167.28,9.85,0
290172,184.97165422,1.77346719,0.00671,0.00891,4.58,0.3831,61.64,8.58,0
346257,133.04214777,1.98303585,0.02855,0.02956,1.92,0.4975,6.7400055,8.63,0
16948,221.10413229,0.78285742,0.02626,0.02699,5.21,0.1717,31.630005,8.89,0
177814,178.16190311,-1.96199736,0.08539,0.0867,2.57,0.7918,97.52,10.42,0
296936,214.04996734,1.38058711,0.05415,0.05504,4.56,0.4372,125.55,9.68,0
55254,181.16932793,-0.26674149,0.09369,0.09499,4.05,0.247,109.91,10.36,0
37064,216.37267307,-1.06617408,0.05524,0.0561,5.05,0.2617,115.6,10.65,0
517162,131.19759876,2.45662196,0.07622,0.07726,2.5,0.4358,122.0,10.36,0
227289,212.8223054,1.35261696,0.02564,0.02654,8.45,0.0821,43.690002,9.17,0
288891,180.45106474,1.77235908,0.01917,0.02103,1.83,0.4291,148.94,8.31,0
55009,180.17673147,-0.23113951,0.0806,0.08189,3.75,0.1281,149.35,10.79,0
548821,129.36323326,-0.46175759,0.10836,0.10942,0.3,0.545,130.18,11.31,3
760733,183.976149,0.08568213,0.04049,0.04171,1.71,0.5538,172.21,9.15,0
485740,217.18059845,-1.69808331,0.07347,0.07433,2.98,0.7444,147.69,10.46,3
570141,222.29101364,-0.6087928,0.02764,0.02835,2.67,0.3504,8.079987,8.48,1
371644,132.24732376,0.94206297,0.10486,0.10595,1.96,0.4871,146.75,11.12,1
218681,139.25054316,0.84407294,0.03801,0.03912,5.22,0.7477,47.399994,9.91,0
560114,179.3229878,-0.58047379,0.1084,0.10973,3.16,0.7968,64.67,11.22,1
71382,184.62741364,0.01323412,0.0213,0.02288,3.93,0.1909,34.449997,8.95,0
388390,139.85238872,2.57462744,0.05632,0.05745,3.04,0.4865,75.20001,9.52,0
71269,183.97349338,0.08162207,0.04051,0.04173,2.59,0.4795,152.45999,9.09,0
9115,184.9647231,0.81033712,0.03378,0.03499,2.88,0.7863,111.01,9.06,0
594364,219.83213233,-0.15888068,0.03769,0.03847,4.54,0.8163,84.09,9.19,0
560946,182.33178944,-0.52747095,0.03513,0.03636,4.43,0.3465,90.56,9.19,0
297835,217.38522212,1.45878693,0.0353,0.03612,2.4,0.1651,26.839996,8.88,0
492408,216.46431682,-1.4754683,0.05498,0.05584,3.38,0.5334,74.45001,9.42,0
107799,222.67427084,0.9323861,0.04307,0.0438,4.81,0.5851,77.350006,9.6,0
386286,131.34372137,2.1900553,0.00624,0.00684,7.76,0.2427,69.359985,8.22,0
583357,174.42596779,-0.04446562,0.02697,0.02822,4.19,0.6723,48.369995,8.83,0
30472,175.41751221,-1.21326591,0.02731,0.02856,3.1,0.593,119.39,8.98,0
383033,139.59121212,2.17020499,0.02749,0.02855,3.66,0.3118,138.45999,8.47,0
41075,184.14764777,-0.70979189,0.0209,0.02254,7.23,0.7946,157.16,8.51,0
62267,212.16394005,-0.36617213,0.07666,0.0776,2.91,0.0541,1.7099915,10.45,1
251893,220.91387586,1.91923042,0.05862,0.05939,9.96,0.8562,65.899994,10.27,0
297667,216.7624932,1.36271545,0.05585,0.0567,7.52,0.7474,21.36,10.22,0
179012,182.8071396,-1.93922392,0.03403,0.03526,5.33,0.2893,67.759995,9.79,0
347572,138.21498736,2.33195522,0.03838,0.03947,2.4,0.7265,69.75,8.64,0
40870,183.3534591,-0.63132002,0.07814,0.07941,2.86,0.7187,41.64,10.34,0
70117,178.5614033,0.01548673,0.05648,0.05775,4.21,0.6916,61.72,10.57,1
208558,129.50573508,0.08506503,0.08408,0.08512,1.95,0.1586,45.11,10.41,0
543763,212.75336877,-0.90392577,0.02592,0.02682,3.53,0.4911,81.75,8.49,0
551066,138.68185881,-0.62377849,0.05305,0.05417,5.54,0.2373,110.19,9.86,0
610997,182.86904161,0.37864827,0.02036,0.02206,5.48,0.2191,148.34,9.32,0
609190,174.12292367,0.22388332,0.04995,0.05122,4.6,0.1755,102.09,9.51,0
559541,177.55191965,-0.46262267,0.04763,0.04889,2.94,0.5331,95.36,9.59,0
373050,139.06897048,1.19233701,0.05458,0.0557,35.12,0.8082,54.829994,10.47,1
611108,183.36454008,0.29194946,0.08238,0.08365,3.99,0.0904,24.349998,10.42,0
592542,213.37638152,-0.12570045,0.02593,0.02682,2.54,0.3966,177.06,8.31,0
93829,222.54957976,0.54357653,0.03941,0.04014,7.8,0.7198,42.73001,10.32,0
375644,130.13434217,1.25515054,0.07707,0.0781,3.18,0.3917,67.2,10.47,1
537181,184.43007829,-0.86843032,0.08394,0.08521,4.36,0.2632,81.07001,10.32,0
21958,175.12164961,1.12685871,0.04075,0.04201,5.42,0.1938,133.39,8.87,1
273341,183.15425594,1.33505305,0.04785,0.04908,2.84,0.2055,23.51001,9.4,0
69653,175.85484663,0.01404033,0.01843,0.02037,6.61,0.3965,161.47,8.64,0
319022,213.34585908,1.86098091,0.04826,0.04915,2.36,0.6336,20.480011,9.6,0
382370,136.39137729,2.06562097,0.05146,0.05255,5.19,0.7531,53.45999,9.56,0
238369,214.14246706,1.62815374,0.05593,0.05682,4.48,0.7532,7.01001,10.18,0
230714,180.9759373,1.89125907,0.02451,0.02582,15.08,0.6699,133.74,10.18,0
239720,218.71756945,1.60375027,0.05582,0.05663,4.33,0.1953,47.300003,9.62,0
107650,221.555625,0.86605794,0.02889,0.02963,5.56,0.028,142.79001,9.79,0
54957,180.04176946,-0.41524584,0.07568,0.07697,2.93,0.5893,1.909996,10.6,0
559477,177.1511507,-0.52142813,0.02694,0.02819,4.76,0.3007,104.990005,8.65,0
460424,212.21231692,-1.60680387,0.02533,0.02626,3.17,0.6827,178.04999,8.87,0
543752,212.6363903,-0.84186283,0.02533,0.02625,9.1,0.4731,133.82,8.92,0
210105,136.67752225,0.15078487,0.07745,0.07857,4.67,0.3492,97.21,12.02,1
138065,180.71239054,-1.785948,0.02054,0.02223,5.77,0.63,160.12,9.49,0
535323,177.35065724,-0.87112422,0.08352,0.08483,3.92,0.754,7.1799927,10.54,0
371037,129.86251028,0.80888329,0.00661,0.00716,4.33,0.2936,154.70001,8.14,0
47939,215.17681902,-0.75270356,0.02975,0.03061,7.87,0.3674,103.05,9.17,1
216514,138.55705147,0.42757075,0.05306,0.05418,1.68,0.2123,34.23999,9.66,0
721024,136.05332228,1.81676781,0.10113,0.10227,0.76,0.7074,128.05,11.01,1
215166,132.97351056,0.58860398,0.05122,0.05227,5.05,0.861,42.23001,9.55,0
396607,174.34762034,1.56164626,0.04606,0.04732,4.72,0.6255,93.090004,10.41,0
623414,138.84569185,0.68156925,0.05292,0.05404,1.01,0.4579,152.55,9.58,0
15160,214.31495853,0.76415605,0.07771,0.07862,3.83,0.6009,30.479996,10.62,0
550431,135.55254773,-0.4320722,0.02433,0.02525,1.41,0.4501,178.98999,8.24,0
23746,182.8381624,1.06581736,0.04687,0.0481,2.68,0.3918,153.9,9.61,3
93750,222.22682256,0.46286372,0.03443,0.03517,4.4,0.5113,133.04001,9.82,0
16515,219.19697996,0.71758472,0.05761,0.05842,0.44,0.2757,162.98,9.75,0
372571,136.46368594,1.13359113,0.05434,0.05543,3.97,0.0468,124.41,9.66,0
585755,184.18922747,-0.10349214,0.04027,0.04149,5.09,0.6259,93.75,9.7,0
574310,135.12567884,-0.07070201,0.04187,0.04294,3.95,0.7736,144.38,9.0,0
204832,139.65673704,-0.31597758,0.05523,0.05637,2.75,0.0222,54.070007,10.07,0
99393,182.64714536,1.02874993,0.02012,0.02185,4.94,0.3745,79.26001,9.64,0
22345,177.22050661,1.05664576,0.04742,0.04868,6.98,0.105,85.17999,10.39,0
205158,140.67336202,-0.41677844,0.05866,0.05981,0.85,0.0892,103.07,9.47,0
365324,139.2696193,2.61000371,0.09096,0.09212,5.54,0.865,11.720001,10.33,0
210781,139.64823938,0.05988045,0.05542,0.05655,4.34,0.2407,92.03,10.22,0
376404,133.22363634,1.42424835,0.0507,0.05175,2.77,0.7889,10.059998,9.45,0
49204,220.02169794,-0.7225744,0.00626,0.00745,5.92,0.6912,97.65,7.79,0
289217,181.36635036,1.86136617,0.01637,0.0185,6.73,0.7687,178.64,8.57,0
569709,220.09704284,-0.56233855,0.00499,0.00601,3.36,0.2242,175.59,7.72,0
30784,176.72699023,-1.17039248,0.02727,0.02852,3.22,0.1835,66.78,8.36,0
106065,214.51342483,0.97595195,0.02545,0.02632,3.91,0.7071,132.09,8.34,0
567573,212.18304999,-0.573903,0.0542,0.05512,3.58,0.8136,152.23001,9.4,0
600562,136.37738211,0.41429739,0.09916,0.1003,2.25,0.577,10.119995,11.41,1
417392,130.39306525,2.18884647,0.02873,0.02971,2.66,0.5398,161.47,8.88,0
79710,222.7419792,0.09218814,0.04194,0.04267,3.04,0.3955,129.2,9.18,0
231670,184.97541433,1.9730193,0.01735,0.01939,4.84,0.5809,66.47,8.41,0
278878,134.11970923,0.8966243,0.05262,0.05368,6.68,0.8488,164.32,9.97,0
321199,221.90593559,1.75328942,0.03374,0.03448,2.99,0.7249,31.429993,8.87,0
220170,180.67876994,1.52609952,0.01796,0.01995,6.63,0.7565,8.660004,8.99,0
198584,140.06153236,-0.7248633,0.07023,0.07139,6.95,0.8436,40.740005,10.73,0
252074,221.9682299,1.80222596,0.02843,0.02915,5.08,0.4201,150.48001,8.58,0
561891,185.29543963,-0.50698146,0.03964,0.04085,6.7,0.6951,106.15,9.39,0
617425,211.51391682,0.34313654,0.05366,0.05459,1.86,0.5146,173.32999,9.91,0
370940,129.46612507,0.91594661,0.08423,0.08526,3.24,0.5524,100.25001,10.32,0
417504,131.4159511,2.28946064,0.07662,0.07767,3.79,0.1904,136.73999,10.35,0
536578,132.19064654,-0.13780161,0.05783,0.05888,4.81,0.8503,141.54999,9.66,0
138259,181.6629274,-1.76475455,0.05179,0.05304,6.46,0.4287,84.630005,10.19,0
198445,139.56400375,-0.74109994,0.06585,0.067,2.98,0.5052,84.110016,10.3,0
47258,212.02672651,-0.82122528,0.05199,0.05292,3.43,0.6358,99.08,10.28,0
136917,176.35593806,-1.73764451,0.02855,0.0298,2.95,0.4178,16.930008,9.11,0
345941,131.68892462,1.96163928,0.05153,0.05256,2.8,0.6407,64.16,9.43,0
239568,218.24303026,1.60472063,0.07133,0.07216,4.25,0.7687,33.73999,10.36,0
48723,218.36361365,-0.80061952,0.05558,0.0564,4.95,0.7979,130.06,9.9,1
238159,213.41023255,1.66138248,0.05419,0.05509,2.62,0.7639,18.880005,9.78,0
417978,134.41253637,2.3970417,0.05373,0.05479,2.4,0.4203,60.97,9.5,0
71146,183.25124564,0.04376154,0.02097,0.0226,8.47,0.3223,38.440002,9.15,0
380764,129.91055312,1.66254281,0.04954,0.05054,8.97,0.755,40.14,9.71,0
289427,182.25341733,1.6870839,0.01817,0.02015,4.13,0.3919,172.67001,9.16,0
371262,130.76358949,0.98177162,0.07061,0.07165,3.03,0.2785,48.61,10.85,0
463643,213.9640039,-1.30767713,0.0405,0.04139,4.64,0.2507,28.64,9.37,0
91919,214.2874311,0.60542097,0.05339,0.05428,2.11,0.5187,137.23999,9.43,0
570119,222.13517915,-0.57530968,0.04317,0.04392,5.85,0.4833,34.660004,9.56,0
325001,138.13322613,1.83494442,0.0554,0.05651,4.94,0.8405,69.0,9.45,0
15510,215.7835696,0.76934323,0.05451,0.05537,8.6,0.867,39.869995,10.15,0
574692,136.73746951,-0.12355013,0.01886,0.01966,4.39,0.3653,156.92,9.31,0
240227,221.25093104,1.40853686,0.03384,0.03459,7.21,0.2358,35.009995,10.16,0
84981,180.3265763,0.54008367,0.0771,0.07838,3.2,0.5082,40.949997,10.38,0
372105,134.36449907,1.14555092,0.06993,0.07101,3.51,0.5729,161.9,10.39,0
534625,174.16917881,-0.88755464,0.04593,0.0472,0.62,0.1431,101.79001,10.02,1
289194,181.28790693,1.84601552,0.01983,0.02159,5.08,0.2046,111.84,8.99,0
610474,180.39355802,0.34747847,0.03861,0.03985,2.82,0.2424,152.39,10.01,0
319398,214.35473014,1.95501588,0.05457,0.05545,2.4,0.5529,90.48,9.94,0
319150,213.62262429,1.8126302,0.02544,0.02633,1.9,0.3778,68.200005,8.56,0
107812,222.7840696,0.88490332,0.06349,0.06424,4.61,0.3176,159.62,10.44,0
70801,181.52183479,0.05888652,0.07811,0.07939,2.63,0.4889,45.83,10.69,1
543543,211.92157993,-0.96168437,0.05596,0.05689,0.89,0.4829,109.7,9.94,0
517308,131.72519421,2.50147579,0.0282,0.02918,4.87,0.0825,124.92,9.83,1
585625,183.74395576,-0.07660287,0.07461,0.07587,2.77,0.7481,57.550003,10.6,0
86120,185.33907247,0.62009388,0.07873,0.07999,4.34,0.6478,120.189995,10.82,0
214184,129.00640444,0.43807939,0.03322,0.0342,9.58,0.63,92.75,10.56,0
386722,133.66016096,2.32098615,0.0514,0.05245,2.37,0.3825,28.369995,10.29,0
535642,178.92421484,-0.88665259,0.07686,0.07815,1.06,0.6907,73.630005,10.31,0
396615,174.36234325,1.53514358,0.04572,0.04698,4.3,0.3677,14.810005,10.52,0
288724,179.93637626,1.82977183,0.07723,0.07851,2.54,0.389,116.0,10.87,0
543911,213.33322784,-1.02677171,0.07036,0.07128,2.75,0.5845,69.98001,10.47,0
548954,129.72287337,-0.59026416,0.08056,0.0816,2.34,0.274,78.08002,10.7,0
492231,215.45159851,-1.39188341,0.08376,0.08466,2.88,0.4886,106.77,10.73,0
65406,223.04597024,-0.25610106,0.04325,0.04398,8.16,0.1509,82.89,11.0,0
220066,180.40039726,1.56862905,0.09092,0.09222,0.95,0.6733,141.45999,10.4,1
518782,138.01527721,2.8758561,0.0256,0.02658,12.29,0.5145,83.95999,10.2,0
145267,183.70060654,-1.34593655,0.03172,0.03294,1.96,0.4732,44.26999,9.12,0
219963,179.78288781,1.64353087,0.07892,0.0802,5.53,0.7295,135.67001,10.59,0
272967,181.57641865,1.39011905,0.0778,0.07908,1.35,0.1551,65.89,10.38,0
346894,135.44724416,2.04232907,0.05732,0.0584,1.33,0.6093,122.77,10.47,0
70903,182.09798461,0.11026998,0.04082,0.04205,4.25,0.0835,138.96,10.61,0
209807,135.02105889,0.07966572,0.05386,0.05494,3.48,0.2513,5.970001,10.81,0
54381,177.8699237,-0.21449903,0.05964,0.06092,3.58,0.3497,95.14,10.52,0
64804,220.23483992,-0.31821408,0.00575,0.00689,30.6,0.6728,97.770004,10.71,4
618993,217.69176084,0.24767839,0.05442,0.05525,8.8,0.5728,5.580002,10.91,0
228615,217.97848818,1.21662977,0.10885,0.10972,4.8,0.242,137.34,10.95,0
622434,133.41364991,0.75817393,0.04116,0.0422,6.83,0.3761,16.36,10.66,0
144363,179.799835,-1.30090413,0.08138,0.08268,4.13,0.147,20.190002,10.81,0
486203,218.87586715,-1.75346614,0.08871,0.08955,0.85,0.2249,85.56,10.63,0
320339,218.00163248,1.72224417,0.10937,0.11024,2.66,0.5587,143.21,11.07,0
138910,184.77429867,-1.67640114,0.10337,0.10466,2.06,0.0748,116.909996,11.14,1
372137,134.50308928,1.14239851,0.09315,0.09426,1.36,0.1647,8.82,10.63,0
298484,220.10938999,1.25839888,0.07768,0.07848,1.85,0.0982,53.14,10.86,0
99428,182.76693192,0.97233591,0.02042,0.02211,16.96,0.069,94.74,10.84,0
610162,179.02841749,0.40391069,0.07833,0.07962,4.4,0.75,106.6,10.36,0
600929,138.06173143,0.31179163,0.05349,0.0546,4.89,0.219,28.990005,10.64,0
376841,135.42016936,1.43529789,0.05229,0.05337,0.81,0.1198,83.04999,9.45,0
536237,181.22035181,-0.94555189,0.08258,0.08387,0.75,0.1076,107.340004,10.33,0
486873,221.90529318,-1.76513713,0.08332,0.0841,4.36,0.2284,64.61,10.89,0
508225,216.32141729,-1.52681015,0.07379,0.07467,1.36,0.557,4.380005,10.3,0
618938,217.43825051,0.25304866,0.05636,0.0572,2.48,0.4876,69.490005,10.64,0
508568,217.44603062,-1.57580049,0.05689,0.05773,2.77,0.7311,123.41,10.3,0
136875,176.31965167,-1.73263542,0.10646,0.1078,2.97,0.2259,43.03,10.91,0
543746,212.64100754,-0.98835255,0.05407,0.05499,5.55,0.4088,86.240005,10.75,0
92592,216.9740069,0.56960364,0.08531,0.08618,3.45,0.3618,80.08002,11.06,0
347432,137.71158282,2.30149001,0.0548,0.0559,5.45,0.5464,145.6,11.12,0
508523,217.21649856,-1.54393832,0.08985,0.09072,2.39,0.4249,90.54,10.38,0
569165,217.92168649,-0.48512971,0.09283,0.09369,2.41,0.3893,131.0,10.55,0
492690,217.91036121,-1.35134352,0.03022,0.03103,2.02,0.2411,35.42,10.23,0
491996,214.21304171,-1.3833675,0.07739,0.0783,3.72,0.5294,14.599998,10.54,0
31525,180.04340865,-1.1016927,0.04705,0.0483,4.52,0.1398,105.26,9.98,0
7203,176.12184008,0.76703506,0.09317,0.09449,3.34,0.4449,123.15,10.37,0
561020,182.57448698,-0.51789345,0.0349,0.03612,13.37,0.5975,170.03,10.88,0
273843,185.46221395,1.35151789,0.07928,0.08053,3.02,0.4376,122.759995,10.83,0
229002,219.69284757,1.11603413,0.08266,0.08348,8.9,0.202,38.630005,11.32,0
535764,179.27645392,-0.97719608,0.07703,0.07832,4.36,0.0627,81.64001,11.18,0
210611,138.9173284,0.18556544,0.07037,0.07151,2.86,0.3365,69.66,10.51,0
544418,215.57371657,-0.91518697,0.03189,0.03274,1.58,0.01,129.23999,9.22,0
485926,217.81284275,-1.78405522,0.05281,0.05364,2.71,0.4305,31.180008,10.0,0
136841,176.27655546,-1.6691871,0.02761,0.02886,6.05,0.4481,104.44,10.48,0
298483,220.0387847,1.33957333,0.08474,0.08555,6.41,0.4422,117.490005,10.71,0
345852,131.3270684,2.08383984,0.07858,0.07963,1.67,0.0159,24.279999,10.65,0
296795,213.40881465,1.44630257,0.0804,0.08132,3.89,0.0838,100.95999,10.91,0
99206,181.71866958,0.97300531,0.11204,0.11336,2.96,0.2175,97.729996,10.96,0
544614,216.28089882,-1.04698479,0.1038,0.1047,3.92,0.0832,57.729996,11.22,0
569300,218.69911683,-0.62842764,0.10678,0.10764,3.51,0.1037,5.5599976,11.17,0
508142,216.12253789,-1.55823425,0.09115,0.09204,3.36,0.4566,23.89,10.67,0
425768,129.68112918,2.92544191,0.08176,0.08279,5.62,0.483,39.5,11.15,0
178190,179.56350052,-1.89153607,0.01884,0.02078,8.44,0.5271,81.33002,10.27,0
238922,215.7872446,1.67158066,0.02618,0.02702,6.33,0.1972,127.53,10.74,0
144122,178.92954679,-1.4020164,0.08239,0.08369,2.18,0.1662,16.960007,10.63,0
84743,179.6870637,0.58907585,0.09538,0.09669,4.22,0.0428,165.75,11.1,0
8487,182.63585758,0.67750104,0.02024,0.02196,8.0,0.2416,79.20001,10.59,0
47192,211.69329528,-0.78808263,0.10977,0.11075,7.51,0.2799,69.14,10.91,0
592272,212.37443889,-0.1575726,0.09354,0.0945,2.46,0.2899,69.490005,10.85,0
620124,223.34886855,0.36427695,0.04479,0.04551,7.8,0.4699,35.29001,9.93,0
30347,174.7582423,-1.10850251,0.07945,0.08076,2.32,0.6727,175.11,10.38,0
323328,131.40283799,1.66952573,0.0504,0.05142,2.75,0.1663,148.15,9.97,0
611303,184.3997094,0.39664424,0.09247,0.09375,3.5,0.4569,46.809998,10.61,0
220394,181.41942584,1.59349099,0.02053,0.0222,5.56,0.1226,87.630005,10.3,0
545903,221.64347888,-0.8495652,0.04166,0.04242,3.83,0.5688,94.15,10.75,0
220508,181.80454343,1.54266663,0.07743,0.0787,1.91,0.0604,86.20001,10.37,0
568221,214.38906848,-0.48507056,0.08364,0.08455,2.86,0.4405,125.91,10.72,0
300658,130.29029497,1.02710829,0.08482,0.08587,2.23,0.2383,87.20999,10.74,0
70088,178.39461838,0.1779545,0.08254,0.08384,1.65,0.139,79.73999,10.49,0
345820,131.24559559,2.05165301,0.05091,0.05193,1.94,0.2758,3.730011,10.26,0
278771,133.61319571,0.92091062,0.04126,0.04231,0.95,0.104,71.16,8.85,0
78590,217.76336024,0.15993101,0.079,0.07985,2.32,0.7325,18.61,10.32,0
485836,217.60164239,-1.76690966,0.05647,0.05731,3.95,0.6708,142.98,10.46,0
7946,179.93476301,0.63536903,0.10295,0.10427,2.86,0.1931,85.07001,10.92,0
324349,135.71441614,1.68111331,0.05699,0.05808,4.79,0.1262,21.5,10.87,0
220876,183.69333065,1.59650915,0.08295,0.08422,2.27,0.5719,2.0599976,10.75,0
423784,137.7138747,2.97707473,0.02629,0.02728,12.32,0.7745,34.479996,10.89,0
381227,131.8021061,1.81026441,0.05044,0.05147,1.17,0.3959,88.84,9.43,0
63997,217.74366722,-0.30306246,0.09334,0.0942,5.01,0.1901,37.339996,11.06,0
610571,180.79132486,0.31924822,0.08652,0.08781,2.54,0.0511,29.419998,10.77,0
64787,220.11650985,-0.3044111,0.10852,0.10935,1.99,0.6299,102.18,10.9,0
372076,134.1763266,1.03737115,0.08816,0.08926,2.08,0.4554,150.89,10.7,0
203056,132.31790186,-0.22181464,0.04713,0.04817,10.53,0.5773,2.0999985,9.45,1
497035,213.80153129,-1.1285437,0.07684,0.07776,4.43,0.3694,25.899994,11.2,0
496997,213.25522877,-1.12410022,0.07687,0.0778,4.93,0.264,5.549988,11.06,0
185863,182.07893983,-1.4665707,0.02439,0.02572,1.82,0.196,66.47,8.91,0
79014,219.67098858,0.17861915,0.10476,0.1056,1.68,0.0737,62.12999,11.4,1
493288,220.23040493,-1.41007732,0.10677,0.1076,5.93,0.3964,140.81,11.3,0
507721,214.31787488,-1.58923728,0.07722,0.07813,5.04,0.0441,127.270004,11.39,0
323124,130.43127153,1.53052697,0.04998,0.05099,14.66,0.4728,44.37001,11.28,1
215160,132.92163046,0.57247878,0.0511,0.05215,2.07,0.3432,34.23999,10.34,0
39671,177.91321208,-0.65447039,0.0405,0.04175,1.23,0.089,153.68,9.51,0
279932,140.00904514,1.03829461,0.01703,0.01797,22.3,0.3069,16.699997,11.0,0
559057,175.4447144,-0.51804704,0.10652,0.10786,9.72,0.3158,136.71,11.47,0
92773,217.44493793,0.42414861,0.05428,0.05512,3.59,0.0284,42.300003,10.85,0
230903,181.56980192,1.86711023,0.07712,0.07839,1.07,0.5953,152.92,10.33,0
345758,131.02693494,1.89640977,0.07681,0.07785,4.19,0.1501,164.2,11.2,0
271482,174.46116788,1.2578878,0.11039,0.11173,3.96,0.1399,114.61,11.58,0
396834,175.13243002,1.43578368,0.07701,0.07831,2.68,0.5684,154.51999,10.56,0
41172,184.53937663,-0.74758408,0.08392,0.08519,3.04,0.3883,34.28,10.65,0
484655,211.88864179,-1.97103007,0.05647,0.0574,2.95,0.5443,166.67,10.1,0
319400,214.39161251,1.9369163,0.04992,0.0508,5.59,0.7163,174.04999,10.37,0
98067,176.04453678,1.03493091,0.09296,0.09428,3.06,0.1027,142.18001,10.74,0
251268,218.00389726,1.97246813,0.08761,0.08846,3.24,0.4555,101.57001,10.87,0
290323,185.52172082,1.81183953,0.0851,0.08636,3.43,0.4374,158.76001,10.9,0
508073,215.84629905,-1.72311122,0.0921,0.093,4.95,0.4761,107.17,10.95,0
568713,216.14448628,-0.43012892,0.08407,0.08495,2.78,0.036,61.86001,10.51,0
272833,181.01475603,1.37358943,0.08251,0.08379,4.44,0.2729,48.270004,10.92,0
402564,175.94587722,1.91195358,0.07517,0.07646,8.9,0.2258,147.29999,10.52,0
220467,181.75978433,1.51042732,0.08334,0.08462,2.81,0.3202,125.380005,10.77,0
228890,219.32328412,1.20371196,0.03055,0.03133,3.87,0.1169,63.899994,10.52,0
383147,140.07791018,2.18366672,0.089,0.09017,4.3,0.3438,161.44,11.19,0
230289,179.14617512,1.91338707,0.07963,0.08092,2.0,0.3953,125.92999,10.78,0
228182,216.46283341,1.16899775,0.08622,0.0871,28.34,0.5874,154.20001,11.06,1
610129,178.91612985,0.36984468,0.0651,0.06638,2.61,0.1641,48.070007,10.57,0
570206,222.76246336,-0.52708988,0.04307,0.04381,5.83,0.4524,6.950012,10.5,0
619637,220.74269534,0.26898942,0.02905,0.02981,3.26,0.33,142.86,10.26,0
62239,211.97225913,-0.32437332,0.05315,0.05408,7.53,0.0823,24.790009,10.89,0
373163,139.71577409,1.24279017,0.08759,0.08876,4.3,0.1463,7.4599915,10.82,0
297762,217.16979766,1.42004466,0.11357,0.11445,4.69,0.2382,14.239998,11.25,0
535014,176.17063306,-0.95350352,0.07987,0.08118,5.58,0.1433,40.630005,11.03,0
210230,137.1699957,0.19596984,0.05865,0.05976,3.21,0.6323,85.91,10.63,0
55097,180.49182664,-0.32006537,0.094,0.09531,4.91,0.0359,5.899994,11.18,0
387553,136.81124288,2.44269688,0.05142,0.05251,3.7,0.0794,70.94,10.84,0
70022,178.02230766,0.07408833,0.05989,0.06116,4.09,0.0519,147.05,10.94,0
381896,134.4123588,1.81916721,0.05318,0.05425,18.71,0.6305,119.17,11.18,1
271426,174.18498813,1.30144311,0.07469,0.07599,10.27,0.3721,139.41,10.84,0
508981,219.18576957,-1.45083401,0.08548,0.08631,2.91,0.4191,162.14,10.63,0
493904,222.8925339,-1.13402254,0.07726,0.07802,1.15,0.3784,172.81999,10.6,1
98439,178.08336051,0.87118351,0.05934,0.06061,45.38,0.5382,8.839996,11.63,1
39149,175.44764444,-0.77463219,0.09342,0.09475,4.45,0.3619,145.99,10.57,0
545924,221.8230228,-0.97600951,0.03469,0.03544,3.44,0.3869,166.76999,8.69,0
585584,183.51649501,-0.06964999,0.02099,0.02261,6.96,0.6378,53.329987,10.09,0
8953,184.44472068,0.64200147,0.08209,0.08336,2.36,0.0436,93.97,10.84,0
79075,219.98178759,0.19245376,0.07143,0.07224,2.39,0.1271,83.2,10.35,0
278759,133.64067505,0.91877752,0.10676,0.10787,4.19,0.0611,47.78,10.94,1
583723,176.31667533,-0.19882604,0.09324,0.09456,7.1,0.1144,6.7099915,11.2,0
297053,214.51297981,1.47079405,0.05489,0.05577,5.67,0.2376,82.90001,10.6,0
39742,178.04147813,-0.79285135,0.02654,0.0278,7.93,0.592,161.95001,8.29,0
238205,213.60888364,1.77008963,0.05467,0.05557,2.4,0.0972,159.28,9.55,1
491960,214.19826727,-1.34911657,0.04927,0.05016,7.47,0.2893,92.14,10.71,0
620092,223.22713097,0.29122896,0.04351,0.04424,877.98,0.7376,137.08,10.14,0
372990,138.63567168,1.23729649,0.05568,0.0568,12.87,0.598,90.24,10.22,2
537226,184.53696196,-0.97925459,0.07443,0.07569,0.9,0.3192,72.729996,11.09,0
594986,222.81599449,-0.16326804,0.04276,0.04349,5.09,0.7415,4.2900085,10.23,0
16026,217.53450615,0.70349884,0.05379,0.05462,2.12,0.6311,156.75,10.23,0
79813,223.19981442,0.03309132,0.04439,0.04512,5.0,0.5666,111.80001,9.54,0
92779,217.45821597,0.4295946,0.0547,0.05554,2.13,0.5235,169.2,9.8,0
227036,211.82816809,1.28195925,0.03475,0.03566,5.29,0.3863,20.419998,9.56,0
512204,218.06243064,-1.17294115,0.03607,0.03689,9.63,0.8446,167.42,10.06,0
196834,132.88194584,-0.73606496,0.04289,0.04393,1.31,0.6779,163.45001,8.98,0
85020,180.50255068,0.58294471,0.07818,0.07946,2.13,0.1119,67.23999,10.35,0
23075,180.14910745,1.20629991,0.04886,0.05011,3.83,0.5797,169.7,10.38,0
63281,215.26154492,-0.36728724,0.05497,0.05585,3.54,0.2058,71.91,9.66,0
585359,182.47119622,-0.0160222,0.03526,0.03648,6.48,0.5596,177.94,10.32,0
550586,136.34061717,-0.47922208,0.02767,0.0287,2.53,0.3152,77.37,8.59,0
422753,132.30389875,2.61498008,0.0585,0.05954,5.78,0.7954,19.440002,10.48,1
106389,215.90105241,1.00760341,0.04009,0.04094,5.95,0.7866,63.630005,10.2,0
22175,176.32034453,1.22731822,0.02822,0.02946,5.54,0.5457,174.17,8.73,0
622744,134.82995023,0.79776379,0.01323,0.01398,5.39,0.4586,49.880005,9.16,0
176955,174.94288989,-1.87526458,0.05811,0.0594,7.05,0.3385,69.67,10.62,0
521636,130.12953369,2.67853973,0.06713,0.06815,5.83,0.0108,8.530006,10.45,0
610893,182.35566604,0.30819031,0.0201,0.02184,8.09,0.5997,90.93001,8.91,0
238131,213.39950594,1.73627399,0.02561,0.0265,3.39,0.5578,22.970001,9.13,0
492782,218.26591103,-1.40224012,0.03351,0.03432,5.73,0.5184,55.869995,8.91,0
386226,130.62839184,2.13463481,0.07428,0.07532,6.08,0.2521,156.11,10.4,0
16310,218.27027461,0.82323257,0.02896,0.02976,3.27,0.7083,19.979996,8.2,0
23037,179.98267464,1.16037075,0.07838,0.07966,3.99,0.3929,22.169998,10.49,0
586599,185.54664936,-0.14571571,0.07337,0.07462,4.6,0.1767,3.5300064,10.59,0
485651,216.88566395,-1.71079746,0.05495,0.0558,4.28,0.3901,66.950005,9.84,0
16926,220.94265849,0.71789615,0.05036,0.05113,2.47,0.627,33.95999,10.29,0
463288,212.4848106,-1.24004557,0.02469,0.02563,7.26,0.3176,133.47,9.74,0
298593,220.60094599,1.33136309,0.04897,0.04974,0.9,0.2624,88.7,9.44,0
17314,223.04204401,0.78398629,0.04325,0.04398,4.05,0.3845,141.53,10.41,0
298666,221.03607224,1.19526768,0.02795,0.02869,9.78,0.6233,8.020004,10.2,0
64984,221.03406046,-0.28226344,0.05767,0.05845,4.17,0.3022,58.03,9.65,0
319497,214.70223834,1.85433398,0.0545,0.05538,3.04,0.5834,171.34,9.79,0
288851,180.36180612,1.74042954,0.078,0.07928,8.63,0.686,163.83,11.19,0
491508,212.16110627,-1.46876469,0.05492,0.05585,3.14,0.3545,4.4000015,10.61,0
521532,129.83146298,2.79559452,0.05848,0.05949,3.75,0.2037,91.2,9.55,0
418725,137.49655406,2.73347826,0.03782,0.0389,2.72,0.1168,32.089996,10.28,0
49706,222.15679827,-0.77733252,0.04278,0.04353,1.35,0.3908,138.29999,8.81,0
561502,183.83940068,-0.60585836,0.07552,0.07679,4.01,0.7985,105.759995,10.72,0
49167,219.95832484,-0.71816512,0.00584,0.00699,39.25,0.6298,58.449997,8.65,4
419574,140.51954876,2.76241652,0.08662,0.08779,1.7,0.4538,24.069992,10.49,0
567678,212.83456679,-0.49744635,0.02517,0.02609,2.69,0.5582,60.36,9.44,0
574029,131.07729226,-0.0492133,0.05144,0.05247,2.8,0.2321,62.579987,10.04,0
23519,181.78338383,1.07722864,0.02125,0.02284,3.59,0.1557,49.73001,8.39,0
238510,214.57243375,1.74281375,0.05536,0.05624,1.39,0.3576,72.100006,9.5,0
325376,140.12389715222224,1.84816377,0.01682,0.01775,3.34,0.3143,21.939995,8.41,5
536894,183.25257198,-0.93859346,0.07517,0.07644,5.66,0.0386,109.37,10.88,0
186380,184.25793444,-1.47977084,0.02042,0.02212,2.36,0.3114,32.690002,8.93,0
548837,129.38746974,-0.46439918,0.08004,0.08107,3.26,0.6786,69.56,10.43,0
568353,214.81212544,-0.42599059,0.05178,0.05266,1.88,0.4037,32.690002,9.42,0
178197,179.57619848,-1.95879054,0.02074,0.02241,4.53,0.2946,2.1600037,10.07,0
23259,180.96362386,1.13035586,0.08262,0.0839,7.45,0.8459,89.850006,10.52,0
345391,129.34821718,1.85750236,0.03181,0.03279,6.1,0.5498,63.44998,11.2,1
177143,175.90043871,-1.97504167,0.04798,0.04925,3.64,0.3806,30.100006,10.44,0
572402,134.44715761,-0.19996073,0.02827,0.0293,5.33,0.0913,115.76,10.32,0
136302,174.44548211,-1.76901849,0.07772,0.07903,5.89,0.2277,38.490005,10.34,0
48265,216.44337374,-0.83669746,0.01331,0.0148,3.61,0.2846,147.12,8.38,0
92818,217.72296508,0.46284661,0.01347,0.0149,4.91,0.6011,69.96001,8.33,0
300615,130.23094393,1.16275772,0.08491,0.08595,3.08,0.678,147.63,10.65,0
69740,176.35955907,0.00402301,0.01321,0.01554,5.51,0.58,35.51001,9.59,0
514024,214.05655622,-1.33252288,0.07739,0.07831,4.91,0.6636,98.51,10.75,0
209678,134.47609059,0.13538563,0.05267,0.05374,2.2,0.6589,144.43001,9.68,1
380698,129.58286066,1.73615901,0.07291,0.07393,3.46,0.5867,59.440002,10.82,0
230793,181.12279847,1.93997181,0.0173,0.01935,4.51,0.5543,107.899994,9.73,0
567450,211.65158455,-0.48331217,0.09,0.09096,4.3,0.5129,133.7,10.43,0
143918,178.20696723,-1.25366683,0.02864,0.02988,2.43,0.5458,86.84,9.98,0
521410,129.37415412,2.8120528,0.08217,0.08319,1.71,0.7232,56.45999,10.63,0
619094,218.06745022,0.3801501033333333,0.0351,0.03591,6.03,0.5263,20.599998,9.63,5
376587,134.29867527,1.40972586,0.05296,0.05403,2.62,0.7152,178.83,10.03,0
486099,218.53099258,-1.70451684,0.05669,0.05751,7.24,0.3225,35.36,9.55,0
251786,220.3949036,1.91696443,0.07249,0.07328,1.4,0.3103,114.58,10.43,1
422768,132.25290986,2.78768361,0.02868,0.02968,6.82,0.5351,167.65001,8.94,1
493834,222.70626964,-1.24330182,0.03456,0.03529,2.43,0.685,56.26001,10.23,1
145041,182.63406759,-1.31426225,0.03427,0.0355,4.12,0.3871,74.48999,10.58,0
98912,180.41728255,0.86075384,0.11062,0.11194,3.37,0.6053,81.57001,11.01,0
610436,180.17650123,0.36842273,0.07993,0.08122,1.47,0.496,146.3,10.82,0
136894,176.30482406,-1.8049104,0.02735,0.0286,10.64,0.2004,154.0,8.71,0
8075,180.52341403,0.66142715,0.07832,0.0796,2.8,0.5449,153.85,10.83,0
463146,211.64488957,-1.21979608,0.05913,0.06007,3.3,0.8257,25.640015,10.59,0
492687,217.87078706,-1.44350396,0.09162,0.09248,2.69,0.6539,88.06,10.43,0
380697,129.58584589,1.73254222,0.0733,0.07432,2.98,0.2922,0.33999634,10.99,0
92683,217.20616405,0.62545319,0.0513,0.05214,2.52,0.4264,9.600006,9.59,0
594790,221.70823779,-0.19296962,0.08014,0.08092,6.13,0.1077,41.699997,10.56,0
382362,136.38581099,2.03944576,0.05188,0.05297,3.71,0.323,98.42999,10.61,0
493799,222.42628787,-1.18880541,0.04189,0.04263,1.02,0.5386,57.449997,8.64,0
372374,135.4779428,1.17196309,0.01937,0.0201,8.34,0.587,52.51999,9.28,0
574122,131.58166222,-0.0959786,0.05216,0.05319,7.69,0.7367,119.94,9.62,0
574930,137.79059682,-0.07331528,0.0929,0.09405,4.67,0.267,96.83,10.64,1
30700,176.56382042,-1.09612706,0.07898,0.08029,4.37,0.0322,135.29001,10.66,0
522258,134.41469841,2.98761637,0.01243,0.01313,7.2,0.2574,47.299988,9.3,0
599846,132.8101457,0.30373603,0.05228,0.05333,4.05,0.7514,80.73999,10.24,0
47224,211.86054777,-0.74540349,0.03529,0.0362,1.48,0.4017,101.329994,9.16,0
220450,181.5130327,1.55494822,0.01971,0.02149,4.81,0.515,28.320007,8.33,0
517802,133.76902216,2.68481103,0.05839,0.05945,7.64,0.8597,60.270004,10.04,0
618116,214.40554601,0.32909915,0.05112,0.052,5.76,0.2688,95.740005,10.25,0
594490,220.26336838,-0.1891921,0.07976,0.08057,2.46,0.4576,156.82,10.4,0
229065,220.0452698,1.08582877,0.0824,0.08321,4.42,0.5247,151.52,10.45,0
252030,221.80588236,1.89541475,0.03454,0.03528,2.89,0.6828,82.140015,8.75,0
64937,220.7507843,-0.38340634,0.00513,0.00616,16.98,0.4459,53.380005,8.36,0
145073,182.65821201,-1.33734504,0.03432,0.03555,2.86,0.5603,119.18,9.32,0
239490,217.99756757,1.58139943,0.02977,0.03057,5.66,0.191,174.20999,9.21,0
273301,183.07920634,1.26945288,0.07908,0.08035,2.1,0.5763,119.97,10.36,0
369144,138.56310989,0.87910759,0.05522,0.05634,5.99,0.427,35.64,9.61,0
509723,222.61889244,-1.510815,0.05346,0.05421,3.96,0.5167,123.21001,10.08,0
9064,184.81744407,0.64815974,0.02158,0.02313,6.39,0.5628,154.17,9.14,0
229097,220.18233995,1.03376107,0.03439,0.03516,3.97,0.395,25.18,9.68,0
204799,139.4616861,-0.27847945,0.01737,0.0183,17.32,0.7068,64.41,10.36,0
296742,213.20534699,1.48923017,0.01781,0.01922,3.4,0.461,117.96,9.15,0
63855,217.29079067,-0.351682,0.03501,0.03584,6.75,0.1295,112.619995,9.56,0
319457,214.5409488,1.86789091,0.05318,0.05406,2.54,0.6543,62.339996,9.59,0
402898,177.930413,1.9912852,0.07752,0.07881,7.72,0.2402,95.43,10.86,0
417403,130.49355957,2.18919327,0.032,0.03299,7.46,0.3547,50.929993,8.79,0
55367,181.79334172,-0.25958967,0.02216,0.02366,6.71,0.3037,137.21,8.4,0
16429,218.65632464,0.66303607,0.0306,0.0314,2.06,0.4789,145.11,9.34,0
238094,213.24190684,1.71251992,0.02593,0.02682,7.78,0.5309,156.65,9.17,0
296689,212.86361945,1.45481151,0.08469,0.08562,3.37,0.6207,84.95999,10.54,0
376178,132.34201787,1.42259949,0.03428,0.0353,10.99,0.8787,114.86,9.41,1
325536,140.98395594,1.83442423,0.05072,0.05186,6.66,0.7796,72.42001,10.34,0
78791,218.64908598,0.07552206,0.02662,0.0274,2.94,0.6899,81.380005,9.27,0
8319,181.73802382,0.66292676,0.00447,0.00639,11.72,0.2865,178.23001,7.49,0
319853,216.02295255,1.79940418,0.05536,0.05622,2.47,0.7817,143.51001,9.86,0
273343,183.25387939,1.34689211,0.03687,0.03809,1.33,0.4313,48.17,8.64,0
136783,176.05256621,-1.83998565,0.10655,0.10789,5.39,0.2278,90.27001,11.09,0
78523,217.50188872,0.2072006,0.05602,0.05686,3.15,0.7645,162.04,10.12,0
516955,129.9438983,2.40185511,0.0349,0.03589,1.91,0.3068,40.710007,8.95,0
227290,212.85395707,1.25320212,0.0255,0.0264,2.75,0.0914,89.94,8.86,0
288999,180.96637637,1.83607744,0.01901,0.02089,4.16,0.277,44.020004,9.1,0
610970,182.68298035,0.37032747,0.07879,0.08006,2.3,0.4247,68.08,10.31,0
372567,136.42497962,1.13970141,0.05249,0.05358,1.91,0.3897,118.98,9.66,0
47251,211.96031073,-0.79998225,0.05402,0.05495,1.61,0.5504,51.809998,9.51,0
47493,213.10354599,-0.83202401,0.02594,0.02683,2.75,0.303,53.59001,9.61,0
376001,131.63040725,1.48336357,0.05124,0.05227,2.41,0.0721,104.770004,10.25,0
288939,180.80348184,1.85687486,0.03343,0.03465,6.63,0.6293,15.059998,8.86,0
592805,214.0716564,-0.15700288,0.08369,0.08461,2.43,0.2864,119.01,10.69,0
185282,179.79154972,-1.55396141,0.052,0.05326,4.25,0.1795,23.589996,10.11,0
370997,129.74054739,0.95970311,0.08538,0.08642,4.75,0.2732,164.47,10.9,0
79301,221.01455231,3.147E-5,0.03385,0.03461,5.77,0.7162,65.55,9.86,0
372141,134.53607502,1.01612759,0.06927,0.07036,3.42,0.6785,107.4,10.52,0
63237,215.08172822,-0.29471279,0.05171,0.05259,2.14,0.2049,105.32001,9.53,0
346842,135.24349126,2.1944591,0.05774,0.05882,8.37,0.8546,36.679993,10.04,0
296859,213.7086597,1.5074082,0.05222,0.05311,3.23,0.5277,52.67,9.51,0
209742,134.78731606,0.11748243,0.10504,0.10617,1.86,0.8297,122.1,11.76,1
278865,133.99160854,0.85936503,0.04116,0.04221,2.01,0.4831,130.81,8.98,0
509727,222.64368146,-1.49045357,0.04409,0.04483,3.47,0.5362,106.68,9.2,0
209204,132.27123559,0.06229894,0.04267,0.0437,2.41,0.1165,110.97,8.7,0
208781,130.16662503,0.15007598,0.02459,0.02541,5.34,0.8182,140.84999,8.45,0
508094,215.96040998,-1.53172253,0.09074,0.09164,1.36,0.3411,68.2,11.37,1
550677,136.77411282,-0.54065304,0.0276,0.02864,5.4,0.6021,49.910004,8.94,0
278843,133.90314131,0.9207065,0.0518,0.05286,2.3,0.6809,2.0400085,9.47,0
620012,222.76247502,0.39022802,0.05593,0.05667,3.56,0.7546,166.04,9.73,0
600877,137.78698395,0.31139847,0.07009,0.07122,8.95,0.7829,3.7400055,10.81,0
203684,134.79004656,-0.27214031,0.04186,0.04293,3.85,0.458,16.39,9.19,0
423186,134.28374673,2.9318285,0.01334,0.01402,4.43,0.1682,91.25,8.19,6
507715,214.28274402,-1.75921359,0.07732,0.07823,7.58,0.7498,135.73001,10.43,0
517595,133.00726623,2.54907547,0.02833,0.02933,3.41,0.7573,76.79999,8.52,0
106401,215.87259256,1.01966268,0.03979,0.04064,2.6,0.7784,87.91,8.73,0
622566,133.92910146,0.73636621,0.02873,0.02976,3.19,0.6968,150.05,8.42,1
41307,185.37413998,-0.71078143,0.03977,0.04098,5.26,0.5089,127.53,8.9,0
273956,185.9160281,1.32375938,0.02644,0.02765,7.57,0.6325,89.350006,9.98,0
610700,181.41440627,0.40847358,0.02111,0.02272,5.33,0.5053,172.91,8.63,0
106411,215.96044692,1.00433143,0.07425,0.07513,3.4,0.4745,124.880005,10.3,0
8007,180.23508637,0.79309201,0.08132,0.08261,3.17,0.6714,47.23999,10.48,0
39039,174.85655929,-0.81990261,0.02889,0.03014,6.77,0.2913,118.25001,10.95,1
386928,134.59175023,2.34444759,0.111,0.11212,98.46,0.4726,44.020004,11.3,1
221283,185.52499253,1.57697401,0.09067,0.09194,3.53,0.0984,62.839996,10.51,0
402421,175.10741297,1.98492758,0.0748,0.0761,14.46,0.348,62.979996,11.07,0
177186,176.04897682,-1.86567017,0.04767,0.04894,3.83,0.2312,35.630005,10.41,1
601012,138.2550791,0.36587907,0.05002,0.05113,1.94,0.493,82.880005,10.5,1
271618,175.12638903,1.38357664,0.07626,0.07756,0.22,0.9158,38.729996,10.78,3
738940,212.90742214,-1.15619085,0.0049,0.00616,,,,8.63,3
3622327,129.9544064,-0.74392522,0.0373,0.0383,,,,9.37,0
3630943,137.26617902,-0.99449392,0.08841,0.08956,,,,10.97,0
3913987,138.66651111,-0.88189756,0.05463,0.05576,,,,10.45,1
3632384,138.18847704,-0.98934878,0.02712,0.02816,,,,9.05,0
3895503,129.49317179,-0.94238616,0.05777,0.05878,,,,10.11,0
3901071,132.36855713,-0.89746327,0.10535,0.10645,,,,11.02,0
289096,181.15855952,1.78771548,0.0235,0.02488,14.22,0.3417,13.440002,11.22,0
380740,129.85541753,1.73725526,0.07253,0.07355,1.69,0.5824,116.12,10.4,0
279319,136.59266109,1.00419402,0.0713,0.07241,10.47,0.4222,88.79999,10.66,0
230421,179.77182515,1.90992123,0.04744,0.04869,2.58,0.4422,92.96,10.51,0
622979,136.17375819,0.70049852,0.07687,0.07799,1.62,0.2345,88.619995,10.56,0
517205,131.38247114,2.4758725,0.07651,0.07756,6.76,0.214,70.09,11.24,0
47674,213.75262592,-0.79695438,0.0385,0.03939,5.93,0.4696,150.11,11.1,0
506116,223.23871557,-1.89852342,0.08435,0.08511,1.55,0.237,18.429993,10.33,0
348118,140.33783655,2.22647764,0.08875,0.08992,8.24,0.4125,37.0,11.2,0
196977,133.59042325,-0.70757163,0.04949,0.05055,,,,9.96,0
568991,217.1890051,-0.49165202,0.03014,0.03096,2.76,0.703,12.279999,8.73,0
509577,222.00442733,-1.41489228,0.04325,0.044,2.13,0.3362,176.86,8.64,0
623620,139.71219156,0.63996425,0.05668,0.05781,8.19,0.7444,4.5899963,10.25,0
240263,221.62526064,1.47367452,0.03315,0.03389,2.87,0.7872,131.76,9.27,0
375376,129.00321127,0.88362184,0.10668,0.10773,3.55,0.2384,56.51999,11.61,0
204096,136.52106873,-0.26037368,0.03988,0.04096,4.36,0.1672,93.83,9.98,0
77170,211.91935032,0.17771147,0.02452,0.02548,2.69,0.3361,159.03,8.23,0
485376,215.31497153,-1.80927583,0.05492,0.0558,2.74,0.3664,35.48001,9.81,0
386267,131.1667419,2.19713483,0.07822,0.07927,3.33,0.3591,94.07001,10.63,0
63779,216.89578889,-0.27756493,0.05292,0.05377,6.34,0.7878,121.70999,10.16,0
537187,184.46680568,-0.90740488,0.02116,0.02276,5.74,0.5495,123.26,9.37,0
23386,181.43244091,1.07887085,0.08619,0.08748,3.71,0.2203,99.31,10.56,0
251137,217.31719716,1.99587302,0.03433,0.03515,3.26,0.7999,20.770004,9.03,0
278760,133.67290194,0.89913067,0.04098,0.04203,4.82,0.511,103.16,10.02,0
53772,174.98648588,-0.28720875,0.06044,0.06173,5.47,0.7813,29.61,10.44,0
484708,212.19324606,-1.9287009,0.02458,0.02553,3.56,0.667,88.21001,9.29,1
216143,136.87599049,0.52232484,0.02723,0.02825,2.27,0.3838,21.850006,8.27,0
600417,135.47317726,0.39555262,0.0527,0.05378,8.48,0.7937,65.020004,10.42,0
620126,223.37131858,0.30715893,0.04239,0.04311,1.87,0.1658,177.91,8.98,0
560757,181.55643524,-0.57327586,0.08264,0.08393,4.25,0.7911,19.470001,10.44,0
320281,217.63635218,1.85327828,0.0342,0.03501,4.04,0.3908,120.85,9.84,0
559822,178.4678228,-0.52922176,0.05173,0.05299,3.76,0.524,27.850006,9.59,0
592285,212.32889104,-0.11638462,0.05428,0.0552,4.35,0.1328,60.03,9.45,0
318936,212.94106512,1.94731272,0.01777,0.01919,6.84,0.365,24.959991,8.9,0
575587,140.58954231,-0.15155566,0.054,0.05514,1.29,0.2922,43.520004,9.71,0
509889,223.28555841,-1.35502252,0.08314,0.0839,4.67,0.5174,176.28,10.42,0
64087,218.09195955,-0.22670848,0.05543,0.05626,2.78,0.4871,21.919998,10.37,0
297090,214.58418608,1.48336561,0.07239,0.07329,4.1,0.4882,115.909996,10.39,0
64420,219.22426873,-0.32251313,0.05674,0.05755,5.48,0.8759,5.350006,10.14,1
521991,131.99036326,2.88992694,0.05861,0.05965,5.12,0.3125,41.78,10.34,0
386263,131.11847436,2.11645724,0.07864,0.07969,4.25,0.7715,149.62,10.6,1
179232,183.76135629,-1.95610831,0.07928,0.08055,3.52,0.8131,77.21002,10.35,0
487010,222.5259207,-1.61157261,0.04287,0.04361,3.13,0.1947,39.42,9.01,0
136856,176.22144426,-1.65257375,0.02597,0.02725,3.48,0.5694,55.48999,9.03,0
600916,138.02881498,0.33686043,0.05379,0.0549,5.5,0.8676,179.37,10.08,0
178585,180.85449378,-1.87658081,0.02022,0.02196,4.17,0.7398,164.27,8.37,0
298516,220.15550552,1.3220262,0.05022,0.051,4.63,0.4887,129.95999,9.73,0
493072,219.39919048,-1.31617402,0.07258,0.0734,5.76,0.0388,134.28,10.55,0
220112,180.52256862,1.52589798,0.01968,0.02147,4.57,0.0418,103.28001,10.12,0
381157,131.65300249,1.81095988,0.05231,0.05334,1.23,0.5238,100.770004,10.36,0
584501,179.59552298,-0.06007853,0.10708,0.1084,4.39,0.521,175.20001,10.94,1
618937,217.43699711,0.23373281,0.05547,0.05631,2.74,0.1979,32.440002,10.29,0
205160,140.68149426,-0.37747492,0.05555,0.0567,1.61,0.2649,88.88999,10.12,0
380617,129.28730529,1.70298892,0.10503,0.10608,2.91,0.2583,9.920013,11.15,0
575268,139.12790784,-0.16037093,0.08728,0.08844,2.6,0.2166,3.399994,10.64,0
324845,137.55510812,1.84582896,0.07712,0.07825,2.3,0.2209,62.479996,10.51,0
522076,132.42574982,2.97832629,0.06014,0.06118,3.1,0.3187,169.95999,10.36,1
137838,179.84814654,-1.65452989,0.0199,0.02168,8.36,0.2109,30.859985,11.05,0
136691,175.95424061,-1.71434425,0.1052,0.10654,3.99,0.3113,65.23001,11.04,0
31623,180.61572071,-1.132541,0.09247,0.09378,5.62,0.3487,175.42,11.31,0
227485,213.82111418,1.28000228,0.06951,0.07042,1.29,0.6442,80.380005,10.58,0
202468,129.87736833,-0.22797568,0.051,0.05201,0.96,0.5249,42.329987,9.57,0
7715,179.22873399,0.72391972,0.07798,0.07927,4.28,0.2308,164.41,10.99,0
321452,223.24157057,1.68911524,0.09728,0.09804,4.99,0.3431,8.519989,11.02,0
396740,174.944062,1.47749759,0.07625,0.07755,1.77,0.659,124.740005,10.55,0
593639,217.31552681,-0.08336336,0.08602,0.08688,1.9,0.2103,36.149994,10.59,0
575339,139.48490435,-0.10136639,0.05759,0.05873,1.66,0.014,70.07001,10.41,0
91582,212.75674525,0.57845166,0.05244,0.05335,2.55,0.2743,154.86,9.62,0
485727,217.08289628,-1.8127146,0.05356,0.05441,2.14,0.4828,121.600006,10.61,0
534759,174.93605879,-1.02471637,0.02842,0.02967,26.44,0.5422,5.1800003,9.26,0
220282,180.98965165,1.46846539,0.08238,0.08366,1.07,0.3731,21.959991,10.45,0
273890,185.55911138,1.27635208,0.07611,0.07736,2.01,0.2359,155.42,10.5,0
203833,135.45654592,-0.39792396,0.0529,0.05399,3.55,0.1671,102.53,10.9,0
48470,217.16033334,-0.8306571,0.07956,0.08042,3.53,0.1087,63.36,11.01,0
178950,182.56762383,-1.99302066,0.03377,0.035,10.52,0.1975,2.8600006,10.76,0
600973,138.11366903,0.30372017,0.05403,0.05515,2.1,0.4341,132.76,10.38,0
177665,177.5542845,-1.97185673,0.08361,0.08492,1.51,0.3309,57.419983,10.63,0
184042,174.66401689,-1.53717485,0.07684,0.07815,6.05,0.0963,3.3600006,11.38,0
535230,176.98044074,-0.84213846,0.07761,0.07891,4.2,0.3305,71.03,10.66,0
517272,131.65697925,2.45091569,0.0774,0.07845,16.48,0.2766,160.29999,10.42,1
272941,181.45476319,1.39180987,0.11277,0.11409,2.81,0.2983,78.06,10.9,0
568220,214.40903154,-0.4822103,0.08263,0.08354,2.56,0.3794,68.74999,10.68,0
764777,222.7423372,0.09132366,0.04211,0.04284,13.95,0.4085,16.170006,9.19,3
372509,136.05272796,1.15331446,0.09631,0.09744,271.65,0.5798,130.13,11.9,1
3896912,130.26668651,-0.90120625,0.02984,0.03084,,,,9.32,0
322972,129.7926462,1.43156665,0.08138,0.08241,4.32,0.7871,137.81,10.33,0
508748,218.11624011,-1.55209695,0.05684,0.05767,4.95,0.4606,40.089996,9.75,0
15490,215.75291339,0.7074244,0.05375,0.05461,5.9,0.5751,145.82,9.65,0
619989,222.5996479,0.34824567,0.03983,0.04056,3.17,0.4981,166.67,9.7,0
186833,185.89686896,-1.63549223,0.02469,0.02598,5.03,0.4469,93.84,8.72,0
298862,222.14820513,1.35415466,0.04906,0.04981,3.86,0.5931,178.15,10.02,0
610124,178.83882548,0.3388124,0.07836,0.07965,4.37,0.8215,57.549988,10.47,0
8217,181.0522247,0.80258008,0.00967,0.01207,4.14,0.4881,156.51,8.43,0
210179,136.94094172,0.05792465,0.08735,0.08849,5.3,0.4182,123.61,10.55,0
492720,218.02175024,-1.41352446,0.08204,0.08289,2.43,0.7115,61.0,10.38,0
593913,218.36327946,-0.11924401,0.03513,0.03594,7.33,0.7152,154.17,9.97,5
85418,182.40451716,0.53611309,0.02066,0.02232,2.05,0.3222,170.53,8.83,0
70186,178.98018932,0.00598446,0.07742,0.07871,2.28,0.1548,120.67999,10.82,0
144682,181.03465421,-1.41718582,0.03509,0.03633,1.33,0.4062,90.55,9.02,0
38997,174.46346485,-0.80981702,0.047,0.04827,2.12,0.391,89.8,9.41,0
240432,222.46885792,1.46052695,0.04884,0.04958,9.01,0.7332,81.350006,10.8,0
7972,180.0424059,0.70715762,0.08661,0.08791,2.84,0.2843,93.18,10.36,0
371170,130.4986216,0.92779175,0.03977,0.04077,4.8,0.2237,170.85,10.71,0
509597,222.02731126,-1.4777379,0.0501,0.05086,1.35,0.7353,34.649994,9.46,6
378060,140.38950044,1.58461783,0.01654,0.01749,8.42,0.3373,16.020004,8.7,0
509466,221.516598,-1.5342915,0.08403,0.08482,0.9,0.3946,133.26,10.39,0
417447,131.09028039,2.28715161,0.05087,0.05189,1.43,0.1774,10.800003,9.88,0
78143,215.80783539,0.04443029,0.05491,0.05578,3.22,0.4819,141.58,10.13,0
569208,218.30016191,-0.44717503,0.10612,0.10698,2.56,0.7604,135.66,10.93,0
377666,138.490011,1.66014216,0.05548,0.0566,4.3,0.5604,168.26,10.98,0
595060,223.37383729,-0.2084369,0.04442,0.04515,4.23,0.0821,80.95999,10.29,0
492987,219.07125245,-1.26014967,0.08513,0.08597,1.49,0.2037,51.440002,10.33,0
203114,132.63598101,-0.25281896,0.06977,0.07084,3.9,0.3024,118.95,10.91,0
521794,131.21183174,2.8308294,0.07664,0.07768,1.91,0.621,52.89,10.4,0
518755,137.90994934,2.91661663,0.05089,0.05199,8.12,0.2564,57.580017,10.67,0
513036,221.38405128,-1.15580455,0.04142,0.04218,4.93,0.7959,123.979996,10.27,0
388552,140.50356631,2.58787147,0.08582,0.08699,3.85,0.5676,0.8899994,11.01,0
79835,223.39609975,0.01039714,0.04224,0.04296,18.1,0.4933,79.34,11.04,0
54748,179.12647232,-0.2183497,0.11041,0.11174,3.22,0.1717,73.119995,11.09,0
371295,130.85217242,0.9515614,0.09633,0.09739,5.71,0.105,30.039993,11.31,0
272829,180.98717281,1.25528186,0.08328,0.08457,1.29,0.6564,46.339996,10.53,0
97907,175.13191821,0.85318194,0.07485,0.07615,6.22,0.0955,122.46,11.47,1
386285,131.30603338,2.21775391,0.07582,0.07687,3.88,0.6476,30.679993,10.42,0
383259,140.67040862,2.11154316,0.05715,0.05829,5.33,0.4212,9.999992,10.73,0
373173,139.76734716,1.17936637,0.08916,0.09033,3.85,0.3051,56.960007,10.97,0
278355,130.53181012,0.78753594,0.07583,0.07687,1.47,0.5779,64.78,10.32,0
509876,223.22739576,-1.46098551,0.07662,0.07737,4.64,0.4546,121.91,10.6,1
23153,180.54958361,1.160056,0.08476,0.08605,3.18,0.4556,136.09,10.86,0
423198,134.37355752,2.9001644,0.0878,0.0889,2.13,0.3016,54.759995,10.63,0
107454,220.0372172,0.90752695,0.03435,0.03512,2.68,0.0224,99.17,9.82,0
136842,176.29122535,-1.76259733,0.02709,0.02834,6.08,0.1898,6.6100006,10.8,0
509772,222.76355581,-1.38720946,0.0843,0.08507,1.33,0.278,5.630005,10.92,1
239090,216.52468567,1.53569874,0.0841,0.08497,2.42,0.3661,57.20999,10.74,0
107137,218.69059439,0.88867203,0.01407,0.01544,9.42,0.2213,40.01001,10.16,0
271377,174.00867664,1.26874275,0.07315,0.07445,2.41,0.6086,103.979996,10.55,0
592909,214.606511,-0.15726454,0.07735,0.07825,1.97,0.3217,154.29001,10.37,1
186537,185.03547443,-1.62301103,0.06777,0.06902,3.56,0.13,119.46,10.89,0
570207,222.76628131,-0.46221403,0.04325,0.04399,5.64,0.4777,146.66,10.75,0
79302,221.0185666,0.05410489,0.07346,0.07425,1.95,0.1932,116.47,10.31,0
271538,174.66458445,1.26476587,0.07634,0.07764,3.38,0.2246,133.8,10.97,0
543674,212.43129467,-0.89628221,0.09039,0.09134,1.22,0.6734,171.20001,10.51,0
39582,177.51158438,-0.82632019,0.07702,0.07832,1.67,0.2254,107.89,10.33,0
301515,134.27184321,1.2620241,0.10463,0.10575,2.42,0.1231,132.65001,10.95,0
346255,133.02064123,1.96380178,0.1076,0.1087,2.8,0.395,26.070007,11.07,0
370848,129.04184744,0.93348333,0.08453,0.08556,2.93,0.349,18.73999,10.82,0
85908,184.38629333,0.4462272,0.03498,0.03619,7.79,0.2878,130.72,9.37,6
598929,129.53161373,0.40968028,0.08092,0.08195,4.8,0.2716,20.949997,10.83,0
386311,131.43364858,2.21057207,0.07515,0.0762,3.57,0.1542,66.12001,10.8,0
600743,137.29664701,0.39853315,0.06965,0.07077,3.2,0.3014,143.44,10.96,0
49640,221.78857594,-0.74050424,0.04277,0.04352,1.04,0.1249,58.42,8.86,0
31448,179.72673263,-1.2367022,0.08178,0.08308,3.88,0.5248,0.51000977,10.75,0
106179,215.06757561,0.85580767,0.1026,0.10351,2.83,0.1827,175.97,11.05,0
319402,214.40123487,1.76816809,0.05165,0.05253,3.72,0.3992,32.729996,10.79,0
9258,185.60162625,0.71594496,0.04199,0.0432,2.49,0.4378,102.08,10.45,0
273849,185.49694391,1.40954988,0.07914,0.08039,3.61,0.1424,66.36,10.6,0
54202,177.17595931,-0.2787371,0.04717,0.04843,3.04,0.1295,127.0,10.58,0
144641,180.94033164,-1.40741054,0.08275,0.08404,1.97,0.5126,43.690002,10.33,0
574285,134.94532974,-0.00561173,0.05273,0.05381,6.5,0.5399,64.39,10.92,0
623161,137.33519086,0.73874682,0.05364,0.05474,3.61,0.3913,167.83,10.18,0
47369,212.61181471,-0.83237353,0.02553,0.02644,5.59,0.4836,56.430008,10.62,0
485436,215.68985046,-1.86419472,0.09118,0.09208,7.86,0.2632,179.93,10.7,0
250557,215.17095899,1.99190363,0.07819,0.07908,8.67,0.3718,178.58002,10.97,0
230293,179.1827145,1.89559986,0.10591,0.10723,2.96,0.0796,65.31999,11.08,0
387298,135.84393236,2.31503509,0.10581,0.10695,2.46,0.5518,118.520004,11.0,0
32270,184.07199805,-1.16267678,0.08939,0.09067,3.01,0.2262,48.08,10.71,1
519141,139.73967597,2.93965013,0.08591,0.08707,2.79,0.1642,32.899994,10.92,0
318635,211.82180713,1.87076229,0.04195,0.04286,1.49,0.4358,61.919983,9.3,0
84734,179.5974736,0.55192471,0.07639,0.07768,5.87,0.2226,6.380005,11.07,0
214356,129.92840111,0.53954724,0.07766,0.07869,4.64,0.1915,68.76999,10.58,0
278841,133.97612964,0.85305195,0.05236,0.05342,4.68,0.2449,133.5,10.44,0
508274,216.57004024,-1.53536193,0.05502,0.05588,4.24,0.5561,169.56,9.93,0
239218,216.92853915,1.64601551,0.05545,0.05629,3.18,0.4935,134.06,9.75,0
509881,223.19544487,-1.51486884,0.07508,0.07583,3.29,0.4338,6.9000015,10.46,0
594785,221.63487234,-0.20003009,0.02774,0.02847,1.7,0.4944,15.550003,8.35,0
595084,223.38221238,-0.01477467,0.04404,0.04476,2.49,0.2614,79.0,8.91,0
214474,130.35586804,0.61876231,0.05076,0.05177,4.96,0.2418,11.419998,9.46,0
28860,216.87355024,1.05584586,0.02577,0.02659,7.16,0.6706,72.45,9.46,0
463317,212.42643159,-1.25674535,0.0244,0.02535,6.35,0.8224,103.94,8.61,0
545986,222.28896362,-0.90283527,0.02755,0.02826,8.22,0.1128,166.33,9.71,0
105448,211.7824985,0.85103325,0.04804,0.04896,3.0,0.6867,36.67,9.89,0
228566,217.74780043,1.25560847,0.03224,0.03305,3.52,0.6924,176.35,9.24,1
272543,179.85257042,1.43406203,0.04731,0.04856,13.0,0.4496,28.220001,10.44,0
511863,216.28745658,-1.1134688,0.0088,0.0103,8.37,0.7133,59.799988,9.36,0
623641,139.77630112,0.67763715,0.0178,0.01872,12.55,0.4201,57.199997,9.31,0
8404,182.22071426,0.70556895,0.01885,0.02077,4.07,0.1941,161.29999,8.75,0
228433,217.38888972,1.10444656,0.02997,0.03079,5.85,0.5625,119.64,9.33,0
251941,221.23299596,1.9549526,0.00575,0.00692,71.53,0.815,170.07999,11.06,4
492384,216.3946087,-1.37611813,0.05543,0.05629,3.77,0.454,139.53,10.46,0
79689,222.7124885,0.09534785,0.04285,0.04359,0.61,0.0931,26.490005,9.18,0
177305,176.2287108,-1.90862406,0.00528,0.00706,0.75,0.1644,135.73,7.66,6
211060,140.98820401,0.11185862,0.03794,0.03907,3.4,0.0007,129.72,9.87,1
238121,213.29651288,1.76291667,0.04911,0.05001,4.41,0.3148,60.11,9.57,0
251221,217.79562832,1.94776192,0.09415,0.09501,4.19,0.5574,125.100006,11.03,0
517544,132.7606466,2.56692177,0.03342,0.03444,1.22,0.4147,55.070007,8.89,0
91510,212.41791904,0.53854147,0.02523,0.02615,2.0,0.2653,164.6,8.66,0
380682,129.47482911,1.7844923,0.01354,0.01402,7.18,0.8043,43.97,8.36,0
137071,177.07578186,-1.6399319933333332,0.01302,0.01539,2.59,0.1996,160.67,8.71,5
592168,211.95948558,-0.08742231,0.08544,0.08639,2.94,0.438,58.90999,10.98,1
548875,129.46429544,-0.48260996,0.07943,0.08046,3.48,0.4448,106.97,10.32,0
238214,213.62610101,1.73115722,0.05304,0.05393,1.11,0.2028,27.330002,10.13,0
514260,140.94319276,2.75296862,0.01683,0.01778,21.68,0.629,164.44,9.38,0
534763,174.97633193,-0.9227117,0.0283,0.02955,1.97,0.5248,88.14,9.42,0
203794,135.3639871,-0.41840966,0.05295,0.05403,6.99,0.484,125.72,10.95,0
288586,179.25494757,1.802222,0.07812,0.07941,3.85,0.6407,145.71,10.34,0
320549,218.65001807,1.7883886,0.07742,0.07825,2.69,0.5656,80.59,10.54,0
620122,223.30856393,0.30522012,0.04382,0.04454,1.23,0.4958,8.889999,8.68,0
91686,212.95963829,0.51328615,0.0546,0.05551,5.39,0.514,1.8699951,10.85,0
618143,214.46360194,0.31950998,0.05264,0.05352,3.06,0.7439,109.93001,10.62,0
492420,216.58759555,-1.39181613,0.09968,0.10057,4.29,0.4238,100.479996,11.05,0
16317,218.33730088,0.83733901,0.03413,0.03493,5.59,0.4395,138.02,10.53,0
208652,129.7534118,0.0622835,0.04982,0.05083,5.25,0.0048,39.070007,11.0,0
143223,174.76288288,-1.3697595,0.07723,0.07854,1.16,0.32,40.320007,10.4,0
300889,131.22119797,1.08457648,0.05121,0.05224,2.13,0.261,85.81,10.58,1
345767,131.10314972,2.05687434,0.07782,0.07887,5.11,0.2172,81.57001,11.04,0
380669,129.48162463,1.78274011,0.07308,0.0741,4.96,0.0334,179.85,10.85,0
177225,176.07410482,-1.97374978,0.0781,0.07941,1.35,0.1439,6.290001,10.32,0
6964,175.19000074,0.73767809,0.07357,0.07487,1.9,0.6056,109.3,10.39,1
718451,185.64544107,1.75212685,0.10908,0.11036,2.92,0.4229,143.59,10.9,3
551331,139.89459931,-0.53059828,0.07052,0.07167,1.01,0.5943,75.17999,10.31,1
611002,182.90434211,0.32250372,0.02047,0.02216,2.8,0.3369,4.7900085,8.68,0
7839,179.61542288,0.71790602,0.04749,0.04874,6.95,0.2481,44.72,11.05,0
512099,217.5576827,-1.07869547,0.07287,0.07372,2.11,0.2227,115.58,10.59,1
238217,213.63136239,1.742513,0.05369,0.05458,1.11,0.0819,143.38,9.95,1
348115,140.2860033,2.33393497,0.08905,0.09022,6.49,0.3141,74.08,11.12,0
290395,185.84767409,1.70693135,0.11075,0.11204,3.4,0.1508,38.17,11.13,0
567471,211.76246487,-0.55616494,0.11192,0.1129,58.51,0.7454,1.5599976,11.46,1
23388,181.44666284,1.12719155,0.11304,0.11436,6.43,0.1209,177.06,11.45,0
136238,174.23137666,-1.74908943,0.04729,0.04857,9.77,0.2498,2.1600037,10.82,0
107135,218.67565835,0.91385247,0.07802,0.07885,2.22,0.4301,0.8899994,11.11,0
56250,185.17863157,-0.29002542,0.07838,0.07964,2.36,0.1269,127.35,10.58,0
288803,180.20559667,1.69372839,0.04852,0.04977,4.2,0.0878,95.009995,10.66,0
186470,184.65302771,-1.51681145,0.06913,0.07038,1.54,0.4628,133.53,10.49,0
622350,132.76091171,0.65270512,0.08733,0.08841,4.89,0.0825,108.08,11.1,0
345887,131.55477408,2.08172797,0.11208,0.11317,3.15,0.3313,34.92,11.16,0
62990,214.13823102,-0.29320559,0.07731,0.07822,2.84,0.261,10.679993,10.46,0
508593,217.56786242,-1.59370268,0.05647,0.05731,4.09,0.091,164.78,10.58,0
559879,178.55104143,-0.48185129,0.00619,0.0082,14.01,0.1776,176.44,8.04,0
272995,181.66410599,1.28424347,0.01804,0.02003,14.49,0.5402,137.08,10.01,0
91961,214.30354659333332,0.5332617933333333,0.07737,0.07828,4.4,0.1489,34.22,11.03,5
143313,175.37309964,-1.2715469,0.04524,0.04651,19.96,0.334,42.929993,10.17,1
402853,177.62808406,1.98329476,0.02032,0.02201,2.32,0.3519,145.47,9.49,0
386406,132.01731376,2.2193891,0.07674,0.0778,3.35,0.0522,163.89,10.75,0
301555,134.35370442,1.175189,0.07073,0.07181,2.14,0.19,69.84,10.32,0
544104,214.10163028,-0.93570979,0.07659,0.0775,1.87,0.245,116.939995,10.49,1
220515,181.88320657,1.63737315,0.01986,0.02162,15.45,0.2165,44.79001,8.94,0
746478,182.19440921,-0.03360964,0.04156,0.04279,0.08,0.57,47.299988,8.71,6
279944,140.13285408,1.02917132,0.08759,0.08876,2.25,0.4415,85.649994,10.69,0
30470,175.42071079,-1.20901814,0.07784,0.07915,5.68,0.1892,53.0,10.67,0
69859,177.08328438,0.15592405,0.08495,0.08626,38.26,0.6676,71.42999,10.5,1
422832,132.5691063,2.6484217,0.05887,0.05991,13.95,0.2432,135.42,9.99,0
346376,133.45370003,2.12396263,0.07692,0.078,1.89,0.7217,68.869995,10.95,1
544992,217.77265982,-0.94353049,0.02563,0.02644,5.31,0.2312,171.33,8.24,0
521580,129.97683554,2.70936262,0.0497,0.0507,5.48,0.2945,50.72,9.79,1
8709,183.59341297,0.80672993,0.07469,0.07595,1.87,0.4597,43.23001,10.33,0
290396,185.8475545,1.81504596,0.00626,0.00842,4.43,0.1887,11.369995,7.72,0
537075,183.91953356,-0.974944,0.04003,0.04125,2.7,0.6504,49.39,8.62,0
208520,129.40911525,0.05066585,0.03464,0.03563,6.24,0.1567,175.04,9.65,0
198591,140.15618821,-0.67946043,0.01164,0.01269,10.21,0.3414,67.66,9.61,0
288923,180.5841425,1.79801543,0.02041,0.0221,2.52,0.1352,131.58,8.79,0
574821,137.41787885,-0.10808891,0.07037,0.0715,6.58,0.0624,79.62999,10.54,0
238395,214.24318993,1.64043038,0.02506,0.02595,4.11,0.1814,74.869995,9.87,0
598911,129.30130306,0.38743001,0.0417,0.04269,7.51,0.2079,104.19,9.39,0
78842,218.91953008,0.09830496,0.05684,0.05765,4.24,0.2539,34.75,9.68,0
623683,139.87725208,0.70465014,0.05668,0.05782,2.26,0.0892,125.28,9.71,0
371334,130.96179626,0.92628636,0.0729,0.07394,2.73,0.3328,163.1,10.63,0
380580,129.22755665,1.80147773,0.01357,0.01404,3.1,0.4406,114.58,8.64,6
47215,211.8917,-0.77649054,0.03503,0.03594,1.52,0.3768,5.800003,9.49,1
17414,223.4968141,0.83224383,0.04277,0.04349,5.99,0.5688,130.06999,9.57,0
380543,129.00793996,1.74921609,0.01366,0.01412,2.7,0.486,24.610016,8.45,1
228608,217.90958026,1.12386604,0.02999,0.0308,3.69,0.7384,72.380005,9.73,0
584311,179.00162951,-0.10368022,0.06477,0.06605,4.8,0.0447,52.569992,10.34,0
561501,183.83779824,-0.52150525,0.07524,0.0765,4.11,0.7873,159.9,10.39,0
231312,183.24516764,1.8898959,0.08098,0.08225,4.31,0.8409,59.839996,10.39,0
289095,181.11515232,1.74849349,0.02218,0.02367,4.16,0.5162,112.24,9.24,0
251455,218.72066076,1.87427215,0.03001,0.0308,2.43,0.4064,136.73999,8.96,0
296638,212.67445729,1.48051732,0.0258,0.0267,6.83,0.6989,144.45,10.4,0
85280,181.79707744,0.4326249,0.06425,0.06551,5.26,0.5758,129.77,10.66,0
567445,211.68883024,-0.59645122,0.05281,0.05374,1.8,0.7786,72.47,10.08,0
534756,174.90444949,-1.04585843,0.07617,0.07748,3.77,0.2882,155.16,10.53,0
609379,175.47493988,0.23599315,0.09193,0.09325,8.37,0.8772,71.67999,10.39,0
512279,218.33929677,-1.05121485,0.02981,0.03062,7.08,0.1829,148.86,9.0,0
365395,140.56108234,2.66184108,0.08824,0.08941,4.36,0.7236,140.2,10.5,0
422359,130.55487715,2.62461209,0.05,0.05101,2.47,0.4488,86.45999,10.07,0
417363,130.1315353,2.18809923,0.05054,0.05155,6.68,0.4314,160.98999,10.53,1
85480,182.70926518,0.47082816,0.07835,0.07962,3.45,0.3798,73.75,10.33,0
85505,182.74171769,0.6039239,0.07787,0.07914,6.87,0.639,51.90001,11.06,0
493621,221.83560804,-1.30298865,0.02948,0.03023,5.24,0.2277,87.94,9.03,0
376645,134.47149881,1.3922359,0.07089,0.07198,1.95,0.546,19.669998,10.5,0
372234,134.82155089,0.99223244,0.07166,0.07275,6.66,0.6284,72.48999,11.37,1
618220,214.73902522,0.36560737,0.05331,0.05419,4.9,0.1714,169.20999,10.59,0
546073,222.95165329,-0.96304993,0.03494,0.03567,2.09,0.1071,129.56999,9.06,0
298227,219.03646497,1.38992367,0.08817,0.089,3.19,0.3048,11.340004,10.46,0
422559,131.53747249,2.61800478,0.02884,0.02984,1.37,0.3015,150.15999,8.3,1
504614,216.45713007,-1.96675038,0.07391,0.07478,4.4,0.2648,61.47,10.76,0
14564,212.07522235,0.67222007,0.02523,0.02616,1.02,0.137,56.29001,8.22,0
543664,212.34728763,-0.87432691,0.07177,0.07271,4.87,0.6725,63.47,10.34,0
600696,136.88448673,0.33136599,0.06996,0.07108,5.99,0.1002,111.810005,10.34,0
91996,214.47573372,0.46141521,0.05455,0.05544,2.55,0.7676,98.42,10.46,0
48049,215.6319114,-0.65529765,0.05514,0.05601,3.07,0.4523,79.29999,10.56,0
386892,134.42888986,2.36160372,0.0538,0.05486,5.06,0.7088,97.61,10.7,0
319586,215.12840027,1.85604153,0.08446,0.08536,2.46,0.596,111.22,10.35,1
214258,129.57163171,0.46560939,0.07658,0.07761,19.9,0.5126,126.95,11.16,1
418831,137.8744731,2.69486066,0.05491,0.05602,7.96,0.1106,142.42,10.33,0
279880,139.84028178,1.07498141,0.08816,0.08933,3.36,0.5019,73.04001,10.42,0
144498,180.25110679,-1.38946468,0.03537,0.03661,2.69,0.4173,129.09,9.86,0
599329,131.10371408,0.34288565,0.0145,0.01508,2.23,0.3299,151.83,8.4,0
288844,180.28937195,1.83297334,0.07809,0.07937,4.91,0.1457,87.640015,10.47,0
37006,214.40019873,-1.08657427,0.0868,0.08772,3.35,0.7312,90.549995,10.32,0
376028,131.75028909,1.33268558,0.0868,0.08787,4.25,0.3569,148.52,10.53,0
372132,134.423281,0.98188798,0.0714,0.07249,1.37,0.4552,5.450012,10.54,0
418693,137.4267795,2.67539833,0.05128,0.05238,2.85,0.4791,154.38,10.62,0
85239,181.52448394,0.46386349,0.06084,0.0621,2.5,0.2214,77.29999,10.67,0
377410,137.63722864,1.59889799,0.05582,0.05693,3.65,0.0503,7.860016,10.97,0
387375,136.04998555,2.4403648,0.07097,0.07207,3.31,0.3708,144.48001,10.53,0
85160,181.19161463,0.61221478,0.08713,0.08842,1.59,0.6135,17.209991,10.46,0
107826,222.87421791,0.90117958,0.0435,0.04423,1.59,0.1516,79.23999,9.16,0
273928,185.74576267,1.34818269,0.07822,0.07947,1.73,0.4998,86.88,10.37,0
325295,139.59433432,1.86876023,0.11178,0.11297,2.55,0.4643,57.39,10.94,0
618941,217.44293711,0.30191457,0.05485,0.05569,3.69,0.4815,157.3,10.56,0
300618,130.25653509,1.15898997,0.07811,0.07915,1.86,0.021,3.980011,10.33,1
618144,214.46514624,0.2333641,0.0533,0.05419,2.6,0.6616,109.64,10.23,0
55333,181.59268136,-0.23633911,0.03781,0.03904,5.21,0.8809,138.4,8.68,0
396583,174.22246607,1.43209554,0.07369,0.07499,2.89,0.0905,133.99,10.83,0
300977,131.46700511,1.18909037,0.06996,0.07101,3.05,0.3262,27.979996,10.44,0
77227,212.44165993,0.06230278,0.05441,0.05533,1.85,0.5078,159.55,10.29,0
85749,183.85941249,0.52637582,0.07619,0.07745,6.35,0.6981,138.46,10.64,0
623432,139.05733185,0.70065425,0.03808,0.03919,8.57,0.182,36.460007,10.51,0
347471,137.88330421,2.23981734,0.05504,0.05615,3.43,0.2537,4.220001,10.87,0
30847,177.15497546,-1.2128314,0.10674,0.10808,4.01,0.2349,121.95,11.44,0
372126,134.52997218,1.10463642,0.07254,0.07363,2.98,0.4819,62.67,10.67,1
23180,180.58552826,1.19850988,0.08178,0.08307,2.2,0.468,103.81,10.78,0
209900,135.68853748,0.12371874,0.0534,0.05449,5.14,0.7526,143.62,10.52,1
3901441,132.47630298,-0.92568974,0.05671,0.05776,,,,9.74,0
511892,216.55726194,-1.19000252,0.05525,0.05611,5.99,0.24,119.14,10.86,0
347904,139.56662851,2.24567976,0.08707,0.08823,3.53,0.2118,65.83,10.51,0
143545,176.48415865,-1.34923912,0.09635,0.09768,12.67,0.5086,71.03,11.01,0
185451,180.28319849,-1.61002429,0.10796,0.10929,4.77,0.3111,68.0,10.91,0
289117,181.1302672,1.71197433,0.07794,0.07922,2.39,0.2579,139.82999,10.62,0
105419,211.71103504,0.85178405,0.04613,0.04705,3.04,0.3537,75.25,10.24,0
599879,132.92089276,0.41210944,0.05142,0.05247,0.96,0.1912,147.01,9.57,0
865650,174.77883072,1.55697879,0.04009,0.04135,1.6,0.2374,33.78,9.93,1
272835,181.02471547,1.43144237,0.08228,0.08356,2.15,0.5298,141.65,10.5,0
215295,133.55045344,0.57178408,0.10906,0.11018,125.76,0.1783,81.48,11.29,1
30884,177.20836276,-1.18284417,0.10682,0.10816,4.3,0.3495,70.619995,10.94,0
301203,132.77391152,1.18783734,0.08675,0.08783,6.18,0.3851,124.28,10.54,0
849715,136.99160219,2.26809327,0.0263,0.02729,0.57,0.4369,32.72,8.35,2
3901064,132.37206514,-0.89568822,0.10264,0.10374,,,,11.06,0
3904638,134.33644074,-0.97524598,0.03921,0.04027,,,,10.62,0
272328,178.80178506,1.29222658,0.0474,0.04865,2.02,0.5647,10.919998,9.43,0
23669,182.65519906,1.06494185,0.0216,0.02315,2.98,0.5622,9.269989,8.75,0
250047,213.76316426,1.99077081,0.08503,0.08595,3.59,0.7839,108.79,10.47,0
227818,214.94394069,1.1468923,0.05366,0.05454,4.02,0.0845,127.2,9.89,0
619220,218.88184613,0.34229563,0.03465,0.03545,5.09,0.6372,86.71001,9.34,0
53995,176.13656616,-0.2887605,0.04689,0.04816,2.97,0.044,57.34999,9.63,0
185265,179.69263036,-1.4658493,0.02139,0.02298,2.95,0.4321,139.88,9.86,1
230628,180.46715478,1.98109645,0.04768,0.04892,4.53,0.7813,164.93,9.53,0
17273,222.76295086,0.68300398,0.06896,0.06971,4.18,0.2735,92.45,10.42,0
463434,213.0345456,-1.32676328,0.05374,0.05465,3.28,0.6346,112.76001,10.34,0
463637,213.94258211,-1.18681278,0.04998,0.05087,3.59,0.3565,108.950005,9.67,0
493727,222.08985195,-1.30658402,0.04235,0.0431,4.78,0.8266,166.58,8.74,0
65401,222.97749916,-0.29648678,0.04375,0.04448,1.9,0.7619,45.17,8.73,0
594731,221.38717824,-0.19267434,0.03995,0.04071,2.41,0.2708,170.95,9.31,0
143573,176.53806123,-1.34651892,0.09238,0.0937,2.7,0.2876,80.23999,10.48,0
619775,221.35561716,0.23458659,0.03793,0.03869,6.59,0.4079,65.06,10.12,1
91627,212.81851166,0.48943547,0.05325,0.05416,6.71,0.2915,106.579994,10.31,0
592401,212.89295342,-0.11122683,0.02561,0.02651,2.47,0.2241,158.99,8.29,0
550330,135.19463684,-0.56571064,0.04028,0.04135,5.51,0.7921,105.25,9.4,0
143814,177.65142792,-1.40958931,0.01982,0.0216,6.51,0.6064,130.59,9.34,0
623640,139.76956092,0.75090795,0.08819,0.08936,3.21,0.7158,128.20001,10.34,0
97923,175.1492831,0.85450581,0.07633,0.07763,5.1,0.2074,3.3700027,10.47,0
506038,222.84174614,-1.83462017,0.03534,0.03607,2.39,0.6511,67.94,9.07,0
543498,211.8023421,-1.01299839,0.05082,0.05175,4.89,0.0189,57.72,10.56,0
289887,183.86491735,1.67221657,0.07767,0.07893,3.85,0.5004,134.23999,10.3,0
106343,215.63340032,0.84557671,0.04007,0.04092,2.47,0.0257,29.980011,9.12,0
551332,139.89952321,-0.45187633,0.05627,0.05741,2.08,0.5144,8.190002,10.02,0
484685,212.01246136,-1.86385602,0.02536,0.02629,2.31,0.222,5.0700073,8.59,0
105962,214.14783845,0.88663553,0.02555,0.02643,6.02,0.3627,52.910004,8.96,0
512394,218.72425699,-1.1371825,0.04781,0.04862,3.82,0.1847,39.310013,9.74,0
32274,184.15296827,-1.08234243,0.02142,0.023,4.49,0.415,101.36,8.79,0
41163,184.47551809,-0.79717941,0.03084,0.03205,2.27,0.2035,72.600006,8.63,0
70920,182.10414699,0.09209763,0.04447,0.04571,5.7,0.0405,130.94,9.69,0
485310,214.84471845,-1.78117641,0.05555,0.05644,2.23,0.6047,164.5,10.18,0
220463,181.74157143,1.4806733,0.08253,0.08381,4.41,0.2853,66.119995,10.6,0
422619,131.78174581,2.62180486,0.02896,0.02996,7.1,0.1411,174.67,9.63,0
508638,217.72921775,-1.64419676,0.05323,0.05407,4.09,0.4711,66.75,9.48,0
573586,129.1255729,-0.08624264,0.05197,0.05297,3.86,0.2369,159.32,10.03,0
543859,213.1517401,-1.03641973,0.05385,0.05476,7.42,0.8023,157.9,10.73,0
569420,219.09636174,-0.58479455,0.08204,0.08287,3.61,0.1976,0.98999786,10.49,0
272750,180.75544129,1.43801205,0.08417,0.08546,4.7,0.6788,18.600006,10.54,0
177379,176.66559292,-1.9958438,0.02819,0.02944,19.63,0.6506,14.639999,10.48,0
7797,179.41765646,0.63938922,0.0468,0.04805,1.89,0.7289,104.39,9.77,0
319215,213.75199422,1.85903928,0.05298,0.05387,2.71,0.4878,32.119995,9.47,0
376478,133.64997339,1.43498774,0.05147,0.05253,6.98,0.2987,78.869995,11.16,0
371959,133.56953441,0.98080116,0.04158,0.04263,4.06,0.6213,145.05,9.24,0
402425,175.11696467,1.98116716,0.07622,0.07752,6.98,0.5571,156.97,10.9,0
383318,140.95008842,2.11274836,0.02398,0.02497,9.56,0.485,107.380005,9.92,0
205142,140.71287833,-0.26268951,0.05721,0.05836,2.48,0.3714,132.20001,9.87,0
535132,176.53824819,-1.03523095,0.07809,0.07939,3.97,0.5668,170.17,10.68,0
40083,179.65472695,-0.78778198,0.08063,0.08192,0.94,0.6036,166.23001,10.41,1
144236,179.35019929,-1.31320951,0.02601,0.02728,1.71,0.451,122.26,8.61,0
296725,213.02887817,1.517785,0.02575,0.02665,5.0,0.6642,56.809998,9.5,0
196057,129.10603818,-0.67481648,0.0524,0.0534,1.44,0.4347,43.100006,9.64,0
422289,130.27727795,2.57668398,0.03176,0.03275,2.77,0.6526,108.33,9.56,0
91959,214.34320724,0.47268116,0.05039,0.05127,2.49,0.5855,132.69,10.12,0
460307,211.57807465,-1.70031831,0.03414,0.03506,0.92,0.3407,112.5,8.88,0
227479,213.71147808,1.16054731,0.054,0.0549,3.11,0.193,82.04999,10.51,1
16521,219.14996358,0.68830576,0.05549,0.0563,2.01,0.4774,146.0,9.96,0
382640,137.80453209,1.96819132,0.05514,0.05625,1.19,0.4382,116.189995,9.72,0
198817,140.97498787,-0.68262729,0.05538,0.05653,3.88,0.1964,16.529999,10.09,0
319335,214.16763128,1.85370766,0.08199,0.0829,2.85,0.3223,41.87999,10.64,0
99031,180.77186833,1.00359082,0.07851,0.07979,3.04,0.2455,2.6100006,10.74,0
78712,218.33702093,0.01364874,0.05683,0.05765,1.27,0.3354,177.49,9.74,0
692950,213.49023507,-0.23187453,0.03847,0.03936,2.23,0.293,168.35,10.0,3
92000,214.50739831,0.48311291,0.05271,0.05359,1.29,0.6474,31.75,9.94,3
508751,218.15650774,-1.53012487,0.05227,0.0531,1.43,0.2656,34.5,10.23,0
229493,223.06943023,1.10952723,0.09838,0.09914,3.45,0.369,89.359985,11.03,0
370874,129.18653223,0.8972109,0.08895,0.08998,1.64,0.6367,61.23999,10.34,0
53706,174.54057846,-0.29750135,0.07652,0.07783,1.61,0.3624,78.07001,10.34,0
586330,184.5454927,-0.16369758,0.03839,0.03961,1.94,0.5546,131.95001,10.18,0
318839,212.6983377,1.88442486,0.085,0.08594,3.26,0.4886,84.03,10.53,0
521738,130.69997627,2.92172618,0.07851,0.07955,2.64,0.0041,59.70999,10.82,0
549313,131.07827193,-0.51864822,0.05727,0.0583,1.91,0.2389,161.09,9.94,0
16242,218.13435093,0.77151448,0.03407,0.03488,7.48,0.2688,170.25,10.45,0
62171,211.63553385,-0.2462209,0.1114,0.11238,3.79,0.1391,85.73001,11.07,0
54462,178.20417212,-0.26423216,0.08268,0.08398,1.65,0.0729,159.85,10.4,0
492984,219.07021852,-1.38695639,0.05563,0.05644,11.19,0.4799,120.39,10.72,0
516961,130.05756374,2.31726777,0.08041,0.08144,2.27,0.5266,120.96,10.68,0
600420,135.48965563,0.40509315,0.05232,0.0534,2.01,0.526,59.389984,10.42,0
278241,216.15652099,1.08021929,0.09757,0.09846,1.99,0.383,36.799988,10.93,0
215047,132.64226588,0.49245739,0.06428,0.06534,4.8,0.6122,145.02,10.73,0
397012,176.23374882,1.60100522,0.10285,0.10418,2.06,0.2331,171.63,10.94,0
41051,184.1327474,-0.78057619,0.06925,0.07051,1.69,0.1156,111.16,10.33,0
323541,132.1358474,1.53295049,0.06762,0.06867,1.56,0.7073,9.679993,10.48,0
107016,218.09979745,1.00782364,0.07851,0.07935,2.03,0.5399,148.54,10.5,0
508137,216.06867119,-1.6272147,0.09279,0.09369,2.5,0.2415,114.73,10.8,0
592294,212.46547776,-0.08301355,0.05467,0.05559,2.15,0.5316,13.869995,10.55,0
143180,174.44126323,-1.30745386,0.07742,0.07873,2.94,0.575,119.24999,10.84,0
491956,214.0650715,-1.46462571,0.03634,0.03722,1.26,0.46,64.840004,9.04,0
573736,129.85892654,-0.19714267,0.05104,0.05205,2.57,0.5059,169.78,9.44,0
106387,215.87793411,0.9184424,0.03945,0.0403,2.65,0.812,124.32,8.68,0
422921,132.85921906,2.68172647,0.02853,0.02953,3.28,0.7471,71.04001,8.29,0
145511,185.00041773,-1.29265362,0.08773,0.089,2.07,0.7859,70.76001,10.56,1
227964,215.52718349,1.1629066,0.05497,0.05584,2.38,0.1648,140.38998,9.49,0
618084,214.24046411,0.25193995,0.05311,0.054,1.85,0.16,118.49,9.42,0
321022,220.702086,1.63976897,0.02635,0.02709,3.72,0.7072,63.690002,8.47,0
227223,212.6710636,1.33941466,0.05469,0.0556,3.69,0.1125,88.06,10.31,0
508481,217.19132189,-1.58182167,0.05579,0.05664,3.73,0.1552,57.800003,10.0,0
99932,185.02575191,0.96120554,0.09034,0.09161,2.73,0.2107,21.430008,10.32,0
91458,212.08026693,0.62251734,0.04094,0.04185,4.06,0.4335,160.81,8.95,0
422501,131.20912142,2.56391963,0.04984,0.05086,1.87,0.185,16.359985,9.43,0
509178,219.91752297,-1.55615279,0.02677,0.02753,4.92,0.2718,40.190002,8.54,0
238085,213.16654452,1.75490355,0.01769,0.01911,7.98,0.3434,108.89001,9.21,0
99464,182.94458507,0.98954888,0.0208,0.02244,6.57,0.7665,119.35,9.35,0
144239,179.38262402,-1.25293218,0.01831,0.02029,14.86,0.7617,140.87001,10.06,0
388451,140.1676866,2.45193049,0.01214,0.01313,7.24,0.6562,51.51999,8.43,0
618291,215.12413422,0.38473377,0.03621,0.03707,1.87,0.6699,111.46001,8.77,0
278559,132.39561337,0.84647721,0.0654,0.06646,4.38,0.7137,45.70999,10.32,0
62364,212.54004722,-0.28334105,0.05338,0.0543,5.04,0.8251,127.98,9.56,0
549690,132.44010005,-0.58649106,0.04722,0.04826,3.34,0.3234,29.660004,9.42,0
144073,178.89264335,-1.35452792,0.08205,0.08335,3.7,0.7485,23.849998,10.6,0
17362,223.16567102,0.79562071,0.03479,0.03551,1.69,0.1664,51.33,8.88,0
517786,133.66019509,2.59197506,0.05861,0.05967,3.99,0.2061,17.339996,11.33,1
492700,217.92306319,-1.37700201,0.09337,0.09423,3.18,0.7538,97.69,10.41,0
55882,183.83397386,-0.39804955,0.02081,0.02246,8.22,0.8473,14.970001,9.38,0
537357,184.88884904,-0.85542081,0.03988,0.0411,2.91,0.8194,145.0,8.65,0
387687,137.45650546,2.47192279,0.01282,0.01367,4.75,0.5024,122.17999,8.53,0
239719,218.70063296,1.59045055,0.05573,0.05654,4.78,0.6809,163.31,9.41,0
77155,212.01332028,0.04929548,0.08556,0.08651,3.53,0.6102,120.53,10.35,0
375904,131.2701537,1.40141056,0.01369,0.01426,3.54,0.3455,122.79001,8.07,0
8490,182.64151656,0.67148036,0.01998,0.02173,2.42,0.2819,66.0,9.05,0
273256,182.92730734666668,1.35203449,0.02048,0.02216,4.16,0.4617,179.10999,8.24,5
319396,214.34554477,1.9062675,0.05613,0.05701,3.13,0.6772,158.15,9.95,1
93828,222.53561466,0.61459271,0.04047,0.04121,5.75,0.6921,168.16,10.05,0
522166,133.05044818,2.95538004,0.02871,0.02972,2.66,0.3689,35.47,8.94,0
196948,133.39702644,-0.71001657,0.06115,0.06222,3.98,0.7434,13.369995,10.37,1
486834,221.74482813,-1.78888711,0.04349,0.04425,5.99,0.8545,160.37,9.75,0
47286,212.14283282,-0.78980702,0.02548,0.0264,2.39,0.6822,51.14,8.51,0
296685,212.82564611,1.43318754,0.02552,0.02642,6.5,0.1489,71.59,9.31,0
585314,182.23166335,-0.0925008,0.04055,0.04178,3.11,0.7105,47.100006,9.18,0
380578,129.247198,1.79203711,0.0131,0.01357,14.48,0.0878,148.5,10.15,0
289097,181.14178909,1.80160352,0.0187,0.02063,11.87,0.4437,154.94,10.76,0
485047,213.80041654,-1.89855903,0.04769,0.04859,3.15,0.7945,132.73,10.28,0
491505,212.14943089,-1.51113276,0.07575,0.0767,12.42,0.4673,34.0,10.36,1
325007,138.31550302,1.86724656,0.05541,0.05652,5.33,0.2838,61.5,10.97,0
618929,217.41929641,0.36639871,0.05576,0.0566,4.35,0.0039,111.81,11.33,0
49784,222.57312732,-0.65014115,0.04278,0.04352,3.06,0.313,122.57001,10.24,0
22595,178.31624751,1.21121208,0.07903,0.08032,3.68,0.4436,28.220001,11.12,0
177234,176.11437041,-1.97372783,0.08054,0.08185,1.58,0.3265,41.62001,10.33,0
71178,183.42229892,0.19650743,0.07465,0.07591,4.46,0.249,26.289993,11.0,0
601017,138.345345,0.26644709,0.08023,0.08138,1.83,0.3817,143.47,10.35,0
544259,214.63431747,-0.8501611,0.04888,0.04976,2.64,0.1477,43.059998,9.86,0
372539,136.29750278,1.02415451,0.05163,0.05272,4.83,0.801,48.800003,10.36,1
239748,218.79943995,1.636266,0.11272,0.11357,2.06,0.2118,165.56,11.03,0
78522,217.49844675,0.2003409,0.05541,0.05625,1.98,0.1156,16.829987,10.44,0
422601,131.67003087,2.63308307,0.07656,0.07761,1.6,0.5836,86.88,10.6,0
575237,139.10968979,-0.12506421,0.0879,0.08906,5.65,0.4065,119.18,11.18,1
15165,214.38117277,0.77164277,0.07753,0.07844,6.24,0.1203,148.83,11.15,0
574423,135.75994021,-0.20038809,0.0536,0.05469,4.38,0.2613,153.81,10.74,0
560206,179.663316,-0.48317319,0.08408,0.08538,2.03,0.718,100.57,10.7,0
599838,132.79081214,0.25359158,0.04091,0.04195,5.63,0.1478,14.529999,11.15,0
610159,178.98321948,0.21948211,0.07917,0.08046,2.24,0.2573,167.33,10.42,0
319058,213.4523081,1.92439475,0.05446,0.05536,3.17,0.489,27.320007,10.76,0
720667,130.24504286,1.65260073,0.00419,0.00466,0.29,0.5432,118.590004,7.64,6
560287,179.84039759,-0.51224555,0.0815,0.08279,3.87,0.2366,45.369995,10.88,0
346887,135.38349686,2.0621208,0.05697,0.05805,2.13,0.0471,126.87,10.55,0
535387,177.65912753,-0.8907316,0.05141,0.05268,3.24,0.3504,97.78,10.37,0
537027,183.75397687,-0.91847495,0.10446,0.10576,5.19,0.2251,88.32001,10.95,0
534755,174.89950562,-0.99105274,0.07716,0.07847,2.45,0.4808,159.81,10.66,0
136402,174.73594132,-1.77505385,0.10614,0.10749,4.86,0.3809,136.76001,11.0,0
79756,222.93266742,0.06284048,0.09956,0.10033,3.29,0.1628,98.7,10.92,0
593734,217.62993683,-0.20561589,0.10406,0.10493,9.19,0.1747,20.910004,11.34,0
186012,182.69417448,-1.56899615,0.10076,0.10206,7.47,0.1341,110.51,11.03,0
610397,180.06982227,0.40507645,0.07741,0.0787,11.5,0.6567,123.619995,10.9,0
220499,181.85849619,1.5455943,0.04786,0.0491,3.75,0.4046,82.100006,10.69,0
346888,135.3791797,2.07050116,0.0568,0.05788,3.72,0.1013,123.97,10.59,0
144051,178.87771862,-1.26141078,0.01929,0.02115,4.89,0.31,15.98999,10.16,0
107277,219.32231163,0.90015058,0.07883,0.07965,3.14,0.4675,76.82001,10.74,1
184932,178.61016444,-1.45862842,0.07706,0.07836,2.15,0.2328,20.25,10.38,0
609330,175.14833621,0.30695163,0.10615,0.10749,3.06,0.3568,160.73,10.91,0
64605,219.539242,-0.25705122,0.10911,0.10995,4.03,0.041,15.040009,10.95,0
79712,222.80701206444442,0.0279597,0.02326,0.024,1.95,0.275,103.84999,8.57,5
22491,177.78418892,1.12097053,0.10629,0.10762,2.66,0.0145,125.939995,11.06,0
105738,213.24685982,0.92118465,0.05291,0.05381,2.84,0.3627,123.84,10.5,0
601210,138.89056126,0.3173079,0.06937,0.07051,4.67,0.2614,115.28,11.01,0
584648,180.06771934,-0.14370511,0.08025,0.08154,2.2,0.2425,170.92,10.46,0
492169,215.14653321,-1.41345483,0.08218,0.08308,7.59,0.1351,114.090004,11.12,0
6821,174.15315328,0.8154385533333334,0.00375,0.00443,6.21,0.1558,23.36,7.42,5
106815,217.3517478,1.01231598,0.08708,0.08794,1.69,0.0514,92.63,10.3,0
793221,185.64583547,-1.54876171,0.02158,0.02313,0.94,0.7492,79.94,8.24,0
714371,182.11149336,1.94611722,0.03327,0.03449,0.75,0.1497,167.04001,10.24,1
693425,219.47663731,-0.39891241,0.00596,0.00715,,,,7.92,3
744473,177.65125608,-0.56757879,0.00564,0.00757,,,,7.98,3
882797,222.07248661,-1.89665335,0.04002,0.04077,,,,9.0,0
3897281,130.38835354,-0.82828163,0.05688,0.0579,,,,10.22,0
957641,222.43232265,-0.77755943,0.07161,0.07237,30.72,0.8935,105.65,10.53,1
215051,132.6666115,0.56999879,0.04508,0.04612,9.51,0.8585,91.8,9.64,0
22070,175.65956299,1.12265905,0.04764,0.0489,4.29,0.3536,168.18,9.66,0
209613,134.11255631,0.19400178,0.05692,0.05799,1.65,0.4748,28.259995,9.42,0
55537,182.69403929,-0.41907645,0.07864,0.07992,4.68,0.5562,173.51001,10.54,0
55684,183.11338995,-0.29713974,0.03528,0.0365,2.26,0.7128,19.600006,9.51,0
568326,214.63130581,-0.48520338,0.0512,0.05208,5.2,0.2255,4.489998,9.88,0
422464,130.92814509,2.58916639,0.02571,0.02658,3.71,0.7328,42.229996,8.57,0
585422,182.67624829,-0.15891999,0.05034,0.05158,3.87,0.5073,25.089996,10.02,0
210964,140.62642756,0.14732646,0.02572,0.02676,5.74,0.783,141.06,8.67,0
49755,222.38983409,-0.78423529,0.02736,0.02807,2.45,0.3361,126.89,8.55,0
618106,214.31336596,0.22075465,0.07737,0.07828,4.29,0.3848,103.619995,10.6,0
599705,132.48355372,0.28968174,0.05166,0.0527,4.28,0.0558,85.67999,9.51,0
504922,217.77785462,-1.94575806,0.05296,0.0538,4.2,0.7838,43.70999,10.02,0
491958,214.08203421,-1.4216326,0.03687,0.03775,3.06,0.3246,133.88,8.9,0
9163,185.14066079,0.78805793,0.00706,0.00926,10.38,0.4474,110.63,9.22,0
40453,181.28999469,-0.74758736,0.03315,0.03438,3.89,0.6114,52.729996,9.59,0
609307,174.92471695,0.32271896,0.02694,0.02819,5.72,0.6985,48.619995,9.78,0
227318,213.06896214,1.21590523,0.08439,0.08532,4.64,0.6472,68.04001,10.62,0
323133,130.5238463,1.55214343,0.02526,0.02611,1.6,0.5321,36.329987,8.87,0
239478,217.76025815,1.49608078,0.03304,0.03385,5.38,0.0933,79.58002,8.62,0
56103,184.56434021,-0.36485024,0.07916,0.08042,3.08,0.7337,52.300003,10.47,0
177816,178.16451369,-1.89590918,0.03944,0.04069,3.33,0.8273,23.100006,8.62,0
585694,184.09470302,-0.13518803,0.02476,0.02606,1.65,0.4006,26.970001,8.56,0
278702,133.34646647,0.83572799,0.02874,0.02976,1.2,0.3256,176.70001,8.34,0
272702,180.60461136,1.33955484,0.08167,0.08295,3.06,0.7364,137.92,10.73,1
485688,216.9634062,-1.74523516,0.05303,0.05388,4.3,0.7941,165.03,10.15,0
99259,182.06867249,0.92959648,0.03556,0.03678,6.23,0.6771,170.58,9.31,0
204876,139.88435455,-0.41006993,0.03869,0.03981,8.04,0.8391,147.34,9.19,0
106422,216.02913065,0.95049939,0.03869,0.03954,4.52,0.0508,42.030006,8.99,0
609433,175.6871286,0.28226324,0.01834,0.02028,5.0,0.6044,88.53998,8.84,0
599857,132.74865447,0.32537773,0.04066,0.0417,2.46,0.6279,74.76001,8.84,0
85919,184.56949029,0.55197079,0.02114,0.02274,1.55,0.4327,90.11,8.58,0
238164,213.44665007,1.74971467,0.02555,0.02644,5.62,0.2355,68.58,8.99,0
460380,211.95848878,-1.65315107,0.05467,0.0556,4.24,0.6767,160.20999,10.41,0
463176,211.81053139,-1.19531811,0.05448,0.05541,6.15,0.5016,60.37999,9.87,0
617782,213.20217681,0.36212151,0.05427,0.05518,1.26,0.5556,145.48001,10.42,1
492953,218.97555418,-1.27840075,0.05617,0.05699,2.74,0.3487,150.68,9.77,0
599726,132.64242558,0.21456921,0.04147,0.04251,3.32,0.6478,158.05,9.61,1
574313,135.22169082,-0.05522798,0.04196,0.04303,2.06,0.5857,44.61,8.89,0
377526,137.91215552,1.58830951,0.02651,0.02752,3.37,0.1227,17.040009,8.42,1
93172,219.35591482,0.42271802,0.1093,0.11014,3.88,0.8084,6.399994,11.02,0
508744,218.15460286,-1.52340631,0.05253,0.05336,5.58,0.7649,119.560005,10.4,1
381208,131.68424238,1.8236545,0.05068,0.05171,0.55,0.2012,121.57,9.58,0
273577,184.17736587,1.40508812,0.02159,0.02313,5.25,0.4564,18.699997,8.35,0
48724,218.37600046,-0.81034133,0.0557,0.05652,2.25,0.1884,175.45999,10.18,0
79771,222.86892118,0.08145201,0.04252,0.04325,4.6,0.2966,39.22,9.02,0
319057,213.44546689,1.93351859,0.05482,0.05572,4.48,0.5774,81.34,10.14,0
220217,180.79252859,1.58000323,0.07812,0.0794,2.6,0.072,34.5,10.43,0
137569,178.70712251,-1.6883044,0.07813,0.07943,6.07,0.8318,156.32,10.39,0
551672,140.97888792,-0.44919538,0.02456,0.02558,4.82,0.268,159.70001,8.48,0
218717,139.99074404,0.84559286,0.01714,0.01808,8.5,0.2437,71.51001,8.92,0
517960,134.27689276,2.66458362,0.0133,0.01399,8.81,0.3883,117.560005,8.3,0
47464,213.10117512,-0.73201808,0.05443,0.05534,2.29,0.5919,171.73,9.5,0
623366,138.54711076,0.8182101,0.05509,0.05621,5.51,0.0579,136.04999,10.42,0
297633,216.56453227,1.49149243,0.05503,0.05588,5.69,0.2523,4.630005,10.43,0
136688,175.91220384,-1.64694057,0.04291,0.04418,2.93,0.4082,172.97,10.47,0
252285,223.09309178,1.89559188,0.02773,0.02842,2.47,0.3504,69.40001,9.15,0
30786,176.74627316,-1.09410565,0.0477,0.04897,4.51,0.7165,8.149994,10.35,0
93414,220.16898055,0.54263866,0.03364,0.03441,5.16,0.2932,124.16,8.65,0
21979,175.09543605,1.13915421,0.04103,0.04229,8.86,0.6423,54.61,9.13,0
65408,223.06693011,-0.29362259,0.04341,0.04414,5.29,0.1226,98.58,10.92,0
23144,180.4393966,1.06879331,0.08389,0.08518,2.53,0.6995,109.04,10.63,0
91697,213.09023813,0.53044097,0.05377,0.05468,3.49,0.2489,24.39,10.64,0
70114,178.55112438,0.13663055,0.0038,0.00445,8.76,0.0734,13.73999,9.03,0
77701,214.3783512,0.18603298,0.05278,0.05367,2.7,0.5409,30.619995,10.22,1
568491,215.30683178,-0.44752584,0.10182,0.10273,2.75,0.1384,60.130005,10.92,0
319452,214.48251755,1.8694504,0.054,0.05488,2.63,0.2488,11.139999,10.49,0
287658,174.39107485,1.81587176,0.07555,0.07685,4.05,0.0555,19.660004,10.95,0
535428,177.83488271,-0.97410917,0.10621,0.10754,3.14,0.1689,96.75001,11.28,0
460349,211.84977917,-1.69345881,0.1127,0.11368,2.35,0.1175,159.69,10.95,0
568546,215.49494634,-0.58887008,0.05108,0.05195,3.52,0.4486,38.309998,9.54,3
513328,223.32676626,-1.03370725,0.08422,0.08498,1.24,0.4734,164.88,10.47,0
32196,183.82603445,-1.1098486,0.07595,0.07722,5.76,0.1812,84.16998,11.28,0
543715,212.5512108,-0.87357162,0.02534,0.02626,0.87,0.092,174.53,8.67,0
251536,219.22323912,1.90551306,0.09393,0.09476,3.14,0.236,166.53,10.84,0
237591,211.51035604,1.72025046,0.04455,0.04547,3.93,0.636,109.17999,10.31,0
551067,138.69653699,-0.47947864,0.07005,0.07119,4.14,0.2776,55.5,10.96,1
229220,221.22857872,1.03975596,0.03551,0.03626,0.8,0.1613,160.03,9.37,0
54917,179.97383992,-0.32519603,0.08429,0.08559,2.64,0.2011,33.089996,10.33,0
7969,180.03364558,0.67385043,0.08554,0.08683,5.17,0.1772,161.03,11.02,0
71100,183.11291284,0.16512682,0.08246,0.08374,2.21,0.1346,112.18,10.51,0
323508,132.03338022,1.5648639,0.03956,0.04058,,,,8.7,3
319019,213.3031281,1.78377809,0.0489,0.0498,3.77,0.2215,111.25,10.04,3
372727,137.29000938,1.15764301,0.05561,0.05671,2.33,0.4231,63.680008,9.62,0
32295,184.07739305,-1.06923279,0.03155,0.03276,4.47,0.7405,31.209991,9.1,0
619940,222.32062581,0.31077768,0.05605,0.0568,5.2,0.7749,34.850006,9.75,0
485413,215.53479468,-1.85977124,0.03476,0.03562,3.14,0.7525,37.950012,9.63,0
228428,217.30669011,1.07186204,0.03691,0.03773,3.65,0.6254,65.09999,9.52,0
301182,132.6336096,1.12447514,0.0421,0.04313,3.15,0.5552,84.850006,8.68,0
623747,140.2955394,0.81746509,0.08792,0.08909,3.75,0.7567,129.05,10.44,0
417975,134.47826381,2.55015824,0.01269,0.0134,1.75,0.6996,112.71999,8.05,1
323281,131.24377506,1.6744312,0.0704,0.07144,3.26,0.772,12.019989,10.34,0
417676,132.73658691,2.3383811,0.04021,0.04124,6.28,0.7775,124.8,9.97,0
98143,176.41219791,0.92089627,0.02726,0.0285,2.88,0.3741,166.13,8.39,0
302996,140.20403523,1.41770685,0.08187,0.08303,1.7,0.5397,158.08,11.39,1
92944,218.14441818,0.45553806,0.03105,0.03186,3.16,0.6062,3.6600037,9.57,0
79738,222.94801257,0.02726649,0.06383,0.06458,2.02,0.4536,51.839996,10.43,0
238080,213.12487714,1.58770055,0.02609,0.02698,1.83,0.4431,19.86,8.33,0
601208,138.96547364,0.33460073,0.05727,0.0584,4.63,0.7119,118.75,9.77,0
570033,221.65662452,-0.54598677,0.05665,0.05742,6.06,0.7965,24.179993,10.99,0
610617,180.96339537,0.30609332,0.08303,0.08432,2.47,0.6327,143.67001,10.39,0
290423,185.96662205,1.75303738,0.02405,0.02537,3.09,0.3456,113.600006,8.27,0
419128,138.93538046,2.69476884,0.09014,0.09129,3.93,0.6428,129.03,10.47,0
378063,140.37968856,1.57524396,0.07109,0.07224,2.67,0.0159,117.78,10.36,0
288461,178.77044345,1.71980956,0.00421,0.00599,7.31,0.4137,55.200012,8.35,0
610298,179.67628114,0.39441457,0.08671,0.08801,3.3,0.7016,87.66,10.46,0
345490,129.757138,1.9017094,0.11027,0.11133,1.29,0.0779,71.67,11.07,1
544958,217.76735644,-0.91910149,0.02533,0.02614,8.67,0.5483,106.92,10.42,0
209414,133.20973564,0.15797249,0.02563,0.02655,6.83,0.4544,179.54001,9.04,0
79635,222.51551376,0.09749601,0.04006,0.0408,9.13,0.4036,135.94,10.46,0
84296,177.0605875,0.60550525,0.03008,0.03132,2.06,0.4274,91.07,8.69,0
346861,135.2964412,2.07819786,0.05536,0.05644,4.21,0.3314,15.73999,9.82,0
271700,175.64545937,1.25181475,0.075,0.0763,8.69,0.8801,91.35,10.73,0
537417,185.08272944,-0.8491013,0.0244,0.02571,7.12,0.3154,167.04001,8.96,0
549314,131.11721306,-0.60643874,0.02986,0.03087,1.76,0.0916,121.670006,8.66,1
623679,139.98309553,0.64128869,0.05641,0.05755,6.08,0.7647,103.99,10.23,0
7942,179.87767293,0.6477034,0.08571,0.08701,3.44,0.4513,40.190002,10.33,0
544423,215.51102538,-0.96579885,0.0748,0.07569,4.68,0.7616,58.51999,10.6,0
299041,223.00777054,1.26017304,0.02888,0.02959,3.62,0.2769,130.59,8.28,0
63777,216.88216861,-0.29013127,0.05372,0.05457,6.39,0.0369,130.42001,10.45,0
381215,131.68184337,1.84332,0.04997,0.051,5.64,0.6648,143.67,10.49,0
99332,182.3092642,1.0256206,0.03715,0.03837,1.71,0.401,12.309998,8.7,0
371677,132.32418291,0.91676129,0.06727,0.06833,4.38,0.1349,168.12,10.57,0
486782,221.41631562,-1.71861716,0.02966,0.03041,7.08,0.7208,77.98001,9.3,0
300723,130.63866606,1.14939719,0.07731,0.07835,3.12,0.6799,40.399994,10.31,0
198310,138.96131198,-0.76054773,0.05291,0.05404,4.54,0.357,174.52,10.27,1
574572,136.33632961,-0.03699691,0.01909,0.01987,1.88,0.0824,15.619995,8.76,0
47943,215.09687107,-0.81923483,0.08335,0.08425,4.15,0.2456,170.28,10.83,0
85845,184.23322459,0.53134733,0.02922,0.03043,4.12,0.221,101.85,8.67,0
136735,175.9883141,-1.75868881,0.07762,0.07893,2.92,0.18,124.310005,10.38,0
145583,185.32450739,-1.2541284,0.0217,0.02324,7.35,0.414,111.08,9.39,0
599875,132.84364687,0.38854492,0.053,0.05405,2.56,0.3827,41.490005,9.66,0
184718,177.64548138,-1.45341773,0.01988,0.02165,1.61,0.5479,16.929993,8.27,0
371258,130.70366779,0.88829346,0.07783,0.07887,2.79,0.461,151.71,10.42,0
575342,139.55929338,-0.19669853,0.05696,0.0581,3.54,0.2757,61.690002,9.58,0
22454,177.58678849,1.07310213,0.07823,0.07953,2.55,0.7354,1.9899902,10.49,1
30346,174.63864908,-1.18449072,0.0208,0.02244,11.25,0.3244,40.119995,10.45,0
300613,130.18723999,1.09923154,0.02925,0.03024,5.99,0.5546,72.29001,9.25,0
372240,134.73560701,1.14508751,0.05248,0.05355,1.81,0.3238,118.24,9.82,0
492694,217.87074485,-1.30473679,0.04031,0.04113,2.62,0.4318,34.190002,8.94,0
178210,179.56518893,-1.97525945,0.02156,0.02313,2.84,0.3437,96.45,8.28,0
7688,178.99049594,0.72330942,0.03229,0.03353,3.87,0.6772,116.649994,8.74,0
36923,212.91960153,-1.05212751,0.0243,0.02524,7.64,0.1199,164.47,9.04,0
272549,179.944867,1.33381196,0.07714,0.07842,2.68,0.6772,130.84999,10.67,0
24207,184.8986772,1.21660781,0.02131,0.02288,4.55,0.7183,83.94,8.89,0
79105,220.06863349,0.18258777,0.08553,0.08634,2.75,0.2179,84.42999,10.34,0
100192,185.92765521,0.96219254,0.02409,0.02541,5.66,0.08,36.89,9.33,0
534736,174.85537605,-0.98036857,0.0772,0.07851,2.97,0.7357,150.01001,10.34,0
278292,129.70350234,0.71542689,0.08166,0.08269,3.53,0.6294,42.809998,10.43,0
788686,183.16084362,-1.92202223,0.03267,0.03389,1.57,0.5601,46.509995,8.93,6
30913,177.36982846,-1.07622131,0.01954,0.02136,2.24,0.2133,133.82,9.22,0
491509,212.16299261,-1.49395349,0.05444,0.05537,6.67,0.7545,67.84999,10.6,0
593683,217.45915571,-0.11710478,0.08602,0.08688,5.17,0.611,135.89,10.51,0
24013,184.0186558,1.18042753,0.05003,0.05126,6.18,0.2329,33.33,10.58,0
137357,178.18801214,-1.68373457,0.08068,0.08198,4.94,0.3007,54.539993,10.45,0
186202,183.47822876,-1.61505156,0.03716,0.03838,1.24,0.4148,137.41,9.76,0
178865,182.18737363,-1.89501562,0.0212,0.02281,5.68,0.3483,170.06,8.42,0
517295,131.62760336,2.54407472,0.02843,0.02941,3.0,0.2142,134.51,8.94,0
618071,214.01853552,0.21626385,0.02585,0.02673,9.07,0.3653,158.2,8.94,0
77403,213.15511204,0.14169384,0.05403,0.05494,2.39,0.4506,41.64,9.65,0
484976,213.54593013,-1.8076983,0.03833,0.03922,1.54,0.6027,83.91,9.42,0
600030,133.49452449,0.35004214,0.02816,0.02917,8.27,0.6497,171.27,10.25,0
522165,133.04567142,2.95272569,0.02899,0.03001,1.28,0.4795,110.19,8.67,0
79294,220.94325251,0.20741093,0.02846,0.0292,3.74,0.7196,148.97,9.14,1
504713,217.04186552,-1.94160551,0.05383,0.05468,5.4,0.6729,112.40001,10.47,0
377962,139.7422809,1.56468554,0.03732,0.03843,2.03,0.1813,47.979996,9.05,0
574617,136.43827158,-0.19325484,0.07642,0.07754,2.42,0.1477,131.92001,10.33,0
84900,180.09965191,0.49066872,0.02573,0.027,6.51,0.553,172.39,10.44,0
56439,185.92565787,-0.2572522,0.02501,0.02628,9.41,0.1468,132.16,8.66,0
297943,217.72679521,1.27763582,0.03226,0.03307,9.35,0.7682,168.98999,10.36,1
550780,137.42007561,-0.4662267,0.07014,0.07127,3.57,0.3799,14.98999,10.6,0
278846,133.94461373,0.80156918,0.04138,0.04243,3.86,0.6318,129.4,9.54,0
288457,178.74013846,1.85031292,0.04676,0.04801,3.89,0.4359,152.69,9.72,0
92676,217.15651731,0.55280067,0.00527,0.00651,12.53,0.694,67.53,8.8,0
70023,178.0185453,0.08101219,0.05846,0.05973,3.18,0.6522,73.109985,10.33,0
98881,180.31582651,0.89718193,0.08522,0.08651,4.85,0.6626,84.77002,10.59,0
136880,176.33707383,-1.81279084,0.02677,0.02803,3.79,0.5726,69.34,9.78,0
560779,181.75398791,-0.62858555,0.02271,0.02416,1.53,0.2984,131.70999,8.47,0
545576,220.19866987,-0.96812552,0.05699,0.05778,2.9,0.1964,41.75,10.24,0
99569,183.4148705,0.97768705,0.06436,0.06561,3.74,0.4778,28.979996,10.67,0
227317,213.02676898,1.20157695,0.02533,0.02624,3.29,0.1832,104.100006,9.08,0
107503,220.44323142,0.92049724,0.03337,0.03414,2.23,0.4146,139.82999,9.64,0
371600,132.11063109,1.06617906,0.02831,0.0293,18.26,0.6487,143.67,10.0,1
417441,131.13327494,2.29648443,0.05114,0.05216,7.75,0.6861,26.859985,10.78,0
575385,139.69754175,-0.17392387,0.05685,0.05799,3.27,0.4061,48.229996,10.12,0
371257,130.68618985,1.00845713,0.08561,0.08666,2.32,0.3862,77.72,10.42,0
348048,140.09045935,2.30742962,0.08593,0.08709,2.86,0.1408,26.200012,10.42,0
185190,179.49464921,-1.55768041,0.02022,0.02195,5.29,0.3192,12.790009,9.01,0
30916,177.34806988,-1.08377011,0.02048,0.02217,19.65,0.8198,73.520004,10.8,0
534840,175.37763477,-0.8857111,0.05462,0.0559,8.05,0.6663,140.43,9.54,0
220603,182.30863865,1.65730156,0.0808,0.08207,3.21,0.0256,9.279999,10.33,0
238507,214.55491398,1.64643784,0.08304,0.08394,2.52,0.7188,68.5,10.62,0
177010,175.29956564,-1.96232455,0.05417,0.05545,2.86,0.7507,172.6,10.55,0
505773,221.62808532,-1.85776848,0.02948,0.03023,8.44,0.413,44.83,8.91,0
288683,179.72480878,1.73565019,0.078,0.07928,6.55,0.3498,36.36,10.33,0
9352,185.977189,0.83052966,0.02426,0.02557,2.07,0.4717,111.22,8.97,0
583863,177.06637872,-0.05789305,0.09648,0.0978,9.25,0.2866,161.29999,11.42,1
560918,182.26999115,-0.56820974,0.06322,0.06448,2.92,0.2912,154.43,10.8,0
376161,132.27742911,1.34589272,0.02564,0.02653,0.68,0.3731,112.43,8.2,0
549706,132.54850478,-0.56793967,0.07277,0.07384,1.83,0.1294,37.97,10.5,0
238453,214.30321406,1.71399133,0.05458,0.05546,3.29,0.1013,19.169998,10.69,0
250183,214.23885064,1.9748295,0.05884,0.05973,0.85,0.1163,58.589996,10.23,0
30617,176.15629289,-1.14421185,0.0783,0.07961,2.25,0.3907,124.62,10.67,0
396735,174.84474055,1.52212017,0.07626,0.07756,2.12,0.6416,144.17,10.63,0
544755,216.82066987,-0.92122819,0.05356,0.05441,3.13,0.5807,82.639984,10.68,0
48272,216.52226813,-0.67339806,0.10332,0.10421,2.18,0.1843,123.229996,11.22,0
221332,185.67123346,1.637359,0.0913,0.09256,4.82,0.4229,140.79001,10.68,0
7209,176.1858632,0.65651143,0.0929,0.09422,4.61,0.4467,88.95999,10.86,0
586321,184.61129766,-0.13060588,0.05043,0.05166,1.15,0.1077,15.419998,10.09,0
16372,218.509336,0.6560075,0.03128,0.03208,5.02,0.1317,150.9,9.99,0
319395,214.34003447,1.82118909,0.05416,0.05504,5.15,0.181,51.1,10.71,0
585750,184.25238288,-0.16358507,0.07157,0.07283,4.48,0.1599,70.79001,10.99,1
278725,133.51835213,0.85320987,0.04081,0.04186,5.47,0.1097,78.359985,11.0,0
543536,211.89550733,-0.97077947,0.05403,0.05496,0.53,0.2897,86.45001,10.0,0
505341,219.37847319,-1.96418974,0.05038,0.05119,3.13,0.3804,128.31,10.65,0
598998,129.69961532,0.32602927,0.07836,0.07939,4.7,0.46,146.79001,10.8,0
205161,140.68724345,-0.3488322,0.05825,0.0594,6.48,0.376,78.860016,11.14,0
177434,176.79743874,-1.88906713,0.09489,0.09622,5.62,0.2714,163.25,11.16,0
99826,184.47984513,0.9080476,0.10893,0.11023,2.77,0.1814,90.939995,11.07,0
302310,137.16741842,1.45489821,0.10057,0.10172,2.47,0.1977,10.68,10.93,1
610396,180.0492761,0.39769832,0.08661,0.08791,3.38,0.3812,20.429993,10.69,0
517329,131.74843719,2.57031239,0.02971,0.03072,33.83,0.7197,7.5,9.28,1
23104,180.37659238,1.19410368,0.07837,0.07965,3.2,0.3625,101.479996,10.73,1
298549,220.27584778,1.40569134,0.08449,0.0853,5.3,0.1516,77.72,10.72,0
417639,132.50937587,2.28553793,0.10699,0.10808,4.77,0.0912,162.54001,11.12,0
97770,174.43995002,0.99049657,0.10004,0.10137,9.57,0.2445,174.75,11.29,0
79688,222.71914109,0.09450239,0.04268,0.04342,8.15,0.07,5.2900085,10.81,0
570203,222.73125024,-0.49237623,0.04261,0.04335,5.32,0.1749,107.3,10.78,0
549170,130.65722636,-0.62171748,0.1085,0.10958,4.36,0.1898,88.099976,11.76,0
623143,137.24586788,0.63397379,0.05345,0.05455,7.18,0.3606,82.91998,10.38,0
99685,183.78253455,1.01615928,0.04815,0.04938,43.24,0.7919,101.200005,10.73,1
273338,183.22518479,1.2988316,0.00409,0.00538,0.68,0.6468,125.59,7.73,3
718957,221.03691652,1.19498765,0.02807,0.02881,,,,10.22,3
740282,218.15538108,-1.52400457,0.05282,0.05365,,,,10.41,1
3628809,135.71379791,-0.85621081,0.01907,0.01984,,,,8.79,0
3630486,136.90923591,-0.90210505,0.03028,0.03136,,,,9.32,0
386515,132.62286344,2.18549516,0.00757,0.00822,1.49,0.1507,153.72,7.85,1
208578,129.55916312,0.12287978,0.05149,0.0525,5.08,0.8439,51.619995,9.87,0
545411,219.37551783,-0.84076937,0.05072,0.05152,3.6,0.29,140.26,9.86,0
227168,212.46811562,1.30502461,0.02559,0.0265,2.19,0.5131,156.2,8.22,0
484771,212.45316092,-1.91296739,0.02896,0.02986,4.01,0.5036,46.839996,8.84,0
323721,132.82559801,1.63470592,0.03813,0.03916,2.62,0.6152,70.09,8.69,0
204914,139.97048059,-0.24247526,0.05617,0.05731,3.33,0.8267,144.0,9.53,0
92068,214.74988845,0.56352433,0.05349,0.05437,3.48,0.3808,85.31,9.75,0
460298,211.51452109,-1.65757555,0.05427,0.05521,5.3,0.8177,112.44,9.51,0
396895,175.5758892,1.60900409,0.10206,0.10339,,,,11.14,1
346567,134.28374055,2.02134458,0.04363,0.04468,1.81,0.7259,73.140015,9.26,1
508937,219.08331905,-1.44215218,0.05671,0.05752,3.15,0.6456,109.659996,10.03,1
48740,218.42739216,-0.80048584,0.05621,0.05703,2.42,0.5469,17.100006,10.01,0
214718,131.04333383,0.46178989,0.05099,0.05201,2.12,0.292,172.98999,9.95,1
301799,135.29139512,1.37865657,0.05142,0.0525,2.97,0.6073,149.38,9.88,0
345526,129.91822359,1.96164098,0.07329,0.07432,2.62,0.1016,60.23999,10.42,0
387241,135.67497202,2.40831035,0.10639,0.10752,1.31,0.1127,150.69,11.34,1
279578,138.06829253,0.93230885,0.05412,0.05523,8.14,0.6598,178.07999,10.48,0
39263,176.25603127,-0.80844005,0.05029,0.05156,3.71,0.503,113.490005,10.88,1
535776,179.3650294,-0.93400406,0.05219,0.05345,3.26,0.4108,21.39,9.59,0
348149,140.50695804,2.23230274,0.05659,0.05773,3.85,0.7227,134.04001,9.46,0
346143,132.53025299,2.02883334,0.03577,0.03679,1.82,0.7002,72.880005,8.61,0
216155,136.94547529,0.57513569,0.0535,0.0546,3.21,0.3315,34.92,10.28,0
228573,217.85215216,1.20249438,0.03046,0.03127,4.33,0.5459,91.51,8.72,0
546043,222.74183064,-0.8815369,0.02689,0.02759,5.15,0.2516,159.85,9.43,0
522261,134.53008375,2.99422292,0.08737,0.08847,3.77,0.7765,44.33,10.74,0
422301,130.2317858,2.54878198,0.05072,0.05173,3.98,0.7252,161.11,9.68,0
79601,222.34769221,0.04231198,0.04366,0.0444,2.32,0.0932,124.75,9.05,0
618139,214.44087804,0.37258029,0.05341,0.0543,4.25,0.8201,16.0,9.8,0
573620,129.29406495,-0.10437752,0.03784,0.03883,2.99,0.7394,106.85,9.35,0
567624,212.55950089,-0.57853003,0.02578,0.02669,6.17,0.7841,66.57001,9.35,0
347096,136.23056543,2.27219576,0.05755,0.05864,3.09,0.4001,39.04001,10.12,0
47535,213.20857533,-0.73428253,0.02629,0.02718,4.91,0.5432,34.58,8.58,0
496968,212.69873386,-1.14343316,0.05399,0.05491,1.57,0.5494,17.5,9.87,3
537240,184.51433388,-0.91305679,0.02105,0.02267,5.28,0.6163,97.62,9.51,0
62406,212.77984017,-0.34219282,0.05468,0.0556,2.68,0.5296,24.850006,9.5,0
496896,211.55591756,-1.1452318,0.05398,0.05492,3.06,0.7704,98.51,9.6,0
518918,138.51542289,2.9115143,0.07179,0.07292,2.47,0.1751,42.01999,10.41,0
568750,216.30425067,-0.52136776,0.05538,0.05624,2.55,0.5933,149.76001,9.75,0
505979,222.44774959,-1.91082106,0.04358,0.04433,4.96,0.5494,140.31999,9.75,0
623897,140.9033121,0.74830002,0.05658,0.05773,2.9,0.7483,27.169998,10.24,0
30890,177.25796135,-1.10259703,0.01987,0.02164,7.56,0.4347,117.12,9.79,0
178149,179.36278962,-1.99887229,0.02205,0.02357,5.97,0.2009,17.790009,9.06,0
86215,185.7914948,0.42703504,0.00808,0.01038,3.2,0.43,41.339996,7.79,0
485585,216.58563196,-1.79082581,0.05517,0.05603,2.2,0.6935,141.75,9.99,0
583461,174.99130489,-0.16972897,0.03993,0.04119,2.05,0.0125,169.09,8.76,1
220163,180.73056961,1.48349525,0.08442,0.08571,2.79,0.3207,63.58,10.56,0
417443,131.1204864,2.29274249,0.04943,0.05045,1.36,0.4745,114.93001,10.09,1
492946,218.93741812,-1.30398205,0.07204,0.07287,4.77,0.7496,101.9,10.57,0
251502,218.8083934,1.9446796,0.02984,0.03063,5.05,0.4762,14.779999,8.62,0
623712,140.13867311,0.72105987,0.01727,0.01821,7.37,0.0847,123.920006,9.16,0
302317,137.22656677,1.43255165,0.01645,0.01726,9.79,0.4694,13.339996,9.42,0
375610,130.00079311,1.30209053,0.04852,0.04953,7.05,0.2255,168.95,10.09,0
99513,183.15824597,0.89339172,0.01975,0.02153,4.83,0.1027,154.45,8.42,0
185568,180.80586,-1.51861096,0.08205,0.08334,4.19,0.7303,99.899994,10.82,0
214431,130.28389572,0.57605286,0.0418,0.0428,2.92,0.5325,100.07001,10.27,1
78520,217.47984345,0.16898817,0.05605,0.05689,5.06,0.0484,115.17,9.86,0
40482,181.4871117,-0.65206419,0.03692,0.03815,3.36,0.1962,36.820007,9.01,0
240453,222.5612511,1.39238481,0.04444,0.04518,4.34,0.5516,116.45,9.54,0
544668,216.39775669,-1.00599258,0.05521,0.05607,2.7,0.2422,177.44,9.64,0
39131,175.30144074555557,-0.72517841,0.02773,0.02898,29.08,0.6236,42.499992,9.01,5
210669,139.2248773,0.06286413,0.08786,0.08902,1.94,0.0529,68.64,10.4,0
137352,178.15514579,-1.8506532,0.08291,0.08422,7.76,0.372,35.049988,10.53,0
383120,139.99999614,2.12926003,0.08765,0.08882,5.91,0.3902,43.86,10.31,0
570214,222.74159767,-0.4962494,0.04379,0.04453,0.78,0.1752,139.34,9.34,0
230683,180.86975065,1.97642781,0.02054,0.02221,4.57,0.0299,13.459991,9.94,0
230797,181.15316312,1.91898482,0.01966,0.02145,0.95,0.0549,130.70001,8.94,0
99348,182.45975023,0.88308467,0.07724,0.07851,4.95,0.4174,173.20999,10.79,0
289113,181.07915908,1.84838804,0.02387,0.02522,6.51,0.4397,166.34999,10.52,0
231843,185.68074695,1.92577722,0.09066,0.09192,1.22,0.61,0.27999878,10.34,0
496978,212.90774321,-1.15907496,0.00488,0.00614,29.18,0.8216,171.88,8.85,0
545308,218.92184121,-1.01966452,0.0899,0.09074,1.82,0.4052,140.97,10.34,0
47577,213.34754997,-0.64722403,0.02546,0.02636,7.48,0.2087,127.04001,8.83,0
70532,180.27080337,0.11376862,0.02069,0.02235,4.74,0.6304,136.37,10.21,0
618952,217.55209582,0.23411258,0.05452,0.05535,4.93,0.5591,137.44,10.76,0
92782,217.49144761,0.5013236,0.08638,0.08724,2.0,0.5436,154.31999,10.65,0
534655,174.364431,-0.84656847,0.04644,0.04771,7.81,0.3975,54.53,11.13,0
610618,180.9880053,0.33201869,0.08165,0.08294,5.32,0.7254,116.46,10.94,0
47254,212.00218596,-0.82181131,0.05473,0.05566,3.75,0.0529,175.45001,11.03,0
599310,130.9724596,0.35243157,0.05011,0.05113,6.3,0.4616,125.78,10.88,0
70913,182.11874999,0.16325745,0.03544,0.03667,1.56,0.2518,35.800003,9.13,0
47753,214.12063124,-0.74387217,0.04888,0.04977,9.97,0.3127,171.78,10.7,1
419003,138.44523393,2.69239167,0.09073,0.09188,1.5,0.3407,125.229996,10.51,0
138142,181.0496938,-1.81404339,0.08089,0.08218,1.91,0.205,113.840004,10.73,0
238540,214.6862444,1.7340948,0.07772,0.07862,2.89,0.5862,87.859985,10.67,0
40300,180.47455239,-0.72681117,0.07749,0.07878,2.25,0.3639,151.35,10.76,0
402420,175.07028057,1.8948393,0.07549,0.07679,1.31,0.7115,148.24,10.5,0
39057,175.02670566,-0.83774235,0.01962,0.02141,5.53,0.0689,91.520004,10.44,0
271606,175.11258953,1.39673905,0.07593,0.07723,12.95,0.8619,122.77,10.61,0
422291,130.1433787,2.61132645,0.04964,0.05064,8.04,0.0106,8.540009,11.39,0
288681,179.69281994,1.71251578,0.0778,0.07908,1.13,0.598,30.86,10.31,0
54200,177.16656597,-0.26592811,0.04736,0.04862,2.59,0.2811,148.8,9.86,0
561769,184.79011569,-0.61606794,0.05404,0.05527,37.34,0.2167,74.88,9.54,1
559250,176.36075931,-0.45320984,0.09217,0.09349,4.39,0.0918,0.13000488,10.96,0
78546,217.65471875,0.15260836,0.02252,0.02343,22.66,0.2634,93.08,10.12,1
272394,179.24010783,1.28029751,0.07941,0.0807,5.92,0.2793,24.459991,10.62,0
279324,136.60254148,0.96558748,0.07036,0.07147,4.06,0.1925,34.890015,10.43,0
107416,219.86173788,1.01747992,0.08233,0.08314,2.66,0.2248,120.92,10.62,0
107280,219.27495673,0.88835687,0.07792,0.07874,2.75,0.0481,109.979996,10.3,0
30467,175.39330023,-1.20008287,0.07737,0.07868,0.47,0.6127,15.850006,10.38,0
486867,221.86778208,-1.6339264,0.04278,0.04354,22.79,0.5831,122.46,10.59,0
91689,212.97755087,0.49781354,0.05435,0.05526,1.89,0.1831,139.31999,10.21,0
47217,211.88374397,-0.78179774,0.05246,0.05339,20.53,0.3685,139.52,11.02,1
739864,221.70857825,-1.9604381,0.04325,0.04401,,,,9.56,3
3628218,135.25550814,-0.92860701,0.08905,0.09017,,,,10.96,0
318822,212.68119541,1.82556147,0.05044,0.05135,4.47,0.1932,57.949997,9.53,0
230880,181.36470368,1.94811987,0.01864,0.02057,4.89,0.4071,14.600006,9.7,0
279868,139.70682162,1.0185589,0.08761,0.08878,1.62,0.122,6.6100006,10.45,0
24475,185.82925732,1.06560553,0.08921,0.09047,5.48,0.5632,117.96999,10.76,0
544891,217.5454332,-1.04100818,0.03008,0.0309,4.52,0.5314,25.480011,10.15,0
487168,223.22504218,-1.67959808,0.10918,0.10996,4.28,0.5854,124.810005,11.0,0
186476,184.67927326,-1.52203438,0.06937,0.07063,3.42,0.1884,65.619995,10.34,0
618992,217.67933956,0.25287565,0.05486,0.05569,4.23,0.5722,157.34,10.81,0
240312,221.91452446,1.4483021,0.10409,0.10488,3.39,0.5351,129.05,10.9,0
550771,137.36966748,-0.43406654,0.06431,0.06543,4.09,0.5595,7.699997,11.04,1
48433,217.04583081,-0.72214259,0.07263,0.07349,3.98,0.6157,36.910004,11.07,0
23593,182.32194058,1.15158193,0.01982,0.02159,2.42,0.3895,69.609985,8.51,0
509080,219.66127927,-1.56506462,0.05725,0.05806,1.35,0.6633,179.9,10.11,0
198503,139.76574962,-0.81766194,0.01664,0.01761,2.51,0.4562,19.519989,8.58,0
376121,132.1177753,1.39725819,0.05149,0.05253,6.36,0.4167,170.12,11.02,0
558846,174.10004159,-0.49682254,0.02239,0.02386,5.36,0.7079,92.87,8.37,0
418448,136.20931236,2.50647916,0.05466,0.05575,2.03,0.5407,131.92,9.98,0
402542,175.81860791,1.9402195,0.07577,0.07707,3.41,0.5752,63.550003,10.82,0
227233,212.77144752,1.35846317,0.05497,0.05588,1.62,0.6106,161.32,10.12,1
98991,180.75409328,0.91126372,0.07841,0.07969,2.08,0.1804,99.01001,10.64,0
386789,134.01323512,2.29257986,0.07436,0.07544,0.78,0.064,102.40001,11.13,1
534626,174.18034186,-0.90279275,0.04633,0.0476,2.17,0.4278,79.29999,10.08,1
419578,140.53262234,2.73510506,0.08875,0.08992,4.53,0.3174,30.04,10.68,0
71310,184.28733227,0.05672017,0.07544,0.0767,1.37,0.3002,112.759995,10.36,0
302684,138.81099817,1.51066334,0.0547,0.05582,2.53,0.5646,20.199997,10.36,0
30918,177.3351683,-1.08194746,0.01981,0.02159,1.52,0.3404,107.3,8.63,0
250192,214.30230451,1.9919127,0.05597,0.05685,4.66,0.6496,138.29,10.67,0
177247,176.13473616,-1.97759161,0.07667,0.07798,2.9,0.2219,59.97,10.67,0
69752,176.39835362,0.0190483,0.05835,0.05963,2.56,0.3609,164.57,10.37,0
521749,130.81900023,2.92651825,0.07857,0.07961,6.29,0.6237,100.590004,10.98,0
618942,217.45103002,0.28289426,0.05578,0.05662,3.58,0.1392,91.09,10.56,0
79834,223.40383866,0.0057066,0.04387,0.04459,3.19,0.0307,141.17,10.8,0
198631,140.21921598,-0.767935,0.0557,0.05684,3.38,0.3084,136.73,10.49,0
534622,174.26374466,-0.91385837,0.05899,0.06028,1.04,0.6693,118.09,10.73,3
288853,180.41565931,1.79837145,0.07767,0.07895,5.62,0.0859,54.820007,10.81,0
417440,131.12793191,2.29491763,0.05062,0.05164,4.51,0.0195,77.119995,11.21,0
288692,179.79747496,1.71023049,0.07734,0.07862,2.35,0.4257,77.79001,10.8,0
376513,133.9801939,1.36846861,0.10947,0.11059,1.76,0.1725,63.47,11.49,0
600915,137.99953855,0.33900255,0.05416,0.05527,3.78,0.4734,178.70999,10.8,0
16638,219.62270966,0.79336319,0.08273,0.08355,6.06,0.7396,120.97,10.62,0
380801,130.14479305,1.84837592,0.05078,0.05179,2.46,0.3915,14.089996,9.6,0
279818,139.43876422,1.05542467,0.02727,0.02832,7.24,0.2086,22.89,9.54,0
386674,133.57539482,2.28251824,0.05777,0.05883,3.24,0.3049,126.64,9.42,0
300372,129.29410089,1.00136297,0.03935,0.04034,1.43,0.1799,88.22,9.16,0
62145,211.50593527,-0.31055397,0.02457,0.02553,10.46,0.107,114.59,10.19,0
486863,221.91648389,-1.74941907,0.07668,0.07746,2.56,0.3127,76.359985,10.69,1
228767,218.63083073,1.18792222,0.03034,0.03113,1.33,0.2977,17.399994,9.11,0
31984,182.83424631,-1.06600636,0.08163,0.08291,4.42,0.439,2.2799911,10.49,0
324123,134.48691783,1.62457485,0.04083,0.04188,1.29,0.5229,134.7,8.88,0
30619,176.17044221,-1.15414162,0.07742,0.07873,2.95,0.6716,149.67,10.43,0
230813,181.17168489,1.99692268,0.02256,0.02401,4.65,0.3042,153.77,9.02,0
78531,217.59157793,0.12183097,0.05543,0.05627,3.55,0.3342,55.72,10.73,0
145461,184.67167449,-1.30293213,0.08037,0.08164,3.64,0.7549,91.159996,10.51,0
100120,185.63900802,1.02033747,0.0766,0.07785,8.59,0.7673,4.139984,10.81,0
183882,174.04835511,-1.41836691,0.06031,0.0616,7.08,0.4078,81.0,10.6,0
593807,217.89266184,-0.20090512,0.09413,0.09499,1.01,0.3752,153.5,10.37,0
9037,184.73929105,0.81262041,0.0894,0.09067,4.66,0.2329,4.199997,10.44,0
560208,179.67072035,-0.59719263,0.02137,0.02296,8.68,0.3893,94.07,9.2,0
417433,131.03180623,2.28261373,0.05094,0.05196,4.09,0.7903,127.56999,10.57,0
238409,214.22835962,1.63037123,0.05294,0.05382,1.26,0.575,92.78,9.55,0
252219,222.6949907,1.93331005,0.06964,0.07039,5.94,0.5251,172.19,10.8,0
570234,222.83955257,-0.44980216,0.07912,0.07988,3.14,0.1452,43.550003,10.84,0
83872,174.70967907,0.53790412,0.02828,0.02952,6.94,0.2251,101.15,9.0,0
279943,140.13109644,0.93702459,0.01844,0.01936,2.41,0.4856,151.52,8.48,0
238952,215.86297389,1.7263034,0.00457,0.00575,16.44,0.6392,116.47,8.73,0
567682,212.88003193,-0.51341459,0.02771,0.02859,1.44,0.5999,126.02,8.46,0
8703,183.62176665,0.83011375,0.02044,0.02213,8.39,0.5779,133.38,10.36,0
560828,181.98214368,-0.54434544,0.07955,0.08083,6.04,0.8123,81.119995,10.56,0
85643,183.34342901,0.48046868,0.03584,0.03706,7.54,0.3104,51.61,9.24,0
599471,131.70323192,0.30351978,0.02923,0.03024,10.55,0.3754,73.979996,10.17,1
62440,212.90770873,-0.29559009,0.03483,0.03573,1.6,0.4968,35.53,8.72,0
184354,176.07601995,-1.46175067,0.02551,0.0268,4.63,0.7819,2.5,8.23,0
622333,132.56179461,0.7598804,0.04261,0.04365,3.86,0.2423,53.20999,9.03,0
9067,184.84232311,0.74546904,0.03369,0.0349,5.77,0.6775,142.01999,9.44,0
47997,215.47349878,-0.73919219,0.08414,0.08504,6.13,0.7481,109.8,10.31,0
216077,136.40507046,0.52199655,0.04228,0.04336,2.11,0.5369,177.5,8.61,0
535595,178.72494294,-0.96436106,0.06388,0.06516,5.99,0.2925,10.459991,10.39,0
209899,135.59543758,0.03925573,0.04057,0.04164,0.73,0.3131,102.33,8.91,0
220437,181.59512158,1.47201838,0.07838,0.07966,4.98,0.0507,158.01001,11.09,0
54923,180.0116242,-0.40558745,0.08,0.08129,3.01,0.1531,103.899994,10.43,0
371895,133.26857819,1.10447846,0.02995,0.03098,0.46,0.4607,129.99,8.89,6
214363,129.97057844,0.43242663,0.04213,0.04313,6.67,0.3061,55.550003,10.99,0
55160,180.63399907444443,-0.38941506,0.02167,0.02322,4.99,0.3837,103.729996,8.43,5
77709,214.39423969,0.20876786,0.09703,0.09795,2.26,0.6261,111.799995,10.9,0
202360,129.3541012,-0.25781052,0.03576,0.03675,3.9,0.2662,104.909996,10.39,0
16567,219.29695616,0.82900816,0.0782,0.07902,2.83,0.2971,138.84999,10.82,0
505832,221.94561766,-1.89598701,0.05744,0.05821,6.67,0.2854,101.24,10.49,0
55771,183.4600113,-0.23988473,0.0821,0.08337,2.83,0.1523,61.09999,10.83,0
372569,136.46463162,1.13053823,0.05222,0.05331,5.24,0.0269,117.97,11.17,0
15664,216.43710272,0.83592274,0.08448,0.08536,0.84,0.3826,58.25,10.53,0
511825,216.19106162,-1.28871916,0.1035,0.1044,2.09,0.4992,65.600006,10.93,0
227264,212.82385184,1.27527329,0.02498,0.0259,6.63,0.4433,83.01001,10.41,0
319606,215.17960558,1.85041646,0.07876,0.07965,1.98,0.4518,23.43,10.58,0
372123,134.52059205,1.15374158,0.07119,0.07228,7.06,0.0627,124.67,11.43,0
227611,214.3066034,1.30190539,0.0557,0.05659,3.65,0.4265,130.13,10.86,0
238213,213.63225508,1.72964628,0.0536,0.05449,8.47,0.2131,36.729996,11.04,0
318846,212.72096466,1.90829137,0.07997,0.0809,1.76,0.2732,1.7099991,10.46,0
492884,218.72304598,-1.27229662,0.05732,0.05814,1.57,0.0461,76.22,9.47,0
301191,132.68863707,1.3159844,0.04212,0.04315,5.37,0.4454,61.76001,10.7,0
250608,215.34262562,1.98316774,0.07677,0.07765,1.15,0.4556,47.100006,10.41,1
272190,178.24168855,1.2878002,0.08094,0.08224,3.7,0.1251,97.149994,10.96,0
746907,221.69081619,-0.0982809,0.10066,0.10146,1.25,0.4452,159.29001,11.3,3
375790,130.70639344,1.35129557,0.07752,0.07856,2.44,0.2301,14.649994,10.83,0
388559,140.59181542,2.58717675,0.08679,0.08796,2.36,0.3133,16.059998,10.61,3
100105,185.61714209,0.88099946,0.09812,0.0994,4.0,0.4302,7.3399963,11.07,0
78492,217.44013497,0.15840783,0.08922,0.09008,2.06,0.6134,127.71,10.44,0
512552,219.24040527,-1.06678093,0.07226,0.07308,3.2,0.2659,83.610016,10.61,0
231529,184.20819333,1.91207363,0.07689,0.07815,1.54,0.4027,174.13,10.6,0
138064,180.71172349,-1.78203252,0.02041,0.02212,7.84,0.0629,136.05,10.34,0
594049,218.93554344,-0.01336915,0.02947,0.03026,28.64,0.3352,21.169998,11.07,0
54500,178.29135629,-0.39899849,0.08073,0.08203,6.67,0.2365,7.2599945,10.93,0
693423,219.47673565,-0.39748142,0.00605,0.00725,,,,8.53,3
79811,223.15768967,0.11429525,0.04321,0.04394,1.06,0.4881,136.75,8.87,0
65075,221.54634854,-0.22294378,0.00588,0.00698,33.97,0.4077,67.0,10.57,4
513108,221.71563103,-1.14686014,0.04172,0.04248,8.58,0.1383,144.93,9.64,0
569463,219.20286248,-0.58050172,0.08228,0.08311,2.78,0.307,131.86,10.81,0
63276,215.29853977,-0.37269961,0.0532,0.05407,3.97,0.423,164.76001,10.36,0
215698,134.94340233,0.58295351,0.01117,0.01195,4.32,0.6098,179.68,8.19,0
238198,213.65671031,1.7385134,0.05526,0.05616,1.38,0.4446,139.33,10.84,1
560830,181.98781076,-0.60858018,0.08124,0.08252,0.42,0.0129,149.87,10.5,0
383089,139.89451807,2.11439424,0.08672,0.08788,2.32,0.1222,102.89,10.58,0
138011,180.54265986,-1.79149902,0.08124,0.08253,4.0,0.3293,148.11,10.7,0
227572,214.25273551,1.29564426,0.05633,0.05722,4.75,0.6694,156.88,10.11,0
63305,215.42310838,-0.33770681,0.0519,0.05277,2.71,0.5146,19.329987,10.74,0
70018,177.99921209,0.16856481,0.07693,0.07822,4.32,0.548,42.47,10.71,0
210070,136.50002678,0.00903205,0.05886,0.05996,1.03,0.0132,1.5799866,9.82,0
229202,221.04611529,1.17220488,0.02743,0.02816,1.52,0.4301,175.34,8.83,1
544835,217.17253745,-0.95122958,0.05471,0.05555,1.82,0.4158,131.61,9.58,0
387690,137.50022382,2.34665461,0.03907,0.04016,2.4,0.183,177.51001,9.14,0
396803,175.12830611,1.47171608,0.07429,0.07559,4.99,0.8214,23.929993,10.43,0
79836,223.40848826,0.02099328,0.04477,0.04549,1.88,0.5778,20.830002,9.9,0
618988,217.62064833,0.30644734,0.0559,0.05673,1.62,0.352,38.0,10.04,0
371972,133.68580408,0.97816839,0.10677,0.10788,8.75,0.7816,80.72,11.1,0
584990,180.78336964,-0.06731985,0.0753,0.07658,1.12,0.5925,146.37,10.34,0
290226,185.26734402,1.74461688,0.07937,0.08062,6.19,0.1716,1.2999878,10.85,0
85205,181.45545795,0.54021916,0.04937,0.05061,2.4,0.0206,25.020004,10.21,0
559692,178.01735186,-0.42104552,0.07697,0.07827,2.21,0.5456,43.179993,10.51,0
397294,177.65638896,1.50016775,0.0778,0.07909,0.82,0.3916,65.06,10.5,0
323242,131.00308945,1.67132815,0.02814,0.02911,2.23,0.2335,66.46001,9.5,0
487023,222.72904262,-1.65250591,0.11221,0.113,4.35,0.7877,128.09,11.1,1
137322,178.03869376,-1.65793546,0.08042,0.08172,2.13,0.1315,172.04001,10.56,0
38993,174.41349658666667,-0.81512934,0.04433,0.0456,3.51,0.5433,19.380005,9.58,5
49857,222.97283827555557,-0.72344931,0.04378,0.04451,3.98,0.554,95.47,9.47,5
386898,134.40439431,2.23945194,0.05372,0.05478,7.31,0.21,145.28,10.44,0
376584,134.25804693,1.44512499,0.07051,0.07159,5.29,0.5297,18.070007,10.51,0
85423,182.27831961,0.4732831,0.01973,0.02152,3.56,0.1767,123.350006,8.63,0
396709,174.68771146,1.52958228,0.07801,0.07931,2.55,0.3679,143.33,10.35,0
493501,221.3716757,-1.18575247,0.04168,0.04244,4.8,0.8058,75.47,10.0,0
516812,129.24114306,2.25075264,0.03138,0.03236,10.28,0.4764,110.85,10.21,1
517256,131.42709697,2.35608399,0.03261,0.03362,7.15,0.6943,162.61,9.25,0
202309,129.07747465,-0.34962058,0.05731,0.05832,2.0,0.5438,122.67,9.41,0
278134,213.12386417,1.13040195,0.04683,0.04773,3.63,0.63,145.0,9.43,0
62939,213.98688136,-0.34446321,0.07726,0.07818,2.74,0.3288,66.06,10.4,0
574502,136.00382426,-0.08924003,0.01905,0.01982,19.13,0.8112,134.86,10.18,0
511921,216.67459892,-1.14927299,0.03066,0.03149,1.77,0.3815,159.09,9.16,0
100162,185.79312004,0.93489316,0.02577,0.02701,2.75,0.4972,47.020004,9.15,0
386402,131.9851712,2.19123289,0.06136,0.0624,4.33,0.126,151.01,10.48,0
278703,133.36080482,0.83289647,0.04088,0.04192,3.16,0.6769,134.06,9.36,0
517247,131.51096495,2.53367037,0.02795,0.02892,12.05,0.8305,24.330002,10.2,0
184519,176.71522587,-1.48505619,0.09148,0.0928,5.74,0.7466,40.940002,10.62,0
62774,213.61994981,-0.38222113,0.04364,0.04453,2.38,0.1623,39.660004,9.25,6
138381,182.06869219,-1.78253678,0.02123,0.02284,2.06,0.2599,105.84999,9.4,0
37050,215.90250973,-1.06030399,0.03103,0.03188,5.53,0.3042,85.29,9.12,0
505171,218.80276064,-1.95873627,0.05416,0.05498,2.49,0.1088,51.22,9.99,0
31129,178.5474174,-1.13108925,0.01107,0.01349,4.01,0.3062,119.630005,8.9,0
185510,180.59132175,-1.45393562,0.02047,0.02217,8.21,0.7754,30.089996,9.4,0
279148,135.74609708,0.83100624,0.02741,0.02842,2.63,0.6815,9.529999,9.38,0
593645,217.39416377,-0.01822877,0.00516,0.00635,11.65,0.3935,107.0,8.0,0
22859,179.27911485,1.17824318,0.04856,0.04981,6.86,0.6437,43.130005,9.45,0
485523,216.29216654,-1.80370459,0.05438,0.05524,2.08,0.0715,70.32001,9.93,0
220439,181.6315901,1.61662965,0.01948,0.0213,5.64,0.1834,31.589996,9.54,0
49677,221.93920763,-0.67532225,0.04265,0.0434,6.12,0.6964,31.100006,9.41,0
205209,140.83938858,-0.30296713,0.0532,0.05435,1.89,0.7622,31.679993,9.53,0
324890,137.61097887,1.89656373,0.0765,0.07763,6.28,0.3228,66.01001,10.58,0
560340,180.02048069,-0.43099256,0.08042,0.08171,2.65,0.4602,21.75,10.72,0
184122,175.05660903,-1.54796812,0.04673,0.048,3.69,0.4191,25.210007,10.54,0
573610,129.27945625,-0.06568042,0.04115,0.04214,0.86,0.3814,27.769989,8.91,0
574386,135.62392669,-0.05473327,0.05396,0.05505,0.88,0.4405,69.0,9.53,0
376124,132.12184394,1.49718347,0.05022,0.05125,1.1,0.0789,110.020004,9.62,1
622305,132.55158534,0.65682959,0.04263,0.04367,4.6,0.2965,146.87,10.62,0
239055,216.30385032,1.51312008,0.04067,0.04151,1.11,0.3661,17.920013,8.64,0
622694,134.61916831,0.63711334,0.05236,0.05343,4.73,0.2182,34.660004,10.74,0
543895,213.27233631,-0.84623821,0.02572,0.02662,1.74,0.1046,30.839996,9.74,0
611064,183.12760773,0.28410671,0.08285,0.08413,1.12,0.3218,107.22,10.3,0
617986,213.8504706,0.24782893,0.07722,0.07814,5.29,0.5159,169.15,10.78,0
9032,184.68921379,0.77289916,0.06389,0.06513,2.82,0.2277,8.400009,10.3,0
505800,221.82879589,-1.86377138,0.0766,0.07738,1.2,0.5086,47.770004,10.35,0
609740,177.13587726,0.23091221,0.04717,0.04843,7.9,0.6935,8.369995,10.28,0
36915,212.50761318,-1.10772809,0.05427,0.05519,0.99,0.4895,10.25,9.97,0
106549,216.55409249,0.8605753,0.03186,0.03269,3.14,0.0423,84.33002,10.27,0
205183,140.78945307,-0.41685301,0.05562,0.05677,2.31,0.5105,74.03,9.98,0
617429,211.51215914,0.33337858,0.05372,0.05465,2.51,0.5922,89.649994,10.22,0
71290,184.18957646,0.0994817,0.07214,0.0734,4.82,0.8035,115.55999,10.55,0
601323,139.3414636,0.32191469,0.05403,0.05516,6.97,0.308,53.78,10.73,0
600646,136.68145896,0.25433707,0.05886,0.05996,3.09,0.4455,167.74,9.4,0
273114,182.1632901,1.31734934,0.07709,0.07836,1.77,0.618,18.669998,10.37,0
55373,181.85637152,-0.41271842,0.08241,0.08369,2.04,0.1664,116.16,10.47,0
137557,178.59908832,-1.73498612,0.10729,0.10862,4.43,0.0377,23.79,11.12,0
70719,181.17213736,0.01329533,0.02078,0.02243,1.87,0.4434,6.9599915,8.47,0
585028,180.89957201,-0.15704234,0.10958,0.1109,1.97,0.2876,115.42999,10.92,0
272885,181.06709681,1.38105512,0.08345,0.08473,0.91,0.4475,48.429993,10.3,0
214678,130.96091575,0.59734583,0.05017,0.05119,1.34,0.2067,170.20001,9.84,0
402476,175.29809505,1.99587637,0.07492,0.07622,1.77,0.6566,101.31,10.68,0
485924,217.93075155,-1.82659531,0.05178,0.05261,3.17,0.0589,116.69,10.41,0
30471,175.42165963,-1.20758837,0.07823,0.07954,0.76,0.3691,67.40001,10.52,0
22589,178.27615653,1.19977937,0.0786,0.07989,1.22,0.7788,134.54001,10.32,0
287830,175.21039533,1.63177072,0.07697,0.07827,5.35,0.7506,104.909996,10.83,0
376597,134.34682615,1.52134204,0.07037,0.07145,4.33,0.6974,25.220001,10.79,0
365248,129.02215548,1.89409435,0.01356,0.01402,11.24,0.3087,56.97,10.09,0
517206,131.38724826,2.47481161,0.07464,0.07569,1.09,0.0621,87.82001,10.4,0
544424,215.51569951,-0.95708985,0.10305,0.10396,6.58,0.2202,13.839996,11.16,0
205089,140.55532449,-0.36339142,0.05697,0.05812,3.17,0.4516,104.78,10.4,0
543770,212.81778405,-0.95976535,0.08719,0.08813,2.17,0.2857,123.17,10.65,0
227905,215.31936155,1.20743873,0.05481,0.05568,3.45,0.7299,79.91998,10.79,0
485127,214.20891573,-1.87151119,0.08029,0.08121,5.52,0.6766,31.980011,11.04,0
548946,129.82867229,-0.61208574,0.05048,0.05149,3.23,0.3883,72.75,10.42,0
558978,174.99788734,-0.5032947,0.0993,0.10063,3.67,0.6073,53.180008,10.97,0
402541,175.81313851,1.85041203,0.04335,0.04461,2.4,0.3196,88.3,8.72,0
622228,131.94986973,0.65372118,0.05817,0.05921,5.36,0.1681,159.26001,10.93,0
137849,179.82210033,-1.8206953,0.08758,0.08888,0.93,0.1004,115.88,10.48,0
375564,129.89422026,1.2511931,0.04922,0.05022,1.69,0.521,83.45999,10.19,0
85995,184.95420214,0.5782801,0.09211,0.09338,2.23,0.0245,147.67,10.69,0
372131,134.4194214,1.00259363,0.07001,0.0711,2.43,0.6441,76.92999,10.65,0
203140,132.74333509,-0.22884554,0.08696,0.08804,2.57,0.3054,128.32,10.93,0
551368,140.01779439,-0.5024815,0.02573,0.02676,1.93,0.0385,14.860001,8.88,0
250843,216.22767345,1.95952964,0.08568,0.08656,1.39,0.3911,142.6,10.34,0
30911,177.37560009,-1.08651898,0.01921,0.02107,7.92,0.3107,31.040009,10.88,0
382538,137.26768826,2.00930307,0.05591,0.05701,1.75,0.6332,38.440002,10.28,0
70808,181.62542091,0.18181518,0.04067,0.0419,2.6,0.0165,106.520004,10.08,0
71196,183.47655648,0.00534256,0.08211,0.08338,3.52,0.1314,65.700005,10.5,0
372446,135.88657434444443,1.2101150677777779,0.05804,0.05913,0.73,0.2789,144.90001,10.3,5
208876,130.60860556,0.13638264,0.05063,0.05165,1.84,0.5937,76.350006,10.39,0
77705,214.32783687,0.09456295,0.05266,0.05355,4.82,0.3402,67.66,10.84,0
319139,213.55368783,1.83691121,0.02548,0.02637,3.86,0.5653,82.31,8.63,0
592919,214.70859387,-0.09380282,0.05238,0.05326,6.07,0.488,38.72,10.46,0
511792,216.03203578,-1.21514556,0.05003,0.05089,1.45,0.6311,120.869995,9.52,0
69535,175.3114198,0.14294637,0.02836,0.0296,9.81,0.724,176.81,9.6,0
422965,133.27225088,2.78810669,0.03367,0.0347,5.78,0.8697,12.380005,8.7,0
288879,180.48228155,1.83864213,0.07803,0.07931,3.62,0.6899,74.149994,10.71,0
186105,182.98142794,-1.56485573,0.08242,0.0837,3.05,0.4629,32.570007,10.48,0
39108,175.13410387,-0.66961564,0.02735,0.0286,2.69,0.1668,73.32001,8.35,0
197843,137.34975957,-0.6391546,0.0393,0.04039,5.79,0.7845,70.58,9.17,0
573797,130.23695909,-0.12086214,0.05088,0.05189,5.39,0.7327,8.669998,10.43,1
594059,218.90932512,-0.09702248,0.02946,0.03025,7.7,0.3119,138.38,9.48,0
301764,135.14244377,1.31591094,0.07105,0.07214,2.69,0.5258,82.98999,10.65,0
186406,184.3950786,-1.61149382,0.0206,0.02228,5.61,0.6103,108.66,9.58,0
78985,219.40691693,0.07622369,0.08191,0.08273,3.4,0.2909,101.54,10.51,0
599134,130.26050226,0.39589784,0.03737,0.03837,2.7,0.3757,104.170006,9.09,0
138914,184.86191595,-1.6997572,0.02994,0.03115,5.49,0.7308,125.1,8.73,0
573998,130.90174947,-0.16138886,0.06887,0.06991,1.31,0.2606,166.28,10.61,1
278947,134.54570343,0.93220508,0.07235,0.07344,1.26,0.0757,76.87,10.85,1
378142,140.93967803,1.72187013,0.00553,0.00639,8.78,0.6702,137.25,7.72,0
14638,212.43691516,0.71803264,0.02534,0.02626,1.23,0.4951,129.5,8.38,1
521691,130.27229221,2.86876896,0.07973,0.08076,1.42,0.722,93.11,11.04,1
296352,211.53848282,1.57029629,0.04208,0.043,6.84,0.7827,70.490005,9.03,0
618998,217.69572345,0.24056236,0.03437,0.03519,1.79,0.4866,49.119995,8.89,0
568132,214.08182047,-0.46327101,0.07704,0.07795,2.24,0.3279,101.06,10.62,0
54938,179.94130644,-0.21902178,0.02236,0.02384,1.86,0.4418,81.130005,8.29,0
288904,180.64156084,1.86103924,0.02037,0.02206,6.8,0.4011,160.91,9.79,0
419572,140.50057156,2.73217222,0.08632,0.08749,1.01,0.3923,69.33,10.32,0
486139,218.6070405,-1.70741972,0.05373,0.05455,0.71,0.0611,174.79001,9.66,0
30914,177.37001518,-1.09538916,0.02015,0.02188,7.73,0.0207,114.54,9.11,0
561143,183.01351063,-0.6068509,0.03505,0.03627,5.59,0.4738,30.119995,9.54,0
273089,181.92738818,1.42125403,0.11146,0.11277,4.76,0.2706,40.560013,10.94,0
54848,179.58395816,-0.39917571,0.02086,0.0225,1.29,0.2108,83.28001,8.29,0
70403,179.79046175,0.00186237,0.04734,0.04859,4.21,0.1478,57.859985,10.91,0
534659,174.42501422,-0.84939756,0.0469,0.04817,2.58,0.4419,122.55,9.56,0
485504,216.10103095,-1.76490306,0.05613,0.057,5.32,0.2314,31.200012,10.2,0
7846,179.66318386,0.70489314,0.06506,0.06633,2.52,0.7681,122.15001,10.54,0
79568,222.11428308,0.20135703,0.02691,0.02762,1.36,0.406,95.21,8.88,0
574074,131.18796809,-0.19392835,0.01427,0.01486,4.57,0.7908,16.209991,8.05,1
396835,175.14772429,1.62344147,0.07521,0.07651,2.49,0.2529,76.57001,10.35,0
569466,219.23501366,-0.46301599,0.08178,0.08261,4.53,0.4732,150.42,11.14,0
504879,217.50671387,-1.90315448,0.05418,0.05502,1.81,0.0556,39.630005,10.43,0
8277,181.5471721,0.69038483,0.08174,0.08302,1.23,0.3323,58.729996,10.32,0
618904,217.35135627,0.25382046,0.0553,0.05614,1.46,0.6881,88.73999,10.14,0
70331,179.49952857,0.1451182,0.0766,0.07789,2.04,0.1754,128.4,10.63,0
7554,178.20297514,0.66193571,0.07829,0.07958,2.6,0.0374,28.940002,10.78,0
623017,136.37987776,0.82638928,0.06996,0.07107,4.65,0.0801,10.2599945,10.85,0
508132,216.07692905,-1.60997944,0.09106,0.09195,2.03,0.3414,10.130005,11.04,0
584617,179.92817825,-0.04781292,0.10813,0.10945,2.49,0.2018,78.369995,10.97,0
15364,215.34881853,0.7650763,0.04018,0.04104,2.83,0.4534,99.189995,10.44,0
536466,182.49325838,-1.00649152,0.08196,0.08324,1.13,0.3667,150.07,10.36,0
215579,134.25333619,0.50553675,0.05319,0.05426,5.2,0.5272,168.34,10.75,0
570240,222.93824858,-0.51252078,0.04317,0.0439,1.86,0.5104,177.93,10.05,0
70670,180.86818789,0.0601291,0.08196,0.08325,5.59,0.1341,84.02002,11.21,0
49729,222.25419584,-0.64771462,0.0424,0.04315,3.72,0.4219,178.6,10.63,0
273850,185.5101319,1.39499888,0.08105,0.0823,4.14,0.3183,38.87001,11.14,0
136605,175.88107888,-1.75237351,0.10361,0.10495,1.86,0.1103,132.29,11.02,0
32674,185.68663848,-1.13703684,0.06639,0.06763,2.73,0.1446,36.589996,10.54,0
136792,176.11883787,-1.83539061,0.10691,0.10825,3.37,0.1801,134.31999,11.29,0
8299,181.67298773,0.69841368,0.08861,0.0899,1.86,0.4306,50.58,10.69,0
397212,177.27452548,1.50633973,0.10593,0.10726,5.79,0.2709,162.11,11.13,0
220218,180.8180342,1.63546555,0.04772,0.04896,5.26,0.0407,148.51,10.5,0
617935,213.6693766,0.3962099,0.05436,0.05526,0.89,0.3281,12.919998,9.97,0
210346,137.89669497,0.06609023,0.05412,0.05523,1.61,0.4067,0.4500122,9.49,0
373235,140.00468319,1.28997081,0.08734,0.08851,1.84,0.1719,117.25,10.38,0
508268,216.52017589,-1.53893514,0.05484,0.0557,7.58,0.3404,37.270004,10.25,0
91989,214.45214764,0.51094782,0.05328,0.05416,3.63,0.0945,85.47001,10.25,0
251075,217.04925557,1.93918094,0.08715,0.08801,3.8,0.3161,86.29,10.55,1
136308,174.49562792,-1.69464069,0.0788,0.08011,1.93,0.4848,41.61,10.51,0
376064,131.97469309,1.36283432,0.04534,0.04637,2.09,0.2549,169.89001,9.79,0
484774,212.48429385,-1.89843083,0.09159,0.09255,3.5,0.8249,162.81,10.45,0
84588,178.76010139,0.57273265,0.079,0.08029,2.28,0.4986,7.419998,10.62,0
548918,129.66517172,-0.50415747,0.10826,0.10932,3.48,0.5282,162.43001,11.17,0
419294,139.67800005,2.69147018,0.08578,0.08694,2.12,0.5585,164.26999,10.7,0
575532,140.35453114,-0.06211584,0.08776,0.08894,4.43,0.4508,13.279999,11.03,0
378144,140.93147479,1.78014118,0.0574,0.05854,2.34,0.4963,155.94,10.38,0
319527,214.82346758,1.93148327,0.0843,0.0852,1.33,0.77,154.62,10.39,0
750255,217.19088273,0.70508057,0.10147,0.10235,6.65,0.01,8.630005,11.02,0
70802,181.52724765,0.08866597,0.06094,0.0622,3.49,0.1826,151.16,11.1,0
551192,139.33881791,-0.45421294,0.01691,0.01785,1.63,0.3164,143.71,8.75,0
567904,213.62192693,-0.62397831,0.08374,0.08467,4.1,0.3579,140.03,10.43,0
583716,176.23359094,-0.05397312,0.01839,0.02034,3.47,0.3809,168.14,8.23,0
273889,185.55383012,1.42761301,0.07941,0.08066,5.12,0.4688,105.270004,11.08,0
505828,221.93166596,-1.90659958,0.05783,0.0586,3.48,0.212,30.419998,10.41,0
37036,215.51947244,-1.05433604,0.08301,0.08391,4.89,0.4683,89.33,10.63,0
319128,213.61732278,1.80249787,0.05427,0.05517,1.39,0.5898,19.98999,10.0,1
298938,222.50595896,1.33604644,0.02844,0.02915,1.31,0.3309,89.109985,8.49,0
289200,181.34198792,1.83460755,0.0173,0.01935,1.67,0.1012,138.19,8.31,0
49230,220.17596384,-0.62992731,0.03907,0.03985,1.04,0.2586,97.9,9.15,0
49670,222.03871656,-0.69644809,0.02743,0.02815,6.09,0.5479,167.9,8.75,0
64010,217.88921987,-0.20997054,0.08383,0.08468,4.76,0.7327,62.839996,10.37,0
600057,133.58903118,0.37627953,0.08729,0.08838,5.22,0.8244,86.70999,10.89,0
321142,221.48990336,1.72208752,0.03819,0.03894,0.81,0.2143,147.51,10.1,1
202974,131.94875747,-0.38094941,0.051,0.05204,4.97,0.1733,132.11,10.56,0
594990,222.80149312,-0.06084918,0.04355,0.04428,3.91,0.2571,61.639984,10.34,0
397443,178.21416608,1.54896027,0.05846,0.05973,2.59,0.4803,145.05,9.62,0
198507,139.79381897,-0.83789541,0.05703,0.05817,1.98,0.5186,179.29999,10.32,0
348184,140.58971407,2.34083111,0.04987,0.051,2.4,0.6797,112.05,9.7,0
231830,185.62684111,1.91462075,0.09107,0.09233,4.05,0.5131,178.98001,10.6,0
319231,213.96153032,1.88260835,0.02582,0.0267,5.26,0.1545,175.97,10.05,0
610545,180.69380072,0.36766966,0.07749,0.07877,6.28,0.4434,37.949997,11.3,0
272547,179.93558815,1.29646999,0.07764,0.07892,2.66,0.6646,14.849991,10.84,0
381214,131.67609389,1.83207375,0.05227,0.0533,1.74,0.4741,164.01001,9.97,0
219699,178.68085809,1.51727202,0.06374,0.06501,10.1,0.6445,125.3,11.2,1
288982,180.93601238,1.69506103,0.02015,0.02187,7.86,0.5229,38.479996,10.75,0
567858,213.46812478,-0.54651004,0.08288,0.08381,6.44,0.6728,86.45001,10.94,0
396798,175.01148344,1.50512737,0.076,0.0773,1.65,0.3913,42.97001,10.53,0
48099,215.94455993,-0.66410658,0.05257,0.05343,9.9,0.7781,147.28,10.7,0
31556,180.20113374,-1.18821323,0.10827,0.1096,3.14,0.4591,81.23001,10.98,0
184202,175.47617859,-1.45588909,0.09322,0.09455,2.85,0.4544,61.73001,10.88,0
220502,181.90865583,1.57421355,0.02011,0.02184,5.76,0.6398,57.410004,10.37,0
559682,178.00507167,-0.47030786,0.07715,0.07845,3.96,0.276,51.830017,10.59,0
32446,184.94424961,-1.19994085,0.0849,0.08617,2.71,0.3552,19.959991,10.6,0
228066,215.86741742,1.10209118,0.03968,0.04053,5.11,0.774,87.70999,10.31,0
536994,183.60692971,-0.94774538,0.0819,0.08318,8.08,0.4915,102.01,11.22,0
372140,134.52276078,1.16512973,0.07038,0.07147,1.64,0.2898,23.270004,10.49,0
460767,213.79605666,-1.63522686,0.04773,0.04863,1.92,0.6842,36.410004,10.15,0
280105,140.95398115,0.98679139,0.0873,0.08848,1.42,0.4388,30.160004,10.42,0
196770,132.58124872,-0.68049007,0.07716,0.07823,4.76,0.7292,83.5,10.52,1
240580,223.36840779,1.46087632,0.04366,0.04438,3.11,0.0672,168.48,8.69,0
278855,133.94945248,0.84197822,0.04175,0.0428,2.47,0.2264,150.19,9.02,0
48333,216.8397744,-0.79503189,0.03016,0.03099,3.2,0.1655,102.05,8.99,0
486188,218.84996236,-1.78067947,0.03993,0.04074,5.76,0.5379,108.78,8.66,0
600971,138.10663268,0.34666849,0.08766,0.08881,1.89,0.1586,107.979996,10.38,0
238219,213.65181632,1.73324497,0.05514,0.05604,1.57,0.6128,161.53,10.01,1
40916,183.54716272,-0.83157081,0.02486,0.02616,11.43,0.4487,170.4,9.82,0
219831,179.34419314,1.49514959,0.04746,0.04871,4.17,0.3002,13.619995,9.87,0
536623,132.51701205,-0.16973065,0.0409,0.04194,2.07,0.5432,48.75,9.39,0
8485,182.55137407,0.75402737,0.01951,0.02133,6.17,0.7339,0.6100006,9.21,0
231123,182.49391689,1.93598138,0.07864,0.07991,4.21,0.6596,86.29999,10.58,0
609956,177.94080911,0.2927739,0.07897,0.08027,3.36,0.7378,177.15,10.39,0
204836,139.69277391,-0.22136233,0.05545,0.05659,1.17,0.0985,151.57,10.65,0
509512,221.60693496,-1.4141654,0.05596,0.05673,1.16,0.1698,157.82,9.44,0
91692,213.02437134,0.48534947,0.05482,0.05573,5.86,0.6761,117.759995,10.41,0
185795,181.90156252,-1.55413748,0.05131,0.05256,5.23,0.3391,60.42,10.18,0
7848,179.56631495,0.79117095,0.03931,0.04055,0.67,0.0909,80.12999,10.31,1
537386,184.92432789,-0.88138229,0.0409,0.04212,6.21,0.7953,116.55,9.01,0
518202,135.38636913,2.62745367,0.05684,0.05792,1.47,0.4005,84.34,9.85,0
184403,176.31582116,-1.58106049,0.02758,0.02883,4.55,0.2662,164.97,10.04,1
323577,132.27829186,1.5656973,0.04174,0.04277,4.65,0.0391,79.70999,9.33,0
491457,211.73486406,-1.5947255,0.02918,0.03009,5.49,0.4882,111.53,10.64,0
230489,180.09851562,1.87148161,0.04705,0.04829,2.3,0.3355,112.880005,9.79,1
48235,216.38527888,-0.82995183,0.10362,0.10452,3.25,0.7106,43.610016,10.98,0
220355,181.19301319,1.50108985,0.01788,0.01988,3.57,0.3486,143.42,8.72,0
138671,183.6865379,-1.84406698,0.01808,0.02009,1.7,0.0976,155.83,8.72,0
279917,139.99533336,0.96083571,0.01792,0.01884,9.78,0.4383,145.68,9.32,0
228104,216.131261,1.18759148,0.03912,0.03996,0.75,0.1246,18.529999,9.13,0
381325,132.14034781,1.91127612,0.06164,0.06268,2.0,0.4504,158.98001,10.59,1
425905,131.45493848,2.99773824,0.0769,0.07795,1.8,0.4459,67.28,10.36,1
15220,214.61653294,0.75008408,0.02547,0.02634,2.23,0.5409,142.34,8.98,0
227123,212.19793545,1.31796275,0.04769,0.0486,2.55,0.6298,140.18,10.18,0
373130,139.61653489,1.1296616,0.08669,0.08785,1.49,0.6832,111.00001,10.45,0
227616,214.3186088,1.15342856,0.05477,0.05566,0.98,0.3901,73.51999,9.93,0
573915,130.61363005,-0.14516727,0.05191,0.05293,5.53,0.078,164.37,10.49,0
289201,181.34809428,1.8272123,0.07684,0.07811,2.27,0.525,64.20001,10.41,0
38992,174.39044542,-0.81497529,0.04398,0.04525,5.41,0.796,159.13,9.71,0
299032,223.00719609,1.17901993,0.03878,0.0395,1.86,0.808,113.01,8.74,0
347263,136.99176202,2.27054564,0.02602,0.027,5.1,0.4603,179.54999,9.48,0
567983,213.7196795,-0.42616554,0.02853,0.0294,2.95,0.6957,83.17999,8.53,0
558861,174.25696862,-0.51196465,0.01936,0.02117,5.6,0.8185,96.82,8.64,0
422953,133.061724,2.79833604,0.0354,0.03643,5.97,0.27,102.49999,8.75,0
55648,183.00180063,-0.37211689,0.0354,0.03662,2.63,0.41,108.99,8.97,0
239376,217.52015311,1.53684563,0.02714,0.02794,7.93,0.6775,176.11,9.58,0
227460,213.62392009,1.3519031,0.03899,0.03987,1.3,0.2426,126.92,8.95,1
375993,131.66065348,1.40427978,0.0361,0.03712,2.4,0.3147,7.5400085,8.79,1
98652,179.19062319,1.01423759,0.01977,0.02154,3.99,0.6058,110.67,8.49,0
228102,216.15681584,1.17059048,0.03819,0.03903,8.84,0.4281,130.07,10.19,1
136443,174.90323921,-1.74879036,0.06386,0.06515,0.93,0.2101,139.94,10.3,1
622394,133.06978172,0.68110274,0.04109,0.04213,3.51,0.2822,177.07,9.22,0
550327,135.19130002,-0.49369135,0.04081,0.04188,3.74,0.6248,77.899994,9.74,1
62663,213.5690536,-0.259403,0.0387,0.03959,4.33,0.3493,11.850006,8.77,0
36881,211.88303471,-1.10354605,0.05171,0.05264,0.93,0.1899,111.64,9.47,0
272748,180.73716247,1.39380844,0.02326,0.02466,1.58,0.2689,37.170013,8.6,0
16920,220.84609538,0.65042042,0.03872,0.03948,2.47,0.4028,163.45999,9.01,0
177426,176.69962666,-1.88290882,0.07376,0.07506,4.47,0.3076,37.630005,10.54,0
107303,219.44760987,0.94494791,0.03082,0.0316,5.17,0.2949,159.22,9.29,0
751132,183.46767584,1.18807798,0.05124,0.05247,0.5,0.4137,88.0,9.51,6
561951,185.53506478,-0.44443211,0.03995,0.04116,1.42,0.5332,163.0,8.76,0
16993,221.3283298,0.66289086,0.05826,0.05903,1.6,0.034,12.119995,9.89,0
584656,180.02222889,-0.07485897,0.08146,0.08275,2.58,0.6615,111.07,10.33,0
573740,129.85134164,-0.20886455,0.05077,0.05178,2.65,0.4323,45.64,9.76,0
30577,176.10549546,-1.13473526,0.07835,0.07966,4.84,0.5291,43.460007,10.58,0
177711,177.69420589,-1.9602146,0.01938,0.02123,4.91,0.326,128.27,9.35,0
382631,137.71355616,2.02188544,0.05464,0.05575,2.42,0.1597,144.87,10.09,0
203649,134.58583196,-0.39616526,0.07064,0.07173,3.41,0.5668,3.0799866,10.66,0
593841,217.97737588,-0.17148948,0.03432,0.03513,2.11,0.6669,101.8,9.09,6
238368,214.14024031,1.67128504,0.05469,0.05558,5.14,0.1396,46.070007,9.78,0
78425,217.06864514,0.00231127,0.05304,0.05388,2.14,0.365,176.88,10.05,0
375598,129.90636883,1.24303113,0.04878,0.04978,0.97,0.3488,74.2,9.45,0
17319,222.99028305,0.77475987,0.04625,0.04698,1.67,0.7657,20.259995,9.84,0
537108,184.12447294,-0.97414081,0.0381,0.03932,2.36,0.7352,78.29001,8.72,6
537363,184.95278203,-0.87210917,0.03975,0.04097,0.42,0.1249,168.34,9.04,3
136966,176.64379453,-1.68100881,0.02685,0.02811,1.85,0.413,59.98999,8.7,0
460378,211.93827707,-1.63990866,0.02924,0.03015,6.69,0.675,132.46,10.3,0
296829,213.65459748,1.46562677,0.05379,0.05469,3.54,0.56,138.07999,10.15,0
594258,219.50635552,-0.20503546,0.10975,0.11059,4.56,0.6995,124.09,11.04,0
99687,183.86683722,1.01725517,0.048,0.04923,6.48,0.6219,124.67,10.8,0
54382,177.89815476,-0.3748913,0.01916,0.02103,2.29,0.438,123.59,8.54,0
220275,180.92607956,1.45729447,0.02082,0.02246,5.67,0.0227,49.160004,9.14,0
54695,179.09722022,-0.36408161,0.10631,0.10764,3.42,0.4435,44.199997,11.13,0
84587,178.73095058,0.58888857,0.0782,0.07949,4.38,0.6013,151.62,10.79,0
99511,183.12847564,0.89422,0.02112,0.02272,5.58,0.1299,75.17999,8.71,0
63211,215.0314853,-0.27627251,0.0514,0.05228,2.07,0.6047,26.449997,10.23,0
423267,134.62699815,2.92548744,0.013,0.01371,4.84,0.4781,114.68,10.02,0
238276,213.76379677,1.65231095,0.05468,0.05557,2.14,0.5738,9.429993,10.58,0
23070,180.18146705,1.18217251,0.07912,0.0804,2.88,0.3456,121.07,10.92,0
15317,215.07206218,0.75856687,0.05489,0.05577,1.96,0.2731,65.97,9.87,0
271427,174.18621034,1.28897581,0.07386,0.07516,2.0,0.3651,14.51001,10.61,0
485882,217.73182376,-1.75187183,0.05285,0.05369,2.41,0.5252,27.960007,10.46,0
227937,215.43419035,1.17289926,0.10203,0.10294,3.33,0.2214,96.17999,11.05,0
185085,178.97876826,-1.60334071,0.06428,0.06556,3.32,0.5084,179.76999,10.96,0
298663,221.01144912,1.24027383,0.04934,0.05011,1.53,0.2596,34.83,10.64,1
202354,129.30828796,-0.27483759,0.03745,0.03844,56.5,0.7462,64.899994,9.74,0
32017,182.92525893,-1.09235698,0.07791,0.07918,3.55,0.2469,167.07,10.75,0
272990,181.69677946,1.28606075,0.04118,0.04241,4.16,0.2542,2.869995,10.59,0
371145,130.28147505,0.99556917,0.08471,0.08575,1.82,0.7712,170.4,10.46,0
567977,213.71025523,-0.54262315,0.087,0.08793,1.85,0.1748,129.78,10.6,0
382291,136.12036636,2.04219239,0.05684,0.05793,2.07,0.2059,146.02,10.61,0
23225,180.87304073,1.22935008,0.02005,0.02179,6.83,0.2362,155.45999,10.3,0
568050,213.91242307,-0.46108604,0.08344,0.08436,3.53,0.2647,42.76001,11.03,0
105420,211.73584945,1.0121215,0.04811,0.04903,2.85,0.1384,176.11,10.38,0
70141,178.70240832,0.10315295,0.10668,0.10801,3.24,0.6641,79.5,10.98,0
214777,131.50741227,0.50775445,0.06984,0.07089,3.6,0.3001,179.0,10.74,0
491514,212.23529964,-1.38686943,0.08899,0.08995,4.46,0.4504,171.53,10.42,0
517057,130.6463367,2.3668779,0.11326,0.11433,4.09,0.2541,21.429993,11.2,0
216396,138.01793908,0.42179788,0.05468,0.05579,3.89,0.4186,121.36,10.72,0
47183,211.64031533,-0.76260108,0.10978,0.11076,3.04,0.0339,171.16,10.91,0
204906,139.92064701,-0.36425945,0.05491,0.05605,2.41,0.3652,68.25,10.36,0
382216,135.75075802,2.00523416,0.07118,0.07228,2.72,0.156,152.13,10.75,0
106288,215.42034283,1.0234221,0.07788,0.07877,2.86,0.0575,134.22,10.8,0
486874,221.9097818,-1.72995058,0.07578,0.07656,2.22,0.6026,113.47,10.51,0
272831,181.00820693,1.44487385,0.08352,0.0848,3.75,0.1529,112.159996,11.17,0
320148,217.13916324,1.89154775,0.08644,0.0873,1.76,0.1461,120.1,10.52,0
177514,177.02042632,-1.87289412,0.09277,0.09409,1.88,0.5015,2.7599945,10.51,0
690352,177.20853761,-1.18339913,0.10702,0.10836,2.3,0.3746,44.399994,10.94,3
348274,140.95118297,2.37671699,0.08884,0.09002,10.95,0.3597,65.770004,11.22,0
99149,181.37872742,0.8651469,0.04905,0.05029,2.12,0.2287,59.410004,9.5,0
517685,133.31922803,2.62782031,0.10701,0.10811,4.41,0.3877,62.549988,11.09,0
177138,175.81306289,-1.93461344,0.10844,0.10979,3.13,0.1064,66.95,11.06,0
296927,214.01775381,1.45822235,0.05399,0.05488,7.28,0.2191,140.15,10.93,0
318608,211.62810644,1.97466142,0.07337,0.07431,1.04,0.4841,73.32001,10.73,0
273541,184.02737309,1.44721412,0.07761,0.07887,6.54,0.7071,64.3,10.47,0
136603,175.87256796,-1.65692784,0.04587,0.04714,2.12,0.4553,55.5,9.93,1
492723,218.05535626,-1.44185297,0.05452,0.05535,3.28,0.7936,138.8,9.6,0
550750,137.1895677,-0.47233171,0.07805,0.07918,2.56,0.3789,88.9,10.74,0
214860,131.8966701,0.5618423,0.0584,0.05944,5.45,0.4855,17.899994,9.75,0
574689,136.73102741,-0.03130632,0.01866,0.01946,5.85,0.298,74.240005,9.41,1
402337,174.52906014,1.90751158,0.07578,0.07708,5.68,0.4464,176.85,10.33,1
23578,182.14188243,1.2016423,0.02076,0.02241,4.81,0.8466,43.78,8.44,0
508421,216.98916253,-1.63118396,0.05534,0.05619,3.74,0.2562,4.220001,10.39,0
238216,213.63109701,1.75889226,0.05704,0.05794,4.36,0.7266,10.190002,10.18,0
273514,183.89463027,1.28643311,0.02121,0.0228,1.54,0.2333,170.47,8.64,0
227614,214.31263739,1.22936591,0.05437,0.05526,2.97,0.5475,175.25,10.15,0
288723,179.87026595,1.69583003,0.11112,0.11244,6.53,0.3853,147.79001,11.04,0
204577,138.85524897,-0.30188376,0.02846,0.02955,3.26,0.2296,141.89,9.54,1
136263,174.3561013,-1.78732511,0.047,0.04828,8.51,0.8376,0.17999268,10.74,0
78553,217.63629425,0.17071431,0.05631,0.05715,2.57,0.5177,11.070007,9.73,0
186399,184.30817999,-1.65606891,0.04058,0.0418,1.2,0.4884,111.52,8.62,0
78732,218.36388847,1.8274E-4,0.05603,0.05685,3.86,0.7005,93.2,9.8,1
279886,139.79332232,1.05546284,0.01827,0.01918,3.54,0.2987,157.69,8.82,0
487056,222.8400427,-1.73228795,0.02676,0.02746,10.51,0.7598,31.290009,9.57,1
15346,215.30309951,0.82439695,0.07527,0.07616,2.45,0.1967,41.670013,10.43,0
460382,211.97431473,-1.79660687,0.11358,0.11456,4.44,0.5614,114.28999,11.13,0
70929,182.13044121,0.13650366,0.03487,0.0361,12.78,0.4062,111.44,10.57,0
238496,214.47222209,1.63964903,0.05456,0.05544,5.31,0.7284,77.22,10.13,0
85464,182.53076373,0.42617556,0.0199,0.02166,3.75,0.4713,136.71,8.53,0
387728,137.5909068,2.39808684,0.05589,0.05699,2.55,0.4629,118.17,9.8,0
77754,214.64774986,0.15771696,0.05311,0.05399,7.03,0.4378,171.17,10.48,0
136240,174.24011468,-1.68477057,0.01937,0.02119,12.73,0.6266,136.48001,9.28,0
138047,180.69205029,-1.79240581,0.01954,0.02137,6.39,0.716,78.96002,9.35,0
620113,223.36431634,0.32444406,0.04285,0.04357,5.93,0.4052,21.119995,9.53,1
279930,139.99507574,1.08751432,0.089,0.09017,2.09,0.7096,134.70999,10.39,1
219992,179.90522416,1.49603095,0.07817,0.07945,1.83,0.4784,153.48,10.45,0
544853,217.37900056,-0.88385093,0.03456,0.03538,9.68,0.1813,155.5,9.54,0
229306,221.86918603,1.02587148,0.03594,0.03668,18.28,0.9007,55.17,10.73,0
62213,211.84708851,-0.37086439,0.05432,0.05525,2.16,0.6315,17.479996,9.5,0
238072,213.15764735,1.61565258,0.02582,0.02671,8.83,0.7795,33.089996,9.16,0
31957,182.69869025,-1.21876202,0.03448,0.03571,1.5,0.3776,93.51,8.92,0
460574,212.8777983,-1.75711,0.07581,0.07675,3.15,0.6317,45.83,10.59,0
228153,216.27591364,1.24092306,0.02725,0.02807,1.38,0.5026,115.69,9.24,6
184013,174.52735592,-1.47645199,0.07649,0.0778,3.19,0.7106,114.72,10.56,0
583744,176.40711697,-0.07212981,0.01966,0.02144,1.11,0.4841,164.73999,8.26,0
381134,131.54788262,1.83289089,0.06065,0.06169,1.19,0.7826,36.840004,11.07,1
77710,214.39621924,0.1590901,0.05436,0.05525,3.11,0.7312,120.689995,10.38,0
574354,135.46448776,-0.02869526,0.05376,0.05485,2.94,0.7141,93.62,10.2,1
375793,130.768776,1.33660297,0.07694,0.07798,6.95,0.3035,118.55,10.65,0
537139,184.32074765,-0.87218012,0.07034,0.0716,2.01,0.7244,27.570007,10.31,0
548872,129.41228336,-0.58625457,0.07903,0.08006,2.56,0.6698,148.03,10.52,0
512312,218.40563782,-1.0858171,0.08127,0.08211,1.22,0.46,35.98999,10.52,0
550086,134.0780182,-0.44149562,0.01275,0.0135,5.97,0.5341,132.7,9.76,0
397207,177.23408173,1.5686928,0.07433,0.07562,2.46,0.4234,37.899994,10.54,0
24394,185.58803118,1.24023712,0.09098,0.09225,2.82,0.5507,38.020004,10.5,0
567579,212.30857182,-0.56088522,0.05422,0.05514,2.08,0.1573,32.899994,9.81,0
537434,185.34200973,-0.88488426,0.03997,0.04118,1.73,0.3374,75.39,8.65,0
425812,130.06759611,2.94990332,0.08091,0.08194,2.31,0.7002,83.42999,10.61,1
40337,180.75033169,-0.83818314,0.09286,0.09416,1.95,0.3615,29.019989,10.32,0
381980,134.70745864,1.89069001,0.05881,0.05988,0.97,0.3042,71.71001,9.63,0
570227,222.80167403,-0.45687693,0.04339,0.04413,5.79,0.5744,7.4299927,10.64,0
622532,133.74927045,0.67006986,0.10613,0.10724,3.24,0.586,175.68001,11.1,0
492487,216.90022007,-1.4108945,0.0552,0.05605,1.2,0.5312,8.860001,9.94,0
619905,222.16973128,0.30557398,0.08584,0.08662,0.54,0.4578,175.47,10.33,0
560355,180.05645474,-0.4218381,0.07676,0.07805,1.9,0.2165,85.14,10.72,0
325321,139.81121168,1.78031234,0.08761,0.08877,4.0,0.5489,5.4100037,10.96,0
107531,220.64182931,0.97887377,0.03349,0.03425,4.32,0.368,132.68,10.63,0
290325,185.64539201,1.75157058,0.10916,0.11044,2.8,0.4245,121.979996,10.91,0
202408,129.43551774,-0.24461271,0.05259,0.0536,2.14,0.2684,82.45001,9.94,0
594063,218.95014971,-0.16554004,0.09265,0.09349,0.9,0.2969,26.299988,10.5,0
418189,135.3315679,2.49503436,0.10233,0.10345,4.92,0.2476,161.05,10.9,0
387042,134.99690398,2.41143691,0.07175,0.07284,1.55,0.4967,44.399994,10.41,0
521823,131.33012371,2.92524828,0.07834,0.07939,3.21,0.0558,148.01,10.94,0
39669,177.88066778,-0.63936323,0.07691,0.07821,1.88,0.2961,29.51001,10.4,0
422389,130.68721995,2.58308823,0.05084,0.05185,3.11,0.0594,120.83,10.43,0
599877,132.90223376,0.27313863,0.05248,0.05353,3.35,0.3334,96.62,10.3,0
600501,135.98750639,0.2247058,0.05332,0.05441,2.55,0.3299,68.34,10.57,0
372171,134.60653399,1.00955481,0.07134,0.07243,5.16,0.0932,85.83002,10.55,0
509557,221.96775,-1.57005226,0.0266,0.02732,0.97,0.3833,62.130005,8.87,0
230455,179.89602352,1.8670652,0.07756,0.07884,7.1,0.3455,26.160004,11.05,0
202627,130.61782024,-0.27161255,0.05127,0.05229,5.31,0.3001,77.19,10.44,1
585420,182.8216225,-0.09641319,0.02037,0.02207,28.8,0.7732,25.390015,8.5,0
85937,184.53250111,0.54277773,0.00698,0.00917,1.01,0.4678,167.82,7.75,6
585228,181.84782023,-0.15866043,0.08683,0.08812,13.93,0.7741,168.09,10.55,0
230776,181.11277351,1.89596769,0.01973,0.02151,33.05,0.3321,101.28001,11.6,0
320147,217.12994457,1.76132816,0.11189,0.11277,3.1,0.1982,100.369995,11.01,0
185622,181.08444427,-1.53027621,0.00488,0.0067,43.81,0.2915,72.95001,7.87,0
278348,130.54299245,0.76165189,0.04229,0.0433,1.19,0.4353,68.46999,8.79,1
41007,184.03322868,-0.7311568,0.08385,0.08512,3.83,0.1036,163.41,10.35,0
3630097,136.66480565,-0.86527269,0.03009,0.03117,,,,10.18,0
567876,213.51307307,-0.45986511,0.02567,0.02656,1.93,0.5358,33.809998,8.32,0
237809,212.42078282,1.77792461,0.1052,0.10616,1.98,0.6487,10.809998,11.0,1
215159,132.91562421,0.46267729,0.05347,0.05452,2.17,0.6658,24.84999,9.42,0
536087,180.36759867,-0.89171526,0.02077,0.02243,5.5,0.4066,21.100006,9.06,0
511867,216.38846073,-1.11394391,0.05523,0.05609,6.15,0.4029,27.809998,10.68,0
203765,135.23706741,-0.27561154,0.05291,0.05399,3.11,0.6463,76.03,9.7,1
303131,140.89365264,1.38618677,0.02549,0.02652,2.73,0.282,14.160004,9.06,0
47765,214.14187201,-0.64886772,0.04865,0.04954,2.92,0.5751,44.490005,9.54,0
239601,218.35811168,1.56307167,0.05634,0.05716,2.65,0.6853,72.869995,9.47,0
513236,222.56944497,-1.10435972,0.04278,0.04352,7.59,0.8036,77.600006,10.04,0
227449,213.40836714,1.18896203,0.03879,0.03968,4.44,0.5587,142.45999,8.76,0
508682,217.91905618,-1.57813865,0.01286,0.01428,3.29,0.6509,158.62,8.04,0
383283,140.8050953,2.06010258,0.0174,0.01835,4.44,0.6385,30.079987,9.16,0
623726,140.09157464,0.82339506,0.01786,0.01879,6.63,0.6779,161.26999,8.64,0
198477,139.7075129,-0.78410286,0.07404,0.0752,4.54,0.4781,157.26999,10.47,0
594358,219.92131686,-0.02229978,0.07215,0.07296,2.35,0.4157,72.89,10.31,1
521898,131.68612207,2.79427531,0.02787,0.02883,1.95,0.0941,72.41,8.46,0
422265,130.01937167,2.54907061,0.05076,0.05176,3.48,0.4397,82.09,9.48,0
185532,180.69426804,-1.59342519,0.02021,0.02195,7.44,0.1218,0.020004272,9.28,0
297051,214.46379692,1.36740005,0.05008,0.05096,1.71,0.2638,79.880005,9.56,0
185789,181.80162842,-1.55326344,0.07515,0.07643,5.35,0.7744,118.75,10.33,0
491552,212.40076956,-1.43278755,0.02449,0.02544,6.56,0.5869,96.61,9.09,0
376708,134.70661193,1.40533145,0.05192,0.05299,2.98,0.5158,10.349998,10.28,0
370872,129.19886619,0.86824537,0.08834,0.08937,0.59,0.1924,40.910004,10.33,1
227371,213.11455765,1.22907014,0.0251,0.02601,6.81,0.5933,52.339996,8.56,0
512499,219.07987136,-1.12878916,0.05706,0.05787,3.43,0.58,2.7299957,9.73,0
49702,222.08932066,-0.80754179,0.05628,0.05704,6.2,0.4687,67.729996,10.61,0
106049,214.59012585,0.94959438,0.02614,0.027,3.43,0.5555,30.419998,8.76,0
298888,222.09435066,1.21211392,0.0359,0.03664,4.94,0.4127,18.720001,8.89,0
229335,221.95488809,1.05158142,0.02862,0.02935,4.97,0.048,161.03,9.71,0
536363,182.00765016,-0.9683302,0.02379,0.02516,4.42,0.0606,70.06,8.95,0
300755,130.73342502,1.05947144,0.0452,0.04621,3.55,0.7838,145.07,9.53,0
203842,135.48563789,-0.38518411,0.05396,0.05505,2.84,0.2078,177.29999,9.48,0
240108,220.62338103,1.50040202,0.00652,0.00777,7.37,0.4237,71.57001,9.02,0
209664,134.36889058,0.16765043,0.04374,0.0448,2.13,0.1007,125.509995,8.68,0
560407,180.15009646,-0.52691106,0.08293,0.08422,4.73,0.6362,17.850006,10.95,0
14468,211.63742189,0.75800927,0.01638,0.01794,1.33,0.2894,65.41,9.54,1
319453,214.49993446,1.90634515,0.05307,0.05395,5.3,0.3654,123.899994,10.4,0
106293,215.45260937,0.91519408,0.04045,0.04131,3.4,0.7964,16.809998,8.88,0
419549,140.48249803,2.76965667,0.08419,0.08535,3.7,0.4191,139.76,10.4,0
21887,174.65537674,1.1389333,0.07404,0.07534,1.75,0.2826,13.389999,10.59,0
143747,177.37812153,-1.3788506,0.08075,0.08206,1.45,0.291,79.57999,10.45,0
386414,132.08003928,2.19193126,0.00719,0.00782,1.24,0.2174,161.68,7.84,6
17312,223.03326218,0.71428493,0.07996,0.08071,1.27,0.143,166.86,10.81,0
40492,181.6129533,-0.7097302,0.07823,0.07951,1.91,0.5944,22.690002,10.59,0
376112,132.06993082,1.35810806,0.06714,0.06819,4.4,0.6714,45.61,10.35,0
493702,222.0224095,-1.18269045,0.02739,0.02811,0.84,0.1876,134.24,8.53,0
484660,211.95242185,-1.98740989,0.05493,0.05586,7.83,0.6936,33.100006,10.76,0
56005,184.24376652,-0.22187653,0.07186,0.07312,2.88,0.1513,128.81,10.39,0
534971,175.94300591,-1.03907884,0.07932,0.08063,1.89,0.4247,176.45999,10.84,0
93803,222.48909911,0.55829608,0.03986,0.0406,4.61,0.1723,143.3,10.94,0
371976,133.68008215,1.09593028,0.05796,0.05902,3.23,0.4281,133.36,10.55,0
238118,213.29375606,1.77141816,0.04801,0.0489,5.81,0.3704,48.03,11.03,0
47295,212.08559339,-0.67543689,0.05256,0.05349,2.2,0.3343,35.850006,9.87,0
8488,182.62970446,0.67277654,0.01996,0.02171,1.42,0.0642,65.130005,9.51,0
214624,130.90320479,0.59575689,0.05098,0.052,3.04,0.5139,101.7,10.45,0
388380,139.81997598,2.55038745,0.05887,0.06,1.66,0.4197,81.890015,10.34,0
617693,212.97449863,0.22297831,0.05555,0.05646,6.32,0.3165,94.7,11.13,0
23751,182.95871907,1.1986796,0.07876,0.08003,1.44,0.1286,43.010002,10.51,1
372452,135.76969669,1.13570439,0.05264,0.05372,3.93,0.248,99.4,10.65,0
570366,223.4164629,-0.59793901,0.07576,0.07651,2.05,0.0551,179.01999,10.44,0
593847,218.02317194,-0.1739496,0.08824,0.08909,2.03,0.6214,153.97,10.47,0
54333,177.62041969,-0.34971364,0.09917,0.10049,3.22,0.1611,83.23001,11.02,0
55245,181.07946541,-0.31550504,0.0936,0.0949,3.36,0.2487,140.22,11.05,0
298590,220.67761653,1.31975042,0.03367,0.03443,5.02,0.156,56.299988,10.55,0
288727,179.96040682,1.78169672,0.07822,0.0795,1.82,0.6595,28.730011,10.58,0
239563,218.23488504,1.64868059,0.11002,0.11088,3.87,0.2306,39.29001,11.13,0
227312,213.08408651,1.27253827,0.02521,0.02612,14.63,0.1067,60.130005,10.67,0
136690,175.93007315,-1.7767109,0.10413,0.10547,2.68,0.2644,96.09,11.13,0
14552,212.02462596,0.74927355,0.07673,0.07767,2.94,0.4359,178.62,10.87,0
209546,133.86029833,0.06168212,0.10791,0.10903,3.67,0.3151,11.639999,10.91,0
396833,175.25669862,1.4933511,0.01809,0.02003,5.54,0.3953,15.790009,10.12,0
610478,180.37455226,0.3513382,0.10502,0.10634,3.54,0.0971,120.8,11.04,0
323246,131.01756752,1.57896654,0.0623,0.06333,2.69,0.1904,128.08,10.61,0
84894,180.07518932,0.54359247,0.10524,0.10656,1.72,0.3464,146.81,10.96,0
300612,130.1796572,1.13661969,0.11136,0.11243,2.92,0.1486,10.139999,11.08,0
376705,134.78010203,1.44101423,0.0521,0.05317,4.53,0.2157,138.37,10.96,0
205093,140.60279087,-0.41869946,0.05311,0.05425,0.99,0.5696,60.03,10.01,0
584015,177.88109546,-0.05101028,0.04724,0.0485,5.73,0.224,89.82001,10.72,0
205020,140.37272684,-0.26887538,0.02572,0.02675,3.61,0.2802,57.78,10.31,0
376097,132.03493449,1.35794045,0.06768,0.06873,5.09,0.3826,37.639984,10.92,0
93807,222.50903232,0.57878033,0.04044,0.04118,4.07,0.0895,7.75,10.66,0
214250,129.54078778,0.46444018,0.07785,0.07888,8.29,0.0428,9.729996,11.52,0
296835,213.60587148,1.47309954,0.05354,0.05444,3.22,0.3477,70.67999,10.56,0
422219,129.91255469,2.57408382,0.11289,0.11395,13.32,0.0943,39.069992,11.57,0
598947,129.55214677,0.41641069,0.07711,0.07814,3.32,0.238,16.910004,10.83,0
373237,140.06504413,1.28882374,0.01749,0.01842,10.62,0.1855,75.899994,9.96,0
594961,222.74883337,-0.0375051,0.04289,0.04363,123.21,0.5312,55.23001,11.44,1
609246,174.5575213,0.35279687,0.0972,0.09853,3.64,0.1472,56.539993,11.07,0
221331,185.62387711,1.51359311,0.07938,0.08063,12.36,0.811,118.259995,10.97,1
240500,222.83781243,1.46827492,0.07515,0.0759,2.89,0.5363,17.699997,10.41,0
324157,134.67662679,1.60293374,0.05278,0.05385,1.43,0.2106,39.17,9.44,0
48576,217.68674962,-0.79862217,0.03509,0.03591,2.32,0.1803,139.03,9.65,0
136847,176.31263887,-1.70276387,0.02782,0.02907,6.8,0.2829,45.410004,10.65,0
143287,175.15740828,-1.35142332,0.04562,0.04689,9.24,0.4938,38.829987,10.33,0
550021,133.9774706,-0.47405347,0.10642,0.10754,17.63,0.4339,86.72998,11.47,0
748147,175.14573355,0.28036299,0.10598,0.10732,1.24,0.7506,167.45,11.04,3
693034,220.04663791,-0.28986901,0.00634,0.00755,,,,10.45,4
742793,174.2642522,-0.91194911,0.05887,0.06016,,,,10.73,1
3635222,139.89641022,-0.95989272,0.05554,0.05668,,,,9.69,0
623790,140.38271463,0.74770865,0.08793,0.0891,3.56,0.4787,164.64001,10.4,0
230270,179.09134719,1.87642021,0.0787,0.07999,4.67,0.7459,72.65001,10.51,0
143934,178.21652578,-1.26130675,0.02889,0.03013,5.02,0.4009,32.890015,8.66,0
551028,138.55678891,-0.44647809,0.05308,0.0542,3.44,0.6282,71.84,9.64,0
48506,217.3447785,-0.82803119,0.04851,0.04935,4.99,0.7831,174.07999,10.35,0
204892,139.78679584,-0.37131572,0.03861,0.03973,4.1,0.5687,113.0,8.78,0
550844,137.84849449,-0.42565108,0.0881,0.08925,2.42,0.8428,42.549988,10.31,0
372074,134.12788533,1.02593877,0.0574,0.05847,4.26,0.8133,143.84,9.55,0
323013,129.92391681,1.49893398,0.05059,0.0516,3.44,0.156,78.49,9.77,0
47500,213.25280325,-0.83100458,0.02609,0.02698,2.91,0.4578,150.41,9.49,0
70131,178.5681842,0.03224745,0.05676,0.05803,4.11,0.6385,67.649994,9.78,0
138094,180.7424159,-1.70225844,0.02117,0.02278,4.66,0.3162,150.19,8.77,0
278999,134.87913357,0.87408804,0.05275,0.05382,1.47,0.1179,117.85,9.48,0
600978,138.18892189,0.34025022,0.05379,0.05491,5.08,0.5725,115.14001,9.91,0
622770,134.98662232,0.78816347,0.05225,0.05333,2.05,0.4831,146.94,10.01,0
229162,220.83065092,1.17136172,0.04977,0.05054,2.71,0.6294,174.18,9.9,0
298572,220.50097386,1.28978582,0.04966,0.05044,4.78,0.741,17.98999,10.24,0
508321,216.66040845,-1.64369047,0.05666,0.05752,3.47,0.5606,39.86,9.91,0
204835,139.68621838,-0.21453626,0.05382,0.05495,1.8,0.4533,140.20001,9.46,0
144323,179.6579504,-1.38552165,0.08373,0.08503,3.37,0.3035,103.64,10.45,0
220578,182.17816756,1.45635642,0.01855,0.0205,2.96,0.4083,121.7,8.98,0
184392,176.13285038,-1.48948922,0.02121,0.02281,1.7,0.2046,68.42,8.47,6
319935,216.34632095,1.72465442,0.03905,0.03989,2.02,0.0857,83.03,9.53,0
39341,176.51335299,-0.76378042,0.0485,0.04977,3.6,0.6525,12.940002,10.5,1
418047,134.6498948,2.56003347,0.03936,0.04041,2.11,0.5448,6.1399994,8.84,0
106410,216.09048969,0.88862576,0.05525,0.05611,1.38,0.2797,43.28,9.86,0
518870,138.29628555,2.92020823,0.02628,0.02728,4.58,0.5763,82.42001,8.84,0
543494,211.75033834,-0.85057849,0.02959,0.0305,6.99,0.6547,171.36,9.54,0
562017,185.90620784,-0.47258486,0.02556,0.02681,7.25,0.4201,133.26,9.8,0
98619,179.02830905,0.99158028,0.06597,0.06724,2.04,0.0644,47.259995,12.1,1
85481,182.70962171,0.5959107,0.01997,0.02172,4.34,0.4085,41.809998,9.02,0
84865,179.90954403,0.4852436,0.06912,0.0704,6.38,0.1589,5.949997,10.45,0
23737,182.76848439,1.1190535,0.02032,0.02202,2.83,0.1671,15.399994,8.35,0
49260,220.33767541,-0.75953872,0.07992,0.08073,3.46,0.3049,64.82999,10.68,0
49840,222.72006154,-0.67251295,0.04214,0.04288,4.54,0.3128,163.19,9.22,0
418795,137.76469042,2.57228502,0.03895,0.04004,1.89,0.236,141.2,9.13,0
77967,215.61509409666667,0.05905104,0.03169,0.03254,5.17,0.5294,171.53,10.37,5
106363,215.69092355,0.88739516,0.05348,0.05434,4.23,0.5817,97.01,9.62,0
239291,217.18160348,1.68917974,0.034,0.03482,5.67,0.5191,87.22998,8.88,0
544216,214.47641355,-1.01740321,0.08267,0.08358,3.49,0.2343,131.67,10.55,0
62593,213.49005082,-0.23277555,0.0387,0.03959,4.26,0.7434,45.5,10.03,0
238406,214.20244045,1.75963445,0.05584,0.05673,6.77,0.3745,21.910004,10.45,0
543540,211.92527776,-0.9469455,0.05253,0.05346,2.4,0.7696,40.950012,10.17,3
594932,222.51578885,-0.19135768,0.04065,0.04139,2.85,0.3469,25.899994,9.85,0
372653,136.85455053,1.20005421,0.03578,0.03686,7.28,0.6049,155.23999,9.09,0
215816,135.42350938,0.58274747,0.05289,0.05397,4.2,0.367,125.21001,10.15,1
323376,131.52086774,1.50308788,0.07007,0.07112,4.07,0.7422,157.14001,10.42,0
618906,217.35941965,0.39756421,0.0565,0.05734,4.67,0.792,119.19,10.57,0
289107,181.04058613,1.82595543,0.01724,0.01929,9.18,0.3637,52.809998,9.68,0
296599,212.62374315,1.56046303,0.02511,0.02603,8.79,0.5657,67.62001,9.49,0
600595,136.49972041,0.29377253,0.02722,0.02824,1.94,0.3974,108.91,9.03,0
575672,140.96598242,-0.01829345,0.07059,0.07175,3.62,0.6601,130.67,10.51,0
230789,181.07218222,1.91745956,0.0211,0.0227,1.11,0.3084,156.10999,9.52,0
493857,222.80998255,-1.33024857,0.0934,0.09417,1.51,0.6291,166.61002,10.5,1
568223,214.38360316,-0.48493364,0.0822,0.08311,5.27,0.427,116.54001,10.36,0
40164,180.01785908,-0.7595733,0.04712,0.04837,3.08,0.3881,110.340004,10.45,0
31939,182.50862362,-1.2226536,0.05956,0.06082,7.24,0.8461,45.97,10.53,0
375531,129.7108753,1.40502449,0.02903,0.03001,5.64,0.592,10.160004,9.45,0
568490,215.30605665,-0.46656363,0.10192,0.10283,3.89,0.2992,152.53,11.06,0
136881,176.33793455,-1.7229493,0.02814,0.02939,4.81,0.516,24.800003,9.55,0
382635,137.75394292,2.0322233,0.09179,0.09294,2.59,0.1911,90.770004,10.55,0
55715,183.18614538,-0.36754333,0.07412,0.07539,6.61,0.6427,49.569992,10.9,0
198343,139.04118585,-0.68882379,0.05207,0.0532,1.84,0.4251,166.77,10.48,0
618907,217.36280974,0.38798752,0.05597,0.05681,1.81,0.1955,18.119995,9.58,0
585196,181.62186524,-0.17240429,0.09232,0.09362,1.98,0.2273,153.8,10.55,0
97908,175.11242566,0.86497222,0.07481,0.07611,3.54,0.0588,124.28,11.47,1
186803,185.92496952,-1.47624466,0.02511,0.02638,3.42,0.2023,86.23999,9.77,0
205155,140.6612648,-0.3840163,0.05538,0.05653,0.84,0.0862,177.79001,9.73,0
205208,140.83517658,-0.39711103,0.0543,0.05545,1.47,0.554,92.04,10.09,0
252226,222.75945354,1.89682154,0.06939,0.07014,1.59,0.6256,68.369995,10.45,0
484746,212.36574307,-1.97655189,0.04135,0.04226,1.35,0.4793,16.549988,8.77,0
610572,180.73214062,0.39921182,0.07832,0.0796,2.2,0.5481,125.22,10.41,0
345605,130.15087743,1.93105485,0.07308,0.07411,1.11,0.3994,111.55,10.47,0
15663,216.43136721,0.80573881,0.08536,0.08624,1.57,0.426,162.14,10.39,0
609358,175.45675018,0.21600652,0.09226,0.09358,1.91,0.7024,160.03,10.95,0
301523,134.29011326,1.35123349,0.07057,0.07165,1.2,0.0433,6.889984,10.38,0
417511,131.56335849,2.26603061,0.00635,0.00696,,,,8.67,1
91473,212.24962029,0.44685817,0.02521,0.02614,2.59,0.3383,134.43,9.04,0
619553,220.38654101,0.3240292,0.029,0.02976,5.52,0.7555,154.14,8.22,0
296583,212.37377961,1.47302145,0.05654,0.05746,1.16,0.0263,167.74,9.64,0
622211,131.92699191,0.68221988,0.04541,0.04644,5.15,0.8646,76.380005,9.53,0
600026,133.48520203,0.21556504,0.05084,0.0519,4.46,0.276,80.06999,10.28,0
485610,216.68841834,-1.8595187,0.08233,0.08321,3.3,0.5486,173.48001,10.35,0
620087,223.16616006,0.39447445,0.04318,0.04391,5.57,0.7264,21.910004,9.37,0
15561,216.04913952,0.79112729,0.02866,0.02949,1.61,0.3605,147.98,8.26,0
49090,219.60501249,-0.67838792,0.07231,0.07313,4.14,0.2361,101.51,10.38,0
382172,135.5317333,2.00522431,0.05728,0.05836,3.13,0.4517,110.4,9.91,0
622033,130.41736503,0.68296071,0.04585,0.04686,5.49,0.7135,132.26001,10.73,1
203148,132.84017059,-0.39515579,0.04289,0.04393,1.88,0.1233,19.850006,9.27,0
177518,177.04420369,-1.98910252,0.00512,0.00689,4.5,0.6335,76.64,7.63,0
53977,176.0183969,-0.2109729,0.04823,0.0495,3.79,0.2022,13.809998,10.01,0
16083,217.68803051,0.77548084,0.08734,0.0882,4.17,0.7212,154.45999,10.39,0
55150,180.75420806,-0.29117679,0.04046,0.0417,4.47,0.2074,9.040009,10.12,0
55372,181.8404418,-0.37666426,0.0222,0.0237,4.21,0.7015,44.61,9.04,0
69375,174.08784034,0.20402299,0.07565,0.07696,2.58,0.5937,44.119995,10.34,0
137789,179.5712504,-1.72809237,0.01906,0.02096,3.54,0.3029,119.84,8.57,0
492390,216.38906951,-1.49993354,0.05494,0.0558,6.01,0.8749,149.52,9.71,0
93760,222.16558885,0.44778409,0.03461,0.03535,2.44,0.3466,134.54001,9.32,0
63389,215.75063207,-0.25453806,0.05489,0.05576,4.52,0.4206,142.08,10.07,0
198710,140.65297543,-0.7898456,0.05376,0.05491,4.55,0.6282,131.4,9.85,0
593916,218.43151926,-0.11118537,0.08596,0.08681,2.72,0.2629,69.76001,10.57,1
486681,220.90918198,-1.80389848,0.03485,0.03562,4.56,0.8048,36.700012,9.3,0
511708,215.62781039,-1.22938869,0.00575,0.00705,11.95,0.6696,34.73001,8.08,0
460664,213.34174266,-1.74522048,0.02769,0.02857,2.84,0.2827,83.22,8.58,1
78528,217.56663566,0.09396771,0.03524,0.03606,2.95,0.6148,28.240005,8.85,0
545116,218.44971187,-0.85542863,0.05568,0.0565,4.13,0.7662,152.72,10.03,0
377892,139.37031317,1.58748926,0.03748,0.03859,5.26,0.8083,74.890015,9.12,0
592917,214.69208311,-0.06370712,0.03632,0.03719,8.13,0.7639,172.68,10.26,0
106634,216.81290592,0.93106037,0.05229,0.05313,2.62,0.633,97.979996,10.15,0
419205,139.154221,2.77309701,0.02579,0.02679,2.19,0.1549,96.909996,8.42,0
227622,214.38309868,1.14086559,0.05434,0.05522,2.85,0.4912,117.67,9.92,0
240449,222.54305507,1.38347725,0.04421,0.04495,4.52,0.0868,8.460007,10.22,0
98440,178.15299233,0.91519683,0.04753,0.04879,5.07,0.4085,95.549995,10.35,0
85974,184.75560705,0.54330079,0.07581,0.07707,2.73,0.5575,74.38,11.42,1
63927,217.58735762,-0.33242306,0.03038,0.0312,4.91,0.7273,10.479996,8.72,0
278260,217.2198499,1.06247244,0.05447,0.05531,2.94,0.1858,175.09,11.0,1
210909,140.28625634,0.08058047,0.02356,0.02454,3.34,0.4937,103.299995,8.44,0
279105,135.37980108,0.97557998,0.0521,0.05318,2.76,0.5756,155.31,10.1,1
521995,132.00355477,2.88146594,0.0587,0.05974,2.56,0.6206,14.699997,9.78,0
105573,212.54694217,0.86583754,0.02556,0.02647,2.03,0.3875,13.220001,8.54,0
229127,220.46103596,1.04113581,0.03687,0.03764,2.08,0.5998,42.440002,8.65,0
92991,218.41098915,0.43000164,0.03078,0.03158,2.76,0.2961,75.100006,8.62,0
376340,133.01255975,1.42382916,0.05098,0.05203,5.42,0.5629,13.380005,10.2,0
422761,132.33073636,2.69486934,0.07695,0.07801,4.3,0.1268,18.380005,10.54,0
321494,223.49674292,1.54908837,0.04396,0.04468,5.48,0.8714,52.809998,9.27,0
619951,222.32471548,0.38919857,0.03442,0.03516,5.1,0.3535,142.97,9.0,0
229163,220.84274218,1.09811594,0.0381,0.03886,5.2,0.3147,179.19,10.59,0
512254,218.31595764,-1.14014234,0.01376,0.01514,12.18,0.7888,167.91,9.03,0
371213,130.57762364,0.94160442,0.07662,0.07766,3.24,0.1268,23.970001,10.48,0
231573,184.52709329,1.90701031,0.04986,0.05108,5.11,0.416,5.9599915,9.8,0
178481,180.44249877,-1.93474679,0.02508,0.02638,8.07,0.2869,41.550003,9.0,0
137350,178.19074307,-1.64944715,0.01949,0.02132,2.34,0.6695,89.079994,8.67,0
593353,216.28689757,-0.12437418,0.05459,0.05545,3.82,0.557,176.87,9.56,0
240205,221.17579527,1.44970087,0.03821,0.03897,5.87,0.6905,59.92,9.39,0
485885,217.75789616,-1.71721473,0.05502,0.05586,5.04,0.1595,74.75,10.25,0
324865,137.43954115,1.79408816,0.01664,0.01745,10.2,0.6324,12.720001,8.74,0
251999,221.71191135,1.85190173,0.03364,0.03438,5.59,0.2716,151.84,10.88,0
178468,180.45729212,-1.89098827,0.0908,0.09211,2.61,0.6093,116.549995,10.6,0
377710,138.64709652,1.5626519,0.05531,0.05643,1.25,0.1418,124.869995,10.03,0
78740,218.34723849,0.00889182,0.0564,0.05722,2.54,0.2346,127.09,10.18,0
397298,177.6599149,1.62572602,0.07809,0.07938,3.77,0.4748,32.179993,10.99,0
209697,134.57714562,0.15617514,0.0536,0.05467,5.91,0.6398,81.41,10.26,0
251384,218.35555307,1.8853319,0.094,0.09485,1.8,0.223,163.93,10.73,0
136607,175.86314809,-1.73072468,0.10941,0.11076,2.32,0.2069,68.89,11.0,0
30469,175.42881156,-1.20672475,0.0764,0.07771,4.7,0.2455,106.36,11.16,0
396802,175.11154826,1.43346431,0.07655,0.07785,2.19,0.3317,124.95,10.43,0
396865,175.29083689,1.62028485,0.07651,0.07781,3.01,0.2007,9.98999,10.8,0
509874,223.21811627,-1.47739502,0.07586,0.07661,3.32,0.3072,140.87001,11.02,1
463142,211.64335934,-1.18704396,0.02586,0.02678,4.48,0.267,21.769989,10.59,0
594917,222.41489516,-0.05465203,0.04124,0.04198,1.6,0.0233,16.669998,9.6,0
220333,181.18110296,1.50686076,0.08137,0.08265,2.2,0.0815,98.22,10.52,0
519225,140.60424787,2.99729169,0.08577,0.08694,1.23,0.1433,87.609985,10.6,0
508187,216.19122103,-1.59906023,0.09236,0.09325,1.81,0.3925,100.21999,10.74,0
592666,213.69646309333334,-0.00366761,0.04746,0.04835,3.21,0.0861,57.539993,10.38,5
239106,216.51540542,1.50967142,0.08562,0.08649,1.56,0.037,169.57,10.31,0
609966,178.0015756,0.25793278,0.08121,0.08251,2.37,0.3335,156.59,10.56,0
371932,133.50345864,0.98291723,0.05184,0.0529,55.75,0.6334,35.940002,10.06,1
485883,217.74873843,-1.8231639,0.05491,0.05575,3.44,0.278,55.490005,10.54,0
714923,215.86458866,1.72556547,0.00456,0.00574,,,,8.34,3
715104,218.20999209,1.54301267,0.02676,0.02754,,,,10.15,0
736160,212.48391849,-1.2388828,0.02479,0.02573,,,,9.0,3
3627036,134.44151271,-0.89949707,0.07011,0.0712,,,,10.86,0
3895257,129.43796633,-0.86161142,0.03059,0.03158,,,,10.34,0
215289,133.50575734,0.55898013,0.05761,0.05867,3.05,0.0714,3.1100006,10.81,0
30621,176.20165032,-1.15851643,0.07785,0.07916,4.26,0.1523,105.28,10.82,0
371943,133.65131102,0.93292125,0.10707,0.10818,2.2,0.602,56.810013,11.07,0
492233,215.4800346,-1.40058282,0.08356,0.08446,1.96,0.3655,79.79999,10.46,0
238958,215.89492755,1.64008447,0.08549,0.08637,1.71,0.0632,69.01999,10.44,0
346213,132.81511004,2.02611007,0.07255,0.07361,2.27,0.1316,153.26001,10.4,0
376590,134.32273526,1.38310898,0.07282,0.07391,1.46,0.2478,86.67999,10.44,0
70640,180.74268937,0.0302337,0.07977,0.08106,5.63,0.2344,143.84,10.91,0
214895,131.97905512,0.5666869,0.05855,0.05959,1.32,0.6112,174.1,10.27,0
40419,181.09158507,-0.7193297,0.07755,0.07883,6.64,0.7814,43.950012,10.96,0
381539,133.08937186,1.9323111,0.08782,0.0889,0.89,0.035,60.369995,10.34,0
376428,133.35812739,1.51332226,0.10707,0.10818,2.45,0.386,136.87,10.94,0
345755,130.99760207,1.89666771,0.07723,0.07827,2.21,0.3949,19.839996,10.83,0
543605,212.12205531,-0.84146099,0.05582,0.05675,1.73,0.2282,17.160004,10.49,0
601283,139.23478732,0.28596923,0.05631,0.05744,5.42,0.2447,131.83,10.17,0
9072,184.8997233,0.74540735,0.09956,0.10084,3.62,0.3255,82.47998,10.96,0
493028,219.24001988,-1.39849664,0.05031,0.05112,5.37,0.129,79.119995,10.72,0
593649,217.39196039,-0.04381016,0.08611,0.08697,7.34,0.4044,0.1499939,10.78,0
518914,138.49302026,2.90266095,0.07223,0.07336,2.73,0.3271,169.92,10.35,0
345523,129.85120101,1.86410899,0.07223,0.07325,2.13,0.2662,88.22,10.42,0
106366,215.75371082,0.90521125,0.10371,0.10461,2.79,0.3786,169.54001,11.03,0
568130,214.0815269,-0.43101876,0.07753,0.07844,4.14,0.0306,151.38,10.87,0
107640,221.53812448,0.86551481,0.07423,0.07501,1.73,0.3295,130.62,10.34,0
209680,134.48904486,0.17119032,0.05295,0.05402,7.67,0.1707,91.740005,11.11,0
387029,135.00812456,2.37734444,0.07188,0.07297,5.77,0.3866,177.59,10.66,1
177670,177.44305466,-1.997081,0.0833,0.08461,4.02,0.0819,141.13,10.46,0
402408,175.05217198,1.94773514,0.07503,0.07633,3.23,0.5166,125.3,11.08,1
230675,180.80516134,1.95091113,0.01992,0.02167,17.12,0.5423,44.75,11.1,1
422907,132.85683447,2.8330493,0.0285,0.0295,31.55,0.4603,13.540009,8.93,0
287705,174.58648426,1.66617632,0.07584,0.07714,9.0,0.4596,131.23999,11.41,1
371882,133.22156019,1.03301224,0.0515,0.05255,7.76,0.3621,107.89001,10.25,0
592907,214.69354214,-0.08350256,0.05328,0.05416,18.45,0.5853,87.62,9.87,0
720743,219.97597759,1.80675291,0.08475,0.08556,10.39,0.7532,78.66998,10.41,3
3634556,139.44677894,-0.98589449,0.06976,0.07091,,,,11.0,0
3900749,132.17738773,-0.99891834,0.04095,0.04198,,,,9.58,0
77845,215.19415642,0.0828774,0.05454,0.05541,3.01,0.667,95.28,10.11,0
289112,181.0761067,1.69993268,0.02268,0.02412,3.64,0.3337,120.95,9.46,0
388424,139.94923008,2.52869101,0.08844,0.0896,3.6,0.0551,146.72,10.78,0
544708,216.56595271,-0.87288692,0.0836,0.08448,2.85,0.2774,73.04001,10.52,0
320493,218.35852854,1.79094224,0.03378,0.03458,4.55,0.8289,112.850006,8.89,0
507763,214.46327016,-1.7470776,0.05469,0.05558,3.87,0.6752,120.06,9.84,0
279126,135.42187577,0.82866995,0.05279,0.05387,4.94,0.6567,11.51001,9.45,0
485888,217.77701046,-1.8925001,0.05315,0.05399,1.65,0.3228,105.34,9.41,0
569555,219.4072121,-0.58369517,0.05689,0.0577,2.66,0.3926,76.84,10.44,0
137806,179.79059211,-1.80514206,0.02093,0.02257,4.23,0.3261,44.690002,9.36,1
550353,135.35502407,-0.45792742,0.02755,0.02857,7.96,0.7975,24.960007,9.05,0
302846,139.64139357,1.34375941,0.02727,0.02833,5.4,0.4871,9.619995,9.85,0
220126,180.46226483,1.56976956,0.02065,0.02231,3.62,0.6545,82.97,8.76,0
388153,138.90419111,2.47574761,0.09031,0.09147,2.93,0.5017,50.309998,10.39,0
208890,130.74366732,0.20611672,0.05033,0.05135,8.67,0.7137,129.28,10.55,0
208612,129.71517654,0.05914337,0.02455,0.02536,2.29,0.4239,26.930008,8.49,0
422366,130.59559741,2.4973292,0.02867,0.02965,8.86,0.493,166.33002,9.62,0
593588,217.08468865,-0.2043725,0.0238,0.02467,9.32,0.2861,177.57,10.32,1
485308,214.82329794,-1.95872211,0.07675,0.07766,3.2,0.6389,21.790009,10.65,0
386316,131.44404811,2.1992819,0.07577,0.07682,3.77,0.8444,12.199997,10.61,0
251297,218.11955951,1.91052243,0.03043,0.03123,6.17,0.3048,21.51001,9.52,0
139123,185.79263682,-1.83807507,0.07649,0.07775,6.3,0.8225,102.46,10.78,0
485039,213.80752076,-1.96576092,0.04809,0.04899,3.51,0.3708,40.059998,10.09,1
144197,179.32269553,-1.37419668,0.02623,0.02749,1.86,0.2114,30.179993,9.13,0
325511,140.85429608,1.98687171,0.07026,0.07142,3.17,0.3432,13.209991,10.58,0
32362,184.53564653,-1.06411418,0.019,0.02091,13.65,0.4359,134.76,10.41,0
210986,140.62496955,0.13147228,0.03783,0.03896,7.33,0.3139,164.83,8.82,0
504962,218.00788339,-1.97705126,0.07301,0.07386,4.59,0.0251,174.84,10.69,0
85361,182.00626725,0.46968371,0.03499,0.03622,1.73,0.4305,51.22,8.87,0
278736,133.50943869,0.84216864,0.03982,0.04086,2.77,0.4235,96.64,9.7,0
345754,131.11856269,2.063963,0.02555,0.02642,5.73,0.4525,16.269989,10.25,0
325441,140.40745486,1.86072568,0.02561,0.02663,1.02,0.0767,101.74999,8.3,0
287891,175.64089052,1.7509072,0.07564,0.07694,1.85,0.5234,33.100006,10.36,0
238316,213.86353431,1.75937585,0.0536,0.05449,2.59,0.5411,178.07999,9.85,0
381162,131.67446185,1.72113851,0.04945,0.05048,2.79,0.0215,154.49,9.61,0
30327,174.53622634,-1.05117589,0.07773,0.07904,4.29,0.3615,22.729996,10.53,0
609598,176.53111048,0.30792954,0.02693,0.02818,1.55,0.464,173.70001,8.44,0
185567,180.80043345,-1.48836433,0.08237,0.08366,3.58,0.3816,96.86,10.9,0
594184,219.31745706,-0.09980468,0.1054,0.10624,2.44,0.1702,129.74,10.98,0
600677,136.81290029,0.33251305,0.09581,0.09695,3.02,0.1746,175.04001,10.96,0
622475,133.65253049,0.64257349,0.10699,0.1081,9.8,0.1004,12.080002,11.67,0
22849,179.30452386,1.06472239,0.07859,0.07988,1.87,0.0884,59.26001,10.51,0
279878,139.81814651,1.03629872,0.08734,0.08851,4.39,0.0575,64.17,11.26,0
584716,180.13990365,-0.19345356,0.08109,0.08238,4.12,0.417,162.70001,10.83,0
593479,216.68738906,-0.19548743,0.07933,0.0802,2.48,0.3889,83.19,10.78,0
549296,131.07139086,-0.42489859,0.05217,0.0532,5.0,0.0801,94.47,10.95,0
561529,183.96997404,-0.42590445,0.07583,0.07709,1.5,0.4944,115.21999,10.48,0
584723,180.1704785,-0.03918734,0.09411,0.09542,3.08,0.5045,150.77,11.05,0
208654,129.77818435,0.14977055,0.10934,0.1104,2.09,0.1718,96.009995,11.08,1
239556,218.31384508,1.50993773,0.10947,0.11033,2.39,0.1397,157.06,11.09,0
97915,175.10408827,1.02231486,0.07522,0.07652,4.1,0.0274,5.299988,10.93,0
62361,212.51449234,-0.35585021,0.08298,0.08392,7.93,0.0451,99.17,11.32,0
397453,178.27367943,1.59888284,0.08078,0.08207,2.01,0.2376,67.03,10.77,0
618661,216.39316275,0.33248412,0.08454,0.08542,7.31,0.3258,12.610001,10.99,0
136418,174.79787725,-1.80664032,0.10777,0.10912,2.98,0.2698,148.87,11.19,0
508351,216.82862746,-1.67845196,0.0538,0.05465,5.82,0.4147,31.790009,10.81,0
250243,214.36319761,1.98847815,0.05447,0.05535,2.31,0.1681,64.62999,10.07,0
63275,215.28641557,-0.37787326,0.05357,0.05444,9.35,0.3132,153.95999,11.25,0
143291,175.21195232,-1.31819845,0.04488,0.04615,3.96,0.2274,10.839996,10.17,0
215336,133.65345591,0.62811295,0.11288,0.114,3.11,0.1493,80.22998,11.31,1
388236,139.26382583,2.46292872,0.05479,0.05591,29.35,0.3732,44.660004,9.49,1
14601,212.20046472,0.81208687,0.11339,0.11436,3.89,0.2994,33.509995,10.98,0
9321,185.91284125,0.72581438,0.07412,0.07537,3.25,0.2123,105.57,10.78,3
238350,214.09509666,1.59117526,0.05382,0.05471,11.91,0.2177,163.48,11.09,0
250472,214.82210422,1.96894369,0.08295,0.08385,2.83,0.3946,148.2,10.49,0
8301,181.68685894,0.7011761,0.09004,0.09133,1.87,0.2122,84.4,10.33,0
65186,222.00100578,-0.30076767,0.08274,0.08352,1.92,0.2782,74.380005,10.5,0
690968,176.45465723,-0.80858009,0.11071,0.11205,0.74,0.1555,67.07001,10.91,1
417475,131.33834202,2.23573601,0.07758,0.07863,1.71,0.2289,76.16,10.31,0
693033,220.045445,-0.2934806,0.00654,0.00776,,,,8.9,4
239347,217.43212452,1.48737419,0.03423,0.03505,5.89,0.7687,162.43,8.79,0
252284,223.0618918,1.92365736,0.02788,0.02857,6.23,0.4158,80.16998,9.96,0
486092,218.40636109,-1.70306576,0.03397,0.03478,4.86,0.4609,72.270004,9.14,0
544856,217.31312333,-0.93407432,0.06053,0.06138,4.72,0.4069,150.88,10.61,0
143446,175.9398507,-1.27659397,0.00567,0.00753,30.67,0.5647,135.63998,7.66,0
230786,181.0545379,1.90016163,0.01919,0.02105,2.37,0.2025,123.4,9.93,0
372345,135.42749074,1.05153786,0.07045,0.07155,5.57,0.6057,149.39,10.76,0
205086,140.65136375,-0.40676229,0.05551,0.05666,1.14,0.3137,1.859993,10.38,0
493336,220.36686442,-1.26263908,0.07195,0.07275,2.92,0.1929,105.75001,10.65,0
250277,214.43384317,1.98130786,0.05811,0.05899,4.47,0.2895,135.48001,10.01,0
373284,140.34916996,1.1761123,0.05855,0.05969,1.84,0.7016,38.259995,10.04,0
585386,182.64824873,-0.17149543,0.05042,0.05166,5.87,0.2606,91.049995,10.68,0
513018,221.3322165,-1.09721747,0.02706,0.02779,3.42,0.7306,44.339996,8.29,0
24414,185.53729324,1.11275476,0.02288,0.02429,4.91,0.2963,2.050003,8.35,0
54296,177.4599029,-0.21606394,0.02033,0.02203,2.02,0.3398,82.75,8.5,1
373202,139.92557866,1.32583201,0.01654,0.01748,6.68,0.5926,122.71,9.26,0
567625,212.60993618,-0.58853964,0.05373,0.05465,3.92,0.5887,19.279999,9.58,0
8222,181.08625839,0.75397754,0.09692,0.09822,4.98,0.1428,24.660004,10.9,0
623141,137.19659901,0.65062497,0.05379,0.05489,2.09,0.2528,104.729996,9.42,0
544674,216.43018536,-0.93004096,0.05178,0.05263,3.32,0.4023,105.35,9.79,0
238393,214.17961825,1.71800545,0.0557,0.05659,3.56,0.1554,99.939995,9.8,0
251367,218.23408578,1.89579906,0.02978,0.03058,3.46,0.2963,95.88,9.04,0
485823,217.47288003,-1.80570366,0.02495,0.02578,4.19,0.7141,28.450012,8.32,0
383211,140.43241398,2.10327647,0.05328,0.05441,3.66,0.7985,126.46001,9.51,0
93822,222.47883607,0.5709612,0.03997,0.04071,2.46,0.3526,135.66,8.7,0
622858,135.62112465,0.70960738,0.03667,0.03774,4.91,0.7764,38.960007,9.09,0
93832,222.55816819,0.5575334,0.03981,0.04054,5.3,0.6686,35.399994,9.37,0
32236,183.96938889,-1.20399515,0.07964,0.08091,5.77,0.6226,92.71999,10.35,0
592209,212.02418315,-0.19414761,0.05344,0.05437,6.35,0.7785,113.26,9.78,0
491608,212.51979756,-1.50799733,0.02458,0.02552,3.45,0.5741,99.11,8.49,0
91671,212.81091558,0.42843579,0.04032,0.04122,4.45,0.7103,88.17,8.72,0
273986,185.90795004,1.29271432,0.0261,0.02732,1.96,0.1383,132.04001,8.27,0
377597,138.23901135,1.667577,0.05527,0.05638,4.51,0.82,63.28,10.08,0
78428,217.07801042,0.15167384,0.03049,0.03131,3.53,0.7242,117.04,8.76,0
16632,219.51406122,0.76199807,0.08277,0.08359,5.17,0.469,173.41,10.49,0
323989,134.06537504,1.59555081,0.03657,0.03762,2.22,0.4981,14.799988,8.69,0
219673,178.50933271,1.54886666,0.01993,0.02168,7.07,0.2696,149.26,8.84,1
107151,218.69097788,0.95918691,0.03142,0.03222,5.01,0.81,70.78,8.63,0
86116,185.27933717,0.46133529,0.00666,0.00881,2.78,0.3767,31.11,7.69,0
220750,182.98976807,1.48924642,0.02097,0.02259,5.07,0.2987,135.46,8.62,0
492322,216.08093389,-1.43095452,0.05492,0.05578,4.98,0.7973,156.51999,9.47,0
508352,216.83235777,-1.67321129,0.05362,0.05447,5.27,0.512,90.49,10.34,0
544938,217.57762582,-0.87109751,0.03019,0.03101,3.41,0.5926,118.28,8.63,0
619098,218.05118084,0.22324505,0.03556,0.03637,8.02,0.594,87.609985,9.35,0
518026,134.74443584,2.76356951,0.03921,0.04026,3.66,0.6866,91.38,9.04,0
592478,213.15757029,-0.01357865,0.03519,0.03608,1.12,0.4117,158.75,8.65,0
69513,175.15947417,0.15131145,0.04214,0.0434,9.18,0.4652,136.99,9.87,0
77969,215.61508106,0.05833556,0.03115,0.032,5.17,0.5293,171.56,10.35,3
55287,181.36110065,-0.28226126,0.00427,0.00603,3.57,0.309,10.959991,7.49,0
216220,137.27003719,0.47273065,0.03593,0.03702,1.94,0.6723,134.70999,8.76,0
622396,133.11185884,0.74878965,0.05765,0.05871,2.88,0.2678,2.7400055,9.64,0
561065,182.58349582,-0.59632536,0.03469,0.03591,3.57,0.4894,39.070007,8.73,0
422446,130.89751011,2.66970523,0.0503,0.05131,4.13,0.7463,179.19,10.36,0
289626,182.95725448,1.71643119,0.04891,0.05014,4.23,0.7914,31.11,10.25,0
570364,223.39814361,-0.43656896,0.0423,0.04302,5.75,0.1813,49.820007,9.47,0
575623,140.70824598,-0.15078249,0.02038,0.02134,1.6,0.4008,68.67,8.38,0
463170,211.81819487,-1.19544734,0.05342,0.05435,0.99,0.1015,72.84999,9.6,0
549070,130.15791303,-0.61422241,0.05217,0.05319,0.99,0.1166,151.46,10.07,0
85960,184.80320207,0.60496636,0.07398,0.07523,3.21,0.1487,72.19,10.71,0
383312,140.9020867,2.13647449,0.01698,0.01794,16.43,0.121,60.399994,10.63,0
186573,185.09690318,-1.51758991,0.06833,0.06958,1.75,0.7096,135.76999,10.4,0
49937,223.237041,-0.78546302,0.07883,0.07958,2.23,0.214,168.29999,10.82,0
230209,178.90171847,1.93673894,0.0394,0.04064,1.25,0.3945,37.880005,8.63,0
252008,221.73560528,1.94827594,0.03386,0.0346,3.28,0.6433,102.01,9.04,0
559490,177.30346687,-0.56445992,0.04744,0.0487,2.7,0.0758,142.97,10.29,0
348009,139.89363852,2.24376011,0.05659,0.05772,1.27,0.2837,166.31,9.98,0
272443,179.49493357,1.36891024,0.07829,0.07958,5.98,0.4775,133.25,11.01,0
48833,218.78911275,-0.64315902,0.10686,0.10772,3.8,0.5081,169.89,11.04,0
419069,138.63125068,2.7054465,0.09072,0.09187,5.58,0.7245,131.51,10.51,0
372129,134.40440319,0.99319055,0.03759,0.03864,3.07,0.5011,100.83,8.61,0
618931,217.42431079,0.36902069,0.05376,0.0546,1.35,0.1829,51.689995,10.18,0
271977,177.32358572,1.23948649,0.09391,0.09522,2.92,0.3349,73.59999,11.0,0
289957,184.14489973,1.73218669,0.07716,0.07842,1.85,0.2775,172.35999,10.32,0
319404,214.40757536,1.91118151,0.05823,0.05912,1.46,0.3453,59.26999,9.93,0
202313,129.02346784,-0.3596196,0.03873,0.03972,6.91,0.4786,98.130005,8.61,0
106030,214.37536424,1.01984878,0.05306,0.05394,0.96,0.7565,172.63,10.48,1
425769,129.68027334,2.92250358,0.08144,0.08247,1.46,0.1219,116.58001,10.34,0
560238,179.80368593,-0.52382771,0.02137,0.02295,8.11,0.2859,24.679993,10.59,0
422612,131.73701669,2.75873579,0.07389,0.07494,2.12,0.3885,72.12999,10.54,0
543603,212.09624827,-1.04789416,0.08716,0.08812,3.72,0.2106,74.82001,10.9,0
517501,132.70653438,2.43221105,0.10644,0.10753,2.5,0.5053,138.9,10.91,0
24400,185.6189988,1.05707204,0.0743,0.07555,3.01,0.5663,60.109985,10.74,0
380662,129.48100384,1.70298314,0.05966,0.06067,5.66,0.5416,0.45999146,10.8,0
346215,132.910156,2.04829789,0.07504,0.07611,2.52,0.7621,127.28,10.52,0
220465,181.75304533,1.49750244,0.08446,0.08574,5.85,0.2936,118.869995,11.31,0
64344,218.94442241,-0.37124398,0.1069,0.10775,3.84,0.4079,82.51001,11.43,0
230556,180.3269596,1.89278283,0.0776,0.07888,5.3,0.0672,73.56,10.97,0
485835,217.58796367,-1.78842965,0.05646,0.0573,1.58,0.5026,154.18,9.78,0
375530,129.71815712,1.39913276,0.02922,0.0302,2.95,0.2513,130.58,10.23,0
278995,134.83680893,0.86171286,0.01307,0.01383,3.23,0.576,111.240005,8.52,0
517302,131.7262154,2.56007097,0.02871,0.02971,5.31,0.3003,149.66,10.18,0
204803,139.5979978,-0.30040545,0.05568,0.05681,2.13,0.6743,129.01001,9.86,0
508815,218.52140091,-1.61029491,0.07222,0.07306,2.9,0.5525,9.709991,10.39,0
196737,132.5434755,-0.70541895,0.05713,0.05818,5.04,0.075,17.449997,9.51,0
496967,212.70040077,-1.14440171,0.05425,0.05517,5.88,0.5013,83.82001,9.87,0
63413,215.87245833,-0.37768469,0.03184,0.03269,1.71,0.3662,82.66,8.79,0
16018,217.44700657,0.6880496,0.05401,0.05484,4.18,0.7103,44.14,9.86,0
463660,213.92313635,-1.15695347,0.03753,0.03841,3.87,0.0827,44.45999,9.02,0
561499,183.82522638,-0.55386255,0.08133,0.0826,4.28,0.4788,133.54999,10.42,0
220330,181.10492248,1.6473063,0.02337,0.02476,5.21,0.4275,108.86,9.56,0
348158,140.41054697,2.29019659,0.04988,0.05101,4.05,0.1086,167.16,9.44,0
365316,138.99594748,2.60012522,0.02769,0.02874,1.13,0.2716,145.87001,8.48,0
214652,130.79849313,0.56692067,0.05117,0.05219,3.04,0.2873,18.75,9.5,0
548739,129.03177728,-0.48939802,0.05733,0.05834,8.22,0.8017,24.470001,10.15,0
78921,219.16094755,0.11739914,0.02982,0.03061,8.88,0.452,72.70001,9.44,0
92456,216.39684657,0.595991,0.08497,0.08585,3.57,0.4764,72.06,10.45,0
252091,222.15956215,1.87144621,0.03434,0.03507,10.09,0.7337,110.05,9.37,0
513066,221.58483255,-1.08275864,0.02934,0.03009,10.86,0.6131,176.11,9.33,0
485834,217.57878874,-1.7877005,0.05621,0.05705,5.19,0.4267,47.26001,10.69,0
69462,174.87367209,0.11655102,0.01964,0.02141,1.9,0.077,78.25,9.29,0
227230,212.72097557,1.36939882,0.02603,0.02693,8.52,0.6977,119.29,9.68,0
508908,218.91786651,-1.49228949,0.0567,0.05752,5.7,0.7991,80.96002,10.67,0
618971,217.66292807,0.26016386,0.05378,0.05461,1.74,0.5552,169.75,9.66,0
92404,216.14194253,0.50522902,0.03171,0.03255,2.2,0.5718,155.75,8.93,0
599797,132.62098388,0.25906848,0.05359,0.05464,0.73,0.4208,108.06,9.61,6
214251,129.53148414,0.45852052,0.07998,0.08101,1.96,0.1734,91.23,10.35,0
619121,218.27368379,0.35425287,0.05233,0.05315,1.67,0.4176,62.20999,9.9,0
184268,175.82499255,-1.54644316,0.07738,0.07869,8.15,0.7915,11.539993,10.99,0
69987,177.90116113,5.409E-4,0.06054,0.06182,8.99,0.3134,110.399994,10.59,0
585035,180.89627079,-0.04035679,0.03663,0.03786,4.96,0.6835,179.45999,9.09,0
373248,140.0523286,1.15231833,0.01699,0.01793,3.5,0.0515,172.79999,8.53,0
278074,211.95999771,1.1369196,0.02544,0.02636,8.17,0.1659,58.950012,9.78,0
238116,213.27856368,1.76564491,0.04904,0.04994,2.43,0.4863,80.80002,9.77,0
544506,215.84445362,-0.93200176,0.05458,0.05545,1.58,0.4541,150.86,9.76,0
107824,222.86984089,0.90775146,0.04339,0.04412,3.02,0.5378,40.630005,10.35,0
273092,181.99997519,1.39593266,0.03743,0.03866,7.59,0.2491,150.95001,10.07,0
345682,130.67706597,1.95196116,0.02546,0.02631,4.19,0.5392,113.90999,9.27,0
228380,217.13185392,1.12751887,0.03745,0.03828,6.64,0.7122,160.27,10.51,1
22170,176.27346517,1.17191505,0.02856,0.0298,8.41,0.4488,81.100006,8.82,0
22836,179.29280225,1.04955036,0.07776,0.07905,2.87,0.3472,80.38,10.62,0
48146,216.04581539,-0.67890594,0.05056,0.05142,11.43,0.6381,80.95001,10.8,0
485971,217.97496989,-1.77879071,0.05161,0.05244,2.21,0.2907,36.940002,9.86,0
592616,213.60138194,-0.19107072,0.05392,0.05482,4.97,0.5871,104.2,10.39,0
15851,216.97830402,0.71535993,0.08507,0.08594,2.65,0.3918,62.04001,10.47,0
98879,180.26397097,1.00328748,0.08528,0.08657,3.17,0.3983,155.0,10.63,0
41137,184.37995723,-0.80956157,0.07051,0.07177,7.56,0.2802,38.229996,10.89,0
493825,222.43912181,-1.17427214,0.0269,0.02761,3.26,0.3901,56.25,8.23,0
230560,180.34542878,1.92574024,0.01849,0.02043,6.27,0.0433,89.76,9.52,0
594834,221.89589117,-0.12207094,0.05652,0.05728,2.54,0.3923,167.18,10.45,0
610398,180.07499179,0.29499894,0.02064,0.02231,13.21,0.5707,17.809998,10.21,0
288014,176.51259484,1.76917482,0.07673,0.07802,4.99,0.6473,16.410004,10.42,0
30395,175.06172031,-1.20529984,0.05287,0.05415,2.06,0.1828,54.700012,9.52,0
600024,133.44328862,0.21454211,0.05044,0.0515,6.61,0.7623,132.79001,10.29,0
288742,180.0314771,1.83997501,0.0775,0.07878,4.28,0.7036,173.22,11.09,1
397122,176.78415679,1.51989337,0.10154,0.10286,3.18,0.2527,114.33,10.98,1
14460,211.5236487,0.63505084,0.03095,0.03186,4.35,0.6193,107.94,8.65,0
302848,139.6816409,1.3947378,0.03738,0.03849,10.28,0.8272,90.58,9.84,1
509444,221.32078161,-1.56929767,0.03417,0.03493,4.9,0.3526,30.459991,9.05,0
617696,212.94714253,0.23688316,0.05503,0.05594,2.2,0.6835,149.59,9.74,0
544892,217.54747192,-1.04132237,0.02985,0.03067,2.84,0.5501,143.63,9.0,0
56183,184.85244706,-0.29409913,0.03904,0.04026,3.58,0.2303,136.91,9.5,0
425744,129.60990545,2.98449341,0.06053,0.06154,5.83,0.2459,8.100006,10.34,0
79743,222.83269609,0.02424879,0.04299,0.04372,2.77,0.1901,157.76001,9.12,1
214673,131.0620654,0.60918614,0.05125,0.05227,4.36,0.0868,84.619995,11.98,1
592466,213.07908644,-0.12268602,0.01749,0.01892,4.27,0.792,138.37,8.47,0
203011,132.12237917,-0.30201416,0.04058,0.04161,1.4,0.8142,11.779999,8.83,0
376644,134.46526721,1.46275941,0.05249,0.05356,2.91,0.2365,44.059998,9.73,0
138657,183.54753586,-1.66993679,0.00343,0.0036,1.09,0.9172,35.320007,7.74,2
521719,130.53875743,2.89517246,0.02475,0.02556,2.17,0.6296,131.47,8.48,0
136626,175.82656556,-1.62936916,0.0459,0.04717,6.93,0.6431,37.440002,10.01,0
302683,138.79962156,1.49746679,0.05428,0.0554,3.06,0.299,48.73999,9.4,0
106045,214.51681273,0.90696285,0.07828,0.07918,4.21,0.1921,71.18001,10.35,0
567676,212.76660435,-0.54511067,0.0259,0.0268,4.26,0.1654,94.229996,8.57,0
77214,212.26954851,0.10842841,0.08276,0.08371,3.92,0.5645,170.32999,10.85,0
543812,213.05368979,-0.84636598,0.03258,0.03347,5.68,0.5113,26.889984,9.37,0
15847,216.96619195,0.75425347,0.05706,0.05791,4.05,0.5034,148.14,9.56,0
204377,137.79990004,-0.23483338,0.05439,0.0555,4.57,0.8279,0.14000702,9.63,0
512985,221.21670458,-1.15272749,0.04132,0.04208,4.48,0.3965,47.339996,8.84,0
300350,129.16480418,1.13610286,0.01371,0.01419,4.99,0.223,76.20001,8.32,0
40420,181.10961283,-0.6319641,0.02045,0.02215,7.74,0.3577,169.13,9.21,0
301027,131.79868945,1.13077336,0.05805,0.05909,3.47,0.1645,170.54001,9.55,0
559609,177.64179412,-0.53782252,0.006,0.00797,6.86,0.5596,81.73999,7.89,0
402934,178.00607849,1.99774143,0.02044,0.02211,1.9,0.3628,24.869995,8.28,0
568632,215.86455908,-0.59778649,0.05313,0.05399,4.41,0.548,92.57001,9.45,0
78550,217.6187829,0.17258408,0.08701,0.08787,2.92,0.0354,163.84,10.51,0
273099,182.00216643,1.36182643,0.01981,0.02158,4.6,0.7801,63.589996,8.24,0
137450,178.41836488,-1.70360818,0.08664,0.08795,1.78,0.2574,107.950005,10.34,0
508474,217.15280822,-1.65550305,0.036,0.03683,3.25,0.4752,7.25,8.65,0
93605,221.25829653,0.52198707,0.02846,0.0292,0.9,0.2512,146.4,8.47,3
289279,181.62472828,1.82799035,0.02137,0.02294,3.19,0.2925,28.410004,8.32,0
93804,222.48708936,0.56013705,0.0401,0.04084,0.89,0.0009,104.59,10.95,3
505821,221.84992252,-1.79577733,0.083,0.08379,2.17,0.3041,110.39,10.47,0
512557,219.25406683,-1.07257698,0.07242,0.07324,2.62,0.4646,22.580002,10.62,0
559584,177.65174851666666,-0.5672373666666666,0.00558,0.0075,5.0,0.5456,60.930008,7.98,5
321063,221.01291562,1.73829301,0.03671,0.03747,4.99,0.4732,21.490005,9.53,0
106616,216.72112294,0.96286046,0.02618,0.027,7.29,0.7409,90.32,9.66,0
178300,179.95047238,-1.94284667,0.02074,0.02241,9.34,0.5648,47.48999,8.86,0
105447,211.77308012,0.85639398,0.04867,0.04959,2.89,0.7526,44.29001,10.11,0
237577,211.52796444,1.79660564,0.04257,0.04349,2.95,0.4626,33.380005,9.29,0
568905,216.88069834,-0.59104914,0.04961,0.05045,4.15,0.1976,157.82,9.45,0
618686,216.4999658,0.23192904,0.08423,0.08511,6.0,0.2798,120.82,10.88,0
300821,131.03733582,1.21434506,0.01306,0.01363,3.41,0.2914,114.2,8.82,0
289118,181.14505245,1.84235707,0.01997,0.02171,3.25,0.3796,98.28,9.3,0
177332,176.40912498,-1.90366817,0.10722,0.10856,1.59,0.3265,79.20001,11.33,0
31620,180.48186298,-1.06925501,0.0205,0.02219,14.95,0.7723,39.600006,10.46,0
184360,176.07495866,-1.48955373,0.02781,0.02906,2.09,0.5782,35.100006,8.87,1
302810,139.43115375,1.49239147,0.05358,0.05471,11.54,0.8857,74.94,10.5,0
273976,185.82719033,1.27691941,0.02681,0.02802,1.98,0.266,83.689995,8.2,0
486006,218.19989967,-1.69347435,0.05386,0.05469,2.88,0.6062,165.33,9.98,0
585226,181.85331407,-0.15831819,0.02125,0.02285,7.42,0.3394,170.48001,9.62,0
22805,179.22593393,1.09926909,0.03946,0.0407,2.92,0.6058,74.619995,9.81,0
551655,140.93632263,-0.57024632,0.05367,0.05482,3.66,0.4888,68.29999,10.49,0
143499,176.29455726,-1.37947668,0.02644,0.0277,3.45,0.6934,12.25,8.74,0
397449,178.22296646,1.57823374,0.02098,0.02259,3.57,0.749,157.35,8.5,0
138161,181.0314595,-1.74471319,0.02043,0.02214,3.08,0.2909,160.95001,8.63,0
91997,214.48189703,0.49282482,0.05359,0.05447,2.35,0.7771,85.79999,9.86,0
202373,129.34532855,-0.24348281,0.03486,0.03585,3.46,0.5055,62.869995,9.06,0
302657,138.76168671,1.44525246,0.05458,0.0557,8.21,0.6303,116.39,9.57,0
229201,221.04424357,1.17930076,0.02728,0.02801,1.71,0.01,134.93,10.2,1
301559,134.43676641,1.37375915,0.0705,0.07159,4.15,0.4148,177.29,10.62,0
296747,213.1774997,1.4401282,0.05293,0.05383,6.75,0.7098,14.399994,9.86,0
278548,132.30575377,0.85187552,0.04329,0.04432,7.66,0.5351,35.589996,10.25,0
84658,179.25997297,0.49833996,0.02054,0.02222,2.03,0.2277,30.949997,8.57,0
48432,217.04387462,-0.68460688,0.05518,0.05603,11.17,0.7942,109.93,10.91,0
7841,179.60882677,0.713106,0.07852,0.07981,2.74,0.6845,152.06,10.96,0
202464,129.73726756,-0.35566315,0.05187,0.05288,1.65,0.7564,94.32001,10.02,0
402668,176.60354948,1.99436378,0.02854,0.02977,8.89,0.5491,135.39,9.21,0
56055,184.37666282,-0.23198852,0.03396,0.03517,1.07,0.2097,80.01,9.25,0
216270,137.47211959,0.42485647,0.05403,0.05514,6.27,0.2607,31.660004,9.56,0
106379,215.8274943,1.01530556,0.04029,0.04114,7.01,0.7544,145.42,9.58,0
278657,133.10294505,0.89336446,0.05908,0.06014,2.18,0.7366,125.28,10.73,1
214331,129.76252099,0.61793098,0.07914,0.08017,1.74,0.7328,22.690002,10.58,0
32019,182.97011203,-1.21953724,0.06322,0.06448,3.89,0.2591,169.18,10.81,0
319140,213.56089193,1.87567366,0.05313,0.05402,1.0,0.3328,25.020004,9.73,0
372193,134.65169208,1.16629806,0.07277,0.07386,1.99,0.1232,166.48,10.34,0
41135,184.36581145,-0.7804818,0.0699,0.07116,3.68,0.1996,87.42,10.72,0
15509,215.77427076,0.81065353,0.05379,0.05465,2.88,0.4624,114.270004,10.09,0
184724,177.67382618,-1.45500367,0.08052,0.08182,5.09,0.1238,71.92999,10.85,0
138739,183.85537424,-1.71118319,0.1008,0.1021,3.56,0.1885,67.47,10.92,0
22741,178.90394842,1.23717468,0.00635,0.00845,39.86,0.5622,108.659996,9.67,0
273951,185.93037189,1.31108777,0.02623,0.02745,4.34,0.4451,63.550003,8.72,0
144338,179.76724341,-1.3939038,0.02073,0.0224,3.57,0.47,9.820007,8.7,0
23565,182.20693056,1.1918103,0.0371,0.03832,4.65,0.4506,39.78,10.31,0
271948,177.155892,1.33573235,0.04691,0.04817,1.29,0.0867,155.99,9.96,0
584093,178.05366725,-0.11412176,0.07713,0.07843,4.67,0.1121,11.449997,10.57,0
239692,218.58920118,1.60736519,0.03074,0.03153,7.12,0.4071,52.190002,9.32,0
289099,181.16438644,1.76919698,0.07795,0.07923,7.36,0.0827,14.980003,10.73,0
218713,140.0100024,0.84420718,0.05848,0.05962,1.76,0.6181,46.479996,10.03,0
93858,222.80750333,0.44750214,0.06364,0.06439,3.04,0.4248,179.83,10.44,0
487060,222.78153119,-1.61207436,0.08389,0.08466,4.1,0.4944,77.57999,10.92,0
592419,212.96504762,-0.05089975,0.05495,0.05586,2.17,0.727,54.649994,10.11,0
610435,180.16937081,0.3981159,0.08126,0.08255,1.3,0.6761,118.34,10.33,0
84680,179.37502334,0.60255069,0.04717,0.04842,3.57,0.4169,92.64,10.51,0
618905,217.35323229,0.37308609,0.0569,0.05774,1.51,0.3399,22.369995,9.98,0
79706,222.70255859,0.09371126,0.04335,0.04409,0.62,0.1104,100.39001,9.3,0
298446,219.89594724,1.23055702,0.07878,0.07959,3.13,0.3983,37.380005,10.88,0
204093,136.60417503,-0.23777465,0.09505,0.09619,2.43,0.729,61.960007,10.92,0
78800,218.70964058,0.08761097,0.05636,0.05718,3.03,0.6404,69.03999,10.55,0
618914,217.40383987,0.41005051,0.05587,0.05671,1.17,0.1249,171.73999,9.91,0
536232,181.20229037,-0.96210909,0.08236,0.08365,0.97,0.5157,11.160004,10.36,0
30367,174.9233783,-1.08333262,0.07654,0.07785,2.89,0.1906,52.65999,10.66,0
216401,138.02436975,0.44889187,0.05446,0.05557,2.66,0.0752,64.07001,10.48,0
48848,218.77344258,-0.7600387,0.08132,0.08216,2.16,0.25,63.879997,10.72,0
346653,134.4410932,2.15614741,0.02225,0.02304,1.34,0.2242,163.93,8.59,6
216897,140.30457392,0.4270573,0.07354,0.0747,2.71,0.0923,72.42001,10.56,0
402242,174.15261217,1.91913628,0.07475,0.07605,3.31,0.3572,28.069992,10.38,0
619105,218.12682562,0.27469683,0.02596,0.02675,12.47,0.5526,45.139984,9.68,0
508312,216.59876743,-1.59373578,0.05572,0.05658,1.98,0.6444,134.51001,10.19,0
381419,132.69271063,1.82458588,0.03534,0.03637,1.13,0.2917,9.309998,8.63,0
544658,216.21514572,-0.86339839,0.05499,0.05585,5.75,0.4833,64.850006,10.04,0
83921,175.20382,0.62244352,0.09221,0.09353,5.31,0.532,115.22,10.9,0
422436,130.96284193,2.7138535,0.0259,0.02677,8.19,0.5823,141.74,10.81,0
536625,132.38664975,-0.083603,0.03704,0.03807,5.42,0.3124,158.70999,10.18,0
504877,217.58444442,-1.97651594,0.05461,0.05545,2.27,0.5658,123.97,10.4,0
319299,214.04927841,1.86797804,0.08214,0.08305,9.18,0.4785,111.16,11.18,0
544707,216.55772555,-0.91814205,0.0514,0.05225,1.5,0.569,135.37,9.88,0
271481,174.45308346,1.27807558,0.11211,0.11346,6.29,0.4015,155.41,11.18,0
177303,176.34334061,-1.87672108,0.02703,0.02828,6.21,0.1304,15.7400055,10.43,0
137455,178.42838323,-1.65988418,0.01113,0.01355,9.15,0.1627,84.77002,8.6,0
583366,174.43958748,-0.04417003,0.0982,0.09953,3.18,0.4618,164.60999,11.04,0
387675,137.43490122,2.35037292,0.05457,0.05567,3.92,0.7239,163.88,10.69,0
419335,139.75686615,2.75729364,0.05638,0.05751,2.8,0.7695,87.640015,10.33,0
300554,130.00319209,1.21495328,0.04989,0.0509,1.43,0.5151,82.47,9.81,0
231686,185.23047012,1.92891741,0.11347,0.11476,3.28,0.2875,40.820007,11.08,0
560290,179.85927953,-0.43210167,0.08303,0.08433,2.93,0.3638,78.17001,10.37,0
136616,175.90197426,-1.63834008,0.04309,0.04436,2.84,0.4405,111.32001,10.65,0
40445,181.3133436,-0.75026279,0.08289,0.08418,6.48,0.2054,5.73999,11.29,0
569364,218.90452389,-0.4607052,0.10614,0.10699,2.13,0.3617,38.619995,10.93,0
618976,217.6960076,0.21345221,0.03466,0.03548,3.3,0.4436,136.54999,10.54,0
184047,174.7112805,-1.59327241,0.0763,0.07761,2.1,0.7054,4.730011,10.51,0
17294,222.89406642,0.6930991,0.06442,0.06517,1.3,0.2876,172.17001,10.36,0
619343,219.41763143,0.29457488,0.03554,0.03633,2.8,0.6359,144.29001,10.49,0
346504,134.06858157,2.14467117,0.05777,0.05884,1.58,0.4195,106.600006,9.99,0
178709,181.52921791,-1.89386663,0.08113,0.08242,2.16,0.6883,46.300003,10.35,0
230777,181.12070968,1.89409255,0.02128,0.02286,2.53,0.1292,149.14,10.08,0
371126,130.16907361,1.00601042,0.04577,0.04678,0.44,0.2219,27.729996,9.46,6
593642,217.36247155,-0.20891587,0.03525,0.03607,3.4,0.5103,13.209991,9.65,0
388423,139.92444443,2.39812995,0.0856,0.08676,3.0,0.0356,169.78,10.58,0
220951,184.03379738,1.61064705,0.04978,0.05101,3.61,0.7569,159.83,9.74,0
377459,137.71353085,1.54160617,0.09268,0.09383,5.01,0.8302,55.28,10.53,0
16487,219.03513003,0.7460916,0.05581,0.05662,3.57,0.7084,89.630005,9.66,0
106252,215.27245335,0.86509058,0.05413,0.055,2.34,0.761,136.88,9.8,0
31873,182.09352873,-1.24808234,0.05105,0.0523,5.4,0.2805,155.72,9.63,0
422275,130.02375192,2.46398841,0.02933,0.03031,4.9,0.1693,24.25,8.97,0
492232,215.4563809,-1.33837031,0.0837,0.0846,2.91,0.4766,102.92,10.38,0
8353,182.01648727,0.69760629,0.01967,0.02147,5.37,0.3726,148.9,9.44,0
513221,222.31701527,-1.1329291,0.04276,0.04351,3.24,0.1779,167.93,8.72,0
196565,131.5925596,-0.71623866,0.04041,0.04143,2.83,0.5258,69.81,8.87,0
62412,212.79318485,-0.28606372,0.02584,0.02674,8.49,0.8637,59.990005,9.29,0
375402,129.02663248,1.30639398,0.01287,0.01335,6.13,0.7242,2.4199982,8.43,0
144480,180.20407024,-1.39760312,0.01993,0.0217,3.71,0.4637,83.890015,8.35,0
620034,222.94282914,0.2898279,0.04269,0.04342,8.58,0.7236,86.899994,10.22,0
298789,221.79893815,1.22969968,0.04972,0.05047,4.84,0.7627,107.96999,9.81,0
85416,182.3693747,0.53326638,0.01943,0.02126,5.85,0.6649,80.16998,10.21,0
185401,180.24279291,-1.53274824,0.02021,0.02194,3.98,0.7411,108.49,8.8,1
64893,220.69129895,-0.35108018,0.00565,0.00676,11.85,0.6445,32.39,8.91,0
370986,129.70080973,0.89417543,0.05032,0.05132,4.62,0.4262,121.5,9.53,0
375909,131.38353824,1.29334589,0.04399,0.04501,4.23,0.7202,121.31,9.99,0
600974,138.11825958,0.2462879,0.05452,0.05564,2.52,0.1433,86.46001,10.03,0
99081,181.06707281,0.89095233,0.09148,0.09278,3.54,0.2286,4.6900024,10.45,0
561649,184.45172484,-0.49400334,0.07976,0.08103,2.93,0.1652,108.8,10.58,0
63302,215.37927941,-0.21312303,0.05209,0.05296,4.93,0.71,5.26001,10.47,0
64686,219.60657196,-0.31069716,0.03702,0.03781,4.99,0.4347,46.149994,8.95,0
297408,215.6672361,1.40531872,0.07783,0.07871,6.32,0.7789,108.86,10.48,0
347522,138.16365905,2.21735193,0.05596,0.05707,10.92,0.8694,123.19,10.29,0
30500,175.64516822,-1.11048392,0.0511,0.05238,5.67,0.7493,67.100006,9.49,0
323888,133.57163406,1.60088395,0.02855,0.02957,1.46,0.2618,64.08002,8.25,0
592621,213.61259011,-0.19526452,0.05351,0.05441,5.72,0.4696,104.27,10.38,0
238925,215.67675062,1.65262036,0.07851,0.07939,3.65,0.4256,19.940002,10.93,0
321207,221.90937302,1.66450198,0.02647,0.02718,3.15,0.6211,33.850006,8.64,0
622044,130.46502726,0.64758571,0.04185,0.04286,0.99,0.4252,31.600006,9.92,1
551496,140.54059339,-0.53956125,0.05628,0.05743,7.8,0.2452,36.54001,10.79,1
231024,182.13020547,1.90942501,0.02067,0.02232,14.3,0.8438,125.64,10.04,0
599859,132.80389905,0.27454941,0.04239,0.04343,2.27,0.7366,35.160004,8.79,0
137847,179.79836157,-1.70706399,0.02037,0.02208,5.64,0.3275,80.27002,9.16,0
23337,181.22756826,1.21560603,0.02128,0.02286,6.26,0.2991,140.44,9.74,0
508936,219.05533132,-1.46996408,0.05644,0.05725,1.27,0.3,142.8,9.57,0
569543,219.35577155,-0.50587639,0.03654,0.03733,1.82,0.6871,112.58,8.92,0
144564,180.61155229,-1.26321852,0.09223,0.09354,3.59,0.3961,158.51999,10.5,0
372190,134.61348506,1.07380889,0.07151,0.0726,3.2,0.7069,135.43,10.41,0
288725,179.9379579,1.82901669,0.0791,0.08038,1.21,0.5149,114.07,10.89,3
107594,221.07589747,0.85401457,0.02619,0.02692,6.19,0.4666,140.08,8.93,0
185252,179.54588778,-1.64745427,0.02176,0.02331,7.25,0.3926,130.87,8.46,0
487019,222.67795977,-1.72641162,0.02634,0.02704,8.58,0.7623,163.37,10.02,0
93126,219.09914634,0.58305525,0.05581,0.05662,5.22,0.8227,112.84999,9.72,0
376295,132.82563445,1.4570538,0.03856,0.03959,8.22,0.6876,67.34,8.98,0
300498,129.85013873,1.20661375,0.04916,0.05016,2.62,0.1176,26.420013,9.95,0
238240,213.66531129,1.71676223,0.05245,0.05334,2.82,0.754,164.69,9.91,0
16294,218.2074077,0.63696711,0.02897,0.02977,8.96,0.7383,134.33,8.91,0
204839,139.7462254,-0.21644053,0.0558,0.05694,6.03,0.2571,70.66,11.18,0
548820,129.36343026,-0.46295785,0.10804,0.1091,5.0,0.2797,94.89,11.27,1
788386,181.805174,-1.93805466,0.03794,0.03918,0.16,0.8954,2.5499954,9.0,6
534904,175.67756968,-0.95672315,0.04992,0.05119,1.37,0.3989,117.99,10.37,0
320807,219.52806083,1.74713549,0.09308,0.09391,1.06,0.4287,147.71,10.32,0
69629,175.74391823,0.052546,0.10745,0.10879,1.9,0.5235,169.76999,10.91,0
98097,176.22100301,0.93963258,0.02803,0.02927,3.5,0.4388,158.82,10.16,0
618933,217.42107212,0.33754775,0.05822,0.05906,3.38,0.0042,130.46,9.76,0
229437,222.71430694,1.08970709,0.08705,0.08781,2.42,0.486,9.809998,10.66,0
107509,220.57668047,0.83999824,0.04954,0.05032,4.79,0.395,109.1,10.69,0
296677,212.79204121,1.47471989,0.02551,0.02642,5.95,0.6574,98.8,10.77,0
320685,219.07601964,1.79863466,0.09398,0.09481,2.48,0.619,60.179993,10.78,0
303102,140.85155428,1.54639892,0.08495,0.08612,1.58,0.7302,149.84999,10.45,0
185914,182.45537204,-1.47165803,0.11131,0.11263,4.96,0.159,177.27,11.16,0
559859,178.60778646,-0.47204714,0.05146,0.05272,2.98,0.4593,145.7,10.27,0
537057,183.93497097,-0.99743703,0.08245,0.08372,1.87,0.2541,107.49999,10.65,0
32401,184.70616986,-1.23694027,0.06995,0.0712,7.3,0.3216,172.48,10.58,0
40015,179.30339739,-0.74541614,0.08428,0.08558,2.68,0.6878,142.73999,10.6,0
184685,177.43887101,-1.54990539,0.08304,0.08435,4.37,0.1374,95.67,10.39,0
346621,134.54714085,2.10404563,0.05186,0.05293,1.82,0.6946,134.12,9.46,0
593003,215.08677403,-0.07024189,0.0385,0.03936,1.58,0.3135,108.33,8.92,0
99410,182.6818941,0.95184261,0.02166,0.0232,5.56,0.7641,101.74,8.56,0
381156,131.65187842,1.7760589,0.05127,0.0523,3.1,0.6715,173.62,10.01,0
622444,133.42728134,0.76099265,0.04128,0.04232,2.8,0.526,19.169998,8.77,0
383117,139.93550326,2.12721464,0.03724,0.03835,2.62,0.2573,150.45,9.76,0
517307,131.71561266,2.56809196,0.02775,0.02871,2.16,0.2839,24.309998,8.69,0
92732,217.363089,0.49330068,0.05535,0.05619,3.9,0.6734,80.91998,9.41,0
144491,180.29501542,-1.29750922,0.00489,0.00672,20.33,0.4419,30.649994,8.88,5
220332,181.17452699,1.60267799,0.02025,0.02196,7.24,0.6429,96.12,9.7,0
227176,212.50920169,1.2631647,0.02578,0.02668,4.87,0.1649,118.93,9.52,0
543538,211.92489259,-0.9480995055555556,0.0527,0.05363,1.42,0.2508,130.51,9.61,5
486992,222.48039384,-1.6012928,0.04303,0.04377,1.94,0.6743,88.20001,9.46,1
319343,214.18689786,1.79698623,0.05076,0.05164,7.06,0.6223,163.29999,9.64,0
325390,140.06483517,1.78792026,0.01694,0.01787,3.35,0.3992,124.22,8.26,0
220687,182.8329904,1.49227201,0.00725,0.00948,16.93,0.4284,154.63,9.27,0
196167,129.6904364,-0.70113232,0.05103,0.05204,4.47,0.1492,23.570007,9.87,0
567984,213.73285768,-0.5693003,0.08309,0.08401,4.0,0.8127,118.44,10.49,0
376162,132.27478135,1.457553,0.0344,0.03542,1.68,0.5192,142.23999,8.73,0
278390,130.94886005,0.83844404,0.02876,0.02975,13.42,0.6662,179.09,10.51,0
184274,175.89596078,-1.58990497,0.04582,0.04709,2.17,0.4039,105.17,9.95,0
492197,215.283651,-1.39243793,0.05506,0.05594,2.23,0.4316,146.76999,10.1,0
323329,131.40646768,1.60664109,0.04927,0.05029,2.75,0.5304,153.28,10.34,0
372192,134.65139023,1.12417996,0.07329,0.07438,2.66,0.385,44.850006,10.54,0
100175,185.81839773,0.84313527,0.02642,0.02764,6.78,0.8984,104.6,8.23,0
290074,184.55581776,1.79761028,0.08207,0.08333,2.79,0.7929,126.71999,10.69,0
271387,174.13639304,1.37981204,0.07502,0.07632,3.6,0.4745,60.72,10.93,0
15544,215.96581291,0.83116211,0.03857,0.03942,4.2,0.4239,153.59,9.44,1
28758,213.55196501,1.07553537,0.07767,0.07859,2.18,0.22,94.01,10.66,0
345766,131.08951956,1.92736223,0.07798,0.07903,2.76,0.3071,71.630005,10.68,0
324416,135.9318597,1.65935311,0.10353,0.10467,5.89,0.4901,123.490005,11.09,0
301795,135.2539518,1.37261552,0.07189,0.07299,1.97,0.5385,76.97998,10.63,0
214293,129.7269797,0.62401549,0.07941,0.08044,19.21,0.5921,58.14,10.96,1
228708,218.45043403,1.18721545,0.09399,0.09484,3.14,0.103,162.09,10.99,0
417289,129.07718563,2.12184761,0.05976,0.06076,4.68,0.54,161.64,10.61,0
238218,213.64687954,1.75206873,0.05241,0.0533,0.89,0.1122,173.67,10.35,1
99742,184.01431562,0.99146211,0.04809,0.04932,2.46,0.5085,121.74,10.15,0
231349,183.35664691,1.97232341,0.07899,0.08025,1.9,0.1022,43.48999,10.61,0
425811,130.05360756,2.92175109,0.08127,0.0823,2.11,0.221,50.29001,10.55,0
365391,140.56631973,2.66828531,0.0889,0.09007,2.65,0.1148,9.860001,10.8,0
62144,211.59486242,-0.22366437,0.10539,0.10637,4.54,0.1298,71.06,11.23,0
54270,177.35884385,-0.30503619,0.08344,0.08475,4.87,0.066,117.73,11.28,0
543436,211.52788419,-1.02783262,0.07015,0.0711,2.98,0.1447,152.54001,10.84,0
300691,130.41233479,1.1166267,0.04558,0.04659,2.34,0.2731,35.809998,10.35,0
560341,180.02339993,-0.49533155,0.08054,0.08183,5.04,0.2826,37.809998,11.18,0
423761,137.06939409,2.97518888,0.09333,0.09447,1.36,0.4555,103.46999,10.6,0
521949,131.96659928,2.92293222,0.05909,0.06013,3.92,0.1657,42.64,10.98,0
522033,132.18252005,2.85015716,0.0663,0.06735,2.37,0.3668,155.01001,10.96,0
70115,178.54147331,0.13828313,0.05036,0.05162,5.52,0.3066,59.03,10.16,3
15481,215.75408194,0.79435287,0.05407,0.05493,5.63,0.044,3.3899994,11.08,0
290365,185.79064637,1.78859917,0.11078,0.11207,5.57,0.3674,63.880005,11.37,0
508316,216.63227237,-1.69991033,0.08254,0.08342,1.25,0.45,86.22,10.44,0
382154,135.46703893,1.99326948,0.05685,0.05793,3.02,0.2429,72.72,10.8,0
592430,213.03445778,-0.02766376,0.09564,0.09659,3.4,0.3242,52.820007,11.16,0
371172,130.49630279,1.01727921,0.07714,0.07818,4.01,0.2197,24.070007,11.16,0
508665,217.92052077,-1.49802157,0.09066,0.09152,6.16,0.0347,126.79,11.11,1
546021,222.50423303,-0.92416604,0.03413,0.03487,1.61,0.4947,47.45999,9.27,0
321146,221.49039321,1.69430408,0.03381,0.03456,2.56,0.2463,104.89,9.7,0
377562,138.01105131,1.64914047,0.07093,0.07206,3.79,0.2188,116.4,10.68,0
177522,177.05980565,-1.98328515,0.10323,0.10457,3.75,0.0556,144.15,11.17,0
371082,129.97878532,1.00062824,0.08064,0.08168,16.08,0.6093,111.25001,10.76,1
381206,131.69182644,1.830811,0.05052,0.05155,15.84,0.1509,75.06,11.22,0
536570,132.19579745,-0.01151144,0.09645,0.09754,2.5,0.1234,57.429993,10.93,0
492478,216.8374562,-1.48177609,0.03032,0.03115,2.3,0.2558,24.54,9.27,6
204771,139.33377184,-0.41142738,0.10289,0.10407,3.57,0.0354,82.31,11.13,0
297087,214.60897844,1.35607525,0.08306,0.08396,6.6,0.4098,83.79999,10.45,0
197862,137.39784035,-0.66288937,0.05474,0.05585,5.39,0.7261,61.910004,9.63,0
397450,178.23748744,1.49177188,0.07669,0.07798,3.69,0.7697,154.58,10.6,0
279161,135.80145592,0.91537381,0.05254,0.05362,5.01,0.6049,178.56999,9.53,0
56061,184.42640759,-0.22620158,0.04071,0.04193,2.47,0.3087,164.32999,9.13,0
227407,213.27177511,1.17681416,0.02509,0.026,3.32,0.5242,92.35,8.48,0
647238,140.62303946,-0.92490836,0.05581,0.05696,2.76,0.0559,62.160004,9.96,0
387719,137.56110592,2.4075579,0.09186,0.093,5.43,0.2736,114.84,10.47,0
107259,219.23286221,0.85038577,0.03048,0.03127,4.47,0.748,131.70001,9.29,0
92039,214.70276753,0.49645182,0.05326,0.05414,4.26,0.5664,103.8,9.91,0
70116,178.54268118,0.13854837,0.05051,0.05177,5.39,0.4964,48.300003,10.16,0
617945,213.72344654,0.40730461,0.0281,0.02897,1.48,0.219,162.73,8.47,0
457505,213.5166551,-1.99524193,0.03849,0.03938,6.51,0.7836,137.7,9.4,0
230901,181.49899309,1.88578827,0.01948,0.02129,9.91,0.826,53.170013,9.28,0
79329,221.04454300666666,0.18345177,0.02887,0.02962,3.2,0.4928,130.29,8.84,5
575670,140.93491239,-0.18723847,0.05601,0.05716,5.62,0.7531,173.78,10.43,0
39667,177.77912718,-0.77104022,0.08217,0.08347,1.9,0.3879,30.440002,10.35,0
214462,130.35113394,0.53025161,0.05103,0.05204,4.72,0.3298,143.89,9.6,0
273242,182.7952514,1.4416806,0.01919,0.02105,6.26,0.1501,122.19,8.68,0
220751,182.99295889,1.49295221,0.00724,0.00947,5.55,0.5536,69.740005,7.69,0
179327,184.29251237,-1.90711421,0.02048,0.02218,3.56,0.6092,60.890015,8.66,0
505915,222.25849815,-1.78081057,0.08271,0.08349,1.84,0.2501,108.05,10.61,0
107278,219.25934695,0.89370975,0.07863,0.07945,1.09,0.1685,99.32,10.34,0
296934,214.04424787,1.54141045,0.053,0.05389,3.28,0.1974,75.32001,10.21,0
508565,217.3855364,-1.51077842,0.08209,0.08295,2.92,0.1708,108.450005,10.65,1
106810,217.30229529,0.85043713,0.05436,0.0552,7.21,0.7556,151.01001,10.74,0
238203,213.57276397,1.76955801,0.05453,0.05543,3.86,0.3546,84.92999,10.02,0
177231,176.10638816,-1.99663189,0.0791,0.08041,2.78,0.4469,123.92,10.83,0
382505,137.1001386,2.00008099,0.05607,0.05717,2.7,0.1039,108.78001,10.63,0
417472,131.27959856,2.24742607,0.0508,0.05182,9.56,0.7621,49.929993,10.59,1
376585,134.28217235,1.41456235,0.05287,0.05394,2.76,0.674,162.41,10.39,0
345337,129.11784395,2.00102783,0.1044,0.10544,2.34,0.2509,27.149994,11.11,1
209368,133.15801412,0.12611733,0.06618,0.06725,3.13,0.4814,60.660004,10.87,0
376703,134.73813963,1.43825517,0.05204,0.05311,3.22,0.1494,80.630005,10.74,0
54263,177.33785805,-0.38457457,0.08289,0.0842,1.95,0.2606,96.69,10.79,1
380734,129.74517063,1.73462278,0.07243,0.07345,3.23,0.0457,152.09,10.96,0
517465,132.53360618,2.61652557,0.0583,0.05934,1.61,0.3621,21.050003,10.1,0
177969,178.46741825,-1.97492224,0.0759,0.0772,4.01,0.2087,62.630005,11.03,0
15518,215.88926467,0.73144832,0.08547,0.08636,2.25,0.4341,17.880005,10.31,0
485679,217.00945391,-1.85142328,0.05408,0.05493,16.71,0.5325,132.94,10.68,0
93964,223.35109686,0.59664613,0.04481,0.04553,1.97,0.1719,175.25,10.24,0
278492,131.86288641,0.85697363,0.08663,0.0877,4.25,0.5985,51.320007,10.83,0
386136,129.66719874,2.11004567,0.03127,0.03225,3.2,0.0431,83.51001,9.64,0
136646,175.87686982,-1.75670935,0.10638,0.10772,2.48,0.0901,34.320007,10.92,0
210948,140.52188119,0.15089865,0.06939,0.07055,2.6,0.1921,130.23999,10.65,0
197245,134.37459999,-0.73245744,0.1052,0.10633,3.57,0.1146,66.09,11.2,0
487115,223.02639643,-1.73023429,0.0835,0.08426,2.34,0.361,28.809998,10.8,0
387859,137.96357595,2.45276458,0.09141,0.09256,2.09,0.0352,168.09,10.6,0
71063,182.88361495,0.1318303,0.07964,0.08091,3.78,0.0291,64.78999,11.14,1
382215,135.74724487,2.0123424,0.07054,0.07164,2.97,0.5151,133.37,10.37,0
551497,140.54745811,-0.49894156,0.05278,0.05392,1.47,0.01,56.90001,9.76,1
220511,181.83441253,1.5541504,0.0777,0.07897,3.6,0.3895,161.70001,10.81,0
106255,215.295047,0.84958684,0.08483,0.08573,3.0,0.3572,43.89,10.6,0
371264,130.77893407,0.96276687,0.07705,0.07809,2.9,0.1587,16.679993,10.68,0
178541,180.75530364,-1.91402722,0.07044,0.07172,8.19,0.448,47.369995,10.88,0
319397,214.35212616,1.9621318,0.05257,0.05345,4.15,0.2976,52.319992,10.52,0
228219,216.60727009,1.26770483,0.05534,0.05619,9.11,0.7085,57.58,10.71,1
618932,217.41479193,0.3676446,0.05838,0.05922,19.77,0.3134,25.649994,10.25,0
592808,214.07897011,-0.19451325,0.08387,0.08479,2.88,0.3126,48.800003,10.34,1
536454,182.39681085,-0.91247515,0.05989,0.06115,6.69,0.1776,156.1,11.08,0
508181,216.15808386,-1.63229198,0.05498,0.05584,7.68,0.3529,172.7,10.82,0
14696,212.63444736,0.63652793,0.10545,0.10641,8.5,0.0299,60.789993,11.32,0
137074,176.96047891,-1.72795492,0.08308,0.08439,2.61,0.3453,80.34,10.63,0
297004,214.28228395,1.36276383,0.05408,0.05497,19.88,0.59,46.47,10.64,1
48428,217.02547145,-0.64441096,0.07364,0.0745,0.89,0.4495,146.92,10.35,0
517088,130.67564482,2.44175703,0.05015,0.05116,14.62,0.2788,72.119995,10.03,1
422808,132.52806373,2.65171941,0.05971,0.06076,2.08,0.3097,127.34,10.52,0
543998,213.55488691,-0.89439522,0.03789,0.03878,12.21,0.4501,98.1,10.9,0
386366,131.73624677,2.24486835,0.06003,0.06107,2.53,0.5012,1.7900085,10.4,0
221015,184.34089234,1.59914717,0.07494,0.07619,4.16,0.6698,122.59,10.51,0
560745,181.62259801,-0.55773067,0.09534,0.09664,1.91,0.5356,10.839996,10.93,1
278767,133.7029069,0.8507265,0.10724,0.10835,10.25,0.3864,3.9400024,11.14,0
217009,140.81166595,0.43077604,0.05658,0.05773,0.89,0.1853,46.319992,9.72,0
549263,131.02626088,-0.42258392,0.05271,0.05374,3.68,0.2472,88.91,9.83,0
622486,133.60714288,0.74439095,0.10546,0.10657,3.86,0.6654,98.23,11.15,1
319197,213.75510822,1.77583006,0.05519,0.05608,2.85,0.573,58.820007,10.38,0
509725,222.63987949,-1.48556712,0.04293,0.04367,3.98,0.4977,122.12,10.4,0
209832,135.21856703,0.09683827,0.05295,0.05403,1.65,0.6958,70.600006,9.78,0
48735,218.37551508,-0.83115287,0.05593,0.05675,2.54,0.7408,57.0,10.61,0
230787,181.06213957,1.86667151,0.02083,0.02246,2.33,0.1909,129.74,9.34,0
561180,183.14104661,-0.5243065,0.07197,0.07324,4.63,0.5447,42.67,10.9,0
301071,132.02315752,1.11458721,0.08739,0.08846,2.01,0.6013,47.48999,10.48,0
375615,130.04200051,1.24630305,0.07791,0.07894,2.44,0.1404,23.919998,10.7,0
371748,132.60506968,1.00392857,0.10608,0.10718,2.53,0.0715,91.07,11.05,0
92015,214.56425191,0.57451246,0.04981,0.05069,1.85,0.4729,55.569992,9.5,0
382152,135.42424101,1.85215356,0.05676,0.05784,5.4,0.285,8.76001,10.12,0
136706,175.92372345,-1.78470476,0.10496,0.1063,2.6,0.2717,161.73001,11.06,0
272997,181.68123169,1.42598878,0.07731,0.07858,1.15,0.2991,159.01999,10.34,0
143285,175.28584705,-1.2648007,0.0603,0.06159,2.51,0.4535,73.89,10.38,1
39477,177.11587973,-0.66391269,0.07936,0.08066,1.36,0.334,179.29001,10.59,0
39132,175.29911721,-0.72427725,0.02792,0.02917,7.43,0.3934,126.240005,8.92,3
491743,213.12766413,-1.40597634,0.01728,0.01872,4.49,0.4201,5.4400024,9.05,0
239249,217.01837565,1.63906305,0.02901,0.02983,3.46,0.7536,126.02,9.36,0
546071,222.94483997,-0.94497658,0.04316,0.04389,2.25,0.4394,37.929993,8.72,0
176812,174.24690232,-1.87473295,0.04779,0.04907,5.17,0.8161,119.28,9.77,0
214623,130.86216688,0.44398108,0.05076,0.05178,5.23,0.816,127.24,9.57,0
508938,219.08256776,-1.44179326,0.05631,0.05712,3.13,0.5954,108.18001,10.03,0
196804,132.72404029,-0.63573944,0.01497,0.01564,3.51,0.1876,47.059998,8.25,0
485842,217.65637356,-1.75399911,0.05302,0.05386,3.12,0.2045,177.23,9.89,0
323220,130.91743689,1.48042966,0.04959,0.05061,1.37,0.0408,111.19,10.1,1
610661,181.17948107,0.21399606,0.08157,0.08286,0.99,0.2472,137.02,10.49,1
278812,133.78093681,0.81158834,0.04171,0.04276,4.72,0.591,53.520004,9.54,0
559061,175.3408088,-0.45676643,0.02769,0.02894,5.11,0.6496,15.619995,9.53,0
593955,218.5603757,-0.08297296,0.02956,0.03036,4.19,0.3198,5.1799927,8.63,0
278826,133.75270481,0.85471504,0.0417,0.04275,1.85,0.4952,103.14,8.7,0
138066,180.72149189,-1.7791118,0.03517,0.03641,5.52,0.409,108.95,9.85,0
622063,130.68385336,0.67684582,0.0705,0.07154,2.74,0.3022,18.48999,10.46,1
24433,185.7224558,1.24132179,0.0278,0.02899,3.96,0.7626,39.440002,9.14,0
184289,175.9077121,-1.58380583,0.04485,0.04612,4.97,0.3473,93.54,9.52,0
69864,177.15736038,0.02469156,0.01882,0.02073,5.74,0.686,154.20999,8.7,0
238125,213.32890889,1.66440168,0.02588,0.02677,8.68,0.8247,130.04999,9.5,0
105988,214.199616,0.91144082,0.084,0.08491,5.35,0.5391,114.17999,10.53,0
380546,129.00327564,1.6630437,0.01437,0.01482,5.59,0.2919,127.39,8.54,0
536784,134.41428738,-0.14017752,0.02803,0.02905,3.59,0.8332,114.17,8.59,0
55227,180.94629725,-0.33659583,0.02042,0.02212,6.51,0.3326,71.2,8.33,0
346922,135.34302917,2.10312309,0.05774,0.05882,4.16,0.8343,37.72,9.49,0
105805,213.48567193,0.8963986,0.05315,0.05405,2.11,0.4279,134.34999,9.69,0
296848,213.54625408,1.50177792,0.02609,0.02697,6.43,0.7698,163.41,8.58,0
622932,135.99581595,0.73992982,0.05301,0.0541,3.12,0.2328,84.390015,9.5,0
197419,135.20728695,-0.71429234,0.04063,0.0417,4.05,0.4049,19.819992,9.3,0
17134,221.89777671,0.72205101,0.03424,0.03498,1.77,0.3691,176.73001,8.82,0
573906,130.64570767,-0.0066888,0.05118,0.0522,4.71,0.6466,134.71,9.64,1
381302,132.10261047,1.78287824,0.03596,0.03698,1.69,0.2663,39.03,10.05,1
31161,178.6825775,-1.21103042,0.07739,0.07869,4.39,0.8229,84.57001,10.32,0
79773,222.89488347,0.01044155,0.04282,0.04355,3.07,0.6123,110.46,8.87,0
209830,135.19088754,0.07113992,0.05258,0.05366,4.21,0.4303,17.399994,9.95,0
136672,175.78729674,-1.63784182,0.04306,0.04433,5.78,0.6896,129.91,9.16,0
77265,212.59867949,0.03852469,0.04048,0.04138,2.5,0.304,63.369995,8.75,0
377348,137.33399172,1.61430279,0.00435,0.00497,4.27,0.1676,101.73,7.59,0
517591,132.95559892,2.5182525,0.03634,0.03737,4.71,0.6695,97.92,9.07,0
376598,134.34928499,1.47105647,0.08788,0.08898,2.29,0.5111,150.48999,10.42,0
15162,214.36568398,0.63454109,0.05039,0.05127,3.05,0.2399,62.75,9.77,0
346793,135.04775549,2.07782363,0.05629,0.05737,6.63,0.5792,68.03,10.3,0
65422,223.08321841,-0.22581931,0.04452,0.04525,5.34,0.3011,145.52,9.78,0
422320,130.31083216,2.58433988,0.03142,0.03241,9.5,0.6219,166.18001,9.56,0
371536,131.71144376,0.98178576,0.04444,0.04547,2.74,0.4247,175.4,9.58,0
514212,140.43013169,2.69086086,0.0246,0.02559,2.71,0.5999,119.84999,9.41,0
278847,133.9486006,0.79428453,0.04158,0.04263,9.97,0.7011,84.45001,10.86,0
99028,180.82503588,0.91990866,0.07851,0.07979,4.66,0.0672,40.26999,10.77,0
345622,130.24505862,2.04253415,0.07356,0.07459,6.17,0.4464,159.22,10.67,0
496943,212.1803722,-1.16163281,0.00511,0.00644,14.98,0.5532,172.4,9.73,0
205096,140.62155202,-0.41116019,0.05307,0.05421,3.22,0.3185,172.3,10.14,0
202443,129.71213153,-0.33372829,0.05222,0.05323,6.48,0.429,122.42,10.18,0
40490,181.60279614,-0.68347794,0.07804,0.07932,3.08,0.3306,90.17,10.84,0
272438,179.47644371,1.36807533,0.07888,0.08017,1.64,0.6303,177.44,10.39,0
381221,131.73262516,1.86472984,0.0504,0.05143,1.71,0.6591,9.119995,10.13,0
231064,182.35438989,1.98349191,0.06598,0.06723,1.68,0.6498,93.6,10.44,0
85667,183.51920665,0.44638424,0.0747,0.07596,3.35,0.0949,41.47,11.0,0
569139,217.7912665,-0.4339459,0.09293,0.09379,1.5,0.1048,107.829994,10.39,0
346890,135.39136871,2.0876501,0.05831,0.05939,2.65,0.5139,145.09,10.4,0
506119,223.27241783,-1.76928187,0.08362,0.08438,3.74,0.1857,84.45,11.07,0
184046,174.70806548,-1.45814613,0.07899,0.0803,2.87,0.1316,69.979996,10.96,0
505765,221.55080574,-1.81456588,0.08045,0.08124,2.05,0.1903,112.95,10.91,0
521348,129.06532319,2.70947536,0.07379,0.0748,0.56,0.1319,27.75,10.63,0
288989,180.88663145,1.8028162,0.01983,0.02159,8.09,0.199,113.9,8.95,0
145219,183.41168512,-1.29355487,0.00799,0.01024,5.58,0.4745,134.25,7.75,0
487110,222.97973667,-1.67532535,0.10867,0.10945,2.68,0.0635,91.26,10.98,1
509393,221.23432716,-1.48026551,0.0831,0.0839,2.11,0.2787,101.37,10.65,0
240049,220.36491061,1.4894012044444445,0.08474,0.08554,1.52,0.1336,157.06999,10.32,5
537031,183.81199617,-0.88121244,0.07532,0.07659,3.53,0.3199,174.19,10.99,0
99202,181.70640902,0.89135978,0.1109,0.11222,3.38,0.0213,25.710007,11.21,0
512169,217.92683361,-1.18600177,0.05465,0.05548,2.05,0.3738,131.91,10.46,1
593387,216.37005136,-0.02294891,0.05493,0.05579,3.27,0.2216,49.699997,10.56,0
569617,219.6316762,-0.59943221,0.07343,0.07425,2.75,0.2014,161.57,10.57,0
485097,213.98357233,-1.97666436,0.08015,0.08107,2.65,0.3538,21.480011,10.73,0
618100,214.37772185,0.35053146,0.05353,0.05442,9.24,0.2979,158.1,11.07,0
78827,218.91698909,0.20493912,0.02926,0.03005,3.37,0.2183,72.20001,10.3,0
380674,129.57073286,1.81781918,0.07332,0.07434,3.49,0.0291,60.53,10.66,0
37061,216.32251164,-1.05173318,0.10433,0.10523,5.76,0.1188,81.549995,11.11,0
551619,140.82468142,-0.56844663,0.05627,0.05742,1.15,0.0688,151.20999,10.19,0
16514,219.19499935,0.71982659,0.05668,0.05749,3.37,0.1035,44.39,10.95,0
197555,135.80276273,-0.75293044,0.04834,0.04943,13.14,0.3909,154.51001,10.77,0
303010,140.29293828,1.47272431,0.01637,0.01732,7.96,0.2442,173.59,9.9,0
252057,222.0074133,1.9368577,0.03271,0.03345,2.48,0.2147,166.29001,9.91,0
622743,134.82397208,0.69014328,0.0165,0.01722,8.53,0.626,110.17999,9.65,1
726083,131.38293599,1.29349513,0.04424,0.04526,,,,9.99,0
179665,185.91417641,-1.94466361,0.0252,0.02647,1.91,0.4494,101.54,8.41,0
610846,182.01605441,0.37879953,0.04061,0.04184,4.33,0.1573,175.51999,10.56,0
518913,138.48818769,2.96005614,0.07166,0.07279,3.45,0.4005,47.75,10.75,0
184234,175.68429154,-1.48754249,0.02912,0.03037,6.78,0.0505,62.089996,9.01,0
219729,178.89720115,1.59568126,0.07859,0.07988,1.36,0.5768,96.659996,10.42,0
251974,221.37004337,1.89014253,0.03338,0.03413,2.28,0.4571,96.1,9.32,0
583355,174.3904446,-0.13860077,0.07601,0.07732,2.89,0.6007,165.15,10.4,1
380962,130.79127415,1.71410041,0.07661,0.07765,0.99,0.6533,120.12,10.34,0
279874,139.71584555,1.10563166,0.08705,0.08822,1.77,0.2367,121.67,10.79,0
71028,182.83826966,0.05212742,0.07828,0.07955,1.16,0.6421,138.93,10.32,0
98909,180.40013459,0.98168751,0.08527,0.08656,10.71,0.6769,82.25,11.12,1
617989,213.86801164,0.22734304,0.05394,0.05484,2.27,0.6231,52.619995,10.45,0
221017,184.3414175,1.57772049,0.07495,0.0762,3.8,0.3563,160.45001,10.84,0
136866,176.25311607,-1.72605359,0.02606,0.02734,5.17,0.2078,14.309998,8.93,0
144127,178.95534935,-1.36627344,0.01829,0.02028,4.4,0.3,105.85,8.21,0
48010,215.45734821,-0.77746188,0.05496,0.05583,3.7,0.122,68.0,10.85,0
47941,215.0718351,-0.6531616,0.08362,0.08452,0.94,0.3789,120.7,10.33,0
491887,213.77500432,-1.55687512,0.0375,0.03839,3.46,0.2984,110.91,10.61,0
505509,220.20671806,-1.85544362,0.07781,0.07862,1.05,0.779,86.87001,10.49,0
205168,140.72565299,-0.34796012,0.05626,0.05741,2.1,0.7339,15.820007,10.26,0
622602,134.17587093,0.63301243,0.05273,0.0538,1.31,0.3372,29.699997,9.59,0
373165,139.72413712,1.14559876,0.08764,0.08881,0.94,0.1001,139.36,10.49,0
609777,177.18478089,0.25655327,0.09552,0.09684,2.03,0.537,171.65,10.99,0
184044,174.68052383,-1.54061921,0.0778,0.07911,1.01,0.0335,74.939995,10.43,0
561488,183.86994796,-0.4996142,0.02087,0.02251,3.12,0.3111,172.09,9.32,0
560038,179.0259583,-0.51556549,0.10694,0.10827,2.64,0.3168,56.520004,10.91,0
301994,135.90665676,1.29667124,0.0937,0.09483,4.72,0.6259,86.03,10.66,0
144673,181.09223651,-1.36758159,0.08342,0.08471,1.7,0.1165,16.700005,10.53,0
65214,222.17002482,-0.21367695,0.07529,0.07606,2.1,0.5712,166.19,10.54,0
509397,221.19365524,-1.51910411,0.05594,0.05672,5.55,0.1933,47.01001,10.24,0
202480,129.92932234,-0.33696963,0.05202,0.05303,4.24,0.3106,100.19,10.56,0
272658,180.31710161,1.36887275,0.10473,0.10604,7.61,0.2687,150.04999,10.91,1
485873,217.75014738,-1.80041697,0.05391,0.05475,27.87,0.0967,50.73001,10.61,1
136843,176.29045562,-1.75454355,0.10654,0.10788,10.71,0.2265,74.31,11.04,0
209241,132.50545118,0.15303958,0.10937,0.11047,52.05,0.1407,50.869995,11.17,1
693035,220.0447564,-0.29400066,0.00653,0.00775,,,,7.94,4
700771,179.96175119,-1.38127691,0.03581,0.03705,,,,10.26,3
3629663,136.34271526,-0.99095503,0.09756,0.0987,,,,11.03,0
3895823,129.66193853,-0.85333128,0.05095,0.05196,,,,10.12,0
517306,131.71343753,2.56970539,0.0296,0.03061,4.72,0.3657,65.649994,9.38,0
290436,185.97158501,1.71478442,0.07768,0.07893,4.23,0.0991,21.540009,10.4,0
559001,175.1883595,-0.60631019,0.07378,0.07508,3.06,0.3804,70.01001,10.51,0
184366,176.17554972,-1.61431109,0.02913,0.03038,2.13,0.2204,175.26999,9.46,0
56367,185.7496986,-0.29309035,0.03027,0.03147,2.85,0.5052,120.72,8.86,0
560404,180.13828585,-0.59152978,0.08264,0.08393,5.49,0.7632,44.070007,10.37,0
569433,219.18093982,-0.56704862,0.03698,0.03778,5.84,0.3085,164.4,9.63,0
320068,216.87191265,1.85174575,0.02946,0.03028,3.7,0.2761,113.6,9.17,0
422931,133.02281082,2.82043668,0.02864,0.02965,0.69,0.107,18.649994,8.23,0
210820,139.81148341,0.10504334,0.05557,0.05671,2.1,0.7327,23.369995,9.51,0
63653,216.60844798,-0.26562796,0.07893,0.0798,4.5,0.7698,12.169998,10.37,0
610972,182.71710342,0.23231441,0.08006,0.08134,4.41,0.5363,104.520004,10.58,0
64687,219.62431159,-0.30194215,0.03729,0.03808,2.06,0.2518,64.42001,8.69,0
536422,182.23593191,-0.96219963,0.11068,0.112,1.95,0.0989,98.270004,10.92,0
278353,130.45725796,0.80979389,0.07883,0.07987,1.71,0.703,163.44,10.4,0
323194,130.8163021,1.48409537,0.01308,0.01363,2.83,0.3682,100.020004,8.61,0
15218,214.59860441,0.7321288,0.02566,0.02653,9.29,0.4478,121.6,9.11,0
22633,178.44474785,1.19346667,0.07041,0.07169,5.08,0.297,17.370003,10.4,0
105600,212.68783542,1.04635322,0.02546,0.02637,3.03,0.2009,78.73999,9.14,0
418624,137.09715508,2.54413804,0.05473,0.05583,3.91,0.3001,96.96001,10.01,0
71099,183.0613768,0.07229682,0.00767,0.00991,3.55,0.2282,48.28,8.46,0
64758,219.92011923,-0.30265869,0.00588,0.00705,28.42,0.4621,96.53001,8.22,0
569842,220.69870418,-0.49838165,0.00594,0.00708,5.58,0.2461,82.609985,8.1,0
319243,213.97299773,1.86184857,0.02577,0.02665,1.58,0.2371,33.79001,8.54,0
319393,214.32445641,1.9200146,0.05532,0.0562,3.53,0.63,50.350006,10.06,0
279902,139.86515197,0.93671887,0.08492,0.08609,4.18,0.437,28.320007,10.59,1
396655,174.46119877,1.5915672,0.07592,0.07722,2.95,0.4788,56.190002,10.46,0
71352,184.46034839,0.13467986,0.03641,0.03762,2.28,0.2138,101.92,9.32,0
508674,217.85608975,-1.47254094,0.09161,0.09247,2.84,0.098,54.440002,10.49,0
323507,132.03546043666665,1.56604385,0.03988,0.0409,3.33,0.1355,19.419998,9.44,5
77528,213.66732559,0.0519801,0.03502,0.0359,3.3,0.3837,53.679993,8.65,0
41195,184.55887267,-0.75755216,0.08438,0.08565,4.79,0.7334,76.28,10.34,0
41050,184.13150946,-0.80822156,0.08857,0.08985,1.28,0.1506,127.74,10.36,0
583427,174.76387764,-0.20600145,0.01809,0.02005,16.83,0.815,130.97,10.6,0
186742,185.64358464,-1.54642617,0.02148,0.02304,9.71,0.2429,133.76001,8.7,0
609396,175.55091572,0.33447039,0.01824,0.02019,2.95,0.2219,83.899994,9.91,0
219725,178.84555296,1.57205583,0.07677,0.07806,5.1,0.7612,123.509995,10.55,0
300887,131.21480237,1.15562061,0.01353,0.0141,13.15,0.566,156.45999,9.11,0
388637,140.80570096,2.60130529,0.01679,0.01774,13.83,0.5794,121.869995,9.51,0
593682,217.44974061,-0.2074116,0.03029,0.03111,6.91,0.7485,140.29001,9.04,0
417424,130.88820363,2.21104155,0.02992,0.03092,9.65,0.746,24.36,9.3,0
543499,211.80324415,-0.97485035,0.05351,0.05444,3.27,0.0233,154.5,10.25,0
93020,218.52792495,0.60739077,0.03161,0.03241,2.14,0.3933,94.35,9.62,0
177429,176.74626657,-1.97164751,0.10216,0.1035,2.14,0.3429,11.399994,10.9,0
209048,131.60197576,0.02802721,0.05126,0.05229,6.36,0.4826,30.029999,9.87,1
301201,132.72040583,1.25010726,0.03477,0.0358,8.58,0.853,157.51001,10.06,0
422355,130.50503649,2.52837186,0.02848,0.02945,5.08,0.0426,45.909996,9.26,0
237656,211.75394075,1.64067345,0.02508,0.02602,3.13,0.5913,124.17,9.65,0
508906,218.87838864,-1.51116669,0.02589,0.02667,0.91,0.2177,143.51,8.64,0
100193,185.99140897,0.87771365,0.0621,0.06333,4.11,0.2246,133.19,10.64,0
228086,216.08083664,1.12442128,0.03871,0.03955,4.98,0.1959,118.979996,9.18,0
319385,214.29111487,1.9059429,0.05589,0.05678,3.35,0.5577,107.94,10.13,0
107914,223.47737914,0.86066511,0.08001,0.08075,2.49,0.5117,17.970001,10.39,0
347403,137.68550521,2.31625925,0.05593,0.05704,1.53,0.0456,61.830017,9.96,1
320418,218.18580905,1.87611235,0.03017,0.03097,1.35,0.2679,88.16,8.82,0
319450,214.44501706,1.93454072,0.05489,0.05577,2.77,0.5589,73.45999,9.94,0
183881,174.04467904,-1.41756508,0.06064,0.06193,4.97,0.1307,6.279999,10.9,0
220227,180.77139676,1.47818485,0.01928,0.02113,2.69,0.203,6.48999,8.74,0
623609,139.66294938,0.7620343,0.05777,0.0589,,,,10.04,1
137072,177.076393,-1.64189148,0.01285,0.01522,2.1,0.5595,165.15,8.7,3
377349,137.36979944,1.63885412,0.05595,0.05705,6.48,0.6001,162.33,10.09,0
16022,217.45754642,0.66485519,0.05368,0.05451,2.19,0.1207,30.940002,10.41,0
215834,135.49400691,0.58929939,0.04031,0.04138,2.7,0.6604,156.18,8.64,0
492385,216.40869548,-1.49806521,0.05446,0.05532,4.2,0.8449,75.19,9.56,0
54359,177.74299043,-0.36795035,0.0425,0.04376,5.22,0.1328,153.99,10.3,0
296776,213.30459972,1.45595441,0.07736,0.07828,4.63,0.8124,73.67999,10.37,1
517167,131.16137135,2.41098443,0.0299,0.0309,3.67,0.3091,92.93,9.24,0
209793,134.96460433,0.02232802,0.05293,0.05401,3.06,0.5767,98.56,9.47,0
63349,215.59903127,-0.38766444,0.00548,0.00678,50.28,0.3062,156.37,9.63,4
210379,138.12368757,0.13215896,0.05503,0.05615,2.37,0.1748,149.01001,9.66,0
460830,213.96329644,-1.67758239,0.00853,0.01012,11.54,0.5706,49.440002,8.17,1
319500,214.58167281,1.89977695,0.05423,0.05511,2.87,0.3809,163.94,9.67,0
302986,140.16804135,1.38713925,0.08848,0.08965,2.27,0.7019,178.4,10.63,0
48804,218.62233565,-0.79767468,0.03684,0.03765,4.07,0.7291,31.14,8.93,0
486716,221.04603321,-1.69480907,0.07238,0.07317,6.71,0.8723,81.77002,10.53,0
94003,223.49143123,0.42591441,0.04611,0.04683,4.5,0.244,36.630005,9.76,0
486057,218.40874517,-1.85510784,0.05403,0.05486,5.94,0.672,16.869995,9.92,0
544388,215.34640903,-0.87518915,0.0848,0.0857,4.62,0.4359,165.34,10.34,6
535974,179.96349789,-0.85869187,0.03569,0.03693,2.48,0.3972,110.799995,9.27,0
376379,133.05532356,1.49961997,0.03571,0.03674,6.37,0.7847,19.709991,9.16,0
324799,137.29964949,1.86774181,0.03909,0.04018,1.28,0.3631,115.159996,8.67,0
251861,220.75317137,1.85366835,0.07874,0.07953,5.27,0.2755,26.73999,10.34,0
39161,175.51794564,-0.75159867,0.04113,0.04239,4.1,0.7059,51.380005,8.7,0
278787,133.61206303,0.83973732,0.04114,0.04219,3.39,0.4535,5.519989,9.22,0
508414,217.04101798,-1.67284665,0.03045,0.03128,4.46,0.751,6.4799957,9.68,0
209319,132.81067377,0.18691669,0.025,0.02589,3.27,0.5559,82.98999,8.5,0
570222,222.77134432,-0.56393648,0.04319,0.04393,3.0,0.479,146.93001,8.69,0
65078,221.5475552,-0.23838623,0.08004,0.08082,2.8,0.5207,112.4,10.43,1
16607,219.44124154,0.71094297,0.05776,0.05856,1.32,0.5144,86.47,9.54,0
273925,185.68878365,1.27522975,0.02833,0.02952,5.34,0.61,152.09999,9.1,0
534734,174.79935755,-0.95818308,0.04638,0.04765,5.84,0.1079,127.39,9.93,0
271562,174.75468445,1.33656696,0.00534,0.00728,4.58,0.4113,40.45999,7.82,0
53809,175.11900742,-0.39364027,0.02716,0.02841,2.89,0.4443,11.910004,9.05,0
221050,184.35337226,1.61028425,0.04973,0.05096,6.64,0.6129,170.54999,9.72,0
289116,181.1261504,1.68400048,0.01892,0.02082,5.28,0.7194,153.82,8.72,0
568232,214.30760238,-0.58782037,0.03646,0.03734,3.17,0.4531,40.72,8.91,0
77752,214.60926275,0.16939658,0.05327,0.05415,2.71,0.1368,98.240005,9.8,0
573872,130.48617572,-0.06020826,0.01022,0.01081,6.74,0.6039,171.87,8.2,0
594723,221.31587273,-0.15953353,0.00548,0.00655,10.73,0.3286,144.18,8.78,0
325533,140.92831948,2.0033603,0.05266,0.0538,5.84,0.4833,79.21002,10.1,0
238486,214.35273725,1.61981029,0.05529,0.05617,2.27,0.3568,138.9,9.46,0
98212,176.93472686,0.86506007,0.05866,0.05993,2.62,0.1196,26.040009,9.7,0
55588,182.72186591,-0.41482482,0.09549,0.09679,6.32,0.6139,29.040009,10.95,0
543860,213.15467314,-1.01222316,0.05373,0.05464,4.18,0.1966,97.2,10.01,0
83928,175.14426529,0.53310441,0.04053,0.04179,3.35,0.0687,62.36,8.66,0
319018,213.30430115,1.78278398,0.04907,0.04997,5.16,0.4973,7.989998,10.05,0
320885,219.87607139,1.81967084,0.08309,0.0839,3.14,0.0713,112.21999,10.6,0
287736,174.738154,1.76178968,0.07529,0.07659,3.67,0.4746,30.959991,10.72,0
23341,181.2276879,1.23408229,0.07833,0.07961,3.36,0.1526,127.399994,11.01,0
239610,218.46733085,1.54231206,0.09372,0.09457,1.27,0.0615,119.049995,10.51,0
54918,179.98355796,-0.32311827,0.08318,0.08447,4.4,0.1073,94.14,11.18,0
290203,185.18929739,1.70820723,0.06917,0.07041,1.63,0.7196,38.809998,10.54,0
202400,129.47166408,-0.25321087,0.05225,0.05326,18.34,0.0503,93.51,10.78,1
238818,215.39979067,1.69208131,0.10435,0.10526,2.46,0.3473,51.28,11.02,0
536231,181.20106081,-0.96289827,0.08236,0.08365,1.92,0.2813,154.62,10.7,0
30922,177.40185502,-1.12539587,0.08295,0.08426,0.89,0.466,147.54001,10.3,0
287596,174.09881725,1.79956617,0.07456,0.07586,1.73,0.3401,32.800003,10.36,0
41059,184.20460114,-0.7417948,0.07079,0.07205,5.36,0.1072,33.009995,11.32,0
518828,138.21281648,2.99171314,0.09214,0.09329,2.17,0.4519,131.99,10.68,0
422286,130.14867535,2.47704361,0.04969,0.05069,3.12,0.3692,33.119995,10.47,0
609948,178.00212038,0.2849577,0.08177,0.08307,4.03,0.3171,5.119995,10.9,0
251074,217.05296276,1.94263643,0.08602,0.08688,3.16,0.6183,101.52,11.16,0
92455,216.40163164,0.59040874,0.08448,0.08536,3.55,0.3497,39.90001,10.96,1
618131,214.49835791,0.26742226,0.05313,0.05401,5.51,0.2206,128.26,11.05,0
178952,182.56586865,-1.93112279,0.09957,0.10087,5.38,0.4084,166.56,11.06,0
137037,176.83746154,-1.70279378,0.09231,0.09363,4.81,0.218,151.0,11.24,0
325467,140.51652233,1.98864567,0.08522,0.08639,3.7,0.2827,172.31,10.98,0
220221,180.81854938,1.61181601,0.07877,0.08005,1.02,0.5423,152.04,10.37,0
517119,130.91903263,2.44092506,0.11312,0.1142,2.39,0.2992,156.49,10.96,0
620098,223.20893061,0.2779555,0.02793,0.02863,8.61,0.5988,5.6600037,9.03,0
279934,140.02404457,1.07584218,0.08799,0.08916,1.9,0.2754,58.020004,10.4,0
85559,182.95308783,0.61465616,0.07857,0.07984,3.75,0.1058,101.399994,10.65,0
79750,222.91686943,0.04639488,0.09972,0.10049,3.4,0.2541,136.9,10.98,0
372176,134.62933378,1.00327602,0.07032,0.07141,3.33,0.26,33.98999,10.65,1
215039,132.58238258,0.56616095,0.06711,0.06817,2.34,0.6459,84.369995,10.48,0
509875,223.2149255,-1.47946703,0.07455,0.0753,33.45,0.655,29.959991,10.73,0
380712,129.5839822,1.72561112,0.07426,0.07528,3.53,0.0736,79.45001,10.37,0
40572,182.07998306,-0.6609372,0.1121,0.11342,11.12,0.2872,53.26001,11.36,0
31079,178.36218912,-1.13567911,0.0808,0.0821,6.81,0.5098,74.19,10.81,0
548835,129.38250453,-0.4617983,0.07885,0.07988,3.41,0.1825,158.28,10.81,0
230194,178.79967852,1.99192592,0.07793,0.07922,3.66,0.245,77.100006,10.86,0
138827,184.39980755,-1.73664684,0.08772,0.089,1.76,0.2667,148.78,10.66,0
387545,136.87496178,2.3388562,0.09968,0.10082,28.5,0.5617,81.380005,11.0,1
8706,183.68935606,0.74353151,0.02079,0.02243,41.19,0.5565,53.600006,10.0,0
601395,139.5685111,0.38503294,0.01708,0.01801,23.24,0.2582,55.190002,8.91,0
690080,180.08373002,-1.10649817,0.00458,0.00637,,,,8.81,1
725502,130.76383293,0.98233866,0.07081,0.07185,,,,10.85,3
889603,132.94304751,2.52054697,0.0357,0.03673,,,,9.48,3
573621,129.32407282,-0.08586238,0.05228,0.05328,5.08,0.7819,87.51001,10.22,0
93023,218.54690732,0.61575056,0.02994,0.03074,4.12,0.1615,165.3,10.23,0
346892,135.3983156,2.16826377,0.05848,0.05956,3.6,0.1678,32.08,10.28,0
422639,131.65702678,2.61436443,0.02837,0.02935,3.26,0.4153,119.72,8.32,0
39475,177.10683716,-0.6407392,0.07976,0.08106,3.5,0.5297,118.869995,10.53,0
36910,212.50273111,-1.06284331,0.04947,0.05039,2.25,0.517,80.32999,10.25,1
371119,130.05656936,0.95604189,0.05065,0.05166,4.64,0.5849,90.33,9.9,0
319157,213.6804124,1.93736016,0.05273,0.05362,3.04,0.815,157.82999,10.2,0
70672,180.92024375,0.00884473,0.08438,0.08567,1.79,0.1349,150.14,10.47,0
599978,133.31004289,0.34273911,0.10977,0.11088,1.65,0.3982,139.91,10.93,0
48050,215.63280162,-0.74671295,0.05083,0.0517,2.0,0.2504,116.8,9.85,0
601094,138.54363502,0.36620083,0.08775,0.08891,2.44,0.7627,162.85999,10.42,0
208860,130.61922805,0.12372122,0.05088,0.0519,1.01,0.0701,75.850006,9.75,0
48434,217.05669911,-0.66584996,0.07303,0.07389,2.74,0.6568,127.3,10.63,0
511890,216.53658941,-1.20229668,0.05549,0.05635,3.86,0.6191,47.83,10.55,0
321075,221.10186447,1.67977227,0.0052,0.0063,26.68,0.373,149.37,10.21,4
98621,179.00241194,0.84082699,0.06566,0.06694,2.35,0.1446,19.399994,10.74,0
567545,212.10361923,-0.58913876,0.05273,0.05365,9.0,0.3671,95.93,10.84,0
318589,211.54076995,1.84799131,0.08298,0.08393,3.67,0.4432,84.70001,10.55,0
618113,214.37736858,0.32702002,0.0539,0.05479,0.98,0.2079,99.74,9.63,0
376718,134.77249947,1.47303384,0.05056,0.05163,2.04,0.4294,106.37,9.79,0
40740,182.78701112,-0.71834358,0.07912,0.0804,3.89,0.5952,114.81,10.8,0
574258,134.7884185,-0.16841277,0.0707,0.07179,2.52,0.0171,130.51999,10.76,0
534594,174.09367507,-0.96357521,0.07778,0.07909,2.12,0.4284,109.869995,10.66,0
184010,174.53704333,-1.59118763,0.07613,0.07744,1.88,0.2925,137.1,10.57,0
320598,218.84870715,1.86346909,0.05154,0.05235,6.72,0.2668,109.350006,10.74,0
15444,215.50184973,0.64991673,0.05441,0.05528,2.48,0.2929,57.089996,10.62,0
485837,217.62485875,-1.85017732,0.05285,0.05369,0.58,0.3107,76.72,9.49,0
561836,185.05053157,-0.44348116,0.08332,0.08459,3.34,0.5488,78.79999,10.44,0
319070,213.50962527,1.84789354,0.03884,0.03972,3.06,0.2591,55.839996,10.68,0
387084,135.18895505,2.41730606,0.10217,0.10329,3.33,0.234,125.83,11.0,0
372133,134.43445894,1.16778866,0.07109,0.07218,1.52,0.2681,40.33,10.59,0
543501,211.81532935,-0.92567656,0.05154,0.05247,3.66,0.5936,125.11,10.47,0
592858,214.28213325,-0.01523894,0.05279,0.05368,4.15,0.743,152.93,10.69,0
622596,134.1522024,0.77845413,0.05233,0.0534,3.1,0.1699,147.67001,10.42,0
98409,178.00822498,0.94222249,0.04746,0.04872,2.14,0.0896,1.5400085,10.0,0
250469,214.79643007,1.97000866,0.08459,0.08549,2.73,0.537,2.5400085,10.44,0
143778,177.40902262,-1.36066229,0.08157,0.08288,2.23,0.41,77.859985,11.19,1
508144,216.12632633,-1.62839152,0.05701,0.05788,1.68,0.4037,132.86,10.47,0
371971,133.65774283,0.94117771,0.1064,0.10751,3.94,0.3767,168.89,12.69,1
40830,183.21094096,-0.83700241,0.03501,0.03623,3.12,0.2178,42.569992,10.33,0
97796,174.48679347,0.89400981,0.09348,0.0948,2.2,0.1916,110.87,10.74,1
377675,138.51908694,1.61463734,0.05636,0.05748,2.69,0.5213,77.890015,10.59,0
221334,185.54249675,1.61404387,0.08043,0.08168,1.93,0.1348,32.239998,10.44,0
323005,129.8544732,1.4615301,0.05167,0.05268,6.52,0.3723,82.46,10.85,1
55148,180.69267519,-0.24719959,0.09412,0.09542,4.04,0.1935,121.58,10.92,0
215293,133.53692609,0.49845534,0.02842,0.02944,,,,10.1,3
22178,176.25171663,1.17860017,0.02839,0.02963,3.64,0.3444,16.5,8.36,0
289176,181.24266021,1.75126382,0.01906,0.02094,1.25,0.0477,134.18,8.49,0
215281,133.42667645,0.59812473,0.04085,0.0419,3.23,0.7466,55.59999,8.65,0
544027,213.75726419,-0.86012877,0.03837,0.03926,5.37,0.6044,11.149994,10.47,0
599839,132.79670885,0.26435071,0.04229,0.04333,4.68,0.784,65.95999,9.93,0
599095,130.13598673,0.26200573,0.03471,0.03571,3.57,0.3391,70.25,9.44,0
319288,214.01600239,1.88929177,0.02636,0.02723,1.13,0.1188,174.32,10.06,1
272913,181.28264985,1.37025343,0.08556,0.08685,5.03,0.5213,50.130005,10.42,0
324611,136.41674343,1.85747242,0.02425,0.02516,2.81,0.7547,61.850006,8.24,0
611051,183.09076325,0.29640826,0.02077,0.02242,4.55,0.6233,15.820007,8.43,0
214245,129.52446003,0.6089599,0.0139,0.0144,4.46,0.3239,2.649994,9.4,0
99037,180.88036964,0.85094064,0.07793,0.07921,5.65,0.6326,112.43,10.43,0
619387,219.63677798,0.41708744,0.03345,0.03423,1.94,0.1971,51.410004,9.18,0
575097,138.47469528,-0.04402759,0.05498,0.0561,3.2,0.8212,26.360016,9.89,0
417568,131.87080351,2.27709609,0.0284,0.02939,2.25,0.198,91.89,8.68,0
537476,185.3924896,-1.00951455,0.02123,0.02282,3.09,0.4243,136.61,8.21,0
63311,215.46092964,-0.41853971,0.05282,0.05369,3.22,0.2643,39.320007,9.43,0
205151,140.77563215,-0.41382022,0.05481,0.05596,2.91,0.8836,3.699997,9.6,0
15992,217.36669423,0.71658907,0.05601,0.05685,3.07,0.1669,174.70001,9.71,0
144176,179.18251072,-1.36190986,0.01831,0.02029,7.93,0.6931,176.09,9.3,0
272996,181.66756849,1.33397184,0.02213,0.02362,3.77,0.4891,149.03,8.76,0
8562,182.79066959,0.78576049,0.01991,0.02167,4.57,0.2816,29.330017,8.42,0
569614,219.61517631,-0.5986381,0.09328,0.09411,4.01,0.2611,142.75,10.44,0
372239,134.73467514,1.15430514,0.05226,0.05333,2.05,0.1743,101.9,9.48,0
77452,213.37499518,0.18584768,0.02584,0.02673,6.54,0.711,38.069992,9.77,0
600682,136.84771723,0.24698222,0.05151,0.05261,4.29,0.2901,130.78,9.7,0
227351,213.09292578,1.36523,0.02482,0.02574,8.39,0.7798,138.7,9.5,0
381502,132.98872159,1.89563887,0.02524,0.02613,1.68,0.0661,90.76,8.37,0
107395,219.80138396,0.94533379,0.03434,0.03512,4.84,0.5557,77.390015,9.58,0
570194,222.59618498,-0.49144427,0.04286,0.0436,3.94,0.4577,105.31,8.93,0
216843,140.19242092,0.60472036,0.02382,0.0248,7.73,0.2911,29.979996,9.26,0
47342,212.41811693,-0.65577233,0.0238,0.02478,6.24,0.5997,155.36,10.09,0
536955,183.48689061,-0.86567278,0.08086,0.08213,3.93,0.399,118.82,10.63,0
185291,179.8047164,-1.60447066,0.02193,0.02346,4.8,0.4058,143.39,8.83,0
570233,222.83078118,-0.41987461,0.04274,0.04347,1.63,0.584,9.119995,9.07,0
618149,214.50502497,0.27022423,0.05331,0.05419,1.54,0.2393,43.440002,9.41,0
522034,132.18138914,2.84431937,0.06703,0.06808,1.96,0.4688,152.34,10.41,1
93354,220.12240871,0.58408682,0.03718,0.03796,9.41,0.1098,102.98,10.4,0
63122,214.7141469,-0.28019077,0.05146,0.05234,4.17,0.6133,55.679993,9.84,0
422610,131.74772787,2.58167268,0.0277,0.02866,2.37,0.5147,179.07,9.38,0
419299,139.72273048,2.79427487,0.02546,0.02646,6.6,0.2368,57.160004,9.67,0
92060,214.71581081,0.6038104,0.053,0.05388,5.62,0.3977,31.449997,9.58,0
369161,139.10716004,0.87203895,0.05546,0.05659,3.08,0.3715,41.00998,9.97,0
237990,212.85502927,1.63749718,0.02521,0.02612,4.12,0.6603,75.09,8.57,0
301593,134.45493845,1.3229468,0.02462,0.02551,2.07,0.5073,103.23,8.55,1
583332,174.01024845,-0.01240482,0.05804,0.05933,1.06,0.5804,93.130005,9.48,6
252128,222.35075848,1.93992623,0.0288,0.02952,1.8,0.5017,58.449997,8.61,0
383268,140.67914055,2.11888259,0.05642,0.05756,3.88,0.211,83.47,9.92,0
365335,139.77632634,2.63737733,0.05442,0.05555,3.88,0.2293,56.649994,9.69,0
298114,218.40090685,1.30589524,0.05573,0.05655,4.84,0.4141,4.619995,10.25,0
521673,130.22111352,2.71523852,0.04918,0.05018,2.77,0.6029,133.09,9.44,0
319499,214.72696395,1.87371191,0.02509,0.02597,4.98,0.6627,60.5,8.69,0
545930,221.77404511,-0.86057704,0.04193,0.04268,3.61,0.0597,51.96,8.93,0
22834,179.2375363,1.11585895,0.0393,0.04054,5.19,0.5522,28.61,10.36,0
288146,177.01931346,1.82195144,0.0287,0.02993,3.33,0.1126,88.75,8.67,0
371539,131.73968342,1.07355065,0.06977,0.07082,3.4,0.1201,69.89,10.77,0
49524,221.29404766,-0.76710447,0.05763,0.0584,2.73,0.6103,112.1,9.46,0
493403,220.82737487,-1.25346362,0.04983,0.05061,3.97,0.0853,46.920013,10.75,0
279841,139.69016641,0.92994755,0.0879,0.08907,4.44,0.2246,6.9900055,10.49,0
144320,179.73348135,-1.43042866,0.05202,0.05328,1.7,0.2956,0.44000244,10.27,0
386831,134.12476259,2.21420587,0.07108,0.07216,3.24,0.2133,18.350006,10.63,0
619966,222.39306397,0.2121351,0.04383,0.04457,1.15,0.2976,2.119995,8.66,0
551507,140.59439617,-0.488805,0.0879,0.08908,7.47,0.3251,98.11,11.11,0
298442,219.94730553,1.31319797,0.05004,0.05083,3.16,0.659,0.7799988,9.81,0
22268,176.93009315,1.16072795,0.03002,0.03126,6.64,0.8099,148.64,9.02,1
107548,220.63626625,0.97486149,0.03257,0.03333,4.39,0.66,168.29001,8.7,0
535283,177.25575149,-0.88835186,0.01974,0.02153,1.59,0.4971,86.91998,8.5,0
40423,181.16759926,-0.74721188,0.08134,0.08263,4.59,0.8338,47.22,10.34,0
184230,175.6488301,-1.54417401,0.07347,0.07477,5.39,0.0579,58.65999,10.41,0
55302,181.50448713,-0.38053576,0.07964,0.08092,4.86,0.5318,75.72,10.79,0
509346,220.87610502,-1.58132322,0.04972,0.0505,3.12,0.2825,151.0,10.17,0
289109,181.04681197,1.76980774,0.0235,0.02488,3.59,0.3997,76.91998,8.97,0
215812,135.43831907,0.52186741,0.01854,0.01927,5.88,0.319,108.090004,9.31,1
598999,129.70201131,0.38917733,0.07773,0.07876,3.07,0.304,176.72,10.52,0
289185,181.1860008,1.71253656,0.02059,0.02225,4.59,0.3647,47.329987,8.52,0
300787,130.9349533,1.0791881,0.04384,0.04485,3.08,0.3228,124.22,10.32,0
485833,217.56866771,-1.7569931,0.05591,0.05675,5.34,0.5693,148.48999,10.33,0
381222,131.73365525,1.85984567,0.05113,0.05216,1.65,0.5839,6.7099915,9.74,0
227607,214.32444086,1.15622892,0.05356,0.05445,10.69,0.6946,103.63,10.75,0
561604,184.30008991,-0.6227305,0.07036,0.07162,3.37,0.3608,9.0,10.49,0
93132,219.13765589,0.43290123,0.07228,0.0731,3.33,0.0297,80.46001,10.86,0
298602,220.5974791,1.34050239,0.03367,0.03443,5.22,0.8086,96.95,8.63,0
594945,222.60885309,-0.09577324,0.04335,0.04409,2.32,0.492,58.95999,8.91,0
593812,217.90767704,-0.18659779,0.09309,0.09395,2.49,0.3643,21.929993,10.36,0
22932,179.63289033,1.13192419,0.0393,0.04054,4.68,0.0237,46.83001,9.47,0
92002,214.53670337,0.48677362,0.05404,0.05492,4.37,0.738,127.61,9.99,0
619259,219.00609492,0.3939773,0.05635,0.05716,2.29,0.609,79.03998,9.66,0
28738,213.15054978,1.05790172,0.04634,0.04724,2.56,0.4186,60.310013,10.05,0
84705,179.44549344,0.62865028,0.04764,0.04889,3.12,0.6628,13.190002,9.95,0
504967,218.02377279,-1.980488,0.05634,0.05717,1.82,0.072,153.40001,9.89,0
210567,138.74413523,0.20803275,0.05744,0.05857,4.56,0.1299,81.859985,9.48,0
484973,213.51939997,-1.97667366,0.03849,0.03938,1.22,0.4605,6.5199966,8.76,1
107525,220.56646253,0.95478656,0.03469,0.03546,1.78,0.388,29.709991,8.87,0
41144,184.47038104,-0.65722452,0.02964,0.03085,6.85,0.4097,147.15,10.34,0
493024,219.16879178,-1.43341391,0.08474,0.08557,1.83,0.3255,29.730011,10.4,0
397267,177.43387054,1.45119122,0.09275,0.09406,2.3,0.4644,116.700005,10.52,0
387640,137.24555283,2.45268603,0.05174,0.05284,3.68,0.6203,3.1799927,9.79,0
209181,132.12519777,0.17087478,0.0581,0.05915,4.31,0.2304,157.4,10.3,0
227594,214.19032885,1.18069823,0.04288,0.04376,1.49,0.6909,25.309998,8.8,6
288903,180.636335,1.74878664,0.01924,0.02109,4.56,0.3254,178.14,9.21,0
569932,221.2003434,-0.51289626,0.02883,0.02958,8.98,0.8053,156.65,9.69,0
227970,215.60459273,1.19760322,0.05412,0.05498,4.36,0.2396,20.959991,10.16,0
136918,176.35996649,-1.73230238,0.02757,0.02882,3.75,0.5887,172.46,9.45,0
216670,139.20847361,0.57271457,0.02844,0.02953,8.61,0.7342,85.70001,10.43,0
7206,176.16409281,0.7495694,0.09339,0.09471,3.33,0.3271,114.59,10.48,0
49345,220.67840157,-0.67530861,0.08003,0.08083,3.25,0.2165,146.5,11.81,1
301200,132.7148022,1.31668479,0.04235,0.04339,1.46,0.2082,29.070007,9.23,0
105376,211.60459472,0.89288053,0.04773,0.04865,7.59,0.6147,26.169998,9.59,1
143131,174.12701026,-1.32877986,0.06083,0.06212,4.04,0.3869,79.98999,10.7,0
41277,185.19669892,-0.77866738,0.08706,0.08833,2.58,0.5017,0.69999695,10.38,0
186309,183.83784214,-1.64451169,0.0397,0.04093,4.87,0.2261,138.93,8.97,0
598968,129.56040312,0.352079,0.04178,0.04278,7.35,0.1988,68.610016,10.06,0
198642,140.22601732,-0.66771379,0.07015,0.07131,4.95,0.3931,11.860001,10.71,1
521382,129.25405638,2.68362977,0.08252,0.08354,4.34,0.1351,84.15001,10.69,0
386429,132.12483666,2.14220963,0.03504,0.03606,2.71,0.4473,64.42,8.86,0
105656,212.93444061,0.98126164,0.09344,0.09438,1.19,0.2029,24.779999,10.54,0
92684,217.21091117,0.45287517,0.05656,0.0574,1.96,0.0682,40.309998,9.8,0
64553,219.47224798,-0.39887631,0.00626,0.00748,19.76,0.4107,99.47,9.87,0
228349,217.07668061,1.12956917,0.055,0.05584,6.06,0.1776,124.979996,10.21,0
508138,216.07367614,-1.58419191,0.05612,0.05699,3.22,0.6875,53.14,10.49,0
460756,213.70928095,-1.59707041,0.03724,0.03813,4.26,0.546,57.42,10.08,0
568549,215.4804151,-0.55657928,0.05277,0.05364,6.27,0.5629,22.170013,10.69,0
485601,216.71451507,-1.86865645,0.04938,0.05023,1.4,0.0,90.47,10.04,1
535422,177.8113607,-0.91581168,0.10508,0.10641,3.25,0.3941,143.04001,11.16,0
273966,185.83121272,1.42334947,0.02581,0.02704,1.33,0.3529,126.119995,8.5,0
647226,140.53922743,-0.9386845,0.05557,0.05672,4.19,0.8626,121.85,9.98,0
279891,139.70831258,1.02299675,0.02381,0.02478,2.36,0.5841,125.86,8.2,0
238328,213.96582061,1.58637871,0.02538,0.02627,2.44,0.3558,147.35,8.82,0
505620,220.75727656,-1.88446285,0.04119,0.04196,7.3,0.8606,110.20999,9.43,0
485362,215.24603085,-1.88304088,0.05496,0.05584,5.01,0.392,109.32,9.91,0
321265,222.34185702,1.74884763,0.08766,0.08843,3.36,0.7682,129.73,10.52,0
184415,176.34197715,-1.56520689,0.02835,0.0296,3.62,0.2374,97.43,9.56,0
297705,216.9575121,1.4699378,0.02379,0.02466,5.2,0.8052,70.75,8.77,0
536626,132.50256798,-0.18230895,0.04052,0.04156,5.06,0.7321,101.17999,9.0,0
214265,129.52783991,0.46339822,0.0798,0.08083,3.05,0.2967,70.34001,10.55,0
381159,131.65976008,1.72853296,0.05051,0.05154,4.57,0.8229,134.27,10.02,0
371750,132.61300909,1.04411536,0.03482,0.03585,3.34,0.6791,88.78,9.22,0
534593,174.07599062,-0.88961775,0.04644,0.04771,4.58,0.4447,142.48999,9.75,0
592205,212.13171138,-0.12704001,0.02508,0.02601,7.35,0.1734,146.95,9.72,0
15855,216.99155253,0.71500879,0.05668,0.05752,1.16,0.5961,53.869995,9.68,0
137421,178.30972488,-1.71422131,0.0826,0.08391,4.6,0.8084,57.0,10.36,1
205092,140.59612615,-0.41605058,0.05603,0.05718,2.54,0.6436,39.95999,9.67,0
300477,129.70677327,1.12100647,0.02913,0.03011,5.52,0.2552,99.76,9.25,0
203609,134.43862555,-0.35660434,0.02831,0.02934,5.66,0.8018,47.73001,9.01,0
16570,219.33706216,0.78678133,0.07803,0.07885,2.8,0.5896,75.640015,10.46,0
583443,174.88167563,-0.15989866,0.02845,0.0297,3.16,0.1535,126.7,8.93,0
23868,183.29129534,1.19232799,0.02132,0.0229,1.83,0.2515,27.62001,8.67,0
69844,176.96200594,0.20343703,0.02706,0.02831,3.83,0.8352,31.880005,8.66,0
623707,140.03525925,0.67068028,0.05843,0.05957,4.25,0.7631,2.149994,9.72,0
38963,174.06175174,-0.69558115,0.05005,0.05133,4.23,0.5982,124.740005,9.52,0
505817,221.83412056,-1.92731143,0.04374,0.0445,5.28,0.5213,174.61,9.03,0
55124,180.54377769,-0.2961291,0.02033,0.02204,3.67,0.5376,158.44,8.74,0
296847,213.53879641,1.51979619,0.02593,0.02681,7.54,0.5561,108.18,9.1,0
513181,222.10208443,-1.13427,0.08231,0.08309,3.42,0.7362,126.79,10.53,0
65237,222.0865717,-0.32651235,0.04366,0.04441,5.48,0.3007,24.679993,9.15,0
177081,175.53937108,-1.90905191,0.02004,0.02178,3.2,0.3276,138.0,8.92,0
202636,130.61721084,-0.28353658,0.05134,0.05236,3.08,0.6804,81.41998,9.73,0
250474,214.87913611,1.99512626,0.07917,0.08006,2.78,0.7694,83.79999,10.46,0
220464,181.74696115,1.50435664,0.08649,0.08777,0.94,0.6306,119.22,10.32,0
79810,223.26107295,0.20313785,0.0432,0.04393,1.46,0.1149,92.24999,10.0,0
592425,213.01664289,-0.02009724,0.09576,0.09671,2.87,0.1743,68.21001,10.95,0
497036,213.80254769,-1.13062718,0.07749,0.07841,3.91,0.5741,150.26999,10.72,0
551063,138.70411085,-0.59249794,0.05392,0.05504,5.0,0.6315,63.47,10.53,0
574200,134.52337257,-0.02114556,0.02856,0.0296,4.74,0.7916,168.61,9.37,0
229160,220.73625675,1.1005996,0.0495,0.05027,3.78,0.4288,98.590004,9.78,0
93674,221.76673628,0.47906341,0.05561,0.05637,9.59,0.6592,73.76999,10.66,0
549482,131.62449574,-0.58827436,0.05097,0.05201,7.37,0.4137,144.08,9.78,0
107214,218.8964473,0.88883054,0.03012,0.03091,11.25,0.3649,149.51001,9.88,0
609235,174.38231555,0.27372412,0.01823,0.02017,7.19,0.4587,34.98001,8.26,0
396584,174.21783771,1.42771093,0.07356,0.07486,3.86,0.586,111.14,10.59,0
321013,220.69830675,1.72094433,0.03357,0.03433,3.44,0.4003,162.48999,8.8,0
205162,140.68638743,-0.31457465,0.05427,0.05541,4.26,0.1746,158.57999,9.46,0
69985,177.81971347,0.06575896,0.07867,0.07997,8.69,0.8508,161.45999,10.87,0
230418,179.84234524,1.8848571,0.07677,0.07805,0.9,0.5907,9.629997,10.32,1
592863,214.33856074,-0.16909769,0.04362,0.0445,6.33,0.1394,30.720001,9.46,0
79335,221.07642123,0.04394733,0.02824,0.02898,10.45,0.5834,49.58,10.05,0
370989,129.66804485,0.82257749,0.04985,0.05085,6.88,0.192,58.03,9.81,0
54102,176.75302968,-0.29421653,0.00468,0.00649,8.93,0.4824,120.509995,8.89,0
592999,215.06155881,-0.07937635,0.05278,0.05366,4.24,0.473,129.15,10.26,0
517244,131.46055278,2.50981418,0.07512,0.07617,2.11,0.3248,68.42999,10.44,0
508189,216.2098854,-1.71096714,0.03545,0.0363,3.12,0.449,29.26001,8.9,0
79257,220.87280777,0.20387851,0.02845,0.0292,12.7,0.8035,21.209991,9.72,0
610054,178.44283234,0.32962604,0.04781,0.04907,3.99,0.5357,112.9,10.32,0
211030,140.80757016,0.19814407,0.03862,0.03975,0.61,0.1004,57.83,8.61,0
319200,213.71095918,1.83717168,0.05502,0.05591,3.5,0.3348,79.32001,9.48,0
215292,133.5354716,0.49856716,0.02823,0.02924,5.71,0.7019,155.45,10.09,0
592860,214.3059852,-0.02696597,0.0516,0.05249,5.57,0.4612,169.51001,10.65,0
485739,217.18110042,-1.69685993,0.07176,0.07262,4.28,0.0893,6.1799927,10.44,0
323504,131.95082098,1.53447364,0.06297,0.06401,8.4,0.0884,161.97,10.94,0
534753,175.02584602,-0.90141518,0.0287,0.02995,1.79,0.3269,49.78,10.35,0
219965,179.83766587,1.51854817,0.07798,0.07926,2.54,0.6815,64.17999,10.32,0
145270,183.72910861,-1.36589503,0.07486,0.07613,3.41,0.5783,169.81,10.33,1
99326,182.41085528,0.95701868,0.01953,0.02134,4.58,0.1114,121.880005,8.59,0
319658,215.20920901,1.85386288,0.08408,0.08497,2.57,0.5926,168.21,10.45,0
288000,176.45877572,1.71549706,0.05947,0.06074,1.75,0.2227,14.48999,10.51,1
279028,134.95832793,0.80739075,0.05275,0.05383,6.1,0.6938,33.320007,9.57,0
15961,217.3824946,0.73716919,0.03048,0.0313,2.08,0.4045,59.539993,8.82,0
509628,222.25574521,-1.51790967,0.04252,0.04327,1.37,0.498,46.179993,8.75,0
203616,134.49886076,-0.41017897,0.01107,0.01184,0.0,0.579,56.649994,8.15,0
592384,212.8779511,-0.08309119,0.05443,0.05534,1.15,0.3243,157.79999,9.9,0
611308,184.3468064,0.34910121,0.09239,0.09367,2.72,0.2863,109.829994,10.3,0
8391,182.12924688,0.75259506,0.02035,0.02205,1.64,0.1988,136.22,8.81,0
49728,222.23498477,-0.72718631,0.02808,0.0288,6.58,0.3871,121.73,9.26,0
583360,174.33448987,-0.1519696,0.07567,0.07698,4.84,0.3278,31.079987,10.36,0
535668,178.99772563,-0.99979931,0.03689,0.03814,,,,9.54,3
513065,221.58626323,-1.08968167,0.02882,0.02956,0.17,0.9307,147.7,8.73,3
513001,221.3691206,-1.16087748,0.04141,0.04217,1.74,0.5676,134.03,9.02,0
417678,132.73821727,2.34617275,0.03944,0.04047,4.33,0.8183,6.279999,10.11,0
561641,184.36861833,-0.478232,0.02959,0.0308,2.74,0.7822,134.12001,8.63,0
592216,212.10443629,-0.10648979,0.05127,0.05219,7.09,0.8351,132.71,10.03,0
325545,140.97404717,1.82005905,0.05649,0.05763,6.28,0.899,78.04999,9.95,0
185266,179.69169324,-1.46184363,0.005,0.00683,29.24,0.6814,93.420006,9.85,1
509892,223.32943989,-1.48566666,0.03482,0.03554,3.85,0.6432,27.959991,9.01,0
299120,223.35910754,1.20016023,0.0326,0.03331,1.7,0.7468,136.12,8.71,6
31452,179.86348449,-1.15512599,0.02024,0.02197,10.01,0.7815,120.46,9.51,0
610047,178.33846852,0.28365349,0.04677,0.04803,3.26,0.232,142.5,9.51,0
376701,134.71279918,1.4696209,0.05284,0.05391,4.89,0.7239,97.96,9.94,0
517070,130.64239983,2.42777394,0.05096,0.05197,5.94,0.277,105.16999,10.16,0
298665,221.03543342,1.21960039,0.02828,0.02902,1.74,0.4765,153.23001,8.25,0
496966,212.5918663,-1.1149946,0.05417,0.05509,5.28,0.7671,42.36,10.38,0
527705,138.68356756,-0.86021681,0.05475,0.05588,4.32,0.5534,75.630005,9.52,0
617655,212.63505623,0.22418271,0.02914,0.03003,5.08,0.1428,70.75,9.07,0
278773,133.63501262,0.85350112,0.04143,0.04248,1.61,0.6575,88.899994,9.5,0
618152,214.52287281,0.22739177,0.05344,0.05432,3.56,0.2923,175.61,10.01,0
30817,176.90165146,-1.23393394,0.08052,0.08183,3.44,0.4558,109.71001,10.6,0
16547,219.13888295,0.71485377,0.03382,0.03461,3.65,0.4236,174.41,8.66,0
382397,136.46485905,2.07391632,0.09303,0.09416,3.19,0.2779,77.640015,10.46,0
493840,222.70351638,-1.32240474,0.04862,0.04936,5.92,0.7605,38.78,9.44,0
302033,136.08769952,1.25748253,0.05207,0.05316,1.7,0.6893,125.07,9.7,0
376185,132.35193834,1.38501253,0.03401,0.03503,2.89,0.3045,56.17,9.07,0
514029,214.13351026,-1.18214626,0.04977,0.05066,5.84,0.2966,149.04999,10.49,0
610816,181.91694684,0.24643629,0.02114,0.02275,4.43,0.4741,118.45,8.62,0
198771,140.81531929,-0.72803109,0.01167,0.01275,18.01,0.666,129.25,9.43,0
98441,178.18158773,0.97481928,0.02495,0.02625,5.77,0.6983,131.25,8.89,0
184281,175.80241086,-1.54990033,0.01989,0.02165,7.19,0.5666,175.77,8.54,0
519089,139.35295173,2.87669046,0.0256,0.0266,9.27,0.8197,51.08,9.5,0
227567,214.27809716,1.33206031,0.05422,0.05511,1.93,0.576,139.95,9.53,1
49849,222.84511239,-0.65302648,0.04395,0.04469,1.07,0.4856,50.330017,8.8,0
71110,183.11784646,0.15799554,0.08217,0.08345,4.47,0.3338,88.29999,10.48,0
508467,217.08187582,-1.60569053,0.0301,0.03093,4.19,0.5795,153.94,8.99,0
84677,179.34596529,0.48719841,0.04721,0.04846,5.99,0.5356,151.94,10.56,0
220326,181.08332864,1.56758592,0.02082,0.02246,23.92,0.7675,100.8,11.06,0
99349,182.47444572,0.92851987,0.01976,0.02154,9.03,0.6235,64.68001,10.16,0
618943,217.45175053,0.41952875,0.05729,0.05813,1.31,0.1507,68.57001,9.74,0
372075,134.12811454,1.08331115,0.08821,0.08931,1.32,0.4084,177.15,10.48,0
177228,176.09391526,-1.98697467,0.07425,0.07555,3.04,0.3239,35.819992,10.81,0
16526,219.18604924,0.71005094,0.05624,0.05705,2.24,0.1801,151.37,10.26,0
622429,133.40601033,0.73602372,0.04092,0.04196,4.36,0.4809,135.55,10.51,0
106047,214.56970139,0.98625433,0.05336,0.05424,2.03,0.4688,30.179993,10.14,0
560883,182.18425615,-0.54084211,0.06266,0.06392,7.02,0.1439,145.05,11.21,0
346752,135.01032859,2.04584671,0.05647,0.05755,5.66,0.7374,103.97,10.12,0
40110,179.74557624,-0.73439692,0.08154,0.08284,2.32,0.187,124.14,10.62,0
537426,185.30393452,-0.86424458,0.03949,0.0407,7.14,0.4002,57.820007,10.63,0
47395,212.74894618,-0.63126235,0.03265,0.03355,18.18,0.6215,108.05,9.46,0
230634,180.67787172,1.95220866,0.01728,0.01933,9.24,0.5606,148.45,10.54,0
536463,182.47688834,-0.91817312,0.07921,0.08049,3.2,0.5249,98.65,11.05,0
561856,185.08173947,-0.52423688,0.03963,0.04085,3.9,0.2617,4.25,10.02,0
56140,184.66762679,-0.25646389,0.07985,0.08111,3.06,0.3537,19.86,11.3,0
568631,215.86267819,-0.42250795,0.08481,0.0857,3.79,0.1201,51.37001,10.76,0
422443,131.01758554,2.71152712,0.02613,0.02701,1.94,0.2971,136.92001,10.06,0
457615,213.90091353,-1.98131055,0.04782,0.04872,2.58,0.7107,136.17,10.43,0
198344,139.05065709,-0.69946529,0.03907,0.04018,5.43,0.6195,111.71001,10.76,0
601255,139.03809283,0.2965282,0.05662,0.05775,7.64,0.4625,176.14,10.91,0
70188,179.01825526,0.19931669,0.07733,0.07862,3.08,0.262,49.399994,10.74,0
221369,185.83472434,1.61648135,0.02721,0.02841,2.09,0.3437,119.11,8.64,0
301381,133.61749062,1.20203261,0.05857,0.05963,5.39,0.3199,90.8,10.58,0
239155,216.60967326,1.61471354,0.08497,0.08584,3.79,0.3103,19.910004,10.7,0
570275,223.06339515,-0.53274309,0.07819,0.07895,1.89,0.6517,155.86,10.41,0
460309,211.52527164,-1.80380543,0.03433,0.03525,0.56,0.3713,71.78,9.02,6
177011,175.30486216,-1.96836754,0.10719,0.10854,4.18,0.4501,120.880005,11.3,0
186439,184.5979498,-1.51051637,0.06942,0.07068,2.55,0.5552,126.51,10.64,0
55526,182.59092713,-0.32947273,0.0996,0.1009,3.44,0.1293,161.97,10.93,0
561777,184.82199358,-0.60826463,0.10793,0.10923,1.55,0.7041,170.87,11.15,1
543537,211.91196704,-0.95531749,0.05387,0.0548,9.99,0.2685,37.089996,11.42,0
611220,183.9687494,0.40069608,0.02106,0.02267,14.8,0.3924,164.20001,10.51,0
40304,180.62240538,-0.66691555,0.0986,0.09991,3.58,0.2147,39.87999,11.0,0
518161,135.28329547,2.73455219,0.10768,0.10881,2.05,0.5146,176.07,11.95,0
573617,129.27720437,-0.18714711,0.05135,0.05235,2.88,0.6764,95.08,10.07,0
250473,214.82782609,1.97215985,0.08459,0.08549,3.59,0.5103,131.06,11.03,0
92421,216.31999612,0.54553697,0.08431,0.08519,2.87,0.6784,66.48001,10.8,0
568222,214.39896211,-0.48421157,0.08423,0.08514,3.56,0.512,78.27002,10.77,0
136313,174.54670826,-1.71566661,0.07687,0.07818,2.41,0.2508,122.13,10.74,0
300411,129.48588591,1.07243016,0.05109,0.05209,3.2,0.1637,139.3,10.81,0
301519,134.27488871,1.25091948,0.10726,0.10838,2.73,0.1106,42.729996,10.95,0
610404,180.12999639,0.37469065,0.08103,0.08232,2.41,0.5479,173.08,10.67,0
610674,181.25728285,0.36339672,0.10185,0.10316,2.53,0.5066,14.330002,10.99,0
272439,179.47792326,1.27700306,0.04892,0.05017,3.81,0.5368,76.21002,10.49,0
617559,212.02526997,0.36314946,0.11343,0.11441,2.83,0.0113,47.949997,11.02,0
559067,175.39577799,-0.59966998,0.07744,0.07875,2.34,0.3617,83.17,10.67,0
202359,129.35353367,-0.23672966,0.03467,0.03566,2.22,0.4276,97.07,10.27,1
346837,135.21984256,2.21439177,0.05786,0.05894,1.14,0.0036,98.369995,10.13,0
71119,183.15344271,0.1938194,0.08239,0.08367,2.27,0.1445,142.09999,10.71,0
238412,214.25389026,1.66315035,0.05533,0.05622,2.6,0.6809,108.26,10.88,0
100118,185.63642792,0.9530055,0.11158,0.11287,2.63,0.6069,57.089996,10.9,0
21990,175.19232149,1.10057932,0.07501,0.07631,2.29,0.3726,111.64,10.36,0
252182,222.57934753,1.86813388,0.06939,0.07014,2.22,0.1183,23.320007,10.66,0
47152,211.56681954,-0.64109919,0.0826,0.08356,3.89,0.1847,80.66998,11.06,0
535424,177.82041895,-0.85168492,0.08066,0.08196,2.0,0.6036,33.880005,10.36,0
7289,176.77502491,0.63568906,0.08682,0.08813,4.96,0.2661,103.68,11.12,0
289203,181.35479506,1.83978451,0.07697,0.07824,2.12,0.3526,173.28,10.69,0
485884,217.75642856,-1.83752074,0.05632,0.05716,1.56,0.1728,134.59,9.88,0
85012,180.54871967,0.55860993,0.07796,0.07924,1.16,0.131,124.75,10.48,0
203729,135.04616235,-0.3018282,0.04191,0.04298,2.35,0.4373,34.699997,9.44,0
422649,131.82766801,2.76226338,0.02853,0.02952,9.76,0.2562,138.39,10.6,0
63304,215.42209026,-0.3660108,0.05191,0.05278,2.12,0.246,100.66,10.58,0
377277,137.05227582,1.51488206,0.10163,0.10278,3.41,0.4088,64.98999,11.14,0
271617,175.12748311,1.38347118,0.07641,0.07771,3.09,0.2858,59.26001,10.78,0
209185,132.18426782,0.16849947,0.05158,0.05262,5.64,0.3322,87.27,10.73,0
204877,139.88496524,-0.29992712,0.05412,0.05526,3.61,0.0761,142.79,10.21,0
55299,181.45421281,-0.31513666,0.06323,0.06449,5.73,0.2467,6.3900146,10.69,0
185177,179.29742805,-1.64720993,0.0151,0.01736,1.26,0.2298,10.769997,8.49,6
16386,218.48507278,0.65278503,0.07853,0.07937,2.69,0.496,40.940002,10.48,0
288990,180.91589263,1.69304796,0.07765,0.07893,2.84,0.2152,48.859985,10.87,0
205154,140.66253196,-0.38727904,0.05841,0.05956,1.79,0.6684,147.38,10.16,0
514214,140.48495777,2.6922939,0.08611,0.08728,9.25,0.1637,25.89,11.26,0
77399,213.11743121,0.09652304,0.05416,0.05507,1.79,0.4788,14.450012,10.19,0
288656,179.63609297,1.69399916,0.0799,0.08119,7.87,0.482,169.73,10.84,0
54555,178.65107102,-0.4160995,0.10819,0.10952,4.41,0.1581,93.54001,11.11,0
238458,214.34860454,1.64469621,0.07753,0.07843,6.69,0.0787,49.51999,11.28,0
544049,213.81953087,-0.99218382,0.08084,0.08176,2.49,0.1986,108.79,10.44,0
347396,137.57902207,2.18959931,0.09683,0.09798,4.44,0.3646,173.19,11.12,0
289424,182.24006815,1.80073761,0.07798,0.07925,4.6,0.484,146.45,10.33,0
492762,218.3129896,-1.35544478,0.09316,0.09402,1.29,0.155,47.839996,10.81,0
297194,214.98657663,1.37106258,0.10218,0.10309,4.55,0.3767,152.41,10.99,0
228614,217.9608707,1.07684825,0.07818,0.07902,0.7,0.3251,22.310005,10.49,0
543857,213.11398771,-0.85378924,0.03241,0.0333,8.04,0.2531,121.22,9.56,0
218688,139.60748757,0.84955163,0.08695,0.08812,1.12,0.0873,157.45,10.32,0
319290,214.02957289,1.96412515,0.02537,0.02625,5.22,0.3325,179.6,8.58,0
69437,174.63463787,0.19407892,0.07559,0.07689,2.59,0.0456,83.600006,10.77,0
373168,139.74080772,1.1489271,0.08779,0.08896,4.65,0.1415,42.23001,11.2,0
386224,130.67036681,2.1196463,0.07386,0.0749,3.24,0.0592,136.47,10.66,0
599834,132.71125636,0.37329313,0.0521,0.05315,5.96,0.0704,44.930008,11.21,0
250179,214.20043724,1.98470113,0.05152,0.0524,2.71,0.1686,26.940002,10.19,0
544749,216.88131895,-0.92242981,0.03035,0.03118,5.77,0.4067,111.12,10.9,0
278350,130.4485082,0.81933648,0.07781,0.07885,8.15,0.3127,128.04,11.23,0
599213,130.60232579,0.25553505,0.07908,0.08013,7.73,0.3201,1.480011,11.0,0
84862,179.97563532,0.61621279,0.10507,0.10639,2.91,0.1001,114.59,11.1,0
231825,185.54309469,1.92103939,0.07842,0.07967,1.51,0.4363,43.130005,10.67,0
54679,179.00716338,-0.21798779,0.10839,0.10972,6.53,0.2405,84.390015,11.11,0
319137,213.53781425,1.85493794,0.05257,0.05346,0.94,0.1351,55.559998,9.89,0
143269,175.05140783,-1.34658841,0.07709,0.0784,1.74,0.3148,93.7,10.61,0
144640,180.93728078,-1.38039759,0.08231,0.0836,6.37,0.3908,169.39001,11.08,0
273800,185.35033577,1.29113594,0.07865,0.0799,6.86,0.5702,11.699997,10.59,0
348238,140.78781557,2.26277468,0.08552,0.08669,1.48,0.0351,21.46,10.41,0
240022,220.28142275,1.43002887,0.08437,0.08518,2.06,0.549,97.99,10.76,0
527964,140.32614981,-0.88387318,0.05415,0.05529,1.6,0.5027,22.540009,9.99,0
388146,138.9338166,2.44407971,0.09104,0.0922,4.58,0.3385,141.41,11.04,0
388513,140.39026904,2.58450829,0.08406,0.08522,3.08,0.1105,118.56,10.93,0
618612,216.33109391,0.34816154,0.08534,0.08622,2.88,0.3663,12.449997,10.76,0
377340,137.3126662,1.57035951,0.10211,0.10326,4.49,0.3792,9.529999,11.29,0
54375,177.91035837,-0.25144236,0.05958,0.06086,8.65,0.2927,145.64,10.42,0
16507,219.13744131,0.67635983,0.05592,0.05673,5.32,0.293,20.570007,10.89,0
485506,216.11639286,-1.82326922,0.08313,0.08402,6.37,0.2331,40.51001,11.31,0
493601,221.69920565,-1.21975837,0.0831,0.08389,1.17,0.1849,25.910004,10.44,1
561274,183.43375678,-0.50040992,0.08202,0.0833,3.69,0.1682,3.7200012,10.85,0
47348,212.3949246,-0.81995148,0.08287,0.08382,2.0,0.0344,64.880005,10.45,0
617515,211.95421502,0.30396339,0.11338,0.11436,4.7,0.2624,80.100006,10.91,0
381207,131.68919723,1.82157611,0.05128,0.05231,5.15,0.303,141.06999,10.61,0
297616,216.50896059,1.47362044,0.08583,0.0867,3.85,0.336,56.22,10.79,0
32135,183.47778859,-1.08460358,0.10007,0.10137,4.27,0.2779,156.29001,10.93,0
184658,177.34430215,-1.50820281,0.08229,0.0836,3.98,0.2304,69.130005,10.51,0
69717,176.23907555,0.0561106,0.09277,0.09409,16.37,0.3401,31.289993,10.52,0
186500,184.82288572,-1.51555285,0.07386,0.07512,47.78,0.4941,31.399994,10.7,1
323594,132.38952173,1.72577226,0.06929,0.07035,5.75,0.3151,132.17,10.48,0
693426,219.47245262,-0.40066842,0.00612,0.00733,,,,8.74,3
949619,183.09195318,-1.18245716,0.0757,0.07697,,,,11.67,1
3623223,131.01940913,-0.74868075,0.01336,0.01397,,,,8.42,0
3626392,133.89294896,-0.82691632,0.03932,0.04037,,,,10.01,0
3895287,129.44872668,-0.90063363,0.08153,0.08257,,,,10.62,0
321009,220.7049964,1.7038448,0.07812,0.07891,6.6,0.5179,46.34999,10.79,0
509516,221.65827066,-1.52525524,0.01985,0.02077,3.44,0.6992,144.9,8.74,0
288947,180.83212854,1.67291381,0.04757,0.04881,2.38,0.0754,88.39,9.95,0
32133,183.47399188,-1.23142922,0.08196,0.08324,3.97,0.0534,138.16,10.6,0
381802,134.00949998,1.8834689,0.01796,0.01861,1.98,0.2538,0.23001099,8.58,0
216184,137.17432015,0.48469129,0.01879,0.01959,5.24,0.0813,36.880005,10.51,0
39709,177.96259324,-0.70641224,0.10677,0.1081,4.81,0.7931,110.57,11.1,0
568817,216.61774609,-0.57027151,0.0732,0.07407,3.84,0.0113,31.170013,10.97,0
372177,134.62360411,1.03596386,0.07235,0.07344,5.22,0.3924,94.05,10.68,0
54686,179.04804524,-0.21025408,0.11216,0.11349,5.37,0.3362,171.11,11.17,0
535130,176.67332868,-0.95946099,0.09105,0.09237,2.82,0.552,149.43,10.91,1
517273,131.66885877,2.40802114,0.01326,0.01383,3.83,0.3965,26.169998,9.16,0
484621,211.63321006,-1.96885328,0.03517,0.03609,3.96,0.1348,14.450012,10.38,0
63780,216.89610735,-0.40702228,0.05281,0.05366,2.4,0.0502,145.13,10.32,0
288364,178.18100485,1.74076835,0.02038,0.02206,4.6,0.6216,10.970001,10.07,0
610357,179.92171771,0.25961719,0.07604,0.07733,1.83,0.5348,128.75,10.41,0
325378,140.02680329,1.96881438,0.085,0.08616,3.96,0.399,132.41,11.01,0
177345,176.43943111,-1.95341684,0.0779,0.07921,5.11,0.6909,142.19,10.88,0
271610,175.05716532,1.37646384,0.04072,0.04198,1.22,0.4975,179.47,9.38,0
594962,222.74436629,-0.03284658,0.04446,0.0452,1.49,0.5439,98.840004,10.65,1
419345,139.85181914,2.70691827,0.03669,0.0378,4.07,0.421,166.91,10.43,0
551505,140.57221887,-0.54692706,0.05627,0.05742,7.51,0.3483,18.680008,11.34,0
521997,132.02858001,2.83096061,0.0768,0.07785,7.36,0.6371,171.2,10.94,0
601105,138.60367266,0.3630371,0.08795,0.08911,1.32,0.681,125.3,10.53,0
78530,217.58210206,0.1191366,0.05627,0.05711,3.78,0.2189,98.15,10.86,0
622344,132.82323612,0.64575841,0.05153,0.05258,6.97,0.3557,126.52,10.28,1
521736,130.67894037,2.87319427,0.05005,0.05106,1.55,0.3344,26.929993,9.87,0
215052,132.66341899,0.4601618,0.05251,0.05356,1.23,0.4693,176.16,9.78,0
278802,133.84926536,0.85437842,0.04124,0.04229,7.92,0.7304,117.4,10.85,0
573625,129.38191751,-0.04488618,0.03502,0.03601,7.39,0.5187,156.86,10.28,0
386268,131.18920984,2.18550531,0.07444,0.07548,4.17,0.5116,93.05,10.95,0
486957,222.37246892,-1.77575489,0.08358,0.08436,8.01,0.0048,44.51999,10.91,0
600446,135.55040984,0.29366149,0.05858,0.05967,0.73,0.1385,29.979996,10.11,0
39921,178.9082855,-0.77062661,0.0643,0.06558,7.15,0.5221,122.66,10.82,0
302462,137.93231521,1.34910813,0.07059,0.07172,2.2,0.6297,135.42001,10.62,0
347964,139.78977528,2.38005017,0.05665,0.05778,2.23,0.2386,145.29,9.81,0
99151,181.38600452,0.97716316,0.0859,0.08719,3.1,0.3174,81.880005,10.61,0
600421,135.49058053,0.28417027,0.05652,0.05761,3.59,0.202,140.16,10.44,0
136795,176.13948139,-1.74483298,0.10704,0.10838,3.18,0.8119,37.559998,11.02,0
513145,221.83664879,-1.0016905,0.07661,0.07739,1.48,0.4075,43.47,10.65,0
544142,214.15091237,-0.88280511,0.08564,0.08656,2.61,0.1943,158.38,10.37,0
561032,182.55797738,-0.43657724,0.08223,0.08351,4.24,0.1715,135.42,10.8,0
79711,222.7537345,0.07608834,0.0434,0.04414,2.54,0.6047,40.62001,10.32,0
387715,137.51234371,2.32893437,0.03885,0.03994,3.91,0.2029,35.23999,10.55,0
610926,182.551932,0.38430377,0.03671,0.03793,2.26,0.0625,111.94,10.22,0
92026,214.62017068,0.43916111,0.04972,0.0506,6.34,0.2465,126.28,9.49,1
15103,214.11544991,0.70602005,0.05327,0.05416,1.55,0.752,10.399994,9.97,0
512170,217.93073564,-1.23882698,0.03624,0.03706,8.79,0.6813,36.48999,10.55,0
296743,213.07972609,1.50942525,0.08481,0.08574,1.93,0.4649,176.41,10.59,0
205178,140.75556468,-0.39246432,0.05614,0.05729,2.5,0.3783,15.619995,9.97,0
544427,215.52828545,-1.00243196,0.10131,0.10222,2.69,0.7149,165.73999,11.06,0
509372,221.05563571,-1.45787422,0.07653,0.07732,5.64,0.2703,119.9,10.76,0
289956,184.13742843,1.73944939,0.09369,0.09497,3.46,0.7601,55.389984,10.59,0
143735,177.28134048,-1.36652418,0.08115,0.08246,2.73,0.1249,119.83,10.95,0
91691,212.98196487,0.46656441,0.05475,0.05566,3.68,0.0964,104.240005,10.51,0
91924,214.25699075,0.47706888,0.05251,0.0534,9.2,0.2902,130.94,10.6,0
560405,180.14316671,-0.53138021,0.02122,0.02282,3.14,0.7018,94.87,8.68,0
288128,176.98434249,1.72382373,0.07601,0.0773,1.59,0.6292,68.75,10.42,0
184689,177.50139505,-1.46336545,0.08034,0.08165,4.46,0.6072,130.94,11.07,0
536924,183.37030323,-0.96428564,0.10018,0.10148,2.79,0.0535,96.8,11.07,0
598959,129.66348324,0.31140298,0.04022,0.04122,3.21,0.4216,32.51001,8.92,1
279911,139.85464218,1.07251971,0.08796,0.08913,1.96,0.6762,168.38,10.72,0
78634,218.03268234,0.1651945,0.0555,0.05633,2.49,0.7382,16.040009,10.37,0
551068,138.7183698,-0.5663621,0.05435,0.05547,2.39,0.4943,166.66,10.06,0
551194,139.39555426,-0.58266223,0.01679,0.01774,2.31,0.1893,119.06,9.81,0
387722,137.59417097,2.40138984,0.09234,0.09348,1.22,0.2326,164.29001,10.37,0
610480,180.37591498,0.40813397,0.06214,0.06341,3.61,0.5005,100.619995,10.64,0
422406,130.75188586,2.64168892,0.05052,0.05153,1.2,0.2075,82.45999,10.05,0
518829,138.22947896,2.93087801,0.03843,0.03952,1.88,0.3977,146.92,9.93,0
319059,213.45942567,1.95425702,0.05448,0.05538,1.45,0.4982,60.740005,10.02,0
601013,138.28557299,0.23791485,0.05294,0.05406,4.66,0.4809,19.149994,10.87,0
371216,130.51183679,0.85608568,0.07768,0.07872,1.82,0.3516,28.729996,10.58,0
534585,174.04400407,-0.95095187,0.07756,0.07887,3.12,0.7216,24.339996,10.69,1
84297,177.07066247,0.50923661,0.08563,0.08694,3.73,0.4403,63.880005,10.97,0
22596,178.31544091,1.2046068,0.07797,0.07926,2.37,0.1481,149.9,10.72,0
290359,185.72571114,1.81839243,0.07473,0.07597,1.57,0.4465,164.37,10.56,0
372384,135.55959701,1.11744233,0.05279,0.05387,3.33,0.3644,143.62,9.96,0
47293,212.0802501,-0.64825979,0.05257,0.0535,2.21,0.4139,178.06,10.17,0
177244,176.13478581,-1.94112421,0.0796,0.08091,1.47,0.5391,160.43,10.34,0
16327,218.33397637,0.66464465,0.07822,0.07906,6.39,0.6373,91.26,10.74,0
92091,214.9176148,0.62068198,0.05897,0.05985,3.23,0.01,80.29999,10.04,1
197414,135.25966489,-0.65114303,0.04863,0.04971,4.68,0.2438,36.33,10.71,1
301199,132.68366821,1.29937731,0.04221,0.04324,2.63,0.4571,50.98999,10.13,0
417480,131.25720196,2.29666917,0.07756,0.07861,2.63,0.1181,111.68,10.78,0
238594,214.85953195,1.65828718,0.07975,0.08065,9.5,0.589,5.5,10.93,3
584618,179.94256032,-0.13284786,0.07568,0.07697,3.17,0.3801,58.460007,10.39,0
7703,179.18813297,0.74229452,0.078,0.07929,3.14,0.6382,118.439995,10.86,0
298591,220.6905119,1.29316363,0.03302,0.03378,3.53,0.7407,16.690002,10.39,0
592665,213.69781729,-0.00311281,0.04745,0.04834,1.51,0.1647,78.06,10.19,3
386289,131.35894056,2.15052562,0.11169,0.11277,4.88,0.3017,89.96,11.26,0
569353,218.94698325,-0.47714755,0.10571,0.10656,5.63,0.1013,171.93,11.43,0
693172,215.93042656,-0.22102368,0.07324,0.07412,1.53,0.115,14.120003,10.76,0
373105,139.35743184,1.28833283,0.05555,0.05668,4.48,0.321,134.14,10.79,0
418630,137.19225664,2.5334978,0.05488,0.05598,2.16,0.6861,38.479996,10.41,0
550225,134.56243545,-0.4678195,0.07091,0.072,1.56,0.2817,45.75,10.53,0
39479,177.11523156,-0.66557325,0.07832,0.07962,2.65,0.1354,179.81,10.42,0
584682,180.12030499,-0.12357536,0.08127,0.08256,9.49,0.3967,61.34999,11.4,0
584513,179.60326287,-0.07383087,0.10731,0.10863,4.96,0.277,29.440002,11.33,0
375560,129.87422108,1.23344437,0.04985,0.05085,6.14,0.2451,94.43,11.11,0
491414,211.50587516,-1.53749047,0.07024,0.07119,2.2,0.1371,145.88,10.33,0
303096,140.73722784,1.43399868,0.01748,0.01843,6.98,0.3062,136.93001,10.47,1
492411,216.47950699,-1.47142353,0.05563,0.05649,1.88,0.0419,111.39,10.7,0
618142,214.45978462,0.32792869,0.05019,0.05107,3.04,0.3537,32.54001,10.2,0
584302,179.01349619,-0.0434757,0.07723,0.07852,3.07,0.7025,30.160004,10.77,0
288796,180.16253354,1.68028204,0.07739,0.07867,2.82,0.5562,176.18001,10.78,0
319651,215.22540364,1.86194288,0.08413,0.08502,5.95,0.2022,28.5,11.3,0
177185,176.04629257,-1.96172122,0.07367,0.07497,0.78,0.4479,28.550003,10.31,0
610543,180.65735455,0.26938018,0.10437,0.10569,3.4,0.3051,141.11,11.05,0
100069,185.50562162,1.0320366,0.1122,0.11349,7.86,0.1566,130.06,11.7,1
376586,134.29292532,1.41380471,0.06915,0.07023,3.08,0.2384,152.67,10.96,0
323886,133.66635117,1.61370979,0.07173,0.07281,5.81,0.0558,137.69,11.06,0
214211,129.26993475,0.42908598,0.07765,0.07868,3.52,0.0402,142.81999,10.9,0
508599,217.61445568,-1.57737794,0.07683,0.07769,1.88,0.3948,119.86,10.31,0
347368,137.45482857,2.26693565,0.10116,0.10231,2.69,0.2753,58.450012,10.92,0
345845,131.33667803,2.0039701,0.07548,0.07653,8.71,0.1563,50.899994,11.29,0
30690,176.43730484,-1.18007356,0.06949,0.07079,2.45,0.09,65.26001,10.64,0
92778,217.4548065,0.52227959,0.0868,0.08766,2.92,0.4879,101.92999,10.44,0
492792,218.466263,-1.34588066,0.07265,0.07349,4.02,0.6706,114.8,10.39,0
601248,138.97646295,0.23868486,0.07024,0.07138,2.8,0.2115,17.54,10.68,0
622662,134.45025588,0.77814522,0.07177,0.07286,1.7,0.3587,14.610001,10.63,0
320938,220.1667011,1.62805427,0.08449,0.0853,4.0,0.3816,110.78,10.74,0
30945,177.53887294,-1.1710339,0.08089,0.08219,1.56,0.1246,23.459991,10.44,1
93384,220.26593515,0.61945805,0.00937,0.01072,11.27,0.418,176.04999,8.05,0
690355,177.34632305,-1.08420065,0.02045,0.02214,,,,10.8,3
3632610,138.30039554,-0.91128457,0.05442,0.05554,,,,9.52,0
3895241,129.39351972,-0.86417966,0.07913,0.08016,,,,10.32,0
3627106,134.46122845,-0.92146032,0.07085,0.07194,,,,11.1,0
3895569,129.58014714,-0.81579026,0.08092,0.08196,,,,10.44,0
3904639,134.33470147,-0.9762299,0.03905,0.04011,,,,10.61,3
599689,132.50669626,0.22577093,0.05134,0.05238,9.23,0.1171,101.41,10.58,0
16525,219.18416381,0.71146961,0.05662,0.05743,1.1,0.1198,115.46,10.26,0
215484,134.02461495,0.60633869,0.10932,0.11044,4.68,0.0938,135.9,11.02,0
375534,129.73103924,1.41264861,0.01339,0.01389,49.5,0.6621,70.389984,8.45,1
504730,217.06490912,-1.98251925,0.05451,0.05536,4.61,0.4913,118.29,10.95,0
63240,215.05895966,-0.24022425,0.0843,0.0852,1.75,0.5112,172.43,10.36,0
584367,179.11646869,-0.14932571,0.10673,0.10806,2.58,0.3837,165.51001,10.99,0
238358,214.12842063,1.61888413,0.05385,0.05474,8.0,0.253,135.37,10.78,0
621988,129.8529669,0.68918937,0.07791,0.07894,7.27,0.108,64.95001,10.96,0
512498,219.0835965,-1.1302422,0.10596,0.10681,5.61,0.1647,134.89,11.46,0
238317,213.87982849,1.58638517,0.08778,0.0887,2.08,0.5701,92.52,10.41,0
23265,180.91580293,1.20458191,0.07798,0.07926,3.02,0.1177,107.19,11.0,0
41319,185.43608418,-0.83735931,0.03956,0.04077,0.65,0.1385,105.66,8.92,0
220287,181.02247395,1.4768654,0.08261,0.08389,1.94,0.4753,76.22,10.53,0
543550,211.94284718,-1.01445674,0.07918,0.08013,3.54,0.3439,100.8,10.38,0
600968,138.08767848444444,0.30248034,0.0534,0.05451,1.88,0.6902,25.320007,9.71,5
106016,214.41821353,0.92016229,0.05351,0.05439,1.94,0.6262,59.320007,10.23,0
64771,220.04794355,-0.28897104,0.00633,0.00754,13.9,0.3749,127.42999,10.41,4
238398,214.26069847,1.56737501,0.05674,0.05763,2.39,0.1826,178.74,10.04,0
30364,174.90482192,-1.08721357,0.07905,0.08036,1.82,0.3108,23.679993,10.5,0
298518,220.20220087,1.25212891,0.07828,0.07908,2.2,0.4865,127.73,10.34,0
62244,212.00660742,-0.22560787,0.05329,0.05422,1.11,0.2358,160.14,10.15,0
238445,214.3008046,1.74304855,0.05626,0.05715,23.41,0.6031,122.76,11.14,1
561645,184.4311314,-0.54906113,0.08803,0.08931,2.52,0.1186,118.259995,10.45,0
381465,132.78668186,1.80320664,0.08745,0.08853,2.69,0.3022,46.649994,10.68,0
560337,179.99845272,-0.4641708,0.08045,0.08174,2.43,0.2955,165.48999,10.52,0
296586,212.4060562,1.4500115,0.08509,0.08603,2.01,0.3429,11.950012,10.72,0
186538,185.04160179,-1.6212054,0.06911,0.07036,4.23,0.5359,7.519989,10.76,0
84610,178.87929494,0.42892551,0.06069,0.06196,2.18,0.4586,64.32001,10.61,0
380671,129.48414143,1.78305676,0.07319,0.07421,5.5,0.0706,45.020004,10.36,3
323593,132.38784606,1.72802437,0.06887,0.06993,4.7,0.2881,119.38,11.13,0
381219,131.70335373,1.80824085,0.04974,0.05077,3.75,0.361,26.839996,10.32,0
505313,219.19913261,-1.9312935,0.05484,0.05565,3.03,0.3301,8.98999,10.53,0
287613,174.0155607,1.7640037,0.03572,0.03697,1.07,0.4246,149.51999,9.01,6
229164,220.7318824,1.15111779,0.04952,0.05029,4.08,0.1239,18.859993,10.57,0
585069,181.03552555,-0.11322712,0.06265,0.06391,2.39,0.3314,140.27,10.65,0
7970,180.03501227,0.67714968,0.0877,0.089,1.75,0.1429,70.14,10.6,0
91962,214.30475832,0.53510387,0.07718,0.07809,1.77,0.1554,77.399994,10.53,3
47752,214.1224219,-0.74291833,0.0487,0.04959,1.02,0.7209,178.68,9.82,2
382463,136.79324829,1.90364287,0.09995,0.10109,,,,11.58,1
3625082,132.7754132,-0.83952793,0.07666,0.07774,,,,10.32,0
3900376,132.06643799,-0.9362455,0.05758,0.05863,,,,10.29,1
544433,215.54699771,-1.00419402,0.04128,0.04214,3.12,0.6243,15.479996,9.27,0
16561,219.2169902,0.73140119,0.05616,0.05697,1.68,0.6352,84.0,9.7,0
568959,216.98074001,-0.56162459,0.07952,0.08039,3.6,0.3581,133.09,10.49,0
493811,222.51844698,-1.17331197,0.02747,0.02818,2.24,0.1455,143.54,8.76,0
570073,221.75677333,-0.61708029,0.04159,0.04234,2.79,0.3032,53.17,8.67,0
136638,175.85166557,-1.70054166,0.04564,0.04691,2.36,0.4808,151.70001,9.66,0
584721,180.16642851,-0.13441715,0.07999,0.08128,5.69,0.3667,105.25,10.71,0
318793,212.55107235,1.81835546,0.02483,0.02576,5.66,0.6435,68.69998,9.98,0
618476,215.86809236,0.23342845,0.06178,0.06265,1.86,0.1364,36.210007,10.53,0
40799,183.01900769,-0.65384376,0.07234,0.07361,5.35,0.7228,145.42,10.81,0
39197,175.82755381,-0.73809568,0.08,0.08131,1.85,0.374,179.75,10.49,0
585561,183.36181934,-0.09670388,0.021,0.02262,4.32,0.1152,137.81,9.63,0
511887,216.51594148,-1.22220148,0.08301,0.08389,1.4,0.3959,155.61,10.47,0
227619,214.33794839,1.13123158,0.05385,0.05474,12.31,0.7908,103.340004,10.61,0
77931,215.47616803,0.03150423,0.07853,0.07942,6.93,0.5961,136.92,10.43,1
55106,180.49213962,-0.37982656,0.09272,0.09402,2.71,0.5483,174.42,10.38,0
487109,223.04369746,-1.60361617,0.02646,0.02715,1.25,0.46,158.67,8.93,1
560970,182.37908754,-0.43657876,0.07856,0.07984,7.13,0.4465,32.26001,10.73,0
375599,129.92886333,1.42681904,0.05014,0.05115,1.23,0.4453,8.539993,9.93,0
325392,140.12503171,1.84875813,0.01671,0.01764,1.2,0.0971,101.74,8.26,3
227278,212.82985142,1.30953672,0.02496,0.02588,2.05,0.4252,112.96,10.11,0
422288,130.27174548,2.48931084,0.06799,0.06901,5.41,0.8819,47.950012,10.83,1
64156,218.47825735,-0.41120721,0.03604,0.03685,28.44,0.589,124.01,10.06,1
485224,214.52681738,-1.81978907,0.05503,0.05592,1.36,0.0148,53.61,10.09,0
376293,132.7975695,1.50169491,0.05945,0.0605,6.96,0.7605,24.470001,10.65,0
48053,215.63918175,-0.63160692,0.05457,0.05544,1.85,0.0441,124.9,9.7,0
486003,218.12533681,-1.82320616,0.05159,0.05242,0.65,0.1607,81.20001,9.4,0
288110,176.93203645,1.82621763,0.02855,0.02978,11.05,0.251,71.979996,10.74,0
618138,214.43895771,0.37749815,0.05011,0.05099,2.12,0.1812,28.040009,9.56,0
544528,215.97524921,-0.9839575,0.05236,0.05322,4.1,0.5258,125.95,9.98,0
22883,179.51256042,1.09059013,0.06418,0.06545,1.86,0.4929,13.790009,10.46,0
346623,134.56891505,2.02191105,0.07094,0.07203,1.7,0.263,47.36,10.54,0
376826,135.2865763,1.47768133,0.09401,0.09513,18.21,0.5654,132.03,11.88,1
521372,129.25908441,2.760014,0.08181,0.08283,2.69,0.1222,109.65001,10.63,0
382764,138.26744789,2.03871105,0.01261,0.01351,4.18,0.3393,152.51,9.05,0
546040,222.67732509,-0.87580504,0.02658,0.02728,9.11,0.0566,117.350006,10.83,0
202902,131.59537012,-0.37169488,0.00345,0.00381,0.93,0.0978,136.14,7.45,1
560253,179.75421538,-0.54545937,0.07695,0.07824,4.08,0.3112,123.1,10.45,0
238204,213.59116389,1.74089207,0.0542,0.0551,4.57,0.4529,161.85,10.65,0
210748,139.52456441,0.19322241,0.09099,0.09216,0.95,0.2335,172.22,10.6,0
209706,134.57774613,0.10438574,0.071,0.07209,2.99,0.1054,32.64,10.55,0
585624,183.73853124,-0.07377459,0.07515,0.07641,1.96,0.1915,102.740005,10.39,0
177326,176.33025409,-1.87229199,0.02696,0.02822,4.21,0.4425,4.130005,8.48,0
388506,140.43338028,2.51444202,0.08432,0.08549,1.59,0.01,140.63,11.19,1
594964,222.66109306,-0.12232234,0.04236,0.0431,3.22,0.7314,66.54999,8.92,0
65395,222.91869764,-0.30735352,0.08342,0.08418,3.57,0.6392,35.39,10.44,0
618285,215.05809033,0.261061,0.05283,0.05371,2.91,0.2961,120.44,9.51,0
210808,139.75689434,0.17251983,0.01748,0.01841,3.8,0.1344,3.209999,8.41,0
568552,215.52085186,-0.59683005,0.0503,0.05117,5.3,0.8404,34.059998,9.47,0
176969,174.92810993,-1.85451453,0.02183,0.02336,3.32,0.7706,177.45999,8.28,0
573776,130.07845067,-0.00295952,0.03759,0.03859,8.0,0.7823,175.49,10.27,0
422721,132.13653336,2.63758665,0.02867,0.02967,3.72,0.4415,151.37,8.69,0
622592,134.07810554,0.6350428,0.05231,0.05337,5.02,0.6745,172.39,9.58,1
320745,219.3194894,1.70775521,0.03074,0.03152,4.84,0.079,20.380005,8.72,0
593010,215.13191938,-0.04783711,0.05225,0.05312,3.18,0.7019,90.8,9.62,0
492628,217.44883287,-1.48045491,0.05599,0.05683,2.13,0.4042,89.97,9.4,0
48143,216.00783859,-0.77357187,0.05227,0.05313,3.31,0.5015,98.62999,9.83,0
85588,183.14302862,0.52414568,0.08143,0.0827,3.36,0.5067,61.98999,10.35,0
551202,139.37082018,-0.62058503,0.01647,0.01742,12.69,0.725,117.61,9.96,0
14555,212.11498064,0.70028963,0.02559,0.02651,4.52,0.4631,119.28,8.92,0
229126,220.44868488,1.1295998,0.03688,0.03765,4.25,0.8247,143.37,8.99,0
594970,222.79037163,-0.12452477,0.04407,0.04481,1.97,0.5434,13.809998,9.08,0
106015,214.38581781,0.88278618,0.05582,0.05671,3.94,0.0621,159.57,9.85,1
460757,213.74276398,-1.59897725,0.03811,0.039,1.39,0.1802,68.28,8.78,0
143246,174.91900129,-1.40765276,0.07879,0.0801,4.72,0.4831,9.029999,10.51,0
229005,219.74268158,1.18912052,0.08255,0.08337,2.42,0.5382,42.949997,10.35,0
204167,136.81009821,-0.29650229,0.03968,0.04077,2.74,0.4243,87.65,8.79,1
178578,180.76536576,-1.90571799,0.01981,0.0216,6.62,0.538,89.44,8.47,0
610401,180.10823544,0.29962129,0.08116,0.08245,2.92,0.1769,15.190002,10.74,0
585231,181.78147416,-0.0201867,0.02094,0.02257,4.52,0.4066,87.83002,8.76,0
521894,131.65458201,2.82702752,0.01328,0.01384,5.44,0.2577,112.880005,8.77,0
250466,214.76664269,1.99121438,0.05417,0.05505,3.47,0.6766,142.97,10.12,0
509012,219.41616795,-1.60076662,0.05607,0.05688,8.91,0.853,94.659996,10.22,0
8570,182.83285894,0.8041979244444445,0.02072,0.02237,4.8,0.3522,31.709991,9.27,5
31725,181.09261977,-1.20358178,0.01908,0.02098,2.5,0.072,174.95999,8.32,0
619095,218.0350205,0.41114336,0.05267,0.05349,3.19,0.3224,94.149994,10.47,0
593616,217.24054979,-0.10525882,0.02971,0.03053,1.83,0.5789,81.350006,8.69,0
569362,219.04435601,-0.59874552,0.08102,0.08185,3.24,0.5185,47.289993,10.59,0
220320,181.03095077,1.58314929,0.02349,0.02487,6.92,0.2873,179.07999,8.85,0
585162,181.45843505,-0.18445281,0.06167,0.06293,4.41,0.171,113.65,10.41,0
617767,213.18542374,0.24176172,0.05354,0.05445,1.79,0.6555,52.589996,9.75,0
64167,218.45671536,-0.41274782,0.03572,0.03653,4.64,0.7655,44.34001,8.76,0
238221,213.66331423,1.68357621,0.05379,0.05468,6.09,0.7108,146.37,10.22,0
485866,217.55459573,-1.72057465,0.05436,0.0552,6.96,0.5305,132.61,9.5,0
31450,179.81907809,-1.10838736,0.06032,0.06159,4.65,0.1126,31.519989,10.4,0
377384,137.47608719,1.68540562,0.02404,0.02497,2.3,0.2864,141.94,9.07,0
238351,214.08973116,1.59468247,0.05409,0.05498,2.79,0.4717,22.970001,10.14,0
611094,183.19351129,0.40907154,0.01984,0.02161,7.41,0.5663,137.51001,8.96,0
585121,181.19287684,-0.01537926,0.04045,0.04169,3.0,0.2723,169.93,9.55,0
288908,180.69255177,1.67548439,0.07794,0.07922,6.62,0.685,154.61,10.89,0
251888,220.95692693,1.94137643,0.07968,0.08047,4.05,0.6009,147.92,10.61,0
144072,178.89391928,-1.35857567,0.0814,0.0827,3.26,0.4829,75.240005,10.63,0
105730,213.10582689,0.90748868,0.05406,0.05497,5.42,0.6064,109.66,9.8,1
221375,185.82531709,1.48686069,0.02785,0.02904,8.56,0.5338,36.53,9.82,0
99233,181.84209458,0.92832267,0.08945,0.09074,3.13,0.3985,112.03999,10.46,0
486894,222.03160673,-1.66160958,0.04282,0.04357,1.41,0.3541,79.100006,8.75,0
536005,180.00199447,-1.02796362,0.04709,0.04834,2.62,0.3181,8.019997,10.09,0
319064,213.47956949,1.81821879,0.05568,0.05658,8.51,0.7342,30.529999,10.48,0
30476,175.49404823,-1.22624473,0.10792,0.10926,6.27,0.6909,75.100006,11.03,0
534587,174.07996024,-0.94940658,0.05071,0.05199,2.88,0.7018,173.78,9.52,0
347571,138.2035197,2.20800582,0.05673,0.05784,6.12,0.8398,109.45999,10.06,0
79681,222.67431798,0.00896269,0.0431,0.04384,2.12,0.42,43.070007,8.92,0
301347,133.52477198,1.18650381,0.04471,0.04576,3.33,0.4281,173.07,9.66,0
511789,215.9924649,-1.12841864,0.03437,0.03522,7.44,0.8743,109.700005,9.02,0
69824,176.80058847,0.11002592,0.11091,0.11225,3.34,0.4365,120.73,11.06,0
22844,179.27470942,1.12559234,0.03952,0.04076,6.4,0.5804,146.89,10.98,0
594946,222.62918004,-0.12903176,0.0439,0.04464,2.53,0.2762,144.25,9.88,0
583805,176.77161176,-0.02646721,0.06099,0.06227,2.8,0.239,96.689995,10.69,0
251887,220.95547809,1.92599891,0.07861,0.0794,11.77,0.4936,136.05,11.35,0
592876,214.42145395,-0.14421102,0.04965,0.05053,6.14,0.5895,56.850006,9.46,0
548947,129.82095935,-0.61351413,0.0509,0.05191,7.68,0.6594,52.36,10.67,0
203037,132.2566078,-0.34910161,0.01479,0.01543,11.64,0.0642,73.61,8.59,0
296636,212.66107967,1.42495504,0.0463,0.0472,1.63,0.5647,75.78,10.12,0
319390,214.30114341,1.89628249,0.05696,0.05785,4.8,0.6932,79.349976,9.8,0
205149,140.75980515,-0.33862699,0.0707,0.07186,3.76,0.0014,116.53,10.69,1
288852,180.37831113,1.70574816,0.0783,0.07958,2.11,0.1999,157.48,10.7,0
372044,134.0813176,1.06986255,0.04072,0.04177,2.48,0.2095,8.399994,9.3,1
381160,131.66053406,1.73812095,0.05103,0.05206,2.03,0.5821,42.809998,10.06,0
228278,216.82265646,1.09652228,0.0266,0.02741,6.3,0.6492,67.100006,8.51,0
220374,181.3284587,1.63756437,0.01865,0.02058,2.68,0.4901,131.04,9.28,0
544859,217.36222685,-0.87501493,0.10419,0.10507,3.48,0.5727,75.76999,10.9,0
506070,223.04247211,-1.87253842,0.03468,0.03541,3.18,0.4891,83.67999,9.22,0
621916,129.00012762,0.67804944,0.01343,0.01391,1.76,0.1621,161.45999,8.98,0
208589,129.63253268,0.01241761,0.07803,0.07906,4.6,0.4924,83.850006,10.56,0
47214,211.8762665,-0.78937841,0.03499,0.0359,53.52,0.7287,86.34999,11.14,1
290355,185.67259331,1.72859876,0.09091,0.09217,1.09,0.1038,160.16,10.43,0
549343,131.28854201,-0.5335623,0.07867,0.07973,1.83,0.1557,132.44,10.74,0
78350,216.57479821,0.15433509,0.05432,0.05517,1.36,0.2799,94.51,10.28,0
184575,177.02517201,-1.55987104,0.09511,0.09643,4.41,0.7644,18.929993,10.98,0
220216,180.79109344,1.55030403,0.07826,0.07954,2.23,0.5415,167.63,10.51,0
492267,215.75825862,-1.43906955,0.05503,0.0559,2.86,0.0971,7.7900085,10.44,0
107528,220.59837241,0.90799816,0.03327,0.03403,16.21,0.1656,75.06,11.03,0
622349,132.69371648,0.68502464,0.0877,0.08878,1.87,0.3656,152.8,10.46,0
7992,180.22123209,0.81384911,0.08164,0.08293,3.15,0.3437,40.360016,10.95,0
105417,211.71576594,0.850136,0.04766,0.04858,8.24,0.2225,80.890015,11.01,0
544330,215.14127843,-0.89993132,0.08482,0.08572,4.33,0.3224,106.96,11.19,1
618151,214.51701336,0.27382789,0.05033,0.05121,2.26,0.0662,169.97,10.52,0
288679,179.71741085,1.72827367,0.07854,0.07982,3.59,0.5716,38.78,10.92,0
585041,180.97020463,-0.18938185,0.10977,0.11109,5.07,0.5965,86.98999,10.92,0
143727,177.37159378,-1.38170336,0.08073,0.08204,2.04,0.6557,95.100006,10.4,0
49941,223.21327317,-0.73994406,0.07733,0.07808,5.41,0.0752,176.67,11.29,0
48004,215.40849389,-0.71847794,0.05431,0.05518,1.27,0.202,129.27,9.67,0
345927,131.69902981,2.01834744,0.06005,0.06109,6.84,0.2776,12.609985,10.99,1
584508,179.58687794,-0.08475897,0.10595,0.10727,3.0,0.2637,0.9299927,10.94,0
221339,185.62484148,1.47548975,0.07934,0.08059,2.77,0.3248,105.39,10.69,0
536964,183.52806396,-0.93884013,0.08288,0.08416,2.6,0.3136,60.98999,10.73,0
24303,185.22194823,1.1297076,0.11315,0.11444,3.9,0.0569,115.52,10.94,0
272824,180.88804391,1.36015959,0.08303,0.08432,2.77,0.237,28.309998,10.5,0
623677,139.96909131,0.8338135,0.08895,0.09012,3.01,0.0244,55.539993,11.06,1
77735,214.53133887,0.08516397,0.03539,0.03626,0.72,0.6313,33.54001,8.68,0
184977,178.62735651,-1.53709893,0.08252,0.08382,13.22,0.5003,0.3600006,10.74,1
14567,212.1620895,0.65951785,0.11392,0.11489,3.09,0.3963,169.42001,11.08,0
287693,174.51455757,1.70051385,0.07381,0.07511,1.05,0.4644,165.68,10.5,1
144365,179.80850149,-1.29867789,0.08224,0.08354,3.31,0.2866,19.940002,10.71,0
319196,213.75530808,1.92117838,0.05313,0.05402,2.11,0.2004,149.13,10.17,0
383051,139.67265705,2.02517114,0.0871,0.08826,5.58,0.5442,77.20001,10.91,0
508005,215.42531796,-1.68734274,0.10144,0.10235,7.29,0.2851,167.38,11.37,0
136604,175.87350877,-1.74166461,0.10605,0.10739,7.45,0.2604,123.0,11.35,0
138569,183.15554101,-1.73577395,0.07681,0.07808,2.65,0.2461,14.410004,10.58,0
536031,180.15134025,-0.97902577,0.06037,0.06164,3.15,0.3715,39.270004,10.61,0
99820,184.48952289,0.90982686,0.10927,0.11057,3.6,0.127,27.440002,11.13,1
300852,131.09274135,1.16079504,0.00659,0.00718,7.57,0.1491,53.870003,7.58,0
377917,139.59804555,1.66369476,0.09272,0.09389,9.49,0.0463,36.619995,11.19,1
740378,214.09333898,-1.24002289,0.03686,0.03774,30.23,0.272,7.800003,10.2,1
381293,131.98656514,1.74874649,0.06571,0.06676,1.93,0.2831,153.69,10.37,2
77064,211.5381358,0.16882248,0.04776,0.04869,,,,10.16,1
3630364,136.71632364,-0.94388853,0.04,0.04109,,,,8.73,0
3913888,138.16089989,-0.86961375,0.08133,0.08248,,,,10.32,0
594399,219.97465098,-0.14129888,0.09372,0.09454,1.48,0.7333,175.3,10.41,0
508183,216.18110366,-1.64162931,0.09141,0.0923,2.69,0.7983,12.610001,10.63,0
184571,176.99559948,-1.58748419,0.08884,0.09016,2.64,0.6878,164.04,10.6,0
56064,184.46847924,-0.36212063,0.04036,0.04158,6.78,0.3107,173.45999,10.44,0
62718,213.67436607,-0.28404463,0.03871,0.0396,3.19,0.2128,16.729996,9.59,0
40278,180.36634465,-0.71836855,0.02068,0.02235,20.99,0.158,77.399994,10.44,0
380800,130.1360784,1.7242646,0.07973,0.08077,1.97,0.6717,127.96001,10.32,0
69822,176.75512855,0.18389176,0.11143,0.11277,5.21,0.1522,124.52999,11.2,0
143463,176.09869085,-1.26697735,0.07783,0.07914,3.85,0.2038,45.33,10.52,0
397213,177.27993819,1.49756474,0.10777,0.1091,4.91,0.678,146.94,11.15,0
545740,220.92681126,-0.99933367,0.04445,0.04522,1.97,0.4426,36.799988,9.69,0
417580,132.10673934,2.28780776,0.0396,0.04062,3.07,0.1997,125.92,9.93,0
381304,131.9988889,1.77256031,0.06669,0.06774,7.27,0.5765,92.39,10.77,0
62717,213.68142961,-0.28222055,0.03845,0.03934,9.61,0.506,1.6399994,10.51,0
320072,216.89960305,1.87857453,0.02451,0.02536,2.61,0.4751,9.380005,8.81,0
14592,212.17281847,0.8319692,0.05788,0.0588,2.84,0.7073,177.42001,10.03,1
584731,180.19870788,-0.02333457,0.00644,0.00852,29.4,0.1947,50.740005,8.84,0
601256,139.04547263,0.26907681,0.09149,0.09266,0.8,0.0842,44.119995,10.32,0
423187,134.33543648,2.92131343,0.01302,0.01371,26.48,0.4723,109.05,11.24,4
618912,217.40256029,0.33493844,0.05578,0.05662,2.49,0.2709,162.94,10.34,0
381155,131.64676642,1.85508778,0.05053,0.05156,2.89,0.2371,174.20999,9.9,0
375392,129.01389168,1.32976102,0.01329,0.01376,5.36,0.5441,141.38,9.81,0
485053,213.89163574,-1.95550738,0.08023,0.08115,2.14,0.2799,58.75,10.44,0
85785,183.9483087,0.56352023,0.07123,0.07249,1.94,0.6837,137.42,10.42,0
92466,216.48616204,0.6129387,0.05546,0.05631,4.45,0.4902,12.790009,11.03,0
41173,184.54417776,-0.74498313,0.02092,0.02255,4.72,0.4098,57.320007,8.39,0
40696,182.56993159,-0.73794611,0.06026,0.06152,2.84,0.6088,76.78,10.93,1
559292,176.41767633,-0.57082486,0.02805,0.02929,4.05,0.4747,36.429993,8.71,0
40767,183.00135721,-0.77065662,0.07223,0.0735,4.42,0.5232,66.79001,10.61,0
238208,213.61317938,1.7328442,0.05291,0.0538,5.01,0.6403,50.100006,9.78,0
372408,135.70510313,1.02059724,0.05351,0.05459,3.44,0.6561,33.990005,10.76,0
138663,183.5737714,-1.79206051,0.10925,0.11056,4.84,0.5171,55.050003,11.03,0
22599,178.32970349,1.21764413,0.07712,0.07841,2.22,0.4044,2.949997,10.31,0
345647,130.41478758,1.89626919,0.07361,0.07464,1.15,0.2207,94.32,10.55,0
273957,185.91142687,1.32692239,0.02667,0.02788,1.04,0.0717,8.87001,8.47,0
143740,177.2893935,-1.38429045,0.08056,0.08187,1.36,0.5214,80.72,10.6,0
423372,135.0562156,2.95661602,0.10857,0.1097,2.52,0.6954,80.380005,11.01,0
567907,213.62926014,-0.60792345,0.08786,0.08879,1.36,0.3766,124.64,10.42,0
618835,216.99184021,0.27747977,0.01395,0.0154,0.62,0.4769,152.45,8.33,6
23381,181.39721918,1.07898371,0.07811,0.07939,3.74,0.3562,101.22,10.86,0
65384,222.84263733,-0.37558728,0.04343,0.04416,2.12,0.5061,32.179993,9.97,0
569781,220.40969439,-0.45820032,0.04029,0.04107,2.64,0.4518,171.18,10.63,0
383048,139.63662742,2.06835654,0.08744,0.0886,1.89,0.7189,152.56999,10.53,0
388476,140.24064435,2.53435439,0.05651,0.05764,2.29,0.1761,97.98,10.46,0
382565,137.47962242,2.09826264,0.05819,0.0593,4.04,0.2444,109.100006,9.73,1
7139,175.82830466,0.74788117,0.07567,0.07697,1.23,0.4654,89.29,10.63,0
549251,130.93841163,-0.53460871,0.02954,0.03054,7.11,0.5098,163.23,10.83,1
238411,214.24744918,1.57398776,0.05605,0.05694,0.58,0.0857,122.72,9.63,0
48548,217.48766749,-0.74742253,0.08281,0.08367,3.91,0.2889,43.73999,11.05,0
105597,212.74040486,1.03574282,0.02541,0.02632,7.92,0.6226,108.880005,10.41,0
508184,216.18100643,-1.57032579,0.05715,0.05802,5.17,0.2671,37.100006,10.78,0
99035,180.82348881,0.89924421,0.07828,0.07956,2.14,0.3037,51.70999,10.39,0
238282,213.81396578,1.73135537,0.05401,0.0549,4.08,0.3792,32.200012,10.48,0
273845,185.48441237,1.38252552,0.07872,0.07997,5.73,0.0314,127.91,11.24,0
322910,129.39530537,1.57389058,0.03094,0.03192,5.32,0.1885,150.03,9.74,0
551585,140.76328152,-0.4309735,0.05672,0.05787,4.08,0.0452,121.34,9.92,0
512068,217.45315047666668,-1.1683951933333332,0.03014,0.03096,2.97,0.091,2.25,8.67,5
250833,216.12224855,1.9752792,0.05429,0.05514,4.11,0.6484,71.369995,10.42,0
319101,213.52325312,1.90408877,0.05491,0.05581,4.08,0.2511,103.95,9.5,0
84048,175.78879408,0.55889885,0.01861,0.02053,4.84,0.3345,25.980011,8.66,0
594966,222.75877604,-0.05601803,0.04451,0.04525,2.61,0.2605,1.949997,9.9,0
208464,129.02862768,0.0127085,0.05804,0.05904,4.11,0.0782,168.86002,9.4,0
610154,179.0047214,0.2105384,0.07832,0.07961,6.05,0.6258,53.899994,10.95,0
559300,176.53217798,-0.4579897,0.01303,0.01538,3.82,0.2282,151.73001,8.64,0
84106,175.98676023,0.52227376,0.02794,0.02918,2.68,0.0638,87.64,9.93,0
252051,221.98387072,1.79842819,0.03387,0.03461,5.95,0.4384,73.41,9.74,0
594265,219.60495986,-0.18893489,0.03362,0.0344,2.37,0.3878,169.54999,9.02,0
205084,140.61333279,-0.25496353,0.05393,0.05507,3.26,0.6325,76.95999,9.88,0
567760,213.07540672,-0.56929881,0.0254,0.02631,8.41,0.2759,40.549988,8.46,0
377668,138.49301118,1.65125106,0.05656,0.05768,1.18,0.0888,129.38,9.61,0
402525,175.7139781,1.95878963,0.04252,0.04378,3.84,0.6383,44.08,8.82,0
534654,174.35287085,-0.96381693,0.05011,0.05139,3.46,0.0276,113.619995,10.31,0
521819,131.36706216,2.91472012,0.07941,0.08046,1.05,0.0018,50.6,10.68,1
509670,222.347306,-1.55924551,0.02657,0.02728,7.46,0.4293,124.42,8.95,0
618787,216.83690388,0.22021644,0.02978,0.03061,4.5,0.7405,66.95,8.73,0
271431,174.2196056,1.28150871,0.07426,0.07556,2.02,0.4743,74.020004,10.51,0
508224,216.32171274,-1.66893431,0.08922,0.09011,1.42,0.6657,97.6,10.31,0
569964,221.38393467,-0.54503841,0.05764,0.05841,6.63,0.6044,79.95001,9.55,0
91926,214.26852429,0.50799683,0.02573,0.0266,4.63,0.7045,78.599976,10.06,0
137944,180.11948033,-1.86079694,0.10776,0.10909,4.02,0.2414,143.26001,11.01,0
592421,212.97421896,-0.03418646,0.05307,0.05398,7.14,0.283,100.53001,10.85,0
319020,213.33506102,1.91250173,0.02574,0.02663,13.02,0.8319,66.399994,9.24,0
545398,219.33440346,-1.00377583,0.03949,0.04029,1.24,0.6304,77.34003,9.03,6
55917,184.01942446,-0.32349233,0.07603,0.07729,4.69,0.7766,167.15,10.46,0
543535,211.8876404,-0.90374715,0.05384,0.05477,1.16,0.3916,60.490005,9.47,0
184370,176.21728012,-1.53211655,0.02559,0.02688,4.47,0.1371,98.54,9.65,0
512524,219.0692726,-1.131196,0.03965,0.04045,6.32,0.0823,45.84999,9.27,0
143388,175.81713773666667,-1.39469665,0.00631,0.00825,6.69,0.3048,79.92999,8.06,5
48969,219.1974688,-0.75950525,0.03775,0.03855,4.89,0.3595,84.890015,9.52,0
178290,179.81917059,-1.91532546,0.02052,0.02222,8.57,0.7534,3.880005,8.98,0
594313,219.67910606,-0.00774326,0.03361,0.03439,8.11,0.7391,166.87,10.51,0
492229,215.40655888,-1.45447968,0.03238,0.03324,4.47,0.7792,85.97,8.7,0
273835,185.4163095,1.33033186,0.07838,0.07963,4.48,0.7005,123.25,10.59,0
345447,129.48545053,2.02111548,0.03142,0.0324,8.06,0.5963,155.81,10.52,1
215053,132.66673536,0.441043,0.05224,0.05329,3.1,0.7406,84.609985,10.05,0
100115,185.62929685,1.01520294,0.07773,0.07898,4.25,0.6253,138.73,10.79,0
272298,178.72734765,1.37270502,0.07732,0.07861,6.09,0.8213,85.369995,10.99,0
512197,218.01342148,-1.16767823,0.05473,0.05556,4.54,0.356,35.839996,10.23,0
107139,218.64495224,0.99384515,0.03113,0.03193,2.42,0.5268,16.119995,8.72,0
346317,133.27030696,2.00758238,0.05344,0.05449,0.66,0.113,130.04999,9.8,0
371714,132.47305476,0.9194336,0.05821,0.05926,6.46,0.6247,101.93,10.68,0
586326,184.51375147,-0.0104746,0.03391,0.03512,9.43,0.7437,161.49,9.18,0
549182,130.68272439,-0.48247536,0.05266,0.05368,7.86,0.2236,108.93,9.82,0
214271,129.5765186,0.43516986,0.07988,0.08091,3.98,0.2239,68.92,10.43,0
551503,140.52038583,-0.51019091,0.05686,0.05801,1.3,0.3058,77.71002,9.79,0
8036,180.35528614,0.8094231,0.09861,0.09992,3.01,0.7142,107.350006,10.95,1
143148,174.24378143,-1.39566123,0.02685,0.02811,2.43,0.6914,29.690002,8.32,0
302973,140.08648012444442,1.4100473,0.02651,0.02755,3.19,0.5171,113.52,8.33,5
321034,220.85203671,1.7338788,0.10335,0.10416,1.54,0.2908,142.84,11.32,1
599848,132.68254578,0.3989685,0.05187,0.05292,2.5,0.0375,33.380005,9.54,0
301885,135.53947852,1.22605088,0.05711,0.0582,9.4,0.3989,173.60999,10.6,0
239172,216.68225,1.62607325,0.02896,0.02978,2.56,0.5506,11.929993,8.22,0
381499,132.90751539,1.81164346,0.03783,0.03886,2.47,0.7198,69.47,8.84,0
485549,216.22475982,-1.85930673,0.03005,0.03089,4.43,0.2647,94.52,8.89,0
507878,214.66009131,-1.62773367,0.03212,0.03299,3.28,0.6857,9.709991,8.91,0
551350,139.97991849,-0.59132666,0.02882,0.02993,5.78,0.5129,162.78,9.22,0
228191,216.47467258,1.20397053,0.08595,0.08683,2.09,0.5045,32.58,10.31,0
419632,140.75063621,2.86863429,0.02484,0.02584,3.29,0.1349,173.69,8.85,0
485922,217.85033508,-1.82721542,0.05319,0.05402,4.22,0.7869,9.730011,10.31,0
559953,178.79908203,-0.51157904,0.01915,0.02103,5.41,0.6241,93.829994,8.39,0
543769,212.80010694,-0.96738293,0.02494,0.02586,2.85,0.7448,168.78,8.43,0
48805,218.6215621,-0.79893481,0.03654,0.03735,,,,8.92,3
271535,174.66791554,1.29684872,0.07637,0.07767,15.86,0.7199,35.79,10.32,1
375934,131.36320386,1.46509574,0.04182,0.04284,2.33,0.6743,105.78001,8.99,0
377669,138.49251423,1.6486542,0.057,0.05812,3.38,0.4177,61.839996,9.87,3
220319,180.99245368,1.48277611,0.02071,0.02236,4.94,0.2115,55.910004,8.57,0
569965,221.44174911,-0.54146276,0.02914,0.02989,5.91,0.7489,152.23999,9.09,0
543491,211.82756468,-1.01334781,0.03525,0.03616,5.03,0.8202,140.91,9.02,0
575423,139.73830867,-0.17495852,0.05282,0.05395,3.95,0.8,60.450012,9.64,0
298042,218.06603545,1.45704372,0.02748,0.02827,6.58,0.8444,134.56,9.07,0
99078,180.95155094,0.85034421,0.04951,0.05076,5.19,0.6779,24.98999,10.08,0
570114,222.17074931,-0.58504643,0.04313,0.04388,2.77,0.296,142.94,9.21,0
278741,133.43397896,0.80360945,0.03972,0.04076,6.18,0.8143,92.88,9.25,0
609912,177.76899892,0.24835203,0.04707,0.04833,4.54,0.5939,155.72,10.3,0
41354,185.62720269,-0.68272529,0.03027,0.03147,3.97,0.7119,125.64,9.15,0
509726,222.63698813,-1.48525754,0.04342,0.04416,3.09,0.2845,88.99999,9.9,0
16430,218.71531922,0.83816223,0.03079,0.03158,3.98,0.4436,23.51001,9.19,0
71117,183.1437812,0.1860966,0.01955,0.02137,3.6,0.6681,49.550003,8.44,0
62393,212.75753162,-0.33365728,0.05429,0.05521,5.51,0.8083,175.38,9.8,1
105770,213.26532891,0.98107885,0.0536,0.0545,5.19,0.8014,42.759995,9.9,0
422683,131.88075027,2.7356685,0.02805,0.02902,3.61,0.2378,176.95,8.42,0
319272,213.89211393,1.81475541,0.02531,0.0262,6.44,0.8339,145.90001,8.76,0
485646,216.76992629,-1.72965526,0.00591,0.00717,3.86,0.5171,163.4,7.69,0
278554,132.30500992,0.78322255,0.04284,0.04387,4.3,0.0865,174.02,9.0,0
549419,131.47763769,-0.59781413,0.05589,0.05693,3.93,0.5837,141.72,9.68,0
505681,221.13567339,-1.81745407,0.07214,0.07293,3.21,0.708,121.96,10.43,0
507851,214.73608906,-1.57141926,0.04268,0.04356,1.54,0.4133,142.58,9.52,0
518647,137.26103217,2.80646999,0.02658,0.02758,1.61,0.4033,93.93,8.43,0
491475,211.72061524,-1.56963457,0.02475,0.0257,5.03,0.5225,14.170013,8.39,0
518644,137.38207931,2.90149632,0.05637,0.05747,3.63,0.7154,88.20001,9.75,0
272571,179.91612353,1.3694597,0.02682,0.02806,5.28,0.1867,133.18,8.92,0
485152,214.22171222,-1.78110495,0.05443,0.05533,3.26,0.4896,68.33,9.58,0
84107,175.99842988,0.42801347,0.0287,0.02994,5.05,0.2314,167.65,9.71,0
544812,216.98074288,-1.00818025,0.0295,0.03033,5.31,0.4081,5.2099915,9.32,0
486275,219.2921116,-1.68179742,0.05656,0.05737,3.8,0.2068,5.01001,10.34,0
202466,129.80836369,-0.35535772,0.05204,0.05305,5.18,0.6279,86.29999,9.8,0
323031,129.9737963,1.438165,0.0782,0.07923,3.45,0.6064,65.740005,10.7,0
278909,134.42490362,0.8173129,0.04141,0.04247,2.6,0.4769,24.770004,9.33,0
534832,175.25162489,-0.9702017,0.02893,0.03018,4.57,0.3126,155.06,8.74,0
346440,133.746856,2.1343627,0.01998,0.02065,1.15,0.1076,97.17,8.37,0
418971,138.25462834,2.72026094,0.0256,0.02658,2.64,0.4571,22.919998,8.28,0
197866,137.44615987,-0.65182195,0.05441,0.05552,3.15,0.1566,169.37,10.3,0
214426,130.21964288,0.58943312,0.05111,0.05212,3.64,0.3202,61.04001,9.81,1
504882,217.56358824,-1.93227113,0.05405,0.05489,3.8,0.1921,177.72,10.12,0
319300,214.05670933,1.84060271,0.0533,0.05419,2.5,0.8113,124.42,9.96,0
560403,180.1379342,-0.54352777,0.08379,0.08509,3.38,0.423,62.549988,10.49,0
561267,183.47351989,-0.42099404,0.07188,0.07314,6.86,0.843,166.32,10.81,0
71701,185.93632836,0.04601273,0.1057,0.10698,1.48,0.4844,105.33,11.04,1
562016,185.89919068,-0.53335778,0.02573,0.02697,0.93,0.2775,86.07001,8.62,0
544364,215.25915441,-0.86197733,0.05461,0.05549,4.64,0.577,122.71,9.79,0
221194,185.11525606,1.46974407,0.00526,0.00732,19.73,0.7617,146.65,9.0,0
252005,221.74436153,1.83982207,0.03377,0.03451,5.17,0.5553,172.51,10.37,0
536677,132.81876032,-0.16749179,0.04275,0.04379,5.11,0.6794,159.44,8.77,0
574360,135.48159628,-0.01798698,0.05351,0.05459,5.94,0.272,80.42999,9.94,0
619224,218.87499219,0.41368003,0.03529,0.03609,3.1,0.4283,2.3299866,9.1,0
319807,215.86124121,1.81299913,0.02585,0.02669,3.12,0.1544,148.43,8.38,0
300757,130.77147278,1.14877463,0.0777,0.07874,1.94,0.6034,92.21999,10.34,0
92723,217.31755325,0.56539187,0.0538,0.05464,4.38,0.7263,118.53,9.43,0
508629,217.69249453,-1.67362348,0.05563,0.05647,4.84,0.0926,159.04001,9.42,1
561685,184.48226101,-0.54469918,0.0795,0.08077,5.27,0.8479,117.82001,10.34,0
423416,135.20781388,2.89070262,0.0156,0.0163,4.41,0.4392,103.9,8.59,0
623144,137.29794097,0.83544075,0.03938,0.04047,7.41,0.0884,34.809998,10.48,0
600014,133.4734842,0.30423107,0.02833,0.02934,6.03,0.6488,96.58,9.17,0
228709,218.45076827,1.19710241,0.09284,0.09369,3.17,0.6449,100.1,10.38,0
375839,131.01973216,1.37758435,0.07686,0.07791,2.01,0.2233,137.49,10.43,0
289085,180.99627628,1.83225709,0.02129,0.02287,4.0,0.0466,89.25,8.64,0
593526,216.81878226,-0.09007587,0.03057,0.0314,2.45,0.4938,137.19,9.32,0
319091,213.48931725,1.90718545,0.05439,0.05529,2.45,0.4348,43.59999,9.53,0
568894,216.93945747,-0.60275037,0.02369,0.02457,19.11,0.0981,178.42,10.07,0
619046,217.84484558,0.29538283,0.03534,0.03615,6.59,0.9245,26.179993,9.12,0
513267,222.83115671,-1.11744196,0.02603,0.02673,1.63,0.2893,125.07001,8.46,0
278804,133.85938596,0.85818478,0.04199,0.04304,2.65,0.381,104.920006,9.82,0
289732,183.26725831,1.85356228,0.08101,0.08228,0.91,0.713,132.71,10.5,0
622032,130.42874227,0.6825169,0.07847,0.07951,1.63,0.2556,79.02002,10.32,0
422864,132.78979594,2.69852744,0.03992,0.04095,6.83,0.2603,110.03,9.76,1
178110,179.13220135,-1.88501436,0.08896,0.09027,5.46,0.1665,62.300003,10.8,0
185224,179.58978973,-1.45842632,0.08169,0.08299,4.26,0.655,156.9,10.98,0
574699,136.80457701,-0.05635717,0.09387,0.09501,4.2,0.5484,86.42999,10.94,0
600312,134.81540785,0.39164241,0.0113,0.01208,3.02,0.2482,144.59,8.86,0
86115,185.27385231,0.55283142,0.00719,0.0094,13.5,0.7004,172.93,8.63,0
77193,212.1923864,0.07204439,0.05316,0.05408,1.9,0.4959,86.609985,9.43,0
290071,184.50927913,1.79512799,0.02527,0.02653,6.18,0.3446,145.0,9.43,0
297271,215.26343779,1.52351061,0.08447,0.08536,3.54,0.3815,28.070007,10.71,0
198506,139.78154916,-0.78778286,0.04647,0.0476,4.1,0.0823,32.23999,10.45,0
65416,223.03634473,-0.38532655,0.0461,0.04683,2.6,0.4463,14.25,9.92,0
303099,140.82788354,1.58310348,0.02605,0.02709,5.02,0.1174,32.340004,10.35,0
517278,131.6831757,2.53742151,0.02813,0.0291,5.31,0.4134,77.45001,11.06,0
228111,216.19249644,1.1708871,0.03951,0.04035,3.38,0.5951,55.710007,10.35,0
585501,183.11443275,-0.10702171,0.08242,0.0837,1.24,0.103,15.459991,10.36,0
288992,180.93489846,1.83597778,0.01936,0.02119,15.81,0.3588,87.26999,10.38,0
610343,179.96563394,0.26537407,0.07666,0.07795,1.83,0.4106,166.79001,10.46,0
216149,137.02439499,0.57333959,0.05373,0.05483,1.88,0.6597,96.87,10.63,0
210146,136.81439643,0.05489585,0.09375,0.09489,1.35,0.2038,12.460007,10.46,0
493966,223.27752312,-1.33147601,0.06763,0.06838,2.84,0.7617,104.51,10.61,0
41274,185.12046738,-0.68816312,0.07276,0.07401,2.27,0.1289,102.75,10.58,0
386137,129.58423095,2.07766445,0.11055,0.11161,3.06,0.0556,172.16,11.06,0
186539,184.93259542,-1.55749099,0.08799,0.08927,3.63,0.3837,88.12,10.58,0
78018,215.68155499,0.13233423,0.05416,0.05503,29.87,0.8299,150.20001,9.6,1
290363,185.74987169,1.84986192,0.07519,0.07643,1.84,0.3313,168.27,10.36,0
70187,179.003294,0.00369998,0.10616,0.10749,4.5,0.0408,70.62,11.29,0
240429,222.42843885,1.4245856,0.11287,0.11366,4.09,0.2582,146.53,11.11,0
380620,129.42704714,1.69318254,0.05934,0.06035,90.66,0.6395,119.53,10.49,1
145247,183.68234552,-1.3812243,0.0755,0.07677,1.64,0.2503,179.78,10.37,0
230836,181.22197855,1.94227769,0.01914,0.021,7.39,0.1619,100.2,10.03,0
376247,132.68647215,1.32871322,0.04222,0.04325,5.07,0.1713,121.7,10.71,0
30821,176.99889858,-1.10586769,0.09399,0.09531,5.28,0.2668,113.229996,11.0,0
39712,177.96879119,-0.73067007,0.10575,0.10708,5.64,0.2995,149.34,11.47,0
299089,223.29633075,1.31983913,0.08751,0.08826,1.74,0.5633,140.69,10.63,0
64045,218.01800975,-0.3161747,0.10473,0.1056,4.7,0.3378,158.31999,10.97,0
137630,178.94416915,-1.73481311,0.0815,0.0828,2.13,0.2257,87.119995,10.46,0
601325,139.39644704,0.32514407,0.05477,0.0559,4.01,0.2528,74.22,10.62,0
618908,217.36520338,0.37674537,0.08697,0.08783,2.67,0.2051,103.86,10.38,0
14814,212.93156902,0.72074359,0.02492,0.02584,4.51,0.2959,99.259995,10.02,3
568545,215.49597208,-0.59034798,0.05117,0.05204,1.4,0.4842,152.31,10.38,0
177423,176.68466821,-1.89475423,0.02751,0.02876,12.48,0.4122,84.29001,10.39,0
273546,184.08373338,1.27887481,0.07458,0.07584,3.79,0.4707,116.68,10.76,0
3622141,129.78337748,-0.78141814,0.05086,0.05187,,,,9.99,1
3626507,134.00846597,-0.78930472,0.05108,0.05215,,,,9.95,0
3631885,137.79858439,-0.9794785,0.03939,0.04049,,,,10.0,0
3904357,134.14079888,-0.98217684,0.07683,0.07792,,,,10.49,0
177604,177.20118034,-1.88437165,0.09418,0.0955,4.19,0.3283,167.64001,11.17,0
238498,214.48637484,1.72080914,0.08299,0.0839,5.11,0.3193,72.31999,10.71,0
106042,214.56213817,0.89109004,0.02597,0.02683,13.74,0.2003,111.86,10.14,0
325409,140.30878087,1.78312772,0.05293,0.05406,3.61,0.8611,155.26999,9.41,0
601102,138.57992351,0.38487442,0.0528,0.05392,3.53,0.7017,129.87,10.35,0
36880,211.8418988,-1.09638366,0.05509,0.05602,6.29,0.4205,157.73001,10.8,0
492351,216.16534664,-1.48989221,0.08304,0.08393,5.09,0.0792,1.8899994,10.67,0
560119,179.29427837,-0.51552487,0.08335,0.08465,1.75,0.4998,102.08,10.44,0
534793,175.06072096,-0.92709228,0.02846,0.02971,0.8,0.212,89.22,8.35,0
486321,219.58295057,-1.81238654,0.10552,0.10636,6.24,0.3174,64.66,11.08,0
543566,211.96062673,-0.87624591,0.05665,0.05758,1.21,0.3635,83.649994,9.42,0
463148,211.68702632,-1.33977224,0.05371,0.05464,2.45,0.1325,172.45001,10.02,0
509885,223.22122348,-1.52317982,0.07737,0.07812,3.32,0.5671,62.589996,10.74,0
600882,137.88052466,0.40190318,0.05419,0.0553,1.4,0.3613,8.0,10.28,0
204983,140.30728014,-0.23044183,0.05494,0.05608,4.83,0.4167,140.67,10.52,0
231509,184.17067384,1.92159273,0.07484,0.07609,5.25,0.6594,141.61,10.51,0
41055,184.17763079,-0.79651401,0.07186,0.07312,6.28,0.5253,99.95,10.63,0
273837,185.42081246,1.3834998,0.07889,0.08014,3.72,0.8236,158.94,10.86,0
486594,220.43486253,-1.80701119,0.00578,0.00686,25.18,0.4284,104.57,8.73,0
48040,215.52467703,-0.66928292,0.05494,0.05581,5.69,0.3217,143.91,10.59,0
321301,222.52544802,1.71546909,0.04457,0.04531,5.26,0.5582,45.47,10.34,0
238278,213.79343181,1.59178647,0.0545,0.05539,2.17,0.3094,93.13,9.91,0
79055,219.90573591,0.12306549,0.05144,0.05223,5.57,0.5,41.449997,10.48,0
137841,179.87503948,-1.84909102,0.02101,0.02264,1.68,0.3017,113.25,8.9,0
289297,181.85729699,1.74153724,0.07858,0.07985,2.61,0.0692,11.149994,10.34,0
64284,218.9289409,-0.29287412,0.05696,0.05777,0.97,0.6431,170.04,9.63,0
271611,175.07385394,1.3956079,0.07495,0.07625,2.56,0.5576,170.09,10.82,0
622497,133.6592996,0.65633961,0.10569,0.1068,2.32,0.3244,48.23999,11.0,0
78971,219.38299911,0.06083652,0.08167,0.08249,2.61,0.647,54.299988,10.52,0
21810,174.20946937,1.13582692,0.07437,0.07567,3.12,0.6122,41.90001,10.51,0
513227,222.52264553,-1.09008289,0.02754,0.02825,5.93,0.5233,158.95001,9.0,1
513331,223.42491866,-1.04138604,0.08308,0.08383,0.99,0.6006,151.29,10.31,0
617943,213.7112128,0.31895671,0.03878,0.03966,2.87,0.5605,45.039993,9.65,0
278493,131.89566141,0.75530874,0.09574,0.09682,3.44,0.431,81.45001,11.08,0
567543,212.08781519,-0.59127809,0.05236,0.05328,2.21,0.5257,130.67,10.32,0
567803,213.22906188,-0.43709521,0.08337,0.0843,0.96,0.3268,99.619995,10.34,0
91589,212.79368649,0.57878925,0.05295,0.05386,8.71,0.5606,149.75,11.06,0
586320,184.57614732,-0.1519689,0.08091,0.08218,3.09,0.4094,174.15,10.54,0
185954,182.5336338,-1.56959235,0.08221,0.08349,2.32,0.602,151.81,10.48,0
383271,140.6817472,2.13325367,0.05366,0.0548,0.33,0.01,163.17,9.57,6
619937,222.23369312,0.28878659,0.05635,0.0571,1.93,0.6098,150.17,9.51,0
137809,179.68943657,-1.80598682,0.0879,0.08921,3.97,0.6844,26.029999,10.73,0
298767,221.66277098,1.25734206,0.04952,0.05028,2.08,0.7653,78.40997,9.4,0
514167,139.72040628,2.67120798,0.04295,0.04406,1.39,0.3544,116.229996,8.89,6
77651,214.13501846,0.07135757,0.05257,0.05346,2.94,0.1587,33.72,9.41,0
388200,139.1442224,2.56819681,0.05451,0.05563,4.29,0.8025,162.06,10.03,0
79209,220.55881654,0.12888519,0.03877,0.03954,1.37,0.6444,34.03,8.91,0
106078,214.60018382,0.97853377,0.02635,0.02721,2.26,0.3663,117.44,8.58,0
601276,139.19383428,0.34199572,0.05741,0.05854,5.68,0.4717,101.9,9.81,0
78792,218.71894873,0.17609087,0.05665,0.05747,5.82,0.3538,72.32001,9.61,0
748907,218.06776215,0.38107539,0.03482,0.03563,6.37,0.6977,22.830002,9.79,3
348116,140.29344703,2.20123436,0.05041,0.05154,7.21,0.8102,159.32,10.61,0
568628,215.83924527,-0.61997371,0.07361,0.07449,3.77,0.7272,169.39,10.54,0
290012,184.2689425,1.71760556,0.07501,0.07626,3.66,0.4143,78.18,11.21,1
64240,218.72583136,-0.3426516,0.00589,0.00711,5.15,0.2999,68.11,7.95,0
205032,140.48620255,-0.26086957,0.06925,0.07041,2.76,0.671,125.880005,10.4,0
205097,140.64299971,-0.39183912,0.05566,0.05681,5.42,0.4611,74.69,10.47,0
593117,215.54899169,-0.13128474,0.054,0.05487,2.93,0.6294,70.97,10.02,0
380631,129.39304675,1.76596666,0.07373,0.07475,5.73,0.2698,148.31,10.79,0
463319,212.37493196,-1.18006127,0.04116,0.04207,3.55,0.4315,127.72,8.82,0
535966,179.88472728,-0.99606079,0.07471,0.076,2.88,0.3908,2.2900085,10.33,0
273309,183.03838927,1.31148674,0.02021,0.02193,7.77,0.1146,6.470001,9.24,0
98990,180.74843737,0.86468016,0.07858,0.07986,3.86,0.1634,111.84999,10.48,0
543807,213.03390034,-1.00500694,0.07707,0.078,3.67,0.3854,95.93,10.31,0
7130,175.80964903,0.76311179,0.07563,0.07693,2.06,0.5305,132.63,11.51,1
505947,222.36904731,-1.88390585,0.03503,0.03577,2.09,0.5464,156.4,8.84,0
143746,177.35542781,-1.38160529,0.08064,0.08195,4.14,0.7718,145.03,10.66,0
107301,219.39272331,0.91937971,0.07867,0.07949,2.46,0.5003,155.06,10.46,0
402544,175.82553928,1.95223328,0.0754,0.07669,5.13,0.1761,128.39,10.68,0
32322,184.34668635,-1.0937702,0.02056,0.02224,8.82,0.146,126.45,8.74,0
79690,222.71231211,0.09259411,0.04405,0.04479,3.63,0.515,151.73001,9.51,0
386431,132.18219539,2.25849674,0.02875,0.02975,2.33,0.595,76.69,8.48,0
574104,131.41200581,-0.1031335,0.05233,0.05336,6.25,0.6203,58.139984,10.33,0
49855,222.9244062,-0.76151839,0.04381,0.04454,1.58,0.419,54.199997,8.73,0
144118,178.90050194,-1.40137059,0.07645,0.07774,3.88,0.6641,103.649994,10.64,0
231419,183.62773925,1.95279013,0.07906,0.08032,3.43,0.6811,141.33,10.54,0
584471,179.50243536,-0.20592661,0.10725,0.10858,5.75,0.2726,9.07,11.12,0
485046,213.78632379,-1.81109146,0.04791,0.04881,9.3,0.4219,142.65,10.08,0
521768,131.07263022,2.88117438,0.05046,0.05148,4.3,0.2182,77.44,10.19,0
93259,219.77976984,0.50863301,0.03341,0.03419,9.38,0.3018,27.880005,9.75,0
347470,137.86474231,2.2372069,0.05559,0.0567,3.21,0.7244,35.059998,10.36,0
278684,133.13103035,0.85356802,0.01092,0.01161,1.96,0.2016,101.38999,8.09,0
508310,216.66245753,-1.59509919,0.05631,0.05717,0.99,0.0438,155.13,9.54,0
48001,215.3719756,-0.79750848,0.08448,0.08538,3.18,0.3413,108.28,10.47,0
215335,133.64389248,0.48504002,0.05318,0.05424,3.34,0.4805,71.17999,10.09,0
376187,132.39555282,1.43680299,0.0874,0.08848,4.81,0.6599,150.68,10.67,0
388158,138.95688746,2.42643767,0.09176,0.09292,2.21,0.1707,140.56,10.44,0
517211,131.34479878,2.52395232,0.0764,0.07745,3.95,0.5747,137.25,10.79,0
177480,176.90503963,-1.85195223,0.09206,0.09338,3.08,0.8133,152.56,10.51,0
62667,213.5764168,-0.24444443,0.03824,0.03913,0.91,0.3826,161.38,9.7,1
486927,222.15981608,-1.61593824,0.04246,0.04321,1.42,0.159,12.119995,8.96,0
537467,185.38202524,-0.85271616,0.04022,0.04143,2.61,0.1196,152.34,10.79,0
380624,129.29494123,1.72342342,0.10442,0.10547,2.9,0.4265,161.48999,11.48,1
228570,217.75731914,1.2428516,0.02618,0.02698,7.51,0.1209,6.800003,10.13,0
49173,219.98434913,-0.74413673,0.00584,0.00699,9.04,0.5068,76.47998,7.95,0
239109,216.54178891,1.60488788,0.08535,0.08622,6.41,0.4547,70.01999,11.12,0
319295,214.0177418,1.8120863,0.05486,0.05575,0.96,0.2182,178.76001,9.46,0
324753,137.11754899,1.87918343,0.03901,0.04009,1.77,0.5477,131.45,8.65,0
209214,132.34627958,0.19295441,0.05298,0.05402,1.62,0.7019,2.4400024,9.65,1
64127,218.30260042,-0.25918794,0.03011,0.03091,3.56,0.5873,38.47,8.88,0
599873,132.83514444,0.37266322,0.0363,0.03733,2.01,0.6834,140.31,9.0,0
227079,211.92355196,1.3731198,0.02492,0.02586,4.34,0.7148,45.429993,8.5,0
184015,174.55786515,-1.60202731,0.07849,0.0798,5.16,0.7007,104.52,10.53,0
372926,138.29193898,1.15636082,0.05498,0.0561,2.22,0.0967,93.76,9.71,0
79670,222.60204552,0.10402328,0.04158,0.04232,3.11,0.7334,68.33,9.45,0
7913,179.74539387,0.77565205,0.07594,0.07722,2.95,0.0991,78.48001,10.43,0
487027,222.67910912,-1.71488347,0.02645,0.02715,6.22,0.35,78.5,10.09,0
77304,212.89352165,0.16619289,0.05299,0.0539,4.74,0.4324,101.05,9.75,0
611461,184.93093281,0.37323217,0.08271,0.08397,6.17,0.8241,121.37,10.54,0
55905,183.7988211,-0.40010461,0.02093,0.02256,8.42,0.5304,34.089996,8.9,0
319953,216.26596063,1.78321677,0.03567,0.03651,3.57,0.1267,159.81,8.92,0
78078,215.75109791,0.0444829,0.07892,0.07981,3.42,0.3711,125.72,10.38,0
273038,181.87112427,1.38254112,0.04839,0.04963,4.8,0.3732,118.5,9.87,0
15958,217.32142673,0.69730787,0.05593,0.05677,4.54,0.2696,159.19,9.92,0
611223,183.97681836,0.26494592,0.04079,0.04201,1.41,0.4514,141.58,9.11,0
186861,185.98719089,-1.49972208,0.02509,0.02636,7.56,0.7776,59.740005,8.88,0
492957,218.99465123,-1.28708187,0.05645,0.05727,4.38,0.4894,62.22,9.6,0
536401,182.19685401,-1.03811341,0.05105,0.0523,3.31,0.2272,61.15,9.87,0
595088,223.42668937,-0.01272791,0.04304,0.04376,3.73,0.4325,151.89,9.72,0
39539,177.36488481,-0.80120041,0.08071,0.08201,5.96,0.5534,22.660004,10.44,0
22839,179.2426978,1.1480091,0.0392,0.04044,4.39,0.6812,45.75,9.37,0
273750,185.18526162,1.36566657,0.03249,0.03369,4.67,0.6075,26.619995,9.12,0
509576,221.97271945,-1.37672719,0.0267,0.02742,4.68,0.3205,116.009995,8.26,0
574905,137.6877697,-0.10425523,0.04815,0.04926,8.06,0.8635,45.40001,9.82,0
376712,134.73996359,1.42472599,0.05375,0.05482,6.4,0.6798,133.68,9.76,0
593356,216.31122956,-0.03806148,0.03197,0.03281,3.36,0.513,157.56,8.63,0
299022,222.8976973,1.24627955,0.04308,0.04381,4.07,0.485,21.180008,8.83,0
41302,185.3985672,-0.70289815,0.03994,0.04115,2.58,0.6102,26.019989,9.76,0
106717,217.01888659,1.00630549,0.02564,0.02646,5.23,0.2961,113.34,10.19,0
47652,213.60344456,-0.82934123,0.03962,0.04051,3.04,0.143,17.14,9.43,0
209917,135.60933006,0.06524969,0.04054,0.04161,3.28,0.6168,140.2,8.66,0
298601,220.70679653,1.22565939,0.03266,0.03342,3.24,0.4723,6.6799927,8.92,0
381904,134.42087648,1.85710693,0.03483,0.03588,2.23,0.6221,61.429993,8.75,1
575579,140.57272926,-0.1925925,0.05298,0.05412,1.79,0.6757,73.42,10.13,0
239415,217.62485735,1.64613154,0.05153,0.05236,3.94,0.6574,33.92,9.89,0
238446,214.30869766,1.74812748,0.07689,0.07779,3.47,0.823,147.01,10.4,1
229461,222.9199726,1.10904825,0.03948,0.04021,1.7,0.0979,74.350006,9.03,0
548914,129.59523495,-0.44538265,0.08541,0.08645,3.93,0.5971,39.680008,10.7,0
485690,217.0190744,-1.83175578,0.05425,0.0551,9.03,0.844,79.349976,10.18,0
535667,178.99671206,-1.00028016,0.03649,0.03774,1.88,0.084,38.09001,9.53,0
229167,220.78246138,1.10002105,0.03391,0.03467,7.09,0.7033,15.75,10.2,0
31509,179.97080528,-1.08987299,0.02604,0.0273,4.82,0.8059,78.17001,8.44,0
296713,212.86734689,1.43896102,0.02545,0.02636,1.78,0.2809,6.919998,8.32,0
93823,222.52026775,0.59331282,0.03881,0.03954,3.62,0.2133,89.17999,8.81,0
21953,175.07726884,1.07610358,0.07691,0.07821,2.87,0.3709,78.57001,10.79,0
296639,212.67738246,1.40806629,0.04645,0.04735,3.07,0.1792,47.36,10.22,0
91695,213.06531449,0.52319072,0.05314,0.05405,4.97,0.5362,117.86,9.56,0
22356,177.26653378,1.07952805,0.04761,0.04887,4.45,0.3723,134.7,9.45,0
228432,217.38574581,1.11738209,0.02975,0.03057,4.42,0.7468,38.619995,9.4,0
319049,213.41656414,1.78299755,0.05363,0.05453,4.52,0.7866,107.83,10.04,0
220383,181.20300479,1.646487,0.01836,0.02032,3.1,0.6042,110.5,8.5,0
508110,215.96866913,-1.61894901,0.056,0.05687,1.59,0.4578,113.649994,9.88,0
40871,183.43852735,-0.83456296,0.05081,0.05205,3.42,0.622,37.520004,9.81,0
91579,212.73265135,0.54077738,0.0404,0.0413,3.3,0.4932,36.64,9.57,0
534710,174.72129188,-0.94257797,0.02698,0.02824,2.69,0.5322,29.419998,9.13,0
47862,214.5405562,-0.78502864,0.05031,0.05119,6.19,0.1881,43.23001,9.55,0
594935,222.61498228,-0.05377576,0.04344,0.04418,4.27,0.399,131.57,9.73,1
143429,175.97818762,-1.26128849,0.07679,0.0781,4.28,0.377,105.2,10.4,0
205166,140.7075337,-0.27456318,0.055,0.05615,1.83,0.3588,51.770004,9.84,0
536173,180.92864761,-0.9920858,0.04071,0.04195,1.34,0.1845,148.92,9.05,0
323224,130.9870486,1.58429284,0.0135,0.01405,3.45,0.1121,96.43,8.61,0
79098,220.06365229,0.2067817,0.00624,0.00745,7.31,0.4241,37.729996,8.27,0
509508,221.57129026,-1.5729305,0.05696,0.05773,2.84,0.5801,26.880005,10.3,0
619104,218.11877877,0.29401958,0.00558,0.00681,22.44,0.7754,117.47,9.39,0
227673,214.53595252,1.22411658,0.02572,0.02659,5.59,0.1269,133.71,9.35,0
216848,140.17402558,0.52046668,0.08786,0.08903,5.87,0.6912,41.050003,10.78,0
65410,223.08090459,-0.26920906,0.04359,0.04432,2.17,0.3003,70.92999,10.05,0
618147,214.49096795,0.33876128,0.04843,0.04931,4.6,0.0794,12.679993,9.55,0
381151,131.60281305,1.90562129,0.05019,0.05122,3.07,0.5602,85.390015,9.96,0
23346,181.26088028,1.17656751,0.0657,0.06696,4.01,0.4174,169.07,10.49,0
492883,218.72671632,-1.27168377,0.05612,0.05694,3.17,0.509,10.059998,10.66,0
31520,180.09845444,-1.10010162,0.00477,0.00659,32.69,0.1865,26.25,10.81,4
460374,212.0354322,-1.70231167,0.02495,0.02589,11.4,0.3062,28.809998,10.77,0
279466,137.46093167,0.9884157,0.09321,0.09436,2.04,0.1919,128.48999,10.44,0
30466,175.39229905,-1.20263975,0.07762,0.07893,2.45,0.2748,96.76,10.85,0
9323,185.91883847,0.72913466,0.07288,0.07412,3.4,0.467,43.899994,10.42,0
202399,129.45734504,-0.2516077,0.05184,0.05285,5.0,0.3089,148.42,10.95,0
617665,212.78124351,0.28610465,0.03986,0.04076,1.12,0.2881,167.76001,9.05,0
99928,185.01198614,0.88242367,0.07707,0.07833,1.92,0.3721,50.20999,10.64,0
550027,133.90442972,-0.46768544,0.10574,0.10686,2.92,0.1236,138.5,11.14,0
185557,180.75342689,-1.6380176,0.01914,0.02103,2.55,0.2395,109.09,9.62,0
279908,139.99871242,0.93095684,0.0173,0.01823,5.39,0.6281,56.23001,10.15,0
184926,178.48080271,-1.46666555,0.07693,0.07823,3.82,0.0285,56.460007,10.9,0
508180,216.1556435,-1.63892988,0.05554,0.0564,5.42,0.2984,62.419983,11.06,0
93397,220.24756517,0.56158043,0.10875,0.10958,3.47,0.0173,64.94,11.11,0
79444,221.37368885,0.13027051,0.03765,0.03841,4.61,0.4253,18.330002,9.21,0
513228,222.42376298,-1.05777595,0.04335,0.04409,3.56,0.6212,49.39,10.45,0
41104,184.33702268,-0.80858884,0.0713,0.07256,2.25,0.6115,159.70999,10.67,0
505397,219.69034384,-1.91699412,0.05731,0.05812,6.24,0.4874,77.32999,11.04,0
610386,180.00000646,0.41488624,0.08581,0.08711,3.29,0.1066,141.59,10.79,0
619148,218.37675508,0.29223371,0.07873,0.07957,4.33,0.6841,172.18,10.57,0
601575,140.53060798,0.39903472,0.06057,0.06172,2.94,0.2552,81.22998,10.37,0
381229,131.81455082,1.89556314,0.04999,0.05102,4.3,0.1838,149.39,10.49,0
377262,136.96762592,1.49566515,0.10271,0.10386,4.87,0.1109,49.61,11.25,0
508478,217.17186139,-1.56832608,0.05586,0.05671,3.13,0.3644,68.33,10.32,0
505599,220.67285512,-1.86033791,0.08322,0.08403,4.23,0.2187,33.020004,10.74,0
62323,212.39099613,-0.29083697,0.07043,0.07137,1.86,0.3946,76.109985,10.41,0
536962,183.52051198,-0.89410391,0.0815,0.08278,3.72,0.1117,131.70999,11.08,0
239561,218.22153118,1.54002637,0.11271,0.11357,3.49,0.1971,32.420013,11.26,0
41180,184.53027125,-0.74739265,0.08444,0.08571,1.81,0.3112,129.15,10.47,0
376066,131.83975487,1.37989754,0.09485,0.09593,2.99,0.1662,91.78,10.95,0
569057,217.42176393,-0.52999975,0.08558,0.08644,2.86,0.0327,101.31,10.54,0
23082,180.21030428,1.15764677,0.07855,0.07983,3.05,0.087,110.74,11.08,0
272285,178.70360148,1.31555674,0.08963,0.09093,4.28,0.3644,48.33,10.82,0
376679,134.64993531,1.53042167,0.10677,0.10789,5.81,0.3931,95.50001,11.09,0
287690,174.43517033,1.70986606,0.09374,0.09506,2.5,0.4698,125.37,10.94,0
396890,175.45111233,1.52644353,0.10919,0.11053,6.42,0.4658,149.78,10.97,1
231528,184.20647152,1.90790595,0.07722,0.07848,13.29,0.2746,91.37,10.96,0
373122,139.58157213,1.19546858,0.08669,0.08785,,,,10.55,1
751043,182.83896619,1.06356593,0.047,0.04823,,,,10.07,0
3625080,132.78086607,-0.84048755,0.07762,0.0787,,,,10.43,0
537368,184.9937783,-0.90185477,0.0399,0.04112,1.27,0.1371,171.51,8.86,0
319337,214.17619858,1.93276309,0.05228,0.05316,1.63,0.6322,18.380005,9.92,0
32202,183.90190288,-1.17398194,0.07561,0.07688,3.25,0.7421,58.179993,10.76,0
287834,175.2940539,1.66427033,0.07652,0.07782,3.04,0.6655,155.56,10.51,0
463264,212.3346292,-1.26706084,0.04133,0.04224,4.24,0.6141,83.97998,9.81,0
543547,211.93707624,-0.93071006,0.05348,0.05441,1.53,0.6155,115.26,9.63,0
609571,176.24825782,0.33719564,0.02828,0.02952,4.88,0.4623,5.9799957,9.52,0
610619,180.98397329,0.3339342,0.08318,0.08447,2.67,0.3497,44.880005,10.5,0
371889,133.29828633,0.92627408,0.05898,0.06004,4.85,0.7229,73.43001,10.96,0
486276,219.30350852,-1.84533521,0.05744,0.05825,2.7,0.5481,132.78,10.37,0
186059,182.84051348,-1.48360441,0.08127,0.08255,1.04,0.4743,174.33002,10.31,0
382563,137.37936956,2.06634903,0.02396,0.02488,2.08,0.1319,105.85,9.85,0
386720,133.70923962,2.20232633,0.05831,0.05937,5.81,0.5229,58.29001,10.89,0
39365,176.67951014,-0.67833864,0.01856,0.0205,2.96,0.5468,163.23999,9.18,0
210228,137.12630224,0.20569385,0.05143,0.05253,3.27,0.7254,157.36002,10.68,0
279877,139.81218862,1.07662198,0.08684,0.08801,3.22,0.1612,51.950005,10.89,0
23865,183.40604917,1.06396007,0.00494,0.00695,15.96,0.6165,117.21,7.88,0
240202,221.12827673,1.52201141,0.00475,0.00576,10.75,0.2089,159.04999,8.66,0
53770,175.0551423,-0.41172485,0.02205,0.02356,1.88,0.456,88.05999,9.05,0
318840,212.70132478,1.91194715,0.08503,0.08597,2.66,0.3701,106.049995,10.89,0
318612,211.67764754,1.91451556,0.04721,0.04813,1.54,0.608,167.89001,10.68,1
508412,217.04177091,-1.67681593,0.03049,0.03132,4.06,0.5811,17.929993,10.0,0
484729,212.37016458,-1.90639714,0.02957,0.03047,14.35,0.6602,135.85,10.61,0
346839,135.23069329,2.22819313,0.05856,0.05964,2.2,0.5948,179.6,10.39,0
319333,214.14756312,1.91201854,0.0847,0.08561,4.37,0.5216,127.90001,10.56,0
138828,184.34404275,-1.69289083,0.06942,0.07068,2.66,0.2597,134.65,10.75,0
300619,130.25906398,1.08422217,0.08564,0.08669,4.25,0.6929,119.97,10.81,0
298907,222.23429947,1.20211211,0.0871,0.08787,1.14,0.5775,147.19,10.51,0
184265,175.81566919,-1.45156887,0.1058,0.10714,3.66,0.372,96.49999,10.92,0
396621,174.37934232,1.49011388,0.0462,0.04747,2.93,0.2826,87.53001,10.48,0
575412,139.79707513,-0.12729486,0.05487,0.05601,1.17,0.3861,111.46001,9.77,0
575411,139.77206403,-0.18621169,0.05628,0.05742,1.73,0.4274,127.46,9.6,0
179187,183.68993299,-1.94279371,0.07578,0.07705,2.09,0.6394,97.74,10.6,0
599076,130.01441308,0.36662827,0.0774,0.07844,1.9,0.4718,121.350006,10.49,0
508671,217.85067408,-1.64669789,0.09313,0.094,1.1,0.3486,50.800003,10.32,0
493838,222.60394384,-1.19465259,0.04321,0.04395,2.25,0.3782,28.919998,10.4,0
272817,180.93562327,1.32164668,0.08361,0.0849,3.93,0.6057,87.869995,10.38,1
84209,176.63164942,0.42550114,0.10398,0.10531,3.06,0.1226,131.81,11.06,0
84861,179.97862018,0.61694503,0.10668,0.108,3.1,0.1877,107.53,11.14,0
618930,217.41311753,0.37773579,0.05563,0.05647,1.33,0.3011,117.240005,10.49,0
323575,132.25577133,1.5739509,0.04331,0.04434,6.43,0.9007,16.520004,9.6,0
79693,222.72741926,0.02766595,0.0431,0.04384,4.4,0.7099,15.0,10.07,0
7202,176.10135723,0.75820074,0.07914,0.08044,0.87,0.535,108.490005,10.43,1
230174,178.74752807,1.85812136,0.02076,0.0224,3.9,0.1867,109.97,8.48,0
346475,133.84667065,2.1913191,0.05153,0.05259,6.07,0.8368,112.87999,9.89,0
567736,213.05272748,-0.61270201,0.02505,0.02597,3.29,0.4719,168.18,8.69,0
504728,217.05458239,-1.92951376,0.05413,0.05498,2.58,0.2048,15.979996,9.53,1
560718,181.33290147,-0.48020161,0.00481,0.0067,3.56,0.1391,52.37999,7.76,0
594967,222.75896089,-0.13985383,0.04155,0.04228,2.18,0.4737,40.059998,9.02,0
572404,134.4485378,-0.15453354,0.02821,0.02923,4.15,0.2742,163.09,8.36,1
85474,182.56935892,0.62658322,0.02069,0.02235,9.73,0.7406,61.26999,10.0,0
301346,133.52458939,1.19185948,0.04407,0.04512,3.44,0.4617,68.75,10.16,0
41232,184.68640456,-0.81827851,0.03461,0.03582,1.5,0.2837,78.380005,9.57,1
382768,138.26594192,2.02070131,0.01253,0.01343,3.29,0.2792,85.54001,8.21,0
592593,213.52476851,-0.00301091,0.03876,0.03965,4.16,0.7712,21.100006,8.94,0
186717,185.58326114,-1.48783006,0.03361,0.03482,3.08,0.2348,138.98001,8.93,0
492414,216.50319504,-1.41179581,0.05494,0.0558,4.4,0.0237,160.11,10.1,0
382731,138.20428397,1.97904504,0.05559,0.0567,9.26,0.7422,158.07,10.61,0
594674,221.02720314444443,-0.0058916,0.0343,0.03506,3.74,0.1793,122.31999,9.15,5
320254,217.53494167,1.6896012,0.03396,0.03477,3.22,0.5603,53.23001,9.29,0
239292,217.19993103,1.69292605,0.04823,0.04906,1.92,0.4923,70.380005,10.0,0
203128,132.63724349,-0.40780794,0.03743,0.03846,1.62,0.5569,101.32,8.62,0
208490,129.16188467,0.16914282,0.05151,0.05251,6.12,0.4857,168.26,9.71,0
99430,182.78306911,0.95687083,0.02081,0.02245,3.16,0.5847,115.880005,9.2,0
209279,132.57563057,0.05941447,0.03681,0.03784,4.92,0.5065,58.42,9.41,0
70638,180.74096266,0.05994851,0.07984,0.08113,4.79,0.6571,11.459991,10.65,0
203998,136.14022809,-0.31480977,0.02758,0.02861,2.63,0.0949,98.93,8.93,0
593680,217.44190016,-0.15238661,0.03,0.03082,11.53,0.841,114.840004,10.41,0
371261,130.74974765,0.87614644,0.01348,0.01404,4.03,0.6482,178.95999,8.15,1
77215,212.27569283,0.18879997,0.05384,0.05476,3.22,0.2664,80.20001,9.93,0
39145,175.43607365,-0.68800248,0.05015,0.05142,2.0,0.2429,12.839996,10.2,0
16863,220.69559745,0.66173095,0.00607,0.00726,17.01,0.7749,67.369995,8.67,0
623104,136.98087292,0.83429895,0.05257,0.05367,5.03,0.1737,129.16,9.51,0
238360,214.01850309,1.74886286,0.05568,0.05657,4.38,0.7005,49.130005,10.15,0
575500,140.18236176,-0.02277895,0.08701,0.08818,2.58,0.255,155.02,10.5,0
240352,222.04373657,1.36720303,0.02884,0.02957,3.68,0.8012,66.70999,9.86,0
47856,214.56674052,-0.73935028,0.04984,0.05072,4.22,0.7268,82.07001,9.97,0
463668,214.02192132,-1.26039627,0.04988,0.05077,5.89,0.2543,165.13,10.98,0
300368,129.20683191,1.05759585,0.03817,0.03916,0.92,0.3126,162.29001,9.08,6
567598,212.43417428,-0.44839094,0.05433,0.05525,4.83,0.5917,117.45999,10.67,0
83834,174.4335773,0.50241196,0.02671,0.02797,6.76,0.805,0.13999939,8.33,0
69620,175.72472733,0.16188838,0.01843,0.02037,4.45,0.2507,34.89,9.3,0
463119,211.54914668,-1.22789085,0.05344,0.05438,4.29,0.2715,18.76001,10.28,0
460780,213.81843256,-1.7203289,0.04841,0.04931,6.79,0.4255,162.26001,9.7,0
417451,131.1376293,2.28057653,0.05133,0.05235,1.06,0.2088,64.630005,9.46,0
298190,218.65780173,1.287341,0.02871,0.0295,5.45,0.3199,86.78,8.28,0
346718,134.86958334,2.06156889,0.05717,0.05824,1.4,0.192,37.819992,9.46,0
62800,213.77019896,-0.24622025,0.03866,0.03955,12.55,0.5449,95.189995,9.45,0
423270,134.71348341,2.91304691,0.05458,0.05565,7.15,0.7582,13.910004,10.63,0
386547,132.93695907,2.20244465,0.10796,0.10906,3.09,0.0307,119.770004,11.62,1
320035,216.74347652,1.7668941,0.08611,0.08698,4.89,0.7421,46.28,10.52,0
49182,219.90497483,-0.77036798,0.07204,0.07285,2.1,0.5016,102.75,10.54,1
250236,214.33006852,1.98717526,0.05563,0.05651,1.27,0.5654,121.08,9.55,0
297138,214.75439229,1.41183088,0.05538,0.05626,0.83,0.3244,42.479996,9.88,0
418474,136.36454035,2.49132221,0.03772,0.03879,14.09,0.425,162.68,9.32,1
287824,175.26503292,1.72549415,0.04067,0.04193,4.38,0.2183,26.73999,10.59,0
574008,131.02734909,-0.10349761,0.05121,0.05224,5.44,0.4689,57.300003,10.18,0
583551,175.47167078,-0.16605334,0.03995,0.04121,5.11,0.892,31.190002,8.98,0
229263,221.39772081,1.09317189,0.02645,0.02717,1.96,0.2362,132.91,8.43,0
205163,140.70017734,-0.31063767,0.05811,0.05926,1.61,0.5293,82.57001,9.57,0
273296,182.99771303,1.35003785,0.0209,0.02253,11.16,0.4642,170.81,9.56,0
560758,181.58324817,-0.42997902,0.06318,0.06444,4.84,0.4122,146.23999,10.66,0
77093,211.71694318,1.7618E-4,0.02495,0.02589,4.59,0.1374,14.309998,8.59,0
376546,134.15488576,1.49380536,0.03655,0.0376,3.07,0.2738,153.51,10.31,1
143274,175.09793044,-1.34120647,0.05319,0.05447,7.17,0.1962,93.92,9.99,0
345646,130.40959635,1.96808945,0.0137,0.01422,12.56,0.0753,143.09,8.44,0
145729,185.93636698,-1.30560608,0.03981,0.04102,5.6,0.842,86.640015,10.4,0
144327,179.67496875,-1.31409439,0.07482,0.07611,5.68,0.366,127.490005,10.79,0
85274,181.68290615,0.62359578,0.11158,0.1129,3.42,0.4701,19.440002,11.08,0
561785,184.88550564,-0.62827215,0.06859,0.06984,2.93,0.3139,25.619995,10.48,0
47460,213.06501067,-0.63302264,0.02565,0.02655,10.85,0.7112,86.59,10.46,0
568740,216.24271011,-0.60798341,0.03105,0.03189,2.54,0.2317,31.270004,8.91,0
381217,131.6853346,1.80302351,0.0525,0.05353,0.9,0.4543,14.679993,9.6,0
560799,181.81600231,-0.51788403,0.06301,0.06427,1.31,0.237,122.12,10.39,0
230718,180.98976557,1.96086427,0.0185,0.02044,4.82,0.3568,174.28,9.37,1
239092,216.40870223,1.60042781,0.03861,0.03945,9.75,0.2268,142.5,9.99,0
105733,213.24641531,1.0141001,0.05284,0.05374,1.97,0.0622,29.479996,9.89,0
323505,131.97722421,1.6281822,0.04308,0.04411,9.23,0.8182,102.51,9.97,0
70777,181.38328571,0.03929124,0.02166,0.02321,7.72,0.7311,166.16,8.74,0
298738,221.5933727,1.22840386,0.04959,0.05035,5.2,0.427,3.9299927,10.06,0
184834,178.22265718,-1.44905061,0.01863,0.02058,3.25,0.4582,147.04,8.35,0
177481,176.91005847,-1.92284765,0.02734,0.02859,2.66,0.3012,51.25,8.84,0
544110,214.02532324,-0.93575274,0.04861,0.0495,5.82,0.4648,82.42999,9.84,0
371675,132.440983,1.01053396,0.02897,0.02999,9.6,0.4864,148.49,10.2,1
567750,213.04821477,-0.61606001,0.02624,0.02713,2.86,0.4348,60.08,8.36,0
323874,133.49340667,1.66406714,0.05811,0.05917,3.44,0.0842,147.28,10.56,0
278643,132.90743182,0.82683286,0.03545,0.03648,4.88,0.8342,34.809998,9.14,0
250933,216.53987246,1.98604338,0.02612,0.02694,6.01,0.4581,15.589996,8.79,0
347498,137.91851321,2.2194591,0.05462,0.05573,2.22,0.5247,23.350006,9.54,0
296969,214.15386057,1.4907521,0.10729,0.10822,4.08,0.775,146.13,11.33,1
40283,180.46207293,-0.65541226,0.01945,0.02129,8.05,0.231,121.08,8.9,0
558889,174.39144409,-0.51557731,0.02886,0.03011,5.01,0.325,33.22,9.63,0
63087,214.56874769,-0.37877173,0.03639,0.03726,5.61,0.3525,123.53,9.9,0
592835,214.25931319,-0.16361749,0.05152,0.05241,4.26,0.548,111.69,10.36,0
537163,184.31527006,-0.92657728,0.02051,0.0222,4.98,0.2758,171.70001,8.58,0
422933,133.04219615,2.84024338,0.02903,0.03005,6.38,0.5865,21.419998,10.16,0
99633,183.57606437,1.01817415,0.03663,0.03785,4.46,0.187,108.51,8.68,0
544084,213.89591035,-1.03869099,0.03758,0.03846,6.23,0.4213,26.220001,9.04,0
7793,179.40110815,0.80510709,0.07755,0.07884,4.36,0.7228,162.3,10.59,0
319525,214.79534736,1.85528998,0.0669,0.06779,3.03,0.6856,12.380005,10.38,0
56181,184.83688992,-0.2415394,0.05059,0.05182,1.86,0.1231,83.20999,10.32,0
91963,214.36652643,0.48277548,0.04999,0.05087,7.36,0.2234,127.72,11.04,0
323248,131.03653067,1.54859558,0.06201,0.06304,3.33,0.7216,146.3,10.55,0
382363,136.41153542,2.0214124,0.05131,0.0524,11.39,0.7595,179.9,10.73,0
558980,175.02857358,-0.46584092,0.07562,0.07693,2.43,0.7702,154.14,10.34,0
220839,183.49494754,1.6447951,0.0493,0.05053,4.61,0.5763,130.96,9.72,0
509587,222.02651944,-1.57398894,0.04241,0.04316,2.13,0.2346,90.75,8.8,0
594312,219.6732674,-0.1432383,0.03767,0.03846,1.92,0.5338,87.03,8.92,0
8450,182.42110735,0.65770108,0.02149,0.02305,1.5,0.4168,159.9,9.53,0
9263,185.61150902,0.83796465,0.09878,0.10006,3.05,0.7852,172.8,10.93,0
320273,217.67638524,1.88144948,0.0339,0.03471,9.95,0.2136,0.91000366,10.38,0
185569,180.83365567,-1.57612415,0.02063,0.02231,0.89,0.4387,149.48001,8.24,0
220328,181.06937208,1.54624511,0.02045,0.02213,5.2,0.6185,80.45001,9.8,0
297694,216.86676427,1.33773112,0.02488,0.02572,22.6,0.1365,102.909996,9.11,0
91999,214.50905483444444,0.48422999666666666,0.05281,0.05369,1.26,0.5478,55.759995,10.43,5
560836,182.00910478,-0.43682237,0.0823,0.08358,1.36,0.3381,95.619995,10.52,0
209698,134.6191439,0.02347054,0.02855,0.02959,6.06,0.488,159.72,10.43,0
8011,180.2761653,0.79943117,0.08489,0.08618,1.42,0.4055,90.99,10.45,0
719329,131.4769154,1.07203959,0.03426,0.03527,1.15,0.5658,145.72,10.44,1
371683,132.43161026,1.01138562,0.07025,0.07131,1.67,0.7284,63.809998,10.47,0
273336,183.21714364,1.29968987,0.00411,0.00549,23.43,0.6419,143.2,10.62,0
55143,180.62298164,-0.21242768,0.02045,0.02214,9.23,0.0491,21.049988,11.07,0
622595,134.13627253,0.70578926,0.08755,0.08865,1.15,0.4894,68.59999,10.46,0
375656,130.1564313,1.28263205,0.1118,0.11287,3.33,0.2145,113.59,11.17,0
228105,216.13822121,1.17731892,0.03881,0.03965,12.38,0.1823,34.23999,11.03,0
514218,140.51298619,2.6938978,0.0849,0.08607,2.38,0.5079,36.869995,10.92,0
622788,135.14453058,0.75798331,0.07084,0.07194,2.7,0.4778,136.75,10.73,0
70846,181.76761114,0.18479063,0.09234,0.09364,4.29,0.2961,48.5,10.77,0
319996,216.58880768,1.73275088,0.06751,0.06837,2.26,0.3334,29.820007,10.44,0
279261,136.26636599,0.93342106,0.03639,0.03746,2.2,0.4002,66.240005,9.26,0
64646,219.56876764,-0.34974671,0.03697,0.03776,9.73,0.5144,60.670013,10.83,0
512533,219.14072424,-1.09732465,0.10607,0.10692,2.15,0.1686,42.42,10.98,0
561597,184.21841364,-0.6009829,0.07071,0.07197,1.88,0.289,87.45999,10.42,0
39196,175.82461088,-0.74104474,0.07984,0.08115,2.2,0.1541,95.50001,10.57,0
492486,216.89883491,-1.37261003,0.05541,0.05626,1.1,0.0884,15.68,10.12,0
371220,130.53592528,0.92295985,0.09654,0.0976,3.11,0.1548,174.73,11.27,0
229289,221.62643218,1.10413737,0.0735,0.07427,4.66,0.7655,44.070007,10.8,1
62209,211.79721565,-0.37745758,0.07979,0.08074,3.2,0.5951,122.03999,10.89,0
208563,129.54169928,0.20892264,0.07891,0.07994,7.63,0.1762,75.54001,10.73,0
230567,180.40956494,1.99188263,0.0475,0.04874,5.0,0.3618,7.269989,11.04,0
545311,218.9655775,-0.88869278,0.10558,0.10643,2.38,0.2132,104.85,10.94,0
521926,131.7260364,2.91575423,0.06555,0.06659,5.18,0.4426,178.16,10.52,0
372127,134.53383297,1.10246378,0.07116,0.07225,1.77,0.1359,68.31999,10.56,0
278109,212.8893428,1.1594798,0.02512,0.02603,3.54,0.5195,171.03,10.34,0
365334,139.70918857,2.63766092,0.05665,0.05778,2.62,0.207,91.96,10.4,0
230422,179.78358822,1.9189238,0.07762,0.0789,1.16,0.5758,155.4,10.44,0
346046,132.12090752,2.07601626,0.04292,0.04395,2.63,0.3826,177.76001,10.23,0
91568,212.75914697,0.60849331,0.02663,0.02752,1.39,0.3219,3.0800018,9.95,0
23619,182.39664405,1.13114534,0.07649,0.07776,3.79,0.624,71.09999,10.98,0
508670,217.84162273,-1.66386108,0.09238,0.09324,3.92,0.2973,88.76,10.81,0
208859,130.58740006,0.16150705,0.07869,0.07974,6.93,0.1357,39.23001,10.87,0
100075,185.44403641,0.91354335,0.04196,0.04317,2.07,0.2165,173.45999,8.78,0
301754,135.14014444,1.36447368,0.07109,0.07218,2.4,0.6548,33.920013,10.54,1
99931,185.02251231,0.95961522,0.08904,0.09031,0.79,0.5899,65.649994,10.38,0
497067,214.28341523,-1.09064778,0.08763,0.08855,2.19,0.3703,139.5,10.37,0
31076,178.36422964,-1.18102425,0.07998,0.08128,7.44,0.4916,5.470001,10.87,1
300657,130.29475654,1.02789844,0.08561,0.08666,2.53,0.063,123.59,10.77,0
536467,182.49745145,-0.89696191,0.07956,0.08084,4.93,0.3602,57.03,10.85,0
517164,131.24677756,2.47634811,0.04962,0.05064,6.76,0.5711,98.2,10.36,0
99933,185.06889612,0.99472305,0.07897,0.08023,1.91,0.2776,157.08,10.43,0
177007,175.21870128,-1.8784945,0.05232,0.0536,1.01,0.3235,16.600006,9.43,0
91545,212.61032387,0.44409159,0.05294,0.05385,1.99,0.0863,40.009995,10.47,0
40568,181.99626943,-0.65506812,0.08272,0.084,4.71,0.7782,136.82,10.63,1
49692,222.04451976,-0.81647814,0.056,0.05676,4.29,0.1174,80.71002,9.49,0
278561,132.41901005,0.86788671,0.06578,0.06684,4.71,0.0249,12.669998,10.57,0
77445,213.27491584,0.03486992,0.02617,0.02706,3.2,0.0828,5.529999,8.68,0
7623,178.50899475,0.78528971,0.0518,0.05306,5.22,0.5616,6.200012,9.72,0
508700,217.95354512,-1.49707166,0.09118,0.09204,4.47,0.4471,65.5,10.82,0
92040,214.70433677,0.47499037,0.05267,0.05355,3.35,0.6494,34.160004,9.75,0
559574,177.59939991555555,-0.5280761333333334,0.01277,0.01514,3.3,0.4947,57.399994,8.6,5
345572,129.94168185,1.88494919,0.07354,0.07457,5.29,0.2815,76.020004,10.8,0
396871,175.30842709,1.56305643,0.07693,0.07823,4.7,0.4671,19.440002,10.52,0
17359,223.13698799,0.73654241,0.03258,0.0333,1.54,0.3682,7.5400085,8.75,0
28837,215.4398764,1.06487631,0.05472,0.05559,2.23,0.1157,93.87,9.53,0
144243,179.38726334,-1.32094769,0.0195,0.02133,11.94,0.7328,102.450005,9.06,0
599862,132.74012473,0.23892114,0.04118,0.04222,5.11,0.1388,11.020004,9.04,0
287776,175.01141855,1.83150333,0.04146,0.04272,5.87,0.758,47.84001,8.76,0
543500,211.80974476,-0.95344937,0.05414,0.05507,1.82,0.597,119.06,9.71,0
463265,212.33604022,-1.19191124,0.08317,0.08412,5.99,0.694,114.240005,10.61,0
47257,212.02445526,-0.63886353,0.05356,0.05449,2.79,0.4648,55.309998,9.72,0
204117,136.64255514,-0.25766681,0.08741,0.08854,4.7,0.1873,117.17,11.82,1
8913,184.2203975,0.76586734,0.02878,0.02998,2.79,0.4537,57.149994,8.79,0
40446,181.30676061,-0.75429724,0.08091,0.0822,0.79,0.6157,71.82,10.4,1
485919,217.82584397,-1.81536984,0.05196,0.05279,5.83,0.3585,161.12,10.5,0
79529,221.83670457,0.01074715,0.02337,0.02413,5.68,0.3808,43.930008,8.62,0
492740,218.14103973,-1.43715288,0.08197,0.08282,6.15,0.7766,24.699997,10.65,0
272880,181.13343483,1.37866865,0.04858,0.04982,3.38,0.2718,30.839996,9.72,0
91649,212.94468944,0.43224682,0.05399,0.0549,1.32,0.6744,126.36,9.88,0
220372,181.28939216,1.55928932,0.02132,0.0229,3.84,0.1196,9.51001,9.06,0
423652,136.06589347,2.97038898,0.02685,0.02784,2.09,0.5113,136.62,8.44,0
176934,174.85849572,-1.89367869,0.02189,0.02342,1.35,0.378,97.090004,8.28,0
179111,183.35671122,-1.99925118,0.0679,0.06916,5.36,0.2923,113.29,10.75,0
611629,185.50337831,0.31503508,0.03351,0.03471,1.86,0.3284,140.38,9.46,0
22887,179.40256799,1.14077516,0.03626,0.0375,6.05,0.5442,143.90001,10.47,0
77979,215.59878341,0.18229696,0.02923,0.03008,10.68,0.3618,166.1,9.51,0
15898,217.1874078,0.7114845,0.05679,0.05763,9.85,0.6914,144.72,10.94,0
237628,211.66968106,1.67523786,0.04451,0.04543,6.34,0.428,105.73,9.74,0
69551,175.34227488,0.1274634,0.01756,0.01957,10.34,0.1897,66.990005,8.77,0
30579,176.13124515,-1.18091573,0.07898,0.08029,2.01,0.4186,142.39,10.34,0
63451,215.95389855,-0.24834938,0.08456,0.08545,3.17,0.5141,27.199997,10.48,0
16426,218.71453614,0.69509782,0.03035,0.03114,6.05,0.1361,102.13,9.16,0
387679,137.40770546,2.3783536,0.09213,0.09327,7.15,0.4936,147.20999,10.84,0
512351,218.55193275,-1.1632382,0.0889,0.08975,1.51,0.4171,71.2,10.31,0
418574,136.82889631,2.54986123,0.05171,0.0528,4.32,0.6212,20.51001,10.21,1
376990,136.00426362,1.45808661,0.05347,0.05456,5.07,0.2606,56.54,10.63,0
296940,214.12388596,1.51655667,0.05426,0.05515,1.44,0.5371,71.58,9.44,0
397061,176.49570243,1.58825461,0.07509,0.07638,6.52,0.3165,153.08,10.87,0
600025,133.47867142,0.21554687,0.05091,0.05197,1.18,0.3545,167.68,9.64,0
63210,215.01945868,-0.31480316,0.05142,0.0523,2.58,0.4345,8.869995,10.3,0
297664,216.73487496,1.29856426,0.05526,0.05611,1.83,0.5597,49.73999,9.85,0
279113,135.37841823,0.93940533,0.11369,0.11483,3.31,0.1168,21.82,10.94,0
184368,176.21029598,-1.60132189,0.02843,0.02968,15.25,0.5326,72.17999,10.74,0
543552,211.96105941,-0.95037858,0.05194,0.05287,2.58,0.6763,142.55,10.1,0
537128,184.20670794,-0.92080767,0.07154,0.0728,2.05,0.3895,94.939995,10.31,0
230837,181.2329212,1.90085506,0.0195,0.02131,4.68,0.4072,118.66,9.24,0
623145,137.29379772,0.83701875,0.03954,0.04063,4.93,0.5852,177.98999,8.83,3
37063,216.33927486,-1.04903407,0.05492,0.05578,1.18,0.4035,147.61,9.97,0
371788,132.75409095,1.05664703,0.0708,0.07186,1.89,0.7563,121.270004,10.64,0
136854,176.2179735,-1.75391556,0.10738,0.10872,6.79,0.2417,4.970001,10.99,0
493411,220.81633653,-1.28405135,0.04117,0.04194,12.91,0.3616,86.350006,9.34,0
513064,221.58594231,-1.08890681,0.02901,0.02975,2.38,0.1769,145.6,8.74,0
239212,216.96228677,1.55965495,0.05485,0.05569,1.52,0.1561,144.11,9.87,0
47686,213.78575584,-0.78300031,0.03811,0.039,8.61,0.2269,104.33,10.01,0
592275,212.3285268,-0.0784632,0.05349,0.05441,2.02,0.5002,36.820007,9.82,0
288756,180.11083889,1.66878678,0.02137,0.02294,2.84,0.2012,78.92001,8.99,0
537361,184.95109817,-0.87544522,0.03964,0.04086,7.28,0.3879,92.66,10.83,0
561725,184.62202196,-0.62122978,0.0798,0.08107,2.61,0.6101,132.17,10.56,0
509940,223.49585464,-1.40264053,0.04035,0.04107,2.79,0.1303,49.140015,10.45,0
238169,213.47791362,1.73103741,0.02592,0.0268,5.69,0.3552,120.6,10.55,0
386240,130.95632123,2.14574154,0.07751,0.07855,2.99,0.4668,77.53998,10.51,0
373374,140.92890539,1.34922625,0.02558,0.02661,7.98,0.179,22.459991,10.89,0
321035,220.74028625,1.75458196,0.03409,0.03485,2.83,0.4167,34.800003,9.83,0
592998,215.02453827,-0.08821907,0.05504,0.05592,2.06,0.5599,169.94,10.47,0
584361,179.08360188,-0.20555324,0.10729,0.10862,6.91,0.1507,55.20999,11.79,0
325320,139.80485013,1.86833496,0.08706,0.08822,1.26,0.3236,12.820007,10.36,0
221432,185.90152138,1.57867958,0.0253,0.02655,24.92,0.7403,6.149994,8.35,0
136362,174.65110458,-1.62057036,0.07578,0.07709,4.36,0.1031,74.98001,10.86,0
534902,175.65254708,-0.99676917,0.10721,0.10855,3.92,0.4134,155.82,11.13,0
592418,212.97276003,-0.05066098,0.05381,0.05472,6.68,0.5755,103.380005,11.05,0
238130,213.37361182,1.58394393,0.09311,0.09404,1.32,0.3477,142.24,10.48,0
383119,139.99478847,2.07735307,0.10717,0.10836,1.88,0.2065,65.84,10.9,0
273838,185.4235396,1.38000354,0.07667,0.07792,1.59,0.2893,160.73999,10.55,0
376802,135.15833847,1.4699678,0.05221,0.05329,10.23,0.01,37.48999,10.95,0
382158,135.53081934,2.03601494,0.0577,0.05878,2.19,0.5848,141.64,10.47,0
48204,216.1942731,-0.81589363,0.03069,0.03153,6.2,0.5254,174.98999,8.84,0
619737,221.21717671,0.36580037,0.03711,0.03787,10.34,0.6545,139.11,10.25,0
623272,138.03333831,0.78489864,0.03918,0.04028,2.9,0.2959,168.42001,10.25,0
63073,214.41225786,-0.33772479,0.03207,0.03294,5.39,0.7327,30.339996,8.93,0
47558,213.302863,-0.75219055,0.06979,0.07071,4.25,0.0825,48.45999,10.72,0
106331,215.5132047,0.86205313,0.03599,0.03684,7.04,0.4376,150.73999,9.61,0
9061,184.82354625,0.82389396,0.0482,0.04942,0.95,0.08,79.889984,9.6,0
380705,129.66141984,1.6817389,0.10426,0.10531,5.3,0.3261,29.470001,11.05,0
486140,218.64123232,-1.78810171,0.05117,0.05199,1.94,0.2458,12.080002,9.87,0
48016,215.48582778,-0.70085917,0.05067,0.05154,4.29,0.7108,22.190002,10.28,0
372599,136.53720829,1.13038699,0.05241,0.0535,2.65,0.7257,62.690002,10.03,0
486164,218.74283004,-1.76154033,0.05162,0.05244,3.2,0.3334,8.5,10.43,0
208666,129.7595837,0.09025245,0.05053,0.05154,1.51,0.6215,80.75,9.49,0
144178,179.18978176,-1.29334088,0.01925,0.02112,9.91,0.6212,122.009995,9.73,0
548784,129.16319031,-0.42485141,0.04043,0.04142,2.44,0.7242,117.58,8.62,0
99795,184.2328058,0.91977084,0.02878,0.02998,3.31,0.0502,98.94,8.95,0
508363,216.86162064,-1.62844406,0.08866,0.08954,2.98,0.7108,111.57,10.35,0
176868,174.43653426,-1.91050007,0.01935,0.02118,1.26,0.2838,133.45,8.49,0
54358,177.71324593,-0.40766177,0.01934,0.02118,4.1,0.5313,176.65,8.97,0
62435,212.84806572,-0.30050955,0.02599,0.02689,2.95,0.1819,40.64,9.0,0
551656,140.93663605,-0.51795001,0.05616,0.05731,5.18,0.3957,23.600006,10.5,0
584013,177.87897771,-0.0777587,0.0477,0.04896,3.59,0.2946,5.0999985,10.46,0
600419,135.47755583,0.24539974,0.0532,0.05428,4.09,0.1012,98.42,9.88,0
618188,214.58718001,0.23556073,0.05438,0.05526,2.12,0.6926,101.69,9.6,0
177297,176.28065436,-1.86604212,0.02497,0.02629,1.44,0.0225,53.0,9.0,0
209876,135.5505184,0.18119752,0.05421,0.0553,1.96,0.3132,144.24,9.42,0
98570,178.68811272,1.03707401,0.03115,0.03238,1.05,0.0663,113.04,9.01,6
402238,174.19762387,1.88320599,0.07348,0.07478,5.88,0.6267,38.369995,10.76,1
70389,179.62314458,0.02510868,0.10842,0.10975,3.43,0.3378,43.100006,12.04,0
85019,180.49063782,0.61337406,0.0786,0.07988,3.75,0.8056,79.52002,10.79,1
593973,218.7131148,-0.17869445,0.04948,0.05029,2.62,0.7361,28.960007,9.44,0
346075,132.27562259,2.01423939,0.02763,0.0286,22.42,0.7461,147.75,10.24,1
85865,184.4465446,0.59752577,0.08248,0.08375,5.72,0.7877,82.51001,10.66,0
517130,130.90756441,2.51521928,0.02617,0.02706,1.4,0.4211,116.05,8.28,0
585581,183.40662026,-0.16366186,0.04159,0.04282,1.79,0.6965,111.06999,9.22,6
419339,139.76539499,2.7560636,0.05341,0.05453,4.81,0.415,66.65001,9.79,0
691143,183.00299159,-0.76756607,0.07189,0.07316,5.74,0.8653,6.550003,10.58,0
508188,216.20790485,-1.67718232,0.05643,0.05729,3.36,0.3785,149.12,9.61,0
558887,174.37404378,-0.47339514,0.02861,0.02986,3.6,0.4045,28.229996,8.83,0
619191,218.47451594,0.41369085,0.03594,0.03674,4.18,0.6856,105.09,8.71,0
64090,218.10622788,-0.35362226,0.08832,0.08917,3.84,0.1405,38.240005,10.39,0
372541,136.23502651,1.16316166,0.02715,0.02816,3.81,0.4769,111.28999,8.86,0
16534,219.13221965,0.66138171,0.05672,0.05753,2.92,0.216,172.83,9.54,0
546074,222.96548342,-0.95542302,0.04339,0.04412,1.63,0.5179,133.53,8.64,0
78406,216.9871444,0.02258596,0.02382,0.02469,5.92,0.1499,29.019989,8.99,0
543462,211.57363301,-1.01661146,0.05488,0.05582,2.83,0.1448,120.02,9.62,0
372745,137.48376208,1.10459046,0.09311,0.09426,2.32,0.4896,175.16,10.38,0
93824,222.48721163,0.57274594,0.03992,0.04066,3.37,0.3506,93.829994,8.91,0
324963,138.03057081,1.9120471,0.0589,0.06001,4.68,0.1552,71.16,10.34,0
184283,175.81111707,-1.56068203,0.04321,0.04448,2.12,0.5473,122.56,8.79,0
594906,222.36207929,-0.16420126,0.04096,0.0417,1.86,0.3057,36.79001,9.77,0
323855,133.41969201,1.56350665,0.04101,0.04205,7.05,0.2075,83.66,10.47,0
214182,129.00224228,0.6229864,0.01281,0.0133,15.97,0.747,87.47,9.53,0
84910,180.1512719,0.46737446,0.02583,0.02709,2.61,0.422,169.18,8.25,0
561195,183.23198451,-0.59975122,0.07507,0.07634,3.8,0.778,10.160004,10.34,0
551617,140.77397161,-0.59706181,0.05652,0.05767,4.99,0.694,51.64,9.97,0
492230,215.4417679,-1.3876286,0.05509,0.05597,3.28,0.3701,64.100006,9.42,0
227962,215.50453579,1.19730715,0.05497,0.05584,2.02,0.1675,61.240005,9.89,0
39594,177.62260606,-0.77124193,0.02681,0.02806,6.2,0.8158,113.4,9.3,0
549180,130.6671153,-0.56315641,0.0305,0.0315,10.17,0.3073,23.309998,10.47,0
324179,134.76492252,1.62823855,0.03363,0.03468,2.12,0.5744,4.0400085,9.08,0
545306,218.90786507,-1.02942212,0.03839,0.03919,4.71,0.1873,3.6899948,9.79,0
388603,140.78384409,2.4860729,0.01735,0.01829,14.29,0.1166,122.06,9.8,0
290052,184.40673432,1.76327869,0.02569,0.02694,3.74,0.1389,33.75,8.35,0
220602,182.3069016,1.6067983,0.04871,0.04995,3.66,0.4856,144.45,9.58,0
69983,177.79220918,0.11444055,0.04688,0.04814,3.81,0.5256,56.0,9.77,0
77615,213.93438568,0.10942796,0.03865,0.03953,3.33,0.5383,30.25,9.0,0
569138,217.78599159,-0.42521534,0.09255,0.09341,2.81,0.6275,22.86,10.48,0
298511,220.11622856,1.28640772,0.0783,0.0791,4.0,0.4355,179.56,10.35,0
137155,177.21879162,-1.8438994,0.0283,0.02954,5.76,0.2156,72.23999,8.39,0
37009,214.4658211,-1.08182757,0.08205,0.08296,1.51,0.765,58.17,10.72,1
85812,184.15921854,0.54507844,0.0787,0.07996,4.62,0.803,16.190002,10.42,0
238211,213.63597383,1.73160035,0.05307,0.05396,3.34,0.0702,45.370003,11.04,0
319754,215.63584328,1.7673721,0.11098,0.11189,2.95,0.736,69.70001,10.94,0
70142,178.70021583,0.03175037,0.10641,0.10774,5.05,0.4932,75.29999,11.18,0
144326,179.68287977,-1.31727003,0.10719,0.10852,2.82,0.3911,127.14,11.12,0
214272,129.577697,0.52156868,0.07453,0.07556,3.14,0.4181,39.310005,10.68,6
84982,180.35650413,0.54534904,0.07772,0.079,2.92,0.1291,55.829987,10.85,0
491454,211.71472572,-1.54076068,0.02952,0.03043,8.6,0.1352,174.04999,10.85,0
22494,177.83799048,1.07341443,0.10583,0.10716,6.85,0.5597,76.67999,10.93,0
318830,212.72824835,1.8707237,0.08504,0.08598,1.86,0.6719,93.95,10.85,0
323854,133.40525485,1.71767566,0.05832,0.05938,4.19,0.4848,58.0,10.71,0
485684,216.92498532,-1.75570917,0.05384,0.05469,4.82,0.1242,64.51999,11.01,0
93019,218.52437811,0.6200882,0.03043,0.03123,13.71,0.2114,66.869995,11.22,0
381979,134.69782009,1.84251457,0.05817,0.05924,6.13,0.4614,87.98999,10.92,0
216219,137.27353807,0.470379,0.09407,0.09522,4.04,0.3313,83.66998,11.09,0
69986,177.8443261,0.11732258,0.04734,0.0486,5.63,0.2152,99.61,10.89,0
231823,185.63656048,1.91485606,0.09089,0.09215,4.88,0.1097,174.47,11.16,1
584998,180.81399233,-0.18870246,0.11084,0.11216,3.29,0.1795,149.17,10.97,0
376633,134.46605841,1.44321458,0.07186,0.07295,3.85,0.2665,34.149994,10.76,1
512313,218.4419121,-1.07229976,0.0817,0.08254,3.06,0.1999,34.53,10.79,0
227617,214.32397858,1.22152981,0.05426,0.05515,4.97,0.1588,79.21999,10.52,0
492941,218.85667048,-1.39906755,0.05574,0.05656,3.45,0.1773,3.600006,10.35,0
210467,138.48371402,0.05958424,0.09256,0.09372,1.98,0.2495,79.899994,10.63,0
527984,140.62888732,-0.85951686,0.05499,0.05614,5.3,0.2569,30.420013,10.79,0
301937,135.65324572,1.32021912,0.09348,0.0946,4.93,0.2975,73.979996,11.04,0
508678,217.89080818,-1.4896492,0.09129,0.09215,1.74,0.441,175.2,10.34,0
144497,180.3771941,-1.43612296,0.0354,0.03664,1.4,0.1173,111.229996,9.28,0
460379,211.94662364,-1.71637209,0.11363,0.11461,3.92,0.2866,15.01001,11.04,0
178580,180.81308709,-1.95678366,0.02124,0.02285,3.63,0.0024,99.48,8.43,0
65140,221.78912642,-0.34465084,0.08491,0.08569,898.63,0.4092,98.08,10.96,1
575265,139.20865494,-0.12125958,0.08775,0.08891,66.69,0.7506,138.68,10.63,1
730031,130.96300518,2.71221573,0.02576,0.02663,,,,10.8,3
3621807,129.36260607,-0.70738396,0.07882,0.07985,,,,10.33,1
3629182,135.96687784,-0.89808621,0.10266,0.1038,,,,11.05,0
3631902,137.89347477,-0.86512905,0.05471,0.05583,,,,10.36,0
84942,180.27372262,0.4597153,0.06174,0.06301,1.96,0.538,159.84,10.51,0
136602,175.87224669,-1.66796358,0.04461,0.04588,8.17,0.2395,170.63,11.37,0
492697,217.89988533,-1.29628003,0.09264,0.0935,6.84,0.4818,27.75,10.64,0
299090,223.31891462,1.13579393,0.0347,0.03542,1.57,0.1785,10.370003,9.45,6
279066,135.13286375,0.9764225,0.01815,0.01887,11.84,0.2765,165.4,8.25,0
319067,213.49765496,1.83180809,0.05333,0.05423,5.17,0.5119,20.98999,10.93,0
97918,175.11689463,1.00641848,0.07461,0.07591,2.56,0.086,121.98,10.66,0
39472,177.09073936,-0.67589884,0.07862,0.07992,1.74,0.3356,45.850006,10.68,0
22881,179.51044499,1.15686789,0.0783,0.07959,13.63,0.8675,58.76001,10.4,1
30820,176.99812344,-1.11001287,0.09512,0.09644,2.84,0.1896,17.690002,11.0,0
382659,137.82883053,2.0190079,0.05545,0.05656,5.28,0.6056,129.51,10.76,0
508705,217.97364515,-1.47555326,0.09115,0.09201,1.64,0.4844,97.979996,10.7,0
322772,129.00577092,1.07603669,0.09248,0.09351,0.82,0.2487,89.61,10.49,0
48681,218.31284355,-0.82461046,0.08893,0.08978,3.15,0.4038,31.26001,11.16,0
208981,131.16683414,0.15245311,0.07673,0.07778,0.91,0.4203,146.25,10.43,0
585211,181.67129866,-0.05956881,0.07793,0.07921,9.24,0.4286,27.699997,11.37,1
24078,184.29584802,1.24743651,0.10877,0.11007,14.09,0.5641,177.28,10.97,1
184232,175.64724453,-1.48694203,0.10806,0.10941,3.13,0.1352,129.47,10.94,0
273654,184.72433477,1.26600787,0.07444,0.07569,8.15,0.3446,26.290009,11.15,0
54201,177.16845356,-0.28619573,0.04739,0.04865,6.07,0.4257,154.77,10.94,0
9062,184.85513709,0.63095782,0.0217,0.02323,4.37,0.6783,166.16,10.23,0
619258,218.99219375,0.4010384,0.05711,0.05792,1.61,0.0775,86.149994,10.07,0
378104,140.61697275,1.67359449,0.0851,0.08627,2.69,0.4593,56.42,10.91,0
584385,179.20853225,-0.16234155,0.10503,0.10635,4.26,0.283,55.300003,11.0,0
319293,214.00746672,1.91659509,0.05426,0.05515,3.17,0.1648,7.169998,10.29,0
618133,214.55054164,0.35887886,0.05342,0.0543,4.8,0.1091,150.29999,10.62,0
238593,214.85974466,1.65995969,0.07643,0.07732,1.99,0.177,105.79,10.9,0
508943,219.04470673,-1.50269181,0.08835,0.08919,2.89,0.4073,122.97,10.58,0
300406,129.40513092,1.07307332,0.05085,0.05185,6.25,0.2164,54.20999,10.92,0
743221,216.28078695,-1.04775347,0.10334,0.10424,1.28,0.2916,15.680008,11.21,1
289102,181.14191145,1.73821018,0.02221,0.02369,6.46,0.2867,111.6,10.14,0
279283,136.53916587,0.9733223,0.10027,0.10141,2.06,0.1937,155.97,11.18,1
534758,174.93342183,-1.02954752,0.07806,0.07937,4.04,0.2152,79.39,11.19,0
186507,184.86536039,-1.53265338,0.08731,0.08858,4.79,0.3217,36.449997,10.63,0
504953,217.93153106,-1.99163782,0.05396,0.05479,7.25,0.0975,84.91,10.48,0
203217,133.08522995,-0.27765907,0.10877,0.10988,4.29,0.1321,3.5899963,10.96,0
137206,177.47663224,-1.64355984,0.08312,0.08443,5.39,0.2849,4.7099915,10.76,0
485660,216.76194461,-1.75558409,0.03996,0.0408,0.58,0.5512,161.22,8.89,1
86270,185.98071787,0.62297979,0.07438,0.07563,5.1,0.2564,96.78,10.37,0
695871,217.15766534,0.55305834,0.00527,0.00651,,,,8.8,0
3626603,134.11688952,-0.92528268,0.05023,0.0513,,,,9.92,1
3630239,136.82912633,-0.86927494,0.05842,0.05953,,,,10.02,0
3895861,129.71822229,-0.84392267,0.10781,0.10887,,,,11.0,0
622487,133.60621121,0.74439111,0.10565,0.10676,,,,11.15,3
623579,139.52751115,0.70709362,0.05778,0.05891,4.59,0.8059,93.909996,9.56,0
422486,131.17992357333333,2.572460492222222,0.02615,0.02704,3.76,0.4249,24.559998,8.78,5
381339,132.2272935,1.93217418,0.03724,0.03826,5.21,0.8226,100.35,8.77,0
40768,183.00309038,-0.76635519,0.07114,0.07241,5.71,0.865,6.5,10.57,3
106507,216.40845775,1.01267038,0.05474,0.05559,5.94,0.7226,28.769989,10.22,0
227961,215.49730676,1.15991779,0.05484,0.05571,6.26,0.8436,63.570007,10.36,0
92743,217.42782771,0.62259815,0.05357,0.05441,3.32,0.819,123.58,9.42,0
583508,175.30472873,-0.20120733,0.02795,0.0292,4.43,0.5041,132.5,8.92,0
92579,216.98933017,0.58893251,0.08441,0.08528,4.59,0.5479,65.92999,10.4,0
505357,219.43212573,-1.89149051,0.05039,0.05119,1.86,0.3305,27.839996,9.66,1
144567,180.62073568,-1.40926575,0.03552,0.03676,3.63,0.7555,82.91998,8.73,0
376015,131.61303085,1.39855238,0.03971,0.04073,2.79,0.1901,27.609985,8.76,0
486205,218.88585158,-1.76207608,0.08909,0.08993,4.37,0.365,12.290009,10.64,0
289429,182.30469053,1.83657459,0.01942,0.02124,5.5,0.7816,17.940002,9.04,0
21836,174.4099404,1.08658655,0.02036,0.02203,2.61,0.3219,101.78,8.25,0
320421,218.2305711,1.86919307,0.03002,0.03082,5.51,0.1468,13.150002,9.55,0
550080,134.01264647,-0.4897489,0.00903,0.00977,5.55,0.5118,18.350006,7.92,0
376163,132.2735744,1.50360512,0.04228,0.04331,1.29,0.2113,76.17999,9.09,0
508909,218.91343916,-1.48997974,0.05615,0.05697,2.95,0.6355,55.130005,9.41,0
297557,216.16947533,1.50944992,0.02611,0.02694,2.44,0.6562,23.880005,8.41,0
492092,214.65856673,-1.49910937,0.05475,0.05564,3.39,0.2127,100.759995,9.54,0
569203,218.25366272,-0.48737271,0.02543,0.02623,7.05,0.856,35.380005,8.68,0
508320,216.65218339,-1.51749993,0.09271,0.0936,6.72,0.2854,70.01001,10.58,0
279160,135.78086629,0.85821816,0.01312,0.01392,5.99,0.5717,40.929993,8.06,0
521753,130.858308,2.90583006,0.0261,0.02698,5.82,0.7119,41.679993,9.79,0
239597,218.33996165,1.47706328,0.10971,0.11057,1.95,0.5624,123.630005,11.17,1
545157,218.59071442,-1.00786222,0.02547,0.02626,7.84,0.6955,142.59,9.03,0
106376,215.81120597,0.97833926,0.0401,0.04095,8.51,0.1453,63.58,10.27,0
240020,220.24439964,1.61366322,0.08404,0.08485,2.51,0.6912,0.70999146,10.43,0
517249,131.55101172,2.41047481,0.0281,0.02907,5.47,0.3849,71.979996,9.4,0
85479,182.68472641,0.62587804,0.02094,0.02257,6.27,0.6758,24.050003,9.37,0
230420,179.73469153,1.86142266,0.0666,0.06787,4.84,0.2532,64.23001,10.66,0
493812,222.52657041,-1.16131383,0.04321,0.04395,4.87,0.4466,163.15,9.54,0
592247,212.17333304,-0.16961424,0.05302,0.05394,6.02,0.7007,157.65,9.61,0
227618,214.33315346,1.17350798,0.05444,0.05533,4.42,0.1551,96.42,10.33,0
238365,214.12843575,1.6629952,0.05495,0.05584,3.29,0.7368,92.479996,9.93,0
586494,185.16542261,-0.02581702,0.02952,0.03072,9.28,0.8249,150.82,9.53,0
144402,179.96119811,-1.38195317,0.03554,0.03678,4.14,0.352,44.770004,10.25,0
619738,221.24610681,0.41082026,0.03374,0.03449,2.98,0.6249,63.15001,10.02,0
535417,177.76474895,-0.93749533,0.03978,0.04103,1.99,0.7207,96.17,9.49,0
610506,180.44048775,0.31733305,0.04653,0.04778,2.69,0.7483,111.96999,9.69,0
492952,218.96809464,-1.27527119,0.05581,0.05663,2.07,0.5778,41.139984,9.54,0
41164,184.47820436,-0.74474582,0.02115,0.02275,6.37,0.4252,122.83,8.42,0
238226,213.67943499,1.64614605,0.0538,0.05469,3.64,0.5458,132.59,9.81,0
372320,135.21266151,1.16109142,0.01944,0.02017,8.74,0.7236,4.7099915,9.05,0
93167,219.25040079,0.56475214,0.03476,0.03555,5.41,0.7405,176.61,9.02,0
202531,130.16601169,-0.41330685,0.05799,0.05901,2.03,0.8441,18.130005,9.86,0
230719,181.02041002,1.97178476,0.0239,0.02525,2.5,0.6001,16.220001,8.75,0
600425,135.52089551,0.40605739,0.05642,0.05751,4.38,0.4796,123.939995,9.94,0
320750,219.37484034,1.69307595,0.05757,0.05837,1.22,0.5477,5.119995,9.41,0
417453,131.18677554,2.2935429,0.04938,0.0504,6.4,0.72,23.339996,10.37,0
186617,185.25580251,-1.52544987,0.08735,0.08862,2.02,0.0093,119.63,11.2,1
205083,140.61090461,-0.34020087,0.07042,0.07158,7.05,0.7598,168.17001,10.54,1
49732,222.30527048,-0.79151582,0.02688,0.02759,1.42,0.4081,154.92,8.3,1
517286,131.58937635,2.51091267,0.02885,0.02985,4.73,0.3269,103.850006,8.55,1
485886,217.75865297,-1.84523728,0.05148,0.05231,1.98,0.3839,89.13,9.83,0
534885,175.50774685,-1.04622304,0.02726,0.02851,5.41,0.5773,156.33,8.62,0
23498,181.87724958,1.14727146,0.04915,0.05039,1.66,0.2872,61.75,9.75,1
210060,136.40776559,0.0032713,0.01874,0.01952,11.95,0.2126,123.54001,8.98,0
512168,217.92269311,-1.19384839,0.05425,0.05508,2.01,0.3717,164.39,9.59,0
100083,185.53254963,1.03916905,0.07408,0.07533,4.85,0.0709,30.019989,10.84,0
618108,214.33452106,0.4034267,0.04806,0.04894,3.17,0.6894,144.8,10.43,0
543797,212.93951497,-0.90428696,0.05441,0.05532,4.42,0.6242,34.450012,10.52,0
509158,219.95644234,-1.52287924,0.04063,0.04142,3.18,0.6321,29.39,9.32,0
77936,215.45944098,0.01931264,0.09329,0.09419,2.24,0.7762,48.70999,10.36,0
551488,140.49162393,-0.59645587,0.05614,0.05729,5.13,0.1607,32.23999,10.25,0
249824,213.17313261,1.99439077,0.09354,0.09448,2.67,0.5899,154.81,10.65,0
16792,220.13973596,0.63703087,0.05011,0.0509,4.59,0.4166,127.58,10.37,0
92031,214.69447251,0.56068878,0.053,0.05388,1.02,0.2411,40.440002,9.65,1
63885,217.29905363,-0.23756843,0.0345,0.03532,4.08,0.1616,19.230003,9.98,0
77708,214.34239088,0.02369384,0.05349,0.05438,8.01,0.4554,8.869995,11.02,0
319347,214.25924312,1.92324074,0.09171,0.09263,1.28,0.4447,62.450012,10.4,0
522103,132.47987078,2.89814596,0.06024,0.06128,4.15,0.5006,67.20999,10.74,0
492413,216.50310754,-1.41672051,0.05518,0.05604,1.02,0.354,175.36,9.59,0
272488,179.63940534,1.36999894,0.04849,0.04974,2.01,0.1975,45.23999,10.33,0
396801,175.06952064,1.44443121,0.07694,0.07824,2.16,0.0703,93.79,10.59,0
184261,175.86596079,-1.59855439,0.04386,0.04513,4.34,0.1985,122.509995,10.27,1
386618,133.2898186,2.24641727,0.0353,0.03633,2.04,0.392,9.480011,10.6,0
568714,216.15717355,-0.48773244,0.07923,0.08011,2.4,0.1804,154.95,10.65,0
517309,131.72340338,2.50268745,0.02833,0.02931,11.68,0.4673,55.129997,9.83,2
136851,176.20694072,-1.75123239,0.07191,0.07321,1.98,0.0632,63.87999,10.55,0
536963,183.53869379,-0.93859567,0.08293,0.08421,2.57,0.3173,0.63998413,10.92,0
227266,212.85929549,1.28651969,0.02498,0.0259,9.68,0.1132,56.869995,10.96,0
69716,176.23766463,0.06082571,0.09275,0.09407,4.17,0.2925,167.87,11.02,0
289522,182.63703355,1.86239707,0.07699,0.07826,4.51,0.2262,119.56,10.45,0
319768,215.77611627,1.78965366,0.11096,0.11187,5.1,0.3111,47.51999,11.45,0
230898,181.57793379,1.91580561,0.01912,0.02099,3.68,0.5145,62.270004,8.71,0
506060,222.96439232,-1.80677945,0.035,0.03573,5.6,0.3903,42.190002,9.94,1
544258,214.6320204,-0.85680635,0.05023,0.05111,7.39,0.4913,37.429993,10.48,0
491587,212.43300175,-1.57286462,0.07294,0.07388,2.48,0.328,162.79001,10.49,0
544304,214.99922851,-0.99044117,0.08406,0.08497,2.72,0.3566,132.06,11.01,0
23117,180.40771265,1.1979921,0.08191,0.0832,7.31,0.2802,30.600006,11.14,0
230636,180.67599138,1.97680883,0.00666,0.00883,26.32,0.0539,62.589996,10.68,4
509075,219.64113368,-1.45839761,0.05041,0.05121,4.19,0.1136,151.29,10.52,0
272820,180.96505859,1.29506537,0.08315,0.08444,3.11,0.0754,176.87,10.82,0
545454,219.63361356,-0.97227596,0.07206,0.07288,3.75,0.3227,86.26001,10.73,0
177487,176.93396593,-1.8544426,0.10298,0.10432,2.44,0.109,69.899994,10.95,0
143599,176.69714588,-1.32613721,0.08183,0.08314,1.67,0.2002,135.54001,10.43,0
186405,184.38195572,-1.54414832,0.07454,0.0758,1.33,0.2066,139.09999,10.33,0
463228,212.17986016,-1.17970589,0.04743,0.04835,9.08,0.3667,120.39,9.6,0
238212,213.63569528,1.7337626,0.0541,0.05499,2.25,0.0315,169.09,10.9,0
599976,133.29761313,0.33671122,0.10781,0.10892,3.6,0.1452,174.93,11.29,0
548786,129.19895254,-0.49864012,0.08506,0.08609,2.6,0.4381,91.829994,10.32,0
145200,183.38681226,-1.32470196,0.10459,0.10589,3.32,0.2951,122.06,11.12,0
9322,185.91184151333334,0.72570302,0.07453,0.07578,4.18,0.3636,81.38,10.59,5
623689,139.89120962,0.79138353,0.0482,0.04933,1.02,0.2824,42.26001,9.48,6
78966,219.31858464,0.17731686,0.10539,0.10623,4.7,0.1341,11.01001,11.17,0
289197,181.40715582,1.82820675,0.02091,0.02253,15.19,0.5267,170.69,10.66,0
543489,211.79629401,-0.87863989,0.05312,0.05405,5.21,0.0767,168.29,10.93,0
273892,185.58299872,1.33473073,0.07862,0.07987,3.75,0.1836,40.820007,10.74,0
584917,180.54968813,-0.05213294,0.10926,0.11058,2.08,0.2707,88.67999,10.92,0
31912,182.40462574,-1.10063699,0.10015,0.10145,2.82,0.6931,45.86,10.95,0
550754,137.27157974,-0.51444128,0.09335,0.0945,2.07,0.2042,1.0899963,10.84,0
14975,213.57315477,0.67150922,0.11382,0.11477,5.58,0.1354,62.509995,11.5,0
570110,222.03274125,-0.45994644,0.02813,0.02885,1.12,0.4682,34.829994,8.42,0
271455,174.3861515,1.2808676,0.07644,0.07774,5.48,0.6843,11.290009,10.97,0
544428,215.53062009,-0.98761488,0.10152,0.10243,4.47,0.1803,157.32,11.29,0
561691,184.54228014,-0.54941729,0.08066,0.08193,1.74,0.2398,115.94,10.47,0
204490,138.39181624,-0.25265533,0.07023,0.07137,2.45,0.3755,133.32999,10.93,0
198277,138.77628644,-0.71839662,0.05393,0.05506,16.37,0.147,7.5399933,10.87,0
272964,181.50235594,1.42762364,0.07804,0.07932,1.5,0.4614,30.619995,10.34,0
79748,222.89799717,0.09788839,0.06406,0.06481,2.93,0.2269,178.37,10.36,0
521433,129.49247653,2.69915123,0.11088,0.11193,2.91,0.371,67.020004,11.0,0
380980,130.83396811,1.8171518,0.03748,0.03848,1.13,0.1429,118.520004,9.19,6
537365,184.99110773,-0.85600995,0.03993,0.04115,2.42,0.6637,174.76001,10.43,0
419548,140.46724647,2.74929469,0.08425,0.08541,2.22,0.3501,27.100006,10.7,0
22582,178.191957,1.19481093,0.07781,0.0791,3.73,0.1927,134.31,11.06,0
77345,213.0632068,0.05384782,0.05391,0.05482,1.38,0.2854,23.270004,10.15,0
610120,178.79706283,0.34062762,0.08082,0.08212,1.19,0.3348,117.759995,10.55,0
288877,180.49645765,1.68911469,0.07815,0.07943,2.65,0.4978,85.380005,10.79,0
594053,218.99785448,-0.12303721,0.05599,0.0568,2.24,0.1719,55.83,10.54,0
23623,182.42032848,1.17285043,0.07773,0.079,14.6,0.3747,9.950012,11.36,0
78659,218.10825241,0.0575628,0.09297,0.09383,3.02,0.3472,47.960007,10.99,0
69742,176.39498894,0.15240433,0.10566,0.107,4.06,0.0657,86.22,10.92,0
485505,216.11356738,-1.80288695,0.08379,0.08468,3.59,0.0905,5.0700073,10.99,0
372447,135.88748608,1.20883324,0.05797,0.05906,1.2,0.1045,107.259995,9.85,3
536235,181.21979186,-0.98748129,0.08187,0.08316,10.53,0.3859,5.9600067,11.1,0
298086,218.25104446,1.35961706,0.11308,0.11394,5.21,0.2343,116.1,10.95,0
7840,179.60541242,0.70685141,0.04742,0.04867,10.39,0.1893,154.54999,10.61,1
145037,182.50669005,-1.25472567,0.06019,0.06145,2.32,0.6145,159.08,10.32,0
493538,221.51494539,-1.2003341,0.04956,0.05033,124.09,0.7656,176.70999,10.1,1
742632,174.93410356,-1.02979934,0.07919,0.0805,,,,11.2,3
746913,217.44013882,-0.1518728,0.03063,0.03145,,,,9.53,3
3627201,134.47487752,-0.87766896,0.07022,0.07131,,,,11.15,0
508006,215.42815637,-1.67771686,0.10148,0.10239,0.43,0.159,83.07001,11.25,3
28870,217.36258118,1.0496966,0.08656,0.08742,3.44,0.0994,159.3,10.8,0
85984,184.84879053,0.5622024,0.08398,0.08525,2.65,0.436,81.44,10.47,0
505316,219.22591307,-1.88200423,0.05434,0.05515,3.84,0.5247,94.4,10.63,0
93834,222.57940008,0.42005553,0.0347,0.03543,1.26,0.3327,40.22,8.74,0
64171,218.48819261,-0.30117846,0.02972,0.03052,6.44,0.3406,179.91,9.44,0
31499,180.01745211,-1.10790555,0.07432,0.07561,5.78,0.7357,67.44,10.71,0
16519,219.14206381,0.64258119,0.0571,0.05791,1.54,0.716,160.75,9.56,0
288374,178.25058757,1.67337094,0.05851,0.05978,0.88,0.5325,32.11,9.94,0
517146,131.10470062,2.37656986,0.05056,0.05158,2.48,0.5838,61.859985,9.88,0
138291,181.85789492,-1.66879642,0.03686,0.03809,1.16,0.4119,149.95,9.3,0
15899,217.18964755,0.70812363,0.10262,0.1035,4.38,0.0304,5.169998,11.24,0
49942,223.2420891,-0.63064728,0.07741,0.07816,3.91,0.7754,23.959991,10.63,0
214748,131.31532912,0.52548438,0.03495,0.03596,1.07,0.219,119.450005,8.64,0
289170,181.22584827,1.82130587,0.01926,0.02111,4.45,0.5133,91.78,9.7,0
486542,220.35082607,-1.71207479,0.07772,0.07853,4.4,0.0386,82.76001,10.59,0
422292,130.15751857,2.61965909,0.04973,0.05073,1.67,0.5702,96.649994,10.42,0
273803,185.36340168,1.35864918,0.07661,0.07786,3.34,0.418,80.98999,10.31,0
544260,214.65450767,-0.89038636,0.04826,0.04914,1.94,0.352,5.3200073,10.34,0
598948,129.56633957,0.40739366,0.08097,0.082,1.06,0.0829,173.45999,10.43,1
177232,176.10838436,-1.95708642,0.07688,0.07819,9.11,0.3215,144.78,11.26,0
106638,216.83485001,1.02586407,0.02569,0.02651,22.53,0.4917,170.05,10.91,0
593046,215.23618162,-0.07329439,0.10199,0.1029,1.69,0.1544,63.679993,10.94,0
345756,131.00566015,2.05773664,0.07635,0.07739,4.06,0.617,177.51999,10.4,0
287827,175.20726588,1.75883438,0.0199,0.02163,3.51,0.1066,77.95001,9.83,0
388510,140.36242334,2.59845832,0.08411,0.08527,2.78,0.6507,5.0700073,10.46,0
422812,132.50464753,2.65438479,0.05989,0.06094,1.29,0.37,75.58,10.37,0
48612,217.7878291,-0.83055063,0.08214,0.083,0.86,0.5307,90.94,10.37,0
380670,129.48029939,1.78274583,0.07132,0.07234,0.73,0.1794,103.37,10.48,3
178678,181.43930514,-1.91914246,0.08112,0.08241,3.85,0.6015,114.88999,10.87,0
97858,174.95159328,1.00561045,0.09228,0.0936,3.21,0.3202,101.67,10.46,0
30393,174.95169378,-1.1088318,0.07766,0.07897,2.49,0.0918,163.44,10.72,0
419649,140.82873154,2.92732902,0.08765,0.08882,1.05,0.5198,89.04999,10.45,0
622084,130.74313207,0.64404862,0.03456,0.03556,8.57,0.4339,74.240005,9.83,0
511923,216.69280419,-1.11888369,0.03518,0.03602,0.92,0.1292,11.899994,9.41,0
376245,132.67951595,1.35068747,0.04267,0.0437,10.47,0.1863,153.51001,10.84,0
23112,180.37670495,1.21375373,0.08205,0.08334,0.81,0.7764,107.38,10.37,0
70329,179.4867538,0.20580342,0.10819,0.10952,3.25,0.1463,61.51999,11.15,0
202398,129.46039763,-0.26209844,0.05117,0.05217,2.49,0.2369,62.43,10.6,0
287892,175.76928208,1.66283572,0.09278,0.0941,3.57,0.309,32.0,10.67,0
271591,174.92188748,1.3393649,0.07554,0.07684,2.86,0.1708,169.4,10.74,0
99172,181.58999574,0.94810493,0.1132,0.11452,4.16,0.241,23.540009,11.05,0
535429,177.83784015,-0.97051641,0.10592,0.10725,3.65,0.0783,40.11,10.96,0
17296,222.91063646,0.67709354,0.04337,0.0441,2.01,0.5541,139.13,8.64,0
32676,185.63535103,-1.20989625,0.04928,0.0505,7.08,0.0634,143.0,9.8,0
570197,222.66575754,-0.47495826,0.04244,0.04318,1.53,0.5189,37.710007,9.66,0
619995,222.51809396,0.28827767,0.04413,0.04487,5.44,0.3724,170.23999,9.09,0
53771,174.96145869,-0.41539941,0.02825,0.0295,1.69,0.2788,146.40001,8.49,0
289665,183.02839578,1.79997856,0.07855,0.07982,3.62,0.5471,26.89,10.38,0
320124,217.03608108,1.82378051,0.0061,0.00748,12.42,0.5678,50.28,7.72,0
202673,130.65275259,-0.23097146,0.04991,0.05093,8.41,0.3975,33.820007,10.54,0
569909,221.10097337,-0.55204267,0.04424,0.04501,6.46,0.8522,10.540009,9.44,0
93671,221.7112115,0.46861532,0.05558,0.05634,3.92,0.3304,162.86,9.49,0
196096,129.35491203,-0.67933093,0.04035,0.04134,4.42,0.7066,150.14,9.39,1
301382,133.61640631,1.19695098,0.05842,0.05948,4.0,0.6242,121.68,10.28,0
493832,222.60427186,-1.17403422,0.04276,0.0435,10.13,0.66,123.68,10.86,0
422652,131.88111365,2.69025179,0.02874,0.02974,12.69,0.6965,156.9,9.99,1
220657,182.62442274,1.55817895,0.084,0.08528,3.94,0.2352,109.53999,10.72,0
574779,137.2861563,-0.13690187,0.07585,0.07698,6.22,0.7491,26.259995,10.61,0
185376,180.08683065,-1.5918603,0.01987,0.02165,6.39,0.5905,89.16,8.85,0
560333,179.98442708,-0.54821528,0.02195,0.02347,11.12,0.1785,90.630005,9.9,0
14812,212.93002347,0.72011054,0.02475,0.02568,5.0,0.2436,107.46001,9.99,0
619097,218.04676726,0.40048763,0.03464,0.03545,3.6,0.5407,170.34,9.97,0
377667,138.49120782333333,1.6470305922222221,0.05646,0.05758,3.02,0.4033,47.64,9.87,5
78743,218.42715105,0.14264876,0.0308,0.0316,4.43,0.6227,98.87,8.74,0
319312,214.06995883,1.85741586,0.05474,0.05563,2.72,0.2828,73.96001,9.65,0
371888,133.29005142,0.98491668,0.10832,0.10943,4.68,0.4482,117.27,11.03,0
618141,214.44357936,0.34141852,0.05054,0.05142,1.54,0.0478,66.66,9.64,0
78490,217.43419333,0.08126902,0.05468,0.05552,3.56,0.596,113.41,9.58,0
568075,213.91281331,-0.4476948,0.08478,0.0857,3.01,0.4322,110.65,10.83,0
136980,176.53582628,-1.82683184,0.02704,0.02829,6.79,0.4369,106.69,8.63,0
535397,177.73195319,-0.91647267,0.08232,0.08363,3.93,0.297,13.149994,10.37,0
32249,183.9586887,-1.23808282,0.0205,0.02219,5.8,0.1197,146.44,8.51,0
347570,138.18658947,2.3212965,0.05073,0.05184,2.23,0.6489,135.33,10.45,0
278757,133.59475073,0.79686597,0.10928,0.1104,3.08,0.5001,173.07,11.09,1
85707,183.76445058,0.48851121,0.08232,0.08359,6.24,0.4338,77.16998,10.89,0
618935,217.55201758,0.33357014,0.03446,0.03528,4.56,0.5996,129.39,9.77,0
197481,135.43598532,-0.6475531,0.04857,0.04965,2.57,0.3638,60.979996,9.88,0
599582,132.19011347,0.29151858,0.05302,0.05406,9.6,0.3224,138.11,10.79,0
65445,223.1994384,-0.34086961,0.03493,0.03565,1.13,0.1248,21.159996,8.78,0
177046,175.44023234,-1.90134773,0.00604,0.00791,3.85,0.2334,137.18,8.17,0
271568,174.80776723,1.23346993,0.0909,0.09222,1.48,0.411,49.08,10.36,0
319762,215.71835445,1.81961837,0.08529,0.08618,1.65,0.5967,168.76999,10.58,1
599761,132.63206755,0.31906756,0.05333,0.05438,6.68,0.1314,169.60999,10.88,0
92438,216.392256,0.425281,0.08585,0.08673,4.97,0.6104,74.66,10.96,0
85507,182.76407921,0.62410422,0.02007,0.02181,2.47,0.736,117.68,9.02,0
210660,139.17574828,0.20556211,0.01682,0.01774,5.5,0.4628,130.8,9.84,0
216111,136.74582868,0.54277875,0.05377,0.05487,5.49,0.8282,46.380005,10.09,0
345883,131.50405292,1.92700568,0.05123,0.05226,3.2,0.4748,110.740005,9.61,1
551064,138.69950268,-0.59500672,0.05453,0.05565,7.28,0.4164,2.699997,9.73,0
422608,131.71532785,2.76365297,0.07635,0.0774,3.08,0.448,61.679993,10.44,1
522068,132.33704812,2.95480021,0.06093,0.06197,0.51,0.2469,72.39,10.68,1
593119,215.55541887,-0.17604189,0.02911,0.02996,2.92,0.613,137.14,8.86,0
600168,134.16946306,0.37500486,0.00859,0.00932,219.42,0.7635,53.23999,9.26,1
69566,175.44771129,0.10148011,0.03962,0.04088,1.25,0.423,62.51001,8.82,0
570174,222.60503394,-0.46931853,0.04219,0.04293,10.68,0.2919,168.45999,9.81,0
14697,212.62800359,0.63346957,0.10682,0.10778,3.12,0.5266,166.38,10.91,0
230796,181.1530494,1.89265457,0.02037,0.02206,1.06,0.073,150.28,9.48,0
569457,219.21038451,-0.62211893,0.0381,0.0389,5.75,0.4292,89.71999,10.71,0
324351,135.71646938,1.71098085,0.05733,0.05842,2.54,0.7716,117.84,10.45,0
49734,222.31861682,-0.71125477,0.0431,0.04384,4.69,0.6444,6.6900024,10.45,0
220396,181.41971498,1.57505841,0.0194,0.02123,7.52,0.5319,98.59,10.52,0
53916,175.62953286,-0.23343525,0.05478,0.05606,1.26,0.218,104.08,9.58,0
273518,183.99515878,1.36478518,0.07519,0.07645,3.69,0.4355,84.62,10.54,0
382799,138.53206618,1.97970818,0.03802,0.03912,2.05,0.4367,41.29001,8.69,0
372385,135.56033881,1.11629501,0.05277,0.05385,0.44,0.1424,152.64,9.4,3
30363,174.88370119,-1.10124358,0.07936,0.08067,4.58,0.3873,50.04001,10.87,0
593813,217.90934792,-0.17476242,0.09222,0.09308,2.29,0.5244,48.58,10.99,0
550328,135.16742177,-0.48675315,0.04051,0.04158,4.83,0.6291,112.86,10.41,0
228564,217.85247035,1.23438853,0.03002,0.03083,4.38,0.4104,60.48001,10.65,0
7565,178.24053706,0.70270043,0.07906,0.08035,3.77,0.7378,85.149994,10.7,0
23319,181.13178983,1.12971131,0.07785,0.07913,2.09,0.4803,62.98999,10.61,0
460323,211.72036274,-1.73020503,0.07005,0.071,6.35,0.6434,22.830017,11.23,0
549073,130.18712961,-0.44099954,0.05232,0.05334,2.05,0.1804,144.68,9.9,0
623043,136.47491827,0.66916355,0.05331,0.0544,2.26,0.4701,118.99,10.49,0
99854,184.65040285,0.89375926,0.07386,0.07511,3.59,0.2072,3.730011,10.58,0
508315,216.63217869,-1.69090653,0.08205,0.08293,2.68,0.3846,153.73,11.07,0
137208,177.48192684,-1.67462053,0.08389,0.0852,2.35,0.5586,1.3899994,10.64,0
610805,181.78692949,0.40641831,0.09182,0.09311,2.32,0.1422,34.309998,10.73,0
543531,211.9522498,-0.93132633,0.0526,0.05353,2.88,0.2558,27.179993,10.41,0
381383,132.51295182,1.91305846,0.06707,0.06813,1.52,0.1796,151.25,10.35,0
543638,212.2062664,-0.89887555,0.08327,0.08422,2.22,0.4179,114.17,10.7,0
62336,212.49697202,-0.37739971,0.08193,0.08287,1.35,0.2339,7.850006,10.5,0
55048,180.33852192,-0.32636088,0.08315,0.08444,2.32,0.2728,46.649994,10.63,1
6974,175.15250456,0.82469276,0.07379,0.07509,4.55,0.3907,68.29,10.64,0
91988,214.45774912,0.51093625,0.05212,0.053,6.27,0.3235,90.37,11.14,0
239289,217.16726937,1.60908384,0.08637,0.08723,2.74,0.2566,170.20999,10.73,0
136312,174.54891457,-1.71280768,0.07705,0.07836,1.59,0.1543,16.810005,10.52,0
238500,214.4985581,1.70716045,0.0541,0.05498,1.62,0.1543,23.020004,10.18,0
273413,183.54257076,1.27689581,0.07499,0.07625,3.77,0.1776,133.96,10.62,0
99120,181.13530981,1.0013415,0.08225,0.08353,3.3,0.4114,61.48999,10.43,0
402759,177.08802773,1.95532363,0.09455,0.09586,6.15,0.1018,73.75,10.91,0
513275,222.88054221,-0.99607348,0.1101,0.11088,4.71,0.1543,45.14,10.94,0
279910,139.85523047,1.05979042,0.08685,0.08802,2.88,0.304,137.24,11.01,0
517279,131.6803687,2.53922464,0.02876,0.02976,9.51,0.0759,16.690002,10.36,0
619311,219.26715137,0.38336438,0.07851,0.07933,8.44,0.2389,33.42,10.64,0
508287,216.5294371,-1.59894027,0.02558,0.02641,2.21,0.9475,66.91,8.26,0
272822,180.99822755,1.41084966,0.0223,0.02378,7.2,0.2558,175.76001,10.22,0
204768,139.45620926,-0.2804184,0.01788,0.0188,0.31,0.1362,41.570007,9.21,2
693086,215.59761516,-0.37369041,0.00507,0.0063,,,,8.17,4
3624571,132.27959308,-0.8606254,0.06976,0.07082,,,,10.51,1
3627095,134.4560829,-0.89910822,0.07019,0.07128,,,,10.73,0
3894635,129.07610413,-0.84274256,0.04328,0.04427,,,,10.15,0
3896758,130.21555023,-0.9034051,0.05152,0.05254,,,,10.43,0
3900151,131.90191629,-0.95406404,0.06971,0.07077,,,,11.06,0
40873,183.43976489,-0.83322893,0.0511,0.05234,,,,9.81,3
278918,134.33434797,0.79323991,0.04172,0.04278,4.49,0.2439,173.57,8.86,0
22962,179.72105335,1.19802883,0.04791,0.04916,2.69,0.064,129.29001,9.46,0
98910,180.38348794,0.9592046,0.08194,0.08323,3.18,0.333,84.360016,10.31,0
463641,213.9552781,-1.31605973,0.04982,0.05071,3.94,0.7353,158.41,10.1,0
537171,184.44149428,-1.00868702,0.03984,0.04106,2.48,0.1667,38.190002,9.36,0
77153,211.99218658,0.11388244,0.02561,0.02653,7.25,0.8818,127.53001,9.17,0
278551,132.36360298,0.76743296,0.08703,0.08811,3.74,0.7658,47.820007,10.38,0
70107,178.52649568,0.03292719,0.02662,0.02787,3.21,0.6028,169.20999,8.39,0
513071,221.59541025,-1.14731655,0.05738,0.05815,3.74,0.4996,111.79,11.08,1
372228,134.73059558,1.02035878,0.09227,0.09338,1.94,0.084,168.81999,10.54,0
622846,135.63314785,0.74123885,0.07691,0.07802,2.01,0.0316,37.469994,10.36,1
47836,214.40593789,-0.78866357,0.02905,0.02992,2.67,0.811,11.7400055,8.21,0
492447,216.67528405,-1.36330481,0.08326,0.08414,4.33,0.5949,45.83,10.34,0
30377,174.82286348,-1.07931466,0.02708,0.02834,3.81,0.3531,132.08,8.22,0
543528,211.8967405,-0.95142627,0.0477,0.04862,3.72,0.8068,4.529999,10.41,1
567586,212.2792782,-0.46583467,0.02388,0.02485,4.15,0.2946,165.3,8.63,0
372568,136.43170263,1.13189318,0.0507,0.05179,4.47,0.8331,148.13,10.1,0
491460,211.69432412,-1.47828313,0.02972,0.03063,5.15,0.6056,126.68,9.43,0
288424,178.49043136,1.83464943,0.01954,0.02134,3.07,0.5804,108.67,8.29,0
227134,212.3221181,1.32086663,0.02512,0.02605,4.11,0.5496,41.61,8.33,0
179584,185.555988,-1.91156169,0.07164,0.07289,3.59,0.2012,106.89001,10.52,0
319401,214.39319467,1.91807978,0.05508,0.05596,3.17,0.7818,77.67999,9.89,0
214861,131.90747023,0.55555563,0.05808,0.05912,4.03,0.6366,111.479996,9.55,0
30754,176.68550253,-1.08609897,0.08042,0.08173,5.28,0.1742,135.77,10.4,0
346906,135.36872684,2.0778017,0.05735,0.05843,2.1,0.5531,134.95999,9.6,0
14626,212.40181987,0.73779578,0.05363,0.05455,4.1,0.7767,48.729996,9.44,0
77968,215.61264467,0.05773481,0.03262,0.03347,3.02,0.1022,102.72,9.66,3
534974,175.94637937,-0.84400439,0.02022,0.02193,3.47,0.6001,173.92,8.9,0
517334,131.74502056,2.38752174,0.02778,0.02874,2.99,0.2586,67.84,8.32,0
320417,218.18967948,1.87746304,0.02989,0.03069,5.23,0.3636,124.31999,9.94,0
419648,140.83324419,2.8242593,0.08544,0.08661,7.81,0.8724,148.59,10.74,0
493331,220.4619306,-1.39246134,0.00597,0.00709,15.41,0.5883,39.22,8.71,0
227624,214.40747015,1.206639,0.05395,0.05483,1.8,0.5113,103.76001,9.62,0
65355,222.72888595,-0.36901112,0.02686,0.02756,5.82,0.8373,153.32,8.92,0
376165,132.17023847,1.49956155,0.02893,0.02994,4.63,0.1194,173.75,8.7,0
594918,222.48808604,-0.17587134,0.04327,0.04401,2.68,0.1323,7.26001,9.38,0
38980,174.04825934,-0.76657667,0.02709,0.02835,5.48,0.1776,13.480011,8.97,0
138132,180.86117416,-1.81826751,0.02087,0.02252,3.54,0.2717,140.03,8.45,0
301138,132.3077266,1.11097274,0.06684,0.06789,3.82,0.5134,109.49,10.45,0
227719,214.73394558,1.18492843,0.05545,0.05633,2.4,0.7419,109.32,9.71,0
16828,220.45287105,0.68697063,0.00633,0.00755,22.24,0.5992,56.619995,8.93,0
273297,183.03581751,1.43928548,0.07827,0.07954,4.75,0.4361,102.64,10.81,1
7849,179.57185591,0.76727091,0.0782,0.07949,2.63,0.1902,66.21001,10.68,0
77610,213.89973281,0.03745938,0.05342,0.05432,1.28,0.5023,74.639984,9.82,0
593114,215.5219373,-0.12211101,0.05436,0.05523,2.98,0.3109,61.0,9.75,0
381228,131.80623114,1.79909522,0.05104,0.05207,3.62,0.6636,46.770004,9.64,0
486394,219.85355558,-1.7850806,0.05036,0.05116,4.68,0.7639,32.01001,10.51,1
512071,217.38666478,-1.16621036,0.07985,0.08071,2.2,0.7557,54.799988,10.44,0
611647,185.43290564,0.40885175,0.02965,0.03085,10.48,0.717,149.69,9.24,0
78355,216.65211529,0.04193028,0.05525,0.0561,3.89,0.7037,173.28,10.62,0
230884,181.45025652,1.97169315,0.02111,0.02271,3.71,0.3532,169.12,8.78,0
177354,176.4675446,-1.8908342,0.02774,0.02899,3.06,0.332,114.869995,8.85,0
143227,174.82896777,-1.33838523,0.04647,0.04774,3.74,0.6244,90.89,10.49,0
93062,218.83216762,0.47572807,0.02955,0.03034,3.67,0.3933,72.72,10.12,0
41098,184.25172077,-0.74918074,0.06845,0.0697,5.32,0.7907,69.649994,10.68,0
55100,180.53519581,-0.2369172,0.09237,0.09367,2.15,0.2096,173.34,10.65,0
177235,176.11858254,-1.88344109,0.07717,0.07848,2.17,0.6484,113.67,10.55,0
320546,218.64729936,1.80972011,0.07748,0.07831,2.06,0.5555,81.600006,10.4,0
600977,138.15123729,0.30950285,0.05446,0.05558,4.66,0.3043,68.979996,10.62,0
289089,181.02495228,1.84697816,0.01641,0.01853,4.19,0.1296,33.72,10.59,0
570230,222.82124308,-0.52592573,0.04297,0.04371,1.73,0.3848,170.84,8.91,0
144465,180.20501376,-1.25034822,0.02125,0.02285,1.64,0.1837,36.829987,8.64,0
594933,222.60828584,-0.17865414,0.0902,0.09097,1.06,0.343,125.259995,10.41,1
319526,214.82101042,1.86801632,0.06613,0.06702,4.88,0.4895,162.70999,10.65,0
345848,131.30016633,2.04119469,0.07532,0.07637,3.34,0.0766,125.59,10.94,0
543553,211.96905029,-0.91519709,0.05478,0.05571,3.49,0.2562,34.440002,10.35,0
460734,213.65489363,-1.65694883,0.07367,0.07459,3.08,0.134,157.57,10.34,0
509629,222.27616066,-1.36406351,0.08274,0.08352,1.58,0.2672,149.33,10.54,0
136524,175.3846269,-1.64593882,0.07767,0.07898,3.07,0.8455,125.130005,10.46,1
382630,137.70410609,1.93683577,0.05563,0.05674,3.69,0.4322,178.91,9.97,0
511934,216.69655629,-1.17012239,0.03547,0.03631,2.61,0.5936,12.930008,8.65,0
205177,140.75407515,-0.36018863,0.05685,0.058,2.9,0.8022,129.61,10.0,0
278363,130.67123158,0.72923082,0.07005,0.07109,3.29,0.7072,163.38,10.4,1
425677,129.30878914,2.86450391,0.03396,0.03494,3.55,0.8284,126.08,8.72,0
623722,140.15506294,0.82273186,0.01782,0.01875,6.61,0.7866,70.48001,8.86,0
79734,222.86609801,0.00115967,0.04263,0.04336,1.41,0.4362,72.3,9.27,0
65278,222.43723397,-0.24123242,0.04291,0.04365,4.43,0.6531,55.58,9.12,0
78485,217.40540117,0.18738532,0.05524,0.05608,2.87,0.708,42.299988,9.69,1
47245,211.92121719,-0.71713222,0.02508,0.02602,3.87,0.7775,177.51001,9.17,0
569133,217.72088713,-0.54214209,0.03041,0.03123,4.36,0.6326,87.03,8.78,0
272832,181.00962206,1.31684855,0.09035,0.09164,1.92,0.2517,31.700012,10.36,0
272667,180.38184103,1.29585792,0.0227,0.02414,7.64,0.2725,71.81,9.47,0
198776,140.83308322,-0.71719434,0.05609,0.05724,5.82,0.5686,164.38,9.57,0
78384,216.83318001,0.09980699,0.08443,0.0853,5.7,0.3748,96.05,10.49,0
302994,140.14321141,1.55109987,0.01666,0.0176,7.12,0.8132,49.350006,8.76,0
93604,221.26371937,0.52697745,0.02884,0.02958,13.57,0.5841,40.890015,10.15,0
40442,181.25922205,-0.6923677,0.00439,0.00618,8.4,0.3843,45.179993,8.31,1
550582,136.30503681,-0.49663327,0.02766,0.02869,13.09,0.8296,39.799988,10.21,0
302966,140.11704438,1.37450201,0.05145,0.05258,8.18,0.8339,58.360016,9.71,0
487175,223.33976662,-1.59494721,0.04228,0.04301,3.77,0.2798,25.029999,9.73,0
230829,181.18902098,1.9201865,0.01965,0.02144,2.18,0.0617,83.79999,8.37,0
560560,180.68206541,-0.46599639,0.08278,0.08407,2.19,0.4066,160.70001,10.3,0
492849,218.61959977,-1.26614107,0.0322,0.033,1.87,0.5222,149.09,8.92,0
382343,136.30757744,1.89472505,0.03764,0.03871,5.24,0.1876,112.96,8.95,0
92736,217.3795614,0.54872234,0.05657,0.05741,4.04,0.411,140.91,9.78,0
15187,214.4834673,0.67661106,0.0529,0.05378,3.71,0.3565,160.45999,9.93,0
8130,180.70367585,0.69148252,0.08189,0.08318,2.24,0.6438,131.22,10.75,0
512918,221.07474118,-1.08305649,0.0416,0.04237,2.15,0.213,19.51001,9.53,0
585215,181.67924097,-0.2038787,0.09278,0.09408,3.1,0.1342,116.85,11.03,0
386673,133.55896751,2.24083491,0.05824,0.0593,4.39,0.3601,168.14,11.06,0
619960,222.38627452,0.37675721,0.08054,0.08131,2.04,0.5449,115.37,10.39,0
345819,131.23193018,1.9813223,0.11234,0.11342,1.64,0.1291,39.600006,10.95,0
375751,130.56517567,1.26826881,0.07836,0.0794,6.91,0.6567,18.029999,10.95,0
205211,140.84796086,-0.40347647,0.05361,0.05476,3.75,0.1969,94.36,10.43,0
49051,219.46495226,-0.67242802,0.0813,0.08212,3.02,0.3777,114.33,10.84,0
301761,135.12052878,1.28725742,0.07142,0.07251,1.17,0.4896,179.1,10.6,0
216716,139.38084784,0.42821581,0.09138,0.09255,2.1,0.2214,139.82,10.68,0
105519,212.34017928,1.02774133,0.0577,0.05862,1.44,0.508,40.01001,10.34,0
569467,219.23194766,-0.45957138,0.08093,0.08176,0.87,0.2841,26.399994,10.46,0
537084,184.15212569,-0.95595186,0.04012,0.04134,8.89,0.4214,53.78,10.95,0
422170,129.77735333,2.51091601,0.11335,0.11441,2.91,0.6269,14.019989,10.98,0
79733,222.8475741,0.00707868,0.02319,0.02393,4.86,0.2469,17.929993,10.23,0
505788,221.70273928,-1.95864962,0.04279,0.04355,7.94,0.2962,11.239998,10.89,0
560406,180.14377211,-0.55237837,0.08403,0.08533,2.73,0.3845,41.940002,10.88,0
208560,129.51926024,0.081749,0.08344,0.08448,1.12,0.2698,173.98,10.36,0
184686,177.47595232,-1.61855125,0.08425,0.08556,1.29,0.266,2.350006,10.4,0
537129,184.21539209,-1.03669489,0.07158,0.07284,2.24,0.396,92.420006,10.43,0
396743,174.9739402,1.46116884,0.07625,0.07755,3.5,0.1612,85.890015,10.72,0
106618,216.81063252,0.99031054,0.0524,0.05324,0.76,0.0523,133.38,9.82,0
376184,132.34244086,1.40128184,0.03445,0.03547,2.84,0.3955,51.600006,9.07,0
517457,132.48667752,2.569982,0.05922,0.06026,3.59,0.1096,61.73999,10.78,0
185322,179.83440251,-1.64817036,0.0814,0.0827,15.9,0.5823,130.31,11.36,1
230260,178.99185108,1.89465989,0.06747,0.06874,4.13,0.0975,158.29999,11.08,0
238325,213.95445523,1.71980763,0.05406,0.05495,3.68,0.3374,87.78,10.18,0
221013,184.30858566,1.58882258,0.07469,0.07594,3.01,0.3901,2.119995,10.78,0
544954,217.80906748,-1.03797518,0.07259,0.07344,2.25,0.2797,65.73001,10.6,0
345765,131.05343502,2.00839358,0.07819,0.07924,3.29,0.1507,138.69,10.64,0
595026,223.23770117,-0.15477001,0.04348,0.04421,3.13,0.2276,9.160004,10.26,1
376033,131.80870779,1.36240142,0.03986,0.04088,7.83,0.2285,57.48001,10.81,0
79866,223.45444216,0.08965906,0.04393,0.04465,3.43,0.2657,97.0,10.64,0
47170,211.56955873,-0.71382298,0.0229,0.02394,1.23,0.174,101.81999,8.74,6
14522,211.96412641,0.74940494,0.08296,0.08391,3.26,0.0776,127.28,10.82,0
185862,182.06527657,-1.4602249,0.03537,0.0366,27.24,0.6528,104.75,8.67,1
62172,211.63595093,-0.29391433,0.11251,0.11349,8.14,0.282,103.78,10.93,0
622485,133.59887466,0.64043443,0.10948,0.1106,2.8,0.1605,80.630005,11.17,0
594078,219.00382745,-0.11045167,0.05674,0.05755,3.9,0.1676,29.36,10.57,0
230294,179.18924411,1.91828946,0.10574,0.10706,2.4,0.2535,9.269997,10.93,0
487113,222.98609031,-1.5576122,0.09971,0.10048,6.97,0.1385,19.290009,10.91,1
214855,131.96047518,0.59846904,0.11015,0.11124,42.62,0.7005,27.790009,11.25,1
508470,217.09625756,-1.53663067,0.05629,0.05714,15.18,0.0753,49.660004,10.14,0
727523,134.47418305,2.29975641,0.04098,0.04203,6.86,0.6037,160.45999,9.54,1
955328,214.37610494,-0.72873232,0.06684,0.06774,1.39,0.1202,147.88,11.39,1
3625882,133.49013737,-0.86244128,0.0787,0.07979,,,,10.75,0
32139,183.5668128,-1.13589456,0.0997,0.101,2.53,0.117,109.53,10.99,0
546025,222.59571296,-0.88525075,0.08328,0.08405,2.53,0.6525,63.23999,10.66,0
252060,222.04357274,1.83636509,0.03421,0.03495,0.67,0.0907,146.58,8.76,0
570308,223.22424277,-0.61622427,0.07742,0.07817,3.91,0.1804,20.029999,10.57,0
601018,138.34208727,0.26760372,0.05302,0.05414,1.56,0.2605,62.64,9.72,0
228575,217.87849304,1.11754195,0.03008,0.03089,1.69,0.3436,109.619995,9.03,0
214295,129.5972045,0.42185284,0.08204,0.08307,4.3,0.7779,39.229996,10.49,0
185365,180.0115588,-1.61473473,0.05224,0.0535,1.79,0.1623,116.92,10.39,0
298980,222.71806122,1.16568647,0.02712,0.02782,4.06,0.319,154.09,9.95,0
205094,140.60813019,-0.36209441,0.05566,0.05681,2.54,0.1854,27.959991,9.48,0
492892,218.81869606,-1.33566114,0.07186,0.07269,3.56,0.6042,96.189995,10.5,0
388558,140.59260432666667,2.58592295,0.08762,0.08879,1.89,0.631,168.66,11.11,5
561270,183.55201128,-0.4506558,0.03624,0.03746,1.18,0.307,160.23001,8.86,0
517590,132.94316476,2.51961451,0.03554,0.03657,1.18,0.2219,78.3,9.48,0
16456,218.89174885,0.67172627,0.10827,0.10912,4.1,0.4075,148.15,10.97,1
422694,131.95294797,2.69613963,0.0773,0.07835,4.08,0.3339,148.51001,10.41,0
550781,137.46833747,-0.50464337,0.04832,0.04942,2.03,0.4862,48.839996,10.39,0
568241,214.37528832,-0.49578963,0.08478,0.0857,2.57,0.7298,147.34,10.76,0
40765,182.89697399,-0.69958014,0.03512,0.03634,0.83,0.4084,107.66,9.04,0
32138,183.52620014,-1.16401133,0.07056,0.07182,2.44,0.5656,81.41,10.68,0
17188,222.21552037,0.71634221,0.07507,0.07584,5.87,0.2921,87.73001,10.82,0
136232,174.12226814,-1.73555847,0.04752,0.0488,3.55,0.656,141.78,10.66,0
136606,175.86615788,-1.73871453,0.10586,0.1072,1.89,0.1164,84.97,11.11,0
594992,222.80352156,-0.03154069,0.04232,0.04305,1.28,0.2305,159.7,9.35,0
100124,185.66703292,0.93813411,0.1112,0.11249,3.8,0.2543,87.0,11.04,0
239103,216.48465677,1.6348072,0.08436,0.08523,2.93,0.1287,51.820007,10.55,0
517682,133.25374287,2.56837386,0.07685,0.07792,3.33,0.7557,12.979996,10.73,0
178988,182.75669469,-1.87991697,0.03401,0.03524,4.4,0.1316,71.33002,10.76,0
22583,178.20575662,1.22223952,0.08047,0.08176,2.18,0.3766,40.90999,10.36,0
517798,133.66375567,2.69645459,0.08691,0.088,1.85,0.1628,149.04001,10.32,0
92739,217.38595772,0.49380755,0.05556,0.0564,6.79,0.8049,93.950005,10.33,0
84517,178.52538265,0.54609742,0.07833,0.07962,1.8,0.1053,53.380005,10.41,0
136871,176.28641994,-1.80381586,0.02638,0.02765,1.87,0.262,28.390015,9.73,0
618159,214.55837565,0.25805738,0.05257,0.05345,5.45,0.5417,142.86,9.93,0
204833,139.66278831,-0.24736542,0.05508,0.05621,1.77,0.6141,12.899994,9.72,0
537399,185.08379459,-0.88201597,0.04034,0.04156,5.07,0.3216,16.359985,9.63,0
319494,214.61409656,1.87205407,0.05282,0.0537,2.0,0.3526,176.78,9.77,0
301757,135.18154847,1.37552312,0.07169,0.07279,5.16,0.7209,142.36,10.37,0
92770,217.56241698,0.62137578,0.02625,0.02705,3.28,0.4204,15.480011,9.93,0
622362,132.76134144,0.6614261,0.08585,0.08693,3.27,0.6674,60.800003,10.35,0
346208,132.88061936,2.01086023,0.02506,0.02594,4.27,0.4742,14.320007,8.24,1
509572,221.89827134,-1.43042817,0.04303,0.04378,3.85,0.3007,22.299988,8.83,0
252021,221.86540925,1.91810129,0.03388,0.03462,3.4,0.4504,144.08,10.12,0
560839,182.07106949,-0.46201215,0.06284,0.0641,4.66,0.5571,59.59999,10.49,0
143605,176.74577765,-1.34222975,0.0824,0.08371,4.2,0.7788,24.830002,10.56,0
8286,181.5878288,0.8266189,0.09278,0.09407,3.76,0.8005,119.72,10.32,0
230774,181.09424323,1.86722172,0.01654,0.01865,2.67,0.1039,6.1900024,8.56,0
422888,132.75205892,2.83040727,0.02777,0.02875,2.6,0.1707,33.380005,8.36,0
93885,222.94355162,0.46989205,0.04299,0.04372,1.96,0.5763,111.89,9.18,0
320912,219.97517215,1.80662185,0.0851,0.08591,3.83,0.6542,77.25,10.41,0
221336,185.56743072,1.48104217,0.03066,0.03186,1.59,0.4525,32.70999,8.65,0
543738,212.59531975,-0.85363756,0.02515,0.02607,2.77,0.6361,105.83,8.3,0
78667,218.0908189,0.17811976,0.05479,0.05562,6.85,0.2246,109.72,10.16,0
238172,213.54122652,1.69345407,0.05476,0.05566,5.6,0.3778,69.25,9.71,0
273952,185.95556474,1.37511571,0.02693,0.02813,6.68,0.3389,14.5099945,9.63,0
63163,214.82197116,-0.41276767,0.03962,0.04049,4.0,0.2399,160.57,9.43,0
279840,139.6586771,1.05694706,0.08669,0.08785,3.22,0.4744,56.86,10.44,0
210411,138.30620839,0.14921934,0.05391,0.05503,2.11,0.5721,66.740005,9.59,0
178653,181.25440083,-1.98432659,0.08222,0.08351,4.17,0.3041,6.220001,10.68,0
209826,135.18959806,0.05855088,0.04204,0.04311,1.77,0.5163,76.359985,8.83,1
377709,138.63959,1.64477794,0.05588,0.057,6.13,0.5353,14.2599945,9.78,0
621917,129.03634063,0.66604764,0.01381,0.01429,2.87,0.4853,130.26001,9.25,0
492386,216.42267518,-1.41679117,0.03503,0.03587,3.11,0.156,14.149994,8.67,0
6906,174.86066811,0.69783379,0.07702,0.07832,3.27,0.2268,164.09,10.63,0
54455,178.22625331,-0.23570615,0.02627,0.02753,9.3,0.4866,178.78,9.13,0
106908,217.83853255,0.92962312,0.06837,0.06921,3.46,0.8378,156.72,10.77,0
105381,211.53408245,0.91743956,0.07191,0.07286,2.91,0.3597,94.95,10.56,0
32136,183.47565906,-1.08858595,0.00679,0.0089,11.17,0.278,76.03,8.0,0
319066,213.49170893,1.94682552,0.05181,0.0527,3.04,0.7834,118.05,9.83,0
92729,217.35351892,0.51342181,0.05444,0.05528,1.7,0.629,177.48,9.82,0
23591,182.27582522,1.10576346,0.02519,0.02647,1.48,0.1544,86.32,8.9,0
543554,211.975783,-0.85625722,0.05522,0.05615,2.51,0.7121,3.25,10.03,0
521817,131.34576139,2.96483363,0.07883,0.07988,3.77,0.6227,53.619995,10.62,1
289198,181.3339976,1.77872674,0.01936,0.02119,5.51,0.5441,34.630005,9.63,0
98209,177.02237657,0.99134226,0.01078,0.01316,7.29,0.5333,3.3700027,8.2,0
372130,134.41046743,1.12815095,0.07183,0.07292,3.57,0.6943,26.059998,10.5,0
53999,176.22762563,-0.30785611,0.09349,0.09481,2.07,0.2856,174.78,10.42,0
31353,179.39804778,-1.22109682,0.01797,0.01998,1.72,0.1185,78.13999,8.2,0
509852,223.13291622,-1.34509017,0.04304,0.04377,8.19,0.3353,4.649994,10.07,0
549216,130.7609144,-0.46948561,0.05204,0.05306,4.21,0.3286,140.27,9.51,0
63027,214.26884742,-0.25236454,0.04366,0.04454,2.65,0.3322,113.42,9.97,0
511532,214.69439377,-1.13733112,0.08235,0.08326,3.1,0.3823,98.79,11.0,0
32140,183.5706563,-1.09162577,0.08324,0.08452,2.04,0.3608,3.880005,10.53,0
216736,139.49749623,0.6116365,0.0916,0.09277,4.81,0.7352,8.690002,10.75,0
205085,140.65238835,-0.40903205,0.05405,0.05519,10.96,0.2387,38.76999,11.23,0
302894,139.7365303,1.49816901,0.08819,0.08936,0.78,0.2107,140.48,10.36,0
30615,176.14189154,-1.13909079,0.07866,0.07997,4.54,0.2042,176.37,11.13,0
79334,221.07871073,0.04191357,0.02897,0.02972,4.37,0.3257,143.27,10.66,0
508640,217.73969584,-1.66106425,0.09267,0.09354,0.7,0.3961,64.95999,10.32,0
279905,139.97994268,0.94514506,0.01768,0.01861,6.15,0.3402,170.78,10.43,0
544281,214.72186846,-0.92111505,0.08478,0.08569,5.82,0.0842,6.6299973,11.23,0
505952,222.40680464,-1.97110617,0.04311,0.04386,3.89,0.4504,150.08,10.28,0
534644,174.32621332,-0.8657294,0.04732,0.04859,3.1,0.1565,112.450005,10.6,0
622787,135.14110197,0.76015664,0.07063,0.07173,3.21,0.5527,133.06999,10.92,0
320337,217.97906759,1.85207971,0.10957,0.11044,2.08,0.5105,146.37,11.0,0
137080,177.02469787,-1.68868961,0.09404,0.09536,3.21,0.0124,55.119995,11.18,0
323558,132.26310063,1.53844211,0.04259,0.04362,5.39,0.428,177.22,10.9,0
210375,138.22591716,0.09076451,0.05445,0.05557,2.28,0.4236,25.830002,10.54,0
521383,129.26738708,2.75458695,0.08224,0.08326,2.81,0.4516,70.05,11.03,0
252017,221.86472547,1.97857057,0.03342,0.03416,7.44,0.3522,47.550003,11.0,0
24026,183.92902096,1.11374443,0.07503,0.07629,2.0,0.2335,75.3,10.6,0
47617,213.48746333,-0.83492753,0.03827,0.03916,2.32,0.0716,124.93,9.18,0
485529,216.24764829,-1.86856097,0.03018,0.03102,2.78,0.4625,28.839996,9.07,0
485921,217.83383718,-1.75091976,0.05525,0.05609,2.14,0.0432,79.979996,10.48,0
346786,135.03988483,2.09894525,0.04518,0.04624,1.08,0.2181,140.98001,9.76,1
536417,182.25779192,-0.96516712,0.11279,0.11411,7.42,0.1998,122.64,11.64,1
106839,217.50239169,1.04608713,0.02974,0.03055,5.91,0.3629,59.15999,10.54,0
239259,217.12946499,1.64648668,0.08681,0.08767,5.52,0.484,175.51999,10.7,0
618057,214.10002966,0.29350758,0.0845,0.08542,1.48,0.217,106.0,10.47,0
177644,177.36646265,-1.92476366,0.08408,0.08539,2.63,0.3168,10.049988,10.61,0
105418,211.713587,0.84950481,0.04868,0.0496,5.98,0.0598,51.089996,10.26,0
100125,185.67566455,0.9402917,0.11328,0.11457,4.58,0.0994,80.42999,11.23,0
568242,214.37642432,-0.49853409,0.08435,0.08527,2.48,0.3363,114.31,10.42,0
271385,174.11702391,1.30648916,0.07444,0.07574,5.84,0.4188,171.16,10.96,0
8865,184.03133471,0.65632281,0.07314,0.0744,2.5,0.1,23.950012,10.66,0
609329,175.14543831,0.28107706,0.10581,0.10715,2.96,0.311,152.18,11.04,0
23266,180.90666558,1.20571015,0.0771,0.07838,11.78,0.2275,154.49,10.5,0
718921,217.2773885,1.28502947,0.08647,0.08733,0.09,0.1403,55.800003,11.19,0
714924,215.86567825,1.72544563,0.00457,0.00575,,,,8.29,3
3625380,133.00247698,-0.87478741,0.04701,0.04806,,,,9.93,0
3628457,135.46258803,-0.95545351,0.04204,0.04312,,,,8.75,0
77446,213.26064353,0.14637573,0.05462,0.05553,4.87,0.1604,43.789993,10.33,0
485577,216.46244752,-1.81526368,0.08909,0.08998,3.74,0.2059,38.669983,10.64,0
296798,213.41947348,1.42208352,0.02528,0.02618,1.26,0.5577,38.08,8.33,0
22862,179.30444456,1.18809898,0.04118,0.04242,4.64,0.2487,50.73999,9.1,0
593885,218.24514631,-0.10316687,0.09298,0.09383,2.85,0.2208,97.42999,10.55,0
84729,179.55760592,0.61506777,0.03821,0.03945,1.69,0.1723,132.03,9.1,6
54274,177.41109761,-0.35281979,0.0851,0.08641,2.56,0.2658,154.32,10.84,0
592123,211.82902026,-0.15725426,0.08308,0.08403,3.31,0.6717,118.33,10.32,0
618915,217.40403205,0.36867708,0.05666,0.0575,1.87,0.1241,1.3500061,9.88,0
79849,223.42862366,0.03008712,0.04533,0.04605,4.78,0.4223,4.5599976,10.71,0
511864,216.30761024,-1.09945922,0.05557,0.05643,1.08,0.2798,2.8700027,10.02,0
592672,213.69414964,-0.07149124,0.0775,0.07842,3.57,0.688,37.160004,10.92,0
215048,132.63903909,0.49661745,0.05758,0.05863,1.43,0.1055,109.65,9.56,6
319854,216.03850696,1.89881796,0.05396,0.05481,7.52,0.7348,172.08,10.67,0
93816,222.5180405,0.554961,0.04082,0.04156,1.02,0.0285,136.5,8.97,6
300694,130.5050884,1.20284044,0.07637,0.07741,1.67,0.0439,149.81,10.43,0
228740,218.61286202,1.08029573,0.07887,0.0797,4.96,0.3884,59.380005,10.95,0
504361,215.13673608,-1.9851832,0.03422,0.03508,0.7,0.3967,80.34003,8.81,0
550226,134.56501865,-0.48831193,0.07067,0.07176,4.05,0.2204,123.82,10.43,0
620091,223.22753175,0.38326904,0.02719,0.02788,1.23,0.3764,21.490005,8.71,0
622352,132.76327433,0.66896334,0.08623,0.08731,1.23,0.3448,170.95,10.55,0
278727,133.56086839,0.8439051,0.10568,0.10679,3.67,0.2913,81.64,11.98,1
301600,134.48740864,1.19939836,0.07117,0.07226,1.96,0.4491,44.679993,10.46,0
288748,179.99842877,1.85446054,0.07756,0.07884,3.31,0.4426,49.0,10.58,0
64041,217.95928091,-0.22097494,0.08812,0.08898,1.74,0.6863,156.55,10.62,0
559146,175.82854095,-0.55539422,0.06062,0.0619,2.42,0.5143,67.16,10.34,0
544916,217.558442,-0.84286203,0.10437,0.10525,2.96,0.1473,102.61,10.99,0
289168,181.19151437,1.80396083,0.01954,0.02135,2.81,0.2535,136.63,9.1,0
238499,214.48830539,1.63073222,0.08304,0.08395,3.27,0.2442,117.32001,10.78,0
40491,181.60459572,-0.71793767,0.07723,0.07851,2.75,0.284,33.559998,10.46,0
521769,131.08066238,2.83503589,0.07664,0.07768,1.27,0.6629,85.27002,10.42,0
318932,212.98398271,1.85808399,0.08535,0.08628,4.14,0.2923,67.68001,11.29,1
278840,133.95947561,0.83114632,0.04171,0.04276,3.15,0.2466,54.240005,10.41,0
323566,132.28304106,1.59911066,0.0425,0.04353,1.41,0.2491,128.43001,10.01,0
301762,135.1193937,1.28947843,0.07178,0.07288,3.45,0.3114,156.33,10.66,0
514022,214.04671257,-1.26845354,0.05032,0.05121,1.25,0.3436,128.31999,10.14,0
568407,214.94276204,-0.4372692,0.0811,0.082,4.17,0.2583,55.359985,10.5,0
184648,177.4014459,-1.45549329,0.01875,0.02069,5.64,0.224,59.11,10.6,0
31775,181.6672258,-1.12341264,0.08238,0.08367,2.95,0.1731,152.42,10.72,0
560982,182.4696995,-0.54747902,0.05053,0.05177,1.45,0.2527,150.26,10.31,0
319060,213.4666955,1.89498447,0.05396,0.05486,2.9,0.6351,146.68,10.55,0
371171,130.49093127,0.92989378,0.0399,0.0409,1.52,0.2284,22.399994,10.15,0
516973,130.12337717,2.37446987,0.05007,0.05107,4.03,0.2743,4.580002,10.83,0
371633,132.16755964,1.03878473,0.02881,0.02982,11.76,0.4159,21.98999,10.92,0
99203,181.70954784,0.92692178,0.07915,0.08043,2.15,0.0032,76.19,10.35,0
387080,135.17227413,2.24577838,0.05236,0.05343,,,,10.48,0
622395,133.06923534,0.68240143,0.0409,0.04194,,,,9.22,3
726781,131.986934,1.74816257,0.06604,0.06709,2.67,0.1683,44.670006,10.38,1
227753,214.83416605,1.16516327,0.00806,0.00964,2.07,0.6028,106.05,8.56,0
227428,213.4402437,1.18032315,0.05456,0.05546,3.06,0.3731,111.159996,10.01,0
325356,139.90399836,1.8272652,0.08686,0.08802,5.34,0.8556,41.98001,10.35,0
517046,130.50556873,2.39787155,0.02583,0.0267,5.33,0.814,75.57999,8.49,0
419334,139.75620189,2.70246532,0.0546,0.05573,7.87,0.8457,74.36,10.14,0
220371,181.237152,1.50824383,0.02025,0.02196,6.97,0.3537,78.880005,9.53,0
599591,132.11854651,0.27207873,0.05195,0.05299,4.74,0.8104,147.57,9.86,0
209856,135.30331541,0.11654863,0.05222,0.0533,2.1,0.4833,78.899994,9.73,0
559495,177.34230068,-0.62370978,0.0403,0.04156,3.59,0.4272,16.690002,9.05,0
77713,214.40234874,0.06203535,0.05295,0.05384,5.93,0.464,34.660004,9.57,0
594536,220.48927035,-0.16203839,0.05773,0.05852,3.71,0.6866,44.95999,9.49,0
301098,132.07783182,1.26399279,0.00581,0.00642,9.93,0.7089,1.6800003,8.1,0
511456,214.25258341,-1.27679157,0.04925,0.05014,5.3,0.8034,4.779999,10.27,0
48118,215.82366778,-0.65243349,0.05328,0.05415,4.44,0.7434,85.04999,9.43,0
204732,139.28206226,-0.2487951,0.05624,0.05737,8.56,0.8837,165.22,9.81,1
238392,214.18320896,1.72633827,0.05556,0.05645,5.14,0.699,177.93,9.95,0
619215,218.85557802,0.33435625,0.03454,0.03534,3.51,0.0859,161.98,10.19,0
227965,215.53300184,1.16992953,0.05498,0.05585,4.69,0.271,21.410004,10.29,0
508639,217.72901119,-1.5273841,0.05549,0.05633,2.88,0.7252,140.89,9.64,0
62392,212.75730697,-0.33229545,0.05474,0.05566,5.6,0.8076,175.38,9.8,1
239560,218.20944941,1.54247381,0.02714,0.02792,4.7,0.8159,40.869995,10.16,0
544471,215.68322289,-1.02871365,0.03888,0.03974,4.31,0.1203,115.7,9.6,0
298106,218.21998957,1.37083833,0.0274,0.02818,5.63,0.6782,24.559998,8.67,0
204868,139.84669827,-0.21330282,0.0386,0.03972,1.29,0.1889,138.7,9.49,0
486213,218.93299179,-1.69280609,0.04007,0.04087,3.2,0.4073,156.17001,9.02,0
49753,222.49248737,-0.63134714,0.02649,0.02719,5.68,0.3969,119.05,8.76,0
518365,136.02077507,2.79517607,0.05475,0.05583,5.11,0.7375,93.170006,9.77,0
504830,217.44069678,-1.92324711,0.0543,0.05514,2.51,0.1534,125.61,9.61,0
324323,135.5004396,1.78603521,0.05311,0.05419,2.25,0.4804,102.46999,9.74,0
183932,174.27020677,-1.60977404,0.02165,0.0232,3.8,0.1625,166.19,8.27,0
302526,138.31259146,1.3306985,0.05538,0.0565,1.68,0.2133,1.2900009,10.36,1
549708,132.56504558,-0.47672366,0.04129,0.04233,1.3,0.2269,72.270004,8.62,1
209743,134.67675665,0.19143266,0.04059,0.04165,6.95,0.4763,129.98,10.16,0
346680,134.67079601,2.19370629,0.00806,0.00879,6.68,0.7202,3.3600006,7.68,0
15154,214.28322999,0.67847229,0.07762,0.07853,3.02,0.1901,96.05,10.4,0
508416,216.93188589,-1.58702011,0.02398,0.02485,8.2,0.6721,48.700012,9.65,0
559111,175.59518134,-0.57886749,0.04313,0.04439,2.79,0.5691,66.73999,8.84,0
23434,181.60554922,1.12505779,0.02042,0.02211,5.85,0.7398,72.76999,8.81,6
619345,219.45214653,0.21685094,0.03559,0.03638,1.42,0.0966,127.33,8.86,1
79850,223.42968901,0.03930508,0.044,0.04472,3.6,0.7302,94.44,9.82,0
383130,139.90810375,2.1309889,0.02795,0.02902,4.07,0.7589,1.0399933,8.22,0
28654,211.81607375,1.06502836,0.03469,0.0356,3.14,0.2031,93.520004,9.14,0
508680,217.90221428,-1.59246628,0.03,0.03081,5.4,0.2489,78.01,9.25,0
623682,139.86924605,0.70465735,0.05647,0.05761,2.31,0.2401,143.49,9.49,0
609714,176.93616725,0.38093868,0.08562,0.08693,2.19,0.7527,137.89,10.51,0
65083,221.62489792,-0.32968511,0.08259,0.08338,2.12,0.4675,177.93,10.64,0
551576,140.62741364,-0.43842802,0.05532,0.05647,2.66,0.4273,85.6,10.07,0
376282,132.76406242,1.36689991,0.03865,0.03968,11.3,0.6965,62.160004,9.39,0
238402,214.17128344,1.75486565,0.0536,0.05449,3.39,0.4222,147.88,9.74,0
321059,220.98488226,1.60417529,0.00582,0.007,6.98,0.6296,61.059998,9.67,0
508074,215.84806913,-1.6916802,0.0916,0.0925,3.63,0.5875,47.070007,10.52,0
516817,129.30335723,2.26924787,0.03952,0.0405,1.12,0.4144,144.58,8.76,0
278349,130.42737184,0.81547425,0.07933,0.08037,2.99,0.3238,72.57999,10.44,0
600779,137.32689223,0.40589718,0.06935,0.07047,5.31,0.3198,170.64,10.49,0
511535,214.69854269,-1.18198038,0.08227,0.08318,3.13,0.0605,62.70999,10.91,0
77714,214.42481003,0.18985772,0.05375,0.05464,4.53,0.4072,88.16,10.01,0
396781,174.98272943,1.51206079,0.07579,0.07709,4.25,0.4894,161.06,11.32,0
143736,177.28799333,-1.36243627,0.08111,0.08242,4.49,0.6303,107.05,10.96,0
198307,138.94129883,-0.80737711,0.05336,0.05449,5.09,0.5561,166.36,10.4,1
136624,175.82106147,-1.64417448,0.04505,0.04632,2.24,0.5198,20.51001,10.28,0
609289,174.78625971,0.2970348,0.10639,0.10773,4.43,0.5235,2.5800018,10.99,0
250244,214.3636456,1.98002957,0.0553,0.05618,1.18,0.3254,102.450005,9.53,0
47376,212.62519031,-0.79765354,0.05444,0.05536,0.94,0.4106,50.59001,9.61,0
202745,130.93342305,-0.2122157,0.04991,0.05093,6.33,0.7879,163.95001,10.65,0
601400,139.65264225,0.3475607,0.09123,0.0924,1.03,0.2182,21.23999,10.33,0
137328,178.05720973,-1.64664661,0.08436,0.08567,2.16,0.628,55.67,10.3,0
54198,177.15680273,-0.2340642,0.04784,0.0491,9.78,0.7118,119.38,10.55,0
486872,221.88822395,-1.64566507,0.04287,0.04362,6.32,0.4233,142.75,10.43,0
137921,180.07615729,-1.7353832,0.02108,0.02271,0.91,0.2695,92.18001,8.75,6
279758,139.22271881,0.96636444,0.05208,0.0532,2.79,0.2504,49.20999,10.01,1
611000,182.8810868,0.22881258,0.07773,0.079,1.75,0.7428,36.199997,10.68,1
537004,183.69684801,-0.91797479,0.07921,0.08048,1.79,0.5167,24.299988,10.34,0
594787,221.69157201,-0.09866591,0.10152,0.10232,3.37,0.329,120.68,11.3,0
86222,185.83707214,0.58436725,0.0734,0.07465,2.86,0.57,110.25,10.74,0
322913,129.45141736,1.53769963,0.07247,0.07349,2.07,0.0635,97.9,10.45,0
23118,180.40972695,1.18268487,0.0818,0.08309,1.41,0.3399,95.62,10.34,0
859364,131.75691827,1.90218886,0.03802,0.03904,2.07,0.5552,57.22,9.12,6
508632,217.64673016,-1.66712911,0.05672,0.05756,4.41,0.2081,3.519989,10.56,0
251792,220.34346714,1.92662774,0.07273,0.07352,1.78,0.765,69.42,10.65,0
144278,179.50602383,-1.37929778,0.08058,0.08188,2.49,0.4181,64.770004,10.74,0
65418,223.05693493,-0.25942551,0.04382,0.04455,7.03,0.7041,77.93,8.89,0
544328,215.12470265,-0.90854463,0.08651,0.08742,3.17,0.1489,154.05,10.47,0
417486,131.32368836,2.2805638,0.05004,0.05106,2.87,0.012,101.3,10.09,0
54921,179.99837449,-0.29094967,0.09366,0.09497,3.3,0.1678,166.83,10.99,0
144335,179.75917021,-1.31307917,0.08123,0.08253,5.68,0.3301,13.700012,11.09,0
663440,140.6379418,-0.97045501,0.02307,0.02406,2.36,0.1309,24.26001,9.95,0
594845,222.03376033,-0.05643623,0.08569,0.08647,1.61,0.6058,146.3,10.6,0
298482,220.08104294,1.33920227,0.08455,0.08536,1.27,0.0129,26.230011,10.89,0
348219,140.72248327,2.33118759,0.08525,0.08642,2.05,0.4694,152.87,10.64,1
15318,215.09472838,0.72306539,0.08395,0.08485,1.76,0.68,160.01001,10.3,0
98880,180.31149663,0.93981778,0.08526,0.08655,4.77,0.2276,107.89,11.2,0
144012,178.68893427,-1.42965398,0.07705,0.07835,2.86,0.0581,119.0,10.81,0
177226,176.09724811,-1.85128766,0.10811,0.10945,6.65,0.4076,75.26001,11.35,0
561696,184.5883906,-0.45156019,0.07129,0.07255,2.08,0.5714,32.539993,10.58,0
519009,138.80942392,2.85198513,0.02585,0.02685,3.45,0.6797,60.73001,8.86,0
55346,181.69377646,-0.2737468,0.03352,0.03475,3.64,0.4456,32.22,9.1,0
537367,184.9611241,-0.87822763,0.04007,0.04129,1.11,0.3288,71.45999,9.14,0
136953,176.5292686,-1.76883269,0.0841,0.08541,2.48,0.7124,100.6,10.42,0
208892,130.7545533,0.16932554,0.02927,0.03027,10.95,0.4807,172.85,9.39,0
544507,215.85449648,-1.03608381,0.05496,0.05583,4.21,0.164,23.350006,9.61,0
79330,221.04734827,0.18326143,0.02905,0.0298,3.46,0.3823,162.4,8.77,3
568958,216.97916102,-0.56252679,0.07865,0.07952,3.03,0.3958,15.899994,10.78,0
402988,178.35523661,1.90543604,0.03951,0.04075,1.13,0.0769,163.01,9.4,0
508594,217.56745035,-1.57356331,0.05549,0.05633,1.29,0.3308,40.190002,9.59,0
49668,222.04018154,-0.69329703,0.02737,0.02809,3.13,0.6435,68.22,9.26,1
570090,221.89540658,-0.51579302,0.03447,0.03522,12.58,0.8613,59.089996,10.11,0
227091,212.04721021,1.28115947,0.06547,0.0664,1.15,0.3652,74.40999,10.65,1
70639,180.74175165,0.14129241,0.07891,0.08019,2.53,0.1058,177.79999,10.49,0
144846,181.78978555,-1.25257586,0.03737,0.0386,7.01,0.0766,163.51001,10.02,0
492945,218.9017597,-1.38211346,0.05615,0.05697,1.79,0.3666,74.11,9.57,0
485799,217.50334752,-1.81857795,0.0532,0.05404,12.26,0.5905,140.69,10.21,1
545925,221.83194902,-0.957512,0.03456,0.03531,8.77,0.0938,92.12,10.16,0
298139,218.50271186,1.24832467,0.09384,0.09469,2.94,0.8031,33.799988,10.55,0
512171,217.93267742,-1.23622118,0.03709,0.03791,4.47,0.7134,36.089996,10.57,3
460766,213.7918527,-1.7343013,0.04797,0.04887,7.1,0.7305,179.95999,9.81,0
375730,130.47813088,1.33811012,0.07778,0.07882,3.98,0.3954,74.08,10.79,0
209701,134.52486612,0.14622554,0.05315,0.05422,7.02,0.44,125.14,10.79,0
106772,217.27625172,0.96418075,0.03691,0.03773,2.37,0.3139,169.8,8.86,0
610813,181.88736374,0.21551689,0.04052,0.04175,0.87,0.2115,116.049995,8.65,0
324500,136.20701203,1.82454702,0.0537,0.05479,1.45,0.2735,84.91998,9.58,0
54895,179.85165558,-0.41096761,0.04743,0.04868,12.64,0.8805,115.33,10.03,0
585698,184.141998,-0.20144231,0.07136,0.07262,2.72,0.4253,29.619995,10.68,0
99038,180.8870101,1.00306675,0.07853,0.07981,2.43,0.3355,12.220001,10.31,0
422411,130.86483826,2.53693921,0.02855,0.02953,0.83,0.2438,33.04001,8.23,0
238366,214.13148924,1.6649592,0.0543,0.05519,1.83,0.3502,175.84,9.73,0
298612,220.8388645,1.34089452,0.03324,0.034,14.02,0.5802,46.679993,9.53,0
622982,136.2109597,0.7433842,0.01275,0.01358,2.16,0.1703,122.55,8.36,0
323095,130.25771179,1.57115597,0.04555,0.04655,15.46,0.5737,102.630005,9.78,1
30468,175.41327757,-1.1586527,0.07784,0.07915,5.07,0.6469,35.809998,10.75,0
30361,174.82596412,-1.13482494,0.07667,0.07798,5.26,0.3236,126.94,11.33,0
106767,217.22151238,0.99287651,0.11373,0.11462,2.44,0.2329,146.48001,11.0,0
618947,217.46263822,0.34892349,0.05592,0.05676,2.29,0.2437,178.64,10.59,0
574691,136.72337239,-0.1297642,0.09398,0.09512,3.7,0.3428,124.68,10.98,0
373167,139.73487331,1.25497165,0.0874,0.08857,3.12,0.0811,128.31,10.87,0
534760,174.94844197,-0.84393942,0.05256,0.05384,5.07,0.1795,5.029999,10.72,0
321099,221.19717184,1.62326809,0.03386,0.03461,1.0,0.1733,107.93,9.76,0
560728,181.46038946,-0.51341687,0.07798,0.07926,4.48,0.3014,62.729996,10.6,0
517310,131.73220454,2.40483398,0.03515,0.03616,3.09,0.5622,52.839996,9.26,0
387554,136.81212347,2.43603721,0.05121,0.0523,3.03,0.168,80.14,10.36,0
300595,130.13424232,1.19030083,0.11083,0.1119,5.58,0.3485,152.94,11.55,0
83809,174.299023,0.46632782,0.07644,0.07775,2.77,0.4328,92.48,10.45,0
422807,132.53173096,2.64784967,0.05877,0.05981,6.31,0.2039,29.910004,11.32,1
91399,211.79976127,0.52020689,0.083,0.08395,2.98,0.1276,170.03,10.63,0
17385,223.36890876,0.8339946,0.03487,0.03559,3.91,0.1008,75.600006,10.25,0
290328,185.66578678,1.72885645,0.0912,0.09246,5.73,0.6595,25.459991,10.9,0
599000,129.71154327,0.34823729,0.07852,0.07955,3.77,0.3437,139.66,10.76,0
17390,223.30728599,0.65649125,0.09181,0.09257,3.68,0.1676,123.95,11.06,0
298761,221.63018426,1.27475725,0.02749,0.02821,10.68,0.306,10.720001,11.1,0
231962,185.93860055,1.89012015,0.0765,0.07774,1.6,0.3444,55.930008,10.62,0
39474,177.10337928,-0.81404659,0.07816,0.07946,7.85,0.7737,160.51001,10.72,0
601625,140.92482586,0.32468148,0.07346,0.07463,5.32,0.1687,20.519989,10.86,0
422900,132.87570353,2.73276033,0.02799,0.02898,8.88,0.2711,63.660004,10.29,1
209681,134.4979663,0.17119189,0.0535,0.05457,1.63,0.2597,16.830002,10.17,0
84863,179.96745819,0.61817354,0.10603,0.10735,2.09,0.5575,4.2300034,11.57,1
301599,134.49178662,1.19852465,0.07309,0.07418,3.73,0.1141,33.98999,10.94,0
622476,133.64846172,0.64088114,0.10312,0.10423,4.11,0.4721,74.5,11.0,0
508004,215.429487,-1.67803649,0.10216,0.10308,2.83,0.0205,35.820007,11.25,0
287692,174.50646892,1.70248176,0.07382,0.07512,9.04,0.034,30.589996,11.36,0
619066,217.86379525,0.25512835,0.0545,0.05533,7.72,0.2931,111.55,10.83,0
272424,179.29330091,1.34598269,0.03632,0.03756,11.01,0.375,29.620003,8.82,0
693088,215.5922049,-0.38331791,0.00522,0.00648,,,,8.79,4
944933,178.44418386,1.19294036,0.07059,0.07187,,,,10.4,3
595027,223.1331309,-0.16634394,0.04247,0.0432,7.16,0.794,115.909996,9.88,0
62954,213.87221642,-0.25669488,0.02577,0.02665,3.58,0.6429,128.18,8.23,0
49363,220.73597626,-0.81084187,0.04499,0.04576,3.23,0.1691,9.389999,9.41,0
517594,132.99774725,2.54344202,0.02851,0.02952,3.89,0.7477,88.390015,8.97,0
209708,134.61898748,0.08804292,0.02845,0.02948,4.17,0.7216,171.72,8.66,0
49730,222.29648223,-0.70189092,0.04347,0.04422,2.43,0.0138,82.76001,9.51,0
251110,217.24322975,1.95141964,0.03389,0.03471,6.59,0.7282,162.53,9.47,0
85807,184.08645965,0.43078359,0.08249,0.08376,1.89,0.3986,2.5,10.31,0
299058,223.19170431,1.29192586,0.04375,0.04447,0.68,0.4245,47.20999,8.89,0
558996,175.10386626,-0.50242396,0.09342,0.09475,4.32,0.795,71.609985,10.46,0
36894,211.94482084,-1.04996957,0.026,0.02691,7.05,0.8246,120.7,8.84,0
618921,217.39692549,0.25319352,0.10174,0.10261,3.42,0.3733,64.2,11.25,1
321344,222.77788599,1.60352183,0.04416,0.04489,3.87,0.482,30.36,9.35,0
23148,180.49315302,1.08752973,0.08507,0.08636,2.84,0.32,175.7,10.35,0
573756,129.98087125,-0.18774618,0.02437,0.02518,7.4,0.8345,146.04,8.55,0
239424,217.72488288,1.61239724,0.03349,0.0343,4.02,0.8153,28.369995,8.88,0
228124,216.17929722,1.20524616,0.03799,0.03883,5.17,0.0711,52.17,9.33,0
77707,214.32981124,0.05099897,0.05287,0.05376,3.77,0.3737,34.76999,9.76,0
296593,212.48175832,1.47678175,0.04635,0.04726,5.28,0.1719,135.83,10.43,0
550389,135.50416641,-0.5645536,0.08878,0.0899,3.11,0.2143,1.2200012,10.58,1
238399,214.27078113,1.70705621,0.0525,0.05338,3.13,0.7015,71.0,9.42,1
622588,133.90545542,0.74195958,0.02867,0.0297,3.55,0.5613,66.06,8.31,0
386651,133.31942708,2.24300988,0.03474,0.03577,7.9,0.679,146.94,9.03,0
229369,222.10268756,1.03927113,0.02654,0.02725,5.04,0.2897,18.600006,8.54,0
296899,213.95198173,1.39134279,0.05221,0.0531,1.41,0.6489,47.960007,9.54,0
77373,212.98003351,0.07655211,0.03951,0.04041,5.5,0.4991,3.880005,9.0,0
522127,132.68137454,2.9278422,0.02789,0.02887,2.98,0.5001,40.58,8.42,0
184237,175.73812048,-1.53912642,0.04337,0.04464,4.01,0.7787,143.42,9.42,0
47243,211.90713752,-0.80673361,0.05322,0.05415,2.49,0.5203,50.660004,9.89,0
622534,133.76179264,0.76103057,0.04135,0.0424,4.12,0.642,120.03,9.09,0
505575,220.3612362,-1.95805491,0.04102,0.0418,5.35,0.475,19.149994,8.86,0
77226,212.37280091,0.14367008,0.05411,0.05503,3.69,0.4243,73.869995,10.32,0
40197,180.03405742,-0.66341702,0.02054,0.02223,4.12,0.5339,2.4100037,9.63,0
463367,212.69763014,-1.31421459,0.0545,0.05542,6.39,0.5125,162.28,10.4,0
402414,175.02731635,1.91569442,0.04563,0.04689,5.08,0.8111,106.630005,9.52,0
