plateifu,Vs_1,Vc_star,D_lo_1.0,D_mid_1.0,D_hi_1.0,D_lo_1.5,D_mid_1.5,D_hi_1.5
10001-12701,97.52199692372665,112.40537933853068,7.04512548604635,-3.6837149381688525,-14.412555362384053,12.539999799675329,4.0829251931146535,-4.374149413446036
10001-12702,97.5803153364333,104.8337113189436,22.25831237110771,18.884456856194934,8.88528513974792,11.97212663818887,-0.7862831122826119,-13.544692862754092
10001-12703,145.56000084051647,167.48122495201423,6.554353813020867,-4.810595578901823,-16.175544970824497,-1.10847757707188,-14.15653772959957,-27.20459788212726
10001-12705,142.3431148244414,162.29225701453566,9.71973312496965,3.395408716664926,-2.928915691639811,5.894869058672509,1.3875386104401262,-3.1197918377922687
10001-6102,184.07271621675315,225.5062622444932,22.595325845413367,10.592144675063007,-1.4110364952873495,-5.225538434678899,-12.185844783730484,-19.146151132782073
10001-9101,68.81864038584857,87.0508477466328,11.248066290454261,0.12787964010910008,-10.99230701023606,20.097163570362937,8.482651198318568,-3.1318611737257847
10213-12705,159.67051892271527,172.61061258465418,20.124633230423285,15.27534885965324,10.426064488883174,-4.1826238193050616,-11.579221353798145,-18.97581888829123
10213-1902,190.46912102922897,214.37612080884642,8.674471552403029,-0.6746142916579941,-10.02370013571902,,,
10213-6103,292.6182244926927,324.3213308727223,,,,-41.856004543474725,-49.87076937660369,-57.88553420973265
10213-9101,172.71489234619474,194.31254029010933,-18.66582563387427,-25.956938851804903,-33.24805206973553,-2.08449829915869,-9.047676711433953,-16.010855123709213
10214-12701,136.106836117825,152.23488886990407,-2.696606567225204,-12.29464937515835,-21.892692183091484,-24.34249237906565,-32.68024981602373,-41.018007252981796
10214-12703,281.41246226518626,311.3939091531783,29.403764295421407,28.447974294355568,27.492184293289725,-15.779338910612113,-25.36221732966543,-34.94509574871878
10214-3702,230.45197549632428,306.2828498470979,-90.21636013672382,-31.40468612544721,27.40698788582945,,,
10214-6101,30.592197506171832,84.49716973221331,19.33864578209182,-26.564914561425585,-72.46847490494297,4.924891158933073,-23.826598567729146,-52.57808829439137
10214-6104,94.84193247543097,110.94841399253768,11.670533092297541,0.516350614130587,-10.637831864036363,13.330449850371664,8.141195285796984,2.951940721222303
10214-9102,318.1555308381734,370.0489534362135,69.36789132968306,49.15105598370633,28.934220637729602,63.30880494233858,48.8172368234459,34.325668704553266
10215-12701,219.7449486407177,295.38379408626935,60.77218163399246,20.48363614738712,-19.804909339218224,35.53952550034455,-14.668107165244626,-64.87573983083382
10215-12702,133.5056409533477,143.05485960500283,21.327843012331396,14.02324010225615,5.828555423825281,7.3042711549764405,0.7005930625468074,-5.903085029882825
10215-12703,82.85969762275205,91.20610608896268,-1.2938355727124962,-8.270242502418746,-25.012358557253926,33.32014059551949,15.262461617644343,-4.747621754894988
10215-12704,277.4389892329842,290.4283013851258,-13.797650799719198,-12.360480791891115,-10.328879493219086,,,
10215-3701,47.47158609959306,56.07939479554328,19.17565039223435,13.592797882427334,-0.3981216501909251,6.883052594224004,-30.133637955786178,-68.2094147972149
10215-6102,84.81019030025499,122.60850225262165,-21.358722973760212,-41.28863855455686,-48.90925083304666,-8.27114769207465,-9.750141418153154,-8.509920441460556
10215-6103,95.45697965349055,110.53415529020089,-59.27175800470498,-58.76891043627112,-58.26606286783727,-73.94078952391001,-80.73386814608077,-87.52694676825152
10215-6104,163.57420498743787,204.09685088650207,70.29469938558539,49.867182422886565,29.43966546018774,38.31660957877918,21.336188434852982,4.355767290926786
10215-9101,106.96549198153711,114.2307162411166,9.987660021465837,6.663572831374594,1.9313570115595526,11.317464982609849,5.313880792474649,-0.6897033976605538
10215-9102,117.70327716407661,153.84427946072975,28.231165663599434,17.419179250930632,6.607192838261832,31.710181716134244,27.953517886083617,24.196854056032986
10216-12701,113.47726147353004,135.95616396019633,1.7019274502209747,-2.72057739571768,-7.143082241656331,11.612489887625715,7.89759938537453,4.182708883123341
10216-12702,155.744484306502,188.34838918362956,-8.96271726752291,-22.014861663071716,-35.06700605862052,-5.774777831645067,-14.042589976223208,-22.31040212080135
10216-3704,161.6754837862314,231.74822012215978,78.01172081446612,103.92229628026477,129.8328717460635,6.041405418391226,4.527291428042513,3.01317743769381
10216-6101,207.97856302902153,236.68552550259682,10.289647359967951,5.845333046783052,1.4010187335981394,-38.25526639315569,-31.49086882728802,-24.726471261420357
10216-6103,137.78787395034504,184.9842503187599,44.91987548537091,36.18996456317554,27.46005364098016,32.65234386301573,25.695874693263317,18.739405523510914
10216-9102,261.78348728881366,303.28849113605645,27.270149651701136,20.453471670265365,13.636793688829567,-21.470880680418833,-25.407976667874696,-29.345072655330533
10217-12701,142.38572434751472,149.27368577608323,12.630307878231239,8.335472373216646,-0.4092802266213753,-0.7251866552303692,-11.4092929900615,-22.093399324892644
10217-12702,150.61157896900966,176.8007778964527,2.948372965328435,-8.851718735715451,-20.651810436759348,-1.1577208533475924,-9.212178246699546,-17.2666356400515
10217-3701,153.18644430642507,208.86082586952472,-0.07442837553958412,-6.402054721479385,-12.729681067419168,3.6399327544049913,-0.9723212072805681,-5.584575168966123
10217-3702,157.98906992442917,226.4110285479865,105.96176806294743,90.85821319339351,75.75465832383959,54.03789487004443,32.046727874815865,10.0555608795873
10217-3704,202.9765378856328,282.50488794812975,75.9891625137123,57.44284374648834,38.89652497926435,43.99193814826393,34.32606651606665,24.660194883869398
10217-6103,133.4097816105993,171.17370202995326,-69.16199713544948,-69.16352192386671,-69.16504671228391,-37.03287521648124,-38.175514072691385,-39.318152928901526
10218-12701,185.3145446427572,203.21186575978987,1.6196772128832697,-3.9505542991103457,-9.520785811103961,3.1792831528043695,0.11693977363812652,-2.9454036055281145
10218-12703,158.5750429628495,218.34343371052984,52.37770401633049,14.522215251009667,-19.164026622763437,-108.89396023914087,-129.86518027827367,-150.83640031740651
10218-12704,73.55617412894465,88.8651101194268,16.653587657163527,4.5444890841587995,-8.744187114408318,8.680695571668162,-17.13816255742761,-42.957020686523386
10218-1902,124.44902011934387,217.59223381499896,40.57478784043252,-1.0085206282466512,-42.59182909692578,14.482930538608501,-9.633009228017182,-33.74894899464291
10218-3701,154.80222974138505,179.96879599860844,0.9104603998759366,-7.613223042173288,-16.136906484222518,5.014920861556081,0.4584390913798702,-4.098042678796338
10218-3703,224.3531372290801,253.0165820369672,-6.973439931132223,-15.956415234460913,-24.93939053778962,-27.916028144504804,-35.87200073350576,-43.8279733225067
10218-3704,114.03980321240657,139.74758967544403,-4.057492370919873,-12.082625743942872,-20.107759116965862,-3.3511591991583733,-7.818313661955298,-12.285468124752226
10218-6102,208.95317398602606,233.64369932302446,19.812381769371576,8.374767531087564,-1.6775559270566667,-8.065880852725984,-7.750928434409471,-7.435976016092979
10218-6103,74.41259704239988,123.80021817804193,14.456866696992627,-26.84217648391635,-68.14121966482534,-12.578090463953611,-40.432196338354224,-68.28630221275483
10218-6104,107.08323469784817,145.78446426089488,71.96878863248828,54.532716254936396,37.09664387738449,53.81496337506733,40.13468487272137,26.45440637037541
10218-9102,41.26133758173275,50.30126507416362,42.47764119620428,40.51453160379048,37.22127835778076,31.614901144585907,22.639199991442382,13.663498838298851
10219-12701,103.4696285933858,115.0300397409947,-0.030149901876887902,-7.415807161080873,-14.80146442028486,-10.629744580304544,-17.144333335181223,-23.658922090057906
10219-12705,62.59970686292086,84.39219132848771,13.920627678030874,-4.1663465503873,-22.253320778805467,10.442096317057747,-5.690230024946728,-21.82255636695121
10219-9101,72.4805297160674,87.01380266316562,10.312267574599359,-3.062180246989248,-22.38012967839346,10.76604398773616,-6.101676459393731,-22.969396906523613
10219-9102,151.10086179140959,166.45815311216396,11.189468005460006,2.897036842942102,-5.395394319575814,-1.445013833750827,-8.576882334709945,-15.708750835669061
10220-12701,113.07488511818235,136.41437505077627,17.506906417865483,8.41072056306227,-0.6854652917409431,24.01891213737953,15.93837032755447,7.857828517729412
10220-12702,188.92542267762568,224.07575317805308,5.390956954669353,-10.623855300315105,-26.63866755529956,14.305110097334756,7.387187410322439,0.46926472331010627
10220-12703,47.39883609162304,53.74258676717792,15.597596413148626,15.064441810259108,-18.082060273185412,25.74784078244151,2.5845555188471447,-49.65554187874422
10220-12704,92.42955693260306,104.87800283194616,39.428353175326286,35.287637487979474,27.89656261601133,31.54181984576525,10.772572446615362,-9.996674952534516
10220-12705,210.53356054938646,220.06015379108564,20.078979853137152,15.655836579254776,11.232693305372388,19.544620188511633,15.777623027648305,12.01062586678498
10220-1901,47.6959829309689,129.3422892240122,126.72393386170023,91.10206827973144,55.48020269776268,107.56524177650779,70.09270216709075,32.620162557673666
10220-6103,217.11137015149708,253.31130567630888,6.47732306410062,-8.458715038172658,-23.394753140445918,6.439692667368407,-3.77500331983197,-13.989699307032316
10220-9101,190.3706761582607,213.85194112623972,14.393770748896728,6.892053731449336,-0.6096632859980512,8.93498082973229,4.007781673287386,-0.9194174831575196
10220-9102,63.857589508576794,77.75311932467031,6.839357196124709,-4.69772777204694,-20.986982590857686,7.8850056334367595,-7.297656956519651,-22.480319546476064
10221-12701,98.8205574532191,141.53123588098333,52.08176036694101,35.67005922175549,19.25835807656995,43.012627070078665,25.72358233027079,8.434537590462918
10221-12703,60.77438906861503,101.55952329377459,-8.31684271710692,-34.08131943953599,-59.80474919332939,-0.14121019610192836,-5.554390295264674,-10.967570394427412
10221-12705,81.07352869694068,99.60288152413365,-10.10417329900258,-23.90274159792919,-37.70130989685579,,,
10221-1902,81.7494420668208,102.52047476333915,-0.6024107065246201,-11.633458437375538,-22.664506168226456,-5.400136951789103,-11.954569303995326,-18.50900165620155
10221-3701,98.50500145435099,141.55228185331475,42.5836696594874,37.32450737492613,32.065345090364836,12.20347178394242,3.50416164791929,-5.195148488103859
10221-3704,83.73907109546563,100.62842560758405,8.273170498947925,2.1985828601479174,-3.8760047786520935,5.3487941856445556,1.772867877393428,-1.8030584308576991
10221-6102,286.4281560156618,318.1013705029354,13.20846103982587,5.286320285141065,-2.635820469543741,12.492316318697258,7.204131325979465,1.9159463332616542
10222-12701,146.42190578588287,191.433843884668,-26.479994058569666,-43.6745976527009,-60.86920124683215,-34.148823339660055,-39.760511594588785,-45.3721998495175
10222-12702,249.8993246220073,265.8963911121421,14.115338258920398,6.4223203275926455,-1.27069760373511,-7.714958763661233,-15.689852817665557,-23.66474687166988
10222-12703,98.3809718822174,105.84533853541292,22.43154352198134,19.469708747890703,15.99646999183185,18.763097505200122,8.453593931576965,-1.8559096420461887
10222-12705,100.40870999461411,101.17976723547426,14.135111735448895,15.955571328556289,3.91257596642727,8.576153320840616,1.935384313224687,-23.35172183711486
10222-1902,101.44510396426259,123.533426805563,-21.240863379721823,-32.41300775355891,-38.21712739908851,-38.32982753701497,-37.437012277821694,-36.54419701862842
10222-3701,197.501082297555,211.99710018970075,-7.868585680797302,-13.022303296216103,-18.176020911634907,-76.93849953955892,-81.2810555509413,-85.62361156232369
10222-3704,241.4316198854893,265.7868505013857,12.025111571627207,-5.115116224874393,-22.255344021375958,-57.79980757818675,-108.63545930020948,-159.47111102223224
10222-6101,263.2615325706259,303.2459728603131,35.222971024214296,17.088057950797456,-1.0468551226193579,40.237946371482984,28.32106560830635,16.404184845129706
10222-6103,135.18402972161954,148.54845208271263,16.67753223386362,10.738971057370524,4.8004098808774165,14.051966216686225,4.8497999281332,-4.352366360419835
10222-9101,45.05357660747244,56.507874108902094,20.141903253907603,14.178940276508198,5.007216471971831,18.185797927478674,5.028742172745297,-8.128313581988078
10223-12702,74.69361364026165,94.5394299813252,12.343362745720755,2.536415403437513,-7.2705319388457355,-16.966234016633067,-32.55375991221693,-48.1412858078008
10223-12703,104.07118522635336,124.37463332333277,9.25153806737336,-0.5065861614622275,-10.264710390297823,2.0417910313146796,-4.525416503124904,-11.092624037564473
10223-1902,57.86696351147757,74.8541639324948,28.53860440618092,16.407540990410105,-0.7006649012754681,33.570825156499566,9.819023206073794,-13.932778744351973
10223-3701,175.77854759928178,298.80597115555327,-13.120541734677115,-83.30416449922227,-153.48778726376736,-48.14152690256481,-101.971210244813,-155.80089358706127
10223-3703,155.45904912802666,188.7279783925196,20.49649437854294,10.270288988531266,0.04408359851961452,-1.684322583547073,-6.688717797793201,-11.693113012039328
10223-9102,90.97338572186399,110.22324856126515,15.943548314837852,6.776580402120817,-1.7942814365367272,3.0069530391491384,-5.064966274006455,-13.136885587162046
10224-12703,224.1626809541264,238.7598020024228,2.3388348471026026,-4.454533299159447,-11.247901445421494,-42.191026758033836,-51.289700574856944,-60.38837439168003
10224-3702,72.41931441992648,145.76075530126474,25.991223013801108,14.628638109413705,3.2660532050263043,-109.70886494423173,-114.20803651275679,-118.70720808128182
10224-3703,97.31522715095355,109.50011921047587,4.374736831872302,-3.8680599087956034,-12.110856649463503,8.225724467959168,-5.6811534611785195,-19.588031390316218
10224-3704,152.6921693301969,240.4478345697393,42.00402422692542,14.060676746272062,-13.882670734381302,,,
10224-6101,126.60725387842191,136.84065765011803,11.57551005761078,4.248983793699356,-3.0775424702120673,20.968406695536697,12.690495873782176,4.412585052027657
10224-6103,128.09054133508562,144.08863001213456,2.985660100716693,-5.324290693811247,-13.634241488339203,12.822734131507351,7.3750437573597845,1.9273533832122183
10224-6104,37.998677962082816,67.22300928150607,33.216750916490554,12.692335298318287,-16.559822283892068,32.00791277239105,-4.099893709136263,-40.207700190663545
10224-9101,163.82321242320788,189.64016835454112,9.789003814743253,-2.6750555762306187,-15.139114967204469,3.2716068962323734,-6.74329142368787,-16.75818974360809
10224-9102,133.29579236540442,145.7279909195222,6.0090114558747185,2.097549480029422,-1.813912495815877,7.29877643012029,2.6577748408185746,-1.9832267484831507
10225-12701,91.15725004587081,93.9304955359505,32.58320831094802,30.194659082019257,21.990561832964776,28.168840756890532,11.987842830517154,-14.000043245375112
10225-12703,79.19803170576142,83.62067724338328,7.959800643900863,5.365301398966798,-1.6526284089319137,-17.67665057232807,-27.42793415720137,-37.4743760592076
10225-3701,95.2410678949101,128.45452860896313,-31.649715484049132,-50.69360871408095,-69.7375019441128,-27.33954769331536,-32.875671106163544,-38.41179451901172
10225-6101,74.38652968265889,111.35291871919031,-17.15925270312302,-32.440509387523484,-47.721766071923945,0.659544341496478,-4.725821966839955,-10.111188275176383
10226-12704,166.7872793098826,198.98628275200969,13.949723888878266,2.3384019395505806,-9.272920009777087,-0.9903409787116586,-6.327910571572541,-11.66548016443344
10226-3703,118.63792828933086,146.28706163778952,13.279473181608465,0.9520077857893431,-11.375457610029788,8.741486789290304,1.0138617276745934,-6.713763333941118
10226-6104,158.56600866441372,194.85926139837156,-5.523499188618627,-7.458439569614743,-9.393379950610875,-20.48530796488977,-2.749242147188873,14.986823670512026
10226-9102,183.6942879196121,299.2732266281605,66.71386194589827,14.031297509082178,-38.651266927733914,17.8572555082867,-16.607945054050337,-51.0731456163874
10492-12701,230.95488601368356,249.86688970985986,-3.861354387913221,-11.864301483462748,-19.86724857901226,,,
10492-12702,116.20612999434135,144.9275217981561,5.157282285403425,-3.6547841668948053,-12.46685061919305,0.09690710583812767,-4.8427587363500395,-9.782424578538196
10492-12703,163.42331549283725,171.88011927011524,-51.212018167087095,-34.57247196182871,-55.47808970867536,-45.5680403369478,-74.43389234780169,-173.55905566289056
10492-12704,146.59043992243423,154.98768047876763,7.487443590445274,1.1180890835865236,-5.83719364130833,-2.8568034143088092,-14.26367129783484,-25.67053918136088
10492-12705,292.73108910810276,319.21525299297485,-68.87418465561437,-75.30396329134832,-81.73374192708229,4.536611526361256,2.7226784979574545,0.9087454695536534
10492-3704,142.7377020666397,188.3518941243305,8.198375587164362,-1.1333271738029553,-10.465029934770243,8.979798506150223,5.653878190994361,2.3279578758384813
10492-6101,84.26101119864329,96.87208447903727,-0.9186246463240797,52.16806235197415,105.25474935027236,21.365779729447368,28.852459313364836,36.33913889728231
10492-6102,248.02179730784323,292.5884814718813,17.13971826383596,2.585294608587065,-11.969129046661834,2.0546567160641445,-11.355855811748715,-24.766368339561573
10492-6103,136.28704397876635,163.83642778091485,-54.42136045969237,-24.933857634353444,4.553645190985475,-34.074957975698446,14.105445346681247,62.28584866906095
10492-9101,130.11007596203845,151.70196754286667,19.203765519811423,14.180109561233792,9.156453602656159,49.73527698235707,47.27922565814474,44.8231743339324
10492-9102,137.73469036610715,165.2652544439387,6.004737806387049,-4.967738039500839,-15.940213885388737,-17.251433860847158,-23.88725008512865,-30.523066309410122
10493-12701,172.15982178918935,223.64022412535587,19.62498458608627,-2.323449143566614,-24.271882873219496,-5.213085053846537,-22.23907495764289,-39.26506486143926
10493-12702,83.1162875504066,102.13475363211373,21.047802766680334,4.936662996374923,-17.36534046649181,20.770425810670865,2.9820604385023595,-14.806304933666144
10493-12703,56.68392043896234,84.47629546279222,10.422302638724808,-9.460088357700801,-29.3424793541264,1.011165246128246,-9.272503946960015,-19.556173140048276
10493-12704,95.5737380650029,123.57613074472057,11.9617672239152,-5.8132957973189106,-23.588358818553015,-10.075695511360065,-23.808026242415384,-37.54035697347071
10493-12705,92.3449140472785,105.69078652270554,5.2642924397206805,-4.846943045907902,-14.958178531536483,-3.050283932144144,-9.306118716421341,-15.561953500698536
10493-9101,65.91425377325872,90.00664661734072,25.826482767349695,5.562267641374946,-14.701947484599804,14.688550689352983,-1.1852507507607106,-17.059052190874407
10493-9102,92.42088279692801,107.3003504472863,-7.15920959719398,-20.909452804827755,-38.05605075283752,1.3144638804245847,-17.177869231304054,-35.670202343032685
10494-12704,3.9721214356778582,278.6539649731633,552.10078575969,428.95072332871985,272.39226028655736,449.2413017536963,283.15880752484225,117.07631329598819
10494-3704,77.76729550249136,82.63394909509634,9.01758153510889,10.867376424232155,14.306073942819372,9.981196106784326,12.635115208442862,15.289034310101398
10494-9102,148.13679839412595,163.62291596521757,10.11481162204981,3.9366502939381625,-2.241511034173475,10.195977681531083,4.023866290184379,-2.148245101162316
10495-12701,270.6443151942238,290.3942867625091,39.95834692671456,34.11983045496625,28.28131398321792,36.14986198274626,32.74913046172426,29.348398940702296
10495-12704,182.38373171286713,202.00407238141355,8.068836075002523,0.8039154048723006,-6.461005265257924,7.528219746028765,2.7977772043353757,-1.932665337357996
10495-12705,130.9714557798529,160.05831567062467,4.18710852897716,-5.842296174777112,-15.871700878531376,0.4200078682182598,-5.771691379997918,-11.963390628214102
10495-1901,178.62102760757753,200.16465657400093,22.21275322382509,17.667402682351543,13.122052140877976,56.25915378100038,53.82110497980543,51.38305617861049
10495-3702,98.27613701163979,110.20619019478617,36.20369492890862,28.5323709644878,15.434089970237425,,,
10495-6101,349.7584361344988,393.250663007259,-129.93699199866518,-79.30993579659693,-28.682879594528618,416.2637312461564,412.69744071215746,409.1311501781585
10495-6102,172.17270485868923,237.80018191797652,-10.264494315593687,-35.05947516422898,-59.85445601286427,-19.21829967426609,-32.13756495131839,-45.05683022837071
10495-6103,136.02295647524994,186.22857884961277,67.12707800231946,45.658940018613436,24.190802034907403,37.3623636527894,19.991227509108867,2.6200913654283413
10496-12701,175.86172965178815,212.00891747904618,18.440665164448095,5.724656865420533,-6.991351433607028,11.610076565764007,2.787128987882178,-6.035818589999631
10496-12702,309.99277430862213,327.9910077714939,4.4899298319430745,-2.8914795172966112,-10.272888866536276,5.100703383076174,-4.560471668306299,-14.22164671968877
10496-12705,125.61508079855476,144.1781117518203,25.01432171914917,13.312368781479917,1.6104158438106628,13.353218776504821,1.8570288579901617,-9.639161060524486
10496-1901,127.55212996279643,224.5143072007943,51.707975572201654,-14.283984136995366,-80.27594384619239,,,
10496-3702,130.938435100195,179.59939811622888,51.428989478489626,22.96721505574346,-5.494559367002719,44.47306725379872,14.88411167036334,-14.704843913072015
10496-6101,126.18967264254235,165.98813123086995,21.228407337526626,-1.3395018548068105,-23.907411047140247,-19.945694263507793,-41.04800922705712,-62.15032419060644
10496-6102,112.02690399962691,140.09016135652155,4.094810862941783,-12.517089532982782,-29.128989928907338,35.05729899298839,25.160906015679124,15.264513038369856
10496-6103,92.0702156643687,94.46029853651909,14.179972603008709,16.187101564477977,-4.042076700297958,19.06286777616385,14.033165801897228,-5.116197454014393
10496-9102,97.51562780087123,103.49062944644574,19.164648409171477,16.770955295799485,14.820306200874038,18.995555542349855,15.950321537818203,12.905087533286551
10497-12703,113.82046378292151,121.40239308627321,22.694367276594384,19.892617937270302,17.0908685979462,10.659469650561466,5.313492953431301,-0.032483743698849196
10497-12705,101.2522633568838,114.1440347092004,14.301041705629384,6.089498214417785,-2.122045276793818,16.138192096286176,5.023459342497552,-6.091273411291072
10497-3701,63.97686706309428,90.62550470380319,22.354436982401655,1.5457090937856117,-19.263018794830433,6.842924534944171,-6.567705646741279,-19.978335828426736
10497-6103,80.12672246924123,85.88471742292667,-12.104683434469989,-18.556934694952297,-23.032164326318487,,,
10497-6104,99.24094011891283,111.47774613347053,22.66646251530645,15.31218449403783,7.957906472769212,-2.9923614896573643,-11.5320658936336,-20.071770297609834
10498-12704,120.01557293120923,129.77823108238448,3.479788963711895,-2.9864653879282517,-9.4527197395684,-4.913233600167263,-11.766134918477,-18.619036236786737
10498-12705,145.48818268449207,161.38169003434817,8.80898393383915,-0.9422085019972473,-10.693400937833657,-3.2050631543204378,-13.816307103183801,-24.427551052047164
10498-1902,238.514571798658,353.5307201855715,171.43847684527876,125.41216057406199,79.38584430284524,180.70280248590115,148.43993401525333,116.1770655446055
10498-3704,122.75007627304812,152.54738699609356,9.375114598788176,1.5182487100230688,-6.338617178742053,13.019254852822884,9.846286139100014,6.673317425377146
10498-6101,178.072006200453,233.96000796020013,360.1395653640164,401.4488546964229,474.65236735738824,304.6924458779932,508.1594591448964,711.6264724117996
10498-6104,153.70864819275667,194.33999070905855,28.47146777568776,14.681942776983355,0.8924177782789514,0.9585070242143338,-8.552108620757643,-18.062724265729635
10499-12701,83.59329136035784,91.64406529076825,8.797813527349264,3.5011435698161213,-14.111197424233085,,,
10499-12704,280.2471898560326,301.0145759138937,11.093937919403503,2.7311108515058358,-5.631716216391829,19.348598872007894,11.443362827287839,3.5381267825677636
10499-12705,68.11633340755162,96.28458741785816,22.271490557082938,-0.16101293486292972,-22.593516426808797,-7.3567142736006215,-22.739248231271194,-38.12178218894177
10499-1902,,,,,,,,
10499-3702,127.38434774426945,160.83729764800384,8.373914561794116,-3.6561426728525626,-15.68619990749922,1.8661264707965541,-4.45235575021649,-10.770837971229545
10499-3703,113.2730964054133,143.1347487584441,23.419306352663423,9.44670191368553,-4.525902525292369,16.934519442937788,5.916033138142829,-5.102453166652133
10499-3704,126.56875829881555,147.889697860173,20.11676282055755,11.22754616399172,2.3383295074259043,-7.66280115690098,-16.76289458592575,-25.86298801495052
10499-6102,230.19965870722191,262.5333197762549,145.15080262518475,139.5826389638277,134.0144753024706,-159.61463548991472,-155.00316589413424,-150.3916962983538
10499-6103,66.10837060457447,81.78540346634885,24.58974293562844,14.01041309359649,-3.0012903708151324,14.127633662709394,-7.278075981109852,-28.6837856249291
10499-6104,134.24446602360004,316.66100090336977,297.2895405139866,256.7154557172606,216.14137092053448,,,
10499-9102,233.89237654234103,334.24219914823243,-51.350347595087,-86.2052157608852,-121.06008392668338,-58.70059930247554,-73.91074091855005,-89.12088253462454
10500-12701,283.3802364136341,344.8937653796702,17.767887491923826,-4.751944883702784,-27.271777259329422,-16.524755213415162,-31.200588754610212,-45.876422295805305
10500-12704,168.47191615982803,203.9777565930496,-3.022942057075688,-14.752367689663187,-26.481793322250688,-14.479959208959201,-21.348603619100174,-28.21724802924115
10500-3702,127.59171166068806,186.0131105234049,17.488970556358396,15.174181423494298,12.859392290630193,14.593761483516312,26.47797462749415,38.36218777147201
10500-6101,124.6341370796736,151.6656574883638,37.93323172472928,23.11379080529165,8.294349885854002,20.972559256573977,8.08229822538853,-4.80796280579691
10500-6102,63.79448827389501,83.58646359487209,25.650254611793063,8.251585066335595,-10.806771872598532,39.0678645478166,23.602560389149787,8.137256230482986
10500-6104,252.32459374134297,268.6620275511839,0.04594045183735455,-8.33415699912855,-16.71425445009443,-17.853805171067936,-23.59286027046116,-29.331915369854386
10501-12702,153.14925857873757,158.3646365737855,17.348017850791464,14.267096653507144,11.186175456222838,-16.68976509890247,-21.493287492406363,-26.296809885910278
10501-12703,84.8766481085232,103.44866492208388,13.621136420020973,9.725665141153355,5.830193862285737,27.05663686609811,24.652360516011846,22.248084165925587
10501-12704,184.27570188764693,189.51491797170402,3.0685410088502967,-0.09021738311387996,-4.385126596963367,6.680818477260216,-0.9350022035164646,-8.550822884293142
10501-1901,105.94646917710644,141.15171258619037,36.902585897998726,23.337729959057132,9.772874020115523,2.0604537994471928,-11.48064935236328,-25.02175250417376
10501-1902,86.70142993736376,180.26221597789376,0.5002109733708258,-12.85354889601051,-26.207308765391854,-1.22391499507189,-5.91122913100821,-10.59854326694449
10501-3701,,,,,,105.17942586337757,67.13731904070275,29.09521221802795
10501-3703,116.3557955878236,121.47914422894026,26.875030603218054,24.89160238094245,22.908174158666856,15.361865181196158,9.250513650942674,3.1391621206891913
10501-6102,159.89923584375717,178.79178727618978,6.880612387281447,1.6866545160428594,-3.507303355195748,9.850032317110744,8.368027989267526,6.886023661424309
10501-6103,157.8598919780547,191.23681446371415,4.607408468865647,-7.837297144824588,-20.2820027585148,9.130424638694368,-5.689348064050139,-20.509120766794656
10502-12701,179.7647938377992,222.24328099769704,-11.224986145629881,-12.839127778017767,-14.45326941040567,-13.067094804262217,4.776814587169862,22.620723978601923
10502-12704,163.3131802220946,191.3978926062862,1.485368607527177,-5.441835688383881,-12.369039984294954,-12.168028143643378,-18.574215487042405,-24.980402830441417
10502-1901,102.204372543177,147.1426502282,58.57124706206547,38.161274728742235,17.75130239541901,66.384172247104,50.96963887413589,35.55510550116777
10502-1902,65.75619788572114,98.76601149271472,38.44102268386947,26.094106612261452,13.747190540653433,31.950292979909356,23.922971043222823,15.895649106536295
10502-6103,130.21281912820584,139.99684901311932,5.054356831647356,-3.3479114746694996,-13.307362348234612,35.87214554593877,19.83371633687632,3.7952871278138556
10502-6104,115.12485333041113,129.2296416590929,41.728657446624915,37.67936162722609,33.63006580782729,36.66779438999168,32.24115934201127,27.814524294030885
10502-9101,67.07195818761475,183.00474027199306,207.54642761221015,181.63305268209885,155.7196777519875,,,
10503-12701,78.53705994051258,96.84419291832592,14.176550931968748,-1.1592789363132785,-21.67351244717042,-1.8274598760553662,-18.544082174200987,-35.26070447234661
10503-12702,170.58922781174158,184.04817519653417,8.42377340460208,-2.389423117216876,-13.20261963903585,5.2735206525199265,-6.633325919203623,-18.540172490927176
10503-12703,215.24385874278934,241.85457420881332,1.710569295639894,-8.455423130453989,-18.62141555654787,26.73092912077784,22.840233700490394,18.949538280202958
10503-12704,121.3018266161583,138.80925281421597,-6.482225739065102,-17.698734290849355,-28.915242842633614,-10.664349540301995,-22.22877150302939,-33.79319346575678
10503-3703,76.95093266624825,103.00989179247007,-8.030352026147112,-20.191442636377545,-31.54367119892433,-20.16286796190595,-24.943751156171707,-29.724634350437473
10504-12701,98.79945250268976,132.58547001982697,24.909377025479458,11.309071352306379,-2.291234320866683,10.555264768521265,1.3115723201818021,-7.932120128157663
10504-12703,75.53571479327854,76.49756483503877,20.37309616947694,21.860020138678028,0.6790230736901435,50.295847241021654,41.821191928435006,8.526730343963077
10504-12704,117.53525641017748,132.53181984458595,15.410161295384974,4.706860645557741,-5.99644000426948,4.036988660768554,-10.784519324605542,-25.606027309979623
10504-3703,134.11288912183886,190.47216565385125,-12.788983743914194,-35.655341652331,-58.52169956074779,-5.3364581291777,-18.51225264673163,-31.688047164285525
10504-6104,240.4163850696215,258.3375882004359,24.755808736987703,15.600613546229537,6.445418355471343,26.09518490624301,16.51733197244956,6.939479038656113
10504-9101,123.26369944862509,145.89134759707628,72.85941345430516,74.6869938541102,82.21303037846292,-45.91853688172556,-40.264910606649394,-34.61128433157321
10505-12701,160.114506193125,191.01181043484905,-21.532684384619557,-27.386910996996598,-33.24113760937365,14.00394775022109,12.306197103489486,10.608446456757843
10505-12703,72.56434145055619,72.56434145055619,7.723412414018154,10.014061864813732,6.697219514064336,18.151288684832387,21.10080054475181,-1.3582719671749737
10505-12704,113.5566425739684,135.53755619425291,11.464239805487196,4.665304984810263,-2.1336298358666754,-2.683517731247057,-8.06407014224523,-13.444622553243416
10506-12701,53.7439696721018,75.14081766244358,4.0591855702111905,-6.498173707763581,-17.055532985738356,-1.100647448825254,-11.728430593984758,-22.356213739144252
10506-12703,98.37876377610404,107.20539114020693,16.25150587389258,10.06603812682293,-1.4947743871007786,4.6838543037184674,-14.263548190602618,-33.2109506849237
10506-12705,73.08478588043448,92.85678567354627,18.596560900543015,0.016360314144634194,-17.588758393669305,9.562451652748923,-6.16768316560852,-19.782740147860178
10506-3701,135.83806213942657,163.6482866867106,15.476490535691207,12.80286974472661,10.129248953762017,,,
10506-6101,182.8684185485767,194.5279172552037,12.50599310941933,8.753803834648501,5.322750993896206,,,
10506-6102,99.09615325968986,118.26767369114569,7.760772413633544,-6.9462357658927,-21.607476014903337,-9.261632339207228,-21.005280094293454,-32.74892784937968
10506-6104,69.91044453207157,77.4855226957202,18.053185392638603,13.394355155659326,8.735524918680051,-5.6203439906025014,-13.825891321890346,-22.031438653178192
10506-9101,167.49185146807153,180.4431315730762,12.407355810434124,6.0170920716019305,-0.3731716672302834,1.9858772148583455,-3.321158633026484,-8.628194480911313
10506-9102,119.89569757667988,169.5165506820464,16.119423000676726,-9.089766794592503,-34.298956589861724,15.536557354407915,2.2631088102713206,-11.01033973386528
10507-12702,59.985610757015486,61.93119681888595,51.46348789184516,52.30698931571223,19.72084949156115,45.86156224915084,32.296291705672814,-17.142024649494846
10507-12705,201.56366294326978,217.35049463272256,5.523657747850273,1.747447595237505,-2.0287625573752637,3.986583050246587,2.2534013899138774,0.5202197295811849
10507-3701,156.26038663962797,187.85955697507933,31.232677477311157,10.811219471929453,-9.610238533452234,26.208462416970338,-0.24243867322505436,-26.693339763420454
10507-3702,114.71324904053733,135.55686867672983,4.904906568811189,-5.967299832529375,-16.839506233869947,5.368246960546681,-0.844712859819985,-7.057672680186655
10507-3704,96.37090044565171,100.41425928305227,18.455525988785887,16.453624104271057,7.863020666597321,11.498650985366332,-0.42443168133462056,-15.76891910864827
10507-6101,128.77761393791974,243.12694705070388,112.25933186031038,60.9262047295505,9.593077598790611,,,
10507-6102,101.95020878108355,118.76597266588692,18.17611721211444,3.6313503426669866,-10.96944822316001,10.627074713514261,-5.873621949016378,-22.37431861154702
10507-6103,122.14665147405495,188.39697444588745,72.1253367414219,66.72676398961529,61.328191237808674,62.217315705124356,64.70271186611188,67.18810802709943
10507-6104,282.4298416387005,381.22442031256486,41.287442056034315,-4.217118888237956,-49.72167983251022,-7.691605117699361,-51.06492323923353,-94.43824136076769
10507-9101,107.31653872390132,118.90468926345183,14.464249235998958,5.017260069159189,-6.591559387386784,24.860073216709264,3.9373874263848543,-16.98529836393956
10507-9102,220.42204638764142,263.29306757936837,41.46467554323894,27.324283156267114,13.183890769295326,24.34080784074084,14.859430554640602,5.3780532685403655
10508-12701,189.1773730094807,214.5485223058531,24.44055514089442,8.37963891514806,-7.681277310598306,5.6401754123320655,-3.1820535970577133,-12.004282606447493
10508-12702,129.77990858960004,145.23812769991923,12.152675883539445,1.6384648468985237,-8.875746189742399,4.553541732107627,-10.034340930849433,-24.622223593806474
10508-12703,121.1474635189636,134.2561327750237,10.847921016931553,5.9706908281849485,1.0934606394383306,-7.423599299989564,-13.985264658598151,-20.546930017206737
10508-12705,115.82431841237886,158.83182980594023,9.62862385358962,-1.8325434928990605,-13.293710839387748,-8.170154670992385,-14.29430948311098,-20.418464295229576
10508-6104,183.78902696940762,217.07878642056292,3.983153574240338,4.652497759298905,5.321841944357474,-7.969902290155324,-9.31781943054814,-10.665736570940954
10509-12701,104.98263352752436,121.52640576295731,20.420970897333,9.713107451983454,-0.8568460733503596,11.351572408832755,1.5804459390109675,-8.19068053081081
10509-12702,259.13022448181437,287.0463382095859,-7.81620795535169,-17.25208623891739,-26.687964522483124,14.274575933718156,8.549217132572188,2.8238583314261967
10509-12705,186.58071730385572,208.7675643964588,19.331724380345268,7.254139700448747,-4.823444979447791,3.5123871377944855,-11.41285903797018,-26.338105213734842
10509-6102,59.168698838862035,71.95567550619593,2.3321971161742545,-8.117517541815111,-25.042146775631345,-1.055408981250855,-22.983268585496628,-44.911128189742406
10509-6103,86.68080668601044,108.82837084173549,27.987948407705545,10.995712293266676,-11.966263280253143,27.73262530901736,-0.8270922885487061,-29.386809886114797
10509-6104,104.13815374369011,118.4393015309451,34.452171154613474,23.828917367126245,3.7558541303902944,44.14271094899025,17.56217509103291,-9.018360766924438
10509-9101,276.32020908488505,314.91210152336834,33.485750173427725,16.883715462110608,0.2816807507934681,16.67531472150013,3.827820852497229,-9.019673016505672
10510-12703,74.92198915396092,83.51309248839534,0.45170392485230315,-6.994471684390114,-25.309203441354075,48.20012142367621,-98.63908487401476,-253.73408061928416
10510-3704,59.25910867571445,92.26369831162914,65.47297393500888,48.760264793091565,32.047555651174285,37.99745846221153,24.99288191805269,11.988305373893857
10510-6101,193.59697845088402,223.70586477809866,5.5624815457773735,-1.6949571825969802,-8.952395910971319,-9.045612271050349,-13.19028025442494,-17.33494823779953
10510-9102,205.47599152727375,330.7224047306313,366.9145048250581,301.7197655789169,267.66185637709265,,,
10511-12701,117.80954031467259,130.04119579812854,14.177054009981656,4.77541521757527,-4.626223574831118,20.733953690377422,12.440196140769151,4.14643859116088
10511-12703,273.5969894309808,327.0328066251522,-6.217934798562358,-21.349292070165863,-36.480649341769364,-4.539328850849275,-15.240852679479534,-25.94237650810979
10511-12704,196.4226711808469,213.54080881477518,9.587258781298635,3.3375756050617116,-2.9121075711752287,-8.075450856054237,-16.404204749726386,-24.732958643398522
10511-12705,181.87600149340022,197.0436963395304,6.574587383562419,-0.6830701853046273,-7.940727754171674,-7.086648340481343,-16.046682244493336,-25.006716148505326
10511-3701,120.42440917430866,142.7333416471804,-15.342558392736075,-28.170400579930938,-40.9982427671258,-51.90093282171261,-61.69372850862116,-71.48652419552973
10511-3704,120.76652408476815,195.02325202445942,116.35769344554389,86.93792301259134,73.8859673082232,,,
10511-6101,101.51467885275515,121.41856524210074,26.48115244587174,11.970267972539059,-2.540616500793621,7.787420848870758,-13.493540870123327,-34.77450258911742
10512-12701,262.011535247104,271.404216210883,4.513142330002588,0.7397489522201177,-3.03364442556238,-4.275471534229899,-9.217250637027382,-14.159029739824863
10512-12702,145.72191661002967,187.43451513611737,6.786783062728838,-5.256185765400619,-17.29915459353007,12.824150187554643,5.906341598619683,-1.011466990315276
10512-12703,213.27119689719345,263.7547151565281,27.969104653061567,-5.7065157826965915,-39.38213621845477,30.15184836025218,-3.377727840789063,-36.90730404183032
10512-12704,245.40315884616226,268.9044136717491,-0.12566133866193663,-9.227979059840212,-18.33029678101849,1.5191484813241805,-6.4904549468849195,-14.500058375093987
10512-12705,102.01225851799444,114.61097105124658,18.9566452790829,13.036390939209495,7.116136599336082,-6.438012128343129,-16.034307238310838,-25.630602348278547
10512-6102,109.27830265030059,146.79452016666494,47.03653091443383,37.52522491021544,28.013918905997066,10.385512959974907,-5.42288472869569,-21.231282417366273
10512-6103,171.22916917858717,208.67203966756162,21.113934839469717,7.90749704137318,-5.298940756723333,3.2821625508593892,-9.147376255769057,-21.57691506239751
10512-6104,125.30852695663603,129.16370539192735,9.637297087705269,8.068270784664522,2.3643694511372555,11.619104584920308,-3.6238713411866414,-19.42697723985153
10512-9101,157.661761261007,186.9207897058837,21.46305417499573,7.672986123729287,-6.117081927537147,9.200321517139432,-0.9509607056052871,-11.102242928350007
10512-9102,97.84113735787369,127.39419049390422,13.265271710309255,2.4798417926598315,-8.30558812498958,-15.093496537392063,-23.405907540714065,-31.71831854403606
10513-12702,74.3922542163868,93.15364070174513,21.517376705343807,11.062218370867923,0.6070600363920309,12.782739134278323,-4.641286664954069,-22.06531246418646
10513-12703,152.5946227869381,180.25510894091198,22.564938174480474,11.606201164697408,0.6474641549143747,12.371960524831996,1.5143969104692048,-9.343166703893605
10513-12705,85.47606536908143,115.3680557988799,11.408171798933784,0.00643020701381982,-11.395311384906147,16.224608076313142,12.13534717036313,8.04608626441313
10513-3702,61.03464011771816,67.09770994297345,151.1737648797156,151.90669259405178,147.65690340393513,23.67927519569163,24.71747596953318,23.173050265432238
10513-3703,60.01247192235833,72.17748384338346,8.770438963914621,0.7328535207465224,-7.703460236321501,-1.4418965525034853,-10.119158473307802,-18.79642039411212
10513-6103,83.37140745586346,105.59320175219473,15.735893142623397,-4.490301014815682,-26.278772201752147,-0.5917153524686808,-19.72972231256549,-38.8677292726623
10513-6104,206.95185591089947,292.3688607413943,64.97676107853442,9.489059885957753,-45.99864130661892,59.14566407750308,10.519517254285871,-38.10662956893134
10513-9101,88.72832066149078,114.02375816317306,-27.083692250643924,-36.96596799519453,-46.84824373974513,-28.079136721570244,-39.33698441075691,-50.594832099943574
10514-12701,88.07351835199796,106.38985093932088,17.050429253911883,1.2906221714164414,-14.96799341194355,4.282982944964596,-13.350415035979802,-30.983813016924195
10514-12702,68.55308742416366,73.83141433294116,18.242234007694158,17.337017573216578,-12.398620993012022,42.00539558686667,28.60885204445111,-3.243891652576616
10514-12703,92.50453161031892,115.65192036490056,9.810702844536097,-5.774109354326015,-21.35892155318813,11.739891988385802,3.5560018614176165,-4.62788826555057
10514-12704,26.321865921394284,66.76410970161726,15.581528010518086,-36.44728691972695,-111.550152113008,-2.7784104864361776,-67.94321459919317,-133.10801871195017
10514-12705,184.50496088543423,214.06728622859083,-32.955310031554696,-44.88656924792348,-56.81782846429227,-52.625084362469785,-62.2409143607485,-71.8567443590272
10514-6101,181.97591751112785,231.43474828775027,41.97190608567541,44.373045002622334,46.774183919569296,-10.367432069750736,-16.875705779809195,-23.383979489867617
10514-6102,201.5689093062125,337.8304536204574,-62.43023354911166,-123.63892145129032,-184.84760935346898,,,
10514-6103,191.7714268597967,212.68276267451208,15.606325024039815,6.758663433602923,-2.0889981568339477,16.447586400691407,7.336766452502537,-1.774053495686335
10514-9101,112.34767286898665,126.62272290688371,9.18939101511288,0.5635874244679298,-8.062216166177016,7.928465007880724,2.12440163403728,-3.6796617398061615
10515-1902,187.01469706600042,235.59680446445282,-57.70318341661541,-72.82215382733665,-87.9411242380579,-52.786586554479236,-67.06953476974843,-81.35248298501763
10515-3701,45.699263000803356,66.28032466709622,16.46771711649572,-0.31048788165749325,-22.237920083706808,46.26294062796063,16.59747036575224,-13.06799989645614
10515-3704,216.617508977142,248.99519783442176,13.088002364550844,13.566899356734268,14.045796348917687,,,
10515-9101,56.141755600951555,56.141755600951555,26.97242872027147,32.83541265378621,-2.2930241327757925,19.331777686794005,28.05946460349475,-9.520645969899585
10515-9102,209.58998006934098,232.53016446636457,7.622468884932442,0.5330899865362821,-6.556288911859894,-3.0028710866958157,-7.794034669559442,-12.585198252423078
10516-12703,107.76890511457533,128.66471877970113,21.894509514566177,3.912535158769133,-17.99645981127947,40.722018181326895,12.201272542849432,-16.31947309562804
10516-12704,122.04309406541246,137.09141429164507,15.571499814544572,3.818717394201213,-39.01365009068276,,,
10516-1901,,,,,,,,
10516-1902,58.0663667857588,81.208608813425,-7.5382547929084565,-23.346774214154888,-39.09858141958598,-29.090359973089306,-39.03605076917236,-48.98174156525542
10516-3702,115.17347212306753,136.63683789270797,4.471695845747517,-5.139359458876635,-14.750414763500793,9.197671152725425,4.079695090879949,-1.0382809709655307
10516-3704,152.73777715130672,181.08346867381195,-15.452566436777564,-24.274111282618897,-33.095656128460234,1.4454227921825253,-3.400062318854819,-8.245547429892143
10516-6104,131.3642771887615,158.70367618201794,10.667601677179052,1.18147480039606,-8.304652076386924,-12.557449948227669,-24.606804130647387,-36.656158313067124
10517-12701,55.04283785382009,65.76155241945523,4.353309178362356,-5.335853018438987,-26.066801339386174,7.009239100287501,-17.59094012708322,-42.19111935445393
10517-12703,196.1872181794434,212.43377125843028,-0.004350667157232918,-7.636224249304038,-15.268097831450824,-10.51437771655575,-16.61504574501571,-22.715713773475667
10517-1902,,,,,,-19.532980876429292,-22.831951549257884,-26.130922222086465
10517-3701,124.73015482043441,145.21686172617797,24.340022387926776,31.027030457218963,37.71403852651113,1.8947044715022998,3.2837091835571983,4.6727138956120635
10517-3704,174.54144954346899,200.5256059731322,14.77467038346338,8.078503981253883,1.3823375790443686,5.232180808142517,1.5801975588405626,-2.071785690461389
10517-6101,193.8314313273815,343.94384402232834,-9.96626018139288,-46.85912266168213,-83.75198514197142,-68.80891585243104,-81.83510376202497,-94.8612916716189
10517-6102,219.93831174941258,257.98948026398756,12.814103290957494,1.6937790035725584,-9.426545283812366,-2.9600560154958564,-7.8519879760135876,-12.743919936531334
10517-9101,117.61133975423728,134.01335524041744,22.193718411939376,7.7151820348517415,-10.67445399277495,8.381501783742594,-8.142560279241096,-24.66662234222479
10517-9102,121.34389454679966,138.8393398545653,-40.91259433024102,-45.7906499113478,-44.59784101461265,-51.22938273304182,-49.49387095609629,-47.758359179150766
10518-12702,189.42946218666242,223.20295585295574,56.30046629163317,38.77067697226751,21.240887652901836,71.64046567608891,49.0439599963945,26.447454316700085
10518-12703,169.66931454199542,184.0461780056293,-2.048872028539856,-7.100563611827318,-12.152255195114781,-5.991417418747798,-9.234994371810782,-12.478571324873744
10518-12705,301.7704332346252,313.228543729253,3.031355419370773,-3.3447723383432915,-9.720900096057358,10.645336426414984,3.3083552047861278,-4.02862601684276
10518-1902,171.2722591715731,208.53865453620085,9.59203378544759,-8.1639342967559,-25.919902378959392,-1.5506120492853026,-15.441867869415749,-29.333123689546213
10518-6102,183.23332203994042,222.10381061453285,14.674430760110997,-3.216555313823044,-21.107541387757067,4.346115165810398,-8.634714704539507,-21.615544574889395
10518-6103,199.48496284306623,234.73273399342932,29.190801579665877,17.286935111321345,5.383068642976797,-0.5726090520590961,-10.4515587376758,-20.330508423292503
10518-6104,162.43112447930713,187.21771752141498,-14.086589151556815,-0.5099446454678351,13.066699860621142,-7.224837518229092,1.808628759609116,10.842095037447324
10518-9101,184.03350360557718,227.18805531741435,43.816803311118456,13.644624805481609,-16.527553700155238,-0.3567482481621433,-31.696972159942483,-63.037196071722796
10518-9102,116.1144763002864,140.90729636255654,18.29251612489072,10.06562971680236,1.8387433087139924,-8.041522350883438,-15.789438613686873,-23.53735487649031
10519-12701,261.8956207879179,278.73976664460776,27.496075480012994,17.338480782697882,7.1808860853827685,-1.4332691831421427,-15.039908637205965,-28.646548091269754
10519-12702,122.44865064583968,150.7502670496826,0.2499130133474814,-15.429070830933235,-31.10805467521394,-11.453899153969543,-22.228847513612877,-33.00379587325621
10519-12704,195.65724459899823,205.09801031863785,5.319134487193925,-0.32994380377543764,-5.979022094744804,-22.35827503114364,-29.180051278815846,-36.00182752648806
10519-6104,264.333209626622,332.2650508571211,36.77117400295765,14.616446020824819,-7.5382819613080265,11.519440378158572,-4.150460316011632,-19.82036101018179
10519-9102,228.63502611585025,261.4200350930578,5.0436104717041434,-8.345258875630927,-21.73412822296601,1.6925297568256106,-9.26856122215029,-20.22965220112615
10520-12701,123.76829561917359,136.79143076625832,-3.9184125730368784,-15.402959981211122,-28.45488416857024,10.066589943760341,-3.800443126142762,-17.66747619604586
10520-12703,48.108760580390445,53.1996376042109,40.929138894357656,41.871897212742965,42.81465553112828,36.55945514916359,35.85849751126208,35.15753987336056
10520-12704,154.38564029978915,164.65175825579595,13.326332156282486,4.905483971130254,-4.302144784461878,-1.4832641598591223,-11.296638241930797,-21.11001232400246
10520-3701,97.79032037493629,115.08804301683006,16.038136285726303,5.027586220567622,-5.982963844591055,10.384906990544723,-3.052281135601858,-16.489469261748443
10520-3703,85.67700118926456,208.32091517330403,88.94023112425167,18.632524064583066,-51.675182995085535,-2.585341529534082,-67.60664601892616,-132.6279505083182
10520-6101,70.70560926918155,88.11491531754136,11.937111381484682,4.499348437917333,-2.93841450565002,-5.815998323948746,-15.175108275581467,-24.534218227214176
10520-6103,143.59521472946113,167.15678789422068,16.199963433582994,10.968426679483425,5.736889925383854,11.71415414887805,9.685070239701668,7.655986330525285
10520-6104,175.78925063949345,191.91932172341197,18.319360784432764,12.651436772480025,6.983512760527287,20.037336236553095,14.503660972898121,8.969985709243149
10520-9101,101.53483253747817,116.69257784162691,-4.719753132835339,-14.886247293289541,-25.052741453743735,-17.865419247341357,-26.722012816640532,-35.5786063859397
10520-9102,269.67275004564146,297.92385429006356,38.71024727424669,27.61874261195073,16.527237949654772,-16.678517256657088,-27.63420667503257,-38.58989609340804
10837-12703,55.94160041035465,150.67583516125757,298.69078724935576,269.92901320022605,241.16723915109637,352.73594965416146,331.1598615218075,309.5837733894535
10837-1902,116.24671097083191,130.6103638133385,7.83884663689697,0.5175709109411394,-7.1895998822427245,10.614373287702898,3.4507019044661367,-3.7129694787706278
10837-3701,299.48476506211784,325.20541452963226,15.166373826515233,4.0700913069574725,-7.02619121260029,17.296334278732008,6.847509671162142,-3.6013149364077233
10837-9101,0.380732814137883,230.3149742242565,105.60748453134826,81.33717504066614,57.06686554998405,17.643515764529077,-20.54413508376521,-58.73178593205956
10837-9102,27.707460209386714,201.0828852690353,39.82602413685594,-113.8010175856818,-267.42805930821964,-132.4658896018506,-224.70065107095502,-316.9354125400595
10838-12701,97.70996466824609,118.82810300747792,12.872685405997492,-2.750324270218994,-18.37333394643549,,,
10838-12705,98.41734462924036,132.2830249563241,,,,54.695638746868724,55.33203950158119,55.96844025629366
10838-9101,163.62017902877528,177.06642516385887,24.453115878135876,18.05861437107127,11.664112864006686,-10.650843956269826,-17.297904873168363,-23.9449657900669
10838-9102,92.61508213706311,115.04189123024089,22.01988232201222,13.279219642707293,4.538556963402371,10.629549224598163,5.090247744276845,-0.4490537360444696
10839-12701,73.73683258580924,92.90805593588072,-6.572232950720823,-20.742571398182218,-34.91290984564362,-9.777379131298527,-23.60403472376875,-37.430690316238966
10839-12704,115.00549816543717,129.04504196932703,7.552455223499133,2.25411673098585,-3.044221761527435,9.927615911087734,2.3856606170086407,-5.156294677070462
10839-12705,208.44169023276896,229.8056251586853,26.815887903054538,18.847984385778595,10.880080868502649,20.91677008312828,13.23514150128168,5.55351291943511
10839-3704,146.20633876435747,169.60183803426474,14.608226501718587,6.502723619924447,-1.602779261869692,4.152482528142648,-5.060147874064264,-14.272778276271204
10839-6101,116.6543271864527,130.51356404252286,5.958266520601127,-2.860703074475572,-6.497151564522243,-16.775406999662923,-21.172744613639818,-18.270671964189734
10839-9101,95.6631922503147,162.70863127352814,33.5311875319846,-3.009822550553537,-39.550832633091666,-47.56822342935097,-92.44422308476209,-137.32022274017322
10840-12702,183.2008774978547,212.81155451205245,0.12546361006178117,-7.322468369896961,-14.770400349855706,14.653218415878877,9.859987199763053,5.066755983647211
10840-3701,,,,,,-4.2909008384153005,-22.927096461995028,-41.56329208557476
10840-3704,193.08811867155222,216.2384680605772,-7.9569089611175,-16.470064212138606,-24.9832194631597,-10.165536643918974,-22.01141213339569,-33.857287622872406
10840-9102,46.124823281307805,65.09976413126583,30.868829650112907,16.905834030028366,2.9428384099438194,,,
10841-12702,32.22764227418648,54.368261231084404,30.971336551274202,19.22165281825798,-4.463936133545034,,,
10841-6103,315.43456114836306,363.7718325898764,53.68266600340587,41.153837291081885,28.625008578757846,33.03039829737284,24.284566897139314,15.538735496905787
10841-6104,68.87873114144655,79.80565122492973,12.092729166449779,3.483891619409734,-5.144206135507164,29.374755398055164,21.728824381310098,14.082893364565027
10842-12701,40.75146542500622,43.06648389647939,26.71324717185309,26.271626015906786,25.830004859960482,,,
10842-12702,164.0456626847587,177.59720415514963,19.24500073543013,14.447931423375731,9.65086211132136,-6.200359419688884,-10.310452936957793,-14.420546454226722
10842-12704,182.04296174613089,204.30801629060696,3.92871273433924,-3.3517239387243927,-10.63216061178802,-6.638269931535528,-12.393603056052147,-18.148936180568747
10842-12705,207.80594944772287,224.44314213643733,10.276212699175986,1.3444579253119577,-7.587296848552087,24.692691403315557,14.718641427491534,4.744591451667513
10842-1901,253.10774423242614,296.01977504314675,37.361657844753644,20.811731365724906,4.261804886696168,76.48217217738093,60.6319100478921,44.78164791840325
10842-3703,,,,,,,,
10842-3704,55.3790402773776,159.3313304812359,320.9907507085904,351.2602180012459,380.4690133699564,,,
10842-6102,230.3367039777726,261.00916876656527,-3.0745238974995908,-12.899901901832207,-22.7252799061648,0.6145337162289395,-5.02041838755662,-10.655370491342204
10842-9102,339.19368414101035,360.7313888420256,35.595961776526856,30.505998092420445,25.41603440831407,19.93247706287834,16.138174777868127,12.343872492857916
10843-12703,74.83157401940765,101.85668534400526,-13.66503739575429,-27.562758562931933,-41.405867721587256,-5.4368466445879395,-13.553595795848286,-21.67034494710863
10843-3701,112.68140581948799,140.7110307480633,34.62165009277639,22.66031005238198,10.698970011987562,23.05572630987011,-0.2982054863148714,-23.652137282499844
10843-3702,186.7860571270697,237.36492852858595,39.622034543651644,17.512317435285034,-4.597399673081576,37.00112713490676,18.596885486798346,0.1926438386899333
10843-6101,128.7031729779193,295.52145087147505,309.89427373317864,255.4373009642627,200.98032819534674,,,
10843-9102,66.15966140955393,98.64950534156884,25.16724617183446,3.655237010488818,-17.856772150856806,14.982867036230003,-2.827186676806907,-20.637240389843804
10844-12701,47.014987735274474,65.69100664099709,15.583387478392817,0.6217283775513577,-31.039816425007604,22.827986747424422,-23.260217045278754,-69.34842083798195
10844-12702,90.07081135821772,105.66939465096068,5.824817361470807,-2.2102990061250463,-9.249237033234582,11.99159967730363,8.730880360441912,5.470161043580189
10844-12705,186.65079343415914,214.29393139936536,20.852491496873718,8.807990473024669,-3.2365105508243803,13.305880724765977,2.3695566346020267,-8.5667674555619
10844-1901,210.00760047039884,234.68753904932666,30.877925832342246,19.669755215890387,8.461584599438522,,,
10845-12701,164.57753163499368,216.67350126601679,-40.102301041707705,-40.572355475421,-39.10450522836977,,,
10845-12703,90.9349424694708,103.75172793431298,12.51584883407817,7.344346160799599,2.172843487521033,28.598097141190074,23.747355052361993,18.896612963533897
10845-12704,127.07390215735047,136.22732685757762,25.693941903138384,18.828332490075795,11.00644845472403,27.86028898621452,19.4427532344957,11.025217482776888
10845-12705,175.61804014132633,197.31663273815977,4.041451319069898,-4.95008444360387,-13.941620206277632,25.897514231599573,20.96266203043254,16.027809829265514
10845-6101,119.14454223248909,123.86243233130648,0.32910105089078684,-2.4378725092473976,-9.755527343424482,12.163134120600137,2.3493166815174473,-7.464500757565244
10845-6103,178.4712964435169,207.1624159318185,55.6968185367583,48.933335514105366,42.16985249145248,3.3977810539719884,-5.544148462983873,-14.486077979939745
10845-6104,152.54308209650114,223.8087962762622,85.66469644351143,59.45230536375011,33.23991428398877,86.59965727315831,77.23859793342228,67.87753859368621
10845-9101,133.44491168948895,159.83992796346368,-3.5121616745599753,-14.248776076567225,-24.985390478574466,-9.010741662216384,-16.399582879752476,-23.78842409728855
10846-12704,56.83618932662945,66.90125392130496,32.661494380575014,27.591882690942416,22.522271001309836,41.45678755987081,40.10408439267653,38.751381225482255
10846-12705,98.30290422449251,107.33940428271791,29.29920731682872,24.743486396020035,20.18776547521133,24.25521586523838,19.59154961834014,14.927883371441897
10846-1901,90.82155241398766,105.27315421579232,43.81066477685076,39.05033876820457,31.850483146798535,39.31402200244353,26.44023313701895,13.566444271594362
10846-3704,68.4097548117007,110.08808844603226,-10.679344439711048,-27.053740555740536,-43.42813667177003,-16.219734342527296,-22.338141488956566,-28.456548635385822
10846-9102,335.5524553821801,357.3785020493587,18.77242345588451,12.15396186368656,5.53550027148861,,,
11004-12701,65.86382614110708,89.98103461337607,36.59898874431929,16.975822102196258,-4.207021789369347,28.692598975210796,4.014126821808118,-20.66434533159455
11004-12703,119.03584948026938,177.80797807120095,39.2671871493515,11.311833662259062,-16.643519824833376,-3.316944617858337,-25.90039602293425,-48.48384742801018
11004-12705,217.05935554893912,229.35416455624463,6.867873886647024,3.241184052763802,-0.3855057811194382,0.887953569504326,-3.950077080170425,-8.78810772984516
11004-3702,85.59850341474302,109.14424429988827,9.110638621328652,-8.866963775744727,-26.84456617281811,12.903271135231973,-1.8505821784876053,-16.604435492207188
11006-3702,42.88710518471163,87.980330972108,40.0531479862374,6.1646544551797815,-27.723839075877827,16.464171419532732,-11.2438921212032,-38.951955661939124
11009-12701,97.33756374964884,129.8312435456463,-9.43207902502377,-32.9010311373187,-56.36998324961363,9.336282010696811,5.054037632685118,0.771793254673425
11009-12703,40.59416330986188,109.56569239247173,130.34245407569202,86.83324721980551,35.17336195150969,119.69898646223021,48.362981957270485,-22.97302254768922
11009-12704,128.4722970677737,151.6760192482546,13.771556565371398,2.587486741562549,-8.596583082246289,12.970511515473598,4.50629142747737,-3.9579286605188515
11009-12705,248.42199017537936,292.14839880418197,27.302972212087052,13.650719322658615,-0.0015335667698510808,29.0049801635836,24.138130365735496,19.27128056788739
11009-1902,54.79936785943654,82.49819916261545,3.9566329283481196,-16.189375451182286,-36.03425850719446,-0.41002952653165914,-12.958742662464811,-25.507455798397963
11009-6102,118.85032722067967,141.21338030629272,3.6529841194969066,-5.7093604799181765,-15.071705079333261,3.2533866646300047,-3.8304230749741883,-10.914232814578382
11009-9101,263.82894094969686,330.3409348670081,-38.89059250100684,-60.529004426000355,-82.1674163509939,-22.475440100133955,-30.059452068186925,-37.64346403623987
11010-12704,94.9527655340668,111.61635841979613,3.694888576083862,-9.552728920190209,-22.800346416464276,-26.496488079596208,-38.798098737209386,-51.09970939482257
11010-3702,175.15113644017433,192.91118351272016,20.419572571264055,16.92863605345267,13.437699535641304,19.8642206342947,17.920295113741346,15.976369593187995
11010-6101,34.93680225062416,37.79154356877434,-3.8331683461096833,-5.192779459408326,-15.047992984428907,-8.056489608855825,-11.327305419746413,-19.489668108793467
11010-6103,59.11532248120199,67.28353267092794,15.011105690973503,11.03539339824031,0.3082384108930032,9.229261620049378,-5.446230243905652,-20.121722107860677
11010-6104,159.74312963848735,192.31389378732862,16.621962084330356,7.731733354889094,-1.158495374552163,0.22417459886345456,-5.06588377843462,-10.355942155732697
11010-9101,106.52359943130718,132.7305574857639,5.477203251434796,-8.222562034098667,-21.922327319632128,3.1296898127577433,-6.521512000255788,-16.17271381326932
11010-9102,237.8397271186883,250.26171176663192,17.519236963008236,9.74942739892314,1.9796178348380398,17.01155360459007,6.137224156297435,-4.737105291995227
11011-12703,86.53184299328262,105.26286908654303,19.78089593500401,11.512792519632901,3.2446891042617905,2.1158416883191915,-3.165171315815001,-8.446184319949195
11011-12705,129.8492153870393,142.95142208002446,3.281370119750988,-4.015880442405378,-11.313131004561745,18.20925172732042,13.32229891484002,8.435346102359622
11011-1902,62.36979321857382,154.95587191308545,315.5208048434407,396.13422175312957,476.7476386628184,-1.9776682205362195,-8.123394147145273,-14.269120073754273
11011-3702,91.21130637757072,145.1995388789527,109.82908266732797,131.9505657658423,154.07204886435665,112.591612285589,122.37214665733367,132.1526810290783
11011-6104,77.38343577449851,82.73034757204539,15.379879273569196,14.078005291707377,5.328374414393833,31.864441372359874,19.63860546903959,5.072296696472489
11012-12701,239.9734900640195,265.74578148135646,-2.1514289924982495,-16.666593982170745,-31.181758971843248,5.6684219711193835,-12.287853981377541,-30.244129933874472
11012-12702,335.19767617107823,348.45035873143974,21.233874649894016,16.293414932825083,11.352955215756186,20.64422355808725,13.015786062782539,5.387348567477828
11012-12703,124.01609903327362,129.1364559526077,15.252318802464984,12.77514323071492,9.704103710257314,18.277621993235858,4.887872446076608,-8.501877101082654
11012-12704,168.8258938965159,181.10673494109375,43.09701608582362,35.63479088463167,30.68229323289473,,,
11012-12705,267.975784633514,273.5920341970673,15.84449581142683,13.575354243486688,11.306212675546542,23.347171077735915,20.618064081018936,17.888957084301957
11012-6101,88.45008843870534,109.33073532941098,21.4827831685376,9.894728146543777,-0.9818908289427051,5.282643859890255,0.9164904261048493,-3.4496630076805466
11012-6102,116.89908685893627,143.32384433890243,25.72481767010759,15.877102253803928,6.029386837500255,20.185533187094325,13.124383092181526,6.0632329972687256
11012-6103,102.21666736974161,111.67649126823437,35.64625354946264,30.67729952842265,23.676193541701902,21.35549440554332,12.50905602387293,3.6626176422025436
11012-6104,66.84013224051459,197.42872078870306,168.09351070220336,99.56580578940745,31.038100876611512,124.82169425146832,17.456613389767394,-89.90846747193359
11012-9101,213.53930167598054,286.74427920518116,,,,-37.73261651049566,-48.14657871752555,-58.56054092455545
11012-9102,212.8669443514349,229.7811920655995,19.41973296794173,14.089804998831013,8.759877029720299,12.59644609150992,9.820987311244942,7.045528530979962
11013-12701,43.25823389404866,58.38825563163338,26.466154949834007,16.29799428588861,6.12983362194322,,,
11013-12703,107.51563229114267,117.66471689328658,3.366896155173407,-3.6797996633512726,-10.726495481875965,1.3501451246287621,-2.300025900999319,-5.950196926627393
11013-12704,112.42529321877494,112.42529321877494,14.699376726718905,16.189489791224556,8.833437976174764,13.507601192311245,15.430850630698382,-7.89463276539971
11013-12705,75.77188720747054,91.5195713279986,16.887208700125633,4.377166807519977,-9.18325156616112,9.84905508079178,-10.318114390573085,-30.48528386193794
11013-3701,121.52617382088272,139.89761117521022,26.28067066194257,13.83168366553528,1.3826966691279905,,,
11013-3703,93.4373533292602,103.41090295873946,6.199665222751739,-0.18747670894485732,-6.574618640641454,14.278159682343027,6.317467496948429,-1.6432246884461867
11013-3704,98.09392442967633,112.43656166319884,4.218073646945312,-6.981256314626759,-29.634002929142856,-3.1120065497743794,-30.147654278687536,-57.18330200760069
11013-6102,55.47390375300839,81.24380214754085,20.5548069158042,-2.534439232857965,-27.800424619821932,23.28762289629913,-0.1485867769265899,-23.5847964501523
11013-9102,79.26181434357069,99.67006289674866,12.762260997239888,-3.2841760403949607,-19.48117033196193,1.3411539513437956,-9.90618911326298,-21.15353217786975
11014-12701,159.923593828264,197.6776351200861,-20.57325295044786,-32.21652799064983,-43.85980303085182,3.473162815227582,-2.352648030629084,-8.178458876485756
11014-6102,164.5000091975947,195.57914738375078,27.050878294320878,23.148525520213905,19.24617274610694,,,
11014-9101,141.88070883250313,179.55476737818793,34.68010965898948,72.92554442922169,111.17097919945388,87.04150889605098,125.00292584010298,162.96434278415495
11015-3703,58.800940316507074,80.40902541920447,-5.215993917376393,-15.839449433972655,-26.41066249137743,-15.711058822841709,-26.237036287312748,-36.76301375178378
11016-12701,92.05996410806145,106.10181822010253,-6.663187975833505,-7.554397556670686,-8.445607137507878,1.3129760575203495,4.349640567218439,7.386305076916537
11016-12703,275.91694999999896,301.54336982039655,3.492423046095778,-4.759510439942961,-13.011443925981698,-17.040200356696193,-22.442654138716787,-27.84510792073738
11016-1901,236.4850491256031,294.1469625760721,53.268418749996385,35.03607267341669,16.80372659683699,21.567676675205654,9.402725137800758,-2.762226399604139
11016-3702,92.69897165524613,105.58931875673812,10.91070187871935,-0.24006871298183638,-18.582940415767805,11.87220174849283,-5.573680972411702,-23.019563693316215
11016-9101,116.86765397717565,144.2840358385904,17.693023784285035,5.277089231843265,-7.138845320598484,-2.178571039008737,-13.500857108939517,-24.823143178870296
11017-12701,185.8797038374902,231.63147598209048,76.97920533445979,65.83494616811686,54.69068700177391,140.18284498648418,135.4310851764245,130.67932536636482
11017-12703,196.2182334138896,202.4077781665099,12.721833948168939,7.8274427433874685,1.7362228130756407,9.184482626975758,2.6300849281733627,-3.924312770629049
11017-12704,165.59206034766936,179.61123160701743,7.279699354220995,-0.26182878882528265,-7.8033569318715506,6.009017975032588,-2.7198865199617983,-11.4487910149562
11017-12705,95.39246202925679,111.03917847661747,19.162035886931807,7.477679038085888,-4.20667781076004,16.089669385033105,5.111659224153145,-5.866350936726811
11017-3704,127.16548489199799,188.74493764665115,13.885379982395829,-6.899448116579288,-27.684276215554412,7.017552473235023,-3.1156894298028828,-13.248931332840828
11017-6101,148.17871245960103,165.35327950953018,17.882272130299057,12.251285637459183,6.620299144619307,7.529106974643022,1.1630936851633904,-5.202919604316244
11017-6103,132.5494618063114,161.70157593655458,13.492210473613923,-2.946531823459009,-19.385274120531932,9.370184077106067,-7.5811195309076345,-24.532423138921338
11017-6104,229.14248256149847,279.2582184171125,-1.531230603540386,-19.726641781358925,-37.92205295917748,-21.295639399040436,-32.88860604856178,-44.48157269808312
11017-9101,204.82012313197725,227.7474471826906,1.9604041774967795,-5.38764329516631,-12.7356907678294,3.832716914759895,-1.639939519611345,-7.112595953982569
11018-12701,162.26940045813134,197.52559366022916,14.880390807031993,7.428775778464994,-0.022839250102010912,16.03441609313965,26.79293032853426,37.55144456392888
11018-12703,62.53810062444337,91.53794649137703,26.572680098244728,27.787622946409474,29.00256579457423,17.41254994466397,18.160712857548702,18.90887577043344
11018-3701,166.5307174611232,187.1960054720008,4.847644264395251,-1.4406426994500001,-7.728929663295249,0.7239661201619986,-3.777921604513415,-8.279809329188826
11018-3702,93.98485922326674,112.6802833961862,22.371054890746507,10.66527872768119,-1.0404974353841285,27.11506314891056,15.607449394283643,4.099835639656742
11018-3703,136.27507887550107,164.34845223614215,14.394108753124604,4.45212686655713,-5.489855020010324,1.297970237303679,-5.251443074693965,-11.800856386691608
11018-9101,275.9748474866854,304.26035030577515,13.865930143608535,3.174654828982539,-7.51662048564346,-14.648338906315203,-24.736051711248653,-34.8237645161821
11018-9102,66.25758434753305,66.25758434753305,24.212982604093202,28.956857958650048,22.240416432110592,24.476232645026027,24.03860384120189,6.2161166885381505
11019-12701,297.15636784787586,329.03687876181357,2.193244351024855,-7.572759638576636,-17.3387636281781,2.2909744899919025,-4.39627663813285,-11.083527766257582
11019-12702,157.3081711814742,176.01780532606475,28.656363079010106,16.1509970191219,3.6456309592336953,13.23986492202435,0.8152184263141653,-11.609428069396003
11019-12704,227.9561509822775,246.6516198464084,2.0509118624630513,-2.903388953229668,-7.8576897689223895,3.0201114255362627,-1.2301460161015254,-5.480403457739343
11019-3701,205.63822180579572,214.791353904282,2.669086923450221,-0.9754081862854128,-4.619903296021046,-15.29633572257945,-22.86517289290268,-30.43401006322591
11019-3703,140.68804327061844,196.77055576433338,37.10084757061543,19.474729061769146,1.8486105529228452,22.556361414806087,13.506992245544591,4.457623076283104
11019-6101,125.32024530701683,158.31729682182592,-17.881194328417635,-33.59414228705362,-49.307090245689594,-34.26405247523721,-43.947681187927884,-53.63130990061856
11019-6104,117.13057743793496,121.36062304462956,21.458734009761123,18.911587525689328,11.645682237171021,21.892765937125755,8.479896090333272,-5.988170675795918
11019-9101,181.83897374023095,298.4048052217124,112.02041906690242,34.509999040755055,-43.000420985392324,89.06657116450151,-0.3580852117999865,-89.78274158810153
11019-9102,83.81727917878737,102.06249318373769,1.8049615402665349,-4.0059367529542405,-9.816835046175017,35.0158397461929,38.917176631566356,42.81851351693983
11020-1901,45.83772355472325,150.24323323974804,133.67051741776473,53.66530928399935,-35.92630154016232,79.33543036365717,-1.6789399740419164,-82.69331031174106
11020-3702,203.04648982919318,220.45508259856743,-11.54358929207638,-22.364034973067763,-26.966254140772243,11.096999772122606,6.435109025680321,2.1079982768324395
11020-3703,150.382043755464,216.96738223224813,-33.316816915122274,-26.408593290200926,-19.50036966527958,25.57070593275715,26.75961762557351,27.948529318389845
11020-6101,55.099430651577606,79.14194721786973,12.293190840969679,-12.080894874967369,-45.064294745127754,-7.614368833942337,-35.196685069963145,-62.77900130598397
11020-6102,50.11423041624373,77.93815653191056,18.627121585253857,1.75516337955141,-15.11679482615104,-12.882071025696854,-25.64473274549566,-38.40739446529446
11020-9102,213.3168282157968,309.32155872738474,-1.6970911638051556,-62.49314706080402,-123.28920295780286,-55.70202277780968,-103.18458877721584,-150.66715477662203
11021-12703,108.41113281066824,138.14595269195658,33.07186946991996,13.402020940855376,-6.267827588209206,32.15866173752217,9.794416402477038,-12.569828932568111
11021-12704,71.35835704038311,96.91658247258584,23.799462348565484,14.591849908165218,5.384237467764949,2.9059860177984542,-5.572396137105686,-14.050778292009818
11021-1901,110.99805178373151,204.6935873718646,16.890791502031792,22.68172694512471,28.472662388217664,-30.52334455265776,-30.535945045012436,-30.548545537367136
11021-1902,270.31888274125834,339.4547847916272,-129.92548880936317,-172.87300935413703,-215.8205298989109,,,
11021-6102,229.34548869846978,268.1711871330109,9.397293671893106,-4.494428409334708,-18.38615049056253,17.346394678952166,6.239860771715953,-4.866673135520233
11021-6103,72.99378850961796,107.7712059269008,23.07389034228938,-4.264075120535445,-31.602040583360253,,,
11021-9101,185.66937488058966,213.67550820796035,68.98972193575774,60.73438366363703,52.479045391516316,19.95121651505633,13.457110803491524,6.963005091926717
11022-12704,141.8629833798022,183.21715633764103,-10.961957647471333,-28.690435045982937,-46.418912444494524,-19.353036812868417,-31.183309029906145,-43.013581246943886
11022-3702,178.0877867669178,192.39717465879113,11.194518778184603,4.554551351941018,-2.0854160743025885,6.985344272192787,0.9123576877089041,-5.160628896774977
11022-3703,95.1067949422992,127.81942819224182,32.33382747139823,20.232282512502607,8.13073755360699,14.35378832976836,5.673289080263467,-3.007210169241435
11022-6101,81.92383856096264,97.8838879663299,11.290895943272725,-2.463959513407649,-14.588383084820157,27.268642846927378,22.757686718893876,18.246730590860373
11022-6103,219.53109473440662,275.53867069580383,-7.875481840957961,-24.528561158323917,-41.181640475689896,9.678719624268519,4.578194004997777,-0.5223316142729364
11022-6104,215.54332819521326,240.77553285992917,10.430977617663867,3.912938794491897,-2.605100028680059,-7.840182337225962,-14.291663225898006,-20.74314411457006
11024-12701,257.6123295921868,334.9583724032307,-113.1076784688807,-147.1118597231533,-181.11604097742585,,,
11024-12703,79.46543609844755,95.21545551874762,12.513739414209347,-0.13541300418666355,-21.337506035391122,-1.1900239150214151,-18.808604557724834,-36.42718520042825
11024-3701,380.67967957448855,478.05104358461244,103.68025450916232,65.16923363508967,26.658212761017005,,,
11024-6101,54.08352777565355,91.8897645497024,-17.061112490359413,-35.020804741778235,-46.20279794811572,27.83567519644629,22.89999249777859,32.068635063889204
11024-9101,112.35383392633338,124.1589713147754,2.54831567960436,-3.265693369414593,-9.07970241843354,-6.027231101682584,-9.729479530651505,-13.431727959620424
11024-9102,82.90921408839779,89.65697390584569,10.556855971355949,6.544522082946796,-0.5475703520101228,8.652047957491623,-6.924302574361127,-22.500653106213868
11025-12701,305.83941707458166,328.8487476309571,4.4456360063399245,-6.968709156265414,-18.383054318870734,-8.491700034636297,-19.150909472434662,-29.810118910233026
11025-12703,62.54691028246702,74.51444190904378,8.720563197397324,2.2330556599839864,-4.013226621468379,47.24326044289056,39.97869871171857,32.71413698054656
11025-6104,96.50225804393872,315.81233897288706,201.90307408520883,98.17398757172394,-5.555098941760881,,,
11025-9101,68.3304071796365,103.67399563254494,24.598615969927664,13.020362063666564,1.4421081574054573,6.191841393959729,-5.194269677385416,-16.580380748730565
11025-9102,72.25721968340086,93.6600617293666,3.768551974810624,-4.720792891622424,-15.852162897720522,22.771181301178068,15.560746047847815,8.350310794517597
11742-12701,214.92025509910414,250.0460633389207,0.3514780961253687,-14.106867854821221,-28.565213805767808,9.34978035991064,0.3235225787051237,-8.702735202500415
11742-12702,88.66680752899538,107.6457465649197,2.807487571507197,-13.775464207811376,-34.84017294696522,15.44617770615184,-6.951432352524709,-29.349042411201253
11742-12704,74.50298672139813,102.31359824866578,22.45486667492004,4.9581723540079015,-12.53852196690424,34.99407644061199,17.817559067487622,0.6410416943632571
11742-3702,86.2076664854353,107.86153605637791,7.980553575519809,-2.942988038754562,-13.866529653028941,-2.6884823320011098,-8.388971035462937,-14.089459738924752
11742-3704,,,,,,,,
11742-6104,213.24681004576297,262.26272354989345,29.41064463666762,14.753067706198618,0.09549077572961417,5.7893699774594385,-1.119794072449591,-8.028958122358647
11742-9102,103.77858734016058,117.9251101804253,4.380257014305037,-5.061618339323828,-14.5034936929527,1.835464970282419,-9.964842728358809,-21.765150427000037
11743-12701,117.08370920059068,135.55789744676898,16.87252254024299,8.734159418017276,0.5957962957915656,15.872670086057646,10.965558588590522,6.058447091123386
11743-12702,56.60158797092873,77.2121955146477,9.675878531607225,-6.295725550864487,-22.2673296333362,16.543365948345667,-6.2730684060903865,-29.089502760526422
11743-12704,192.35572143026275,207.61160482559674,8.812098142828894,3.5908827322203196,-1.6303326783882566,7.613989014328029,2.418080060779165,-2.77782889276968
11743-12705,143.60053060519024,161.0835278756185,6.2610581324794055,-3.2470868505409975,-12.755231833561401,-2.0722479601019717,-13.029315604131387,-23.986383248160816
11743-1901,207.15678174931207,236.103216249145,3.8144527579020346,-5.096671341681307,-14.007795441264648,-7.755276526128037,-15.833711651774342,-23.91214677742064
11743-3701,73.13117323644441,98.80713187937,50.992874899947246,32.727925772507824,7.7485240408617395,34.79792508071837,4.146249088281618,-26.505426904155126
11743-6101,169.02579323417825,188.11741346899615,4.0514524008078165,-3.0429279859626774,-10.13730837273317,2.72296634494113,-1.0303268830796013,-4.783620111100335
11743-6102,163.7037392600481,214.61798687893184,46.29509313274013,47.846829295698754,49.398565458657345,8.782056558427985,7.719760096856898,6.657463635285801
11743-6104,147.23287917215694,170.16390420105725,7.905692010125588,-4.142677724598429,-16.19104745932246,1.0539749272037764,-9.619429485488658,-20.292833898181083
11743-9101,172.37108222827072,195.2453738404355,2.588849259491745,-5.262897991109505,-13.114645241710752,-6.68981785498062,-13.141664042260196,-19.593510229539756
11743-9102,234.8854465952462,283.3367518440658,56.46926435579081,26.823154788865548,-2.8229547780597057,18.787555408058846,-9.64078565106583,-38.06912671019051
11744-12701,198.2721471624776,233.5616749724029,-2.5439413798199557,-26.92883453455957,-51.313727689299185,-63.435863470331576,-92.14580342501156,-120.85574337969156
11744-12704,72.11852972526418,108.27877264117745,15.085828382989279,-6.711047792359787,-28.507923967708837,-4.4466644563439575,-15.64285579761628,-26.839047138888596
11744-1902,64.82912560100026,82.41317577602354,-0.507843788316598,-12.496830942082417,-21.006524264722866,-10.754941905918281,-17.225169834178065,-22.954721793270867
11744-6103,212.5859460127184,230.32448939289577,12.699216272245879,6.214407021599773,-0.2704022290463331,2.1552896154654237,-2.3267715713985297,-6.808832758262481
11744-9101,72.46219720632246,81.77110707729344,-2.468849210555149,-11.74197189614351,-21.841319916078554,5.368606980567513,-6.541852561012354,-14.232175489377097
11745-12702,174.64166017604325,209.82807348741377,32.54070536716064,19.327923350180544,14.633170805885708,-42.67170748338747,-39.967539330026916,-32.25423929564327
11745-12703,103.96107750353653,103.96107750353653,28.6125982460199,30.40414523966647,26.96971179749039,46.57847768544505,51.29948493810777,38.406525159154874
11745-12705,249.47919345636686,277.95790488394465,-27.324588277554817,-40.22457868408217,-53.12456909060949,-65.51916982023539,-78.81884308361992,-92.11851634700446
11745-1902,170.30333700059208,185.77743827557052,11.674364859521768,0.9377650766788354,-9.7988347061641,-27.80540799853114,-46.55631616595693,-65.3072243333827
11745-3701,97.98875183079338,133.15832611934866,15.181170202604925,-9.070146397324429,-33.32146299725379,-11.67976346980858,-29.76862717556446,-47.857490881320324
11745-3703,97.88522276734383,113.92659962842424,13.294032304450202,7.538870152137104,1.7837079998239975,15.393392546880097,10.881381154368228,6.36936976185636
11745-3704,122.50016103408363,178.00763444195667,-21.41688556331274,-48.84824319709165,-76.27960083087055,-38.808332175602246,-52.92382876114781,-67.03932534669336
11745-6103,93.62927206300934,152.13134395530554,12.925223096690685,-12.515117305093614,-37.9554577068779,35.70466793936364,23.924813232249164,12.144958525134676
11745-6104,217.99297386692956,236.91872445333846,12.964685979077386,5.866991097823008,-1.2307037834313816,5.003402983902355,-2.603411576167685,-10.210226136237724
11745-9101,113.40537998912738,132.2634117080979,18.428964794043704,3.4997087090137757,-11.429547376016156,12.24461979485749,-3.248437503854405,-18.741494802566297
11746-12701,318.361513097585,338.8835505708594,12.524073204547008,6.329582662092747,0.13509211963848974,19.57648687836523,14.32151561018289,9.066544342000547
11746-12702,79.86355858703624,98.97561659906101,20.367594534153945,5.685022983131764,-8.997548567890426,27.55774806285077,17.694562156483602,7.831376250116433
11746-12704,213.0847982043025,246.23394333045135,-4.094144845756875,-19.17786201871244,-34.26157919166801,18.864879730374827,6.527317602299132,-5.810244525776566
11746-12705,110.44573733212954,115.31707578058268,9.544358516188677,7.196745751406754,-2.8983149505341617,-4.9723997733340095,-19.643732681932192,-37.96203797129036
11746-3701,251.36282617824725,283.67213824330724,50.737474268767606,45.26946504304975,39.8014558173319,45.50533582627958,43.552459239065655,41.599582651851755
11746-3703,182.43880551440344,210.37086262768696,10.425439413427048,3.8746555244305836,-2.6761283645658858,-0.9767671582462545,-4.487793900982178,-7.998820643718079
11746-3704,176.67557714333847,216.7245155933194,2.450981857324296,-10.073426065786622,-22.597833988897545,-20.647614501101472,-27.15818443988891,-33.668754378676354
11746-6101,245.26344612493574,314.46304874672444,17.912934028345145,1.7639973617587505,-14.384939304827617,40.80093930145069,31.68465234379161,22.56836538613253
11746-6104,121.4677743355741,227.15157296334567,243.76102488795192,188.86862765924184,133.9762304305318,,,
11747-12702,160.62873059292204,175.98656998024828,5.881077153729649,-0.3791632670289699,-6.639403687787599,-7.235948141340081,-12.536810361582642,-17.837672581825203
11747-12705,117.92418598885732,139.27571225623547,12.60480399884621,1.250888751030242,-10.10302649678574,17.117548423713952,9.506821761589539,1.8960950994651242
11747-3701,142.2193091933784,188.94840162256264,-14.04661023743323,-22.81689453960675,-31.587178841780272,-57.432337848375376,-58.46080393445058,-59.48927002052581
11747-9101,214.63364429109592,237.25815298587352,12.74953998587038,7.020804806740092,1.2920696276098245,-6.586423196999587,-13.293130507520091,-19.99983781804058
11747-9102,103.02433542667805,142.2661177585533,-0.6523521098816244,-19.51765167523134,-38.382951240581065,5.844785553566454,-6.198190088916858,-18.241165731400184
11748-12703,126.29208144347805,139.78028773994077,6.577372389034923,-0.820528048217326,-8.218428485469557,-7.147771985987942,-16.04086392567655,-24.933955865365164
11748-12705,252.04441405833435,292.6888652921858,72.90589519924765,55.16263857829558,37.41938195734352,36.13018046737062,19.43102763342904,2.7318747994874473
11748-3704,107.35019989855489,173.55539642026068,-10.668620206401556,-29.636897723315577,-44.52136194977029,-20.89768371904151,-8.990710782074144,2.9162621548932344
11748-6101,65.32790613188385,90.76145893945,5.836228924347165,-10.665723702943271,-27.167676330233704,,,
11748-6103,147.06115571285915,176.29783581766006,147.3727902715494,140.45108121332706,133.5293721551047,,,
11748-9102,65.40848211803814,84.09321791114412,3.837137552326501,-6.323072844592064,-16.48328324151063,,,
11749-12704,182.2584108828407,250.73866833882352,-67.39488134740037,-71.70516895884101,-76.01545657028166,-5.749469461086396,-16.234797966461475,-26.72012647183655
11749-3701,162.54796901533263,199.59270657242521,-5.296010875912757,-16.3019628001743,-27.30791472443583,-4.6327165525313205,-6.498741551270121,-8.364766550008921
11749-3703,177.08045652041406,217.9559033743109,56.49799485165616,44.003127936057695,31.508261020459244,46.86501813212858,39.397889348538925,31.93076056494927
11749-3704,122.38277885402525,136.8456938622464,13.107388091414606,7.75601364156436,2.4046391917141143,4.6447970287757565,-0.7853434971966626,-6.2154840231690915
11749-9102,93.94028284177035,110.71413676741169,5.4130281763448655,0.6041036650328415,-4.20482084627918,,,
11750-12704,87.32006667251187,104.86864008314433,5.420208904059306,-2.504111690977794,-10.428432286014898,1.2555916112349785,-6.78166982396685,-14.81893125916868
11750-3701,78.14658898833338,117.93265264443697,38.158108359524554,22.134185689617023,6.110263019709476,-2.494435777236431,-17.97183513844579,-33.44923449965517
11750-3703,96.00763353708832,116.71053265653198,19.582086272000495,17.305421827882224,16.05658727724022,15.073153465400527,18.373324260087365,21.67349505477422
11750-6102,57.53362848050747,86.29628759235133,22.86971023008522,-5.0344396679477965,-35.02739625933544,10.541575491150882,-12.838567105890625,-36.218709702932145
11750-9101,221.72050961841973,257.14956196693316,12.200315782613501,0.8579211292066683,-10.484473524200185,14.364136439766153,7.951658999502143,1.5391815592381388
11751-12702,61.822478664665475,103.6067497428058,9.336243205588213,-18.396249953120492,-46.12874311182919,-7.455766068607488,-36.76963826884497,-66.08351046908247
11751-12705,138.87066778355916,141.85252450669026,8.851333417250117,6.803543818273239,2.272108264234309,9.9684378072085,3.900452942341715,-2.466095421122048
11751-1901,57.90142028795393,111.41601991352384,5.084403768264713,-11.29169493183537,-27.667793631935474,14.139251243572508,6.679497229763115,-0.7802567840462342
11751-3701,78.79279243503636,106.57345847094496,33.336645069751164,17.841039753250662,2.345434436750153,28.65727401224069,17.24884281129349,5.840411610346301
11751-6101,255.6877167351705,302.235741584539,15.100241364282274,18.181570414716408,21.262899465150515,-7.014149252915752,10.752228092862905,28.518605438641533
11751-6102,302.02013475355625,341.98136252259167,4.233862501955392,-6.598101826790688,-17.430066155536764,31.629593752407327,27.342651758322912,23.0557097642385
11751-6103,76.27653695909275,97.79193289055587,17.099585870944768,1.340595340085242,-14.418395190774286,19.345303074889333,8.412512131847233,-2.5202788111948706
11751-9101,74.26484117595588,106.42877412621277,10.004555543371023,-4.415188452427396,-18.83493244822582,19.351498610484356,12.690251962823396,6.029005315162453
11751-9102,102.17403181156826,120.06083575729582,9.63954220269894,1.4805835307456368,-6.678375141207663,2.945768403107065,-5.85070821658569,-14.647184836278456
11752-12702,204.54224250192067,272.6462531710102,19.3659704695502,-20.472193486141116,-60.310357441832465,-39.77932464104027,-68.29283392231561,-96.80634320359094
11752-12703,84.92217617212765,112.32678626029347,9.317787251773302,-6.791392124068548,-22.9005714999104,-1.3526592119140006,-9.584057371410397,-17.8154555309068
11752-12704,152.739210919568,167.92019509252663,15.992466697272883,9.095893964225588,2.1993212311782924,12.262576109366602,5.876944716158695,-0.5086866770491882
11752-3704,243.37589874337363,311.56940921136345,82.1258690483222,54.7128170245711,27.299765000819995,9.689660223516887,-9.724749117446322,-29.13915845840951
11752-6103,265.01840072675014,339.07043561610607,,,,,,
11753-12701,235.58962928037187,264.6291063197775,20.52995585056338,6.510768357069736,-7.508419136423906,-4.9541412146477475,-25.807366436917267,-46.66059165918679
11753-12702,109.0659088278733,126.2331323704475,-9.207748408812057,-26.914638387106773,-44.75285741492434,-10.939802281640066,-23.576782612161026,-36.21376294268199
11753-1901,124.7055313884485,156.91795056606378,54.64168567336227,36.55746414427712,18.473242615192007,23.671282726856393,2.9278719984280537,-17.81553873000029
11753-3703,195.25423392261237,217.40514336592756,9.279306071378683,1.765938968052452,-5.747428135273793,-12.868817605241762,-20.015087325551203,-27.161357045860647
11753-6103,102.93712234667859,131.61783407116076,6.717500761890555,-8.910459224969406,-24.538419211829364,1.6381632291919108,-8.625274298338654,-18.88871182586922
11753-6104,120.28803560560998,164.93325142079286,13.95172312521015,-9.408697499556391,-32.76911812432292,0.6581827990117832,-12.278358718485014,-25.21490023598182
11754-12701,178.35640593898705,188.88584210504774,4.310357468382346,-2.0521129722103595,-8.414583412803044,4.770342572054875,-4.797239049663641,-14.364820671382136
11754-12704,154.48007699098895,176.04668869067442,9.667792140941103,3.8621082260024022,-1.943575688936286,7.448672790679452,2.0795480617371656,-3.2895766672051416
11754-12705,112.23674166494234,173.08474068151122,-34.40116281936967,-62.78792178994177,-91.17468076051385,-17.521216888355603,-31.619583547691953,-45.7179502070283
11754-1901,152.55351345561903,181.589385131668,3.1453443465327613,-15.1531495826115,-33.45164351175576,-53.837962631637886,-68.79822549380576,-83.75848835597363
11754-3704,156.97701778880185,202.4565708276413,14.596028326974105,2.7752950013920374,-9.045438324190025,13.783193882377153,9.019562043820557,4.255930205263964
11754-6102,154.5226159361367,190.98274920041314,8.924095414946917,1.777869873607358,-5.368355667732232,49.044270973222034,45.302676471985,41.56108197074798
11754-6104,228.4249165242117,265.3941798262878,35.91865270293024,23.296037687892856,10.673422672855498,14.199239295430255,5.626288060719655,-2.9466631739909186
11754-9102,128.06739086415672,284.91698865298235,169.76675953167128,88.7061006591473,34.402016752333836,447.84430671997745,427.41797863990587,435.47990528352335
11755-12701,123.91839288397951,139.8980548113332,16.91352010364765,8.599100587171701,0.28468107069573756,-1.9363364087852146,-9.684700818491564,-17.43306522819793
11755-12702,70.9404238467173,75.41751935640819,37.88077065844065,39.90119020737876,30.405087941840904,67.8172684181277,61.82731960943022,48.90015314627429
11755-12703,143.5037909086002,156.79796700623322,20.482425685903024,13.965639526361441,7.448853366819856,1.3460518719755845,-5.900414418423831,-13.146880708823243
11755-12704,195.45338269094842,226.21458225145443,30.517733103924368,20.46536708050923,10.413001057094093,11.004331249876218,0.8973285849806824,-9.209674079914876
11755-6103,155.4302093574382,183.35002987447862,3.3744505098992694,-4.116816371686247,-11.608083253271767,12.700937038748924,12.41810134030572,12.135265641862537
11755-6104,139.72234278697806,179.10056529618032,50.12883462519732,37.033574851667915,23.93831507813855,25.191852095327228,13.03967865056,0.8875052057927898
11755-9102,186.71350524182836,203.56762367905466,14.623995071719536,7.006604571995496,-0.6107859277285428,14.290489052722762,8.444503447542209,2.598517842361676
11757-12702,104.45677576366977,136.99116985701542,23.095507287056087,18.828631938892013,14.561756590727953,-5.831612645279546,-10.703923897401106,-15.57623514952267
11757-12703,193.82506260803066,219.2770816373902,16.34537993241307,7.968490661452438,-0.40839860950819157,0.8981742705601639,-6.606932338764756,-14.112038948089676
11757-12704,290.46063784755404,303.48647692801813,10.887324013245975,6.745517732899918,2.603711452553885,-18.655967819605657,-26.582909321477832,-34.50985082335001
11757-3701,101.91822721632909,119.20010450350105,21.67180915786844,16.94667326993068,12.221537381992915,5.845644475886509,3.888359218800563,1.9310739617146155
11757-3702,213.99760297738882,249.72825053159863,3.3361503274963633,-6.995468034573702,-17.327086396643775,-8.875719242045363,-17.817049954161398,-26.75838066627741
11757-6103,169.73527825737506,237.2103634715674,-23.431553854087518,-37.52282577041032,-51.614097686733146,,,
11757-6104,250.92734863117835,267.68084494559656,29.839868583468814,17.099576510882574,4.35928443829634,48.09986463319653,39.42691809686798,30.75397156053945
11757-9101,114.11163597713445,123.92593991803082,18.495350386198364,11.599607962229145,4.69038085048495,8.441841005029515,3.607118317621478,-1.2276043697865777
11758-12702,100.35713418620345,119.91918229356337,12.089710643948258,0.6557622251800049,-10.77818619358824,6.163395019816421,-0.5700744717236516,-7.303543963263726
11758-12703,67.488857587688,70.80542242899395,49.89364121663936,48.77508202197894,25.631662651770874,49.18670786512894,41.86448921347626,20.537649249672413
11758-12704,212.3227927137178,227.44799504200913,92.81877247631887,84.66277670033577,85.79640135192756,194.64202126432488,191.22213134958602,197.90190009888593
11758-12705,135.98239562432917,302.6280195687127,329.8260811073873,251.56541216192437,173.30474321646142,298.3148291296572,223.2717764183816,148.22872370710604
11758-3704,67.72131371334488,79.20249375906043,-3.2759610484306783,-14.105049502935715,-20.119724050210095,-19.92487796900478,-32.02997710505506,-32.811136648626146
11758-6101,230.35150315550942,274.69118994174875,-185.84641677930713,-222.5298350974653,-259.21325341562346,47.57352604113454,13.11099087259214,-21.351544295950244
11758-6102,152.4364426699471,166.22152142921644,5.689923624410115,-1.4620434711445476,-8.614010566699196,18.35797445851401,12.029748597926972,5.701522737339933
11758-6103,47.07930177655805,74.99441410878283,14.077818578755785,-9.09876410618348,-32.27534679112274,,,
11759-12701,299.37097273691273,332.7429474374846,39.647017519427024,25.728421304148863,11.809825088870701,15.721993502700803,3.100597797975716,-9.520797906749335
11759-12702,160.77204489726878,183.44482130642876,16.65569333519449,3.409957008578798,-9.835779318036876,11.026008125256897,-1.6127228358501717,-14.251453796957238
11759-12703,162.68899247301533,193.70807665240554,25.144294403956664,10.467704203419094,-4.208885997118453,16.959038331545305,2.7562738003305465,-11.44649073088422
11759-12704,84.98448338669401,111.03576409360271,-2.9203291861745435,-13.578838207118839,-24.237347228063143,-13.551655683880334,-20.238494837121056,-26.925333990361782
11759-1902,79.8948730436985,104.3734724039158,5.497202576863998,-9.2772485431599,-22.277242995247256,-4.768976535485876,-11.681466880054362,-18.593957224622873
11759-3701,100.15937197302883,142.12040079278447,64.77543136874608,47.3935427789555,30.01165418916488,40.047709778066015,26.84936416405669,13.651018550047395
11759-3702,77.66566693396645,105.59282647804301,7.422370631292733,-3.426471621849197,-14.27531387499113,-4.706776758715302,-8.965172684158484,-13.223568609601669
11759-9102,87.33826773415987,131.6193615989888,21.947170568160384,21.653092478661964,21.359014389163544,8.670527282496247,13.641477106554259,18.612426930612287
11760-12701,118.70889168356106,127.84726646127999,11.700314313001451,8.473463887472644,5.246613461943837,35.96259633028705,33.027326807402176,30.092057284517296
11760-12702,95.5680165215782,113.25320940754527,2.5623231246451397,-2.294409470308356,-7.151142065261842,0.37086290404051103,-2.0991371939831764,-4.5691372920068805
11760-12703,111.97673749331365,122.45702197879318,21.09976945816376,18.405518917817066,-4.42276865463216,21.541456993029726,6.637411540155557,-15.815523806092191
11760-12704,149.82126975286653,172.37951179234673,-0.985369796383692,-9.140225562784972,-17.295081329186267,11.613824203411584,5.51296345094929,-0.5878973015129797
11760-1901,98.1047355572006,128.36367294105793,-2.3346728674430812,-15.687144561674055,-29.039616255905035,-4.93533568354414,-10.80796546335375,-16.680595243163342
11760-3702,100.71711146987636,120.80279284256022,15.14200934716585,4.604384790068441,-5.933239767028985,9.371133732377706,-1.846837404135483,-13.064808540648684
11760-3703,155.1479227102605,210.48541164855632,15.107809904603902,-1.3141998885849793,-17.736209681773868,-12.445989136115134,-21.317294003621146,-30.18859887112713
11760-6102,74.74267048115748,97.46425140638195,27.497410598665113,14.164327426940384,0.8312442552156493,28.022398392026503,15.769427540912078,3.516456689797654
11760-6103,178.28359642223046,203.30745377033642,-4.114406356539808,-14.17611533089688,-24.237824305253955,-12.939453421426789,-20.45100140333982,-27.962549385252867
11760-9101,271.03341349340695,330.3362383967716,64.61526207325873,35.18308226275785,5.750902452256908,32.2616644880689,5.307980811240283,-21.645702865588326
11760-9102,147.0171006132015,169.91491223853595,11.604485200805977,3.7237477998556887,-4.156989601094596,12.989095821904055,8.461711500477005,3.934327179049928
11761-12701,80.55102230244313,98.67807568849707,11.752138109811513,0.006467566899375237,-10.631300820123837,18.502871906500143,15.940757170996065,13.378642435491997
11761-12702,153.1742188421336,164.8505550310198,4.279863089271559,-2.9275368700008264,-10.134936829273224,-9.78488488972314,-17.032188356882816,-24.27949182404249
11761-12703,216.35429330173324,226.66835791515535,6.502145762734128,2.225597753157614,-2.0509502564189006,11.984168651874825,9.296266117753676,6.608363583632545
11761-12704,187.56621353327694,205.5041303934699,12.90585410992408,3.9923414052647046,-4.92117129939469,2.0793184844490007,-4.424586736365125,-10.928491957179249
11761-12705,207.08519568763958,320.6599060726802,4.533630962981263,-47.25638898031295,-99.04640892360716,-55.93592753597552,-83.43271862083239,-110.92950970568927
11761-1901,34.39777923760438,88.80597492425824,55.56955820262749,24.73720733034258,-5.014756768951278,35.770500291576326,16.769303658446184,-2.2318929746839697
11761-3703,96.9663567577731,135.4074407707051,22.51562082581351,14.515195564536635,6.514770303259749,8.055130614445154,3.300531725063338,-1.4540671643184788
11761-6101,233.7511454320522,323.4854968364932,104.16894544423883,60.83902229661624,17.509099148993606,49.57370555163629,14.380068833476233,-20.81356788468383
11761-6104,144.12745614928022,192.96768087871845,53.73520770863082,45.33180310212552,36.928398495620236,27.539526935609405,15.953854799750724,4.368182663892008
11823-12702,243.11592099305847,261.2771168699374,15.022704899313487,6.991841477439653,-1.039021944434181,7.135998990800415,-0.6757687068626745,-8.48753640452576
11823-12703,186.4414478265036,220.8212335412896,19.234836509251654,10.788464078460324,2.342091647668991,23.098766419182798,22.514902192870885,21.931037966558968
11823-3703,346.997929536199,383.44569466735055,-46.57429331757142,-54.326341778692644,-62.07839023981388,-11.72055209992127,-20.758398460755213,-29.796244821589152
11823-6102,111.21520564621396,224.31946731396363,111.69399786057197,56.53390159700582,1.3738053334396558,49.54174578631362,7.7522308289212,-34.03728412847125
11823-9101,192.25750469507184,213.7227770134955,4.209428423734273,-15.974228391688259,-26.256741438774853,-7.053008549326067,-17.829684069514926,-7.008960180065882
11823-9102,30.727650555726957,165.4081419361124,-79.9886690854149,-242.34054050408665,-404.6924119227583,-4536.710700447396,-7031.928533753647,-9527.146367059897
11824-12701,209.15217070413496,223.5592412656461,1.5061197683706364,-3.6175105981878644,-8.741140964746368,1.9521985734017784,-2.3478725868496855,-6.6479437471011344
11824-12705,165.04695620941553,176.1141595700049,10.726554297171583,2.1695801677479043,-6.387393961675775,-2.2704755834836647,-15.283297914670015,-28.29612024585636
11824-1902,147.1451798185445,250.40122445403256,97.20460577189246,71.51841056055345,45.83221534921447,52.06797533707064,38.28026329892721,24.49255126078375
11824-3701,179.3731047393786,208.54156227950173,44.70402655960042,40.319712459265254,35.93539835893011,21.83549125820415,18.7464060388986,15.657320819593046
11824-6101,314.40419684961336,364.82535905754406,39.81287153704641,22.50172058041923,5.190569623792048,,,
11824-9101,115.50138712078457,169.59190892075281,-13.707071622787737,-30.963259391093445,-48.219447159399145,-10.855115784052746,-19.773290501472257,-28.691465218891768
11824-9102,67.09727577195545,77.44755951143543,20.47323318647913,15.591799061745322,10.326400660418008,31.98348091298585,21.25128026617193,10.51907961935801
11826-12702,57.02080709901747,84.75856584107996,26.734453749367695,8.840214533695848,-8.146423140679369,6.432699735272422,-9.2881475509333,-25.008994837139017
11826-12703,68.72179879116148,71.088528415074,22.127958768708694,24.609067696098577,16.64369660274915,32.26826311160373,19.50034132785368,-10.09191005366565
11826-12704,116.54638779032187,126.95327683221264,13.724372697821773,9.933405787891465,6.142438877961167,21.984169059230325,18.212425828684708,14.440682598139077
11826-1901,,,,,,7.408703518721226,-2.5161473933318317,-12.440998305384895
11826-1902,60.261116601418465,84.9869193604023,-10.410741586956632,-21.924498517792962,-31.393571339850293,-17.703992733769475,-20.211344294372008,-22.71869585497455
11826-3701,77.38391354900286,108.0389896894084,10.158289265802209,-10.805171037349803,-31.768631340501805,-3.9545313212942945,-17.391803920487323,-30.829076519680353
11826-3702,53.612712568527485,80.25622682274629,-3.5441718966700546,-27.414645342504805,-49.85991312275667,-25.74528481895631,-44.36337872205387,-62.98147262515141
11826-3703,92.2415828919816,123.50251669388793,,,,-36.789224844684185,-38.98086970748375,-41.172514570283305
11826-6102,181.6049060520307,220.90183019627025,-20.06294387634787,-26.85374732983764,-33.644550783327404,-14.427463332687601,-20.180843194547165,-25.934223056406733
11826-6103,149.00263631315062,171.6630368680208,3.5658764893877666,-0.8418594753560347,-5.249595440099825,3.4216383728347926,-0.3634904992241949,-4.148619371283164
11826-6104,132.6668749198319,233.78303746418268,153.80319549520888,115.47725773694026,77.15131997867162,161.66258437886898,139.27836075695382,116.8941371350386
11827-12704,317.68565358212715,326.1763213102264,11.901841377774057,7.873588612264748,3.8453358467554133,16.291221103107297,12.388705572295212,8.486190041483125
11828-12702,71.74830119523334,71.74830119523334,9.625122581699715,11.296456467066339,-2.3130341036214648,10.312730070602996,13.727853856445037,-23.670879025851367
11828-12703,121.88528536241202,133.52710705279435,17.370924733000844,10.6635909472919,3.9562571615829376,10.155321465857652,1.2166111376877147,-7.722099190482226
11828-12704,188.0276850762054,206.2607555918105,15.087966896062571,7.234306978150813,-0.6193529397609594,14.909282964076455,7.717416009797432,0.525549055518411
11828-1901,64.63664373083962,78.52529896171053,-2.445785863378031,-7.0325812027013965,-18.977691422052693,-6.873460814324885,-19.866603981303633,-32.85974714828238
11828-3701,241.0545396491897,315.2530094301373,-31.185857951940875,-62.20820432679736,-93.23055070165381,-42.91179756221607,-63.039871153607045,-83.167944744998
11828-9101,85.01231248483862,92.52487636275936,27.24748476590271,24.901134361752863,21.496184114634094,15.442781664106578,5.226636790163725,-4.989508083779133
11828-9102,103.4256869108893,124.49292067133908,-8.81054339912296,-24.36244153986448,-39.914339680606005,-17.39391714881018,-30.754907037058416,-44.115896925306664
11830-12701,161.99790926056065,201.13840253307467,67.12616707209787,61.67270164634585,56.21923622059381,36.32211435399145,23.968930646535362,11.615746939079285
11830-12702,97.86468331844728,129.51132681368745,-5.375721754823599,-18.176565261447564,-30.97740876807152,-28.567655709975853,-41.566180328478566,-54.56470494698128
11830-12704,204.88512476507105,240.53736984196718,25.650253055791016,6.459057492716638,-12.732138070357742,-18.079369790946924,-37.75193683204495,-57.42450387314298
11830-12705,68.85201213643397,80.55631682686588,6.866914640205717,1.5406884785246724,-3.7855376831563676,-11.505653134334251,-17.787865634931578,-24.070078135528902
11830-1902,85.96082424010129,117.12187753786185,-26.764132371669817,0.4405095306003689,27.645151432870556,12.40497471280766,30.537002688804485,48.66903066480127
11830-3702,253.4483260344302,278.1119381500468,22.71790061885125,14.6631359603991,6.608371301946948,,,
11830-3703,103.54242233533013,154.30744197218985,29.12834034819845,11.669457776952987,-5.789424794292479,24.22149659404291,19.200633008888893,14.179769423734871
11830-6104,148.13458710130345,160.1815380333268,28.503667695873204,19.540421513369356,10.577175330865508,-0.32821236366622414,-14.76912405936257,-29.210035755058907
11830-9101,41.62199297903171,282.01253311650527,260.00125624998543,111.42662164750664,-37.14801295497206,-11.347747975376048,-230.96661102896164,-450.58547408254725
11830-9102,331.49123180070313,364.44095644039186,16.804857887071684,5.354674810962895,-6.095508265145892,3.8886481272958107,-3.430404839188077,-10.749457805671943
11831-12701,289.76726942937444,361.4339798882447,16.991141615558874,-7.073177067480947,-31.137495750520763,-16.582059986623157,-28.597465289084084,-40.61287059154499
11831-12703,141.4923632511252,146.87105219868198,19.860904908391348,16.782447123682644,13.703989338973935,4.500360842400968,0.06525917685106648,-4.369842488698836
11831-12704,134.7541287988819,143.9370503270727,5.430606400833157,-2.436191075885576,-12.81213919858365,-53.0795497194382,-63.1051955898325,-73.1308414602268
11831-3701,146.41207583412069,190.90010327919762,7.279925743863156,58.767698109358754,110.25547047485435,21.933556846869237,49.83821054412459,77.74286424137989
11831-3704,127.79324820669805,144.91402601608067,-53.59035301444694,-45.10279434876196,-36.615235683076996,-17.188510657009584,-9.650066935455317,-2.1116232139010505
11831-6101,132.59769149982117,148.00467811386932,44.85753508681071,46.71776991104412,48.57800473527758,27.083371362624916,25.596811768272453,24.110252173919967
11831-6102,132.57516048198133,147.80117255708876,3.9286533762037505,-3.4961640581744486,-10.920981492552633,0.7002984346287655,-4.237022675070017,-9.174343784768803
11831-9101,118.73549688059937,130.05836711916643,11.249067607388225,3.3982980948249364,-4.452471417738353,12.476386035290632,5.4734310187225885,-1.529523997845443
11831-9102,115.39766915512376,120.16206668252649,3.322037707454274,0.5947543821562911,-10.79664892139892,-29.186970398144343,-49.24274263791163,-77.61051958892025
11832-12701,77.7398479356734,98.13579943259668,4.777828112296174,-7.602564293099582,-19.98295669849534,12.51442095567374,-6.336957513478439,-25.188335982630623
11832-12702,162.20874608686006,175.74698369148717,13.255107208705216,3.740577485834793,-5.773952237035627,10.286821570482722,0.9352821396477845,-8.416257291187154
11832-12704,122.41678798468918,133.57283633200555,0.2069614295615779,-4.365071486080659,-8.937104401722895,-5.716706782328099,-17.08333569867166,-28.44996461501523
11832-1901,132.74976011637023,187.31885036210969,14.976893314407981,0.7143350930838568,-13.548223128240286,2.3223407887397904,-6.973420885586892,-16.26918255991358
11832-3701,156.28229454831668,207.24903790136844,5.839331991996631,-18.182678705778507,-42.204689403553644,3.7050298132201642,-9.754988595466807,-23.21500700415376
11832-3704,120.5748106237731,151.9919249160092,-2.3417629011571344,-11.916743697526972,-19.176108168541806,-14.377229825105378,-9.851146471131436,-5.325063117157508
11832-6102,144.40040757840504,160.52559775843488,10.641566215582996,4.778151957656234,-1.0852623002705308,6.768071670674796,2.506154943988588,-1.7557617826976002
11832-6103,83.46768472177645,90.2617740052767,2.3336174705105037,-1.995109817891563,-15.252570166971287,7.425674618526327,-4.228032624825342,-18.21248260316046
11832-9101,215.08330313410724,267.0423596612861,-3.594123498302406,-26.10151955722363,-48.60891561614485,-8.858668258292546,-23.82236231044819,-38.78605636260384
11832-9102,96.52112622154644,114.289665733588,4.54225405002503,-2.516116967620499,-9.574487985266035,11.449083690273547,8.605436739600185,5.761789788926837
11833-12701,96.90857787029223,117.20719686090813,27.952641437362953,19.83593113967812,11.71922084199331,31.379191595868377,28.01654294612004,24.653894296371725
11833-12702,195.60373707735042,204.50465063625424,9.535423777125173,4.359350522710543,-0.8167227317040879,17.502073310894595,11.06679404655478,4.631514782214967
11833-12704,75.60604792835807,99.03011343514129,30.507094329548103,18.783551168188797,7.060008006829491,24.179567689010632,12.140229736688008,0.10089178436538386
11833-1901,161.52904043146165,229.73305542159747,31.51565774931106,13.08922917797508,-5.337199393360882,-8.814355591602316,-24.786681727102838,-40.75900786260331
11833-3702,194.71052068005883,271.2277014743048,-49.93296196558916,-61.0866845684967,-72.24040717140421,-78.87464644584729,-87.07758328562407,-95.28052012540086
11833-3704,78.41975521875253,124.46370679767675,56.5449026971528,44.4060871815448,32.26727166593678,26.61259928953234,15.128427905907614,3.6442565222828796
11833-6103,135.13510512882027,159.12264235469542,20.953937112602002,9.231461312300487,-2.491014488001016,2.03739655714551,-6.907963475486559,-15.853323508118613
11833-6104,168.0799386933764,196.54052379473478,13.998236507318879,3.675329938785281,-6.64757662974829,1.418162002962428,-4.843707928503604,-11.105577859969655
11833-9102,182.62271988759835,211.83711494525312,-14.615441761339811,-24.759213387441015,-34.90298501354223,-13.396048850012036,-19.361686590838605,-25.32732433166517
11834-12701,102.02626421970785,116.60585832041173,2.891617924868053,2.766804074179433,2.6419902234908066,3.8204480546671227,3.9503283656488293,4.080208676630536
11834-12703,131.01470871009698,141.78585357454918,-2.3706896023347968,-8.178057761258648,-13.985425920182502,9.186761414525792,3.112882917654262,-2.9609955792172573
11834-12704,120.42105170510838,133.41503714751727,22.961275258007635,13.285349553136179,0.8420522260230091,7.674650373643557,-8.469186499842406,-24.613023373328367
11834-12705,221.94441119476696,237.9021055607661,8.600982058076747,2.894493761437164,-2.811994535202419,6.216890142511224,1.428649606526564,-3.359590929458095
11834-3701,120.746449599301,164.7724963653121,66.40468560903224,48.39424201118907,30.383798413345886,68.9865723684834,51.28087503206392,33.575177695644435
11834-6102,85.18982498681308,99.624090825939,16.41089781966978,9.13715798133887,1.8634181430079626,20.16888685048605,13.311850737401915,6.454814624317781
11834-6103,85.12584653149246,109.0330147342508,4.329997437154745,-2.357370526183847,-9.044738489522446,-4.0785765419692295,-4.840222091044608,-5.60186764012
11834-9101,384.05102937866576,401.56940270037757,-3.3452441236161468,-7.670210032233781,-11.995175940851414,0.6148531699179829,-2.418236143553216,-5.45132545702445
11834-9102,140.15847998569836,158.22443364649612,23.653263191857544,15.8857076459077,8.118152099957877,35.038721863830624,30.47895410635849,25.91918634888638
11835-12703,130.3977494513593,141.08894366361145,-31.0848236952014,-35.956255444717904,-40.8276871942344,,,
11835-12705,319.72286275042796,336.30184889545046,8.133547865153972,2.132335870539121,-3.8688761240757548,-2.3679489367043383,-9.161979068609497,-15.956009200514652
11835-3704,96.58010420187208,111.09726277172739,16.88965901600913,8.675215907570255,0.4607727991313807,16.274346562909315,8.036824475268478,-0.20069761237233774
11835-6101,57.31114955336221,72.77550135571883,15.32565336438639,5.251895574081521,-7.259083604794771,-3.936610185216895,-22.86994573587679,-41.80328128653669
11835-6104,113.63808455909604,119.30665432036672,19.690080783089023,21.033902480257318,5.750148205516725,42.952097931451625,32.046247605731324,7.771606603421791
11836-12702,99.71041028972321,107.51803876272841,4.800262720431256,-0.28481527402854107,-8.03489854554106,10.911985393989879,0.24415149832022934,-10.423682397349424
11836-12704,113.18314081276222,121.9399980312512,9.03127793375178,2.749123851715119,-4.070672405728923,13.569469054485385,5.503715478228753,-2.5620380980278803
11836-12705,66.39586749328477,74.88342773821023,37.00201498633112,33.81544193901474,21.296830689563603,48.86888372249042,32.74576212931176,13.705510007443586
11836-1901,109.71472913717432,126.3274448676606,15.086753667564617,3.2005005678512566,-8.685752531862102,17.109111843769927,6.092382029130522,-4.9243477855089
11836-1902,81.64617882130976,112.31725757634298,52.142236674306375,31.964532070495085,11.786827466683805,58.49016098002547,38.79138248842,19.09260399681452
11836-3701,83.64719057816627,104.90839927411733,42.655260083867084,34.78562409070905,26.915988097551004,25.264344861589557,3.613041611524557,-18.038261638540448
11836-3702,117.07974003998848,160.9662686345891,-8.845171789807807,-11.448376417625528,-14.051581045443285,21.810111544637625,23.89563137415073,25.981151203663817
11836-9102,100.46964122732862,127.75162386131107,17.45861644057183,7.319376930396846,-2.8198625797781407,7.688010387322193,-0.22967856672912865,-8.147367520780465
11838-12702,187.6344745991066,194.95135859434774,7.866995344954591,3.773307293247314,-0.3203807584599829,-5.671366508137151,-9.74645270844633,-13.82153890875551
11838-12705,160.22559937412225,228.77367254301447,71.86074693620083,41.966224229424085,12.071701522647393,54.22786551169269,32.167863904004946,10.107862296317208
11838-3701,133.46123174338155,199.17167393532722,23.681524823017632,5.844154705609587,-11.99321541179845,-8.790473523163275,-23.64052667891804,-38.49057983467281
11838-3702,164.73898633367776,186.81078028444682,38.17952443960667,27.27867865690584,16.377832874204973,33.751541477288036,23.98162432148903,14.211707165690001
11838-3704,51.3781789738486,149.69636949561215,157.19077786037766,86.29331221900806,11.221826160026755,97.19303351231751,20.600398897880964,-55.99223571655559
11838-6103,134.87495959439548,145.9166542015861,9.702716117811876,6.197998960156588,2.6932818025013128,,,
11838-9102,148.75923510709978,215.63182152933325,21.110557427739792,-3.710193504523279,-28.53094443678634,,,
11863-12701,64.89570055570586,72.62148097212163,11.129951187017403,5.95132091530362,-27.280724060909105,0.38930254087422705,-12.867454503123207,-37.58658869899134
11863-12702,146.28680188269973,158.81837545734504,4.946004014930926,-2.5128960466070356,-9.971796108144986,-1.7534580935071213,-10.474655567420552,-19.19585304133399
11863-12704,41.1837619210949,80.33406330953325,-39.26934251986544,-53.722741163390516,-68.1761398069156,,,
11863-9102,172.79619154903102,226.2877222473078,27.793857900287534,19.814422205041772,11.834986509796018,14.623872300182809,11.057040506028455,7.490208711874124
11865-12701,214.45611455934053,226.5933442496093,2.844305139848553,-2.1045587114792337,-7.053422562807005,18.52583313284269,13.9723537716104,9.418874410378113
11865-12702,123.04487644797862,140.83414157692997,7.500975600620091,-3.6836113280879994,-14.868198256796092,1.9469961490859142,-7.174665222517207,-16.296326594120327
11865-12703,85.84627750054369,111.39290145129115,2.4836318714225065,-11.962235437012845,-26.4081027454482,-14.14940461782637,-21.597549963607165,-29.04569530938796
11865-1902,139.84940070125486,163.22937731394688,0.4646009080234881,-13.155145686768964,-26.7748922815614,9.155568237830199,0.2574601077955911,-8.640648022239017
11865-3701,57.36219027168019,99.58141838604249,-0.8535089541770144,-26.431938993533286,-52.01036903288956,-36.12427950975486,-48.865821672688284,-61.607363835621705
11865-3703,53.698459551243076,88.68095796398138,2.0333357482509262,-17.29410439355653,-36.621544535363995,7.588556526999091,-4.130781498885396,-15.850119524769886
11865-6102,23.640701094713318,95.00967621407894,-13.735532038630417,-266.1646921107697,68.03507991499258,,,
11865-6103,58.814956206317305,58.814956206317305,8.798409992145984,15.30339368702232,0.029079962618154334,10.089663655508543,14.359970600101773,-8.137007310892368
11865-9102,128.35405752976465,146.35592861624946,4.504325554602598,-4.499550731010904,-13.503427016624405,-2.2665795769086747,-8.69296361216593,-15.119347647423172
11866-12701,349.26809772778785,369.87585056922677,3.7125495470739125,-6.931060558929717,-17.574670664933347,22.844370389890077,12.368562142618742,1.8927538953474494
11866-12702,122.67248600537052,141.21929260065883,3.0852566117746467,-8.625013333719602,-20.33528327921385,14.748467811790853,6.902827202504855,-0.9428134067811463
11866-12703,123.26210810534768,134.60253801650993,36.639330932403674,32.16081911700847,27.682307301613267,30.810892486816943,28.464719445163535,26.118546403510123
11866-12705,171.61332341470853,224.73721476568124,17.927104967913966,1.073084101025065,-15.78093676586383,7.047270440397244,-4.5657374852046955,-16.178745410806634
11866-3701,122.55339791725206,155.32148186794345,69.26608548783773,45.959015483623745,20.959566667167568,66.1394280650869,37.76736369608944,9.395299327091992
11866-6102,238.58489244657127,269.19663450648886,-0.8999501777437607,-7.181262122912909,-13.462574068082025,-7.772396994111544,-11.479977466162158,-15.187557938212771
11867-12703,248.54388962616625,283.9805625718547,4.363114706625006,-14.412415314002128,-33.18794533462926,-14.212465517994572,-32.79089012385071,-51.36931472970684
11867-12705,98.11185331477813,104.34475608395586,10.713819343874908,7.8343706890585105,4.981998399548269,1.8814056981399574,-2.5866935953291943,-7.054792888798353
11867-1901,65.60243585489877,100.17082657040292,15.385709152112087,-7.549755757815346,-30.485220667742762,-3.3885317340391623,-21.270305509477925,-39.15207928491668
11867-3701,33.119506688356935,74.62880990328136,-6.047288838751937,-50.70387821006131,-93.13720944986089,-45.88039206164707,-67.9022074185642,-89.92402277548135
11867-6103,159.88091341428296,243.7195964761277,-35.5069145711618,-68.1613992312032,-100.81588389124461,-21.961411714175355,-35.268504218654385,-48.57559672313341
11867-6104,203.1175451430894,247.82516221078976,0.8628848929513877,-9.29258902347208,-19.44806293989552,-2.4401654943290043,-6.2847652096757205,-10.129364925022438
11867-9101,157.75908805479546,174.25467639574796,7.430828507123803,-0.615705930924159,-8.662240368972121,11.134572310973956,3.5484985768752773,-4.037575157223399
11868-12703,167.82502298341794,178.79245036534803,9.03563170393374,5.172371979695381,1.309112255457022,-4.354899243614203,-10.32373619760874,-16.292573151603296
11868-6102,157.43336624411398,203.75707385627493,24.81407122097294,4.897729513341024,-15.018612194290897,17.375573991745256,3.1956372123192387,-10.984299567106774
11868-6104,168.20185851093052,181.81317810300254,5.933306100708632,-0.3739270297476721,-6.681160160203952,-3.809045746085394,-9.146431346541375,-14.483816946997356
11868-9101,86.3055714313079,107.43377383791524,1.0632064555498904,-10.950846586209392,-22.964899627968663,9.982890876341186,-0.497493444668913,-10.977877765679011
11871-12701,151.25402313124732,161.51382710063046,6.636641379659197,0.3658354284797495,-5.904970522699702,23.69271451401424,16.364660711095276,9.03660690817632
11871-12702,115.56305225228542,132.86843421890907,0.7058698180666003,-5.724769197848835,-12.155408213764263,,,
11871-1902,102.68748853909509,133.37057570724562,-0.9189803389860547,-12.307241732904878,-23.695503126823702,-8.425151936491767,-15.763133653169303,-23.101115369846845
11871-3702,58.467940096020655,81.50011875380001,9.176250212158255,-10.256566886719424,-29.62220258340156,1.8905801915628162,-11.947648106830899,-25.78587640522461
11871-6103,116.89258500040236,131.90669399562404,7.198503470341881,0.24010999420339268,-6.718283481935095,-5.902216257901857,-11.807595147697194,-17.71297403749253
11871-6104,90.86035025713674,103.68664132700725,14.02118640463094,4.591488342310707,-4.838209720009516,-4.118992729887645,-11.741440740500705,-19.363888751113766
11872-12702,194.98897381341075,220.563678940485,17.65351910220461,9.497329027210084,1.3411389522155557,25.037762436540614,20.678867139690517,16.319971842840413
11872-12704,185.3797185161881,191.2591147850154,25.234162380234622,20.77627403146464,16.084473338301112,32.69950537171991,26.519929621014462,20.340353870309013
11872-3703,180.11009649258162,264.8060378665381,41.89803825503913,2.568089627510259,-36.7618590000186,-3.4442935528365255,-34.62300394792047,-65.8017143430044
11872-6104,310.15031269321577,361.74203505714684,-10.249352286025669,-37.13110961302496,-64.01286694002428,-18.868517075863295,-45.63999451999128,-72.41147196411929
11872-9102,355.68752855563633,394.64753273550167,57.58982262944797,39.42127579342314,21.252728957398354,45.86894775417919,28.432021800110082,10.995095846040977
11939-12702,55.34631987625262,65.30035588682928,24.490094214317,18.696448150526326,-24.452543578924278,19.973304784835452,-6.565862632939673,-57.223686849269946
11939-12705,176.30624225086893,191.15486331083977,18.359544382164266,15.326605096761728,12.973984971732106,30.459245257769616,33.906039085683005,37.3528329135964
11939-3701,96.49001967550154,106.98867577712046,16.11487736073864,15.237806028907027,13.854007957249367,,,
11939-6104,99.84256672324626,116.75862933074427,25.96398264240078,15.009264697913492,10.768882705042982,-88.16542568093796,-105.50311527385016,-88.30720833789734
11939-9101,81.19568199379918,100.86647641666781,12.220121920345534,-1.7554040483509914,-15.730930017047527,2.085076494978628,-13.260293691686392,-28.6056638783514
11940-12701,223.08608648005287,247.76112140720886,9.200939305172925,-1.6426555977784174,-12.486250500729764,,,
11940-12702,164.0734882222564,262.9875396364698,142.60658673003257,88.08653735062413,33.5664879712156,212.81381189582103,163.56380871580723,114.31380553579345
11940-12704,101.85928715166966,207.208960279577,130.57320312531334,71.53739927285608,12.501595420398829,104.08095566183631,52.65990561428524,1.2388555667342125
11940-1902,191.02774052846559,233.44586512750226,24.884126712794078,4.699619011127985,-15.484888690538135,,,
11940-3703,105.90388209131386,158.0719414728148,56.497085127451115,39.142011362832,21.78693759821289,25.17563912212639,15.258813020458513,5.341986918790613
11940-6103,142.01114814384775,166.30520275694275,55.23407990502998,41.38845617127802,27.542832437526076,9.311088888052883,-9.708528246585928,-28.72814538122475
11940-6104,197.78316484095666,224.45780781719623,10.264002024319458,3.6655835708122013,-2.9328348826950696,12.64578935667082,9.63369523365664,6.621601110642476
11940-9102,252.73449232802096,276.7634354278791,7.060504336927549,-3.142853195700202,-13.346210728327957,-0.29207698229370205,-8.945532922425917,-17.598988862558112
11941-12701,207.21447498145992,221.40034629592773,8.989364517382985,4.338329751215553,-0.31270501495189856,14.41103647177446,11.689171839206736,8.967307206638997
11941-6101,68.78789046252065,78.6671737523243,-12.561696078087525,-17.881743179238054,-27.439493148203677,,,
11941-6103,151.3901988325962,175.06856508883777,7.60323461689544,1.1429950117599394,-5.317244593375547,5.611237060530305,0.6822234777488566,-4.246790105032592
11941-6104,86.53248885169613,90.49814023484404,7.875175065805233,7.568160380909192,3.8283005956638365,29.47318449653458,24.465824132218934,19.45846376790328
11941-9102,151.99339651196232,175.2009985094766,9.502728503742372,5.961460663190652,2.4201928226389358,,,
11942-12701,181.0326255549036,198.1407091168016,2.0248292490739614,-4.7935893756403205,-11.612008000354601,-2.0744059229008025,-8.770837732753105,-15.467269542605386
11942-12702,135.87798249910122,143.1564811533023,4.756906505405758,-1.1811201740920183,-15.191832467291812,9.258773445529624,-6.325410787697675,-22.69772674589328
11942-12703,296.99461716845013,319.60436250175144,48.55655649086648,34.4979742676248,15.894944890186618,19.68653693222541,-7.741751673179346,-35.17004027858413
11942-3702,120.08526205370535,173.87594206341967,44.49417704115854,19.733187410693148,-5.027802219772215,25.877540171397175,12.150744603329352,-1.576050964738484
11942-6103,135.41660312709445,165.17771079333852,-30.80132985521433,-46.51158372846337,-62.221837601712416,-7.559726615278866,-18.975184349119655,-30.390642082960447
11942-9101,137.24294142643885,144.29140765897924,14.666201040642719,9.549222122188748,3.4873628830418477,11.25040190313026,5.426563311622763,-0.39727527988473377
11943-3702,77.11222135699364,119.83373314651544,29.315936940371913,18.24704798012741,7.178159019882896,12.094562383307249,-0.42666401651946395,-12.947890416346176
11943-3703,169.84105845388814,198.3688030316601,14.774924474358523,1.287343669243488,-12.200237135871546,3.7058946991326516,-7.891426637671398,-19.488747974475448
11943-3704,75.9435015174014,109.84472806514314,-17.392689160864162,-36.12792998934036,-54.86317081781656,-35.477219137631685,-49.00527838010296,-62.533337622574216
11943-6102,123.01522120220392,166.01912763259506,16.42307002167344,0.3550648377031847,-15.712940346267093,5.215870813855846,-3.261454469182835,-11.738779752221493
11944-12701,77.2490456478353,97.09722765365414,1.309564112560492,-4.892001616262651,-11.093567345085795,-10.754925916360737,-14.09856034063519,-17.442194764909637
11944-12703,71.38299842918786,91.33822661044059,17.809626352366433,2.8793421879763264,-12.050941976413776,8.264088910629468,-5.036293578106685,-18.33667606684285
11944-12705,336.7903898087764,365.1841719576067,47.69812926526048,35.2069300359343,22.71573080660813,-27.712240922531873,-40.28148233989936,-52.85072375726687
11944-3702,76.04149577149859,89.53636384388574,17.06467434809607,10.279981057481251,-5.3757965163518175,17.76440885646604,-3.598606538245342,-24.961621932956714
11944-3704,138.67618585840648,254.05579778220584,177.19163703108615,146.5723279986221,115.95301896615801,,,
11944-6103,73.09102750979099,88.99457540250786,58.52421305624317,50.78098188184363,40.934515088598,41.005648654567864,28.216011923979778,15.426375193391706
11945-12701,134.84226072167502,153.10638008473012,-0.5598040693738906,-9.766483840843307,-18.97316361231272,6.956959033267565,0.8171082041331538,-5.32274262500126
11945-12704,96.0277306937818,109.3266064334011,-2.9446599856965814,-8.900600854477142,-14.856541723257711,-6.587869075380347,-11.671369934850121,-16.75487079431989
11945-12705,144.31200113415875,156.09326593694146,9.160044010672294,4.716784268851054,0.27352452702981406,10.167335294652052,4.102960693453675,-1.9614139077447228
11945-1902,122.51386001337251,190.71993408182317,-26.1634818531212,-46.09699810049815,-66.03051434787511,17.08347122437266,24.691338508020362,32.29920579166807
11945-3702,97.06677744916432,129.10106735174188,10.103028762188055,-0.36125827567981555,-10.825545313547709,-7.934026139605446,-14.274898652162888,-20.61577116472033
11945-6101,157.390553021733,194.178494776716,15.08470121035004,-2.6224396638971,-20.329580538144246,-5.204112988696053,-17.571025474314744,-29.93793795993341
11945-6102,146.34469434844195,169.54415380684407,4.088011558728585,-6.9958970017337965,-18.07980556219619,3.505144187422112,-3.618046239097653,-10.741236665617413
11945-6103,57.301914471790575,81.8564310218967,10.541858064867894,-0.9504038678013067,-12.442665800470508,11.394464888906075,1.7186476831634105,-7.957169522579257
11945-6104,189.82237712328808,241.54487425625481,19.290228117862878,8.284066599848668,-2.7220949181655323,15.289184186076858,11.1317555167467,6.974326847416544
11945-9101,95.86337899916056,120.27029489306776,-1.937595669935303,-20.78354026360987,-39.62948485728443,4.721519615692033,-8.879890010664916,-22.481299637021884
11945-9102,149.37100722844957,182.5648181949011,3.031031532345006,-6.503989674347247,-16.039010881039516,-12.139267456614965,-19.62185295056374,-27.104438444512496
11946-12701,150.1069101933029,180.7280473106966,8.45489448688063,-2.0952910489395293,-12.645476584759685,7.979069626855344,4.1566210830823715,0.33417253930938706
11946-12702,192.401361137114,220.9875489034701,26.58773102559212,13.79738013269793,1.007029239803741,6.9384539301832,-3.2819425286268182,-13.502338987436854
11946-12703,101.44887030973561,203.00063331688492,19.87374710859271,-18.991947562566782,-57.857642233726274,,,
11946-12704,179.90527900948828,200.754858105689,15.961148667386253,8.136416498566636,0.31168432974699634,-2.1174933486677054,-9.192485673597789,-16.267477998527877
11946-1901,197.69823491228206,281.8154165999393,75.16365869499661,65.18882373268582,55.21398877037504,8.699537673898845,-8.236484750001516,-25.172507173901803
11946-3701,91.34688281349923,155.14902804628952,2.729915409016107,-9.679251770064191,-22.08841894914447,-19.863943929907734,-18.685914091061775,-17.507884252215806
11946-6102,248.19671057929483,270.1422820543705,5.743415261631039,-2.974486096708341,-11.692387455047696,,,
11946-6103,180.35485431831717,214.17915105691986,16.088226920809998,1.7568401955262858,-12.574546529757429,19.976532569583345,9.483725429509485,-1.009081710564397
11946-9101,172.31931236848706,207.4825483267295,9.449067383411906,-2.9803772197626457,-15.409821822937221,14.750860018022776,7.827866437893541,0.9048728577642982
11947-12701,176.13367682922402,207.3656690945731,42.76222011881512,33.2906961072864,23.819172095757676,26.07236896103462,19.0142386921636,11.956108423292564
11947-12703,174.3665383140777,195.13747392494085,9.946260366756622,2.504916224151328,-4.9364279184539654,-5.375228318421948,-10.71560927659262,-16.05599023476329
11947-3702,181.66141295510727,219.44172044993462,22.727325658648013,7.775187606116753,-7.176950446414514,-4.6283738025443935,-15.894696144810183,-27.161018487075964
11947-3703,239.49545101290454,272.9765035460895,-4.593089690753313,-16.39564034947295,-28.198191008192584,,,
11947-3704,70.258304414707,90.91903769881347,-15.211586021759912,-31.732269554985383,-46.89234256731858,-1.4553045098418587,-12.580418171098605,-23.705531832355348
11947-6103,197.80036185632383,213.0652078325166,-3.2125119932459203,-8.343237705505167,-13.473963417764395,-8.192572701722165,-15.077187372870988,-21.961802044019812
11947-9102,181.82831847306042,210.1941810698125,31.53047923974748,18.973734139655164,8.745868432856604,27.426733930346785,26.23005321628429,25.033372502221795
11948-12701,85.68380444930621,93.19295319295398,42.70991062132672,41.408247066785826,35.77684446740733,36.93197169606629,25.879060010494868,14.82614832492346
11948-12702,115.8168212063019,131.74824990141897,3.0092384948179216,-5.451434163307304,-13.912106821432532,7.485149029150607,0.4233856320968762,-6.638377764956855
11948-12703,237.93051317443212,267.19010843286446,0.6796542940384548,-9.030023721799607,-18.739701737637702,10.149023927282904,5.16055618993411,0.17208845258531186
11948-12704,180.85596713344813,190.364126906019,16.564805501500068,12.260874803696888,7.956944105893705,6.34715603585013,1.969385834879712,-2.408384366090703
11948-3701,164.46372258881695,244.49065310738,-81.93144983146664,-91.52475311964562,-101.11805640782464,-49.953908059566174,-31.788606670506862,-13.62330528144757
11948-3702,67.71523241658704,88.72160855527092,33.768075039696036,17.53716366037999,1.3062522810639265,43.744174081094165,34.28101942700168,24.817864772909182
11948-6101,83.13275225516048,87.97557569356526,8.241227852112752,8.37963810530648,-5.329234695444272,33.179343198379684,26.983238572010606,14.41686223581854
11948-6102,71.30552403757842,99.65433394151509,19.6715119057718,0.21186810433197298,-19.24777569710785,-7.788631060178462,-27.50411323870078,-47.21959541722309
11948-9101,178.54051010144238,214.88203961141755,32.53594654723364,24.448010169518643,16.360073791803636,8.010524745919623,-3.78768034130467,-15.585885428528972
11948-9102,67.91974350593121,80.66548278647574,48.658385568872035,44.0236734704484,28.492497374477576,53.722549698250454,39.34378115325854,24.623939915794892
11949-12702,257.94817531512086,272.76355740562906,12.221730554655228,5.6592385149653195,-0.9032535247245883,17.241607623656165,11.88787928705999,6.534150950463811
11949-12703,201.75946851776536,213.8151813690542,12.87086107443158,8.055362977126078,3.2398648798205776,19.218783776983596,16.30311993977501,13.38745610256642
11949-12704,189.78508598086992,309.57894130359534,,,,,,
11949-1902,106.45283821069373,136.2385713411723,27.66162140382225,28.99173511410787,30.321848824393527,0.04316900664919215,-3.6195811982142776,-7.28233140307774
11949-3702,141.17337629520486,163.03567111435135,31.34259198937284,24.73794248860153,18.1332929878302,35.73333016373341,31.485521256144718,27.237712348556023
11949-6101,229.138440549213,280.8947928497026,26.984607563681603,10.49906916175261,-5.986469240176416,11.931733845486658,1.9244936589710282,-8.082746527544602
11949-9101,172.33909860674376,206.84166366787971,-3.867988146844209,-13.23970999600694,-22.611431845169687,20.318036652758323,21.539692337930273,22.761348023102247
11949-9102,182.25343107072698,206.52253367982803,4.303173420010383,-2.6298068379849324,-9.562787095980267,5.630347314993121,0.7808631881026057,-4.0686209387879275
11950-6101,165.28491918341035,192.8291692350058,28.65269180427242,15.646271945973135,2.6398520876738503,,,
11950-9101,166.14795748141165,247.14719451086034,-29.789724975656352,-63.060405509971375,-96.11711350386578,-42.94478604475566,-54.01291782422497,-65.08104960369428
11951-12701,224.31559361625833,240.49727889906325,4.586162052494977,-2.7285301606796772,-10.043222373854345,3.5454388328741606,-3.503037871491319,-10.55151457585682
11951-12702,65.28185944123491,88.42453630964985,0.7983430770525833,-6.903875779593627,-14.606094636239838,-3.136415241948079,-10.810048962288336,-18.483682682628597
11951-12703,72.97928368084432,83.7099475719198,18.949855206167815,11.492228388686561,3.089294798087044,21.333997333602166,14.577924997169657,7.821852660737149
11951-12704,284.4453579571177,301.6268267379036,9.017815769370122,3.1936414055408084,-2.6305329582885055,-16.77014955838976,-24.62257043010227,-32.47499130181477
11951-12705,209.15834681442774,222.02940924494305,11.267361115286509,3.5623665939471754,-4.142627927392179,-23.38009337912801,-32.63433106639956,-41.88856875367111
11951-1902,76.50262612783443,97.89537653359614,-11.119933532180626,-37.165436284030996,-59.98199274408705,-40.80921475015698,-63.84969561144448,-73.67190422065335
11951-3701,61.038079566700695,68.15819309024685,39.69324351889533,37.81889031752561,24.251896942031248,33.91703104011868,17.592584708090122,-5.415664966356073
11951-6104,200.67284240364827,324.9375947131902,136.75772752754492,78.04752051468934,19.337313501833762,68.84684163605607,12.461052136712452,-43.924737362631106
11951-9102,219.52536274548714,240.38015565121958,38.87885499043635,29.756159109339254,20.63346322824215,23.616067941385893,12.568038588394634,1.520009235403376
11952-12701,217.9657318042005,247.26969530129185,52.777216931975104,56.17106575132398,59.56491457067286,50.54474350524366,48.94910435956302,47.353465213882394
11952-12702,95.08735515050437,117.37233641267702,-13.224123991747522,-34.364465968980404,-55.50480794621328,-32.20633960170561,-50.66280530309203,-69.11927100447846
11952-12703,86.91145086589964,120.61932853860708,13.083988752656225,8.927101155227627,4.770213557799033,38.599154905227394,36.1528742309202,33.70659355661299
11952-12704,185.92531150007287,206.91641676555614,27.3088389596033,26.597167362041603,25.88549576447992,15.671131608436047,14.900532088942148,14.129932569448242
11952-12705,73.4188104021697,86.52125879559382,15.58149344167313,4.807520177143178,-34.02869615370208,12.283908818259203,-10.341063080344416,-43.24077487536901
11952-9102,50.07532581031172,54.333334625570565,5.960282038465446,15.164968200657473,9.586932230868783,46.777675919314696,40.71306923903075,19.38926916628174
11953-12702,234.14435936605122,266.49276792777715,8.051789072831836,-4.360525713485348,-16.77284049980253,-0.12148395352952325,-10.029319096099115,-19.937154238668697
11953-12705,55.5076870537797,55.5076870537797,5.086991127288592,8.299117157721545,-17.74911905366951,58.53554999862162,62.994796280598806,-21.4594151441736
11953-3702,187.3596240775784,278.16847869499065,79.27767103344095,81.64093790135153,84.0042047692621,28.83886355440056,9.514706040090749,-9.809451474219063
11953-3704,183.18578338220308,234.88435814148397,-6.9486443424792,-25.05346713691765,-43.158289931356116,-2.99891447536924,-14.049396823573199,-25.099879171777165
11953-6101,152.19219748458687,198.71264235357518,22.46955262807035,12.904156300580253,3.3387599730901574,15.485803342731526,9.403592144384865,3.321380946038225
11953-6102,274.8246632596317,364.90793741676526,95.86260855610708,52.44380619568799,9.0250038352689,,,
11954-12702,78.04686593714052,88.80112358876042,18.42870534798015,10.389021090337705,2.3493368326952666,12.817500140135754,1.6782842874986903,-9.460931565138381
11954-12704,217.29550676096872,255.16850081277673,25.53030501892607,15.743820019154507,5.957335019382935,20.624434444377084,14.544713280418815,8.464992116460547
11954-12705,82.98126429449266,93.34554177072489,9.609187939989484,1.1851652717546914,-6.728412784492036,3.6870630840390164,-5.607512244914439,-14.902087573867895
11954-1901,115.20385279937355,164.73876587074471,54.62047588151546,42.86488321330998,31.1092905451045,39.10685968110581,25.300455624220984,11.49405156733613
11954-3701,81.48253504725697,90.48736837273798,21.456661256248722,17.72954794988435,14.002434643519983,20.329746208053134,16.62392710001271,12.918107991972285
11954-3703,160.50972497875543,186.5745155469635,8.269120773208678,-1.3487423321953695,-10.966605437599442,-3.0487222266888416,-10.629591244729907,-18.210460262770972
11954-6103,135.8735064784355,162.6015304761991,4.226288663369052,-5.265540655681039,-14.75736997473113,2.4628336748215975,-2.0250982960972754,-6.513030267016148
11954-6104,45.74849305258332,62.382146023620315,29.14462708104617,19.11771949590156,1.3326854777016814,15.914183544900654,0.7026263864484258,-14.508930772003803
11954-9102,83.88296422266887,92.65059708949819,15.401211277941325,10.44115653039208,-0.4466838151118058,14.50295843485284,-2.036839440334026,-18.576637315520884
11955-12701,59.28632403095856,72.65285900151187,13.09633341453753,3.8548879617969622,-13.468627577893816,6.38060634177643,-15.194830334244537,-36.770267010265506
11955-12702,193.8537290089826,207.89516841071776,26.24850060096578,16.160554616531094,5.564612528341478,16.85178834357621,-12.39364938782469,-41.63908711922558
11955-12703,237.60981170815657,252.2928000121208,29.08498108045317,25.682061572463724,22.279142064474282,-0.6638495821136563,-2.5909540502089135,-4.5180585183041435
11955-3704,72.51753973979838,98.22351504880994,42.19028941006394,28.5870984116467,14.983907413229462,3.0055518296861385,-10.38663466424407,-23.778821158174278
11955-6101,96.74586059727062,117.87656014192119,33.86165248303235,19.126604242296175,4.447024634795882,52.371315130882074,42.65407018756429,32.93682524424649
11955-6104,87.17619134043764,122.10737153874005,21.491501684440014,7.781469467823643,-5.9285627487927295,32.18905621064382,27.327559839882067,22.46606346912032
11955-9102,77.6791858903234,122.08935760969592,-17.3369009315505,-36.12146952019893,-54.90603810884737,-6.315669781853868,-16.356011218169026,-26.39635265448418
11956-12702,183.31140777039877,206.616662438055,47.780758366650275,38.389260722141,28.99776307763175,82.26361640212326,76.51344274630016,70.76326909047708
11956-12704,147.8262261379748,158.1877038766527,-26.821987426839,-37.34958634115826,-62.83771838917035,-19.45782861503832,-35.83241416653933,-54.67828777830832
11956-1901,,,,,,-116.0642285388401,-251.8104483819111,-387.55666822498205
11956-3703,255.43917867473058,306.9798749848437,41.49080162160019,23.33222202176821,5.173642421936239,,,
11956-6103,220.07663201849786,282.62922230842105,28.324393773777505,10.04717556647313,-8.230042640831241,-3.340423236380948,-12.033944607820667,-20.727465979260405
11956-6104,93.06465051386013,120.75621111860778,17.70057426662561,23.17090472653652,28.64123518644744,17.36506663156739,19.37046911832713,21.375871605086864
11956-9101,78.02589931125446,97.50921938680834,3.7662189357216143,-11.554237606830073,-26.65745379946274,-3.618065306254724,-13.444205060035964,-23.270344813817207
11956-9102,62.630871483298634,85.96137568595454,25.058187752022526,10.798184401582162,-3.461818948858205,9.862852464993692,3.5876842339388304,-2.6874839971160314
11957-12701,160.43876984098046,184.13577825099944,29.495873166287428,19.20412527064771,8.912377375008,10.408741500709429,-3.9576489317573347,-18.324039364224088
11957-12702,166.98191618346178,195.16054558335733,10.142923707770096,-6.148978803265731,-22.440881314301556,1.4546376772599612,-16.19571738366301,-33.846072444585964
11957-12703,177.6475659306389,223.6196146884358,3.7066060419255398,-7.034507823598746,-17.77562168912303,8.693504885327847,3.101981191814066,-2.4895425016997037
11957-12704,112.93469153709151,127.25317293370988,4.239181466663575,-4.461370832701658,-13.161923132066889,-3.393343124882561,-10.656756302292914,-17.920169479703265
11957-12705,151.5165234329373,167.4955680586464,3.784182007869681,-1.279810493925315,-6.343802995720309,1.3259152944271528,-2.270576849029751,-5.867068992486655
11957-3702,226.0252897508442,327.75421296570767,169.368919387974,125.52047042787964,81.6720214677853,,,
11957-3703,70.71989483452957,86.16286628878414,25.24078798188974,18.406697963144325,11.572607944398909,25.000646481791286,18.530541525787065,12.060436569782846
11957-3704,102.23499766936104,130.14495392000134,5.533392843042236,-0.8331120139765722,-7.199616870995387,2.8062532430751173,-4.4126502533756025,-11.631553749826322
11957-6101,136.54779391884736,163.5826952073644,7.137665731558765,-1.3810873968763617,-9.899840525311486,-11.869780901417501,-17.394702872457046,-22.91962484349658
11957-6103,99.0107710900174,118.6176820023142,17.684150571066873,7.316475204841766,-3.0512001613833495,13.105928219915617,4.156616905634272,-4.792694408647074
11957-9101,326.82464680167607,353.04334131851203,12.28163484161931,4.607606165920148,-3.066422509779007,1.0377010032508678,-4.356947333786963,-9.751595670824795
11957-9102,111.21286693128756,132.72637715522225,4.218907563659688,-4.8210857435756065,-13.8610790508109,-1.7453273348504899,-5.515780408247189,-9.286233481643889
11958-12701,169.037925394678,184.0592059687518,11.756561102432507,4.752572055657185,-2.2514169911181354,10.944189238190798,5.654250423481485,0.3643116087721725
11958-12702,102.50097451405972,147.75359539389132,28.6245127743399,28.532519564708142,28.44052635507634,-1.3334995819870556,-8.281879020738714,-15.230258459490368
11958-6102,65.31548130487901,87.78325196190475,11.107610153945018,-8.243600312611719,-27.594810779168455,-7.265369946306794,-19.805065560833466,-32.344761175360155
11958-6103,141.2135808768074,156.52264747495968,14.167586371402342,3.1493047348697405,-7.868976901662857,9.228922026457967,-5.731181770890967,-20.691285568239906
11958-6104,150.30275413868878,184.45369706043553,4.778952364126771,-7.465385904130844,-19.70972417238847,37.04002091937323,29.833622068019906,22.62722321666661
11958-9101,112.43013173452086,137.5916817389842,12.836936792154551,7.133942099262111,1.4309474063696663,2.996280851202381,-3.7338686642987167,-10.464018179799819
11958-9102,266.99880110960817,320.93005694332373,16.39278990703174,0.29464517384594546,-15.803499559339823,4.652771768797669,-5.223465100482195,-15.099701969762046
11960-12701,206.46538154027556,214.37337001190562,12.891276871322704,9.217806382355613,5.544335893388525,-2.2117238975315976,-8.778044939340132,-15.344365981148668
11960-12702,192.6334264025649,208.79316550032078,21.77897559764746,12.5263192897665,3.7321983279750968,50.364740796289276,45.02847378740339,39.69220677851749
11960-12703,160.00018016810748,180.59117942281443,11.922527964706887,5.615838831982031,-0.6908503007428408,-18.329168552136014,-22.5367361243794,-26.74430369662278
11960-12704,302.6089746855419,312.31239268256303,8.657848312615362,3.7809282249938927,-1.0959918626275773,,,
11960-12705,273.48042693308463,298.49298557549776,5.572639059255492,-1.5557619502485465,-8.684162959752614,11.229742383961144,7.2052455536743,3.180748723387481
11960-1901,81.02883793134166,146.97057324172107,38.24470230548994,7.022530248022406,-24.199641809445108,37.33905857263234,13.596176478797231,-10.14670561503788
11960-6102,190.01327116092654,241.55422907919905,46.716880981097525,28.347050843910612,10.06355479370023,,,
11960-6104,259.36317771392487,315.6742384493897,61.83756696943883,49.03904194633697,36.24051692323509,,,
11960-9101,116.50230232407,127.37133721900368,14.149630871539593,10.86111968285036,7.572608494161112,-0.8765501526203869,-5.368084345137188,-9.859618537653972
11962-12701,977.397977026802,1023.5323083341169,,,,,,
11962-12705,129.66354841507356,145.14925801132227,1.6077943048123788,-7.5021375247704984,-16.61206935435336,-6.8133731585594735,-18.767530373734726,-30.721687588909983
11963-12702,57.54270762570857,57.54270762570857,6.358953819769697,12.32967189362918,8.540632671223761,-4.401362643604008,0.901959133501926,-32.653369359310034
11963-12704,99.98615292465173,122.6569241227114,16.094575008924394,-1.7642695582159935,-19.62311412535638,6.784655556518845,1.349290696281879,-4.086074163955085
11963-12705,113.79168788213013,123.72060213758864,8.78522461810059,4.89941463852333,1.0136046589460619,24.994231824486125,20.105129078396512,15.216026332306892
11963-3704,223.1710152817836,282.929586582648,19.97261243126089,16.066213880098978,12.159815328937073,22.690127415631533,23.595758954454947,24.501390493278354
11963-6102,101.04911301389792,112.19766076817835,7.243431510605784,1.0208305739794694,-5.201770362646845,-2.867840295112285,-9.992559620592807,-17.117278946073327
11963-9101,89.76821555773141,118.33052228320655,23.833144301644406,7.467730365826106,-8.897683569992196,17.258769879478834,3.9716222093490647,-9.315525460780721
11965-12703,77.76015873524622,90.27218930856502,19.86665751680244,18.415560599281253,16.964463681760073,47.474369169401875,47.358921848745474,47.243474528089095
11965-12705,111.34826701540578,134.81376943038146,-9.070578812860605,-14.458692266069281,-19.84680571927796,-15.386632128157077,-21.36090824866291,-27.335184369168726
11965-9102,137.85382349190536,155.85498382576296,18.233005335363117,11.42562688340635,4.6182484314495795,13.00683253082191,7.837770872788853,2.668709214755797
11967-12702,96.74951579912863,110.71865204418226,9.103368246559397,1.9515024137484536,-5.20036341906249,11.038404257833939,7.560725134895056,4.0830460119561724
11967-12705,111.48421284222404,124.83054301198348,25.93349466875913,17.227875180845686,7.986070272044918,20.967945362940956,6.182918761634553,-8.60210783967185
11967-1901,148.23895975928295,192.28052348393305,45.7195819309541,27.770330521754637,9.82107911255515,45.03779518802987,31.05951479585541,17.08123440368095
11967-3704,121.70041925412471,187.18990281744593,,,,3.2593391782957912,-8.933290385298474,-21.12591994889272
11967-6102,77.519026875639,82.63299974745654,17.127049552176246,15.062556975772804,9.750220313256449,9.877029695078747,2.5629924854470754,-4.751044724184597
11967-6104,90.68638057774356,237.07156188871156,-94.18908840938064,-244.16713797379845,-378.7361951309462,-136.08312333198486,-191.86579081991644,-228.90425703274207
11967-9102,68.90626207826138,90.49175300339557,7.734116775292181,-4.92222510930693,-17.578566993906033,11.338882760761994,-2.2620181017799177,-15.862918964321844
11968-12704,158.32301900842313,249.66653065727482,189.0032937557262,123.66705342538485,58.330813095043524,,,
11968-6103,,,,,,,,
11968-9101,99.95524645349397,118.72466174393824,9.337035853957731,-6.301037774438105,-22.420129223234806,-12.825637579740611,-26.280999138560464,-39.73636069738031
11968-9102,141.2902516996474,166.83224630118056,9.238072793963134,0.37115674754843625,-8.495759298866245,12.338654621482519,9.259043516957526,6.179432412432558
11969-12701,223.50495750789418,325.20930783293824,155.22611469277535,107.88704641489338,60.5479781370114,138.1205326310678,103.04789601174694,67.97525939242612
11969-12702,295.90425673829225,328.5795005909904,99.73344017096484,83.78028911848283,67.82713806600084,-10.84848092360916,-28.770570089723137,-46.692659255837135
11969-3702,173.85378243505698,215.93686147453658,0.6627849642540193,-17.89065654434606,-36.44409805294615,-38.857213468624444,-57.347629921570054,-75.83804637451566
11969-3704,125.82477270328437,144.21463118153102,21.298431579142143,13.374080569734515,5.449729560326888,20.569869963528017,14.337483567862298,8.105097172196592
11969-6101,132.17432021048876,144.53117116204652,11.526562104085457,7.901944220680797,4.277326337276124,7.676814836418225,4.027871537152881,0.37892823788753904
11969-6102,239.70869873159825,272.9892808966864,0.8023206022697269,-6.0344575833365415,-12.871235768942812,-28.87755023045197,-37.50866839301903,-46.139786555586085
11969-6104,115.96351626588852,141.03763265651963,-33.796577853373485,-22.108399549259747,-10.420221245146005,-53.61052188337679,-28.093658062884597,-2.576794242392403
11970-12701,54.34424805324308,60.044491618515224,-1.2000941543931276,-4.255249624598696,-30.80828861876758,12.66306443007486,-3.4327996300735855,-34.22184600934635
11970-12702,59.191281636683854,76.61061189553497,15.452198154931445,4.907723267742307,-3.6952059199314,6.080674362505014,2.1107855558415145,1.057107202215825
11970-12703,153.26211597426854,170.29062259711952,8.83139072496828,1.1557994971305259,-6.519791730707236,5.17778482050284,0.40836859296072686,-4.361047634581387
11970-12704,230.72599141296874,250.26112041990325,1.445957613430381,-3.666640737209567,-8.779239087849515,7.051286421764711,2.7195059997805027,-1.6122744222037062
11970-1901,,,,,,-44.6946038894775,-28.083163795434903,-11.471723701392323
11970-3701,84.89874252653487,90.1771923045317,7.816723369553709,6.080154861654003,-4.19840491912478,17.090249031042728,-1.0074226740806973,-23.391814844973457
11970-3702,78.26481987920849,102.75332079928529,6.118283384704175,-10.786063552212317,-27.69041048912881,-0.42650578761779545,-11.498292766973238,-22.57007974632869
11970-3704,82.86091002770922,120.09157816037258,2.556518870225129,-31.44373940077078,-65.44399767176668,10.764612534679552,-6.098271370129021,-22.9611552749376
11970-6101,130.5280173764316,150.581920835422,22.845572826315923,16.21340559019066,9.581238354065396,17.137924519939336,11.414688265342829,5.691452010746343
11970-6103,216.8518373404617,282.92101131351376,50.5543810014573,19.49993772889813,-11.554505543661,37.38295531405781,14.968982632701648,-7.444990048654512
11970-9101,122.05769795722344,131.34041887060005,-5.133290984109381,-13.517314935282284,-25.653840115728997,13.140750176569664,1.019350820556578,-11.102048535456507
11974-12701,14.149332827419165,95.78367563759177,67.35932363449223,21.666469553356297,-24.0263845277796,37.27794365488165,14.105397358429007,-9.067148938023637
11974-12702,193.32287216340066,214.22426127775722,8.746385067080228,1.474940074112585,-5.796504918855081,-1.8742780354457667,-9.228372023997062,-16.58246601254836
11974-3702,258.2190930636468,324.74766959295135,67.3092782274062,39.89513580375815,12.48099338011012,27.51325865331665,6.063446502543749,-15.386365648229178
11974-3704,58.59526189580634,92.64727229775298,-26.849191210563845,-42.72530703354235,-56.82800508628457,-41.78559186550139,-44.188130244521446,-46.590668623541504
11974-6101,180.48037035419682,273.29736961537327,4.895663148195542,0.9929467796385709,-2.9097695889184294,-0.8342092642731315,-4.148820049761411,-7.4634308352496985
11975-12702,53.49751553015312,87.41957658118002,-2.272977245209486,-21.30589819031805,-40.33881913542662,,,
11975-12705,140.8627599997596,152.93460404298102,27.247193070765995,17.75845270664732,7.76106400056384,-12.492896422621149,-22.09243882544614,-31.691981228271136
11975-3702,215.4821890790767,257.66004892321916,63.35763151161424,50.22280003443913,37.08796855726403,,,
11975-6101,140.68801797835474,182.8446539106431,24.553666034044575,15.709169128790952,6.864672223537361,22.854499138321923,20.763089618152335,18.671680097982726
11975-6104,159.73572474758046,193.10156088265532,48.791416986236285,37.49594007105611,26.200463155875944,22.533847772958826,15.106020439059485,7.678193105160141
11975-9102,352.58089120285507,400.0177848169939,49.51136795867038,31.51222395117419,13.513079943677964,36.029306357674294,24.898311472229224,13.767316586784187
11976-12701,236.0770051484039,258.47501138140785,19.087265725353962,10.363764526064765,1.640263326775567,-64.69290511528017,-76.18986002921899,-87.68681494315783
11976-12702,99.41587570782774,117.74851828695695,-8.670083179166761,-19.281600243048423,-29.89311730693009,-18.693193787310783,-26.996384675463236,-35.29957556361569
11976-12703,188.78226951156148,201.39890641887638,10.340449779436641,6.748379740800894,3.156309702165149,21.718977375056888,20.190393466425622,18.661809557794374
11976-12705,128.18608697558824,137.14118052847664,4.301537069396131,-1.1698483148561434,-6.641233699108404,9.266352218465368,4.910660924536085,0.5549696306068036
11976-3701,32.9886320956058,132.0716946253943,-81.2625756316919,-195.57963337886062,-294.3729889782456,-164.97156286549648,-219.3924241153997,-273.8132853653028
11976-3704,82.39424438536369,120.61646930832347,25.504808346485856,-5.012568411553249,-34.16547873844321,-4.225233102016483,-21.994048932682325,-39.76286476334818
11976-6102,45.690192508819436,61.650909343167164,-6.78440542999309,-12.04072790177122,-17.29705037354935,-35.3504928863967,-42.95957191804882,-50.56865094970094
11976-9101,136.10141498805547,145.95474707812346,21.038481869709138,14.054131284518492,6.653391439391059,-0.9601283509793346,-9.478683876144585,-17.99723940130984
11977-12701,156.92622242254967,176.91647220270997,20.524343505597773,16.930159139209316,13.33597477282088,31.379698003401202,29.91474503012468,28.449792056848178
11977-12703,187.34648988008192,205.01437603532753,12.86501249749179,8.707802200548524,4.550591903605256,6.897104944176457,3.751779086626074,0.6064532290757098
11977-12704,60.22868191998123,66.60769356988469,7.5209446433197105,1.19885204442373,-36.76335134597069,,,
11977-12705,88.07711937359052,88.07711937359052,12.510655565930868,14.30016836941984,-2.5494592033479058,6.631501854612674,4.295144133667578,-12.627450975533476
11977-3701,145.25213647031586,202.00916160726166,20.254726923510233,6.857502997871901,-6.539720927766414,14.500850100346838,9.258343772405157,4.015837444463502
11977-3702,147.0910020628559,206.7749003559362,26.506811910179458,17.174122525288293,7.841433140397123,-29.115825077587573,-53.96840935726294,-78.82099363693833
11977-6103,163.38233671679512,258.46862538260893,132.53951440906317,86.95154739736061,41.363580385658075,110.0357585021673,69.57262218378693,29.10948586540658
11977-9101,70.55131342086484,78.56776144484832,16.939229150834283,14.515910520696677,8.448847227068136,43.25538644688609,23.746329318777306,4.237272190668523
11977-9102,163.1972217037389,191.2306176446801,9.461866932785217,0.5101326948856363,-8.441601543013947,-7.5507934860356825,-12.68058086485626,-17.81036824367686
11978-12701,188.03235459500019,199.2077558834938,18.112505886371512,15.518054889400345,12.923603892429194,14.361289085392404,10.695538196341724,7.029787307291045
11978-12702,56.82265518893754,81.07691080072924,12.582577176251933,3.5470672469264666,-5.488442682398997,18.307701291847916,16.40979360771726,14.511885923586586
11978-12704,85.77900889820515,98.58096000635888,11.633488112194671,2.2127778190187413,-7.207932474157196,18.18306134932979,2.2271932166321715,-13.728674916065437
11978-12705,212.28561675472358,225.0954580795721,12.352421621814495,5.954688602153195,-0.4430444175081213,2.1515377029669707,-4.199111091888198,-10.549759886743365
11978-1901,85.00435948816947,109.34633020190732,-8.22197131575188,-13.640602652231973,-19.059233988712073,-8.068459344373432,-11.774307873065512,-15.480156401757595
11978-3702,64.4433731561761,91.44530325769563,-1.99139367219937,-9.612974223506946,-17.234554774814534,-3.163254421810504,-8.224887241219125,-13.286520060627744
11978-6101,136.22205528629112,162.89090055622927,13.69376291288959,3.510966227768238,-6.671830457353119,-12.244746699258263,-20.721084489290867,-29.19742227932347
11978-9102,145.8539654069933,178.495206667542,15.105589779598551,-1.265684962576783,-17.63695970475212,7.323745980107291,-7.078616962761949,-21.480979905631187
11979-12702,188.02468525828127,264.06715893350344,163.1459811686275,120.92055622107313,81.80832011518287,-59.558697315981384,-109.50680150443449,-159.45490569288762
11979-12704,165.5106122711467,176.22026112991438,7.252916622564845,1.2484257694913858,-4.756065083582062,5.009548182039002,-2.1198587131823508,-9.249265608403704
11979-12705,226.80814254246386,249.6081227079598,3.5617014700595444,-1.480411888255597,-6.522525246570752,53.431794570423946,45.241711532786724,37.05162849514949
11979-3701,195.39792711603778,247.03476761507787,-7.502204580201248,-29.80787526502738,-52.11354594985351,-50.96710701536423,-70.51257424349892,-90.05804147163357
11979-3703,127.89831860545284,200.27803602325457,131.34894912138148,140.2386500738069,149.1283510262323,50.83358517024255,41.6722524162979,32.51091966235324
11979-3704,188.3238568013916,244.1721245273411,-23.408878583179746,-43.95376241608303,-64.49864624898628,-49.22236406164673,-60.106704488930035,-70.99104491621334
11979-6101,244.03285898192456,279.1260653234725,35.91433185510635,24.704891538615122,13.495451222123869,26.020803656395103,18.729139016379055,11.437474376363005
11979-9101,187.08314079133413,208.71873680936014,-1.2823667864115467,-8.264309441636584,-15.246252096861602,-5.881905466212241,-10.207236765098042,-14.532568063983824
11979-9102,197.76563828940888,224.47243521039522,16.070617654304048,7.644369909185519,-0.7818778359330093,-0.7920671321148388,-1.3511711300286462,-1.9102751279424621
11980-12702,180.5003784501481,198.60268838424474,5.482662285534792,-0.6733971022053016,-6.829456489945394,0.4591620022763218,-5.296810459878175,-11.052782922032673
11980-12703,157.42681662045467,163.28155527054693,3.931892185166713,2.5741110321170386,1.8310520200319975,,,
11980-12704,217.5984562070736,244.9525611358807,40.87265658651409,40.283610972546164,39.69456535857824,,,
11980-3704,57.27600622312424,73.98022198743493,42.3629876521243,32.3410050718207,22.31902249151711,57.29749867722539,49.29053785683237,41.28357703643936
11980-6102,147.43698107856494,191.493067658778,14.483016412968263,2.5689380591787065,-9.34514029461085,-13.103329940998265,-18.231726329376976,-23.36012271775568
11980-9102,100.41661867537208,121.65149761735661,15.305356808446904,7.37656637565672,-0.5522240571334343,15.20717923450891,8.238266972940295,1.2693547113716783
11981-12701,48.62442474168843,74.54156130560196,23.691752300264763,1.9797753614857947,-15.794083783621213,17.05906424746227,-0.7982637742750378,-15.390721943871615
11981-12704,185.8487510339535,203.32175773808922,3.3559306033681517,-3.3291039957558946,-10.01413859487994,-5.020847248269934,-8.961951195994622,-12.90305514371929
11981-12705,77.60919001657476,242.04015301582692,,,,,,
11981-3701,49.03671065917802,96.04880872052584,-0.8113639856837954,-32.06020506264097,-63.30904613959811,-19.0162226516489,-31.58325791914167,-44.15029318663443
11981-3702,89.63548868447533,109.07467916099606,0.015586262227393838,-13.191259204811915,-26.39810467185122,-11.301655407794193,-21.987978852370038,-32.674302296945875
11981-3704,237.71360888359993,313.19473393666226,130.90964303449965,104.50448282440958,78.09932261431956,,,
11981-6101,111.26133390672322,120.79420531780906,0.1613241523957178,-4.61386942904742,-9.38906301049055,1.8832740121968319,-6.637316979011855,-15.157907970220547
11981-6103,80.0773162434496,95.0471014077563,30.107860250871003,20.37181158125039,8.717511386247715,26.244081879270816,9.702865997462938,-6.838349884344935
11981-6104,240.62385372520458,265.04115014557595,14.495165558379513,5.757723867071809,-2.9797178242359244,3.610379961768,-6.7470765263628865,-17.104533014493775
11981-9102,231.8859399430984,249.7728033837811,8.67421535737369,3.797184341721745,-1.079846673930189,-1.545255783366329,-4.238111382453416,-6.9309669815405295
11982-12703,74.2065473271067,85.87629112246165,19.304896459889797,14.375493872063737,9.669668426079562,21.888422189503792,20.3292559835279,18.770089777552023
11982-12704,165.55756667120673,177.76259350216253,16.472517318140866,8.918047841000094,2.18500933222058,1.1568674783422268,-3.752325386146386,-8.661518250634979
11982-12705,117.38587106666604,128.26220943155778,9.349252356739672,4.803309360898648,0.25736636505762067,8.271859056303912,4.22223342566414,0.17260779502438073
11982-3701,69.29272013205164,203.3931744187814,150.97013701603427,94.71814874572557,45.46297880347054,,,
11982-3703,118.245323161693,147.51337418567107,0.9552370158350332,-9.160126856859693,-12.560635491109347,-9.551956506679918,-0.9913239142073889,8.176017574041776
11982-3704,211.32495312877367,255.6944476158935,-19.851595330497997,-35.73095019056454,-51.61030505063109,-16.520977532848825,-27.857585390678558,-39.19419324850829
11982-6101,112.65365918627026,120.85378392178629,21.988865494349692,16.859192642883617,11.471136474098133,22.402513626362833,20.55153462606113,18.700555625759428
11982-6102,108.17517913823669,125.04209488205152,37.973766499526924,32.62087615973886,27.267985819950784,19.019461599265124,12.06502318910083,5.110584778936519
11982-6104,154.7039536902458,174.86967076175625,19.824796075081736,15.191131448365637,10.557466821649516,8.258083778265709,7.0474357662490945,5.836787754232479
11982-9102,139.39833089804537,187.3468753067682,39.92299274675871,27.323220605163492,14.7234484635683,29.63206302659549,20.28834613101726,10.94462923543904
11983-1901,76.68835685538,139.4531726085819,50.652336657236994,25.30293154897356,-0.04647355928983472,18.545328612212224,-0.9727044652186652,-20.490737542649562
11983-3702,25.766526773084838,41.76243576692765,-5.345810866236722,-22.008860853925455,-76.33854010986087,10.771330748325457,-25.39407664589459,-73.81528612512248
11983-6103,323.09294027043546,400.0582523556716,105.34541307709262,79.62779920301452,53.91018532893641,89.41400013859565,69.68289594405594,49.95179174951625
11984-12701,129.80975191068566,143.10604789193158,12.166881406073825,4.921677780935581,-2.3235258442026616,-0.5338988865394368,-10.008578504169172,-19.483258121798908
11984-12702,185.14278027500504,211.27146860602014,-8.99924684483369,-18.814668000793414,-28.630089156753115,-3.740201487403286,-9.73098033023172,-15.72175917306017
11984-12703,77.68217877533047,85.09600821386003,0.13856051009806172,-4.955250079077557,-16.93899793244248,12.430517881076437,-6.680981146277674,-25.79248017363179
11984-12704,265.61623569512557,286.9571343600756,-174.82601469495168,-187.01921304497955,-199.2124113950074,-20.6320920034731,-28.052088236332047,-35.47208446919099
11984-3701,71.48724809565894,143.2389916715315,83.32107318468226,65.704821853406,48.08857052212972,132.27997428812213,126.50578462320573,120.73159495828934
11984-6102,197.13781453733486,249.98015707560822,-38.24050070538917,-54.469846797853435,-70.6991928903177,-4.055449542300725,-10.89428044723209,-17.733111352163455
11984-6104,320.1655181164638,370.13590322078113,99.17967706406004,63.67468370138937,28.169690338718684,119.68713259485912,82.46451050763876,45.241888420418405
11984-9101,101.25536224830991,129.33832857443292,23.70544492027285,10.444855360651564,-2.8157341989697064,7.488672939505341,-1.937486199397167,-11.363645338299674
11984-9102,89.39041822927234,117.13079253433764,-2.706125191046263,-19.029306455353115,-35.35248771965997,-4.948185685393806,-9.996504768853361,-15.044823852312915
12066-12704,80.00960832621504,80.00960832621504,42.19992438006828,42.19992438006828,21.511624935600654,,,
12066-12705,214.86479030360607,230.59135076282953,4.5071895965102815,-0.6395252296974614,-5.786240055905202,34.059960653108035,31.45079632298825,28.841631992868486
12066-1901,118.90896576832026,126.91634071595983,8.110682071809274,4.633602754004829,1.1565234362003716,,,
12066-3701,210.06579335471218,240.9946416585786,18.138060757204943,9.742843606513471,1.3476264558219975,-36.632441825142664,-43.45084498286943,-50.26924814059618
12066-3703,147.65412165529708,189.91186255784575,14.791611076165104,-0.78844756732749,-16.368506210820087,5.4284192613114355,-2.820572800355973,-11.069564862023386
12066-3704,143.63893066442202,145.2643648833638,4.264969658437566,4.93512569049476,-0.9442068641475391,13.996555259305245,3.626158312022775,-16.676131893209927
12066-6101,173.4972433919461,229.7547353559397,74.72276200084389,50.725544971391535,26.728327941939167,12.134242949362623,-3.1776394299398842,-18.48952180924239
12066-6103,192.9383360720955,215.87947928534712,-17.549768815194124,-17.696410102222483,-17.84305138925082,3.1202751613216066,15.535596824890499,27.95091848845941
12067-12701,132.40929831204969,159.89323983210232,-9.141978865589547,-18.17298767489117,-27.2039964841928,8.00466001453172,5.719436621564688,3.4342132285976557
12067-12703,175.05830156417474,231.53184442810908,60.0148996361181,36.108117323876115,12.201335011634123,61.84779457633827,47.049168269097315,32.250541961856364
12067-12704,286.6848655719011,301.67222054035835,8.157328054480121,2.3979407112716906,-3.3614466319367398,11.525226730069924,7.652529536549689,3.7798323430294274
12067-1902,279.3596398848391,305.78849748404707,3.631159848159978,-4.071013759985804,-11.77318736813156,8.301020903273425,3.062904187582604,-2.175212528108217
12067-3702,230.03843930392878,336.16913201892555,-13.08762583498868,-16.403492811386954,-19.71935978778525,-59.933760403506504,-47.38162419399687,-34.82948798448729
12067-9101,57.326373839657506,78.06452731160137,4.620469810607975,-12.090120125288259,-30.77692678054426,30.17532944947879,13.931499545988395,-2.3123303575019882
12068-12703,114.28825555767096,134.06313703609996,-1.3808017822436087,-6.546859208153164,-11.712916634062708,5.983106259763224,-0.19129672649024004,-6.365699712743696
12068-12704,56.21455498773461,65.55055535022262,25.10827034123674,17.985274494553128,4.586491019251365,36.14037963561535,23.043750432377,9.947121229138647
12068-12705,109.35120583122306,124.21186319821479,23.049633265090687,25.253346378277403,28.0722889116662,18.188459824943045,14.617170360793384,11.045880896643736
12068-6102,275.7882364664647,311.7681506978598,19.36938218203587,-0.7483278220569662,-20.866037826149828,88.69395389963836,51.12452629455066,13.55509868946291
12068-6104,340.1851165011789,366.99269682766857,55.55779054869346,42.974010738415906,30.390230928138347,23.055808645156272,9.61814254350581,-3.8195235581446543
12068-9101,161.9448553807138,189.59060493402086,-16.615246082273462,-26.037986008569263,-35.460725934865074,-3.2432117237042815,-8.657842713854519,-14.072473704004762
12068-9102,256.9153683985342,292.9493175769857,5.054244665102937,-4.257473875887557,-13.569192416878055,-3.597986341066689,-9.998977804315917,-16.399969267565144
12069-12701,62.87381978489788,78.41764949814572,10.15592667863328,-0.562601498901046,-11.077175280345465,14.833609286419373,6.027342784010212,-2.7789237183989486
12069-12702,58.774912824162435,71.67227977408598,-11.231606890367024,-12.771282993934365,-14.310959097501705,-20.2982630233901,-18.086028316566782,-15.873793609743473
12069-6102,174.42521032264887,213.75091209501107,8.904434362751275,-2.5245978076643536,-13.953629978079983,6.681947208094709,-1.3445092281752398,-9.370965664445189
12069-9101,,,,,,,,
12070-12704,121.47589566998123,156.35587676792525,18.29251833211465,1.9871061132327885,-14.31830610564908,-0.017354912685968612,-12.446901171895677,-24.876447431105376
12070-3701,217.13908988582256,248.98879920266398,11.396138359832385,-0.34093230940187597,-12.07800297863612,15.466799866723834,8.699682160708173,1.9325644546924896
12070-3704,85.81550295898712,120.64307726951776,-6.554811117206667,-24.15309894036686,-41.75138676352704,-11.104068405591883,-26.369282203438484,-41.63449600128511
12070-6101,169.36917279619698,208.79815916191885,21.281201259318298,3.6579064990533348,-13.96538826121163,4.560484649262567,-9.890142500064805,-24.340769649392172
12070-9101,72.48190467372531,91.5807316648175,12.146846934129613,-2.9028413609088823,-27.218434564543287,11.371519892816835,-13.697629763574101,-38.766779419965026
12070-9102,220.28630857587115,257.8559700237609,13.637516584465557,4.17412954920537,-5.2892574860547965,-23.457734294931658,-28.65690875727966,-33.856083219627656
12071-12702,156.53073429729875,191.11958267539927,29.471064896727786,26.364297786587738,23.257530676447676,-21.113537226643174,-28.163096494299268,-35.212655761955354
12071-12703,58.19690958462393,90.42191158014569,-12.464919107594348,-22.704248399902756,-32.94357769221116,-19.745513968006748,-28.002832005955877,-36.260150043905
12071-12704,77.09595018364931,92.22537860005342,19.553722729525724,8.599401220062415,-2.8587898960608653,14.394308596333286,1.2801403092953263,-11.834027977742632
12071-12705,216.1643613955897,272.62626407061055,65.32492068213098,38.79863645968622,12.27235223724146,6.232957105730151,-19.160487254664382,-44.55393161505892
12071-1901,191.06659683498577,243.1727770415729,-138.9585988433596,-111.33173109126747,-83.70486333917535,7.284721482340613,32.13570287371187,56.98668426508312
12071-3704,78.25199078989479,108.35693662194589,-12.775342820557094,-29.21465517476877,-43.07442071117985,-48.2414278750445,-50.2348341641627,-52.22824045328088
12071-6102,85.52886515163378,111.56467271425707,10.863255727080535,-3.606500960188572,-18.076257647457684,1.4789761558287038,-6.38137803485286,-14.241732225534422
12071-9101,91.14096316498973,111.49937179896841,10.593970976061152,0.7480522389271831,-8.336326943497237,6.596811978585172,1.0873684177720346,-4.4220751430411065
12073-3704,127.67457828971312,192.98807738103875,-75.68105087763361,-91.15209591278906,-106.62314094794452,-67.94261562059177,-73.2359883418296,-78.52936106306744
12074-12703,154.39873070164916,162.99188213064096,6.475217616070578,1.9752006230831196,-2.5248163699043378,-4.396253463339685,-11.456000543382093,-18.515747623424502
12074-12704,209.4253032646346,228.7624465903217,28.086713261557883,20.441810858372595,12.796908455187292,17.75457238026617,9.773129831634172,1.7916872830021782
12074-12705,70.42991029096197,84.15438375458872,13.82853141619169,11.884040758123547,9.939550100055405,24.054391348852487,22.52392349157402,20.99345563429556
12074-3701,66.08760812593377,112.89428127701048,-7.260081071691716,-25.18212083221121,-43.104160592730686,-18.34117871380306,-27.489146690678187,-36.63711466755332
12074-3704,137.71411712781287,161.46518346643248,17.42129764586217,10.159949862750121,2.8986020796380725,0.3917005660854394,-5.321928126183552,-11.035556818452541
12075-12703,119.84564181854412,134.65399809404101,-0.8000018451425059,-3.4295371408125708,-6.059072436482645,4.974705909543781,3.4783199674725145,1.9819340254012485
12075-12705,41.221148204039736,84.63659908931027,52.7027605941621,57.7336484626736,62.7645363311851,18.234124736223137,16.33514679414747,14.436168852071798
12075-1902,52.52111679358133,65.33880482432129,11.165378522912384,2.3282071392062096,-11.658543784725962,27.090561986276363,9.602477890502783,-7.885606205270811
12075-6101,88.9368608712759,137.69014666036801,3.8260976917539713,-3.917483662262222,-11.661065016278377,-8.01724800034459,-11.272987838709518,-14.528727677074452
12075-6102,135.00520858848674,164.62840128929625,30.9430385458516,23.02525819090237,15.107477835953164,3.2535804394548147,-5.690728593714294,-14.6350376268834
12075-6104,159.8908506066218,199.4079523828149,-2.1576105892402224,-13.467959102522254,-24.778307615804266,-3.9095835986528633,-9.666901264157607,-15.424218929662347
12075-9102,127.05750390258288,145.22466614572335,24.494323859011484,11.951996429291343,-0.5903310004288069,18.757668018753055,4.564640534459796,-9.62838694983346
12078-12703,179.31281586766448,196.63066600320204,42.48379678228961,29.007459367175475,15.531121952061325,43.00559113474129,30.421687641404628,17.837784148067943
12078-12705,149.32214566578546,156.31460325536455,13.806870766640543,9.66402682757569,5.521182888510838,13.247761579280771,8.310093014608338,3.3724244499359073
12078-1902,80.94720464227902,130.9664163691761,60.07087983995383,33.595815132777105,7.1207504256003435,38.08485193000168,8.339682695019468,-21.40548653996275
12078-3703,110.14156843778083,144.20391578264076,7.365323229381094,-3.6664889123809408,-14.69830105414298,26.0086630305248,21.129649353023552,16.250635675522307
12078-6101,125.82126987222395,239.02398538676567,79.11701244873007,2.448656990969865,-74.21969846679032,-37.339542334676636,-94.10276690944477,-150.8659914842129
12078-6102,647.3291030301417,688.462299064938,-110.1855486675862,-87.87977902416954,-60.027046885603006,-131.45216533403877,-190.59902790591778,-249.74589047779685
12078-6103,91.58549904286278,161.585979056943,36.71039235578073,-3.458507246679301,-43.627406849139334,6.942059253049991,-18.9878149989,-44.91768925084996
12078-6104,65.1513910468223,89.51441749541077,57.6880525421893,44.91481352235275,26.839488672662185,44.897129672614604,25.3764136823362,5.855697692057776
12079-12701,105.25352742450372,113.82440970118147,20.444521525216054,14.009771399572488,8.156564091577273,25.079734015050374,21.47253956165737,17.865345108264368
12079-12702,156.3683840971336,174.73080104734453,4.225370856612711,-3.7759341223888625,-11.777239101390448,3.267727734972293,-5.536442389239386,-14.340612513451052
12079-12703,77.92767002571313,80.89575238294225,5.858020526788067,6.848577953841371,0.6417390019207578,25.286213160530583,18.92401614142724,7.983876634460812
12079-1902,222.08601681511175,247.48306228620376,21.458672666884105,11.800773072554174,2.1428734782242285,13.493673744990957,4.775317993163107,-3.943037758664771
12079-3701,86.108531334002,100.22601913081556,13.993686607023516,3.178948234921369,-14.4837087738834,-26.63357878382692,-54.36783557189925,-82.10209235997158
12079-3703,119.84572289598752,176.4411974505276,28.060039681968178,17.318232684217875,6.576425686467529,11.745835108769509,4.6370194173150745,-2.4717962741393817
12079-3704,287.77961431830954,337.92885299493895,12.271640693126265,2.080530565850413,-8.110579561425416,,,
12079-6101,235.2216120866821,281.1396101141012,-32.07014445931381,-49.31094215658864,-66.55173985386345,-29.47771751329173,-42.52042422125552,-55.56313092921931
12079-9102,212.76643845235995,300.89815271754765,107.89964038580176,57.90026351204522,7.900886638288678,74.03058343481784,33.05587986113551,-7.9188237125467875
12080-12701,176.8183865154546,193.98583388489317,-2.571786300505688,-10.428793910604917,-18.28580152070414,31.433744422017597,27.191656775684912,22.949569129352216
12080-12704,109.95843385833788,125.09315801855534,3.121270056098252,-5.4566262653494775,-14.0345225867972,-1.0989103004661656,-6.744149403853737,-12.38938850724131
12080-12705,210.49403654649504,256.1680993275131,56.65928235641084,45.059734447535725,33.460186538660636,43.63307189591365,36.22277092696165,28.81246995800961
12080-9101,81.03317983576244,102.59275049222312,9.991552139948462,1.4360228652703357,-7.1195064094077996,10.195407984095437,3.011056699754491,-4.173294584586454
12081-12702,133.68260935201636,152.40672571595272,5.287699606011448,0.12038181089530167,-5.046935984220844,15.17975245115691,12.724049744421224,10.268347037685551
12081-12703,111.95514833532295,121.1710521360962,15.443162818474137,12.942043293763032,10.44092376905194,13.772540347049704,10.989149360665508,8.205758374281315
12081-12704,97.33064022504037,133.3472957081134,-10.660323308512302,-27.086596823153585,-43.51287033779485,21.599254936603238,17.34622957661927,13.093204216635318
12081-12705,60.76390700383851,79.51507378954797,9.585567778292601,-3.4894029723020212,-16.56437372289665,16.03134374759154,11.64009675476898,7.248849761946412
12081-6101,230.93155310257362,321.1989305368418,109.38075434873194,71.10678647294866,32.83281859716543,166.22070791544516,137.3654868952757,108.51026587510616
12081-6103,93.06173658281466,101.73799826082414,43.054937647626865,38.7395118605312,31.97170388534148,45.958463854769235,28.000501524015018,10.042539193260806
12081-9102,72.44399578030236,72.44399578030236,21.003698308060194,23.376348312627588,6.745973016074814,36.766764628576794,36.1401549156915,19.05994093667298
12082-12702,123.17134220259081,163.22503017865242,61.1809416092995,41.61282523515689,22.044708861014275,98.25742342313072,87.31316377380767,76.36890412448464
12082-12704,67.66125915120914,82.719115689578,11.681777841320967,-2.067482129428745,-16.42381775797856,18.87381993602697,6.776873241971513,-5.3200734520839426
12082-12705,130.91810878463437,163.37789807206698,9.036268891679981,-0.19179804896510516,-9.419864989610184,19.797542197670627,16.306113183060198,12.814684168449768
12082-1902,136.7501265061129,153.6225850266686,18.47289740896974,13.513776170092658,8.554654931215579,34.448529380298524,31.916176792999632,29.383824205700748
12082-3701,109.23290043687113,124.91362376405016,2.8573512583551963,-8.783309508338059,-20.423970275031316,22.082811098444193,10.93692716782969,-0.20895676278481168
12082-6101,215.96411996483795,275.2253396564099,29.633856981420006,9.667995952987443,-10.29786507544514,-16.222701017617396,-38.29620432629988,-60.36970763498235
12082-6104,231.5064646467802,261.2555187700712,15.221522663527674,7.850970339771933,0.4804180160161566,8.145635786912699,5.558411896507486,2.971188006102245
12082-9102,66.3428767126105,76.76175770413396,8.982727154250732,2.673963425408533,-7.644134693961761,16.458841215894292,3.3841576842103196,-9.690525847473646
12083-12705,118.18891874378927,145.27971515495085,14.365764668546225,4.189940092444848,-5.985884483656526,18.48580004068493,13.859785604000436,9.233771167315941
12084-12701,117.0006034174797,140.01324740473146,9.422874382325059,-6.598566402222195,-36.708212520940414,7.175751031916559,-42.190688442487,-91.55712791689055
12084-12702,120.75608119270944,136.9420102516622,13.366372242574402,1.340525013250708,-10.685322216072988,5.246740065726697,-8.751397476114178,-22.74953501795505
12084-12703,100.73363395478992,122.80501153783447,9.938092756375546,-6.061926134970934,-22.061945026317417,5.336853564859271,-10.279686011125964,-25.896225587111196
12084-12704,103.7571652734625,136.68192084785218,9.9630937948664,-5.999588265732196,-21.96227032633081,-0.12568818690667458,-7.239773223306509,-14.353858259706355
12084-12705,130.53980781078758,144.45306026421446,8.491269765162627,-2.4301235551739504,-14.254134419026613,-21.131409648297346,-32.18397226684637,-43.23653488539539
12084-1902,84.10860401349967,124.12755348435249,3.048888336668597,-20.972809812609366,-44.99450796188733,-12.06468255968152,-29.262647813351577,-46.460613067021626
12084-3701,59.87611397141732,69.20298505875274,-9.515568350113027,-18.173277365225065,-34.63031492113498,-22.373269240053794,-43.49636792722296,-63.319442441783785
12084-3702,125.43830432424048,144.17295555891675,7.2455519474941354,-1.1319518213836934,-9.509455590261526,-7.955334929349929,-15.386346864826178,-22.817358800302436
12084-3703,101.38845927828802,137.67593010092915,13.02034954437845,-4.004840847061286,-21.03003123850102,10.571963422482842,-1.2459375937300623,-13.063838609942962
12084-6102,35.01257439014384,82.8522364040311,-5.2412209969782095,-58.94288756244901,-103.7043894927877,-22.065750722876352,-38.62363522787115,-55.18151973286596
12084-6104,114.7669796516034,166.25981459980704,3.1324064047012454,-19.17502076163113,-41.48244792796352,-15.788729979211674,-26.159472922268932,-36.5302158653262
12085-12704,219.94965995652205,235.72233547457128,13.222817041161333,7.387277745306238,1.5517384494511435,14.658447598480272,10.503192435195322,6.347937271910345
12085-3702,73.0826734015811,96.30179904057377,21.41820813011458,10.521632442265235,-0.3749432455841039,35.2985062067284,28.721000242414874,22.143494278101386
12085-3704,54.05835997506538,54.05835997506538,24.869995113884784,30.224995205338995,24.65179776261759,,,
12085-6101,191.53835119919393,222.9156943843304,-0.2721325358016211,-6.825609309575845,-13.379086083350069,12.863354310838485,13.690615167934897,14.517876025031311
12085-6103,202.25183232369315,224.43703372761482,5.959434347858543,2.661217344076178,-0.6369996597061669,-4.4408808161796705,-8.343659857514451,-12.24643889884923
12085-6104,290.3816079301743,422.5563981417855,77.98349156750547,13.81474192289387,-50.35400772171773,66.65033669664956,21.538087416154788,-23.57416186433996
12085-9102,205.21523014280422,233.79739350833256,29.537680916973596,17.40404848653802,5.270416056102425,12.593189577053199,3.7832354496569316,-5.026718677739332
12087-12702,250.07632322407892,278.93340225890586,-3.0600934972446026,-13.51479763766771,-23.96950177809079,-9.713067627668991,-16.315111977859726,-22.91715632805046
12087-12703,77.39462773101958,88.52649276567853,21.566354874848702,13.656809527663437,4.764671791275842,24.23205530175782,11.855414886219917,-0.5212255293179874
12087-12704,70.94400107772672,94.40783247493992,36.2624649662341,23.815504476637265,11.368543987040438,5.822059048692613,-2.5225685398788715,-10.867196128450352
12087-12705,228.21492377472939,254.46724300560768,45.68910811618628,44.73359946114602,43.77809080610573,-31.67413915021467,-39.051104999887805,-46.42807084956096
12087-3701,130.71455533929407,197.40803077785037,39.733101120677766,20.024275889711994,0.31545065874622197,-5.671212171662053,-19.070110771091134,-32.46900937052022
12087-3702,347.3774549208422,412.9207685356397,57.04098412930998,26.3963490734088,-4.248285982492404,0.7893544777490092,-29.846687658543388,-60.482729794835784
12087-3703,78.17015947777699,103.84045406457047,24.12150360314073,13.715101333176795,3.3086990632128734,15.480349251738357,7.2667913548796985,-0.9467665419789607
12087-6101,203.14741706691683,252.50798703017048,14.882993719838467,20.142386527490004,25.401779335141534,-73.94190115540415,-91.7898593646422,-109.63781757388024
12087-6102,65.09837069398762,74.56505527007326,15.772958439489678,7.176106688805705,4.948433479798468,16.18524572672453,8.608600415199248,10.4862580111828
12087-6103,232.0174193551624,286.80467874796824,3.5055968061346547,-19.3875117837323,-42.28062037359929,-4.025343866378288,-20.615006558167956,-37.204669249957654
12087-6104,187.82562840089244,236.90482287946958,-10.061883915533969,-25.86965005410611,-41.67741619267826,1.5712459873981783,-10.592216253232248,-22.75567849386271
12087-9102,174.22509667516147,206.4477101030726,42.78144408327269,32.605133977190114,22.428823871107546,81.84125935197844,75.8923586899724,69.94345802796636
12088-12702,60.91006801008067,80.87911976073264,-1.0100171750732327,-11.825858888586358,-22.641700602099483,2.9404270020459435,-6.628108787769228,-16.196644577584404
12088-12703,127.3771487557118,151.95896280680654,7.2331946817888255,-2.6914303315719366,-12.616055344932713,16.131127125553807,8.5787985331856,1.0264699408173712
12088-12704,109.64440639936507,121.88452800181727,-20.88629647473016,-29.019607161484807,-37.15291784823945,-21.87484794529401,-30.15280212104722,-38.43075629680042
12088-12705,23.42796536226249,62.82347185676312,13.95919880229689,-22.13386543159125,-58.22692966547938,-29.499912191057017,-70.85430174581738,-112.20869130057773
12088-3701,122.8114155493593,146.30424811567232,-71.0449369837218,-72.94612056800662,-73.20925558767392,,,
12088-6101,240.3814805934846,286.34667468066846,21.29359258184422,7.744581987374964,-5.804428607094283,7.462266623305566,0.25855377296856435,-6.945159077368437
12088-6102,87.08645135634131,120.31066944470496,10.921923131616438,-0.5265254725695329,-11.974974076755501,25.141031018586276,22.83020518834174,20.519379358097204
12089-12701,113.30729498137487,120.73086158545847,1.188039276428064,-3.9834536177195106,-21.63233168757795,12.117190968131727,0.07063254281830704,-15.036188176765933
12089-12702,148.13699009176636,164.77170099701704,9.45744261212638,-0.7722221685707523,-11.001886949267888,6.757367173641307,-1.3162907623555709,-9.389948698352438
12089-12703,152.49388432558624,162.14821720873434,41.16400115128774,37.83272089115938,34.501440631031016,28.68764506503987,24.527917269356557,20.368189473673247
12089-12705,182.81032989419114,216.06844825837427,7.391046265381623,-1.6398909585234744,-10.67082818242857,2.592315371283621,-2.0337074547479808,-6.659730280779565
12089-3703,100.97879355453267,138.00615868674214,-85.35512900162358,-78.20521617100677,-71.05530334038997,-43.320644344550985,-33.62296872895009,-23.925293113349216
12089-6103,122.34403530810933,174.72828112280368,25.24343084010609,3.825639093655622,-17.592152652794848,16.550238154576363,3.875921205161607,-8.79839574425317
12089-6104,185.8194698914564,307.9476516097449,129.6253833398505,80.6104885020473,31.595593664244127,121.22842888417367,68.21499846844529,15.201568052716846
12089-9101,225.62002672122617,253.99226699101095,39.55275471485978,25.394212122642813,11.235669530425811,9.796035141952744,-4.263574480604643,-18.323184103162056
12090-12701,129.00050061640295,155.23200830818416,22.671403844244928,12.251830392064424,1.8322569398839337,28.164709122700554,20.809727328948263,13.454745535195972
12090-12702,104.61034870596322,125.70267551695268,11.05541291311076,5.121856530875513,-0.8116998513597374,78.00965994673756,74.80503757505437,71.60041520337117
12090-12703,76.73591149036045,96.1204820487548,26.970917649141285,21.62592164831905,16.2809256474968,21.423544866256133,19.360515643124064,17.297486419992
12090-12705,228.556947132192,369.1135899235623,44.783374385192225,-22.611371542759542,-90.00611747071127,-1.4209442550217555,-31.402604543363356,-61.38426483170496
12090-1901,129.90985853786586,156.94683182165568,-9.462258591061344,-20.990556373676018,-32.51885415629069,-14.493373574967713,-19.29667624416576,-24.099978913363785
12090-3701,176.41089919149312,265.31481504183233,164.8144680959973,144.4674536086864,124.12043912137551,53.503057842915666,37.34063545897213,21.17821307502859
12090-3702,106.86926811017402,161.7826406900364,-18.92226277110551,-35.35319946517447,-51.78413615924345,-6.828228587114904,-12.31408334109887,-17.799938095082847
12090-9101,112.60138830892174,130.50566152019826,18.412881503726258,10.16580656435744,1.9187316249886064,26.28600533472079,18.620506212473273,10.955007090225772
12090-9102,245.96670758913908,332.4983576355585,51.810097210836325,14.027645150407809,-23.75480691002071,29.02887652270031,6.3594063464290285,-16.31006382984224
12092-12701,91.33961518023162,102.23558575719666,10.572963519203817,2.5076370493019944,-9.67801655099842,17.77172689838401,1.387099375117444,-14.997528148149119
12092-12702,186.84609244402208,265.4087616293671,69.40998426784024,25.31171158492258,-18.786561097995094,75.67001336330851,30.43883966074062,-14.792334041827319
12092-1902,185.37235907136173,216.75350426539498,-40.23781390755104,-61.3214184393672,-82.40502297118336,-55.922684869961145,-71.3753328584062,-86.82798084685125
12092-3701,58.90347858453506,101.69072142007235,5.0181257481018315,-10.518264870460182,-26.054655489022185,1.371565468063561,-6.26841974403183,-13.908404956127216
12092-3704,97.431277519334,119.44035255936073,14.137950682379772,-0.19293999994386302,-14.5238306822675,14.997893240449285,4.40221388887289,-6.1934654627035
12092-6101,228.1301579367054,242.14778323736496,17.04937121529303,9.467537365752744,2.644352775304548,-66.35845356956288,-76.64230538485647,-86.92615720015004
12092-6102,149.63578521932666,152.2218278566887,17.314607493282633,16.62613829324298,6.053371536142977,-735.1191619144988,-737.0146214117046,-741.2975619000322
12092-6104,253.17678345635397,300.5567291318617,3.633714173105903,-8.083780175545815,-19.80127452419757,4.375978057410327,-1.098673352270397,-6.573324761951121
12092-9101,86.49065341764205,98.46196323503442,8.447628687648395,0.3961935452497207,-7.655241597148966,-3.109223992170093,-13.734140151554179,-24.359056310938254
12092-9102,102.2599236234806,105.7046692808318,2.9795209421122535,2.3953797361241205,-3.2093071585665127,33.91639773334402,28.024810704236156,20.744291497030602
12093-12701,214.09541725739282,257.1908128183839,31.645669483283065,10.615620635481381,-10.414428212320328,16.528098088734463,-21.56160677899269,-59.6513116467199
12093-12705,132.51877120969306,153.57658367684698,11.206726147082623,3.7368085715908097,-3.7331090039010015,3.1026751082137536,-2.5058847034968683,-8.114444515207481
12093-6102,87.1798735084805,92.58572349939305,11.66744480036575,9.8769027251527,4.77104237106613,-2.3784696346315384,-14.318075588979807,-26.257681543328076
12093-6104,117.925744071525,160.86092567015052,18.90274473348596,-3.6326717932414887,-26.168088319968916,-11.792848119284857,-36.3888047067239,-60.98476129416296
12094-12701,133.67439618077003,138.824062386477,9.70730808038077,6.715994255463442,0.28125426420575533,5.948304203891706,-1.736417825003699,-9.421139853899103
12094-12702,169.87818703468298,217.50991207962213,22.499715147829317,7.426204311383282,-7.6473065250627394,11.138952513726311,4.443016974735424,-2.2529185642554723
12094-12704,159.27228864757407,176.45402669277775,15.354646633916296,9.442461079788798,3.530275525661297,15.483067270107089,11.506861283158486,7.5306552962099005
12094-12705,118.78040885104942,136.8420965162591,0.48724276375129505,-7.160964674854897,-14.809172113461102,12.555185830441097,8.88762130231228,5.220056774183449
12094-1901,130.50821946738176,153.76515061554522,-75.29324017982259,-66.03126709151121,-56.769294003199825,-106.67384612799509,-85.20176306276223,-63.72967999752936
12094-3701,165.96855275967323,226.51392436280096,63.209054302169115,37.18924170093453,11.16942909969994,40.51927742195978,20.29960353655777,0.07992965115573422
12094-6101,110.67641810393131,127.28858187960337,16.476194226030852,5.615083067386191,-5.2460280912584585,4.975653417176107,-7.580778860757241,-20.137211138690606
12094-6102,268.5970193823621,294.62589419931317,13.845976585246568,5.2384697503298785,-3.3690370845867847,9.137854963388484,2.51803785918941,-4.101779245009691
12094-6104,114.23341052740932,143.25264321400743,26.778496318754964,17.706610720321372,8.63472512188778,10.313539938133522,6.70956301133544,3.105586084537373
12094-9101,88.71580358681618,97.09250660545979,19.994201677450512,15.407200445723864,8.617427954566793,-9.002645306825066,-19.985017343156546,-30.96738937948802
12483-12701,172.38238333692956,258.0045199046266,113.3982751725029,58.96403319186892,4.52979121123498,,,
12483-12702,110.10398798471331,171.59822543420762,114.89927070570371,80.87813647162793,48.136458787679516,126.50191436564738,88.80869742450211,51.11548048335683
12483-12703,171.58009010052692,193.51971680475702,11.040862462411136,2.017599755946323,-7.005662950518488,18.74242449159116,11.967044313711845,5.191664135832527
12483-12704,115.36798408254701,148.55598602710273,13.957991786926211,3.6736325375279693,-6.610726711870271,29.259350769076676,17.914092957274306,6.568835145471929
12483-3701,266.7052894137542,318.84077452360225,19.925495042306817,-13.536950848379197,-46.9993967390652,,,
12483-6102,236.37895070430818,253.0299123783249,12.054905994031524,5.500511319010765,-1.0538833560099632,1.8842144474007807,-2.8386023362353097,-7.5614191198714
12483-9101,128.45191461536098,150.17590094016174,14.186909472747185,3.1116951798460657,-7.9635191130550735,1.1598334668338002,-7.7130916892812795,-16.586016845396355
12484-12701,137.97931504310475,170.37114908947905,4.1311620752109866,-4.653300722438248,-13.437763520087488,3.1626974778259345,-2.9043094881567555,-8.971316454139421
12484-12704,88.39054915961181,110.11487868743122,-24.24841273537108,-34.44940178770672,-43.30227529168331,0.06805269545389794,3.505851868645926,7.894001168591354
12484-12705,324.17900387011747,350.52362233915926,11.321951386696737,0.19748703868888812,-10.926977309318987,-27.521643410987974,-41.23421550648953,-54.946787601991055
12484-1901,77.5639508630597,113.93739236554437,-28.150896971896373,-42.33168636765931,-56.51247576342223,-38.016670614832464,-39.1222651847795,-40.22785975472653
12484-3701,146.03570446319793,188.75671977865508,28.730949351501287,10.704252544064012,-7.322444263373235,21.227610991176448,8.987101419081439,-3.253408153013584
12484-3703,146.96092978482972,172.47383065903617,-18.53865826806963,-26.13151315777775,-32.4800807483619,-41.21505225610901,-39.06039837093625,-36.905744485763485
12484-6103,107.70403836234922,123.28244047915739,9.906813250658056,-0.6781448878568375,-11.263103026371724,9.388814102341465,-3.2499354279272414,-15.888684958195938
12485-12703,211.18042209970366,251.05733008893708,-8.624261663481768,-24.391984635519098,-40.159707607556435,2.091169813397932,-11.32690205492795,-24.744973923253827
12485-12704,85.11962348389754,102.20164504145355,24.367781920607143,10.710864100216945,-3.1246485401462065,0.9556085940836336,-15.452754859715522,-31.861118313514687
12485-9102,98.71339036749842,115.5966935491751,1.6684298762931749,-8.071895795485197,-17.812221467263576,9.639364198184149,3.389534452926331,-2.860295292331485
12487-12701,87.21627069010928,101.01135308621924,25.687570388100728,14.472597984871003,4.680868645364051,9.414780065280288,5.545851740326049,1.7301283710926072
12487-12704,92.04138725623298,115.22788073774748,16.939431678185016,8.329383163533922,-0.28066535111717816,21.938059426011236,14.993884915150163,8.049710404289106
12487-12705,283.84800764113334,316.2444890735349,20.39964580401821,1.8577163899954459,-16.68421302402731,-35.44581238242105,-62.361539976748375,-89.27726757107568
12487-1902,32.82646583187585,111.49729659320789,9.789683702312551,-42.341348748918364,-94.47238120014927,-28.764119555040658,-49.268180816575445,-69.77224207811025
12487-3702,139.89356866782887,208.33105895550574,3.226147118111264,-19.788342670286177,-42.80283245868364,-2.667423375663997,-14.69630266843508,-26.725181961206175
12487-3703,59.744711767909635,76.69497744134466,17.365483581477342,14.92989807316241,12.49431256484746,,,
12487-6101,153.486339560582,188.16298086728364,20.132934300527634,16.517163202011744,12.901392103495873,-62.00733394040734,-60.253635211562994,-58.49993648271863
12487-6103,54.305678392675404,60.46103585184527,21.592201950486487,20.9257406454467,3.9668471770104756,26.490455472070384,1.031297640737619,-38.358803727387944
12487-9101,148.3979851598409,182.11207108742676,-27.16994430190967,-30.07605230209773,-32.982160302285784,-88.92319266979042,-75.96814401497306,-63.01309536015569
12488-12701,88.88370059253005,93.88527264679314,27.192313964174634,26.001071730399207,19.628920587078234,50.96665718919766,36.95266232101196,22.035501816978194
12488-12702,63.29991333278693,87.7394018609502,-48.45607536767291,-52.41233601460842,-56.368596661543926,-62.341016286087196,-73.58560012437448,-84.83018396266174
12488-12703,97.8224541385872,114.01924938762203,6.270777886378079,-7.752659962470906,-22.5549028257429,-4.231642292956856,-20.869638845668348,-37.507635398379854
12488-3701,207.10613174274647,345.58939572093294,95.69516033366457,32.83682169808817,-30.021516937488272,32.739913677077524,-1.0720532720649534,-34.88402022120741
12488-6101,9.306328693881332,186.17227095805566,74.39069040193229,74.80928933722409,75.22788827251591,22.950326284379276,10.081312375715912,-2.7877015329474952
12488-6102,153.30277816639656,183.74223288466607,10.94899351283336,-0.7635080523631732,-12.47600961755971,17.525662428074646,9.40610028614233,1.286538144210007
12488-9101,164.82180009128294,184.10322606181276,6.681763037818273,-1.6015894157214088,-9.884941869261079,4.119253343266889,-2.921595891334584,-9.962445125936055
12488-9102,160.21482336236875,169.83836162876307,10.785940879192708,6.026831744656164,1.2677226101196313,-3.414911347887753,-9.967157189350225,-16.519403030812697
12489-12705,143.95580612612122,160.04370699482092,23.94506291994793,15.411038555383712,6.791295263522878,26.464435597232278,18.71494098214019,10.965446367048107
12489-1902,78.84162097517323,91.84215637404256,19.987098205478038,17.156052935424977,12.08823172726277,3.9043296217165024,-4.383506227981219,-12.671342077678931
12489-6102,168.2065783820479,217.40940818926532,17.2545415214126,3.360320640290887,-10.533900240830828,-10.544592776647292,-20.941862571401327,-31.339132366155365
12489-9101,173.0181874380422,216.03553232308414,-17.23272581364582,-26.12375349414077,-35.014781174635694,-13.540769704139114,-23.027373494939763,-32.513977285740395
12490-12702,121.2738154068423,148.79366680077,0.6050084039322821,-15.4334698817142,-31.471948167360694,-6.121683253612794,-20.225495264788965,-34.329307275965135
12490-3703,71.08581473151725,128.4736353784661,-30.619032511174012,-46.06541925671987,-61.511806002265715,7.733315322362416,5.803601538653536,3.8738877549446262
12490-3704,98.88180215556318,127.09068366985807,-2.830828206386372,-1.4669841494514344,-0.10314009251650148,-21.927360276399277,-17.396326175289886,-12.865292074180505
12490-6103,68.04784404368755,81.26614895085409,20.730045101568845,14.52262377126745,0.3541245646406225,28.357552488884934,14.846879321559015,1.3362061542330987
12490-9101,158.671439056341,177.6113698793194,4.630019346171311,-2.767071661152632,-10.164162668476562,4.286189055650073,-1.3529696591496028,-6.992128373949281
12491-12701,47.63162623215357,78.08278809264235,-5.560286412296983,-24.291800542248215,-43.023314672199454,-6.358049428211214,-17.702811712743827,-29.047573997276444
12491-12704,87.54457019071567,88.39723765007334,4.001529396402205,7.350342201044087,-6.179505129947792,23.35481681266762,17.090751408160894,-13.392026740028426
12491-3703,138.98349195187404,242.33587517198663,138.6834293450161,142.65959426265792,146.63575918029971,-0.5922090591572651,-18.927662604991365,-37.26311615082545
12491-6101,268.88338328441637,299.2011797704147,44.260111120581776,29.78624645916115,15.31238179774052,32.53731485092243,18.29946198059801,4.061609110273586
12491-9102,218.89213777325196,237.95471201209185,13.588994373387255,1.6326013404660518,-10.323791692455147,-18.019961570942986,-30.069448842787416,-42.11893611463185
12495-12704,91.6600142786742,116.66273871464814,52.04680349865341,36.7531754716675,21.459547444681586,70.52714882697245,55.89047318251856,41.25379753806467
12495-3703,90.3171846644105,117.74292433373338,9.740423402941056,-10.192163434409002,-30.12475027175907,20.95094623609439,1.9721847301311874,-17.006576775832
12495-6101,194.83200627491394,204.1249752510397,12.813355487079248,6.601975204376152,0.39059492167305904,8.844970325796488,2.982868899777015,-2.87923252624246
12495-6102,176.161180020778,196.0688325165193,4.530139497510187,-5.370320338269367,-15.27078017404892,13.08713262328066,0.9280323433737722,-11.23106793653311
12495-6103,66.01900045640615,129.48090954338346,30.218057369931476,16.10870039352145,1.9993434171114255,8.352426553735677,-12.808665124025595,-33.9697568017869
12495-9101,237.7950485135256,273.7131868119951,12.122655361593779,-7.821517473193722,-27.76569030798122,106.05230402276142,94.12327965875089,82.19425529474036
12495-9102,165.208032160168,187.61594507180732,27.05264829703781,20.450050520082872,13.847452743127914,-0.22807625856242375,-6.8720286274947275,-13.515980996427036
12506-12701,201.89137315690212,226.45597481631043,10.25708955818091,2.292547507838307,-5.6719945425043,11.040373058087688,4.9076962223712846,-1.2249806133451013
12506-12703,112.1883059025566,125.25792131793213,8.015289755453036,-1.7495201706525265,-11.514330096758087,-19.522376087699627,-33.689394818724885,-47.856413549750144
12506-6101,81.91758848856655,86.82893102502034,25.63135751354008,24.808065859139774,20.60976537076131,67.91768970747017,63.08795370572754,58.25821770398489
12506-6102,173.11581930340438,246.7860355290574,-5.312237191890508,-19.490414840713544,-33.668592489536586,-36.18834378949473,-46.44829055315156,-56.70823731680836
12506-6103,73.63616281016857,86.24498927570804,12.526444828672215,3.5650594602541275,-22.372963008346563,15.822156893882676,-6.063073764294397,-30.969196528087004
12510-12701,113.34326560129091,127.74814595222634,-1.462085118742823,-10.948681352187787,-19.266778545524723,-52.74889190291594,-57.2121801817349,-61.12130978714288
12510-12702,138.71108856220036,147.24165465751463,2.9369470296884668,-4.061586616875892,-11.913729470269406,4.762068789586179,-5.406182060878332,-15.574432911342841
12510-12703,35.2921889249631,53.23756673245369,20.024984772617493,4.4321257332138835,-12.02760432219117,6.771329521815328,-8.924586031405367,-24.02981455281422
12510-12704,86.06359293230518,86.06359293230518,7.379303225744823,10.102205142652732,-1.4332019624092247,9.988316892347214,9.988316892347214,-24.945445613027243
12510-1902,62.40218296968715,92.16563107201969,-0.7071175582244306,-21.583094129843403,-42.45907070146238,-4.9150517365904856,-20.270845961473043,-35.62664018635559
12510-3702,59.222387561888176,75.20800446103215,17.330962415046027,5.155766266803008,-11.077312228720967,8.662250431106507,-10.901480109559287,-30.465210650225067
12510-3704,66.91363708207864,81.89420111926316,-18.482771180166846,-19.712709849048114,-15.92216230315835,-38.793989642930796,-39.65791107993565,-40.5218325169405
12510-6104,169.7835762171696,183.81081429002336,-0.9940128165107107,-5.38988603955645,-9.78575926260219,8.086005724144968,2.8946439516212052,-2.2967178209025625
12510-9101,146.27276643846412,169.10290062647073,8.901124357338148,-6.339784000612616,-21.58069235856339,2.9063558248683057,-11.474424242705913,-25.855204310280133
12510-9102,187.53507442324866,215.36408173893454,25.037624670560486,11.75276085822841,-1.5321029541036644,5.892075872511702,-9.666968404503898,-25.226012681519506
12511-12701,126.0660479158315,140.1035108872442,17.328345570634966,10.679641387469951,4.030937204304926,2.098718624281818,-5.22479184178601,-12.54830230785384
12511-12703,208.3939593014075,212.1563882057635,6.372227251352926,4.713822005581448,3.055416759809969,17.540999038527403,13.732069408815743,9.923139779104083
12511-12704,96.74861055670726,109.23242265476132,7.6732700300220635,-3.048270826806368,-15.322784893609505,25.605151541161366,9.839644240294747,-5.925863060571885
12511-12705,207.7064496860528,233.22650124906,5.750327262265383,-2.9126383591501197,-11.575603980565637,-2.543289508220412,-8.487437920419202,-14.43158633261801
12511-3701,160.44439997336661,214.45762219264898,75.96797005360334,86.41348866306542,96.85900727252749,-0.8865111767818251,-8.65097165505997,-16.415432133338086
12511-9101,73.70981816781989,92.25018736625687,4.455155452999402,-2.0048100215331157,-8.464775496065629,-8.332361955332154,-11.75920047077329,-15.186038986214436
12512-12701,42.46371518512109,,,,,,,
12512-12703,180.71048842676896,201.16481528637976,-3.577904976157073,-12.376438523950656,-21.174972071744243,7.742200697878157,-2.4592912257437356,-12.660783149365633
12512-3701,131.18753112419265,148.90864897583094,-70.50694216628028,-67.36495706657007,-64.2229719668599,-72.16030797760845,-69.62737203471994,-67.09443609183144
12512-6104,82.17539788570934,83.29746634578457,-21.120035562298547,-21.53891215115917,-24.476310491623305,-13.28647503087548,-15.178542575914364,-19.23347550562494
12512-9101,198.56260642999735,233.37843383632614,23.894376611188292,24.408399632361018,24.92242265353375,-16.965445549000062,-25.235495342859807,-33.50554513671956
12512-9102,170.67854859597915,219.08176876725275,-121.49381600204372,-125.53864896883901,-129.58348193563432,-184.4133183039023,-187.91946065520304,-191.4256030065038
12514-12701,139.76736123509696,156.16575211302896,1.5250088236558086,-5.906383677628907,-13.337776178913622,-5.011262586631872,-7.573081945233695,-10.134901303835528
12514-12702,254.1241114626588,280.4549375125426,9.501064761118906,1.2311486727250134,-7.038767415668904,13.687269291815156,9.007617427287789,4.327965562760426
12514-12703,159.82276958306565,175.86988784509967,2.9267377504616445,-3.673122234405056,-10.272982219271746,-1.4081193750690018,-5.7068424867477265,-10.005565598426452
12514-12705,61.28865585853721,69.5436756511956,3.0441824157946176,-1.152578394261519,-19.798151036189694,7.685843622527089,-14.715594863588287,-43.23199615942218
12514-6103,81.30403285569601,129.65826917896652,38.13700665107146,27.099533921075977,16.062061191080495,3.663477069400155,-5.758551220019242,-15.180579509438664
12514-9101,277.16858759464134,303.3205279034891,15.611242618537405,3.956061933900891,-7.699118750735648,-8.864309801930268,-23.41641890181818,-37.96852800170609
12514-9102,171.41405661250934,198.139102736933,22.824471299439075,14.43270436380909,6.040937428179128,-1.6828652316823978,-6.517855712453329,-11.352846193224263
12518-12701,191.15156517833157,209.14439712070634,20.63532631332315,14.101251569791117,8.323929627582896,-13.322560140722397,-17.840644078962164,-22.358728017201933
12518-12703,154.24450956928956,167.90688651482762,22.43866673489356,17.8203483145396,13.202029894185644,13.690107669374562,6.732826784145636,-0.22445410108326777
12518-12705,223.9252702226335,230.43857890710737,14.08255106324553,10.546296447771608,7.010041832297688,23.31730035197835,17.621358984237627,11.925417616496908
12518-1901,58.35490876991859,74.02442788039622,-34.32952352042656,-23.121608946607218,-35.09569820312947,-12.860121116019025,-24.27200053312908,-35.68387995023914
12518-3704,72.07853500377972,94.60496874789006,-13.6716806424213,-25.518062537877135,-34.927099801721454,-15.712340167658478,-16.776416189112894,-17.84049221056731
12518-6101,172.22457435444517,186.63480638996168,1.328935217021663,-3.4467412571656504,-8.222417731352962,-8.134274366517332,-10.5886278599915,-13.042981353465665
12518-6103,114.81251529196155,123.4650558139407,14.78090988701901,9.107277245954121,3.1362743457422795,3.9666816426264884,-4.9910572160539575,-13.948796074734405
12518-9101,235.3201170681331,249.35288476078733,14.66004237961687,7.292144503044795,-0.07575337352728194,51.27675605104998,44.35217631174763,37.42759657244527
12518-9102,57.122033017808945,75.8777334927513,12.773132490195568,6.711323127219663,2.6630640284731553,14.114779666194279,17.29155502612742,20.46833038606057
12620-12701,272.13125643817074,304.1279151889833,11.951196907424956,1.5052685976006865,-8.940659712223578,-14.24549789948323,-22.819127343686706,-31.39275678789016
12620-12704,121.87004084687904,137.04974406623023,18.19534912858061,10.26640000736142,2.337450886142236,-1.3250159491289184,-8.872406334448282,-16.419796719767643
12620-12705,124.56375028998606,157.39986876794924,50.05057375317582,40.42255309258172,30.794532431987626,63.1005817124388,57.49729342547189,51.89400513850497
12620-3702,254.33014360695626,352.9038775386886,,,,,,
12620-3703,141.78702570335633,162.3605240855382,10.121207655713668,2.057982526555945,-6.0052426026017764,4.5767970173994295,-0.25482350792174396,-5.086444033242929
12620-3704,78.89241907188034,96.84413591484987,29.50872500596376,17.28438922331229,5.06005344066082,18.367801049638555,5.544483550154005,-7.278833949330538
12620-6101,86.63273791118822,104.49344162519775,16.407530794407432,2.9102233302133387,-8.4460008959366,-22.037514004746587,-36.79948900667627,-51.56146400860595
12620-6102,83.67602240651767,95.65772248551754,17.39300746324721,8.505327733404282,-4.4511759675366935,11.133407822738318,-4.831081882124212,-20.795571586986735
12620-6103,165.73736904407048,225.57244734155216,71.88547840844902,43.44785409868667,15.010229788924306,55.824989140621895,32.43595224247569,9.046915344329499
12620-6104,63.777125767120374,78.99165409351686,13.73118898408239,7.414600015829373,1.0980110475763583,-13.715163981410049,-22.53813363898917,-31.361103296568295
12620-9101,113.57646764082226,132.54807434395556,9.416702170152076,-2.195274884875393,-13.807251939902866,5.039253458545471,-3.8532496617463745,-12.745752782038211
12620-9102,65.32073748817412,94.08924222620152,-49.479287365777736,-69.231931224165,-36.243722609945266,,,
12621-12701,174.03625887594154,206.5561897495328,2.037493481030946,-8.682504243505088,-19.402501968041147,-0.8181055659834343,-6.6543933974608365,-12.490681228938243
12621-12703,180.51782473041285,201.09829810168515,1.3926109288127693,-4.489693418391649,-10.371997765596047,8.887661555972405,6.97584500329653,5.064028450620656
12621-3702,187.51179958081565,240.67682054967702,44.648565856591254,26.83803928866603,9.027512720740773,10.502277123562276,1.3289333578020666,-7.844410407958147
12621-6103,159.69219800967247,184.20361104187376,12.535894460713324,4.316100256713112,-3.9036939472871257,2.2133479432808523,-2.4292796732924344,-7.071907289865721
12621-9101,318.4643559365608,336.64965382373725,-10.585021373201945,-15.470083814189936,-20.355146255177928,4.81763844953241,1.1800948840483863,-2.45744868143566
12622-12701,136.01803427583692,148.20559683464572,2.6052473681436257,0.5228568758775263,-1.5595336163885767,-9.34754270907518,-13.800228814477867,-18.252914919880556
12622-12703,164.7752330212938,177.19327251026294,7.471585449666436,1.4460751821990963,-4.579435085268242,2.2743665195334763,-5.032815867130354,-12.339998253794164
12622-12704,74.38987326746303,91.80652254967127,27.20779080700307,12.675602229432036,-2.9431713826875487,,,
12622-12705,110.97552524917633,130.62562974727106,23.43097093230823,11.69474625850302,-0.04147841530218996,53.20793894565749,35.381165379577546,17.55439181349762
12622-1902,95.320843303768,151.86834821466937,-32.825706297164594,-31.664676775006157,-30.503647252847713,-12.39629216851363,-5.71103207775399,0.9742280130056564
12622-6103,94.66343125760363,104.99547499075844,8.788814891834393,1.9842338876866663,-5.079472018185091,-6.052446586096425,-12.559442443067104,-19.066438300037767
12622-9101,128.92755605733197,154.70642217819085,13.831832523474867,2.4018773149146164,-9.02807789364565,11.904087754662388,1.4752327817750222,-8.95362219111235
12622-9102,260.60758864864937,280.6067913065982,6.201564029226109,0.40577058476929784,-5.3900228596875435,-10.95089638750868,-15.263916239407536,-19.576936091306365
12624-12701,56.52971654532085,72.52203536695403,25.98567750549992,15.18155150761448,2.582484594961176,17.257379473679922,-3.684058498414063,-24.625496470508033
12624-12702,134.1813353407354,139.58511074917726,26.344623732278006,23.53153708681622,0.5998368851281399,35.13248405656669,24.75138952894035,4.163089876923332
12624-12703,193.93400034570726,201.68987991192856,13.846929811703102,12.422205739181125,10.99748166665913,14.169029091304711,13.825870321211301,13.482711551117893
12624-3701,103.21611458168074,130.60381247453492,-16.37345563279423,-28.949608381139765,-39.12616610173038,-56.13480492062599,-53.8192145953072,-51.503624269988414
12624-3702,,,,,,29.90566524770229,1.5345739221514934,-26.836517403399267
12624-9101,179.36610668415187,212.531696733648,-1.6349869681220774,2.1417715921789764,5.918530152480045,10.264549897540508,20.16349051750203,30.062431137463594
12624-9102,175.8405530252957,276.30571090938776,65.00666503335736,4.892031779792346,-55.22260147377266,68.83983258349599,20.084891297824186,-28.670049987847623
12651-12701,177.89831952734258,200.7062629709767,8.456011643608495,-0.5375055794727527,-9.531022802553997,4.7899265605306915,-4.808366623422699,-14.406659807376094
12651-12705,187.0383258757927,198.6863666950381,29.744677337249986,22.40896615325465,15.073254969259322,7.875961819137909,-0.12516378941422,-8.12628939796633
12651-3701,51.35832405259975,87.21914878829783,29.607234585154387,5.81549259594692,-17.97624939326056,20.089258462698083,0.6725627109944432,-18.74413304070922
12651-6101,160.95030818419937,238.55180887071285,-46.430163547161726,-56.68134211205329,-66.93252067694482,-16.98781961799718,-20.007445859261146,-23.027072100525107
12651-6103,181.2661131381495,209.22980874010938,-8.418386809015441,-18.487896343793523,-28.557405878571608,-15.549033497528626,-26.319476262510285,-37.08991902749194
12651-9101,172.77567837423933,230.33238307669038,14.139764062759387,-8.59269123740656,-31.32514653757252,25.346643122176697,15.21597342014692,5.085303718117171
12652-12702,147.40123664200587,149.81763747005473,11.89836827136381,9.78925524277735,-2.7728348375469056,12.628921652370005,6.278547793350629,-6.038374441532429
12652-12703,225.8880282615457,244.55605150067535,14.42454517843334,8.168490863776936,1.9124365491205346,-0.37151451981254535,-4.257348736155566,-8.143182952498611
12652-12704,123.21779631045487,134.76695466002613,11.157324399532012,3.713516451197168,-3.7302914971376757,5.361137838468358,-0.014419164723320485,-5.3899761679150116
12652-1902,,,,,,,,
12652-3701,104.12351939407371,117.18747916380806,-14.123171189137128,-20.401448133944,-26.679725078750867,-13.223079943977949,-17.990973877211367,-22.758867810444787
12652-9102,224.84859132218023,240.39445953973822,-5.882770874465236,-11.481638174473042,-17.080505474480848,-11.278184856306808,-14.839335027372448,-18.40048519843807
12667-12701,219.17004916622207,255.2073843782254,35.295277290345794,25.741471519909528,16.18766574947323,76.70091645292634,71.103176441833,65.50543643073962
12667-12703,260.41066670916206,277.9274935752972,7.114303013901396,3.8444110577055404,0.5745191015097129,24.763918761624883,21.497267325137578,18.230615888650302
12667-6101,173.9290622019542,204.65021130180713,22.60652086102011,13.18932438150287,3.7721279019856135,4.519983727726388,-1.0783182921735701,-6.676620312073543
12667-6103,148.83754525630488,177.3312981142357,14.653931918776735,7.984522233246878,1.315112547717028,3.6361706756118886,0.5885242564153124,-2.459122162781245
12667-6104,99.88379137128022,116.09869328387241,9.569592483527948,8.180962229251243,6.7923319749745295,15.54868139877901,14.899544664454984,14.250407930130956
12667-9102,160.9186494921476,255.87447020047517,-26.655521876884457,-64.84998749030876,-103.04445310373308,-3.9310763982980537,-14.940051441687794,-25.949026485077535
12673-12703,133.4973324591526,134.3687492557583,15.986782136755437,16.753192686266054,16.148598721664708,,,
12673-3702,172.32140214888994,196.20017188181103,-3.618702520456603,-10.135289587643904,-16.6518766548312,-3.6762744662130356,-8.356007380985199,-13.035740295757376
12673-6101,129.24832171360208,155.16915503290969,45.57029714308605,41.21955595695116,36.86881477081627,27.107992938409488,18.09297287050697,9.077952802604452
12673-9102,80.54418029169803,103.3629938025552,17.386744113501493,12.236645612933955,7.086547112366408,23.897216337727286,19.516841813795157,15.136467289863033
12674-12702,60.610272379917674,78.8579661486087,13.356248996044348,-2.104915140871539,-32.38198743746577,19.28846884770993,-15.107117405795584,-49.50270365930111
12674-12703,275.2917077772299,285.2861380162169,8.281675948706908,5.442285998530136,2.602896048353364,-0.0943287385408719,-2.3335351699449953,-4.572741601349119
12674-12704,291.94863940131887,322.2420624930249,-47.539356513473265,-56.69839430246008,-65.85743209144692,-24.616382431252234,-32.41279854376051,-40.209214656268784
12674-6103,231.23193514181094,308.6750956547298,,,,,,
12674-9101,157.93782649117546,209.36705415007202,25.80111738526862,14.76028154426812,3.7194457032676094,0.650556188813691,-7.130803723483613,-14.91216363578093
12674-9102,144.34395798141156,173.17695456748248,-2.0922584177616685,-10.894837106133364,-19.697415794505073,15.906503270309443,13.581624067838366,11.25674486536729
12675-12701,281.0752642173758,335.2888381682363,-7.036528714041951,-25.688871598342363,-44.34121448264277,-29.184631721804358,-39.84846353085125,-50.51229533989814
12675-12703,238.78436097041865,299.1642754553472,52.83053414822997,29.765119068425935,6.699703988621936,38.045375399798196,23.460461667093373,8.875547934388527
12675-12704,124.8621028602911,135.89911964463968,11.346409282701039,3.9200657644680503,-3.5062777537649565,7.3688499218810675,-0.5902077132428161,-8.549265348366717
12675-3703,76.95083891186147,92.70026263332294,29.29326069222887,25.303351710078214,22.714751313163184,47.26763102400201,47.059726996477345,46.85182296895267
12675-6103,261.0997007338951,314.80294834190636,86.31684951580594,64.65815249870508,42.999455481604215,63.8380212395432,41.33694006813759,18.83585889673197
12678-12701,49.35373524779326,69.24812084360747,26.13241742063575,20.818613108035645,15.504808795435533,-21.606578403711886,-22.713403813174494,-23.820229222637106
12678-1902,91.38681944187309,118.62375734276512,16.8549714796545,5.763964550364647,-5.3270423789252055,-3.0434162919144727,-10.328099709212593,-17.612783126510706
12678-6101,287.01981335082263,340.8597696259649,-0.7244287479981802,-15.194412989803064,-29.664397231607943,2.8098141767673552,-3.464823200974198,-9.739460578715752
12678-9102,247.037727185841,297.84405077961145,39.279504782506706,17.870953751061048,-3.5375972803845963,14.332145215081345,-2.840330692330108,-20.01280659974155
12679-12705,208.51968461360727,221.817669462023,17.333287993130945,9.999407239108375,2.6655264850858065,37.63100714378027,30.589758168049478,23.548509192318686
12679-1902,144.85725714679663,178.61993607891537,7.011173493395888,0.06936503759046539,-6.872443418214946,-1.1025792031587744,-5.279808640864238,-9.457038078569708
12679-3704,53.91841963857096,53.91841963857096,21.011838330707462,21.011838330707462,2.466667273339668,77.10541868511119,77.10541868511119,62.92773548762009
12679-6101,208.73743595178294,260.6026005596961,63.51946857199681,41.18360858631387,18.847748600630965,36.292070193296965,9.596022659199924,-17.1000248748971
12679-6103,233.5465350534307,310.5216951978021,-43.28637533150833,-78.85503471742035,-114.42369410333237,-50.475891346195674,-80.7300476541925,-110.98420396218937
12679-6104,147.54363756759938,240.86476492708007,149.39751528374006,112.16230689520083,74.92709850666157,,,
12679-9101,150.50382020203898,233.82791517099906,42.303506625360846,2.970429448257679,-36.36264772884548,,,
12679-9102,256.3092631692938,283.0067796005858,27.065695279402853,17.228119421075064,7.390543562747245,17.69464688805333,10.896438525442337,4.0982301628313405
12682-12702,138.48718545797868,161.06707689924272,1.3859235555888099,-7.7247867709513685,-16.835497097491533,-7.381901182164757,-15.553286045263649,-23.72467090836254
12682-12704,156.55338067607693,195.4166387811459,-10.396210084874799,0.7391633836706981,11.874536852216174,-3.5790825200981415,-4.411059898748282,-5.243037277398429
12682-12705,142.19114365262595,150.06072648423952,13.595214873553015,8.890691910811631,4.186168948070257,17.101978086845506,12.4383870792511,7.774796071656698
12682-9102,120.22326378177975,176.23403167313197,-9.605385547101204,-30.051336928553297,-50.497288310005395,-24.2069952251797,-33.93667004703779,-43.66634486889587
12683-12704,78.3286261943079,94.54235653118319,22.083363336613623,10.171128564873648,-0.555512800459309,8.447872751679146,-1.2830210476712811,-11.013914847021704
12683-12705,110.33744531171247,121.65729843468814,6.691661115615895,1.141859277572823,-4.407942560470261,-4.322578425213615,-9.73520488175649,-15.147831338299353
12683-1901,220.220582197928,248.98167470014795,-51.44754652311531,-64.8468686420128,-78.2461907609103,,,
12683-3702,208.44587756440905,270.5979131949454,79.30037182738498,51.788053574920184,24.275735322455358,55.41705611241242,34.10290013655989,12.788744160707337
12683-6101,162.50720997667077,192.73495794939498,10.145531045457842,0.961501043025525,-8.22252895940679,1.1018598414647844,-2.446141403018969,-5.994142647502728
12683-9101,231.57374361266375,265.23791502442145,2.6063307518129726,-6.062974454584743,-14.732279660982481,-5.635212954439866,-12.486780029006747,-19.338347103573625
12683-9102,185.04484710151974,210.29737607831842,17.49244492919151,8.63229254984689,-0.2278598294977393,19.001480031625103,11.299565986621236,3.5976519416173525
12684-12702,174.96091917478722,190.43322116403365,6.608402100986644,-0.0431972944319601,-6.694796689850564,11.396607491761692,5.305211774206641,-0.7861839433483924
12684-12704,63.477562342011566,79.97346997043299,30.639780596895083,17.91243044226989,4.68061325363712,,,
12684-1901,181.83226226365798,196.06099862837064,18.645053159958323,14.30282373906054,9.960594318162757,-3.004803775816576,-8.446397266168814,-13.887990756521033
12684-6104,202.24321416020095,292.92864226206984,,,,,,
12685-12701,88.14320870078981,104.1745385079752,16.60311754768658,4.410464420834495,-7.782188706017598,1.1537509616373296,-14.499419209069485,-30.1525893797763
12685-12702,119.67082624071003,152.38411434995297,8.649724081946031,-13.326869881266228,-35.303463844478486,-28.847573238130526,-39.18600576285126,-49.52443828757199
12685-12704,193.55205570451034,247.91151398165144,66.33083730438422,46.38056852681807,26.43029974925194,,,
12685-3701,161.4019307793524,248.6039373917525,100.3736984486827,85.97992221668568,71.58614598468864,1.8956518526497723,-15.840656952380389,-33.576965757410534
12685-3703,224.709195736283,278.6263122618969,18.397915384632142,5.391049890208024,-7.615815604216094,0.17267789947420484,-5.749154116140394,-11.670986131755024
12685-9101,189.24338400562712,235.229212346975,27.443840931304194,42.6815635260041,57.91928612070395,68.378032356752,92.7636391033973,117.14924585004258
12696-12702,122.47522090873707,169.89547527141707,-0.6887129179703062,-17.982032476903377,-35.275352035836455,-40.201536008798335,-54.697002928665164,-69.192469848532
12696-12704,97.1689824361231,115.19190756017221,19.5975410472658,6.824427360432872,-5.666486555301822,26.133539016287866,16.063540776996735,5.993542537705612
12696-6103,158.4175142718885,259.83072983100203,73.31643276675376,20.81463962510414,-31.68715351654552,48.332631664880815,10.612868715136026,-27.106894234608767
12700-12703,287.4316497695302,324.9746052056529,12.87332683467,-2.865674337025576,-18.604675508721144,-32.04000393316499,-43.82618074972148,-55.61235756627797
12700-12704,41.7849699512791,74.2500843868795,19.048049873373937,-1.2695560208878172,-21.587161915149572,15.710476957950975,4.2824466084573425,-7.145583741036273
12700-12705,92.89243133663591,104.61055938710227,7.211543440314693,-0.362799182528306,-7.937141805371306,4.7019503810617564,-4.263137987917362,-13.228226356896483
12700-3702,84.1098652729513,123.64406905965232,43.2775651487195,12.406393979094492,-18.46477719053051,26.590033037230928,-1.799417645939775,-30.18886832911048
12700-3703,268.57850401140934,295.87403913406257,0.3758507017546052,-10.994730508447667,-22.365311718649913,18.46065224078396,4.025211601261206,-10.410229038261544
12700-6101,65.94069527110416,79.1001980081756,-18.274504923726163,-11.534650746160404,10.316893251992923,-0.1545389726364845,24.250210069336045,48.65495911130857
12700-6102,154.77437198288783,182.6420014729407,29.12842649833288,19.92182277172868,10.71521904512449,32.86679493674304,27.083974299166456,21.301153661589872
12700-6104,205.36359398810973,252.99523498956063,27.997265865215883,13.630834881009758,-0.7355961031963737,54.22332585795703,49.0186926859545,43.81405951395195
12700-9101,112.25290691799366,127.23319279822915,6.272372745538747,-2.8836607281882354,-12.03969420191521,5.942561755249653,-1.9173044600786162,-9.777170675406895
12769-12701,145.065183576731,159.05216881043208,7.264729683604827,0.25604838275562886,-6.752632918093581,-5.11303626096696,-10.702028915843702,-16.291021570720442
12769-12704,79.2429833858955,106.31130533287232,7.777254739482802,-2.7192312401057017,-13.008751025868207,24.128153190202276,20.785807029973704,17.443460869745124
12769-12705,85.88856452364386,106.83520027783946,30.045240126158266,14.854828972509534,-0.335582181139194,27.85782840525773,14.409019331945373,0.9602102586330238
12769-1901,215.40284761706522,259.9834974686877,15.122815462371221,1.6389565141004856,-11.84490243417029,14.774724923828964,0.7775287661878415,-13.219667391453282
12769-6101,219.11800184041402,306.8901474939242,103.87951886020461,61.73865389187123,19.597788923537852,20.748895943120154,-32.80678255212748,-86.36246104737509
12769-6102,190.43749684503192,419.931383269624,192.4887833797719,88.28830509625263,-15.912173187266593,153.9255246903382,93.13069414932698,32.33586360831568
12769-9102,153.39528605754722,177.08867078471278,5.7310423282053655,-2.806960394789592,-11.344963117784545,4.181229683896216,-0.7381742988567342,-5.657578281609705
12772-12703,106.9265373621195,131.95071978474988,23.869487994984,15.137210683894603,6.404933372805218,74.96975804064768,66.11198650386366,57.254214967079676
12772-3703,150.6546118364528,165.7034936413724,4.667657050151098,0.4491863772421417,-2.682897039537565,-11.045915819085813,-12.901615252959466,-14.757314686833102
12772-6101,61.97011220587725,75.32682806044028,-5.203262977099656,-11.11923695830764,-17.035210939515622,-12.651678606386165,-20.368002920193092,-28.084327234000025
12772-6103,72.33667764456608,112.90643864553334,-8.571277323724992,-23.649700976715923,-38.72812462970684,4.022502078347725,2.918159198699488,1.8138163190512424
12772-9101,92.25918177496655,108.00771919176835,7.528641308603837,-1.3785309588351906,-10.285703226274217,-2.923914209807547,-9.698453553919594,-16.47299289803164
12772-9102,126.4589869524262,140.75184789522496,9.449201436061008,5.955032841973604,2.4608642478862137,-0.08739016910303299,-0.6178406817613051,-1.1482911944195773
7443-12703,100.73217444951278,174.1814342212969,-27.973629260184044,-76.02522841192389,-117.80612547919459,-121.36230418078928,-133.1613686002027,-144.96043301961612
7443-1901,66.61715939843246,69.35474218119042,-5.374066678652729,-1.7634058698237085,-8.948080846324094,-13.609902057738397,-16.710911159780867,-31.463239475520773
7443-6102,134.44594577785713,168.5389182991037,27.76486513381801,7.760958011728101,-12.24294911036181,14.057371142455919,-1.3680775643261125,-16.793526271108146
7443-6103,72.01124818477636,87.27362025482797,17.83424928622384,6.9212419834227195,-17.676622897172127,22.18680829855307,-11.480594531748642,-45.14799736205036
7495-12702,187.03496122538556,201.59364698225036,4.352156846229733,-3.8273954315212446,-12.006947709272223,-13.873882248597676,-21.13226670826701,-28.39065116793633
7495-12703,170.3731277092597,180.84755401201258,5.278855074942744,0.695996063838056,-3.886862947266619,3.3578511332752363,-0.13956964798214105,-3.6369904292395185
7495-12704,205.91199837767223,218.77091485661026,0.3514924682304289,-4.844252857756461,-10.039998183743366,-11.184032347437247,-14.661443887368836,-18.138855427300424
7495-3702,92.21437935282356,104.86021980989895,14.893312073774574,7.7289546708707375,-3.4002196515577268,0.740924892438526,-15.585081512078233,-31.911087916595005
7495-9102,161.266866142267,183.62989528043406,2.820683344080273,-2.8089219098502274,-8.438527163780709,17.75740769035161,18.328993078145036,18.900578465938466
7815-12702,63.13423481409736,82.81539193047469,26.754716761299413,10.378115092843712,-10.683035951616278,11.616200385030739,-4.264087175651313,-20.14437473633337
7815-12705,148.4794474443954,171.8897090409728,9.554178066814247,0.0432580116533229,-9.467662043507612,-5.406315335727266,-12.546325276202744,-19.686335216678224
7815-9101,122.39981612845963,128.4219812677124,5.262773520239531,1.8517105516923038,-3.4699144241530706,16.15092697302863,4.117522124466328,-7.915882724095969
7957-12702,126.99832848667747,152.47503540886828,12.62251786497253,-2.445741054332979,-17.513999973638484,-3.7559183109437364,-17.285500292262807,-30.815082273581897
7957-12703,308.54863909244955,357.8571516760613,74.37574105311994,64.25912959199609,54.14251813087224,28.716925247727527,16.475661590281323,4.234397932835118
7957-12704,77.34137480577444,100.43279294845289,20.7110826831047,5.454752518509241,-9.801577646086216,22.146423158611434,6.576388131343154,-8.993646895925108
7957-12705,220.05511697887874,236.08215802952904,27.701551293115077,18.99619600825226,10.290840723389458,0.6081222193843119,-9.082842745706232,-18.77380771079676
7957-3701,254.88803583419926,345.7978302518291,264.3555474933846,230.2516537066152,196.14775991984584,160.23482819240647,129.25309332838012,98.27135846435378
7957-3703,73.36561416221677,84.50679263169438,14.492787166296074,9.090186464686932,1.0340296364702444,3.862702146392805,-11.105192753231378,-26.073087652855563
7957-6102,120.58176881081113,147.35179958911144,37.71706988200929,27.664706587833006,18.197156999454414,7.815664874675015,-0.13709719792805777,-8.089859270531116
7957-6104,83.0753393530462,105.73956689186616,19.890557285480497,1.5921305718609524,-16.815844487514134,-2.37641537769169,-20.552554946369913,-38.72869451504813
7957-9101,60.59301505482221,117.61292202738319,-11.117168105505073,-39.71479381465561,-68.31241952380614,17.084532617814432,14.778265162118473,12.471997706422513
7957-9102,102.6465288282561,131.86116908471107,12.222637118011503,-3.8117680500280233,-19.846173218067534,-6.46117337177374,-18.045117225122237,-29.629061078470748
7958-12702,68.6893669567357,82.24505638711075,22.811308741400925,12.43912757531583,-16.48184381925223,37.67635528619713,8.945217751925467,-24.456522860976914
7958-12703,106.90067434288238,137.74888977470775,9.632209420262555,0.31147773364802894,-9.009253952966484,-9.721328994771644,-13.110599886422339,-16.49987077807304
7958-12704,109.54537914171837,123.14435592602439,1.2045871611804333,-10.102487754126733,-21.4095626694339,-19.56192427786047,-30.78766913044807,-42.013413983035676
7958-12705,60.44484183128499,122.65073477444592,-41.69411495111355,-76.66686305380709,-108.17496324228824,40.06905569579013,40.32892893662264,44.824999967055334
7958-1902,98.48109661132563,136.6863739702393,27.083968540748504,16.11411039415232,5.144252247556137,21.43675707303032,12.6520709415472,3.8673848100640873
7958-3702,226.38947748926012,252.07735136798044,7.868062587599583,-0.6044660757389573,-9.076994739077492,-4.206286268197382,-11.374285426029697,-18.54228458386201
7958-3703,182.34726005807184,226.07725652739825,11.238218377808531,5.503804451687188,-0.23060947443416926,0.9146015598731719,-6.021696411395732,-12.957994382664637
7958-6101,137.95160360999276,155.87244816701767,8.534157241839926,3.5877505659578732,-1.358656109924182,-2.3212556135966342,-4.684516761101332,-7.0477779086060295
7958-6103,67.5359045088597,192.1577395705685,135.69314929278613,62.49340787652103,-10.706333539744053,101.16532126945121,56.93441185720237,12.703502444953484
7959-12701,200.18638097887305,232.68980217939966,-5.845149143658761,-18.444808487106993,-31.044467830555224,-31.386908186834173,-41.47345148330456,-51.55999477977494
7959-12702,193.0676252723717,217.78208163175842,-11.088045778563554,-26.160817706978623,-41.2335896353937,-76.84752984183974,-92.86399419509023,-108.88045854834071
7959-12703,220.63689733097843,236.9425311511621,9.847677804252585,4.491622531578602,-0.8644327410953827,-8.111786816594872,-13.561924727331904,-19.01206263806893
7959-12704,150.32347979811925,186.20114263781323,4.768945574917864,-8.783028338628945,-22.335002252175737,3.0164093842134085,-7.150336782451388,-17.317082949116184
7959-12705,145.42148400888942,158.14086937214412,8.386184662148015,2.8228419482135125,-2.74050076572099,48.807387036552456,42.13803402087393,35.468681005195414
7959-3701,195.85117062163349,237.1081614706067,-32.94428352927317,-38.98852602909483,-36.15201680604571,-112.70584638208612,-92.92107588092796,-73.13630537976981
7959-6102,76.26084427752166,118.5193884209239,1.696330071750324,-20.47786913875549,-42.652068349261306,-17.18422694432637,-39.5607504622519,-61.93727398017746
7959-9102,191.9172076200375,209.235136453073,18.616690807136617,13.309736694856934,8.002782582577249,6.6838066064533725,4.422102794851212,2.160398983249053
7960-12702,144.39924570996988,170.1196784851308,-15.925744682663366,-36.147474341986346,-54.473642040495925,-15.06385241022072,-24.86411907173728,-34.66438573325385
7960-12703,115.56359043784927,125.4481708118725,9.145709572496774,1.7987291212525969,-5.54825132999158,20.214253420631252,12.847941413391425,5.481629406151597
7960-12704,128.67987344950438,143.62920409922958,7.1501387328994435,-2.9150235052336178,-12.980185743366667,-1.51870591025088,-10.766225463455344,-20.013745016659815
7960-12705,165.65684137713487,176.66046087990108,6.910110524396398,1.7321780484103808,-3.445754427575627,1.732472598130905,-3.1490139413177425,-8.03050048076641
7960-3703,61.81255964236995,104.91416231909555,13.370406044142019,-5.060298450938577,-15.641178039897099,-45.180167317336625,-35.277509806135825,-25.374852294935028
7960-6101,97.51613460944739,108.79171362888799,-14.560634693013622,-18.87096572966166,-23.1812967663097,-6.80689860066046,-9.550728085212054,-12.294557569763645
7960-6102,64.10083640338148,87.91111075394734,-0.8160938919362237,-14.085155045756238,-26.126190434248976,3.333522043326936,-2.3089069444205337,-7.951335932168015
7960-6103,81.40337155995154,94.6438701569205,-46.52221069607493,-53.52837444981382,-53.08841950431175,-68.76095352782649,-66.41569817373933,-64.07044281965217
7960-9101,82.51114846427126,98.05448272930842,4.513759090976218,-5.075146181232171,-10.870821878090146,-6.053323453844859,-9.690096050511414,-10.880460732685966
7961-12701,155.81475965797074,191.82556562545292,133.35118695023212,130.78838488167656,128.225582813121,,,
7961-12702,199.550391236671,224.6841668976058,6.897192154598644,-4.188148446500677,-15.273489047599993,-8.037586911930633,-15.879536451924753,-23.721485991918875
7961-12703,114.11264156521875,127.87740917805665,6.086794818810329,-1.8059927728925012,-9.69878036459534,0.7822049339536087,-5.477179076761907,-11.73656308747742
7961-12705,289.1967520521942,301.400321096858,19.41448301814624,13.983835238172135,9.883250222423904,-58.909579549462734,-59.093467224489196,-59.27735489951567
7961-3702,146.79997419838313,174.95349021786419,2.296766511071558,-4.19929960783716,-10.695365726745893,0.7654589042251891,-3.315288232545485,-7.396035369316141
7962-12701,39.325960455092165,59.86479148140061,7.993775053090359,-8.318341642492637,-31.62964760605178,14.143593241463709,-0.886327724204017,-15.916248689871727
7962-12702,133.18005085288897,146.2623110155768,3.2287178245670147,-6.979459772099992,-18.255835673332736,4.1999577377494575,-5.197905466492502,-14.595768670734458
7962-12703,240.2996847008444,268.94395365109915,34.90211124329224,24.548407481530585,14.194703719768931,32.295167257732054,25.501001311701597,18.70683536567114
7962-12704,140.50434734720398,152.5185358418585,-7.635950048206304,-12.545718658144349,-17.455487268082393,-9.352409821793591,-13.07998565983937,-16.807561497885146
7962-12705,127.29637175714602,147.31018621082558,7.870572044588467,-1.2445899021423954,-10.359751848873247,8.47241208695258,1.2740192165644548,-5.924373653823643
7962-6102,91.5422542642103,104.2829488836948,33.30171297178872,26.38624882734588,16.184442144624104,52.81491489882206,40.3501986326,27.88548236637794
7962-6104,142.35406127524902,191.05431646520398,16.013725770852027,-2.936101968500919,-21.88592970785389,-3.011281705485729,-14.044689570887307,-25.078097436288907
7963-12701,133.6670668185836,150.50492363149615,10.185119595408706,5.566903962734373,0.9486883300600264,-8.41892452203324,-13.27060884635803,-18.122293170682816
7963-12704,151.77704206122996,199.14910064037088,-29.67143762292509,-50.44854160031545,-71.22564557770582,-30.350556355532945,-41.621452769630444,-52.89234918372794
7963-1902,107.14508811923307,142.87596353112343,5.901525192449296,-5.732947824787874,-17.36742084202506,5.0675388582732595,-0.9856881947407328,-7.038915247754707
7963-3702,102.0430913386971,314.9059997831748,-234.96897216273274,-352.6779675003297,-470.38696283792666,-144.41786509946806,-190.27419139930493,-236.13051769914182
7963-6102,95.34994646091832,230.47169265882454,129.1495056129727,70.10589207005077,11.062278527128798,86.82907176735252,51.02288345332385,15.216695139295188
7963-6103,163.58888766125597,197.85986896854072,-26.075796181643454,-32.694648341574904,-39.313500501506354,,,
7963-9101,72.7624222715517,106.51286565048636,-8.77853915833583,-27.666201414633132,-46.553863670930426,-16.01771965733624,-34.65723943771494,-53.296759218093634
7963-9102,151.45116325117868,171.8554297811629,16.166078128738192,6.1894719706570145,-3.787134187424153,10.987256212649681,1.2339871204398283,-8.519281971769999
7964-12701,72.4650349087814,84.08589651702843,32.82848340687565,25.52654856923158,18.737290934482456,25.685855548435626,15.162383418429267,4.638911288422898
7964-12702,273.67846726413785,313.5848583791955,1.3531538039579543,-11.079066606928693,-23.511287017815373,9.978662481342834,2.1229949622760866,-5.732672556790662
7964-12703,167.57433059983833,206.52384106003285,4.372360117799819,4.605106768304698,4.837853418809583,-47.36235810119534,-36.82366370469067,-26.284969308185993
7964-12704,212.0571983443926,237.16236986122453,6.702116676297873,-3.4259647981255656,-13.554046272549023,-15.379160826481586,-23.41836349440771,-31.45756616233383
7964-9101,223.51116269704423,252.44414232054433,7.391363316786728,-1.724136433761021,-10.83963618430878,8.514118935384422,2.8477272142688768,-2.8186645068466962
7964-9102,256.0834987953534,304.8167692668044,89.47956386108396,57.92585383549238,26.372143809900805,47.267653108116875,14.473638348914468,-18.32037641028794
7965-12702,230.12642940843398,263.53733671374664,7.1157477244758205,-6.390611073442639,-19.896969871361126,-24.362607363033693,-35.82755559857232,-47.292503834110924
7965-12705,91.33854642010829,139.50990376570317,30.669874065644386,21.811848174393884,12.953822283143381,-17.69783384329392,-21.445463898829733,-25.193093954365516
7965-1901,,,,,,11.107717640824369,-27.132782308195385,-65.37328225721511
7965-3703,58.51127762358735,77.85145164819342,-2.25128073763675,-13.117047993367372,-23.271090492670957,-7.993754350060039,-19.262310261933287,-30.53086617380653
7965-6103,168.47813920802716,201.34332483661274,2.3874325831618486,-8.503123554507894,-19.393679692177656,3.335165492450259,-2.8315729593017354,-8.99831141105372
7965-9102,72.59858095573826,85.66494707694106,23.421678084154486,15.588351625531068,7.755025166907642,14.310580380311844,2.7296523186310617,-8.85127574304971
7968-12701,174.59607344238327,185.74497367970702,7.406401533271373,-2.7759766604127623,-10.558651663967012,,,
7968-12702,159.21616823822208,166.82261861605866,3.593734249749597,-0.623462050015698,-4.840658349780996,0.3359137649457947,-6.201224219215196,-12.73836220337619
7968-12704,217.6670631180608,274.896201238963,25.80932199675661,-7.817372570812257,-36.81174094508784,,,
7968-1902,78.13497001828233,103.21126357526867,26.20407341139037,21.4898331496466,16.775592887902842,,,
7968-3704,95.68070709775529,124.60132660598889,1.9393268021497512,-13.830663424013236,-29.459174353530962,-4.1209582689212505,-10.796597360607642,-17.472236452294048
7968-6101,122.4967692117641,166.99943579548446,72.89534137635556,58.195576727040915,43.49581207772627,29.431732339994678,21.501907948601463,13.572083557208277
7968-6102,251.5600559029006,265.4112170470586,15.06878753805727,9.88589624381602,4.703004949574766,29.417272315337577,25.267460996844335,21.11764967835109
7968-9101,354.18693929651505,378.1953195026388,17.75493841336528,1.8353276905377829,-14.084283032289719,-12.405201886634174,-41.096011344084594,-69.78682080153501
7972-12701,130.28565106996263,158.047788440992,102.26730398479867,384.2545826866718,666.2418613885453,56.48364702695501,97.44476733615085,138.40588764534667
7972-12702,69.02441841394968,96.14421874661527,57.56106378448738,45.09800154722925,32.63493930997113,6.1993129298230025,-9.684973188280633,-25.56925930638427
7972-12703,58.14059663746601,77.08895811566673,34.876137850599136,34.085282979177684,33.27045685057643,11.684963304754357,-22.166805959520754,-56.018575223795885
7972-3702,221.45324097517224,295.31281258691604,-46.8771883758894,-76.52467003272413,-106.17215168955886,-49.351394838768584,-62.63595784451682,-75.92052085026504
7972-3704,47.75594070854777,104.62826605941433,74.99361833229811,54.62583975260699,34.25806117291587,46.360084843662094,26.480788962549962,6.601493081437836
7972-6101,38.55433476885315,250.8354821584171,335.03843383284,239.00974205039867,151.96365462439428,,,
7972-6102,108.50922602373517,138.3424998518598,-10.366721745789365,-24.17996025579032,-37.99319876579126,11.408340244337229,5.555121918003245,-0.2980964083307229
7972-9101,255.54997118467193,316.1607101558281,57.42714324530367,34.48123500617032,11.53532676703697,35.522976733317364,19.561488949300724,3.600001165284047
7975-12701,245.63542239787563,294.2615691199058,25.468781816705757,-0.8776122177662273,-27.224006252238183,-17.46149293384019,-50.168873351484315,-82.87625376912843
7975-12702,178.4668053723967,211.72918432391597,50.910343961816466,40.59545747712815,30.28057099243984,,,
7975-12704,232.73490991095997,285.7387158555457,19.700932217557163,13.163658605329493,12.563335520448643,-31.39564565192282,-22.411606852014554,-13.427568052106288
7975-12705,127.89494410071738,141.9001782669301,-27.268546043338247,-34.01185923468992,-40.7551724260416,-27.62406655756146,-35.00587709342734,-42.38768762929321
7975-1902,130.31942813280372,181.55270302128935,26.199479315298955,11.094039884100372,-4.01139954709821,10.525379707937436,1.9137817732663096,-6.697816161404827
7975-3701,78.98206620156512,105.8591309559913,19.25338187761768,5.618760335815922,-8.015861205985848,32.25536488754648,23.84987109469034,15.444377301834214
7975-6102,193.58792317038865,228.860465806122,14.887752693427256,4.432897377205716,-6.021957939015846,12.063318488331035,7.397333258601506,2.731348028871978
7975-6104,57.48001319394993,135.08584814554044,83.03739958432128,31.167678568306517,-20.70204244770825,91.98478514315077,42.804357878154576,-6.376069386841615
7975-9102,117.42068255672808,140.09605162930177,3.8700250831438896,-7.432442097946482,-18.734909279036852,-0.7623412781797174,-10.103269109528851,-19.44419694087798
7977-12703,288.2180223131207,309.06910505440464,-11.296125344118598,-16.940630438596195,-22.585135533073817,5.533391742934197,1.8226916141494125,-1.8880085146353993
7977-12704,167.463687027635,198.221894794068,43.2937955927779,30.596946257218157,17.90009692165839,63.33325094055107,55.56692954928617,47.80060815802125
7977-3701,55.751154538525704,145.80704566578038,68.15396298908497,26.888259350353373,-14.377444288378216,59.9225482410579,41.65117959612266,23.379810951187405
7977-3703,121.68863909474136,140.57812196276436,10.300350429453214,0.8980140500186704,-8.504322329415855,-3.5368302927374535,-10.001729207300512,-16.466628121863575
7977-3704,155.04013973644282,189.48416984808742,19.26592073774548,7.892295458962245,-3.4813298198209934,10.970910639007208,4.466535568422105,-2.0378395021629827
7977-9101,129.6131809977353,166.77979562715367,28.878323955331453,19.86121168894546,10.844099422559475,3.6347112862054383,-4.399739915653467,-12.434191117512357
7977-9102,247.0814654471506,275.3992879748531,19.772205636412927,10.761772379041858,1.7513391216707612,20.283015033281572,11.815610857647533,3.3482066820135263
7978-12702,133.6734960442526,148.09236079975048,3.7151093196825813,-3.9459212594399786,-11.606951838562539,-4.574129277327566,-10.163727458097592,-15.753325638867617
7978-12703,96.11866562926606,109.57745914466648,11.834406212205229,2.7092247725832492,-6.4159566670387305,-1.582040725252899,-12.91795999533524,-24.253879265417602
7978-12704,124.83180566352796,133.81800026985795,7.3256335994507324,1.4410098542994392,-4.443613890851837,11.815751948521667,4.813303111975712,-2.189145724570256
7978-3703,102.35525363726998,117.20481837750677,7.863164755746797,1.414628926105506,-2.648313682567299,,,
7978-6101,119.99565319844793,136.53166935022853,-12.533786809288234,-8.986998056017772,-5.371432396989392,-96.65109341548177,-84.17329149966939,-71.69548958385701
7978-9101,181.76317957202485,229.01244534298598,-14.653575819286246,-32.934081872753325,-51.21458792622041,-1.8094138904385253,-11.551262302927075,-21.293110715415626
7978-9102,126.92642588851977,141.50174734679288,11.030825889995238,2.588549814520633,-5.853726260953954,2.063868936009754,-4.2470133348033725,-10.55789560561649
7979-12701,189.24639473482102,213.45749404979006,26.07460726916962,16.52144362785014,6.968279986530666,-6.465252240935517,-21.25834236869315,-36.051432496450786
7979-12704,115.89657145765852,133.96589368994884,17.711965574969316,8.172301990670197,-1.3673615936289014,4.120795069186263,-2.4586940885136834,-9.03818324621364
7979-6102,100.28332124680126,136.98331882765885,13.199419816567765,1.1337192993723368,-10.9319812178231,-13.832528468802264,-22.771993623674287,-31.711458778546305
7979-6103,53.71869572627469,53.71869572627469,16.372427090609474,22.745969577831158,12.528299119108514,,,
7979-9101,219.21715015074096,261.75181158284676,-43.12758717457123,-58.854598245910786,-74.58160931725031,-48.77079372965835,-63.4719915251674,-78.17318932067643
7979-9102,243.58462773120553,283.4978342487508,-4.447046959090652,-17.294885239175397,-30.14272351926015,-12.118864866521383,-18.72135114248796,-25.323837418454538
7980-1902,132.38308030194742,182.77011074776888,-103.48617241706378,-112.8083593796581,-118.20687794376681,-118.00839394072106,-56.03039218995734,5.947609560806386
7980-6102,128.7998152232712,161.43684668271896,31.34429654244781,26.895014470863266,22.44573239927872,,,
7981-12703,171.0223987329467,197.45360462913234,55.15675214601761,44.05671014909172,32.95666815216583,-0.7814666834100104,-6.057143118959176,-11.332819554508339
7981-12704,114.46202434867841,123.21509858674007,-1.7573296440364734,-8.039910805760139,-16.33909643891393,1.9934751175690293,-11.891613109260012,-25.776701336089072
7981-6101,70.75292637389794,86.32032413050312,16.07163973618427,7.056488492777051,-17.11036839591805,14.279669817284432,-23.3585030808659,-60.99667597901623
7981-6102,193.6554882947166,228.01719190245518,27.98536466036635,0.8348102020004959,-26.315744256365363,7.723825575128868,-27.641900362268718,-63.007626299666306
7981-9101,43.498650706948894,43.498650706948894,34.64441450942876,37.98386633101014,-93.41938205669942,76.92254790660873,82.71762189931981,-165.391770963256
7981-9102,261.7668254257853,306.2954797195377,-20.690004869261955,-23.777147557258758,-26.86429024525553,-9.880309371659472,-15.142502845646423,-20.404696319633377
7990-12702,157.87688181005586,182.30782264329594,3.755366358128149,-14.953775998202307,-33.66291835453275,-2.259558196632084,-22.55041493648675,-42.84127167634142
7990-12704,132.969405111359,153.5425788792298,7.007890212280002,-1.4703093275033272,-9.948508867286671,1.2552742321350652,-5.703637031233379,-12.662548294601827
7990-1902,125.6169417077117,214.4798836629651,131.51834775369403,93.27981893668799,55.04129011968193,117.27938632418861,89.69907091369674,62.11875550320489
7990-3701,87.06016395892811,163.2674575870671,138.57484130112874,110.66110665856846,82.7473720160082,,,
7990-3702,113.50740637780905,133.90140882296856,19.889373721498508,7.029280562637458,-5.830812596223608,14.250526023423626,-1.5792228364227658,-17.408971696269152
7990-3703,90.84163102427328,120.70387589878993,1.8128170148785228,-18.43828910656079,-38.68939522800011,-14.581485681671454,-35.57954025624676,-56.57759483082207
7990-6102,80.67388953077862,88.0397382649374,17.702706431990663,14.158394091594703,5.247550754566632,18.28416828181466,8.743223411661639,-2.262803700389684
7990-6104,88.8573321197584,105.00708759667488,16.400254836206926,7.407124796641024,-1.5860052429248723,0.8133239411189361,-10.259954458034773,-21.33323285718848
7990-9101,102.74169463533843,121.23504440776485,9.886085469596583,3.22112961867712,-3.4438262322423427,16.19739080089225,14.719237409308366,13.24108401772448
7991-12701,182.4431069761478,198.29733607187745,2.964431735864825,-2.9762212653710063,-8.916874266606818,3.5170295178095836,-1.446211040710003,-6.409451599229589
7991-12703,204.5940559373473,228.45869487008252,-0.32074420407468773,-7.86064658763142,-15.400548971188151,22.834562844284836,18.279090761180782,13.723618678076768
7991-12704,125.8539562863957,136.2862893316233,4.39376578725533,-4.534679322725583,-13.773198049794864,-4.070944828954447,-14.135970987509486,-24.200997146064527
7991-12705,282.9328070052284,312.80215151478905,25.044203522149473,14.08444135476884,3.1246791873882054,14.682542454049957,4.766258462500584,-5.150025529048766
7991-3702,145.83566171060394,176.98748846466256,25.82705776435618,24.580145668726882,23.333233573097555,28.707660377663018,26.976866466264774,25.24607255486653
7991-3704,172.19931165533887,234.20435118986208,-31.15944933149836,-57.699755148250595,-84.24006096500283,-13.061351974508352,-26.420506565514064,-39.779661156519786
7991-6104,143.2262329162217,192.620185943618,-20.53560583548083,-0.9826847046236118,18.57023642623359,0.41206636479027037,12.783698130275404,25.15532989576055
7992-1901,59.689890782259994,75.77901956930202,19.26583683860558,9.809084873868295,-0.22311420308925925,18.35034772581342,9.611743323195997,0.8731389205785866
7992-1902,,,,,,,,
7992-3701,90.63278691170117,158.9125496952129,248.31899346847737,309.33606771549523,370.3531419625132,71.01421343160163,66.40152981917755,61.78884620675351
7992-3703,112.83600223502368,172.3606955314343,37.601075046136614,-5.850607521783546,-49.30229008970371,,,
7992-3704,110.74214986900668,117.7506996748986,11.000143025023338,10.009095465414443,9.31794067866544,3.408502425275948,-11.91383988026726,-27.236182185810456
7992-6102,41.69821935534699,85.28964408239716,1.5882732822480492,-28.011138033351067,-57.61054934895018,-15.360124051796754,-35.49741250516937,-55.634700958541984
7992-6104,108.59118446765248,134.22522651989382,-12.86073462881955,-16.50875287277682,-20.15677111673409,-16.422065129164285,-20.557624640739213,-24.69318415231412
7992-9102,226.60662913810808,265.19614985716254,30.77944804662322,20.390542152090962,10.001636257558738,35.865590714874386,30.20440582950462,24.54322094413485
7993-12702,109.80004507612189,140.32936893210484,-2.2003584236100604,-15.825978866538884,-29.451599309467696,-25.407148765048394,-39.257463114024304,-53.10777746300021
7993-12704,213.5748436003484,254.12233755763776,-11.59077510022773,-21.047814583731004,-30.50485406723426,3.0015129202984387,-4.581518561959355,-12.164550044217144
7993-12705,128.16466932267542,162.32792654423145,3.4893824621060765,-12.333034899774743,-28.15545226165558,1.8076304289186216,-1.6899176468033175,-5.187465722525253
7993-3701,184.6563515220757,211.10483530700273,3.464979150434361,-6.713513260059367,-16.892005670553097,-26.05272280076688,-26.356679042979646,-26.660635285192413
7993-3704,114.04378616615449,143.66656925977605,31.857192003290688,16.871749090975232,1.8863061786597852,27.190657189717935,14.925211201480444,2.6597652132429412
7993-6103,166.7406457573973,198.9987967169017,-8.860290942368872,11.306826654406573,31.473944251182033,-13.68558477422565,-10.357058925295778,-7.0285330763659
7993-9101,95.22446890338414,212.5696847160837,131.07153922190514,89.83536540785619,48.599191593807234,9.179132068892219,-33.854052314121546,-76.88723669713531
8075-12701,200.6200220176465,216.69372599594644,1.3907705148760703,-5.1098267149916285,-11.610423944859326,-4.831294511819349,-10.711297325641628,-16.591300139463904
8075-12702,,,,,,,,
8075-12703,122.90932306900442,148.56398708197622,0.20815472438703422,-10.229358389949812,-20.66687150428668,27.295938902503863,24.17967988622337,21.063420869942874
8075-12705,48.71527129657606,68.49123192289206,0.9198187360838661,-11.44200648855829,-23.803831713200438,-9.18600708830801,-16.811037294956837,-24.43606750160566
8075-1901,80.00079188655306,90.08606301655044,17.760495198828245,22.257952151649523,21.413526475422564,12.909633389930331,7.512304964624556,2.1149765393187923
8075-1902,177.9955808136159,210.64849371065552,17.13734574749738,-5.4040805134822625,-27.945506774461894,,,
8075-3702,452.0530094814366,467.7743927293571,-140.90874931488437,-159.85661467971303,-157.23173614412102,,,
8075-3703,90.45162271207738,112.70949136131172,28.63218409508432,15.596295894518326,2.5604076939523424,12.043200127596972,-1.0626876790473243,-14.168575485691617
8075-3704,97.10798663871641,110.837726334717,-14.021140502143306,-28.2126983201664,-25.637492180605065,-22.48008091888245,-36.74309147852681,4.017047440704883
8075-6101,77.84968324183512,99.64086003508062,4.86385868891202,1.9570789475963595,-0.9497007937193168,13.231317431829776,8.267126780522489,3.302936129215196
8075-9102,231.26104253866092,268.3974547844662,29.386553362975043,11.289297043091924,-6.8079592767911965,40.13682005681857,23.218675899904948,6.300531742991354
8077-12703,252.0180660428822,294.5946621718898,-11.379578517456025,-24.850878518397256,-38.32217851933849,-9.870326711815265,-19.209170175698844,-28.54801363958242
8077-12704,151.35326018426073,161.84144446824487,2.2168401399107154,-3.590064550048604,-9.396969240007934,1.8875286078395177,-1.7207358330054359,-5.329000273850391
8077-12705,171.192142879137,191.08827879987427,1.354070373299946,-7.294482140205396,-15.94303465371074,9.373498396362432,3.2016385047723563,-2.970221386817715
8077-6102,89.62723833177705,103.13079987571247,-6.960106647046515,-13.847156786537113,-19.596012888430923,-12.947353309205154,-14.9790944126753,-17.010835516145445
8077-6103,130.81128033605398,178.5221458896034,58.43589319992569,28.038925856914023,-2.3580414860976253,29.992145398338,-3.1657343240967,-36.32361404653142
8077-9101,149.26112121884503,173.2698560148405,6.698651388009286,-1.8329036191101238,-10.364458626229535,1.4792373892703579,-7.134227405925036,-15.74769220112043
8078-12701,224.3131578149136,247.7755957138772,2.6607315923310937,-7.977967028666406,-18.616665649663904,-16.833045252270633,-28.632639383453867,-40.43223351463709
8078-12702,93.8326801435838,103.21233727171104,-3.420430775152411,-10.618577118341262,-18.21914359224687,12.929844021273887,2.7551752171042505,-7.4194935870654
8078-12703,259.7663205809441,272.2751496360574,10.62188981469545,6.537548358086558,2.453206901477638,2.868854249646771,-1.2980955995646937,-5.465045448776155
8078-12704,135.35285616333712,149.5799513799295,-4.326121843178327,-12.364743812812447,-20.40336578244658,-4.038533282813362,-9.246673744283587,-14.4548142057538
8078-12705,41.869147913852615,45.48258250102756,-3.262809313053521,-2.984632340584687,-4.661918582424724,-22.05629598685357,-31.32644216104464,-40.59658833523571
8078-3701,66.90877426465237,91.28091034420244,26.475607846134956,7.644211797885289,-11.187184250364389,14.836468858779954,-3.488375964594577,-21.813220787969108
8078-3704,104.18198699609057,106.80029957565112,8.340878501179587,8.192521034725576,4.385526878492145,24.656202062681885,15.85248478909338,5.3800811645858495
8078-6103,166.85276582301077,193.7737253839991,15.522838192947953,4.443736118908446,-6.635365955131061,1.8617746070224714,-6.632516967064186,-15.126808541150838
8078-9101,87.23017287841851,107.81168870475504,6.27627937124951,-7.39804446190601,-21.07236829506154,-2.2527912524425067,-13.193477969778014,-24.134164687113508
8078-9102,143.98661477384667,179.57205579078632,33.78443279167148,16.436533847622535,-0.911365096426387,14.725495803030618,-3.1823414575171554,-21.09017871806492
8079-12701,87.75257951245638,119.873696168967,38.20093857450428,20.740844668465378,3.2807507624264756,21.816391060702966,4.394431249573979,-13.027528561555014
8079-12702,130.36339018855188,153.17306237615375,-0.0393382273983437,-11.764499510289637,-23.489660793180935,-0.5779511014254162,-8.268504731626312,-15.959058361827196
8079-12703,132.0824345982448,141.0031132484442,2.568063748122468,-1.826651491221771,-6.2213667305659985,8.530888381941534,4.00102284715547,-0.5288426876305934
8079-12704,162.2642425420462,183.69012535429982,22.667149866517303,13.694681703409843,4.722213540302381,57.488938837893805,51.36538631062711,45.24183378336042
8079-12705,175.05836042408217,222.3539319213048,34.756250950793174,18.88155498917815,3.0068590275631184,54.24665972076269,44.6327653812209,35.01887104167907
8079-9101,163.3875867985148,192.06750372478666,1.8526334892114742,-3.4509053536854126,-8.75444419658231,-13.556921154684957,-21.301305552516574,-29.045689950348184
8080-12701,184.88520957105598,187.42888038659459,8.86452280867667,7.593279062677898,1.623104494988177,22.387978427847273,10.644920393753338,-5.110231020670297
8080-12702,130.07589900470234,151.04214679209824,21.36609038109325,7.7116024289931,-17.837714273315736,,,
8080-12703,207.50466370536876,223.91659422299736,6.8322812244537126,1.4044278699964168,-4.023425484460863,-6.0063347647674155,-8.696904972961661,-11.387475181155907
8080-12704,32.19038065955431,41.420118261565776,16.251019836947698,25.406198183254215,-11.712590050338987,36.8028642913855,28.207870917874526,-1.0951545985932631
8080-3701,47.92153315488332,94.69903631319912,-1.1002677109070274,-28.348793099124954,-55.59731848734288,-15.003979081988886,-31.084924327522153,-47.1658695730554
8080-3702,76.47192913444094,120.30288348729131,-19.591808053467464,4.4615689437202315,28.514945940907946,-13.230246257315587,19.484193223126713,52.19863270356902
8080-3703,93.85653917394978,133.69555741773974,-8.613698225360515,-39.090571705048845,-69.56744518473718,-17.540145629869823,-46.05904434676643,-74.57794306366304
8080-6101,104.5797787465812,137.76967657248872,6.030519073570847,-8.535706848599233,-23.101932770769302,11.438409865602795,7.628312607006528,3.8182153484102592
8080-6103,243.23265293230642,277.86760648139307,27.344804609836682,18.127455936546124,8.910107263255567,0.6946649132448616,-7.380093950991804,-15.45485281522847
8080-6104,207.02026554457422,234.56361545313112,27.83390970556659,13.544472824783556,-0.7449640559994952,28.854845873610348,14.07476714899039,-0.7053115756295704
8080-9101,93.34564071185824,116.01905297095284,20.408224573710335,3.4743699227308706,-13.459484728248608,9.60622809547682,-4.938373771713806,-19.48297563890444
8080-9102,169.2776359552581,232.40085132863453,-19.543463055549378,-42.945448297060885,-66.34743353857239,-21.112335222300555,-34.69990503113584,-48.287474839971104
8081-12703,122.72556657760515,145.83854541826804,9.704333020259407,7.800353970813054,5.896374921366699,15.311500038016932,10.458135051076585,5.604770064136242
8081-12704,69.89641623019874,90.41094217029713,13.011837637047394,-5.135834413474871,-24.990367230388394,3.718183564244734,-16.63573498144344,-36.98965352713161
8081-1901,69.67288676119256,106.47007403676287,-26.999835543933447,-50.79621358531907,-73.46034770597362,-42.84239592091139,-58.534799252469895,-74.22720258402838
8081-3703,89.45433822611945,108.99378583755875,9.72353762960871,0.21329559443874022,-9.296946440731219,-6.677405572929847,-15.237481174434352,-23.79755677593886
8081-6101,100.84960347489259,109.49698522102724,21.09292486027929,18.20417766793886,13.20560073585265,16.06541997980916,5.389730446207225,-5.285959087394697
8081-6102,219.25269546259713,255.93223708109204,-7.007997498265605,-11.89658791707089,-16.785178335876132,-50.90762695270179,-58.49012910535104,-66.07263125800029
8081-6103,93.37532715460956,101.88805777298717,14.81182457072746,10.93559311105694,5.25744143757697,-0.28130521251389845,-9.699951277638737,-19.118597342763568
8081-6104,269.5710152276514,323.48119940876376,74.64087770848377,84.60880881548013,94.5767399224765,13.4087668331936,23.909802531297867,34.41083822940215
8081-9101,159.15314810692982,203.62399789332093,64.14237450375089,48.436801260700605,32.731228017650345,47.533436599063045,32.98577989354328,18.438123188023514
8081-9102,169.91462646645206,196.47201091017956,14.613262915481847,2.7596913465806345,-9.093880222320578,20.874508838455807,15.460131118250525,10.04575339804524
8082-12701,163.96429766482885,176.5783409589139,8.506891756004878,-0.19615250441234033,-8.899196764829549,16.889373145123297,9.629783370585223,2.370193596047174
8082-12702,215.7720360046063,245.80202287557123,-1.0981598494378595,-13.440165900381093,-25.78217195132431,,,
8082-12703,125.57076877120919,143.27023318821188,19.221858752655557,14.037260209956923,8.852661667258287,22.326822517349218,17.59979861794823,12.872774718547234
8082-12704,287.6084011415692,323.0410475192513,49.43169086749314,28.79749959337017,8.163308319247202,-3.392734320386557,-28.88266130550145,-54.37258829061635
8082-3702,73.76615541881274,84.2167878948417,8.667137464090828,2.7974138426268755,-9.907904215103846,10.608632347931472,-11.733505603248767,-34.075643554429
8082-6103,74.3871186273518,93.54933715971575,-4.523891714893089,-15.67195859609231,-26.820025477291534,-1.8887733777964881,-9.011836256572128,-16.13489913534776
8082-9102,176.96851851322265,208.02496523298936,1.5785900649640816,-7.69102850479598,-16.960647074556025,3.3802849976622653,-1.4159411200977676,-6.21216723785781
8083-12701,122.96767984563408,149.80954214767957,-4.111043846452527,-22.887051729743803,-41.6630596130351,-6.393642355659227,-17.838993469396573,-29.28434458313392
8083-12703,63.44426582929817,112.15860362620005,5.931265857174942,-12.985341694014203,-31.901949245203323,12.177813052317255,3.287677218009081,-5.602458616299108
8083-12705,113.45994777784601,135.4468407174057,4.320854674250739,-7.978753383803939,-20.278361441858625,-10.802440367627366,-20.90952125153005,-31.016602135432734
8083-3702,47.36227895902212,70.54078868368515,59.63194043403608,48.79778984976569,37.37578570503249,45.080904215196256,34.66543311352488,24.249962011853498
8083-3703,50.65981525281788,75.33177367332873,31.92398625319175,18.746152363655092,5.59400146320943,30.709188712698815,20.50552338866621,10.301858064633592
8083-6101,172.3252290844503,194.8107064028116,-38.06309207717366,-56.97840677977395,-75.8937214823742,-77.21797801319921,-94.45317361920023,-111.68836922520123
8083-6102,227.67512083293272,277.74232754911964,-27.89360079343709,-44.093336055239384,-60.293071317041665,-103.44632290150138,-125.1715838862903,-146.89684487107925
8083-9101,189.2691395546058,225.70925243070738,31.68866222010403,19.7336626047112,7.7786629893183505,-0.9145842573863551,-17.250250901340035,-33.585917545293746
8084-12701,112.36128200140753,117.82079494880868,-14.368494954567463,-18.273504683023553,-35.65565156790297,6.945665058111802,-3.5771358821714476,-18.92828617055011
8084-12703,142.78619171021418,165.0103907831658,14.670993438107601,5.1446446894010025,-4.381704059305605,26.620773728893866,19.520622433750273,12.420471138606679
8084-12705,146.40103814075437,172.6616491610052,2.952381802443164,-8.575187585182025,-20.102756972807217,-6.925160658391758,-15.461443980408891,-23.997727302426018
8084-3701,45.79553269473234,79.69997142844906,-3.3181228523548847,-38.2951802353929,-68.47358042353872,-21.782699269236456,-44.1145835642482,-63.00201187001813
8084-3702,91.72603518491846,139.29960202413167,84.22259073635276,62.51907509076652,40.87051557878114,78.171714981334,62.03758650019887,45.90345801906375
8084-6101,147.47011122821954,161.68058252772545,3.554112852634042,-1.6933065285467206,-6.940725909727484,7.693289676427188,2.975189671678067,-1.7429103330710545
8084-6102,76.48090976166647,91.58990793125778,27.136530125007557,15.759982527305207,4.383434929602849,-19.091785918416317,-33.58600511468973,-48.08022431096313
8084-6103,147.95235028040824,176.27976831615732,7.071085355616358,5.273518590972873,3.4759518263294047,4.0563352697917425,9.293594521608956,14.530853773426163
8084-9102,99.00265726510493,113.27834982152429,21.190425794723687,10.395807809712336,-0.39881017529901075,6.654425597140895,-3.738008424784151,-14.130442446709177
8085-12701,137.95185297597104,163.8411063279566,27.03167850907271,14.13240568985823,1.233132870643768,24.02108999366537,15.951793179639774,7.882496365614173
8085-12704,176.09974279264657,190.7118480735653,9.876422057408742,2.577191363287812,-4.722039330833099,4.372964975572289,-1.2404316416323655,-6.853828258837018
8085-3701,81.7505820724339,94.74798888977813,28.51994249909933,24.048299987274362,16.578885936742957,23.96837729501971,11.344157754757571,-1.280061785504579
8085-3704,84.62167848666408,128.59445359842357,-12.310505622518846,-24.898244270435974,-37.4859829183531,-11.169804148464792,-18.612913524240806,-26.056022900016835
8085-6101,11.92427852077139,288.9914989014819,266.3505515569943,102.73858652046285,-60.87337851606856,-199.66365373328324,-488.51195708292903,-777.3602604325749
8085-6104,35.376287469352775,105.31357696638659,-8.732731679226978,-46.01760854820444,-81.4901250783075,14.302329557993454,0.07222045441043748,-14.157888649172554
8086-12701,96.60183185391749,102.95239893116774,20.887448507417375,19.35742452205469,16.940754479035313,22.055786307278904,19.749712763255506,17.44363921923211
8086-12703,100.95914663781598,127.18932492501744,-11.220238896803846,-19.74134098134829,-28.262443065892743,22.179020507599077,19.975529366859224,17.772038226119363
8086-12704,289.6495455090742,358.00022297835534,52.93058836630341,22.552131612747175,-7.826325140809063,3.599070157831569,-24.06884786530748,-51.73676588844649
8086-3704,72.84289609364606,94.6885875445399,32.31081730578825,24.70447944361319,7.1379055803672,17.080780920517597,-3.2316856378246115,-23.54415219616682
8086-6103,72.86160634817858,78.2264678546481,27.222563289363254,31.55783263539839,28.727466782900713,59.989987560627995,54.808124900717786,47.65465909245551
8086-9101,228.38620372735096,265.37593725872404,31.097051918852603,15.419727914788316,-0.25759608927597194,9.338300512625095,-4.329336533638453,-17.996973579902033
8086-9102,237.176011724063,259.68035384522847,-14.661075204525268,-22.37089613206137,-30.080717059597475,-5.070047849560641,-12.521381572134896,-19.97271529470916
8087-12702,238.25813578587363,273.28259355428446,11.069873190786351,-1.1380684118688975,-13.346010014524172,19.871535468323888,16.024813715825715,12.17809196332754
8087-12704,131.24609312286876,136.94688137500012,7.14988325582272,3.2953256888635307,-5.340079516578357,5.804437442485283,-7.380706352921189,-20.565850148327648
8087-3703,356.54648836077024,436.02809853821833,151.52218715449285,115.27645909653174,79.03073103857065,91.75528617792743,60.259934470662536,28.76458276339769
8087-6101,353.10288318846176,411.3993639970357,6.308337800815662,-11.997396344967868,-30.303130490751403,2.5136126343261775,-7.350145271150831,-17.213903176627834
8087-9101,248.1057914611923,332.85602017351937,214.10386021223894,170.6539230024251,127.20398579261129,,,
8087-9102,88.6981956119608,103.51411338857739,10.56259816984881,5.565275178445222,0.5679521870416245,7.721458799591914,3.0707427838641514,-1.579973231863616
8088-12703,247.45707168031421,266.6843436515264,24.66649188220468,16.449911502274777,8.2333311223449,24.861168798232967,18.35342270931645,11.845676620399935
8088-12704,19.025608408101125,85.24619989572469,29.268036222820378,-23.91484021919517,-77.09771666121071,-569.5923159113743,-575.8319760071199,-582.0716361028658
8088-12705,127.85941829383988,163.77233625304777,23.639615828365887,7.247569680515464,-9.144476467334954,46.49370866582852,32.3674201501552,18.241131634481853
8088-3701,100.55838683477752,165.20620831901584,15.392430594400652,-0.5077422989129982,-16.407915192226636,-2.1259291302073713,-12.202502418576913,-22.279075706946454
8088-3704,95.02818788224603,95.02818788224603,7.5631881062972335,10.356407612834438,-12.276945055005298,,,
8088-9101,65.87023641952912,79.94654942216226,8.485996768265446,-3.497781139034746,-15.48155904633494,-2.219152516767325,-14.754967921901356,-27.290783327035395
8088-9102,247.60654583347178,265.0244935280296,3.6861349335638316,-2.9171709470330174,-9.520476827629867,-17.831652030052954,-23.509754627235708,-29.187857224418455
8089-12701,73.88268394182609,97.48965499057113,7.038254512080576,-7.332547617326838,-21.70334974673425,1.4914341310004677,-8.418814701949705,-18.329063534899873
8089-12702,66.86054588199178,79.77719666083459,16.554522807380888,8.678466464237518,1.9564756110959745,-3.6526073243817723,-7.9580979116419535,-12.263588498902147
8089-12704,128.24218990307364,155.2150078524184,13.851434637859262,1.7360422603110277,-10.379350117237216,11.828460239039265,5.3329741659068075,-1.162511907225659
8089-1902,,,,,,,,
8089-3701,163.39373339725728,274.40550043213483,,,,-73.11526150380818,-97.02578335689161,-120.93630520997503
8089-6102,94.78373930058929,110.74058313994787,1.1121195107480708,-11.93239815280496,-24.976915816358005,-1.147276505629644,-13.263326637766026,-25.379376769902407
8089-6103,155.2418011338758,199.80882713136938,21.688067894664716,11.005881469668735,0.32369504467270543,7.585710396526187,-4.047767821167674,-15.68124603886154
8089-9101,66.69331299969403,93.72571057327934,7.8887253071827725,-20.04147674224581,-54.18325649823373,-9.437549113791864,-41.5967461429408,-73.75594317208974
8089-9102,61.68767351483631,70.14689664636629,19.804751446221495,13.41153462398508,-2.755457794195904,21.719686654091742,-4.477467311828519,-35.40844193353999
8091-12701,176.9301540118676,209.95774579274592,8.607761583857675,3.0205510609685926,-2.5666594619204957,42.046085172617765,39.78269351172624,37.519301850834744
8091-12702,259.4997943891669,299.80579910681723,217.64713209159154,210.69145330996406,203.7357745283366,499.73770667069687,492.07749857297756,484.4172904752581
8091-12703,196.3489722817148,222.82554257667064,7.188672632245942,-3.789957963955378,-14.768588560156704,-150.1038094545061,-163.47328002448583,-176.84275059446554
8091-12704,184.52295068776334,193.0731153087487,13.958076784565659,11.049274051618033,8.14047131867039,9.32697797577585,6.017830103890956,2.708682232006078
8091-12705,159.3560669802482,191.31933469585348,8.56373904922617,-0.8000501036907187,-10.163839256607634,-2.2565698513712187,-7.0441158430018325,-11.831661834632447
8091-1901,67.2392713003035,79.0736341054132,2.9553819574697737,-1.214988953536807,-5.3339217094950735,-0.3812938174636784,-7.039649681275097,-13.698005545086518
8091-1902,182.14067879248333,212.72492963367247,-7.714340773223785,-20.755142171568565,-33.79594356991335,-24.554740920395233,-34.5667286640016,-44.57871640760797
8091-3703,267.0259372531929,289.8698609025329,14.580686352531933,3.587496269322699,-7.40569381388653,20.213286224158825,7.1795610406291,-5.854164142900601
8091-3704,254.45174246961363,306.25653224825766,-7.764128982615501,-27.932050417019383,-48.09997185142326,-20.276163731004004,-34.746589728787164,-49.217015726570295
8091-6101,264.95003917339403,284.248528272138,15.216793714239374,8.438091798761738,1.659389883284103,36.23027459759652,30.709392344090105,25.188510090583666
8091-6104,176.51028599620957,228.68298707346602,25.099430186485453,18.420772986961023,11.742115787436619,,,
8091-9101,172.2759844064308,201.82671346294893,18.26814734456336,8.876962025184703,-0.5142232941939797,-7.951517926528767,-14.052252352453484,-20.15298677837819
8092-12702,131.2759652945695,168.6801115521315,2.02672437950008,-9.12301239775594,-20.27274917501197,-12.008051622741275,-13.99500477276065,-15.981957922780055
8092-3701,187.23577911051228,230.39425669732796,22.33952569529841,7.760402488247676,-6.818720718803038,0.7813992957103839,-6.442434857486405,-13.666269010683186
8092-3703,65.01714598471696,81.19120810107833,7.954012066787961,-5.012320893709606,-18.63003861316548,39.4176256844855,25.172643139584853,10.927660594684218
8092-3704,186.48652775613877,248.9820089412826,-14.697619062681468,-27.266378809797164,-39.83513855691287,-36.930100409195305,-49.249437634857685,-61.568774860520044
8093-12701,44.857078869425806,59.074629965600074,68.76621726810758,62.81909425932953,56.48590935019593,68.16815157621325,56.943742150890266,45.71933272556727
8093-12703,146.46691000830447,173.9377229657804,7.17174923944119,-1.1034424017250568,-9.378634042891315,4.7973094892191455,0.5560328710099494,-3.6852437471992667
8093-12704,134.48929179114876,163.9185718195399,22.15146073832755,5.843934524198597,-8.750813317026777,39.87355314231532,34.68886544179505,29.50417774127476
8093-12705,72.16649794198509,84.64628233094933,2.7666188110286036,-7.640579412356586,-23.22123544821825,20.502285242707387,-4.042997759274124,-28.588280761255632
8093-1902,84.90718505280817,111.91008483998054,13.744430448193997,17.273972997454305,20.803515546714607,-0.4459263236277953,1.167745888702813,2.781418101033417
8093-3703,192.7763264543705,268.3970116707407,66.36339135772262,43.00010003390411,19.636808710085607,80.23296095936641,66.63543979388517,53.037918628403894
8093-3704,96.52292325420449,231.81231304081504,98.97081576790232,69.07518760781304,39.179559447723804,-8.461474344068932,-28.67693449441127,-48.89239464475361
8093-6102,177.82177840153582,201.55984048497493,18.720556036472715,9.91430243497071,1.108048833468703,18.33419631636497,12.461019290562794,6.587842264760613
8093-9102,286.5249154219957,314.3146625900222,-2.6557175311701853,-8.05276192710825,-13.449806323046314,16.241470523472245,13.333709060033982,10.425947596595698
8095-12701,90.54422300034783,91.68525696725509,17.303688080999567,18.855966597161412,3.452704486580739,-1.4986879378143159,-10.621706887117615,-40.39522410858237
8095-12702,109.38136433575423,131.03045976622673,18.269010012594176,9.891286243713953,1.5135624748337277,22.33711874877625,16.802924623736246,11.268730498696247
8095-12703,54.272804513349996,84.53565781440658,0.3098744506077709,-31.708369690181648,-59.64606505521562,7.419662754864712,-8.391235766185495,-23.232544405903933
8095-12704,153.95002428617207,160.59146010088187,17.55543509190716,12.53219750642207,4.17638055927372,14.736427249225686,4.390022903091751,-5.956381443042173
8095-6102,109.30862807405884,140.69660927702452,36.47653294626365,18.660558414369977,0.8445838824763049,21.05571104425716,3.31915946260941,-14.417392119038352
8095-6103,59.62217865564963,59.62217865564963,-3.3080984211941127,1.8845317903156509,-1.7735197020417044,-24.469393638664535,-18.10429344981467,-49.57679942868905
8095-9101,69.50146652693786,83.80541990715156,30.70928182999268,21.59726471863345,12.485247607274223,,,
8096-12702,73.02546093536142,85.03417881811247,22.375316337251938,18.777694586323154,16.017906497911326,43.6798556009894,37.78983011842594,31.899804635862484
8097-12701,,,,,,,,
8097-12703,213.34671361299303,252.56356603272266,-22.939634158630525,-30.762165120443118,-38.584696082255704,-1.357110990544261,-6.1154552441487615,-10.87379949775323
8097-12704,96.277508449855,107.82287220010983,17.138930285902187,11.056766229805074,4.974602173707962,12.67470934268009,7.276761553381333,1.8788137640825755
8097-1901,117.74177033117226,178.92878342826833,24.686350663556297,1.1477434833645668,-22.39086369682717,-3.165800972659377,-14.73889191938138,-26.311982866103403
8097-3703,49.45223655010938,65.55250808178097,18.028453834395258,6.736695738705381,-4.55506235698449,11.157532967792093,-3.804038865656683,-18.765610699105462
8097-3704,84.57507035228033,96.32177138112087,-20.181739212040792,-25.438003063612083,-27.959806581667678,-51.707220779340844,-52.43918289942407,-53.171145019507314
8097-6101,189.15656012305408,267.2333089550471,3.5947911612409738,-6.693590612626475,-16.981972386493926,-34.27727041635648,-31.72324440181618,-29.1692183872759
8097-9102,223.15794788010322,291.7406247753582,-1.924465154313975,-25.766296226366457,-49.6081272984189,-19.154614217497922,-34.85203314466182,-50.54945207182571
8131-12701,95.34866763443864,104.29964659515275,4.516710576834669,-2.1758527140656394,-9.359779057397162,-11.594081218433695,-20.6682857329626,-29.74249024749151
8131-12703,119.53167703423536,133.4832910589779,9.67062863741731,0.4691094294128884,-8.73240977859155,-0.440742171558073,-9.410435982016672,-18.38012979247526
8131-12704,224.19165389516084,248.91102934125033,-43.79176847585084,-53.65542351228422,-63.519078548717644,-4.3755780604767605,-8.910800646346075,-13.446023232215392
8131-3701,332.7202306550894,354.474528339965,35.67699675771787,25.061671218405856,14.446345679093842,,,
8131-6101,159.3804906937167,192.96312438319663,7.208958888367232,-3.8015308133751042,-14.812020515117418,-4.634241304814216,-10.56701095230083,-16.499780599787425
8131-6104,291.36611906203154,339.31102488289173,8.860997952878709,-12.945222120154005,-34.751442193186726,-58.992830441619404,-78.27344288177308,-97.55405532192677
8131-9102,45.347938389536786,137.12098442111133,-44.97009765897224,-89.758733970942,-134.54737028291174,-40.72452626576705,-57.57492301756396,-74.42531976936087
8132-12704,187.9666507455094,221.702650148311,-12.876410189902055,-23.337146447192982,-33.797882704483925,-25.832764462549243,-34.18046567536538,-42.528166888181495
8132-1902,263.4703541023683,333.26136188876205,87.65176593719156,83.81616965599989,79.98057337480823,48.50295245604763,38.73281638949168,28.962680322935782
8132-3702,79.04007300550471,109.80766208293888,-30.68551788668111,-45.28205657269155,-59.251936787140096,-40.29087393726504,-45.25893518037396,-50.226996423482895
8132-6101,239.72824556739454,295.05877213688285,34.60446182266899,18.496394574625533,2.3883273265821114,3.4918648915041195,-7.145928968444937,-17.783722828393994
8132-6102,155.86501838504208,170.77728440487363,-25.347332032341676,-33.69295635858562,-33.89674518612082,34.511568449264644,40.455954699265675,56.9902510061055
8132-9101,122.30382318651279,143.15684175066465,29.71514241479406,14.904938722014325,0.09473502923458425,24.51042912341662,4.967562440363836,-14.575304242688954
8133-12701,,,,,,,,
8133-3701,110.1468834478114,140.48140409913117,-19.125421641260736,-20.398859368482746,-21.672297095704756,-9.33623763132591,-8.833703715497434,-8.331169799668974
8133-3702,89.89064044599924,290.48901176184177,238.1952857990719,139.74080262699727,41.28631945492263,130.13196962282237,46.603048046265215,-36.9258735302919
8133-9101,191.01162954906516,248.54634268269047,-8.72612286218787,-28.31390420439683,-47.901685546605776,3.389530959503278,-8.032297034904017,-19.45412502931132
8134-12701,80.72410090047165,95.85451444595603,6.448772199064568,-2.953410290016036,-12.355592779096641,0.03824075258998215,-8.349651176082281,-16.737543104754547
8134-12702,226.57654185496995,234.38832576371064,15.712703959694325,9.75325706383332,3.793810167972312,-18.12250503530532,-26.529194495592424,-34.935883955879525
8134-12703,115.98409804407294,122.75334112564879,1.9844173774174703,-3.266697944726291,-9.88420089208034,-4.820274902088038,-11.573295031735826,-18.326315161383604
8134-12704,235.22076935768624,246.67876205657515,12.327884471167987,4.183191675775841,-3.961501119616322,12.52300562681081,4.2818818845506765,-3.9592418577094564
8134-12705,87.61947191650547,98.190671683098,11.070901174363666,5.001512538650053,-1.0678760970635521,-3.0710803215831426,-7.0954802373997605,-11.119880153216378
8134-3701,479.6863449879992,547.8951697879899,1235.7662223781301,1224.6181722980416,1213.4701222179528,176.52913369710595,121.53225638552755,66.53537907394913
8134-6103,65.62110472402097,90.36522560148997,15.636373806764581,-6.350543207267108,-29.199079515210293,13.931628689819169,1.6508216847172599,-10.629985320384634
8134-9102,236.73076582557428,260.23187202771436,-12.018851436513058,-21.39056031760395,-30.762269198694828,23.214024592541737,13.72159005414596,4.229155515750154
8135-12701,249.33079098939237,261.77166942275824,3.4796135825136227,-0.02995800966445488,-3.539529601842531,45.211298819088555,42.521558601371524,39.83181838365449
8135-12702,175.21981114001755,185.25121090403954,24.6340353515344,18.901422166502144,13.168808981469894,21.055877936216127,12.466596787174918,3.8773156381337084
8135-12703,174.51267267186344,189.1264674409384,12.617096456620207,6.526072302857852,0.43504814909547657,10.483607875386944,5.374476036518457,0.2653441976499504
8135-12704,223.376636603423,246.90530106783405,18.089987237344552,7.163498276185057,-3.762990684974454,12.583211880515114,1.884072840153224,-8.81506620020867
8135-12705,104.53036478129762,110.38738637172257,7.903289630598042,6.22918698598529,1.3198250951743076,-7.9663737881934855,-20.601964977007874,-33.23755616582228
8135-3702,103.43409152814804,108.41966646068904,3.8510447060124786,-0.3830598477232025,-10.01690134499911,21.369459155711162,5.16689244108496,-11.50707872859526
8135-3704,91.39403371242882,105.14882010136297,18.51990038228863,9.214486300267552,-5.449820881246324,18.21272360825838,-3.563138038826443,-25.338999685911265
8135-6101,40.80680197037281,57.267571550900826,-13.395531086492591,-35.71763493478143,-61.306185428562294,-14.581907802827875,-33.35250136754651,-50.41754729313631
8135-6103,155.13789450902942,196.5845594934075,10.211822422894258,-2.9068653174301495,-16.025553057754582,-20.350636382205604,-29.265616092172046,-38.18059580213849
8135-6104,135.49435440749565,193.27202993544455,12.619958525657571,-11.76857062816911,-36.157099781995804,-6.237331071924893,-18.709531997284646,-31.1817329226444
8135-9102,116.53645745674443,157.51462130983933,17.604676426733352,-2.176282458366953,-21.957241343467246,22.89053946994327,8.331304270735513,-6.227930928472244
8137-12701,90.61688785765799,106.41325258901196,20.252474361436562,7.623196435321626,-5.512207735164391,9.249457413482313,-3.483652095496269,-16.216761604474854
8137-12703,204.42907928014355,216.49466265955263,3.0805189150311363,-2.1074613809577643,-7.2954416769466635,8.58173820534286,4.44575025250602,0.30976229966918173
8137-12704,95.99183739253677,104.33200067920396,33.368709036360165,29.06721964385677,20.361388368093944,28.820238778521563,13.337177366884827,-2.1458840447519285
8137-1901,110.34248762670299,176.55355206370467,48.905590792970344,43.65065252208141,38.39571425119246,32.61629908012238,24.635867497575614,16.655435915028818
8137-3701,191.5012105568653,277.5829293907655,-81.25703982495848,-135.82551793639485,-190.39399604783117,-49.65139978002739,-80.66276305502215,-111.67412633001692
8137-3704,125.83422409917914,143.47411686993905,15.583457672011145,13.115721414147107,10.647985156283069,-8.456237435379563,-15.209648938529016,-21.963060441678465
8137-9102,137.18119160179785,150.46080500542388,17.43219398099716,10.59035953927674,3.7485250975563114,-9.550394215588721,-19.489395071724008,-29.42839592785929
8138-12701,99.77021336055452,101.6433046344939,5.824149651750253,6.759169423575794,-2.0074220340107045,18.326853229844847,5.740013348990999,-21.708746090924112
8138-12702,150.17756152257607,174.7138419967157,11.607095885274603,1.7607308927678855,-8.085634099738817,-8.2449058085129,-18.882727544069596,-29.52054927962632
8138-12704,285.38255802247477,315.9187113572483,18.480295961724657,4.642142697992311,-9.19601056574003,-4.933352391272242,-17.045042185978687,-29.15673198068513
8138-12705,207.353080511119,242.79661385155188,-18.824849403727796,-28.46064677549918,-38.09644414727056,-7.498424931380833,-13.708612014822982,-19.918799098265122
8138-1901,51.02975711173625,78.40754465682107,41.97544599267647,26.741551041294404,10.157206719016513,36.133165848515794,13.398492836817573,-9.336180174880644
8138-3701,156.0778930131179,168.18956445841457,-0.9052842590369496,-7.661639061114342,-14.417993863191736,,,
8138-3702,83.0323013402617,142.50027306719403,-33.35494302392685,-51.03273949985871,-68.71053597579056,,,
8138-6101,139.95633278745598,164.52159110522047,29.23759893580083,21.11516194982804,12.992724963855261,30.931271871598398,30.734842293238113,30.538412714877825
8138-6102,29.47023544164325,183.10799161141028,116.73080725586684,30.674387293847396,-55.38203266817201,76.94967947605157,17.31130153744001,-42.32707640117155
8138-6103,129.68782792664067,170.0951685486067,-0.1345615269046987,-15.38797410551887,-30.641386684133025,12.275540464641821,7.4657612026635505,2.6559819406853116
8138-9101,244.9882142800429,253.99094236867543,10.174903118692395,5.847082536055307,1.519261953418217,9.798405191567053,4.236621906016016,-1.3251613795350212
8138-9102,107.70896587585328,172.81927623573566,-4.599972125344278,-32.91880818593106,-61.23764424651785,-26.009683675689082,-43.99598294822348,-61.98228222075789
8139-12701,65.84182221965024,84.72985482640287,13.50730158809045,-2.443519852041567,-31.412350086945807,15.9355765690535,-11.7386662678738,-39.4129091048011
8139-12702,23.574550969178468,64.46006961896218,8.441222183436091,9.060788648238232,9.680355113040378,,,
8139-12705,145.90691272432778,148.49694926830165,12.189566234571465,10.994156607016459,1.6675241191156063,-8.325371009529745,-18.042559138319085,-35.829452107020636
8139-1902,,,,,,15.176559096873364,7.540210511069326,-0.0961380747347179
8139-3704,197.53655442443173,278.71063209705835,42.94439498564514,8.808749832401372,-25.32689532084242,11.821096628549002,-10.768049629433916,-33.35719588741686
8139-6101,181.94749151564258,212.61219096917256,-19.39649833408234,-32.476511233872344,-45.55652413366235,-6.36699549673925,-15.644736352527207,-24.92247720831517
8139-6103,45.00404069681985,63.9992624302093,41.16043491059031,29.06227607583565,-8.012947104886742,39.34841563261855,13.179459528775537,-19.08263726434301
8139-6104,227.2719349185974,262.5240522060398,5.218686839417346,-9.525252555764187,-24.269191950945714,-11.638349819287114,-22.772083300559267,-33.90581678183138
8139-9101,58.43037214213127,68.79675229018622,22.954914951960532,16.901893215672604,-14.68428656785064,27.529004299141896,2.7439370116428394,-36.04499397905421
8139-9102,168.73896130253192,277.0500870285097,126.67102763775479,66.9494303029465,7.227832968138207,,,
8140-12702,106.90628598628619,130.4599003619933,11.16641771050786,0.9439936051587204,-9.27843050019044,2.628962046032961,-5.918293857566116,-14.465549761165192
8140-12703,202.19983048375437,218.80075334785425,12.756674162536527,2.2332857124889025,-8.290102737558708,-2.200730563563986,-12.400698764429752,-22.60066696529552
8140-12704,75.67694661579011,85.15581034784051,21.391983665340163,16.317673932471543,-11.230498159096298,11.814211159220793,-3.698753822750546,-27.91504857628492
8140-12705,118.80386109816722,119.61098821007404,24.083401898927534,26.400452260833337,16.06406253739923,30.240920981363505,27.528546604749145,14.453202658914309
8140-1902,,,,,,10.914414307343613,6.1178526755530065,1.3212910437623895
8140-3701,151.3046104289717,172.43205426553084,31.655591605129054,22.112039446881017,12.56848728863296,4.801100304744052,-3.1485694143257064,-11.098239133395483
8140-6101,144.7180404635935,171.86514846012489,,,,,,
8140-6103,173.4344695820417,220.85104459780578,-13.521253188667234,-34.126073670697664,-54.730894152728105,6.896048573679249,-6.819393072451058,-20.53483471858136
8140-6104,89.31560498525941,107.6144113204183,62.34416205136669,59.08330678850983,50.13959081219167,50.194162272739504,25.785678463863825,1.3771946549881324
8140-9101,70.77401691468195,94.52358151534074,37.34830905364052,23.79659938755869,10.244889721476858,34.20796026639445,25.701569853138256,17.195179439882043
8141-12701,156.8550497084112,176.90599136192262,11.262247245855324,1.816610456923042,-7.6290263320092375,6.485581847294585,-0.3415463552787956,-7.168674557852172
8141-12702,135.06777922221437,165.9637967920826,11.320715483948977,-2.1823404002736146,-15.685396284496221,-3.0457857272869457,-13.52109573691994,-23.996405746552934
8141-12703,181.45324212840424,230.24947941932248,43.30383198033279,16.21464907361909,-10.874533833094608,22.335318769290456,-1.5452779871913156,-25.425874743673084
8141-12704,174.50081456737283,184.14524475436053,8.014930117531788,4.4744714677897095,0.9340128180476092,-0.047901540031205475,-5.743466602442615,-11.439031664854026
8141-12705,148.60701261890446,178.59086235929325,-8.157509541253336,-13.749239651233625,-19.340969761213913,-15.242003083860059,-19.209782634212072,-23.177562184564106
8141-3701,157.40681408975095,195.43614533378735,17.208870294538105,3.529739073354606,-10.149392147828895,6.653046555817584,-4.47554280340757,-15.604132162632732
8141-3702,79.62432738306167,106.26459029478096,10.26824436237613,-4.99111693825251,-20.250478238881133,3.1760314872468793,-10.647026354251578,-24.47008419575003
8141-3704,95.46416555518306,170.08338380250171,29.510613809336377,36.17493601790952,42.839258226482706,2.254901098584775,6.1942535369639495,10.13360597534316
8141-6103,28.85015649900155,217.01677106884645,259.53278997534926,181.21781285294685,102.90283573054445,182.6052404426326,99.40008064166754,16.19492084070245
8143-12704,194.65712046987733,213.4214292152323,-0.8306604793454331,-7.650778805557745,-14.470897131770041,9.047020089657513,5.196926892602751,1.346833695547992
8143-12705,105.94710128832764,124.68964788465433,1.1102601580568994,-4.609414771565069,-10.32908970118705,3.5683467311273427,0.9946736880853768,-1.5789993549565908
8143-3702,22.27535665739496,141.73245501592706,153.3673070593924,55.32181217035651,-46.12969316147232,87.31347780202832,-10.939944832289008,-109.19336746660635
8143-6101,429.74907520542513,477.24697613568617,8.946661346916587,-6.190481810777423,-21.32762496847143,-6.322003390515214,-21.408463757434344,-36.49492412435347
8143-6102,57.81326838522311,74.36872755211242,30.217132497991408,18.108918464649566,4.196559901226936,2.2707604636693097,-10.940311055958901,-24.15138257558711
8143-6104,91.61368305481159,233.74305785508744,177.60266922579686,109.54861104030594,41.49455285481504,94.21219279300023,14.841729530342633,-64.528733732315
8143-9101,129.59979105286553,160.53313693471537,-9.726737918985862,-21.699636776380203,-33.672535633774565,-12.720982397809387,-21.96563694888157,-31.21029149995375
8143-9102,133.12483863232015,147.87497122432202,11.015473299996968,2.7534294691870635,-5.508614361622844,1.3626044373317039,-8.332193471064178,-18.026991379460064
8144-12702,146.2784821881855,154.8265758448554,10.172651903520855,3.7216010764243226,-6.498864494670841,11.4516340497688,-2.957906347762427,-17.36744674529365
8144-3704,126.72082795240136,140.00777599270953,25.574294833511065,20.9066724017003,16.383221415107265,39.395651357987944,35.53675939604327,31.677867434098598
8144-6103,63.45896887149648,147.48779717249442,-47.81533714259491,-75.72848409573609,-103.64163104887722,,,
8144-9101,105.26100835173746,126.90309840680008,0.8644652806243219,-10.023151516306603,-20.91076831323752,-0.9894431290135604,-8.812149233140124,-16.634855337266668
8144-9102,165.42032600130506,186.17306814317521,9.073593398672838,2.2086951604023244,-4.656203077868167,5.649413815614488,0.8666553174458436,-3.916103180722784
8145-12701,77.63426711987059,104.70699633769063,24.091575200591226,0.8820867962388664,-21.343422864757603,-8.621595409785462,-21.099481425687717,-33.57736744158998
8145-1901,145.9412772103858,182.04229505952415,9.82942966617335,-1.5537120380370557,-12.936853742247452,5.737188044806837,0.5443898557164489,-4.648408333373939
8145-1902,201.14589238800588,258.0321571911531,40.27932418217272,31.0029732507829,21.726622319393112,1.3856893667963353,7.794494774567262,14.203300182338142
8145-3701,58.90557650749055,81.38444597365526,7.5267658410222795,-13.113495225132171,-34.58171570812423,1.8521174131807088,-19.643525868756853,-41.139169150694414
8145-6101,51.55161391537806,83.69460861365381,12.689522433239794,-13.665747557818081,-40.02101754887595,16.89963018726222,0.3446785550895149,-16.210273077083198
8145-6103,108.54572506553471,122.70579355315543,18.359930894028892,9.201280919420142,0.04263094481139128,19.13011748606774,10.75662666892395,2.3831358517801564
8145-6104,93.37503895660964,96.44367646831842,16.14564441101703,17.71769533521084,7.123528367488585,34.860976047649125,24.291879615306975,1.5380123159828007
8145-9101,133.27220951400062,158.1311697798819,2.427095170764353,-6.467705817833608,-15.362506806431568,2.667993401424162,-1.0161541529348166,-4.700301707293792
8145-9102,72.80974939401531,90.13524332286445,32.74286346363526,20.798762311379132,-8.285931871611613,31.121863659624573,-4.108315146484463,-40.1301507316252
8146-12701,211.3285360185798,217.229011541099,6.508505786351132,2.8313252313112103,-0.8458553237287133,-12.215007078411784,-16.464762156686167,-20.71451723496056
8146-12702,237.235399860917,260.0990156344426,17.89031403787734,5.944744793664136,-6.000824450549058,10.613184419448313,-3.153531925428181,-16.920248270304675
8146-12703,185.36641023872178,221.74918646250947,-3.939012966468371,-14.074301032858862,-24.209589099249335,20.982736082957526,18.47216263451477,15.96158918607203
8146-1902,81.93953213677177,121.15435039308522,21.406540949422364,10.940510474383336,0.47447999934428703,-3.352088088439101,-7.824054510367331,-12.296020932295573
8146-3701,153.98844208780218,203.67390319909205,-24.988399914078425,-48.470664848373104,-71.95292978266778,,,
8146-3702,229.6991005463733,285.82669274912905,-6.2009130295606605,-17.44406696697024,-28.68722090437981,,,
8146-6104,286.05183944065635,367.44961463599515,-4.69835155165221,-23.73700833937421,-42.77566512709618,1.5472776139415365,-7.242949609942379,-16.033176833826282
8146-9101,40.219829795754485,61.43659125483985,19.348848891277644,2.418277218793491,-28.438883141220725,-8.758247508771987,-47.15560327320519,-85.55295903763839
8146-9102,185.098986923816,226.93893711124085,-2.244170364882686,-13.155609473746992,-24.067048582611317,17.08258485759261,12.096416195174932,7.110247532757255
8147-12701,97.18125822737825,104.79248559622648,21.6452451283587,16.286751353109214,9.296322969212678,25.901443015136344,15.57810184099275,5.2547606668491404
8147-12703,185.8949065829801,194.28105201043897,6.0384776388347525,2.4357228545546223,-1.1670319297255083,15.141311961419126,10.55586824253361,5.970424523648094
8147-12705,181.65260406211937,205.47321137271965,-18.917879662904678,-33.54323593430585,-43.74518121984941,-29.499898711698876,-37.49531667182466,-44.95543914463355
8147-1902,33.941730150278595,65.19443178284813,13.378794965102497,-4.48946156592223,-19.265977109280996,24.21183224151789,16.37988552269824,8.547938803878608
8147-3701,72.69781521013991,92.60539429817639,4.041501814366746,-11.51082667070133,-25.29876502396775,-2.2650864108165822,-12.316060518869751,-22.36703462692292
8147-3704,165.19290803383177,214.38201333421813,12.781928653525894,-0.4484002291420214,-13.678729111809917,-18.254139331226337,-26.548014521189803,-34.841889711153286
8147-6101,81.47417869504274,96.35292798736434,-2.317893271032485,-10.265752721293213,-17.818210823340287,-6.219541781386814,-9.048277721162467,-11.877013660938108
8147-6104,64.57617077885658,73.13993841091423,16.47900513518087,12.634701514895472,-0.9672394062663523,13.949540243260724,-2.4729843627340604,-20.417526134598884
8147-9101,155.97483276502024,171.3769734673663,6.071317851972324,-1.371186354228007,-8.813690560428338,-2.4234189806807915,-7.202172714351006,-11.98092644802122
8147-9102,51.80210550025895,51.80210550025895,7.739184546388044,12.164903860970693,-2.4829740495733676,30.939858680842878,35.829152692843024,-20.260185151107308
8148-12703,237.99455645270098,281.79261894278824,25.609282843515697,13.5400454037415,1.470807963967334,-18.232076633312143,-31.48481321144541,-44.73754978957865
8148-12704,57.90474899656687,67.92832906497658,21.882554582638328,14.290103742540184,-9.487121886915222,48.26203510765664,20.08309186218512,-16.69568502414049
8148-6103,67.27450351469008,88.03507336593698,13.066117744943051,2.340929739045794,-8.384258266851473,-6.93498707537316,-21.533497932399175,-36.13200878942519
8148-6104,130.94918281356192,159.60437207327675,37.58894709491062,20.356448773226422,3.1239504515422185,23.001490032752805,0.8900774303065888,-21.221335172139625
8148-9101,103.91344013255143,127.39691789339186,7.774000715737789,-11.632292114971492,-31.038584945680782,-2.9325818790890468,-17.378527416858862,-31.824472954628675
8148-9102,106.1203109713834,117.67918357327027,19.42528152842573,10.178799926142336,-0.8975889411913611,12.259568035157496,-7.911832311641367,-28.083232658440245
8149-12702,120.65261344113831,133.54791419146167,18.725004647511895,10.93603898001234,3.1470733125127857,-2.054401828601059,-13.397290165385565,-24.740178502170075
8149-12705,127.656498985212,258.06567406843106,201.86905067085488,128.0963860434514,54.323721416048,48.95607181707197,-66.6623184080606,-182.28070863319317
8149-3703,60.50181526146922,87.36288013712789,-54.39484759860977,-81.90161818024971,-93.35827630290184,-88.8981867069653,-94.67710897523494,-85.13483072718704
8149-3704,119.50766021387604,140.08602802417943,0.3705750324296638,-11.024570415765838,-22.419715863961336,,,
8149-6102,46.13940559255311,78.68033288201886,13.98179695164794,-16.651235026500085,-44.88861597406634,-25.715874277900053,-52.737782077600556,-79.75968987730104
8149-6104,54.68186581551447,66.96813548100964,20.410192347789785,13.223665223673155,-1.2354507455665054,82.41599379480094,60.65159752266594,38.88720125053094
8149-9101,58.24149173741052,58.24149173741052,5.422253112528023,9.943575120572039,2.9328050059440884,9.090705547972007,13.86706146860423,-6.947664406568805
8149-9102,117.94258731669987,138.64364631082876,0.6459094594581087,-8.420987282950492,-17.210297000144344,-1.5715602286753525,-3.2532665025101455,-4.934972776344939
8150-12701,,,,,,31.982010778037015,28.017603645621058,24.053196513205112
8150-12702,37.87867243804363,58.46140730975718,35.39150071504676,31.35588774034288,27.32027476563899,14.877510980573984,14.477170504387896,14.076830028201806
8150-12703,79.24494478302273,91.74444614947545,28.75975200651631,19.772076033057598,-5.5557200813941146,-4.2981849832335195,-31.36423187922082,-62.63551082522665
8150-12704,162.4055791719807,220.9571671197176,16.713753349302113,-14.45676652843772,-45.62728640617758,,,
8150-1902,124.79886425614573,152.6570196951478,10.077347367487054,3.739098200178269,-2.5991509671305018,20.092567820464804,16.24451783284952,12.396467845234213
8150-6101,136.66518737406201,167.86104494505926,43.28331560505914,26.17334943110408,9.063383257149004,37.48228399859343,20.24113645673731,2.999988914881185
8150-6102,147.6163115917458,234.16655625683322,36.75679170969768,-12.155286902037139,-61.06736551377197,67.66872625439191,37.37493523181811,7.081144209244335
8150-6104,236.74896904942986,260.8400091988653,-0.01000883543537811,-7.000010486681653,-13.990012137927911,-42.90163154816442,-45.48070633592052,-48.05978112367664
8150-9102,107.67707342383976,196.36808269818158,1.3610954373415511,-29.415286042236527,-60.19166752181462,-66.60674708017052,-75.7779767482008,-84.94920641623108
8152-12701,118.38759516204432,148.97390427914038,-19.844532057769012,-29.810148428699893,-39.5095195006889,23.405763649824188,23.798046370337246,24.190329090850312
8152-12703,102.4584364884698,122.15849332327232,-0.13697419392752866,-11.828171948162332,-23.519369702397135,0.6123747308777163,-2.3775795959614476,-5.367533922800612
8152-12704,44.98086943244102,61.77030752630906,10.333811075322682,-4.014867396290863,-22.715743294683683,27.10447675848959,11.63617694569528,-3.8321228670990357
8152-12705,100.9409768061675,110.98232337916663,5.423854143004427,-0.31849943740441233,-6.060853017813243,15.441037209487506,7.5198020544956305,-0.4014331004962464
8152-1901,99.90108405259991,127.98930057639402,28.425211083851732,17.701514009740237,6.977816935628741,18.636457301885528,7.246715979187574,-4.14302534351037
8152-3702,90.65074621123104,110.96716237010311,40.60832082055607,32.949813483756536,25.291306146957023,11.102695987057183,-2.3658678882144395,-15.834431763486064
8152-3703,65.79739357374817,170.64426970523374,79.01134031757654,17.307833127803477,-44.39567406196958,48.57616729531456,15.418888153476075,-17.738390988362397
8152-6101,108.91177371179336,115.91886376068219,18.002566624442554,16.290234136741265,14.577901649039967,10.123505331343505,6.0163135094331315,1.909121687522771
8152-6102,196.81050447078619,243.62846139081597,33.14326260416391,8.559953755307903,-16.023355093548112,8.149413222481462,-12.873538658010945,-33.89649053850335
8152-6103,203.23392675574365,291.71098301206706,194.65349405086872,156.73846539619925,118.82343674152973,,,
8152-6104,272.465428464217,322.17777961897514,60.43699702603701,52.82923907568625,45.22148112533554,,,
8153-12701,106.65607314087542,130.8615927983318,9.251707193204002,-6.148066095508085,-21.547839384220183,-11.629848719173227,-22.199763620540832,-32.769678521908446
8153-12704,0.31690137642101973,41.26006851555391,92.08377923352965,81.91730153079367,-17.254271498089324,67.75596556444827,13.95208995204895,-93.23598250919594
8153-12705,60.54761039378101,91.57006897004631,13.408246646757894,-10.658833448111071,-34.725913542980045,-3.441163810729992,-30.288619113415333,-57.136074416100676
8153-1901,88.85755479507013,108.41692994753082,6.9216874137558335,-4.647853409755323,-16.217394233266464,-2.375288392103865,-11.010173461566488,-19.6450585310291
8153-6102,103.70107208728624,127.2620775403818,20.534327670257966,-0.5928779949022991,-25.265855143976072,11.49842005010704,-17.030679314268035,-45.559778678643106
8153-9102,77.04254180578857,85.46436981563023,9.789883123805721,4.719530523040842,-6.1544789584893955,3.243212290701429,-11.435914746852182,-26.115041784405797
8154-12701,166.42397861682926,180.164336216744,2.7577920727722267,-5.414255406352773,-13.586302885477762,-9.2699664738384,-15.55398532568984,-21.838004177541283
8154-12702,83.21765289326856,282.5912981825298,44.494342609972584,-232.6707690010161,-509.8358806120049,,,
8154-12705,99.21225312729634,137.00025777635082,17.888441528501456,3.8622600000516356,-10.163921528398179,27.613719318678978,22.6277624638595,17.641805609040016
8154-3701,131.24998219714578,176.28178865572917,12.693299844617357,2.0298174632946844,-8.633664918028,-5.135022780369696,-12.877337705037384,-20.619652629705037
8154-6102,63.18649455242216,86.22857649430759,2.782465360511596,-17.23801112130579,-37.25848760312317,-14.59859503086798,-36.60213123722084,-58.6056674435737
8154-6103,55.95519600835627,206.00425933126283,136.24123441054564,59.812156478468026,-16.616921453609606,52.15276497074558,-16.23774513265089,-84.62825523604737
8154-9101,92.94856164434267,108.88989925264218,14.543660448229913,1.9884188421451705,-12.013288524110175,19.368910047245084,5.3190491519762855,-8.730811743292508
8154-9102,169.7677742256578,184.71119804663545,2.0803706456284425,-6.979263619474258,-16.038897884576958,-0.2986584803895271,-7.981670792287803,-15.664683104186077
8155-12701,123.09820652791198,141.9523450199665,24.690019503378288,15.503156276626923,6.31629304987556,48.92153335682695,42.08397559486738,35.246417832907824
8155-12703,67.68602233860294,95.68946959137496,19.537940946033014,-2.7886254971757114,-25.115191940384438,18.345707488240606,-0.04170611354962295,-18.429119715339866
8155-3702,14.375929363932743,146.94386582271943,152.23834378881972,30.958038431486237,-97.20760122320755,73.93120389552917,-17.42876615858059,-108.78873621269032
8155-6101,207.92918310635423,275.09946696679975,27.21748330860263,5.4761772912451905,-16.26512872611221,2.2646902336060157,-18.326457778694778,-38.91760579099557
8155-6104,123.910001693937,132.70680084066103,10.464107165254966,4.2346099414400555,-3.435128551058855,1.471890181935631,-10.598654281528287,-22.6691987449922
8155-9102,65.6820725041043,78.24867184605982,32.42938034390168,24.171763219363424,12.9812431540746,15.987533120940409,0.7298220612990501,-14.527888998342311
8156-12701,168.1349673309744,224.00573412070375,55.53941949381085,37.01364422560069,18.487868957390575,,,
8156-12705,70.50938228623944,102.95814827485468,-3.291555623549044,-22.960259647999646,-41.160557426348724,-15.817871306604617,-26.0782220081821,-36.33857270975958
8156-3701,48.3291135373376,93.7731535568699,1.3212954274748747,-47.62851819241398,-96.57833181230284,-40.85876611191857,-84.4062247383547,-127.95368336479085
8156-3702,38.57311361962706,93.61774071882805,-9.676078923485148,-33.099138481742166,-55.54795567911832,-8.323425146454966,-13.821099725128468,-19.318774303801945
8156-3703,67.98320924427351,89.16766775669998,5.209607367678585,-6.547896477779263,-18.30540032323712,-14.032065230477505,-25.69981616455191,-37.36756709862632
8157-12702,136.1367560543298,146.5020838509305,13.133100526523863,5.040627948013668,-3.05184463049653,18.852670678541884,7.722509262626762,-3.4076521532883493
8157-12704,90.32793880638823,95.50426171642295,21.522321793167542,17.446767386083973,11.140814055503165,-24.878375474580945,-34.60762130388951,-44.336867133198076
8157-12705,237.7020679952709,251.8050640594435,22.965548085452568,18.43943922698752,13.913330368522502,39.414901234809186,35.16885841578337,30.922815596757545
8157-3701,74.23658704085645,91.7845969746342,-4.069634274709839,-15.616038158149454,-33.59680609869828,5.565059799106828,-11.84749267483015,-29.26004514876713
8157-3702,159.7071836561362,310.3091177166673,55.41788828548029,-19.313520756883072,-94.04492979924643,-91.88059573831946,-154.7779935932606,-217.6753914482017
8157-3704,204.58880888244127,225.85970330441137,16.718672131514207,1.0842676354745637,-41.95934595607845,28.0244719119291,-45.43555583165196,-126.18313925937815
8157-6102,227.52497842746388,301.0709048487234,55.326640156755644,21.91501287828049,-11.496614400194701,57.789073011659994,32.27202952512356,6.75498603858715
8157-6103,156.5529028991813,186.13820535501722,7.099349956797706,-1.9917756859389668,-11.082901328675614,4.057360929802119,-1.9517307515649243,-7.9608224329319865
8157-9101,132.68206193291596,145.50283044181654,17.98964361075178,9.205451574341703,0.4212595379316264,9.483700606366366,-0.7191588352697814,-10.922018276905934
8157-9102,107.1902614327981,108.96398696627293,4.694102634677735,5.683916333227338,-9.538194135659557,6.120186889294524,-3.2365072434452684,-30.005306303645558
8158-12701,240.14694452577942,269.04175255949207,5.0598919515594645,-6.4388457736252604,-17.937583498809985,4.208723547704796,-8.201568123504856,-20.611859794714512
8158-12702,250.65456995685616,295.605116279955,56.584734610389944,38.290665375791406,19.996596141192864,39.08476251281452,23.704632203058672,8.324501893302788
8158-12705,118.67978019538815,136.79148356445407,16.49023544924533,4.874038269507352,-9.716965680765862,27.074391223880088,13.820625162306982,0.5668591007338797
8158-3701,217.16696235877487,254.61673521064526,17.98167680430935,-13.138993727213276,-44.25966425873593,41.68716927699991,5.430056455853809,-30.827056365292297
8158-6102,154.34670668245906,229.34897687504272,10.019490482307829,-27.897761496768894,-65.81501347584562,47.98716455380224,29.163537610940473,10.33991066807871
8158-6104,114.47325138857475,207.2962022990858,135.78312507861241,101.63363230066771,67.48413952272305,110.47303326257466,87.26989400772418,64.06675475287365
8158-9101,84.02598213061881,110.61253595770741,8.879881547805898,-3.8096521732573665,-16.499185894320636,0.7488991632836401,-3.602025156538375,-7.952949476360397
8158-9102,83.85594030434132,91.02632987983444,9.374530943451651,4.776484957742145,-0.15475203407309343,12.509839394106745,2.0284526375971423,-8.45293411891245
8239-12702,251.10356622948783,292.64440157910917,-22.63014971925679,-41.64696940386731,-60.66378908847784,-20.581515703943452,-42.36205212291881,-64.1425885418942
8239-12704,81.28566194240547,92.17253292615705,19.653682015254745,13.451785471385099,6.660634253170754,-16.399736565592722,-27.124974017866684,-37.85021147014065
8239-12705,141.70946323888458,150.17952543685482,25.820452147518424,20.732323177238058,15.644194206957696,53.6594900775252,49.052742910583746,44.44599574364229
8239-6101,,,,,,,,
8239-9101,106.80665028499246,122.03916671909407,19.904780190972414,11.920254584143889,3.935728977315365,12.496613676181223,2.4059987186439575,-7.684616238893306
8239-9102,99.52230837524829,115.077375121812,-2.464804753591767,-9.850629343118374,-17.236453932644984,12.771633021446307,9.007616045725658,5.243599070005007
8240-1901,130.37939131966266,152.58092815542528,39.882062180827695,33.717807640312806,27.553553099797945,5.959931934974587,-2.3267907484737558,-10.6135134319221
8240-3701,155.55469190650857,323.57412347239034,283.28764309848634,223.13838965861999,162.98913621875369,262.6351510745154,208.52260329105658,154.4100555075977
8240-6102,41.360766661386954,41.360766661386954,26.539121936988188,28.28511937119476,6.48949710082168,36.56413774196319,31.513048777875955,-5.135957647502848
8240-6103,157.69787160617386,176.21914718841526,-39.52154601359956,-41.723594195936684,-42.02648918943224,-22.936942444848984,-9.702779893528788,3.5313826577914105
8240-6104,101.6595251854972,126.92361791993333,30.953700818945592,15.64091999260028,0.3281391662549668,22.049206157095586,8.639687644801764,-4.769830867492073
8241-12701,88.48947934105624,103.79608115078355,4.41744851891856,2.3712162306378697,0.32498394235717815,-11.758455030605292,-10.082110581794755,-8.405766132984217
8241-12702,115.9930653928585,146.0668107038951,35.699789623312505,18.544874673962177,1.3899597246118662,-8.696054626604193,-30.740081396246943,-52.7841081658897
8241-12703,141.39599931155243,166.40465003878964,-9.330208886672619,-20.743782099316924,-32.15735531196124,-3.5682683737446608,-11.248811542060396,-18.929354710376114
8241-12704,125.5056091355487,134.01393920678524,8.087298815651373,1.7231827500695276,-3.966979574329975,29.136557748684197,24.259034929845342,19.74926367398256
8241-9101,179.66725677887308,226.41922277200197,26.995841863063237,14.323183886946271,1.6505259108293049,5.443083496139269,-4.514196723973043,-14.471476944085348
8241-9102,207.69867469312942,274.1346916447876,44.51892635682797,39.4901317776219,34.46133719841585,63.24731546914442,64.11662910154654,64.98594273394865
8243-12701,240.19859192618253,263.2096055549503,12.41688933189759,2.0396586035220095,-8.337572124853574,-12.480002201749913,-21.88694110006205,-31.293879998374194
8243-12704,131.04882453288502,142.9618010168661,7.944381458600337,1.58861622422546,-4.7671490101494145,-2.0524952412413553,-7.692077584697974,-13.331659928154593
8243-12705,122.23816893325935,139.0856080224968,9.954443526571488,-3.257696371113961,-16.469836268799416,14.344508864747617,4.199956847225707,-5.944595170296205
8243-9101,105.2870618452012,125.7968542949493,2.9116334110957918,-10.280975801008308,-23.473585013112412,-5.104595357906919,-18.00494534635014,-30.905295334793383
8244-12703,76.88914714083202,86.8365810326016,15.088084574495161,8.45430916964452,-9.28256998351019,72.69584772704785,40.53622451058661,6.702551945480692
8244-12704,252.90000549193584,303.09026819546443,35.011836487616335,11.305576889522138,-12.400682708572077,27.262894655835307,8.119805279417871,-11.023284096999593
8244-12705,106.21160130866612,124.80885703196735,14.181030430106105,9.222885444284165,4.438710069725544,47.995018880113854,48.738009740056576,49.481000599999305
8244-1902,99.29907653097634,135.19988523576123,1.0816120022609879,-18.645400136171922,-38.37241227460483,-37.19426306857563,-59.97392564297849,-82.75358821738138
8244-3702,107.38588922438056,129.95429708803343,-17.90932440028081,-25.252332491344482,-32.595340582408156,-32.114099349519385,-35.81348938175327,-39.512879413987164
8244-6101,206.14558955074727,233.75181347091947,25.730962311674272,16.531046450038918,7.331130588403565,7.85614716144558,1.5750293187723594,-4.706088523900861
8244-6102,133.27155585308313,170.62675316108852,31.58387827276313,14.110331000996457,-3.3632162707702538,16.769963544356123,4.190077560578862,-8.389808423198431
8245-12701,145.1715160703377,158.48639526441474,-1.4065561296544467,-6.836725665439451,-12.266895201224454,-5.358391465940533,-10.947635076741706,-16.536878687542888
8245-12702,245.25315102057525,284.5530988861181,12.232507706015738,0.12563922833669508,-11.981229249342384,11.870763599922181,5.007226597531389,-1.8563104048593784
8245-12703,178.22636014800327,197.33062080833867,8.175768184010156,-1.6264192266143649,-11.428606637238865,1.9933482240947924,-9.10045461828622,-20.19425746066723
8245-12705,206.28400751730393,318.70908067343515,2.570481193688604,-59.735908413020006,-121.86563278825578,-62.184625723697955,-109.7992515019273,-157.4138772801566
8245-1902,127.21814427477116,164.78676537104542,36.426567399272514,21.28183092584815,6.137094452423774,17.163207604135245,7.706170464892472,-1.7508666743503
8245-6101,,,,,,,,
8245-6102,82.09867348205547,114.82760757154878,14.503439934067657,2.8179428180746293,-8.867554297918394,-2.9304016980447525,-14.520907386388833,-26.111413074732905
8245-9101,81.49579616041464,100.61216841995603,0.6861493332952325,-13.324580421214767,-27.335310175724775,1.566249812341358,-13.519119579994708,-28.604488972330774
8247-12701,68.35669262316203,98.14827541143094,-13.503836499774094,-35.62476069822021,-57.552039608737275,-21.849533598356402,-27.715639168365264,-33.58174473837412
8247-12702,146.79214276457714,157.75971225327555,5.65617318422999,0.3876648136093288,-4.880843557011345,-10.146158889226799,-17.18718690555805,-24.228214921889304
8247-12703,182.53939958093224,201.75606195176857,10.592941240829106,4.481312464807304,-1.6303163112144963,-6.073654279713559,-11.755849164093117,-17.438044048472676
8247-3701,51.88837048509738,110.6324818954062,-45.90475092552129,-83.13027639085226,-120.35580185618318,-66.24879862271905,-91.91643990608891,-117.58408118945877
8247-6102,65.12771979436668,87.10826756190379,24.052581022249164,18.394913752169405,12.737246482089654,50.47986822461283,49.388593347489895,48.29731847036695
8247-6103,255.9046294132307,316.85466071254433,61.32889739337326,37.77476150564458,14.220625617915914,7.041702807773552,-22.265616661406103,-51.57293613058576
8247-6104,139.2302708109596,181.63455578478585,-24.06957514295283,7.796684822284516,39.66294478752182,-6.181736585830443,33.95565285719835,74.09304230022715
8248-12701,125.28409839140127,153.53342164025662,11.096491705772795,-0.6124048971696294,-12.321301500112051,19.945749332849257,12.816457105707482,5.6871648785657305
8248-12702,177.77775973690632,191.06141876044362,12.75087641952998,5.380050778283012,-1.9907748629639561,9.148486490292848,1.7833889024315461,-5.581708685429753
8248-12703,76.02684221574839,94.90701009622983,-3.0037790894728,-11.955731919247022,-20.90768474902125,-4.600284801280447,-12.345372330856035,-20.09045986043163
8248-12704,302.97108359346583,311.9160333446075,15.84185967368751,12.01331721444212,8.18477475519673,16.431431492429542,13.359110607073516,10.286789721717494
8248-1901,179.74737117681147,216.78833739834465,17.964058002048795,17.035322694024593,16.106587386000406,0.4010608192773886,-1.0700122124337412,-2.5410852441448752
8248-3703,104.69678975081526,155.3670543903341,-7.431535516763011,-26.09216061159632,-44.752785706429606,-11.714806950301366,-20.373614071678013,-29.032421193054642
8248-6102,223.00454428480094,292.3890047151161,33.82200899149699,-0.5640011848096281,2.4654066093331295,-242.4892391775424,-238.38819833337197,-178.59408286915115
8249-12701,83.09558693658049,102.25174499410406,21.93973043471107,12.586254098842874,3.23277776297468,10.642028313499587,0.16871954568913292,-10.304589222121335
8249-12703,206.94271747888263,214.84668179660574,10.381656688613997,5.609568388912355,0.8374800892107149,,,
8249-12704,241.46423288857923,252.46119474861243,8.93006973355858,3.407549252588039,-2.114971228382518,9.001660262944727,3.9930188334445913,-1.015622596055516
8249-1901,4.673514272331452,115.66964602802881,141.7654387766684,61.167459700271905,-20.665765884353554,84.01842997872279,14.773061879844192,-54.47230621903443
8249-3702,78.00934221026152,111.76025662785324,-40.356435279342335,-42.172920500026564,-42.52103361842416,-27.29315361798635,-18.784582609475542,-10.276011600964765
8249-3704,157.46844786128952,200.30186540646415,50.83558222424402,36.63666126436619,22.43774030448837,34.69724475318723,21.786623622873382,8.876002492559559
8249-6101,121.65356627319801,151.9934404364446,15.777828898076073,7.246862769742533,-1.284103358591009,20.325975020910434,11.35782867941593,2.389682337921423
8249-9101,171.64611789515365,226.75031560388592,63.72289772147687,36.71457199220674,9.706246262936608,40.24708934005574,17.106376262641447,-6.0343368147728444
8250-12701,47.28900888008132,200.0583274993562,-129.6517453539666,-359.2322023722839,-588.8126593906013,,,
8250-12702,100.96307320116972,119.14349214751762,16.409213807583928,4.105137209276048,-8.198939389031834,12.574082567149283,2.7060297710935615,-7.162023024962157
8250-3704,112.67187145775956,138.73559871079223,-1.570827416949578,-6.706744996907632,-11.842662576865695,-1.3666751623962385,-0.7674606324407962,-0.16824610248534053
8250-6101,112.66474915541137,162.4272453508791,18.243666018199402,1.3580914579160128,-10.522899436526245,21.512076762322238,28.073396855444685,34.63471694856717
8250-6102,117.41497592320594,126.75631082872725,19.61916159994064,14.027333546834225,8.435505493727796,-0.9461598131333121,-6.751654940793123,-12.557150068452934
8250-6103,90.82591684245922,101.26982094836201,1.1654091290048083,-7.393146011701848,-17.22075814342416,-21.28866213775888,-30.832233520483697,-40.37580490320852
8250-6104,181.8760182434487,217.4564823418431,62.97706780728095,48.218951138662504,37.85097303114291,17.196100466601056,13.90028456605108,10.60446866550109
8250-9102,128.8853591080141,226.64309227780495,125.50010931514421,88.01901878175377,50.53792824836334,,,
8252-12702,204.25243287980132,282.2165372685482,52.82247337836148,7.937357150848359,-36.94775907666479,23.632072600677994,-15.48771658160165,-54.607505763881264
8252-12703,119.00783345113314,133.5992085031795,19.305249213733234,9.529513435316602,-0.9097178183282532,1.8231283218053054,-13.452095888485399,-28.72732009877609
8252-12704,94.4607047562767,116.95713334761464,-1.6889490793954485,-12.488004009580271,-23.287058939765092,28.76775142109248,20.74917318670164,12.730594952310796
8252-12705,165.32750810412196,174.01199259289848,9.946786582864409,2.49101811018422,-6.937044878605242,,,
8252-3701,187.0333588418731,239.7222770783001,91.05024291715262,61.514235522961606,32.83554019874523,111.79623822064913,88.98370334194324,66.17116846323738
8252-3703,101.01571969674654,135.56953699781243,47.91436700004468,34.653209887029746,21.392052774014818,29.88545985447453,12.05839186699805,-5.768676120478427
8252-3704,119.51300482384794,152.5712756398419,-75.03548088213348,-51.99882335704153,-28.9621658319496,-121.22530583450624,-97.08311324855404,-72.94092066260184
8252-6101,67.36649434573596,75.47400127217655,22.089284454306913,16.80653596443857,11.096385948429852,48.41446306703945,41.05684564954033,33.69922823204122
8252-6103,141.52248511350538,200.59457379201973,6.380973249142126,-9.57765383947066,-25.536280928083464,-9.36057216071457,-14.335761817545043,-19.310951474375504
8252-6104,135.05474670137656,154.70411359826025,28.841578420001976,20.374814619528202,11.908050819054415,23.196395356116103,14.308594224005398,5.420793091894695
8252-9101,142.85584798332073,162.95093738568283,18.06289843154274,11.695735900107517,7.5012883946437,47.742668363994035,52.55341513849449,57.36416191299493
8252-9102,67.08903794470667,117.92326531123504,-32.1943396453341,-69.22608062931359,-106.25782161329309,-32.08785837754272,-49.7932581827809,-67.49865798801909
8253-12701,133.63366099979882,148.0096032316857,0.15597906441702852,-6.845466533501313,-13.846912131419657,-2.978346370010659,-7.6348660459262,-12.291385721841749
8253-12702,341.43731107041907,356.6793052295433,53.028828217134155,41.03709182400916,1.8951380250940864,,,
8253-12703,172.67861505283116,206.7403320048277,38.875860929155486,22.311767460146335,11.497866550304675,-18.100740820339215,-23.30328360585648,-28.03706130859184
8253-12704,136.4420535819205,151.72387232576716,37.77496437818988,32.09714811815794,32.74916245083369,62.599079343061405,65.86336671351579,73.33414732713837
8253-12705,321.23910675322776,321.23910675322776,-7.345720152263471,-7.345720152263471,-45.78639384159921,,,
8253-3702,210.8817137439629,278.91536403075423,16.59815618652947,-3.702601160897977,-24.003358508325373,-58.81964895505649,-77.15039660559219,-95.48114425612788
8253-3703,100.96893710216564,129.86163517838588,8.242206085406123,-5.753444627650042,-19.74909534070621,-1.394851120053684,-10.698720472204272,-20.002589824354857
8253-6101,120.05552819814127,148.13392164444957,36.46644566805982,23.63891582543778,10.811385982815748,26.973766702761402,17.714028334725633,8.454289966689862
8253-6104,122.14585537192214,177.05179558755697,-9.441820323167667,-31.714203910451,-53.98658749773432,-30.496222348766782,-43.28219254785633,-56.068162746945895
8253-9102,110.23296634736121,130.37049485894028,9.12906806891608,-1.3646982586210112,-11.858464586158119,0.7826469301605578,-7.108131713323786,-14.998910356808125
8254-12701,126.09723876017486,141.92700971494358,2.6096117423929326,-5.156965248513256,-12.923542239419428,-2.387135329288088,-6.529911339379061,-10.672687349470033
8254-12703,110.41774974669157,141.03427488162487,-11.127261335504782,-26.5428903126719,-41.958519289839025,6.676257997743065,-6.899537127251204,-20.475332252245458
8254-12704,138.20430212199628,154.19735685611272,10.599140973360365,4.397506865139143,-1.8041272430820643,7.431709164119586,3.5397016724360997,-0.35230581924738463
8254-12705,161.0398708179686,216.6705679377588,20.297608524041387,6.116456717963094,-8.06469508811519,2.526977478443176,-3.212509307747246,-8.95199609393767
8254-3704,206.60553452124077,228.3740371887465,23.093060028574904,13.78674879595336,4.480437563331832,25.475601501191008,16.106651282319252,6.737701063447495
8254-6102,109.35166246720999,125.82552082466228,14.267879243654368,4.771624380610998,-4.7246304824323735,-10.115471902173221,-16.731799765461837,-23.348127628750458
8254-6103,387.4992198916779,411.81211991431195,28.81512780773662,19.72044111753358,10.625754427330538,24.710299142027356,17.01852241451713,9.326745687006909
8254-9101,345.41498534739134,398.41906321538374,-34.328793706975375,-48.73871185181274,-63.14862999665011,-14.07970923394351,-19.86219140942644,-25.644673584909334
8254-9102,71.76697772542786,88.7731246475306,14.124279093208063,0.2477229169284627,-13.628833259351147,19.15748629539595,12.982248958201664,6.807011621007376
8255-12701,114.14253975449793,150.59661958470605,37.715064171546196,17.5779201190099,-0.9464840948697824,37.4313751817747,26.061918901614206,14.692462621453721
8255-12703,166.7491161335304,214.587476339928,0.7384022093770585,-11.985834993932386,-24.710072197241807,-7.555340768510372,-21.365165129861076,-35.17498949121178
8255-12704,147.82062685497732,171.1016226181315,8.207241809837722,-2.446356315048032,-13.09995443993378,5.637070563679089,0.7906208980762882,-4.055828767526514
8255-12705,208.5096409998134,227.86194748790788,18.299083262870308,9.910284226230768,1.521485189591209,20.042333623351137,13.087445550201748,6.132557477052359
8255-1901,147.64045871139723,223.7586494036976,-7.995363178788802,-43.37346941366506,-78.75157564854135,-22.972901404331214,-48.54243656781647,-74.11197173130172
8255-3704,57.790203706821394,89.2345422599134,99.68791704840204,87.48162381029495,59.22615495300646,117.62845480582509,79.57226151116828,41.51606821651153
8255-6102,117.07564774797746,131.27282299206885,23.522744193785666,23.046327611154968,22.56991102852426,,,
8256-12701,87.48320846572291,111.2857836211124,6.794035981831684,-7.8237977642049,-22.44163151024149,13.452802881885715,4.831881041602758,-3.789040798680206
8256-12703,233.4715502779287,247.63141626059658,8.23612837876544,3.8041777774934187,-0.6277728237786047,12.016922181754245,8.800154956705283,5.583387731656323
8256-12704,150.65299280701623,303.1390368682434,107.70724227375034,-16.47009035182983,-140.64742297740997,,,
8256-3704,246.58857128039043,372.0415191842021,58.34323676048796,4.804890169269758,-48.733456421948425,-50.4999521196402,-94.31570342051492,-138.13145472138967
8257-12701,66.3359277152162,110.50311191479958,-11.058800131701862,-32.236237733111395,-53.413675334520924,-24.05605388503782,-32.74179483197118,-41.42753577890454
8257-12703,163.5520494103474,182.19036328405244,11.386222938596468,3.4669168499905347,-4.452389238615399,5.571141123857689,1.1245549585167038,-3.3220312068242843
8257-12705,188.05918521694954,199.59330097114955,5.985810960926648,-1.3497652697070108,-8.685341500340648,-14.241554764788765,-24.837192029488396,-35.43282929418803
8257-1902,214.90747813413222,274.6448768164806,31.651845860807864,6.147921508099613,-19.356002844608625,11.037680094629438,-8.689978668713477,-28.417637432056402
8257-3701,82.09573971125187,240.68067862694468,216.75636863959892,144.09235524518675,71.42834185077461,170.0253322701011,113.04200071013754,56.05866915017392
8257-3703,158.83704297888218,199.43788342672977,13.516945011912407,4.920361837604976,-3.676221336702428,9.86342471587715,8.30718739493906,6.7509500740009685
8257-6101,165.9767338939449,187.24098184786615,19.360513034656815,9.935115586809534,0.5097181389622362,-0.4114918544255641,-8.442920919458695,-16.474349984491802
8257-6102,69.84245802357215,102.13086663198361,11.361283894491324,-12.214456837220219,-35.79019756893178,-4.354484050519351,-18.764185067226915,-33.17388608393447
8257-9101,125.96074933750997,140.13893292776814,11.362365276690161,1.341441176988232,-8.6794829227137,1.4403210866523708,-8.03549992853574,-17.511320943723856
8257-9102,174.56515963837637,230.95247087008724,-1.602967298136414,-14.233831489323178,-26.864695680509932,-38.675935097259845,-47.385111063683,-56.094287030106145
8258-12701,103.3786169695042,133.25167171965958,1.2491463272251502,-14.880820082370997,-31.01078649196715,0.23333919805932268,-3.0431964837632326,-6.319732165585788
8258-12702,87.92405656453091,98.2824919065052,14.0056125492466,7.583143406039656,1.1606742628327018,-9.474250792865874,-21.810942427402313,-34.14763406193876
8258-12703,207.34620084380862,226.15025799376843,20.49526036345581,10.928586740091468,1.3619131167271312,-4.584583352611541,-15.16297897483958,-25.741374597067622
8258-12704,286.6627810257231,320.9882496511818,-53.06549559608032,-65.16629740703262,-77.26709921798495,-10.371405229511232,-17.455475686242448,-24.53954614297366
8258-12705,145.15265427623152,165.16089907113388,13.741066516295167,6.008216999658844,-1.7246325169774797,-2.2852018778247514,-8.742780511057092,-15.200359144289422
8258-1901,97.01564682209701,109.92706696685667,7.277270328063255,0.5443869854140282,-6.188496357235194,-3.183355142974434,-10.232878109865677,-17.282401076756937
8258-1902,89.08734410884976,140.9943070024727,51.09424525716494,28.111942522427398,5.129639787689838,21.777529380263566,6.4170828537332,-8.943363672797185
8258-3701,98.68650564867932,116.89898234469769,24.361414958434107,11.32135596227313,-1.718703033887851,16.313677049443445,1.4319355467323176,-13.449805955978817
8258-3704,125.77922383611774,152.90686682589106,12.568842894659767,1.5108079499149216,-9.54722699482992,22.8523606587218,17.276033921010974,11.699707183300166
8258-6101,73.3377156994529,92.89118575432866,7.907517463966152,-2.0929662956012174,-11.848411965064754,-11.470087482992433,-19.80289647864154,-28.135705474290635
8258-6104,132.4867388368643,308.11402763955317,199.49287219737798,126.48743432289358,53.83498857441749,231.41584582016873,206.96595120873408,182.51605659729944
8258-9101,187.49380882046623,226.66634256152452,18.69489007806909,-0.19516526031406534,-19.085220598697216,-14.872842893455669,-30.49016053545241,-46.10747817744916
8259-12701,58.04804092915102,72.70633563408286,10.005387279779823,-2.7276877989735575,-18.943044187306498,0.18375310628091673,-23.973061235444437,-48.12987557716977
8259-12702,143.06655879370757,157.60216200756557,-0.28544354014356177,-8.705455166892756,-17.12546679364195,-4.732398301215383,-10.718915478457431,-16.70543265569949
8259-12704,36.2571996709465,43.722771573444476,20.647674643924212,14.866935366269967,9.210914548958572,,,
8259-1902,107.76045789575612,134.37173289878558,22.265825297842287,13.260099667902779,4.254374037963261,8.0058251908345,0.5670364143058296,-6.871752362222827
8259-6101,89.70665460032968,121.35828096831412,14.215202810936113,-9.079757234384731,-32.37471727970557,-3.5659293036479087,-17.336137711029707,-31.106346118411505
8259-6102,118.05513753658757,152.42226913367776,9.942730570358684,-3.000087931100282,-15.942906432559251,2.627779046535104,-5.568492160468099,-13.7647633674713
8259-6103,126.54161654802081,183.78599538467245,2.925200339315336,-14.741142083997499,-32.407484507310336,-22.18042638708264,-30.571192813828546,-38.961959240574444
8259-9101,68.32320674424464,73.36749562004877,-18.73412675364704,-20.412941202852192,-50.324997085370555,-8.428062248021996,-33.684401012138,-88.95767069437616
8259-9102,172.63552090205698,184.7297209575326,17.098239854698054,9.410561560748446,1.722883266798837,12.919630279182254,1.0863906915587518,-10.74684889606473
8260-12701,103.32991916317349,120.05769420369225,11.118764245458017,1.0127310245969685,-9.093302196264077,13.417678984249296,7.570999664301317,1.7243203443533388
8260-12703,90.71255380174858,102.3657881526115,23.040905863681918,14.724671938725141,1.9922448651463376,34.47533256639834,15.441014591799647,-3.59330338279905
8260-12704,105.60948560376585,117.97808757538891,12.926954206481936,2.1654866799526022,-9.836350301323728,-1.4248697655336247,-14.133440344276561,-26.8420109230195
8260-12705,89.7587888680305,98.96975816562428,2.289152990299155,-4.503378987329483,-13.021624718685263,-35.2576160694268,-48.0743795979925,-60.89114312655819
8260-6101,113.59448322403225,133.01274888240195,24.140671175511216,10.568302851173687,-6.406226167132583,31.83001179808043,15.131690852318151,-1.5666300934441277
8260-6102,276.7799214360829,341.5722620036611,-100.52751370001387,-125.26421600033962,-150.00091830066538,-99.05794288207653,-112.42534689468363,-125.79275090729072
8260-6103,48.13145000590443,75.41806555320959,148.78317590688917,142.29817877344942,126.63152261707134,-21.846333643169842,-58.55824704234662,-95.27016044152342
8260-6104,81.13384974226206,94.12544406680951,39.14229131294858,30.58733535788318,20.410804548935833,22.10203284149001,6.131600770176088,-9.838831301137821
8260-9101,222.55158010255522,242.0038569852563,10.229094627517933,2.5740831336081684,-5.080928360301594,18.843227031345567,13.352591295328745,7.861955559311893
8261-12704,120.3024235152489,143.83262513705296,16.321454732486508,7.446473028048841,-1.4285086763888228,20.717604572313046,17.287250545634496,13.856896518955953
8261-12705,136.58696454317678,169.9522583170634,33.98221006441261,13.817222117822963,-6.347765828766686,12.442458835829763,-6.558991414515463,-25.560441664860694
8261-1901,75.09235232181763,109.27763768954335,-1.3563197619857947,-14.271985724084642,-27.1876516861835,6.801736655215784,-1.4295272927482412,-9.660791240712275
8261-3701,187.35838815940664,245.98020439637068,62.83646740493558,33.87496233719476,4.913457269453961,42.08581138087485,16.899856125825767,-8.286099129223304
8261-6102,153.06141483470012,178.20953894965837,31.584470218937973,20.208712138725993,8.832954058513998,13.159728479368718,6.158832905398814,-0.8420626685710878
8261-6103,176.5375182186861,251.98826257387336,24.12143170155724,19.803808793186228,15.486185884815235,38.79910344351695,36.122524816689655,33.44594618986236
8261-9102,54.72610444829027,85.66293960704972,55.024077470732436,36.3320551532263,17.187676014804204,44.27467988356212,30.32261139437405,16.370542905185992
8262-12704,153.3355909211916,164.54867746899365,17.4938418891193,8.975441523015183,0.45704115691107916,-18.020885531474406,-28.865453703692825,-39.71002187591123
8262-12705,232.0774616889225,270.2183913175187,7.82673545980346,-12.906550815906863,-33.639837091617196,-0.2766036655274399,-18.417961982291043,-36.55932029905465
8262-3701,79.21368359449765,118.03760430617531,-37.20254313139796,-62.804189536792315,-81.26360903832968,-46.520198763921265,-53.2888525611765,-57.38970175877284
8262-3702,81.10222593804346,140.98611159081898,78.95305626233305,46.83819706766302,14.723337872992976,43.18012486334632,11.318757444169531,-20.54260997500726
8262-3703,239.94270233773526,293.97241265300096,50.6962594324605,28.4741293302781,6.251999228095669,14.166924959744467,-2.3245868866767374,-18.816098733097974
8262-6104,176.6266657426513,275.78897847206184,102.66158450397201,69.23504734834638,35.80851019272082,,,
8262-9101,231.73010751155192,290.0300807804527,72.19168937588861,40.80638219859965,9.42107502131069,55.20891049458792,28.490403055120087,1.7718956156522547
8262-9102,100.92943540771931,149.32124958683153,41.921739958368626,26.037570668254954,10.153401378141297,9.065002822771016,-3.5064295249523556,-16.077861872675726
8263-12703,92.83035400682662,111.30224278398944,6.128079853573957,-6.481536858418812,-18.762078069050062,28.218537160257593,13.29839457577193,-1.6217480087137237
8263-12704,95.07900037522671,103.57092835456048,5.459629942557969,1.7170043510824287,-2.025621240393112,8.08979763938621,5.5323297184868725,2.974861797587535
8263-12705,263.9704384232519,270.4746611699967,8.975296902444976,5.665251764556544,2.3552066266681093,50.5226287734769,47.338857357311745,44.15508594114657
8263-3701,125.75932195251201,163.35250326892603,13.515785165196208,9.860870272695967,6.205955380195751,-5.080711791101815,-9.245842005469168,-13.410972219836522
8263-3703,102.85901921425204,115.91815656658886,8.775352397092869,2.882543829035822,-3.0102647390212187,21.203163774738897,15.496592295842833,9.790020816946768
8263-3704,82.41345026276738,82.41345026276738,11.111611151376236,11.111611151376236,-13.965677347488572,,,
8263-6101,100.23656940583392,113.26411007120524,31.530918452422156,21.383781019133,9.12553371712606,14.90034999658756,-1.3029337332154438,-17.506217463018462
8263-6102,61.69237753951682,77.7230021787648,7.688669671166342,-8.47192641021059,-30.73275822512463,-2.7661878759507332,-29.777531970731125,-55.61369105090247
8263-6103,129.92990488657554,175.71449322765778,27.64129196747963,25.916328424916166,24.191364882352698,,,
8263-6104,198.63780239115707,224.90820176002205,15.028992980687365,6.040864022368027,-2.947264935951325,6.599790060222591,-0.5710959551825527,-7.741981970587701
8263-9101,83.34715280642274,84.5471967753235,11.085013018933312,12.824414323229446,8.750793559998124,11.791929670025723,5.705096709974131,-11.7715237926826
8263-9102,85.86247698636917,246.57712169912298,-2.93025904281805,-298.0523523766676,-593.1744457105171,,,
8309-12701,213.2507503464096,248.42095058920668,-0.27346150862199897,-13.076698252902123,-25.87993499718226,1.5823589773974243,-7.451508623617674,-16.48537622463274
8309-12703,237.37597652159513,296.0140942138708,36.37853578593269,2.807988815646712,-30.762558154639265,,,
8309-6104,77.96262919845255,94.77779020141514,13.044880003788307,7.88524516294121,2.725610322094112,17.991422484772485,12.776910202002567,7.562397919232639
8309-9102,163.43088203719788,202.5905546643883,10.130603079378966,-2.4107033320479347,-14.952009743474813,3.0632450269397595,-4.097814591816778,-11.258874210573298
8310-12701,66.6878878229935,103.76162427751953,-4.198060616432486,-20.981592657221935,-37.76512469801138,-14.89650293223643,-25.0682944155943,-35.240085898952174
8310-12702,102.81571110541529,136.0642360906913,27.352845936078293,14.32703590357047,1.3012258710626565,23.16618047477721,11.607173398094272,0.04816632141133585
8310-12705,93.79228671323008,105.75505055255292,-0.07091711195012758,-8.338795783894746,-17.70697089228466,-6.675845776172756,-18.073440182033742,-29.471034587894728
8310-1902,80.92454413647498,113.52585752785488,-0.7285796994186746,-19.11429003746361,-34.80803761026768,-10.075670697319401,-16.523947290750655,-22.972223884181908
8310-3701,169.4281297742158,239.65574246189007,,,,82.70626604733015,165.4489781403169,248.19169023330366
8311-12701,188.48439970963335,201.83960856982256,14.860515134616685,10.166000711074428,5.471486287532168,3.002675615428321,-3.4060520331808113,-9.814779681789943
8311-12702,156.96200083694916,201.57985538501296,58.30148551171856,42.56093037940011,26.820375247081696,48.17377927065492,38.68758222590947,29.20138518116403
8311-12703,202.4319560138571,218.09663060621423,6.408847317251394,1.4972175315438048,-3.414412254163769,-2.406014263229634,-9.200766245605646,-15.995518227981675
8311-12705,106.56574053209656,118.2999894424157,21.175968751458075,12.715792211237828,0.4039644781082388,22.781455838737582,10.261362275439753,-2.2587312878580765
8311-1901,126.40833784045616,176.10418740462822,11.273265692857093,-3.6635264878462475,-18.600318668549587,-33.21822884396133,-40.24048810675141,-47.26274736954152
8311-3702,50.6901510038789,76.36011566971722,24.32546122663267,14.731176565570811,5.136891904508963,17.399905150293147,12.0807651876108,6.761625224928448
8311-3703,194.6818414181496,235.56440467064792,39.807553980535616,21.035554106608252,2.263554232680882,33.8932553606762,18.590142219450698,3.287029078225191
8311-3704,230.40587315716508,273.5607516797159,-5.2692003755890315,-20.86363436193037,-36.458068348271716,1.2335604510507283,-10.624573346858105,-22.48270714476695
8311-6104,150.21302878226695,191.09115388806268,2.65339019115575,-12.385970102773587,-27.425330396702922,-15.332686395614479,-23.70324596337964,-32.07380553114478
8311-9101,84.65234950324981,90.43219040132172,1.4761559357585297,0.729074172915875,-13.466942565398034,2.8099808366578722,-7.3544954548798485,-23.450267499469227
8312-12702,159.12756376229783,179.23855104892232,6.560793456875633,-0.40882504966528904,-7.3784435562062125,12.877880339584522,10.100639046950764,7.323397754317003
8312-12704,150.30964074177686,163.75096115385153,15.029788650692765,11.838312118678477,8.646835586664178,57.84763164650734,55.4644465768754,53.08126150724347
8312-12705,67.15598160713026,91.5905049099266,-3.96323267137506,-11.561159477541242,-19.15908628370743,-13.819134106555643,-20.65581481059702,-27.4924955146384
8312-3702,121.87064309291037,138.02630738921363,3.449952852053193,-0.8591688690197403,-5.168290590092685,12.02453049930178,11.110150951714175,10.195771404126557
8312-6102,222.6822383221342,270.6036533245798,14.584091651758214,8.061269054385914,1.5384464570136112,18.039642608977438,16.476672871405004,14.913703133832538
8312-6103,51.44748233836047,51.44748233836047,19.648775816081756,19.648775816081756,-4.292159435819876,,,
8313-12701,183.09380273318936,195.44175112446985,18.364835295787632,14.126341274031146,9.887847252274641,23.573236402346172,21.427625549026455,19.28201469570674
8313-12702,152.54579732385005,180.70483181447085,12.354876973062357,-2.5085696929371535,-17.372016358936662,-4.3413825820547265,-18.934027556207802,-33.52667253036088
8313-12703,109.45611045943353,126.70282547039426,3.2891961262710723,-1.4767935523361684,-6.242783230943417,-1.924659564566603,-3.219986523614048,-4.515313482661495
8313-12704,239.0441176280526,282.1485755558352,15.597857494865146,-3.8454553821740975,-23.288768259213334,11.348991718362704,-5.4218476060923155,-22.19268693054737
8313-12705,284.92425316383594,314.42011239677504,-1.2325471955551117,-10.596649957604804,-19.96075271965448,-9.522354309813947,-15.441025672700752,-21.35969703558756
8313-9101,221.54756849230768,237.673120420303,10.713946804255563,4.5625676298628335,-1.5888115445298963,4.602610830111429,0.16077225277607166,-4.281066324559285
8313-9102,212.94699043466866,234.10131167371216,31.55923131909735,21.66688515577132,11.774538992445285,20.300850394888396,8.424498325274056,-3.4518537443402546
8314-12701,39.299272815815804,69.86571578608547,12.165097569921521,-13.222635290258946,-35.77131432356009,-4.833114903344163,-18.85982839757738,-32.886541891810595
8314-12702,269.6238241851397,297.0343803591357,-21.832187219191912,-21.914676146664803,-21.997165074137722,-28.33342460440982,-20.435715083239856,-12.538005562069891
8314-12703,631.6741169807525,633.7407756755142,-22.419417051469072,-24.21483122574654,-25.996035326149,,,
8314-12704,154.24560253064692,168.0589126118228,7.010887068468696,-2.833721583650724,-12.678330235770144,2.295032213424806,-8.629597930818546,-19.554228075061886
8314-12705,187.5489941974379,217.34691383719712,3.6834348413021236,-7.641596079380158,-18.96662700006246,-14.94651459970838,-26.86097598092219,-38.77543736213599
8314-3702,57.11918221235195,122.31334260492105,45.22886645856619,18.5365636927613,-8.155739073043613,29.04011593353433,19.66220828013256,10.284300626730783
8314-6102,53.30999646496907,73.95215544791509,-21.216259602894922,-22.48116203894407,-23.74606447499323,-16.838594281172785,-17.931216273058787,-19.02383826494479
8315-12703,316.0278949817624,341.3670281304148,8.827936975792568,2.0841536054830074,-4.65962976482655,8.340258842403694,5.0801456171406425,1.8200323918775905
8315-12704,183.62483462036863,201.32297734623924,10.275942356243101,3.181423251578544,-3.913095853086035,10.673207760722997,4.56154446612038,-1.5501188284822238
8315-3701,110.85679891320954,134.0097924119265,23.965714619612108,12.918476084895742,1.8712375501793737,2.1283810715749034,-8.372806887937596,-18.8739948474501
8315-6103,248.6393432234364,343.1234696141247,136.72183944544759,94.95710841045545,53.192377375463295,,,
8315-9101,194.0021427176842,256.7546894834584,51.16185673251979,22.138129506449193,-6.885597719621397,27.14347907817468,8.993924912557421,-9.155629253059796
8315-9102,106.33667831333219,137.47145192383746,5.669637388611103,-2.85143656748393,-11.372510523578963,0.6383434397585587,-3.1990981978713524,-7.036539835501281
8317-12703,186.0114990627236,227.652299288853,73.36108607321626,55.77428793891329,38.187489804610294,13.521360494988132,-2.0952477203140973,-17.711855935616327
8317-12704,265.10844691438484,297.84880017958244,-12.4858595217437,-21.083905904242513,-29.68195228674135,-20.777661849290492,-26.86366748978253,-32.94967313027456
8317-12705,69.61593205882107,99.9805484279828,21.57065169974909,9.476156864208914,-2.6183379713312513,-10.97450595440265,-18.50426115104518,-26.034016347687714
8317-6101,95.83211748081062,108.42086588091442,12.121852134680118,5.670279272775581,-0.7812935891289562,10.92546728239428,3.66683346981357,-3.591800342767139
8317-6102,355.506558478921,379.2902051538525,20.489472501300913,12.250846038825372,4.012219576349869,19.853023867785232,14.115295252146097,8.377566636506925
8317-9101,156.38645534314048,181.2607730767661,2.801289432817547,-6.777738726180018,-16.356766885177578,-8.803369271584417,-17.55048658712401,-26.297603902663578
8317-9102,58.73917264625055,77.34556426848053,2.831501724207302,-9.3002418995719,-21.4319855233511,10.638907062674907,-0.12819381728743814,-10.895294697249769
8318-12703,250.80343954596773,262.9360512563603,8.143500379978647,2.8942762715414467,-2.354947836895754,8.098864262908524,3.515466305961651,-1.0679316509852217
8318-12704,110.72756960675707,121.8572764034259,12.829422429002747,3.8049418880993726,-5.2195386528039895,3.784041992529049,-6.185402443953375,-16.154846880435784
8318-12705,123.24211072326877,133.68363164118958,11.422558936935777,4.1415008605966035,-3.139557215742571,-3.1410856042947466,-12.268177036856533,-21.395268469418316
8318-1901,108.79082076495365,199.619507412351,10.746713105211153,-24.482320410873267,-59.7113539269577,-12.802698920178468,-27.373428087215792,-41.944157254253106
8318-3702,65.88863826186339,79.6054624627041,11.788812355561452,2.6866527681968813,-5.603677251401043,9.24605017128257,1.353224091034998,-6.539601989212575
8318-3703,138.54466920619387,176.62260637010274,38.235746077641124,18.460028502931866,-1.3156890717774112,22.514330112583608,7.414541719178348,-7.68524667422691
8318-3704,110.15171890863988,165.60744534123947,62.18532291980959,69.14395345693458,76.10258399405956,-60.2575910491908,-54.29644706367144,-48.33530307815207
8318-6101,208.87616023146532,218.27739062872024,44.11317173507533,38.77004073358368,33.42690973209205,49.43306515746601,33.26034475201745,17.087624346568933
8318-6104,131.55830031701748,134.0258990304428,7.623578424837693,7.832385400460928,6.741268223799241,12.773379742400099,5.533751892378917,-1.7058759576422804
8318-9101,108.19010097282936,125.42409106059263,1.686212606472359,-11.575668793562741,-24.837550193597846,10.35685739569518,-0.12745542220013278,-10.611768240095442
8318-9102,112.22087027382429,130.21179619625948,-13.313587427774221,-26.050218871098632,-38.786850314423035,-17.842190106985342,-28.411818455386793,-38.98144680378825
8319-12702,140.39900736509622,172.15081601921247,-0.2580772575826311,-9.509741323630335,-18.76140538967804,-7.451660447016854,-13.101743403742784,-18.751826360468726
8319-12704,147.22835561009146,162.55303732694682,1.4409221884541732,-4.447891597645679,-10.336705383745532,8.766389971518946,4.645408101596976,0.5244262316750078
8319-12705,214.7390053604594,243.7317373019492,-8.607876089084483,-20.704318256984592,-32.800760424884686,-16.409491484060172,-29.701683903223437,-42.993876322386704
8319-3703,236.1581022873599,279.75884587914095,27.108719019404695,7.658831958518829,-11.791055102367018,7.464984364309193,-11.82005946383956,-31.1051032919883
8319-3704,68.7696521070391,98.42131390073246,109.74998224302222,99.6022049405486,89.454427638075,33.04469412787793,22.4492712398861,11.853848351894278
8320-12701,95.71641634333267,111.8291473301846,26.367566803491247,15.468804153660503,4.570041503829765,35.595356539026824,30.307694816381854,25.020033093736895
8320-12702,157.9203401738934,178.97755717700707,-26.32997818116964,-36.07897930960437,-45.827980438039106,-26.20326640259516,-34.721227632745624,-43.23918886289609
8320-12704,117.7229330083193,130.47113803458743,9.22706057538947,1.8154286885065596,-5.596203198376351,-1.4385143021653695,-12.567794540940048,-23.697074779714725
8320-12705,189.32622087151606,202.98368230568025,3.8981845283657233,-4.410191812292868,-12.71856815295144,10.905863370159002,3.782803437587771,-3.340256494983458
8320-3702,94.76780703277527,139.64662117069741,9.543655519736271,-8.051139910429145,-25.64593534059455,9.423159874990377,0.6025832468161321,-8.217993381358129
8320-6101,230.92588440337948,243.38569990140766,-0.4237281161705291,-2.872391447933242,-5.321054779695958,2.6977125223266434,1.3593727928493102,0.02103306337197713
8320-6104,89.43478983274169,104.59365630403757,1.3875853290514832,-10.344933918282866,-25.021272330650056,-26.884881940994752,-46.68800856824299,-66.49113519549124
8320-9101,107.00509002513832,134.98991713137073,24.00943194347567,7.320685105714039,-22.79625584371205,24.460588581347036,-7.341060547087717,-39.142709675522475
8320-9102,244.55530646179028,266.8548943403024,22.426269742931975,12.531784551590489,2.637299360249029,10.047976070824769,-0.7640264897479498,-11.576029050320676
8321-12701,98.08520134831778,105.49600194686722,20.685268518970815,17.61684676374276,14.548425008514709,-10.722297446670762,-14.573452874312794,-18.424608301954834
8321-12703,114.2408374121553,125.60692292042762,10.47534406695708,3.500369503548075,-3.474605059860938,20.899628302750173,13.715073142676331,6.530517982602491
8321-12705,87.4380530790032,98.05803789877207,11.11386117700648,2.9355707050489364,-8.378292605700798,19.431750874766042,3.992307357705935,-11.447136159354166
8321-6104,117.22094648478739,131.3651615425502,18.65836339928579,10.632973857898913,2.607584316512019,21.876314904554096,13.521064360264733,5.16581381597537
8321-9102,97.83135218288236,127.83355464618431,17.994761612675873,7.46142324509001,-3.0719151224958416,17.201235186541552,8.989655940228692,0.7780766939158291
8322-12701,88.36175149817421,99.43104027358599,23.45766729126867,14.676575990750404,1.7994277348346674,,,
8322-12702,81.62432298337892,157.9939514103106,-53.018718010673034,-72.54934614192402,-92.07997427317497,12.088127513542727,8.318968652498487,4.549809791454219
8322-12703,66.70745788264222,79.3105042095982,16.94754897859443,6.263628300871461,-30.696814716821887,22.940497121984748,-2.3367252431929773,-37.20210093523225
8322-12704,177.1627694674981,191.5460821972955,12.452624565286838,2.347870402566802,-7.756883760153231,,,
8322-12705,304.4839066875933,333.7049696696278,4.49655122346073,-6.079827010467522,-16.656205244395775,8.410814028369023,0.3463599038005035,-7.718094220768015
8322-1901,195.97033616083735,226.30748017336865,27.068371074095634,29.069296181061517,31.070221288027415,,,
8322-6103,87.97912786562374,109.22731126271476,11.808309960663411,-0.6440369289559773,-13.096383818575356,-3.1189021590694663,-13.732147150190183,-24.345392141310906
8322-9101,47.230497583464036,80.95624632797686,10.49609260833257,-19.468935395877747,-49.43396340008806,-25.074420978391597,-46.37760946197843,-67.68079794556525
8322-9102,125.08542810721409,141.8606276040378,32.12486313434395,20.94309419616912,9.761325257994296,17.326779803461676,3.54753258137292,-10.231714640715836
8323-12701,65.34089425274652,92.82416420101055,24.16060369866756,10.921297126787794,-2.3180094450919793,11.665439189728595,0.14075636494116242,-11.38392645984627
8323-12703,105.9665148183204,129.58518302826272,10.293117964065356,-12.260601608341261,-42.44798748761345,3.4752377145969846,-19.597347682041352,-42.66993307867969
8323-12704,114.98933036105647,118.86716454927095,-3.966870904742698,-5.059652049021496,-6.152433193300295,-6.270122678278857,-11.493790365881457,-16.71745805348404
8323-12705,189.17353427273332,229.18757082165644,-0.6722725253506081,-14.56980904157393,-28.467345557797273,-3.2221574012104197,-9.170540423932517,-15.118923446654607
8323-3703,234.94790929088762,268.36312138748815,42.784993682364835,30.575307557838766,18.365621433312672,34.05249380696865,24.473690592116103,14.894887377263569
8323-3704,79.34187531860724,93.08683470579534,-2.84655886530095,-14.346606262964437,-23.574205799760804,-22.207547650722816,-27.363622638636503,-30.343828787425686
8323-6103,140.67008269556618,170.9712398588217,3.0577292513339493,17.83301944684433,32.60830964235471,-82.81867328804312,-84.73586396401208,-86.6530546399811
8323-9102,78.04501777994231,96.39588971185984,15.642425303111636,9.259114586014585,2.875803868917542,35.42807363705954,28.177312624814927,20.92655161257031
8324-12701,171.52681810650873,196.2267714041667,-63.02273832716827,-54.15320287177471,-44.41966304585835,-97.33888825293768,-77.59764017209088,-57.85639209124407
8324-12703,114.8944818253869,127.87236917815646,-1.5892343607440935,-7.4682602259642,-13.347286091184316,7.853592501822481,1.4726206567095017,-4.90835118840348
8324-12704,100.80174637441809,117.52169128887984,12.60082491618157,-1.7483306809596215,-17.863046856061928,-0.5333532844333667,-14.54002786310293,-28.546702441772474
8324-3701,100.60422127232144,220.23271162259633,123.95948827603932,84.76395470717448,45.568421138309624,,,
8324-3702,77.8006097865207,102.00626200922405,5.942989631216138,-8.266232270853294,-21.497107088952458,18.221870711647007,12.974932146451858,7.72799358125669
8324-3704,103.37806899706368,111.53393185533983,-27.020939675423158,-29.090486346974384,-29.688825734264817,,,
8324-6103,116.46982871096003,150.48161575247244,45.44501377621866,27.89336003473438,10.62390269771487,43.12769647530765,35.55410709546512,27.98051771562258
8324-6104,200.70406664970653,254.78897987043,-4.401839800453256,24.657990310240436,53.71782042093414,-70.01627276284113,-48.48313723565905,-26.950001708476968
8324-9101,147.3879117998433,164.88729886272884,17.373355987060727,8.586405251061883,-0.20054548493694752,-1.3056439328103469,-8.400360723006894,-15.495077513203466
8325-12701,128.55505883154066,138.84186855303778,7.8609239713520145,-0.39710546915079437,-9.137104366179452,-2.29601525034711,-10.29208704434255,-18.288158838337978
8325-12703,183.56330633830865,213.65286144341457,-34.711278666503034,-44.282087323111995,-53.852895979720955,1.9818823983807867,-3.8892540666504454,-9.760390531681677
8325-12705,111.45846017168977,113.67148368870794,7.174471412268637,7.640277675134693,7.611097497876873,16.2985039528263,11.824966714745251,7.351429476664201
8325-3701,53.216728093076114,65.49799875662603,61.85478394405077,60.96216823030379,41.72044727665227,63.79637446422371,48.60794162000074,25.701165972486205
8325-3702,56.05379848008881,70.20340289062192,1.620646285249354,-7.12814472238097,-15.542223977454668,-5.198953429092327,-10.768736657530933,-16.338519885969543
8325-9101,232.84319615832607,260.80978792200455,14.058143928188011,6.236037362156918,-1.5860692038742066,9.986214968177322,5.175208433267262,0.3642018983572058
8325-9102,88.01188659613484,152.8754312530114,15.80985510551021,-12.885490456680124,-41.58083601887047,-2.626604299605595,-23.13821703496708,-43.64982977032856
8326-12703,133.83650954716268,149.5029239957806,22.27257824031826,10.244145660129325,-1.994744240654234,17.41511222836806,-0.2156512888239591,-17.846414806015975
8327-12701,204.95778606905876,227.7784532163612,2.0437531584089945,-4.025422448206165,-10.094598054821324,-10.72740486882043,-15.535121857065999,-20.34283884531156
8327-12704,176.4189094016711,201.2563985387628,4.655952392939516,-2.6446817249285615,-9.94531584279664,17.328183630806016,15.759309157059242,14.190434683312441
8327-1901,63.07105651885812,81.10829035892185,0.09565271671010542,-18.81343825890252,-48.58622377803759,4.248712008252085,-34.293644008468426,-68.2460867350014
8327-3701,277.48535837002765,397.216505061393,-58.397153501360705,-113.0832031116403,-167.7692527219199,-95.10447940928987,-134.99392059867932,-174.8833617880688
8327-3703,101.06429149750048,114.71283626184514,37.309322311825234,29.94862746649171,21.952323135284782,18.361669884442776,4.006639235169148,-10.348391414104485
8327-6103,329.1109988793681,352.77609873492247,-6.191025084867627,-14.729502443251153,-23.267979801634677,-30.280506064748163,-41.403858598864545,-52.52721113298093
8327-6104,150.7451889183929,205.48053410981674,-7.578398772774023,15.354643166415082,38.28768510560417,-0.626313709942444,25.962486333229066,52.55128637640053
8327-9102,101.95413428782751,113.10758905235086,11.960900958146535,5.616609187920103,-0.7276825823063404,17.600951588527497,7.834403034160807,-1.932145520205884
8328-12701,207.78971702490477,248.51475189087662,13.442283061163076,0.9844154009766151,-11.47345225920984,10.976281904368673,1.0196368958277324,-8.937008112713169
8328-12702,144.85153629209023,191.85336289103844,10.76453643980661,-11.062484466000065,-32.88950537180674,-4.082384691551012,-19.222015316840977,-34.36164594213091
8328-12705,94.1072034577639,120.5734074008548,4.994108882210016,-5.843350757783224,-16.680810397776458,-0.6537163797722805,-4.564695952815884,-8.475675525859506
8328-1902,138.79461319928234,203.72584612477937,31.201215562949365,57.92149364180219,84.64177172065503,36.13903971349909,50.94379465453682,65.74854959557453
8328-3701,106.29632340003045,137.96793262657866,-4.129856636732515,-15.460666965522934,-26.791477294313367,-1.419975016231993,-6.019674946447114,-10.619374876662246
8328-9101,171.88552549831894,205.8938003911426,39.50098667212501,25.68426982860877,11.867552985092528,18.352188208853573,8.475507211001297,-1.4011737868510177
8328-9102,110.02597895294953,124.90719906345522,6.590702848480965,0.23827462568274085,-6.114153597115478,3.199736840877845,-1.3049473537200014,-5.8096315483178635
8329-12703,97.23195062027739,107.09604014762003,15.57583879478031,9.138227028529252,2.003483658367073,16.730889713059323,6.708057170387424,-3.31477537228449
8329-12704,105.9372865536683,115.37252573818944,5.057295224825783,-2.5143511935065637,-9.576008516935486,9.204441813834253,0.44454691902781873,-8.315347975778606
8329-3702,27.096871760345923,77.59912210080051,5.5504918528231775,-12.678188652772958,-30.90686915836908,54.835820932929735,42.617036830662485,30.39825272839522
8329-6102,219.46180104351447,278.79492221178896,59.100417165035545,46.804161687004836,34.50790620897414,,,
8329-6103,186.6843322591396,203.8975913448793,10.964579014219256,5.168581335347785,-0.6274163435236864,-21.693563124222546,-26.132039777742225,-30.5705164312619
8329-6104,149.58589939247577,164.9837432258239,11.82399706608961,1.4805391658655873,-8.86291873435843,-30.879458825291994,-40.85034269321423,-50.82122656113647
8329-9102,84.90738468969494,105.11074530881187,10.305679963412496,-5.073780589336993,-20.453241142086465,-4.796583711446484,-17.697944112097655,-30.59930451274882
8330-12701,132.07716444641778,138.08552781278442,26.778856400937606,23.62570181985643,18.486922435645088,32.9086169589382,22.145185382324527,11.381753805710856
8330-12703,166.39070395429988,178.25208369312904,18.536291409841972,11.471187389745106,4.406083369648257,8.275531086022601,0.2964275656260909,-7.682675954770417
8330-12704,106.52987884866037,121.1000292095865,5.2197338682340355,-3.5435035899415186,-12.306741048117072,16.259509387920225,10.175547545423091,4.091585702925957
8330-3704,109.87197564198459,143.7206095387598,5.271217486824246,-3.6925346041382205,-12.656286695100672,18.578967277248683,12.94193421527075,7.30490115329282
8330-6103,199.85369670449126,255.4434211551488,74.84124972714284,58.54417652575264,42.24710332436249,,,
8330-9101,152.56815059627922,158.46751755346483,13.564996280682843,10.172416296266645,4.063036347626063,98.6752741229128,82.69232400346775,66.7093738840227
8330-9102,164.1623219868738,193.92693118043547,-8.735193637749965,-20.39265930257901,-32.050124967408046,-0.024563759159017762,-6.9934326949631656,-13.962301630767318
8331-12702,197.213541297603,253.1565710321999,3.941613340873437,-18.543993089328232,-41.02959951952989,-11.968567473281711,-23.807314562141325,-35.64606165100094
8331-12704,171.26319566741898,196.38709335434356,7.500221610630311,-2.072920795602972,-11.646063201836258,-2.564479049027486,-9.022443381711774,-15.48040771439606
8331-12705,188.3993460986418,210.89364138364493,15.335771574280052,8.609962037504163,1.8841525007282711,2.8559933737050063,-1.5729925621088905,-6.001978497922788
8331-1901,137.4164603706075,149.46062129130883,3.1052244846530153,-4.418544999427633,-11.94231448350828,,,
8331-1902,144.95419726392768,161.33998500023117,17.58381583734752,12.249777124986,6.9157384126244805,-6.6572357053420985,-10.935174167987864,-15.213112630633624
8331-3703,89.34512041796435,131.62769597019928,43.27827433068241,46.86807880195097,50.45788327321954,-5.469887346253901,-10.282094876993238,-15.094302407732577
8331-3704,103.4832571172692,150.6814121547938,37.90358494588334,-3.3666023752360608,-55.14698049114949,30.211934841609068,-26.678133000223283,-83.56820084205562
8331-6104,75.1325147100679,86.49979151069515,4.772727765588856,-2.223221452561869,-6.870463529979614,-35.41371500536149,-39.51283724816269,-40.81943277597326
8332-12701,67.04572957329354,92.74919864182841,15.20811960084459,-9.230021229103379,-33.66816205905134,23.76473570906492,1.9113495736137032,-19.94203656183752
8332-12702,287.49347255340007,325.3207958466372,-12.673029620887633,-22.385038580050875,-32.09704753921411,11.223929903781666,7.669543924857844,4.11515794593404
8332-12705,237.34914697936688,276.85094147828954,67.18785316513276,47.596599245324676,28.005345325516565,42.482864068714846,22.92481943667182,3.3667748046287946
8332-3702,140.5558119849985,173.15449015428464,19.75984055886841,4.047551692810241,-11.664737173247921,24.487666439602794,13.627670835013094,2.7676752304233943
8332-3704,91.88603512692102,186.35239363670777,35.487306717373684,-0.8811038740941526,-37.24951446556199,-1.8682138365242467,-18.079429576708094,-34.29064531689193
8332-6103,163.20672765834382,202.63921877403126,32.075857821821465,21.47868849148296,10.881519161144452,27.63085881677464,24.39098294294621,21.15110706911778
8332-9102,126.71436387917394,194.44933155514585,-0.7789536294329893,-30.610525273281088,-60.44209691712919,9.257383089439719,-5.682563094860303,-20.622509279160337
8333-12702,,,,,,,,
8333-12703,180.6166564878579,212.50623452970652,13.396670008176914,1.534708583205409,-10.327252841766112,1.2356888195107096,-9.597297262063499,-20.430283343637704
8333-6102,322.63728251672694,338.9108074701508,4.287970050732083,-3.6474028526252114,-11.582775755982505,5.007457833792961,-4.468314464725572,-13.944086763244124
8334-12701,188.22109545753705,200.29375049321396,11.533737779845133,4.876323348199723,-1.7810910834456901,1.3057592201624575,-6.819932877918375,-14.945624975999207
8334-12702,74.83732742598814,92.03813975862006,32.02206359330626,24.253583685028513,-2.7280913665970923,49.7170345175578,22.818893454747506,-7.14695220157268
8334-12703,139.62397513020773,146.73281790632853,-0.20468970124826957,-2.604821291886332,-5.004952882524395,-5.285456291449756,-6.584149142013389,-7.8828419925770215
8334-12704,140.30654610156847,164.60292311576225,11.684307849253242,1.458984194703662,-8.766339459845927,4.948423405454446,-1.3885892935780748,-7.72560199261059
8334-12705,19.753980595354214,69.94449094146752,44.78282258552793,6.764679738752968,-28.478883692572083,23.53371954366263,-7.174569600444894,-37.88285874455243
8334-3703,103.6659671405535,143.86664384845687,-20.271835653652644,-18.75130703092537,-17.230778408198084,-85.9708666865475,-96.6996303197371,-107.4283939529267
8334-3704,122.32266584229247,152.8862130617153,19.694143978798582,10.421125682352182,1.1481073859057869,8.604966935936654,4.121578131910943,-0.3618106721147496
8334-6101,170.449729104226,199.96785202474882,38.166141073185,42.49359426779324,46.821047462401474,-111.10826670488133,-123.60263921339981,-136.09701172191828
8334-6102,106.09782125109103,106.09782125109103,20.16643337688575,21.27952234834977,1.451890629634142,,,
8334-6103,85.90364054472172,107.05026572441372,17.126388151295096,14.889869367836337,14.753712961495347,9.503039202744288,10.912227156267171,12.321415109790061
8334-9102,89.56568856041969,105.88398767734175,4.639350784025671,-4.9167508052260525,-14.219441688914943,2.1634950822205226,-1.4591540931767,-5.081803268573921
8335-12701,220.28010604120155,253.55452957953264,-11.40446663268547,-21.512395239090292,-31.62032384549512,5.316399055565517,-2.0060013976069544,-9.328401850779418
8335-12703,116.70421304381786,124.6917719371936,0.7835561376261881,-6.383949627234953,-21.87665068336738,,,
8335-12704,22.29744064362859,53.35040674380254,25.096974951389143,8.553334099360173,-7.990306752668784,-81.15507850610226,-122.70972621610512,-164.26437392610796
8335-3701,83.88223888611225,109.26939994551074,3.6015625100518434,-9.237302154177636,-21.829777222454812,12.274774519132645,8.184338656924746,4.093902794716847
8335-3702,74.01959343189692,85.44821674674688,18.757302444939214,14.613550478953051,10.608785414080222,18.687405323445063,12.996356864640385,7.305308405835709
8335-3704,68.83256891320701,94.49746237605127,-18.559052957226697,-28.234609510162855,-34.803153451877705,-13.271078510743429,-10.338947002255999,-7.406815493768561
8335-6102,69.35760341839855,100.18226886488259,32.29228444685386,9.050552323038922,-14.191179800776027,-0.25819492535388594,-26.48933921315989,-52.72048350096588
8335-9102,54.18180963228205,78.6627602219208,36.29221733917682,15.514347708099983,-15.876928143134515,-4.4783867799116335,-26.83000283904442,-49.181618898177206
8336-12701,164.53945478351767,215.07728200693956,15.438770152303675,-7.064807593474152,-29.568385339251986,-49.545325620482316,-64.42768292078146,-79.31004022108063
8336-12702,141.55493833980404,193.22588465193945,22.06789952411848,-14.34716853239641,-50.76223658891133,52.35286019976471,19.20677668605604,-13.939306827652636
8336-12703,109.24852592380488,120.05089645791503,2.645537254688319,-0.7259290480976975,-4.097395350883713,,,
8336-12705,94.20035092885794,94.20035092885794,11.0290672865146,12.838983000117786,0.17647460376164784,1.2679768214779175,-2.0520018396174304,-23.365709717128983
8336-6102,76.786125331006,89.22647033331538,-0.21922627434683023,-9.973614308540592,-19.728002342734353,-8.86568159225877,-17.93775308078767,-27.009824569316564
8336-9101,87.27940048594608,93.7369070471785,-0.07013781484219929,-3.3998654006980678,-15.553263549612744,-2.539616608547419,-22.8061668667501,-45.737964678763895
8336-9102,103.98128499427347,118.42040852104674,10.555186478612898,4.164464232083554,-2.2262580144457824,-7.790824425783346,-14.390936045156682,-20.991047664530015
8337-12701,130.25567697276452,150.76663922072913,15.981773258141542,7.33262927503533,-1.3165147080708843,28.72923388220174,25.443576493381272,22.1579191045608
8337-12702,74.97833013672478,93.36129957163281,-5.008341921675774,-18.801657654226577,-32.594973386777376,-11.421996989237899,-26.163265990342644,-40.904534991447385
8337-12703,121.7127713407891,137.04101537492693,14.115806553311826,6.140622747254009,-1.8345610588038248,9.854466764763481,3.1271293836778438,-3.600207997407782
8337-12705,69.46220948750091,83.80463128458395,32.03448269477701,25.77151255573946,19.508542416701903,,,
8337-1901,159.27044318116918,195.45305870441499,9.614295387981894,-1.0740267431913741,-11.762348874364667,-157.17176334812862,-168.92371122311266,-180.67565909809667
8337-3703,132.59580636626603,149.09745928828727,10.134348721218212,1.6596103057189378,-6.8151281097803516,-9.36668229352132,-14.488988029390088,-19.611293765258868
8337-6101,140.352261168243,153.16486084095058,10.059332586583267,4.652531076474508,-0.7542704336342648,12.88003692143533,8.0971554179413,3.3142739144472784
8337-6102,222.25214919823438,317.81394129324786,4.890662242645002,-2.785253844031663,-10.461169930708344,-43.09980421709807,-50.65441508618596,-58.20902595527386
8337-6104,199.78125564608374,222.91865005038483,17.93822181549301,11.411923842444425,4.885625869395822,13.592941454311875,4.050614431995862,-5.491712590320151
8337-9102,63.67161756152101,81.09643486785245,15.64635013658782,4.905933345062634,-9.806767659882663,30.631924262254483,19.56687613681539,8.501828011376302
8338-12701,70.10111030241262,87.4790087122241,36.14077293610906,23.387135461049855,8.338871237253553,,,
8338-12703,35.591530644936455,85.5472841568413,-34.83930226575889,-103.88466641002671,-172.9300305542945,-92.13549572256788,-144.1665561939591,-196.19761666535035
8338-3702,44.29307717676102,69.1276742705728,48.151189621640626,34.11976892607449,20.088348230508355,39.22776538931757,27.49957867462714,15.771391959936711
8338-3704,142.58376531731568,174.47964158284773,0.3082710225379089,-7.282320436936152,-14.872911896410216,7.724186864905526,3.0809333390382334,-1.5623201868290597
8338-6101,130.46291598922198,159.14793153459325,19.31272709185748,13.482695824056995,7.652664556256496,16.769722341670963,15.591667881542165,14.41361342141339
8338-6102,103.13113837988226,120.97902585518919,-2.8661249098359667,-15.238467499048033,-26.815218756882793,-8.091907903442266,-16.12996652629143,-24.168025149140608
8338-6104,67.96378653007356,96.4763154681886,22.88249230208412,-2.172613486322271,-30.876416751139885,10.307059113676438,-7.201407810565758,-24.70987473480796
8338-9101,55.55930565250789,78.01803240915483,21.481250162489744,13.260422759525866,5.03959535656201,-8.5502490344043,-19.7205303944197,-30.8908117544351
8341-12701,109.89146509967956,121.8446652710774,5.523677626749886,-3.949595675097749,-13.90319110554578,6.530409395242429,-2.644538281950743,-11.819485959143913
8341-12703,81.28524168776144,81.31813218928185,-2.8373964823908397,0.5714617252034584,-2.032689286262398,5.130250592129767,-8.66823898450579,-70.96147247670791
8341-12704,95.93787649618463,117.1549026722344,6.346853818260094,-2.2552389903489254,-10.857331798957949,-4.805124861518181,-11.353070472671934,-17.901016083825695
8341-12705,54.06670034901315,88.05955836736798,-6.205338015101027,-41.34248816148473,-76.47963830786843,-3.616836786235009,-23.399314923166997,-43.18179306009899
8341-3702,87.242319080048,112.32838137528188,13.5400678623761,-0.8733375059251323,-15.286742874226377,-0.5449707007355233,-12.006350193957413,-23.4677296871793
8341-6101,167.51702724767586,212.38333739287958,12.701950102110969,-5.648659532155635,-23.999269166422238,21.951938465568468,11.888898993741286,1.8258595219140765
8341-6102,90.9548078706258,140.18985543398637,68.94535410936813,28.73494566700711,-19.352278143314834,55.541359683197115,-1.0816773114904084,-57.704714306177905
8341-6103,91.68996995022049,123.71686460737197,31.33009443945543,14.611629712131625,-2.106835015192152,6.666433421892109,-9.134250807842145,-24.9349350375764
8341-9101,188.50471654016178,212.6368509733183,26.959170161381177,15.182918998724858,3.4066678360685603,15.723130681438537,3.6805736320787696,-8.361983417280985
8341-9102,100.93363974750065,113.07692037618882,15.249133967422484,7.559521919508622,-0.130090128405233,8.54763901850532,0.09611274058748076,-8.35541353733034
8438-12702,189.91526328208892,201.699130883303,2.9165385566244924,-4.758555784266521,-12.433650125157536,3.3550992957571024,-3.7215643807289878,-10.79822805721508
8438-12705,170.69706415457847,181.4122824712032,3.745378799523831,-0.67616266465349,-5.09770412883079,12.259941616226136,8.078478077772054,3.8970145393179725
8438-3701,111.24160274123896,156.30009712639134,39.17326340124648,23.238169707923305,7.303076014600133,14.754666678245622,-0.6936909027602235,-16.142048483766057
8438-6102,201.91315805799238,222.03903005889748,8.77979522304697,2.7065222112815897,-3.3667508004837914,-10.783049440555448,-17.721834396887136,-24.660619353218824
8438-6104,89.98361945965266,94.7240914055058,14.100478069913795,14.828193043126022,12.728243858350135,21.768261323273002,5.350368695533672,-11.067523932205658
8438-9102,184.02309221700926,251.09309930130564,58.780216481326036,26.56499753258803,-5.65022141614998,59.54084792030668,29.93389635668511,0.326944793063514
8439-12701,75.79336050013964,85.48269678363968,8.023511118796883,1.0998727894993083,-18.333471744209525,40.528452287479645,23.114180748313036,3.7430183424903323
8439-12702,285.1477540098449,303.91951004678646,-6.161481547638657,-11.737202207941907,-17.312922868245185,-8.351099132889125,-11.680928693749978,-15.010758254610833
8439-12703,154.97801489151138,171.4582389402014,7.800281433153888,0.6025409338475637,-6.595199565458762,21.99323463777421,19.18616825895894,16.379101880143672
8439-12704,188.83309020875348,213.55062078233905,10.775343536900678,-0.026597446409423197,-10.828538429719506,-1.5173323706528423,-12.635864207585763,-23.754396044518682
8439-12705,82.81618683466581,199.50446204508702,217.90921644071474,152.45729372119783,87.00537100168094,142.15976283134287,71.09400130197274,0.028239772602575153
8439-3702,202.14306683999317,262.79470868365155,-32.1678835155973,0.9576534731392196,34.08319046187574,-67.3865604660098,-70.92042223229622,-74.45428399858264
8439-6101,99.43589452721278,123.41496185877747,13.348241358013386,-0.12907489534433295,-13.606391148702048,5.851657289545294,-3.977306028215618,-13.806269345976517
8439-6102,180.6734651166219,219.76754637532503,27.718931480868914,18.41531490879196,9.111698336715023,10.764151555694498,4.970768200589783,-0.8226151545149332
8439-6103,175.56229167802033,205.6610729183882,-8.86712523135827,-17.98193955351953,-27.09675387568079,-9.373891276253177,-16.919534861973627,-24.465178447694075
8439-9101,83.51173908921686,94.42456072259492,8.712571818458885,1.471398802976415,-6.569570676908675,3.0916474128890163,-7.554209274497779,-18.200065961884583
8439-9102,72.1188659574266,102.95377288169568,-24.742103690013376,-46.83031771898534,-63.286664310793206,-15.635583498139262,-25.590130102295095,-26.750779776672825
8440-12701,146.72659187092987,161.15526386127212,3.544410724058402,-9.392998782990272,-22.33040829003895,-47.73300282775649,-63.9743271819338,-80.2156515361111
8440-12703,99.22494346590788,110.98995390078305,10.364911318439528,1.1350668918724482,-11.804866213468976,14.621506687134342,-2.9007513710554593,-20.423009429245248
8440-12704,197.69669347163588,230.1292747347294,-6.274930203693379,-15.42741755773923,-24.57990491178508,-8.047773656528339,-12.626250357897725,-17.20472705926709
8440-12705,207.39913114267213,247.59851687952957,-21.310274100923724,-40.246273029349084,-59.18227195777444,-43.07293440532706,-60.12418492407623,-77.17543544282537
8440-1901,49.89766246884932,66.26810637464034,6.901247480629428,-4.313848845203771,-9.707548278230096,1.543724646208308,-1.1875895716655351,-3.4652706025570277
8440-1902,34.56360857597255,65.16485800632682,12.891943180435682,-10.840660118090863,-34.5732634166174,-69.78749727132853,-105.81415363060546,-141.84080998988242
8440-3701,87.80230668960488,207.4565061124221,72.18103583897077,22.632919812248865,-26.915196214473042,26.889316803666635,-2.852736528936037,-32.59478986153872
8440-3703,30.138179390644197,112.25077013126742,-79.19527336436995,-143.66454052274548,-208.13380768112097,-79.11520031241457,-109.69015576786913,-140.26511122332366
8440-3704,73.19108729099459,100.200841240528,-54.95684945282904,-75.75357863135554,-91.62840062116877,-80.91975861199514,-87.70598008860424,-94.49220156521332
8440-9102,85.23847803614737,95.68565158877871,16.454997831643944,8.988282327683768,1.460981024031926,-3.3090446270954654,-15.021059906906082,-26.733075186716707
8441-12701,176.13081578175914,195.57895020224942,24.344625116323993,16.406304836652694,8.467984556981403,-1.7068390891293312,-8.480928876458533,-15.255018663787737
8441-12702,80.77353824355068,105.8829530278781,2.7983823532554184,-23.508129247986066,-49.814640849227544,-2.4862364811681092,-29.992861886754962,-57.49948729234182
8441-12703,226.4354358491328,264.499616940452,34.15797523595657,27.07498011129557,19.99198498663458,,,
8441-12704,240.21016524698135,277.10797294074047,43.85255116592937,20.65144215568575,-2.549666854557847,22.57199802900531,-3.8618493811143826,-30.29569679123406
8441-12705,98.15750172779484,110.86808354320932,1.0323367912855885,-7.432600954651514,-15.897538700588624,-0.521689948934118,-10.952874950323638,-21.384059951713155
8441-1901,104.44295648878507,158.10744414286344,-44.65480349429933,-10.027647382624489,24.59950872905035,-14.148043992632562,12.660876985760895,39.469797964154324
8441-3701,58.096939811855975,65.31936570437752,1.1286973093441421,-1.7919038806341172,-13.51284671138394,15.68425419719166,1.7061510308143768,-13.25665713674988
8441-3704,157.81239980134862,193.42064251212963,24.38954374147003,15.039546430847661,5.689549120225293,14.393775893075723,11.381530600900456,8.369285308725187
8441-6103,58.95733949168563,66.03211570856892,4.941598786945945,1.7696365149368456,-15.578390040005477,21.028172246866493,9.783930675992421,-7.4790515703728
8441-6104,183.94747011568288,198.609431779853,8.253120187469927,3.307055427616184,-1.6390093322375752,-3.8789781125868297,-8.410056177587661,-12.941134242588497
8441-9101,56.70325501192167,91.0887658986909,43.286543838845695,15.334305151545239,-16.461193706924128,48.91101303669173,28.38168770447078,7.852362372249853
8441-9102,173.38549837020372,233.79285393144696,73.52717687035636,43.02307382612815,12.518970781899915,20.587010358224298,-4.588254892476251,-29.763520143176834
8442-12701,43.21030976687057,62.34534685768385,54.508381694319176,69.85765888038786,40.97313078779001,76.02948784079108,72.13993500647008,45.77877642778551
8442-12702,111.49107745439173,123.11994027822028,16.185144515253047,9.585013978333087,2.9848834414131256,29.34747189274582,22.60911330507563,15.870754717405445
8442-12703,91.95862197246785,116.17952000636116,-27.438450771797704,-42.716876746157865,-57.99530272051803,-30.96756052800202,-42.37693585979312,-53.786311191584225
8442-12704,114.37769806918759,128.31675620995588,18.95041840736799,8.126185863301815,-2.698046680764365,-4.619622092189285,-14.005361043601784,-23.391099995014265
8442-12705,120.36594684906275,142.83628677368623,9.181328914443872,-0.7416784415690533,-10.66468579758196,0.969530050110188,-3.7259354956728914,-8.421401041455981
8442-3701,157.56381173069647,178.37184488561545,11.637066034276526,1.3242107767427629,-8.988644480790986,-63.59300863466586,-68.92348799344961,-74.25396735223339
8442-3703,128.45810036603996,156.3439295545638,25.788517953883574,18.76408061251447,11.739643271145358,15.243534199449691,11.935838586473533,8.628142973497377
8442-3704,155.5274276719704,203.08442355688325,5.868515586225835,-2.20537776864296,-10.279271123511721,13.871788060409154,8.773387607692918,3.6749871549766437
8442-6101,206.52665181494137,232.63154051060366,15.067528753585954,9.115339735453725,3.1631507173215168,15.227894873076728,10.857627839227783,6.487360805378854
8442-6102,85.94396519121598,123.8438368053886,0.1945208993631457,-30.59911949559141,-61.39275989054596,-21.119849172137705,-45.29132254956927,-69.46279592700084
8442-6103,210.29110774023403,253.11111981129895,-17.407529585017485,-29.114619309492138,-40.821709033966776,-33.56132213665535,-37.988343285825316,-42.41536443499529
8442-9102,91.47228551091115,109.91501708367869,2.799797747871554,-2.5882171685768647,-7.97623208502528,9.106190164169607,0.34793684868860303,-8.410316466792402
8443-12702,226.28903703124465,236.72158165993196,21.995325501387537,17.54225865756319,13.08919181373886,18.908002671561782,13.698973575506804,8.489944479451827
8443-12703,274.82515901640636,287.24770461895395,3.3367544978048156,-1.1020254588880871,-5.540805415581018,-17.16866506657646,-26.321597258942248,-35.47452945130804
8443-12705,173.48852718198552,188.27567372020718,4.496888777658825,-2.5775134880798016,-9.651915753818448,-1.1426126126099387,-7.836057670968215,-14.529502729326492
8443-3701,174.29523626862664,241.5535253212396,-11.214223345448442,-24.29143352193971,-37.36864369843099,-60.824095526299054,-80.36550111549094,-99.9069067046828
8443-3704,104.5493877899258,122.99644940557991,-7.423750612405366,-16.82966704148506,-25.703142608003194,-0.5216192926362023,-11.055264101855206,-21.588908911074206
8443-6102,122.95628845536484,180.1022881991655,106.3150358000337,108.98241532487157,111.64979484970944,-3.8502067107962032,-13.907127525506123,-23.96404834021605
8443-6104,161.37711618189118,245.68698707900566,8.176683275926276,-10.702407469977118,-21.86899428220138,,,
8443-9101,227.96982425294843,261.4443806954913,2.0677955222277635,-8.991232739571577,-20.050261001370934,11.998531007400185,4.847194876753565,-2.3041412538930315
8444-12701,65.75052720792998,74.14365908865153,13.972764108525638,6.6041999907241005,-8.496694430568146,12.956122929921282,1.5973235103392762,-9.76147590924273
8444-12702,66.91075571109896,86.92269128907778,15.963954747952856,-1.0506247938626103,-18.065204335678075,12.587962166972552,0.7025598589078046,-11.182842449156942
8444-12703,232.3860121842392,241.49398531508956,3.800409346757693,0.13076224195605307,-3.5388848628455696,13.418256484050135,9.879517385585967,6.3407782871217995
8444-12704,121.43191170877205,140.89390410005643,-2.901629370722126,-8.655613725470424,-14.409598080218714,7.4390497809212075,3.7451161364465353,0.05118249197186311
8444-1901,74.17627303237114,82.28955893562215,12.950498262622059,12.22941184104896,6.153039688561509,7.107682725642362,-1.8915820604478586,-10.890846846538082
8444-1902,68.05892084556969,90.32377004480496,-15.376647719312245,-17.312765145879183,-19.24888257244611,-21.414523464989855,-26.31717292196117,-31.219822378932484
8444-3701,60.44769974024681,168.63644617979995,81.07937444386886,18.833344619946015,-43.412685203976835,16.865022416694988,-7.185670966596851,-31.236364349888703
8444-3702,60.15213519374319,85.29744057305709,27.410254032708792,8.382049208815973,-11.436198645865913,21.198892635979817,3.921581955250367,-13.355728725479095
8444-3704,86.19746508826172,107.58292376317408,21.310338373953545,8.602551334753262,-4.105235704447035,5.007272403898697,-1.8210555227700331,-8.649383449438764
8444-6102,179.37417077658546,206.78387321047052,3.4886040809901635,-8.310349409099441,-20.10930289918904,-6.181941892430609,-16.36512663487612,-26.548311377321607
8444-6104,88.43373125755858,125.5898309267567,-4.355196052543867,-18.443366951530304,-32.53153785051674,-27.607941575089008,-37.58025922251764,-47.55257686994627
8444-9101,185.72559201649588,228.45752074474595,-71.30153105627377,-96.05994402222382,-120.8183569881739,-80.69228437470456,-103.6496667618081,-126.60704914891167
8444-9102,273.9534680671979,319.8474185590715,77.75218488958461,52.51567680496367,27.27916872034269,57.861870820148205,30.88866192650517,3.915453032862137
8445-12701,230.3162708436251,243.51867650848564,24.0350258371693,16.604904272554684,9.174782707940066,-9.2528294554531,-17.034378909507197,-24.815928363561294
8445-12702,203.39505513888605,240.17883704727507,-10.784516817749411,-2.455519759560991,5.873477298627428,-13.638121752988077,-8.495655447689053,-3.3531891423900295
8445-12703,113.13244333598196,131.5881484447579,-73.71535194441017,-85.17742292696948,-96.63949390952881,-93.66279382339692,-102.96248107165505,-112.26216831991317
8445-12704,144.71533232743448,167.54274122191953,10.09536418898654,4.18021332903834,-1.73493753090985,12.04206154975262,7.469004568354283,2.895947586955942
8445-3702,141.80152821581424,282.574428094101,56.181395196669754,-6.296882144540246,-68.77515948575028,116.77947070205356,83.4382384057798,50.09700610950603
8445-6103,266.7516466252292,288.25160172557565,16.948614478285055,12.437249397808728,7.925884317332395,19.034806919614528,15.177587066441236,11.320367213267941
8445-9101,141.27619942941234,150.71653253155804,16.276717844397595,7.2432097915516245,0.18582389345331476,-10.038212360589405,-21.564863027076854,-24.721235885505575
8445-9102,127.01478733560229,146.59663163453556,19.009312772890183,8.219894965409031,-2.0333754148374337,6.475696552810625,-0.29759664622476917,-7.070889845260161
8446-12701,62.35326441347549,81.3403342659465,2.7167120977178865,-5.993584139561477,-14.703880376840834,-1.8659613834936393,-10.276730537131419,-18.687499690769197
8446-12702,154.2918640975323,177.04132068432148,5.038402104096156,-5.37516492143526,-15.78873194696669,-3.669940863500232,-12.10815099521438,-20.546361126928524
8446-12704,183.01355947608144,208.87464352452122,6.114095462662755,-5.2538289241607785,-16.621753310984296,1.8009197814372602,-10.384080377253596,-22.569080535944455
8446-12705,77.6479999400608,98.8353282994608,9.786263714591144,-3.2924461768796425,-16.37115606835043,23.27772101956279,8.55533269163201,-6.167055636298789
8446-1902,112.40865060117552,203.47607568983008,60.60184091992183,5.808067933499724,-48.985705052922384,-4.388864469426006,-56.602144461577616,-108.81542445372924
8446-3703,94.11741251986678,117.24236403990595,-20.83970848543198,-28.878648033611327,-35.981115738033196,-29.859421319869792,-31.71992324382575,-33.58042516778172
8446-3704,213.23706619780975,263.2719302814608,27.537166714323003,9.105650790903312,-9.325865132516357,23.793754310851433,11.553433156203278,-0.6868879984448897
8446-6104,33.37285078154876,71.96168398761627,-5.683477329446049,-32.35279207290028,-59.022106816354494,-39.79627321870724,-63.69039373306192,-87.5845142474166
8446-9101,213.03522176933242,273.8601051401359,-84.6266695324777,-111.47505689632217,-138.32344426016664,-25.018330785266354,-37.64407895543626,-50.26982712560619
8446-9102,72.29586620521854,98.64355262068293,12.204664503102952,-15.25413425489253,-41.140582991218345,6.203851087174432,-13.269198078492263,-31.932116683731085
8447-12702,68.73378648387192,107.98428629685309,4.846658812967227,-15.101999092611479,-35.050656998190185,-33.47316028896,-47.1071838998656,-60.741207510771204
8447-3701,191.10068890047847,213.28416587602536,10.862643092818745,4.8330619282659,-1.196519236286942,5.982703913429455,1.805990220558747,-2.3707234723119583
8447-3703,85.17258281120036,162.9893442002045,172.53385010245404,140.1641868087406,107.79452351502718,128.6011972528122,102.41869683757835,76.2361964223445
8447-3704,166.56651257444003,187.98620084892053,-23.22950664262933,-30.94509859945315,-38.66069055627696,-21.510080545592167,-26.83971958921335,-32.16935863283452
8447-6101,304.8787588390181,352.36542121381865,48.472096216301495,27.947842550188657,7.423588884075819,13.262208370400424,-8.297873019993647,-29.857954410387716
8447-9102,172.1066988172345,221.31809757813357,-37.13533018907938,-75.79702724236506,-111.41838097464446,,,
8448-12702,94.18924956491827,121.02463277681085,17.9955480149557,3.3517989182367187,-11.291950178482255,-3.4982064706471934,-11.979438545088874,-20.460670619530557
8448-12703,280.6699691231116,301.1053292158764,-5.996579898443678,-12.242007182317284,-18.48743446619086,6.049819280762395,1.085643658709178,-3.8785319633440136
8448-12705,66.98207217172414,79.35881980564561,20.531610322247243,11.442309767025018,1.8872081087836539,5.158149011385583,-29.229348282585597,-63.616845576556784
8448-3701,36.733259215609145,69.70888982485727,18.27235976647606,1.28270855515658,-15.706942656162896,8.375612819074593,-0.8577456763837074,-10.091104171841998
8448-3702,76.70623608220116,94.2985132368688,10.457231932248787,3.759414538981203,-2.9384028542863785,8.355556141762984,3.263676554970782,-1.8282030318214242
8448-3703,219.6300605021765,311.5249762517952,89.02034229963803,45.48434798541179,1.9483536711855949,51.278759832239054,21.204621259279737,-8.869517313679617
8448-6102,78.70519959769643,90.88757435694593,9.669384318297126,0.4317571819081212,-8.805869954480887,2.611320698746744,-4.563519685899972,-11.738360070546682
8448-6104,116.0754367916491,128.0320035682344,11.585631865572623,0.6394059644220215,-9.661798089076184,-17.512858880918447,-29.473685945867917,-40.96181939368809
8449-12701,63.25551089668003,86.97768825042512,-8.332735785792835,-35.05303442270816,-68.95367961160194,-10.093180958672903,-45.03571163703158,-79.97824231539028
8449-12702,96.74192924732871,114.27848427582778,5.512281078242321,-9.1874209066326,-23.956221574546497,-1.9203844358400344,-21.568561657388567,-41.2167388789371
8449-12704,94.42754025793472,121.00840759450371,8.216767918206203,-7.897000750887141,-23.780101445931052,8.235441243884939,0.4102604914237173,-7.414920261037504
8449-12705,191.74905885180138,223.8420462307396,-28.340493752991044,-45.888900107335566,-63.43730646168007,-25.858247529946805,-42.54273012955004,-59.227212729153266
8449-3701,228.69469614696465,281.6823402112686,-75.0544740475774,-90.46667433099746,-105.87887461441754,-68.86010544274612,-80.4477395426597,-92.03537364257326
8449-6103,373.4042237749251,437.259552474596,145.32064394044656,112.89758956073698,80.47453518102742,159.22136235689663,122.31446374602601,85.40756513515537
8449-6104,87.32708928924362,96.81296339592183,22.489188714160395,18.05738830488988,12.35840805461535,32.354912927605625,25.37071262945892,18.386512331312225
8449-9101,39.18151573452579,64.85196072014152,39.525058061781394,20.920783971532426,2.3165098812834612,,,
8449-9102,115.81081607809287,122.15362972868306,11.955480645628075,7.749958279262515,-0.02028350466530562,-2.225133057277283,-16.379864966338694,-30.534596875400105
8450-12701,97.91557649231001,112.04428212987936,11.341822887654908,3.8351756946240694,-3.6714714984067713,-0.7149496910315262,-4.363385107157445,-8.011820523283363
8450-12703,108.75954568272849,122.0126986040577,11.521991327273629,6.6412686409701776,1.7605459546667122,-7.9801035639745175,-12.14225535989516,-16.30440715581579
8450-12705,267.2077158988049,295.73848618295,5.838255267402112,-2.189821675890445,-10.217898619182977,21.055290416838265,15.138493477784214,9.22169653873016
8450-1901,57.3529010546577,69.1467513860243,8.009678253196274,8.205903846259611,3.9702171115532012,14.192159364764363,8.137563752369061,2.0829681399737647
8450-1902,154.2844424908856,214.11143388571008,15.80274198446944,-1.3332457554816985,-18.469233495432828,-7.587951601269163,-16.093716448014025,-24.599481294758892
8450-6101,153.6772947074212,202.576903727498,0.3399654013644712,-17.446681475560478,-35.23332835248543,-11.332514062489476,-19.8391952063377,-28.345876350185918
8450-6103,206.53006216863724,257.2154242674606,43.18322793355612,27.56765023943398,11.952072545311811,,,
8450-9101,120.38773636499633,132.38200848690673,11.03332539171462,3.1397152408578095,-4.753894909999,-0.7270141191980326,-8.771474917233435,-16.81593571526883
8450-9102,148.03662530122674,173.80464241255498,12.877715560712604,0.1445402419840344,-12.588635076744545,-0.35356516720507936,-8.818338172910726,-17.283111178616377
8451-12703,96.29932230809193,101.89021694048664,23.813386844098808,21.73074421604366,-3.577927832113987,37.9634436419214,28.30805885301563,7.2357232374905855
8451-12705,112.9793327957394,123.96256825703057,16.126392827469356,8.967372634646784,1.8083524418242138,11.140608837304585,3.6602289757794555,-3.820150885745662
8451-3701,101.9354750412896,132.56881235174546,28.9835800609737,19.436769053475047,9.889958045976375,8.766946527607823,2.692145073446616,-3.3826563807145824
8452-12703,235.56646607070977,248.5162156005296,7.222825638244912,2.6797931460150517,-1.8632393462148238,-0.173220651755438,-5.680370129162838,-11.187519606570238
8452-12704,213.99681357849795,224.492545243077,-10.41237055879621,-20.101834920321746,-32.05659320663233,-2.658293496210473,-13.79022130869732,-24.922149121184166
8452-1901,43.55372040345365,65.4147592353449,49.570037231409195,44.29443464755053,39.018832063691896,52.79840438818178,54.90515817233738,57.011911956493
8452-3703,325.9134419589126,412.12701566722507,107.52018227705321,69.7542929465799,31.98840361610663,32.569877778763455,-0.9361616725043055,-34.44220112377206
8452-3704,140.64488736941186,146.5009018471738,14.100568165100132,11.184069655265766,4.623543696063157,19.277264844581204,3.4215205591308706,-12.434223726319452
8452-6102,192.99329406612935,225.53528415707365,14.742735990809823,15.819252181745611,16.895768372681434,-48.01316948462118,-56.68016068120534,-65.3471518777895
8452-6104,121.29030924465506,134.96266859243138,31.054862063824036,25.327891289566598,19.600920515309173,23.168516117838493,17.356148916677427,11.543781715516372
8452-9102,168.7402452780797,181.16482371212808,20.32858688961121,14.615479574513218,8.902372259415205,8.967025088973143,3.4468161346407427,-2.073392819691658
8453-12701,130.39559285519297,137.7800690964522,14.749059214340033,10.52742963939979,6.305800064459533,6.41271028005826,3.198502357528854,-0.01570556500055354
8453-12702,91.82715061860411,112.91287713074162,30.581208285470076,12.393717402374678,-7.194165104318082,24.92316009687151,6.312874202860653,-12.29741169115021
8453-12703,222.33377215055359,240.46085814277455,10.233567711205838,5.039880584381708,-0.15380654244243788,10.22554457453936,4.742530215251616,-0.7404841440361084
8453-12705,144.48115967064945,157.7766829879313,13.418065358442512,3.5310275260215516,-6.3560103063994084,-14.094594812309232,-27.190126132460577,-40.28565745261192
8453-1902,91.5690010422771,119.23683892866302,23.167094790652513,3.8498817060659842,-15.467331378520544,12.10484712520034,-3.8272840431199677,-19.75941521144027
8453-3702,165.70929034176692,203.06313537614815,-7.801479502950592,-23.213239337212215,-38.62499917147383,-15.015567165408697,-25.358101270570053,-35.70063537573141
8453-6101,66.00842281541057,74.77612745423946,11.555369147671165,8.62219319841247,5.689017249153773,-42.89802913696372,-48.608132945913255,-54.318236754862795
8453-6104,82.16655688136267,135.88995295915132,45.06242713733712,22.747495724733056,0.4325643121289799,15.247545511348223,1.4922061640460558,-12.263133183256091
8453-9101,98.46071751995298,107.85232664418993,18.164959565551563,14.051824035648865,0.64189794041397,20.621164008421157,-1.0039930262538823,-22.77137798825145
8454-12702,216.27470839898098,268.2674798154548,5.335057464944712,-13.213666712045367,-31.76239088903545,-16.747325816804114,-31.236295460595805,-45.72526510438751
8454-12703,161.08361266603683,180.24382039942122,23.109400330667885,12.62201071540561,2.1346211001433337,4.715639305411609,-5.345668751080277,-15.406976807572162
8454-3702,105.27043412212699,123.10146255128757,15.319941837650951,6.340062146220746,-2.639817545209428,-1.1215065479234727,-11.525891839658629,-21.930277131393787
8454-6104,82.710079095885,119.52859936922972,-1.9424242770694842,-22.434533168892557,-42.92664206071563,-12.345785301372379,-30.217781902354712,-48.08977850333705
8454-9102,178.93356192259475,213.8034661891871,-2.3802556534777564,-30.302160498171304,-58.22406534286486,-9.363515953805438,-41.13785181274948,-72.91218767169353
8455-3701,135.97364222634562,166.12750556398967,5.894518723057992,-10.272738631593215,-26.439995986244423,-8.152479541891159,-22.42778397049152,-36.70308839909189
8455-6101,106.72934463069151,118.76650534154439,1.2068545450480122,-3.3010157960307462,-7.8088861371095035,-7.400597375581497,-9.954282218532652,-12.507967061483807
8455-6102,139.7108416149424,173.07940534993256,11.104547469485313,-1.737347168717275,-14.579241806919864,7.100403978166145,-0.2231077709328113,-7.5466195200317685
8455-9101,95.88960641237564,141.7292563058238,27.649132849463914,3.8281402074354864,-19.19016972892187,86.99395355155873,80.50161892681969,74.00928430208064
8456-12702,52.0678887819187,77.27204383203102,3.857305428704441,-12.33236531430173,-24.72911622367199,-56.60766363822103,-74.1348466638988,-90.63005970898718
8456-12703,111.8220516025982,135.53649197278298,10.944339113318504,-3.018897374877125,-16.982133863072757,12.367789038671333,0.10850147527194191,-12.15078608812744
8456-12704,57.368869498239675,70.09374539024597,14.999577329038098,7.4793113566477905,-0.04095461574250848,18.988591835069393,15.226128795564053,11.463665756058706
8456-3701,218.38351730434752,287.055152144043,-40.230531924590956,-3.924853263440696,32.38082539770953,-108.33148037546357,-80.45599532659018,-52.58051027771677
8456-6101,128.3495779471947,161.8347714255899,-46.508497750746386,-55.10844782696337,-63.70839790318035,-11.48146579851265,-16.34827362086763,-21.215081443222612
8456-6102,225.56320636379218,299.2979418154651,25.712886650983712,10.896113917186403,-3.920658816610948,-38.1555656656998,-54.387698898528306,-70.61983213135684
8456-9101,119.52019921081803,133.21945123027965,16.67644107791413,11.246453902802497,5.816466727690862,12.967547030179162,7.058705453512038,1.1498638768449283
8456-9102,105.74219805564037,122.73919328878425,17.592723507040663,7.263310228699947,-2.8492625905381863,17.85039901867502,9.58974748165898,1.3290959446429418
8458-12701,124.28778234722927,148.62576976222806,21.21597778886567,23.486203339617706,25.756428890369754,24.254815568466515,24.98804448352854,25.721273398590583
8458-12702,69.80926034099502,87.59299222297678,-0.47627894003529253,-13.806721067564602,-25.561271522814597,-49.74385029616312,-64.48869809198672,-68.38999502202417
8458-12704,91.28423909277919,109.74557717644883,6.6013097036537065,-11.081628572358493,-29.010546767438957,-14.720239259963625,-30.60387313038541,-46.48750700080719
8458-6101,98.55981587632029,128.26498751861087,38.123564138485406,26.079170568390612,14.034776998295806,36.29604241852463,24.35602442974173,12.4160064409588
8458-6104,66.57935125927915,146.70126865461836,29.94041023464143,-13.94747626948533,-33.76285429305587,,,
8459-12702,54.609441938732324,69.50737608891302,12.598488439544228,-0.07204379842724212,-19.10462415089566,-1.6168659095641986,-30.057403448728127,-58.49794098789204
8459-12703,93.94432370150552,115.25759051530119,16.316447447269084,1.8612029128355063,-12.594041621598086,12.945091688045787,-0.05231381824609011,-13.049719324537971
8459-12704,89.67755155741492,100.98224426217169,7.217335784633003,-2.624156868918086,-16.58740008512532,6.8071152106488695,-5.026073155708805,-16.85926152206648
8459-1901,47.24798234484073,94.96027996135749,80.82371981286116,58.81210625972999,36.800492706598824,72.33294674761115,51.38279095344768,30.432635159284228
8459-3702,288.8734811666988,331.368598835471,45.48247072490318,30.846567870142128,16.21066501538107,24.177571255370957,14.588450053009524,4.999328850648131
8459-3704,59.10912787565246,80.04138976610506,24.040588108123604,7.823148509440718,-8.474336765286846,21.962645984447132,12.19196584759801,2.421285710748891
8459-6101,148.04165170823129,172.24517995638595,40.14344203741591,31.49931080921246,22.855179581009004,18.300119397279666,10.505827215581757,2.7115350338838518
8461-12702,76.39461947370684,96.44892722042064,2.7037755357815296,-15.879471426246555,-42.048387947970156,-7.655201696204926,-33.890682662010136,-60.126163627815345
8461-12704,57.80477131365313,77.04316313193104,24.86277929388339,13.021789159311442,1.18079902473952,27.79828605108935,18.658719945966208,9.519153840843067
8461-6101,124.47830271601097,140.53768744895177,13.436236393298124,2.8315019695304082,-7.773232454237325,-1.7557141542300112,-13.81761677858681,-25.87951940294361
8461-6102,74.34983962362658,86.08415211119653,18.18628025015533,8.273677526714435,-0.059802899236071405,15.278297427918107,7.840989381650899,0.826506457268553
8461-6103,115.87337201033301,142.8709105340206,9.789325431151598,-0.6611061266263656,-11.111537684404345,-3.93723695018826,-12.200643768950375,-20.46405058771249
8461-9102,37.986974003079155,47.74704453774118,231.17055118414146,228.4461980852439,230.36565310770035,,,
8462-12701,89.29651920916886,108.45344903027849,-1.4361839303232549,-14.745835077602313,-28.05548622488139,-15.903300039480042,-30.787497054693834,-45.67169406990762
8462-12702,80.85740586652308,93.7482836008672,20.77309379763096,11.914928520183542,-0.13368912281598044,-58.31305422355589,-79.57953956367041,-100.84602490378492
8462-12703,113.15851689724042,128.46326159306224,9.861141418946128,1.003255536088795,-7.854630346768533,-1.0681740394318058,-9.40718664991803,-17.74619926040425
8462-12705,214.0450730646198,237.51168349473753,-16.130776984421313,-24.010743080281852,-31.890709176142405,-9.611074172169884,-16.48619691663488,-23.36131966109988
8462-1902,,,,,,,,
8462-3701,197.90325145316547,282.8021523936059,76.64378390603602,57.46513845179912,38.28649299756225,-2.5172444062750428,-13.513782345913166,-24.510320285551288
8462-9101,129.15682223249308,146.72366717688783,21.852134916478086,12.68121106706097,8.214244594383356,-0.3459538461310132,0.5176038638729544,4.526247370194128
8462-9102,80.3937697473464,100.82700900438608,12.733802458659966,1.0630371387584947,-9.604771623978623,16.48284647398242,8.315035176989394,0.14722387999636746
8464-12701,129.75010481464102,141.54087305837967,6.187043980761989,-1.3818396785181362,-8.55678572451147,14.927710592676046,12.579618673304026,10.231526753931993
8464-12702,193.39663249196605,223.47447887837845,34.69897570896642,20.87099085671413,7.043006004461845,8.709238258321284,-16.000801434929038,-40.710841128179375
8464-12704,109.87954673269856,124.3483194597763,33.75608004183642,23.959923264657988,13.967877382937672,8.553542838184825,-7.682291484514547,-23.918125807213922
8464-12705,64.74395973061081,90.28586492313337,20.102415708912627,-4.119172327345985,-31.25882602870871,19.748884701355287,2.50682532948361,-14.735234042388056
8464-1902,62.97130845798455,171.68323887444566,-23.665609680417425,-79.15501775732776,-134.64442583423804,-40.22093948800395,-67.73060648319752,-95.24027347839112
8464-3702,90.32746598776644,129.52637528335222,-54.508849247711964,-59.153109775504205,-55.65759411961663,-45.99591559863094,-31.705621577150268,-17.41532755566961
8464-6104,110.90384372472724,124.12742482733569,0.4344628346036292,-8.471769069541827,-17.378000973687282,-11.398948918527504,-21.064888137599734,-30.730827356671963
8464-9102,117.13627694406819,135.31007983980268,10.803557338199148,-0.4429610360493625,-11.689479410297876,10.456667688828041,3.346605647588566,-3.763456393650908
8465-12702,89.42655425402428,115.41906113860287,5.123809919633399,-14.565045418877636,-34.25390075738868,-7.75239504733528,-19.79325388819495,-31.83411272905462
8465-12703,174.21753730066757,191.81334122305745,-11.122678172895517,-19.775466719940134,-28.428255266984756,-21.31908345219486,-30.24932081645657,-39.1795581807183
8465-12704,171.5536361202642,222.09210130081655,-23.953103968334695,-41.520215796321224,-59.08732762430773,-22.75224886975408,-32.15931800090797,-41.566387132061855
8465-12705,196.9577982070105,256.64632941016555,16.320694503270687,-1.8087603585528271,-19.938215220376343,-15.041530529926812,-23.356459481654248,-31.67138843338171
8465-3701,44.436060683630295,101.61959081673493,4.695379476159248,-31.351884940102266,-67.39914935636376,-13.066858326386921,-34.30013117172473,-55.53340401706251
8465-3703,152.2659477670577,185.4058121340041,18.363882217429737,2.668545110165646,-13.026791997098462,8.089664610099716,-4.309949272795061,-16.709563155689832
8465-6102,85.76869482922359,112.92898557351491,34.97357337485493,14.484229171977205,-6.005115030900511,7.233007076836425,-4.61570057398263,-16.46440822480168
8465-6103,145.0873977526852,219.80443898059565,22.107174889092864,-12.344872428588214,-46.79691974626929,-3.063593620411661,-26.77424261840527,-50.484891616398876
8465-9101,127.84706361858264,150.5050716804847,28.139282391319487,16.45819800874627,5.410833295488111,64.70671054184722,64.12463939990775,63.542568257968306
8465-9102,198.323151942709,220.69144423277874,5.061820384968498,2.6376364543654627,0.21345252376242535,45.76779696505012,42.125374298296286,38.48295163154246
8466-12702,165.43753584010767,174.31797872392616,11.370762116501409,4.299664079698246,-3.0827979713829965,15.413656448855422,5.413310954013047,-4.587034540829322
8466-12704,143.26993702753933,144.37922110038107,26.05887416661321,27.16989990866035,16.46052665441757,21.47792122912069,15.230489470247198,-4.193755726205229
8466-12705,93.05226004936924,109.59880680726594,32.85134861337538,24.51341759460159,13.481682509297837,20.36738594255397,3.9458437530010095,-12.475698436551962
8466-3704,328.29620162524463,420.76569809866976,221.99568873424835,264.7643169680474,307.5329452018465,90.82190026112245,69.4360995604509,48.05029885977934
8466-9102,59.35823186496575,87.47901279298371,12.276763911938923,-13.643069520030055,-39.56290295199902,-9.847456025086677,-34.59472289413158,-59.34198976317648
8481-12701,297.170495549082,330.07616043773925,-21.76437588686782,-31.460883465013804,-41.15739104315981,-11.81256835188417,-17.85558076169937,-23.898593171514566
8481-12705,130.55039889547592,146.7925063205179,22.890309098953573,16.48648684161661,10.082664584279652,52.21658594843689,45.614600864171834,39.01261577990678
8481-1902,214.5529291191211,256.34205152827184,15.205853852910732,1.9838398527282768,-11.238174147454165,-8.602935207838744,-18.04113691109331,-27.47933861434788
8481-3701,130.25976949135924,147.88837495895322,1.3345826228786637,-3.79894438216932,-8.932471387217301,1.7005044671648804,-3.837371213380198,-9.375246893925265
8481-6102,98.95672016391154,140.74849265677614,-1.1870185748098403,-22.101904060449876,-43.01678954608991,-2.1733111002660115,-8.897418041444709,-15.621524982623416
8482-12703,244.25574192509447,251.39325428109254,20.63003841166411,17.027600858446213,13.425163305228343,31.97335919697888,28.975548666332095,25.977738135685314
8482-12705,230.17480722396317,244.2412215378883,15.94806702729133,11.801511559128048,7.654956090964751,8.933551961838681,3.525789195904108,-1.8819735700304652
8482-1902,116.72905544467427,200.70856101209395,13.861102970810878,7.471810640382393,1.0825183099539075,83.76463512156236,97.5595801604256,111.35452519928882
8482-3703,258.2611695561813,335.29158747532705,-25.96893244631366,-63.59347457221457,-101.21801669811549,-49.257132045522,-77.72790858858626,-106.19868513165048
8482-3704,258.70793449598756,284.0130339336744,5.4869425653778015,-4.147398978108075,-13.781740521593925,5.399034253715391,-3.7916847484001965,-12.98240375051578
8482-9102,185.68318654428245,220.4421990497971,15.577077679963315,2.6598708796738095,-10.257335920615718,2.5998304359587334,-9.476894719659143,-21.553619875277008
8483-12701,93.43550336211042,112.23774057450332,-3.9502176615113993,-12.504434829493562,-21.058651997475728,-2.326066474165433,-8.612769769910475,-14.899473065655524
8483-12705,54.36479032610541,66.2586334100072,10.735604796041082,3.65415177074887,-3.427301254543335,7.2689986619825335,2.7167419556492396,-1.8355147506840626
8483-3701,156.5985985890624,211.24509413724493,21.867343683768468,5.241545237996286,-11.384253207775906,-3.2612442700856317,-10.522736880373454,-17.784229490661275
8483-3704,99.78605096688811,118.22716623964392,27.417955679039178,18.87357275291924,10.329189826799324,38.197453308091056,27.81811959212777,17.43878587616448
8483-6101,177.4125248311588,208.01263298425866,4.761097430286556,-4.704401444221841,-14.16990031873022,-10.445259520716721,-15.39083625738286,-20.336412994048978
8483-6103,85.57803113554566,106.47890218640042,7.382640417485263,-10.793985873740143,-30.263399358043543,-1.717002821062483,-20.333466131910075,-38.94992944275766
8483-9102,90.40772794206211,99.11029694159461,10.521158851241635,4.754590554549235,-11.271739814404448,20.56712195430296,3.889093314489058,-14.083589110334893
8484-12702,206.42505085447303,225.76612187723592,-5.065126909800716,-12.783126038731877,-20.501125167663037,-7.611520216912553,-15.802232131091808,-23.992944045271063
8484-12703,212.10884391724173,225.5859571656419,-5.7868746664428885,-12.689494673953567,-19.59211468146426,,,
8484-12704,198.12647631964296,232.99434032544258,14.844050847092538,2.2470654199438846,-10.349920007204764,25.633000714496337,16.48519989303417,7.337399071572011
8484-12705,57.81601094364044,67.0813431523618,21.923379989866124,15.514651276242747,1.6960150144392914,35.41749570539268,14.335332123445147,-6.746831458502389
8484-3701,82.24940453076735,104.31106508620537,49.92225804619006,36.57794958327947,22.000790501611,,,
8484-3702,183.66309532125848,229.01934303408683,3.6191940582345876,-10.74143091747043,-25.102055893175443,9.180756286329016,-0.8302360348106395,-10.841228355950303
8484-3703,176.2862818029478,188.23785408239974,8.553393572442431,2.9097202640804825,-2.733953044281485,,,
8484-6101,133.31388580565186,150.7048700603677,8.475189981391946,1.3327048287140624,-5.809780323963811,28.127948334788755,21.078203320930356,14.02845830707195
8484-6103,102.59298459403341,109.67799785830894,15.592586684675982,11.088803086947168,3.047804187512729,-0.14867775105707487,-19.738007296376338,-39.3273368416956
8485-12701,64.6367975159359,81.7654420351138,24.665107766052312,15.40047900409678,6.135850242141247,28.730464631791815,13.911890203887937,-0.9066842240159418
8485-12702,87.23408534644554,101.53518403750027,-1.8147063708763107,-15.363861372038109,-28.91301637319991,-52.55431457993171,-62.87908539069141,-73.20385620145112
8485-12705,112.61406270634902,116.88232007996174,-5.380663027763176,-6.959958057055106,-14.93581667283666,-17.59370709636152,-30.699080966841453,-46.074357475079076
8485-3702,85.77919616541821,107.81631356734849,-2.877694371585561,-24.407183811629544,-44.86540683523535,-13.170810626848441,-34.932351662444304,-56.693892698040166
8485-3704,79.09695460337386,87.26393513039565,19.83816671270303,15.677674671989797,7.696554694843138,52.317966674185826,43.54442864447254,34.77089061475928
8485-6103,142.31670621647325,183.96181908952704,26.866875810938136,12.356327395920797,-2.154221019096518,27.67223445966928,18.13552211983344,8.598809779997586
8485-9102,193.12643572007428,209.47476643981835,8.439213240891227,-0.0928526731196884,-8.624918587130601,-4.289137435665418,-12.846594747061292,-21.40405205845715
8486-12701,272.34849009820624,296.4873804816592,6.497192003049894,-1.5190045822770453,-9.535201167603958,11.897793245233615,6.735030028868422,1.572266812503232
8486-12702,60.9224125523296,70.01923345601244,26.547874431005802,20.59146927606345,-32.224811111561,45.9188298849021,24.57032309784136,-22.960460445106126
8486-12704,69.6119826634915,83.58070439689601,11.769519998901393,0.23382032403252462,-11.14595788782097,4.448194523086591,-6.930888441310494,-17.217030940379615
8486-12705,219.9554035312121,273.4379745040969,68.26075312441642,35.71865757099861,3.176562017580802,69.83479830866776,44.52814011043073,19.22148191219376
8486-3704,186.53495003705592,335.62412479218347,-29.81693964113281,-108.50040437772975,-187.18386911432677,20.80774582575914,-18.11543753200346,-57.03862088976608
8486-6101,169.49867121910518,202.0839938770069,2.217928916861896,-6.057875967258089,-14.333680851378078,-14.955823859097347,-18.763895711032475,-22.571967562967583
8486-6102,79.5448085106359,89.91469545746523,12.669737298235503,2.6487369691097857,-8.481763713549178,12.435248291325932,3.7846002788817943,-3.5283038878661572
8486-9102,75.45512303791621,88.23521518730884,22.075432270986543,13.002056157127221,1.1620644657165062,6.793374782039775,-9.304931733984874,-25.403238250009515
8487-12701,88.07442597748361,111.07492266474232,-7.966264603237016,-26.51654108166345,-45.06681756008988,-15.856739500808118,-25.33280545956986,-34.80887141833162
8487-12703,107.20752550842064,116.15876940057167,19.772493979146194,13.325955618439274,4.635430368272524,19.1092114686093,11.447101263452236,3.784991058295176
8487-12704,99.40994807059373,114.20930095126815,8.904597883821385,0.2855349609513759,-8.333527961918646,6.928190751099873,-0.6390583798920438,-8.206307510883953
8487-12705,67.39428452441169,81.14490503747751,18.23370708517727,8.366260418795886,-4.052774307988932,20.875127170334668,5.231329483198141,-10.41246820393838
8487-3704,44.083509417851694,47.16553077819321,19.67461886060433,17.879529272532313,11.972101260207568,27.38438384566159,22.600838146443607,16.56076798260146
8488-12702,191.91671486985518,228.43975362983713,8.083441581885625,-3.6350086377002246,-15.35345885728606,9.421744954431697,2.4818202730662846,-4.458104408299107
8488-12705,225.79286021209344,257.6186578247677,20.27275290360387,3.1773616180927844,-13.918029667418315,-11.071995193623616,-28.777445330051886,-46.48289546648015
8488-3701,88.64836725572684,101.1747750755132,1.7003926416105808,-7.239898284714824,-20.21402055716775,6.971194915603507,-8.901242749964434,-24.773680415532368
8488-6104,80.84642113659868,86.98665874914855,13.626266838649595,10.979727181812201,5.7901598352237045,7.617750494721401,-0.16244090029233035,-7.942632295306068
8488-9101,89.45246285484829,100.92374019158274,11.397501657714326,2.3242168468910336,-6.0799557064259515,13.65467251777136,3.958267056620314,-5.738138404530728
8488-9102,86.2622571549842,102.30546940594346,8.330962100168497,1.8667106597942655,-4.597540780579957,-14.916411239187788,-29.06625448565658,-43.216097732125355
8546-12704,141.98092774132886,157.71457661110168,0.5760884422824372,-4.610529368489458,-9.797147179261351,0.9922726320093912,-3.971647910978372,-8.935568453966132
8546-12705,133.95757743932964,149.5211320430383,12.78231936470581,5.118853400402473,-2.5446125639008526,5.945071430883449,0.3192010937466326,-5.306669243390186
8546-1902,211.44454525129242,229.2458841357364,-0.9992217698916067,-6.318129669750655,-11.637037569609703,,,
8546-3704,141.5677950186656,176.86883254479827,-17.385378105659377,-17.004584933038032,-16.62379176041669,-13.758279255911019,-6.515946040881966,0.7263871741470834
8546-6101,128.71068862041398,143.92024300428645,15.581425885171615,11.694476791124359,7.807527697077091,7.710311212368005,7.189222703363401,6.668134194358797
8546-6102,139.34539907837797,165.4529929437252,3.9481136487448616,-5.862831396248058,-15.67377644124098,-14.21435996141356,-20.102435324733282,-25.990510688053
8547-12701,201.67619705910255,237.48671543130038,19.652847124067346,16.783952183044754,13.915057242022163,8.100531023841523,7.264682254362205,6.428833484882883
8547-1901,119.93494886624971,169.69598735604075,-72.59320798699332,-93.01687147387345,-113.44053496075355,-104.04717707618296,-119.78651319504696,-135.52584931391095
8547-6102,169.1750439664194,196.1897402352265,-4.476805004157428,-13.990276983495926,-23.503748962834432,4.264464921402357,-2.4455161845393256,-9.155497290481014
8547-6103,105.53770699763949,115.43752282614524,25.836127299340916,24.78606978582516,23.73601227230942,8.463437684674421,2.9351397415273235,-2.593158201619771
8547-9102,149.961327015613,175.77192689533808,-25.99697437070672,-10.827749544101428,4.341475282503866,25.81221018268033,40.54648536439488,55.28076054610945
8548-12701,203.79508647619562,229.13476286960025,31.587020200402165,25.3821159326365,19.177211664870814,46.02158997102202,43.34130547851499,40.66102098600797
8548-12702,96.91907169372406,114.61533679036403,38.60163269133536,22.800424312125365,6.105340317062059,17.261688854826833,0.40883170840172955,-16.44402543802337
8548-12703,107.73539730837977,113.88856189186227,-0.34171854361122667,-5.022638093568329,-22.743627345443784,15.43787904993172,2.9703747796660176,-14.373129251894342
8548-12704,98.7838330735802,125.29710439931208,24.77425422055923,9.473420994029839,-5.789667215315677,14.411116512528807,3.7388451769942845,-6.9334261585402475
8548-12705,110.59444643787316,194.45833198459516,104.21716951857928,80.76807955926377,57.318989599948225,,,
8548-3704,83.76390127432349,103.90608556728999,4.791955341805775,-4.425093288585092,-13.642141918975947,2.9460664580934233,-1.6385097772312325,-6.22308601255589
8548-6102,153.76224411848335,195.4989088121403,13.836481338796364,-1.6430689150564157,-17.122619168909193,5.952390613875464,-3.933723613590163,-13.819837841055811
8548-6103,70.12568141541924,82.79357929162606,34.63283493434261,26.20654476105358,-0.25349638618748194,34.22864624831767,10.956690950462276,-18.146287683944482
8548-6104,119.62565219485252,167.00028554041535,-9.021368627199921,-7.81423359065996,-6.607098554120018,4.4540901689823835,1.262339059467362,-1.9294120500476724
8549-12702,250.52007599625597,267.25059753965724,7.741204634925413,1.520953811470436,-4.699297011984545,11.406838676065002,4.351109130751284,-2.704620414562467
8549-12703,105.57802289947105,109.24372317290245,14.615543861909048,12.400017355800815,-6.820548186454124,-2.017803439904442,-11.611668712086415,-33.18142315445749
8549-12704,81.80393021484393,91.50070918050938,21.463448384220342,15.613935156162281,6.610765967331868,15.457703139529004,6.124480859494286,-3.2087414205404365
8549-12705,60.81600648236232,201.8215377872135,118.63060720368169,70.57737058353351,22.524133963385328,107.39083821498993,97.54097855823802,87.69111890148612
8549-1901,48.51792155007775,73.38429962823794,-3.3254264968323173,-23.884236731579794,-44.44304696632727,-10.842600267729194,-24.93568224400676,-39.028764220284316
8549-1902,51.6883848269754,104.75546339435226,,,,3.68989653813304,-2.163909762813897,-8.017716063760817
8549-3703,154.355077711405,181.2931208548036,-12.120098778411746,-25.509160495101348,-38.898222211790944,-14.195608421958099,-27.814201537601704,-41.43279465324529
8549-6102,164.4838258053774,183.53775477039218,1.8075123702634996,-6.352579746202462,-14.512671862668425,4.562971534008121,-2.7827849526719706,-10.128541439352059
8549-6103,92.94984830793217,117.10878522403353,-2.44382760470212,-19.17436789132261,-35.904908177943106,-19.317464895576297,-29.300003226846574,-39.282541558116854
8549-9102,143.90912902765874,153.46995654732714,5.2782631904386275,0.8104522279775165,-3.6573587344835947,-15.621544811563897,-27.09788313769864,-38.57422146383339
8550-12701,116.78212285265721,231.06800689524118,62.47960275576483,-8.991442123896375,-80.4624870035576,25.50702801299717,-24.205572835042286,-73.91817368308173
8550-12702,275.98186254698703,299.52671535483296,9.70088760684619,1.5659395132391065,-6.569008580367976,7.368374896258112,0.4266728559631255,-6.515029184331836
8550-12704,128.53008677381993,150.67944627325954,-1.666185934882739,-9.19021925472639,-16.71425257457003,-5.03479840541172,-9.462815153444614,-13.89083190147751
8550-12705,252.73206992051126,277.74398535105075,32.35213801185033,18.109438654853026,3.866739297855721,,,
8550-3701,137.80297364499583,178.98064215198437,-3.52501977594537,6.246663197398808,16.01834617074299,8.771402429521736,21.27227772737653,33.773153025231316
8550-3703,125.84591556191778,193.52857270412616,-78.53046865989677,-89.47869962138938,-100.42693058288204,-89.99615249263555,-75.57338262017016,-61.15061274770487
8550-6102,98.60782107943702,116.24319866590668,29.289309497194505,23.304839370383515,20.510430530302404,54.06222315283828,51.51017794048342,48.95813272812857
8550-6103,180.7662589082277,212.5919552045078,37.433958329250274,22.88795377589718,8.341949222544102,28.020291170586713,15.69315251528179,3.366013859976856
8550-6104,180.9176496750322,219.7293948160037,5.521455572033902,-5.332624047040073,-16.18670366611405,-6.677418984167626,-13.525904319278505,-20.37438965438938
8551-12701,210.52627074298402,245.31911390223036,28.435778497252798,11.875459301877266,-4.684859893498251,20.686520523608756,4.057494674916884,-12.571531173774993
8551-12702,195.91403832659608,221.81973946057377,14.941385270962929,3.7711794280953317,-7.399026414772267,-3.6147167793924173,-16.530810766067955,-29.44690475274351
8551-12703,90.17379819382808,99.75951215964345,13.98682849388043,8.125679911838311,2.264531329796199,7.393041156174778,2.024799660601415,-3.3434418349719475
8551-12704,165.30049906987512,192.76176112303054,8.840294763395896,-3.8099271321792423,-16.46014902775438,12.559677915476993,4.981572825519479,-2.596532264438038
8551-3701,58.29175620991675,99.51978040245318,-2.5712386679559134,-36.04162830907881,-67.63497409469313,-21.089020165209902,-40.74019067009829,-60.39136117498668
8551-6104,102.15881509731845,119.02785423851817,16.81561400271921,14.118885311970846,11.422156621222486,52.358461785065174,49.08108533784041,45.80370889061569
8551-9102,91.1196364784384,117.76340608604932,-17.64045904579549,-36.175707379668395,-54.7109557135413,-32.23458786997459,-47.339154776486424,-62.44372168299827
8552-12701,176.51447935263067,207.82773273684666,-28.18150832438448,-48.18229570307839,-68.1830830817723,-5.248505486235673,-30.37609813376987,-55.503690781304066
8552-12704,167.51359092504805,192.2094584356949,19.72126254096636,5.691914152084934,-8.337434236796488,4.5956591911931595,-4.13195098499408,-12.85956116118134
8552-12705,62.256365587340866,86.63747946760952,9.690606774594876,1.5888671978790712,-6.51287237883674,-10.40117585367161,-13.336900109894987,-16.272624366118368
8552-3704,52.01357952698136,,,,,,,
8552-6102,70.71087393320964,102.95119585921223,28.857430724576894,9.31381492682056,-10.229800870935795,26.724335397549932,10.50220451808413,-5.719926361381657
8552-9101,175.88207462173145,203.28764208555333,-7.245687301614247,-16.565449716087397,-25.88521213056055,-6.465874629304228,-13.053963305121263,-19.642051980938295
8553-12701,117.38002116695128,127.2932011260419,-1.5835005734116125,-8.236202424404562,-15.675463731313343,5.9261530195682965,-3.0137487170786765,-11.95365045372565
8553-3704,116.14756643230679,156.2207453986906,23.788326290687813,2.4893663358684313,-18.809593618950938,7.480949630029052,-7.870589934785473,-23.22212949959998
8553-9101,135.9617224626138,158.05240497510874,3.0904257872695173,-4.0808665221176685,-11.25215883150487,-6.248197781291155,-13.89277673784927,-21.537355694407356
8554-12701,319.24291169335737,334.054296942869,21.047475649286213,15.069494546589192,9.091513443892149,34.74916800082375,30.882819366712695,27.016470732601643
8554-12702,90.42403060873458,107.86123647053427,10.839285168990775,-0.4548189453796804,-11.748923059750137,12.269738410110739,5.429028016983766,-1.411682376143196
8554-12703,256.57770224934404,267.6694295049363,17.784650850430584,9.070052696947808,0.3554545434650349,48.6075574009057,38.129065851603464,27.650574302301198
8554-12705,156.13341563807822,178.2591837341317,14.79267416063783,6.619805356238406,-1.5530634481610115,1.1022168780875912,-5.827774966342651,-12.757766810772896
8554-1902,125.87960212572736,175.17374359951828,4.18566127116151,-8.642437506358487,-21.47053628387851,4.885704036290158,1.1609408423931913,-2.5638223515037692
8554-3701,98.1579872687699,119.77161981011142,-37.97225873746287,-45.25066524648532,-48.12979071777705,-48.317147073655065,-48.89715911574396,-49.47717115783285
8554-3703,73.38171380172118,156.9336891065372,-144.35526436626483,-168.643617941954,-182.7624334416375,,,
8554-6101,58.99169479656539,78.73149702691632,14.260237392732549,1.0215745024186254,-12.217088387895307,-8.96921259734354,-27.77773669520661,-46.58626079306967
8554-6104,250.69682219862622,318.180182521816,21.198550098544686,4.065907691712911,-13.066734715118857,18.329133524349675,5.5919707898002775,-7.145191944749119
8554-9101,100.74866233933119,106.69953187816793,18.091111356920447,14.692797790309754,5.001940282181548,16.481690124859174,-2.7575896583966495,-22.937338710553888
8555-12702,205.90814408030064,258.3617729000513,-9.921936074183515,-22.28748540204636,-34.653034729909216,-30.520328275866778,-36.57616733165464,-42.632006387442495
8555-12703,212.34470258479513,224.06833256815807,7.929165686782504,3.631964570634645,-0.6652365455132148,16.682534247779206,8.427143774341626,0.17175330090403085
8555-12705,200.61944506380885,215.49074656185587,10.68551683618705,6.090223557322277,1.4949302784575045,8.084814272374667,4.576296386016627,1.067778499658589
8555-1901,,,,,,,,
8555-1902,101.1476744841287,126.37215010443268,43.09711705044782,35.95397452788905,28.810832005330273,14.73095686729008,6.626149670394195,-1.47865752650169
8555-3701,245.48607566718115,303.220943861253,44.57006921690994,32.39516349318295,20.22025776945591,-25.31411360431971,-48.90043016711883,-72.48674672991793
8555-3703,126.14077349908155,216.87435562747368,-2.408430043199812,-39.12679984744557,-75.84516965169131,-34.731161786052205,-50.80285512662908,-66.87454846720595
8555-6102,307.59742711653877,384.7749574035698,94.34471734535545,68.96249428822524,43.580271231095075,52.31168601402459,37.42276342567913,22.533840837333617
8555-9102,127.27990845925855,144.17281422680244,25.738181287920984,19.692641755348127,13.647102222775287,18.767580281813306,13.76554117589101,8.763502069968718
8561-12701,141.38454197972746,154.4089568290031,4.636654990084016,0.38328660676729304,-3.870081776549428,8.081511364536427,6.679639582228206,5.277767799919996
8561-12702,88.84884006647441,138.47670942683027,-21.550729839553906,-56.70883822928525,-91.8669466190166,-9.816479365792095,-18.733383569506444,-27.650287773220793
8561-12705,104.29160340591208,205.79519059766778,17.469762921138333,-18.529386133400752,-54.52853518793982,,,
8561-1901,,,,,,27.9667150162254,11.78187297881978,-4.402969058585829
8561-6102,126.71843030368052,159.61751086303346,18.73122321546405,5.067692723204226,-8.595837769055597,7.756018800469192,-1.4067623767861153,-10.56954355404142
8561-6103,177.6567481003618,234.59313910245618,20.898790939840875,-3.6655176818537893,-28.229826303548442,8.341141399818268,-7.062117201665315,-22.46537580314888
8561-6104,263.91921831810964,333.7314681186109,69.35872028593998,48.34676259498595,27.334804904031905,60.43605252070777,42.924391392796856,25.41273026488587
8562-12704,56.52741767163201,108.86096857486952,-28.08889242520638,-57.36854142501597,-86.64819042482557,-49.81236339004857,-61.269106611115724,-72.72584983218287
8562-12705,288.1958620495937,342.6079858053315,29.667315900620082,7.417185741243503,-14.832944418133089,11.477395587180883,-3.1976847025344974,-17.87276499224986
8562-3703,113.68638786819578,151.19662000573686,34.25858193150415,22.823944028985828,11.389306126467496,19.617640150722778,10.511653284476198,1.4056664182296337
8562-3704,125.63494092914938,277.884556867346,173.827022340901,96.63069192055656,19.434361500211995,92.18689869423837,8.315221484776561,-75.55645572468526
8562-6102,166.2836010279668,210.6250440151152,18.74103398830668,4.349401866186994,-10.042230255932678,-6.604336249357892,-17.212854120152844,-27.8213719909478
8562-6103,124.85015743976815,165.33212721702608,-6.234301743406448,-18.64586788770263,-31.057434031998813,11.772223878104432,0.2707835649626254,-11.230656748179195
8562-9102,205.73693001442408,233.61494320839233,3.6924266114052466,-7.280999989090603,-18.254426589586437,-7.134485664608308,-15.593746026437053,-24.053006388265796
8563-12701,152.05010567398438,165.58726109881064,-0.037549934381017905,-5.863869837412996,-11.690189740444975,-3.888888250866583,-8.504789394271207,-13.120690537675829
8563-12702,84.97554937910131,109.87538431500597,-0.3976467935289152,-19.590353627487147,-38.78306046144538,-15.342347091305468,-29.395218121662936,-43.448089152020394
8563-12703,127.70402316595238,138.0216165487127,12.767643015776377,10.816997759123074,8.866352502469784,24.90469713860445,21.914959092301114,18.92522104599779
8563-12704,58.513690487015275,95.22259088781713,31.580973527324772,-5.730251103664396,-50.45350986235878,17.34305667825249,-22.2522794815443,-61.847615641341086
8563-12705,238.12058263917987,249.8455732844657,15.662010757015642,10.7094943361589,5.756977915302186,12.218599636669532,6.72901168592355,1.2394237351775665
8563-3701,96.96060640915711,103.83823389048273,-1.096826820219517,-5.257143186152872,-13.35808334332121,10.539817665842367,2.308124985863541,-5.9235676941152855
8563-3702,123.15413188553892,194.6682105645158,95.6333489564091,57.66220190678634,19.6910548571636,70.920577823577,36.26037573546679,1.60017364735654
8563-3703,274.6762810681273,346.294751189203,86.08903110386542,62.87416826918473,39.65930543450404,10.512880809243162,-17.001349943834523,-44.51558069691222
8563-6101,130.470799913152,150.2593843266472,17.937914701944848,9.789307733513517,1.640700765082185,4.267187383943982,-6.8855462687524165,-18.038279921448794
8563-6102,62.31563796157168,79.60485045394738,30.796474451316172,19.53388789508399,7.751158089784587,19.983638909498975,8.685656646026368,-2.6123256174462313
8563-6103,68.48592327954812,68.48592327954812,18.916272820590553,23.317746432560025,8.438544669847612,-5.767132991593323,-8.727793906736713,-35.43263809091411
8563-6104,178.48027524029814,197.63748929346843,-1.3683812396490374,-6.605460490528775,-11.842539741408512,2.2350457531890147,0.749749802712871,-0.7355461477632729
8563-9102,63.35403670671299,76.93524079044353,22.1956289283621,10.985768011175843,-3.1461778397757505,25.298618365716653,14.967451993182776,4.6362856206488985
8564-12702,94.92874457384474,108.25412947021309,13.148313283217751,3.1307695091940246,-6.74821384969878,1.253119026904828,-7.594052548255996,-16.441224123416816
8564-12703,100.85879626469035,110.19489658511147,2.704837309265363,-1.4820819747332674,-5.669001258731898,-15.033890388498085,-19.750327574946322,-24.466764761394558
8564-12704,128.15986788954982,161.35385461424966,-10.439348092789752,-22.590717193635253,-34.74208629448075,-19.64764146048436,-27.54515918449949,-35.442676908514606
8564-12705,113.56606303044,138.4593678515305,19.16746371249122,13.23768419557243,7.307904678653639,-29.581960375177186,-36.97726258570253,-44.37256479622788
8564-1902,58.3702392832416,69.04818545095594,8.889217648727389,6.092625505577898,3.296033362428398,7.4401610249485115,4.3599117802595355,1.2796625355705593
8564-3701,47.33233829818827,88.39564046801564,7.971350270868493,-27.151133439663926,-62.27361715019634,1.1733854954653604,-23.436361414183555,-48.046108323832456
8564-3702,98.76783750669034,112.74109103564017,8.877120383124558,2.7875025641538977,-3.302115254816768,4.5036342548703265,-3.4772464844068627,-11.45812722368405
8564-6102,70.74128072635772,81.69189436309496,4.921877478762253,-3.1859505263349424,-18.160375686518204,7.830122686397368,-8.116320884965678,-24.062764456328722
8564-9101,53.45530176433192,71.62996631395633,15.375268656078172,0.6869412398046655,-21.276529471987896,7.024574390717059,-17.357213087553596,-41.73900056582424
8564-9102,149.58294092607613,167.64353311736323,9.748684935823274,5.146474023003264,0.5442631101832549,-3.1772081827050123,-5.164676614132323,-7.152145045559654
8565-12704,88.8942445121425,88.8942445121425,5.660391608990402,6.337351671252736,-7.138352929827079,,,
8565-12705,123.67519558202451,134.49390900603345,6.856281079082042,4.113543796252411,1.3708065134227814,-0.850230775207166,-5.114612504146173,-9.378994233085166
8565-3701,141.50071315042837,168.31136036323647,9.157584211127391,-2.27494590587583,-13.707476022879039,-0.13568948853944032,-8.024975291492222,-15.914261094445004
8565-6102,98.36239701917376,120.03797130024927,-7.945640732161196,-20.625657866446655,-33.30567500073212,-6.436542266414121,-12.884289453801998,-19.33203664118988
8565-6103,132.32256923819776,163.9274318715596,-27.31114794993144,-28.178551157617786,-29.04595436530414,13.640216722523018,21.556029829884782,29.471842937246546
8565-9101,58.16806875380419,76.03713060761189,13.548150641893633,2.876609259210647,-7.794932123472344,13.610295831570172,5.369546737125639,-2.8712023573188983
8565-9102,111.49195238998847,134.34713523767957,31.453289017908894,20.85399795941944,10.254706900930014,47.3539443900763,41.95689757689477,36.5598507637132
8566-12702,124.41521868502247,143.80291632776388,-6.097080926086199,-18.97766993480608,-31.85825894352595,-11.78570302198667,-24.267972492746377,-36.7502419635061
8566-12703,55.58155111474034,93.12195487196766,1.2935521215823682,-11.64876022977827,-24.591072581138903,35.83604607496038,31.717867047281473,27.599688019602574
8566-12704,132.38406889225374,153.57299402107128,15.372447971572845,7.69730775154133,0.022167531509827438,2.862182509131001,-2.3393026963179055,-7.540787901766807
8566-3701,94.66628923313249,111.95764532248629,-4.175733789127146,-9.435462684148039,-14.695191579168922,-5.654714299288986,-7.996875275770087,-10.339036252251187
8566-3703,104.93231564112702,136.26497902836908,-27.640485235128548,-33.961627853437925,-40.28277047174732,-31.657072949267846,-34.1715907377354,-36.68610852620293
8566-3704,101.2076417608101,127.49244022982613,-30.452574725958176,-51.91018415361037,-73.36779358126256,16.488045042934868,6.113510770014674,-4.261023502905514
8566-6102,184.7678973730994,275.08184232573336,151.78221051149444,115.60562348392178,79.42903645634917,10.105665008725522,-37.12246568493598,-84.3505963785975
8566-9101,256.7162951168296,352.7178573417841,7.631066562538105,-13.17557689728859,-33.98222035711532,-293.1080401130319,-361.5362123081721,-429.96438450331226
8567-12704,104.2911757366693,115.57010084651152,12.480161860983698,5.000718753479857,-2.4787243540239823,4.041220068924515,-5.809458555921232,-15.660137180766977
8567-1902,165.71807616731428,194.28801736959875,-13.138344470506073,-28.472269606127217,-43.80619474174835,-46.79094459371449,-54.56104622428529,-62.3311478548561
8567-3701,176.6238173036084,201.8596992006758,21.843941436821112,8.615148821592593,-4.613643793635906,19.629721273375253,8.65023322943571,-2.3292548145038467
8567-3702,188.49280330454928,298.1275999680557,58.44192341218673,25.44038808307757,-7.561147246031624,-84.11223810290913,-116.97481849879551,-149.83739889468194
8567-9102,201.29421066452426,220.26989061127193,16.858191195852772,9.311778909249096,1.765366622645404,13.967912306919429,8.806734103073335,3.645555899227241
8568-12705,137.70431390531726,149.03143404425563,11.446816779825694,3.8696136424502994,-3.7075894949250934,-2.536759231504038,-7.322547151481852,-12.108335071459665
8568-3703,59.82628519476437,94.60743888686116,-63.17137412625423,-75.12023476564629,-85.05373456852509,-62.566996988657884,-58.1200105807576,-53.6730241728573
8568-6104,262.2508949005994,294.5681694459017,24.618811618612668,12.15936598259545,-0.3000796534217665,6.29330630600906,-7.1259006933571305,-20.54510769272332
8568-9101,218.3480479817966,272.0867780513008,66.17076630241425,32.93940482238575,15.841486712517394,-1.2385004048389312,-28.742129880027104,-41.449536756202164
8569-12701,114.22996840325327,142.96918286299612,14.725172828357294,2.311714249912351,-10.101744328532604,8.978529881647153,2.276663354111194,-4.425203173424766
8569-12703,82.02517960527531,101.73297370059501,20.30822891017309,6.122881040008595,-7.702584546263356,26.356057108830694,14.93501827978638,3.513979450742065
8569-12704,67.3510098276103,73.40833408139004,29.874170749739555,27.802604447494858,25.73103814525017,0.9339863972668302,-5.032720511482038,-10.999427420230909
8569-3701,352.32551174160164,380.80684002976915,9.732681439980075,1.0398789567465618,-7.652923526486991,9.933138741205392,1.4636565232770962,-7.005825694651164
8569-3703,279.7569277374073,326.2766255974868,23.597383537875988,4.9649308566249815,-13.667521824626052,10.644107814097415,-4.978129991103706,-20.60036779630482
8569-6103,207.7607271496842,269.7117564835952,-30.372613872627927,-55.43314491955406,-80.49367596648018,-23.495352908218813,-40.1704528522561,-56.8455527962934
8569-6104,104.25015618221285,115.97894558632225,16.639356198734916,11.805700329175588,6.644652349132448,0.6035235517640151,-16.046030313556802,-32.69558417887763
8569-9101,76.69418655264768,101.04790564937254,4.910236855701394,-9.902007652753927,-24.70802291528061,-13.222575468057798,-23.893084845887756,-34.563594223717715
8569-9102,50.02184693713792,68.82220438856923,18.230665157857665,3.722717833358233,-21.909966408961047,40.09271422004295,15.231341517314599,-9.630031185413753
8570-12701,36.50625908415286,59.11071152345383,31.6635926861728,14.782805467139916,-17.74726098196787,72.46191498774274,25.968726973890533,-20.52446103996166
8570-12702,66.89957110273046,89.58436464851562,6.501713441762468,-2.983881175429829,-12.469475792622132,1.9066827308457948,-4.26128171039839,-10.429246151642575
8570-12703,48.29846433228833,62.98336497106384,33.90451291103096,23.839412863795356,11.69717651436232,28.818699490991982,22.897012013341417,16.975324535690845
8570-12704,78.49724336796037,83.33913361913659,23.509138273426803,19.711477498081308,13.46791679995626,26.24926504386997,-5.7735527643935995,-37.145494318654045
8570-12705,124.07561421942563,135.47770810573712,14.079336459964976,8.83486991127361,3.5904033625822445,10.8452080973213,3.733699816049665,-3.3778084652219635
8570-1901,65.22683325411782,70.18812343904698,-2.447693212405086,3.2752570172184035,0.8071211043479336,,,
8570-3701,54.72863377651615,86.56154927806807,10.211952270332603,-5.2008217558118535,-20.613595781956306,0.5554554064172168,-13.823991206839,-28.203437820095214
8570-6101,218.49143480263746,272.7724473208223,43.085529326921076,11.056242147171817,-20.97304503257744,,,
8570-6102,102.9214426864606,113.0453723327383,9.799675141790381,2.1314457789115555,-5.536783583967266,5.689599476278558,-3.910683933968982,-13.510967344216521
8570-6103,69.20269422478098,112.69203789201723,-8.122970306692434,-27.02958161625088,-45.93619292580933,-10.373552028720162,-27.366736393805105,-44.35992075889004
8570-6104,230.2331884796196,268.8940419917248,39.49540945821407,24.957992550169166,10.420575642124234,32.52835536211329,23.639429675080173,14.750503988047067
8570-9102,320.4662683465901,348.888442188006,70.06919551969182,68.55734970636328,67.04550389303472,107.61534256434419,97.92007361105374,88.22480465776324
8588-12701,151.58439969080234,178.4021365125849,-9.426766984624884,-21.923788165662383,-34.42080934669989,-2.9352289624913745,-12.583093059154518,-22.230957155817666
8588-12702,70.55765188812649,107.40993944105043,-11.575879577463908,-37.356418947475916,-59.29680811634641,,,
8588-12704,183.72532218912366,206.41356403957016,3.4283106177226417,-5.671510271516809,-14.77133116075626,11.323577827202143,5.503656647228664,-0.3162645327447992
8588-12705,110.98996422814932,132.6862439527656,18.250737329868056,10.872141133811814,3.493544937755573,11.296558191571679,7.260827372207159,3.2250965528426536
8588-1901,,,,,,56.63255691649572,49.34921799101659,42.06587906553744
8588-3701,286.65498294485394,310.97729147887645,-3.6735503780948915,-5.796479006623245,-7.919407635151598,12.943634122734514,10.11405081967334,7.284467516612165
8588-3702,277.6352170600104,309.32357979220563,44.18189185599246,30.259779257125203,16.337666658257966,38.40575797919053,24.635357165675003,10.86495635215947
8588-3703,74.26131823327403,113.2241280784733,-19.682912717693846,-35.7774859795923,-51.87205924149074,-25.86908554163,-34.04602271697763,-42.22295989232526
8588-6104,137.63132787174283,167.32021498760744,19.788556483632643,11.248228841586009,2.707901199539355,15.254189636973766,9.740537877847494,4.226886118721217
8588-9101,207.297603779699,245.1641252543265,-22.53368509947714,-36.26173936899391,-49.9897936385107,-13.35546610991966,-20.388095976435505,-27.420725842951356
8589-12704,157.2851301433619,170.7308091560019,20.8973851636287,14.342235058640409,7.787084953652093,20.926762443283494,12.724757640536676,4.522752837789838
8589-3701,146.11705457923807,204.22127710414358,73.39917583597727,69.00035863862385,64.60154144127043,40.272183138817134,37.96589819720354,35.65961325558997
8589-3702,191.7047584668417,290.77365869923705,221.2997450868667,203.4902765570005,185.6808080271343,,,
8589-3704,88.21135523376579,114.8093991441767,-17.27813898117244,-5.694307422312318,5.889524136547798,,,
8589-9101,271.92543514999215,296.2805449924336,6.103385716727818,-0.014128310150980513,-6.131642337029779,14.414343296433502,11.970581514584747,9.526819732735994
8589-9102,122.87128750794632,141.51757206647915,15.249396378123693,3.639848041402798,-7.969700295318101,9.695939709614226,-3.5258756462215506,-16.747691002057326
8591-12702,105.33127387287274,135.40668304282826,11.733570155942484,-13.488038177624599,-38.70964651119168,3.3050185020613325,-26.67770153547924,-56.66042157301983
8591-12703,123.64457544669636,136.7839369991158,30.472929033523293,28.686641567142594,26.900354100761895,23.06033588223517,18.940161662857534,14.819987443479919
8591-12704,104.01377212889092,123.40632224240028,1.4408520775942952,-2.3393005755866123,-5.633329770550153,-9.262844047599689,-3.6845944480846344,1.893655151430422
8591-3703,67.88856645030451,85.42932473545758,0.5155370651682556,-9.062804982800778,-18.641147030769808,-0.19087022822192076,-5.192354201766722,-10.193838175311521
8591-6104,229.2046595642168,253.22807579025053,31.54869712053408,21.363579064986883,11.17846100943972,31.361764690259108,22.897698696196873,14.433632702134636
8591-9102,113.3264581479677,132.05310824471587,-8.080123259163473,-15.556923735490688,-22.80512041536378,-8.98591778727134,-9.63068610991286,-10.275454432554382
8592-3703,81.4184395796036,118.37611942632037,19.890788143399337,0.3716532753145932,-19.14748159277016,8.96525156603255,-3.4525424975894077,-15.870336561211348
8592-6101,116.01591810912859,162.99353657589927,47.540647665714424,21.422594345163997,-4.695458975386429,23.294223094794273,1.4569751385778718,-20.380272817638534
8592-6102,164.8939724240385,196.38159221449945,7.440558149325428,-3.0923544286774174,-13.62526700668026,27.423888633426554,20.349483789195418,13.275078944964278
8592-6104,108.68683397993469,125.3321542582002,20.851234412423082,20.911032593202304,22.09761913846082,50.544610342364265,53.895009022876565,57.245407703388864
8592-9101,209.36120189736585,222.11999307935767,4.408696185286097,-1.80942779477131,-8.027551774828735,-5.458136690779543,-10.906775771618703,-16.355414852457848
8593-12701,204.52341198874046,231.65572981328117,17.13436575852282,5.668461508140483,-5.7974427422418335,9.426403024173306,1.2395382182267645,-6.947326587719764
8593-12703,249.10130849309965,269.3448350077219,18.074114305136405,12.062386607560562,6.050658909984715,10.378493857473698,6.413215202195391,2.4479365469170866
8593-12705,241.18783437012758,280.5123522367276,17.735420576533098,7.290837395726346,-3.15374578508043,6.836465884123396,-1.1173791336640624,-9.071224151451556
8593-6104,276.6055974329536,313.9794989435669,10.78138479356365,2.5873685389113383,-5.606647715740971,-13.4670868930768,-18.710024567705187,-23.952962242333573
8595-12702,158.0148033288112,168.691965661305,18.427587648291578,9.290253737441738,-3.5255250696371916,40.27629981202803,21.289052137242884,2.301804462457744
8595-12705,174.04648119421742,196.98796180768488,-10.898932996368023,-19.835545242322166,-28.772157488276296,12.382216744856988,6.033545556006936,-0.3151256328431022
8595-3702,270.1713235647741,281.28726528006825,33.06406266699193,28.113194872228917,23.1623270774659,-3.8430227832218224,-7.513710125951038,-11.184397468680254
8595-3704,117.98574071556597,122.2446421313531,14.626267075855878,12.870556733268428,7.848858216107313,32.082227392091816,25.90402591645938,19.725824440826962
8595-6102,95.40969433822009,117.68851397833754,6.237558139223477,-3.302010948201223,-12.841580035625913,-0.9014766297086961,-4.565437451823658,-8.229398273938621
8595-6103,166.78172741260397,183.19962927664056,14.3422406160464,1.3935488476202362,-11.55514292080591,27.758209428320896,12.75256180057861,-2.2530858271636753
8596-12702,237.94336739922812,264.64735021640263,10.443873150101325,-0.6755800794785558,-11.795033309058434,13.840026708151566,4.2599623264394495,-5.320102055272684
8596-12703,82.83085129386045,105.25792088309511,14.133554506859154,1.0996598847123316,-11.934234737434501,12.724387294985645,2.6689610789389193,-7.386465137107812
8596-12704,194.5373153484209,211.92648397020082,35.341151884875956,24.87284817291665,14.404544460957357,8.610271210408564,-4.3469736109953905,-17.304218432399345
8596-12705,75.28011513396778,87.93491358684146,21.11414484403972,16.994659977091654,12.875175110143594,9.303677783047604,6.616807771847708,3.929937760647813
8596-3702,153.87534586016955,253.28689766197886,-23.286024198740886,-46.08606222516793,-68.88610025159495,-23.711051802504983,-31.499246136468134,-39.287440470431264
8596-6101,187.3828901563797,261.81797765066307,61.601167147264775,41.41376881744377,21.226370487622738,-0.5655454601443028,-13.836073991120331,-27.106602522096352
8596-6102,177.24721655902638,209.8643653810066,14.039316759793042,0.5193148983383642,-13.00068696311631,8.585787524313094,1.3120418167531644,-5.96170389080676
8596-6103,66.35024954945067,93.39637550295578,-12.64662698292568,-29.462176181904706,-46.27772538088373,-28.879941066453494,-42.68472122240596,-56.489501378358426
8596-6104,132.55006722950208,220.01046594864047,47.94015153833941,14.853394631633169,-18.2333622750731,8.483889596031483,-10.191567729255638,-28.867025054542758
8597-12701,145.17793567213695,159.08771037838176,8.840625665423643,4.841877449127624,0.8431292328316073,3.6209269211283934,1.3781844631956557,-0.8645579947370831
8597-12702,244.6569934376325,272.49961071611415,-11.656081935560454,-20.38287897541849,-29.10967601527652,-12.897202197619658,-18.04165434989685,-23.186106502174038
8597-12703,201.55856549538078,214.23611811052905,8.129542488014835,3.1504795275240634,-1.8285834329666908,-2.132017505472828,-6.318251174488154,-10.504484843503482
8597-12704,254.75745255313635,271.41872553126575,13.434627383127976,7.675234303106237,1.9158412230844732,9.968507247023458,6.079374406849281,2.1902415666751023
8597-12705,90.31673019130109,122.22467746306872,10.801414221333717,-3.6043732667350628,-18.01016075480385,5.442627153253002,-2.736437735348476,-10.91550262394995
8597-3702,109.56350235744688,117.73186232698005,11.03269897757013,5.073429484841163,-0.0964867840202825,8.866586885526104,8.64471161128422,8.893501894153836
8597-6103,121.86828918307225,135.9559456185602,5.534843159820187,1.81959837739961,-1.8956464050209838,-13.540808344497409,-17.732671364308075,-21.924534384118743
8597-6104,51.7221057955085,84.72684406827709,16.20714428778083,-5.44842270621622,-27.103989700213273,31.38187188934682,29.072394526817174,26.76291716428753
8597-9102,79.89650386785833,100.97511691866403,-12.84502205690416,-18.4727167866172,-22.541884104752196,-4.754044128849618,-1.4931290039254026,1.7677861209988024
8598-12701,108.99760197173127,121.63596384238114,4.358866850136327,-4.7530108055450535,-13.864888461226423,5.429363019365823,-4.568683828531688,-14.566730676429197
8598-12702,179.63946282062201,196.0267979929498,4.243771366491512,-6.017554938439847,-16.27888124337121,-0.4184491352753148,-14.759187593625535,-29.09992605197576
8598-12704,23.356806050795345,57.036066952077995,-14.91769238573526,-90.41731102097822,-158.56657827399746,-61.729816773259074,-77.76316237490292,-84.54917754521159
8598-3703,91.56485971543927,110.69276666043461,-12.116598844307235,-23.68141575718587,-35.2462326700645,-8.20040172926913,-17.293989128671516,-26.3875765280739
8598-6104,258.47654945894794,298.1750260409643,20.628926302134154,4.465424778610323,-11.698076744913529,10.897885561748229,-3.9446880712018446,-18.787261704151916
8600-12701,106.15252288996128,123.98390114592517,9.715019215382146,0.07230504550169009,-9.570409124378767,-63.297584781031595,-70.03501100211255,-76.77243722319352
8600-12702,215.8248521919787,228.45350760443404,3.391580266047191,-2.513537419538616,-8.418655105124405,1.146602534631848,-6.4318739676818915,-14.010350469995618
8600-12704,80.56884766790462,97.5840497391703,-1.3672088436130834,-11.602703383477712,-21.838197923342335,3.818137538444746,-4.675523848474252,-13.169185235393254
8600-12705,110.66701512595321,127.58636266054357,26.21673379136992,14.487511420294064,2.7582890492181957,21.705696445663765,9.356132036577169,-2.993432372509415
8600-1901,52.96341999982737,105.14657065835566,29.90455919040924,-14.044367696335325,-52.012863301068236,34.41980964258102,17.588036437209404,0.7562632318377767
8600-1902,74.10345562137498,152.11674860335455,82.96225338963245,43.91687682338804,4.871500257143606,28.843638635413928,1.8403216158360438,-25.16299540374183
8600-3701,60.54616388622408,78.75125971923363,14.35357393680977,-1.669915526814288,-24.620189997025665,18.776447956037543,6.107509254018848,-6.561429447999845
8600-3704,141.26746971690744,179.40600185078708,-3.7214347859472268,-16.531699600201296,-29.34196441445537,1.2300715983379262,-2.7200478414784044,-6.670167281294728
8600-6102,101.8271986497971,127.3206716375875,9.61645302858735,2.003176196947128,-5.610100634693083,11.551011323772427,8.883064455501287,6.215117587230164
8600-6103,213.4971707933993,264.6283074206398,2.2502735839895167,-14.25128379009434,-30.75284116417818,-10.534193032744321,-20.033312758766208,-29.53243248478807
8600-6104,130.4827688630326,146.71407740797423,1.0290372820253937,-10.514364919908113,-23.545476583444376,0.6319841336940198,-18.04942924368136,-36.730842621056745
8601-12705,172.97629690164004,188.9650094284954,4.2144674870663,-1.872216316430049,-7.958900119926402,-7.1414236573104475,-11.360491675680246,-15.57955969405004
8601-6101,223.93633249047537,308.7984565866756,25.326510571898122,17.397943121037766,9.469375670177413,,,
8601-9101,126.44321616288444,142.59686460124036,23.940928082097987,11.956217638976693,1.37380364030782,15.336559228039489,11.528623107464888,7.720686986890299
8602-12701,238.76363307851418,257.0445878300047,-42.90273421087375,-50.696806241342024,-58.49087827181031,,,
8602-12705,176.10262565678397,192.38918848252558,19.194363211070513,15.582738698766175,11.971114186461818,,,
8602-3701,129.94541171945443,152.1415483439468,15.481945263197996,6.126546883728596,-3.2288514957408077,0.21059777358684184,-8.319060670204621,-16.848719113996076
8602-6101,79.47383597159622,103.76528591948848,9.55380849340206,3.6645985789734405,-2.224611335455175,16.752320806076185,13.875448254854819,10.998575703633456
8602-6103,173.56601271293422,189.0018460355761,18.08833497447871,13.083692827560705,8.079050680642725,1.2522109387305833,-4.498771925758428,-10.24975479024746
8602-6104,193.00378234205112,223.78456816942256,-113.16790416259292,-108.91216348448327,-97.71181103222645,,,
8602-9101,84.22197724637903,98.9052599126677,5.169741489681891,-3.5138554298820646,-12.197452349446017,-0.6278567363848433,-10.255940453793643,-19.884024171202448
8603-12703,143.85834660851597,164.12699020097403,19.561156896773365,12.806629894995078,6.052102893216779,6.434685768030401,-0.16447894007169792,-6.763643648173792
8603-12704,178.20441385690165,205.36368478177585,22.421149026509916,13.447899633250758,4.474650239991623,38.133774019233044,33.853549837041435,29.57332565484982
8603-6103,114.48972415122847,147.43893358633164,4.122425146722575,-13.015898487585309,-30.154222121893174,-7.012784158549992,-17.84794094034941,-28.683097722148826
8603-6104,164.82311054157478,192.60677675285206,-26.865580153348603,-42.027068764736555,-57.1885573761245,-12.26870471700209,-30.35543191822063,-48.44215911943917
8603-9102,152.79210697965937,160.73639943736765,7.074966373616335,1.4934267404041053,-4.088112892808111,8.324777140935389,-0.7723924876077146,-9.869562116150819
8604-12702,147.80764545383107,171.8656932130733,2.657990708411454,-6.492802220434964,-15.64359514928138,-22.66062414327669,-23.568463790795068,-24.476303438313465
8604-12703,253.68460949420052,275.4043087039941,18.98959420707582,12.47177790896074,5.953961610845659,22.069029896798124,18.932285833856433,15.795541770914742
8604-12704,152.3711554060323,169.47386179170104,6.934989593317554,-2.0127627073148107,-10.96051500794718,0.918404895619976,-6.497274893890361,-13.91295468340069
8604-9102,104.03628525169144,145.55742902719223,53.16600443736354,27.675239919490465,2.184475401617381,61.28639785767895,44.12317293640561,26.959948015132287
8606-12705,167.45654545616077,192.54423867842945,20.36293412627236,12.993029780619114,5.623125434965891,16.59633515775365,11.730829587090534,6.86532401642743
8606-3701,279.7892558876076,309.8873588212872,4.262211168092641,-6.054025756454143,-16.37026268100093,5.516327592405492,-2.1340596172839277,-9.784446826973348
8606-3702,31.08706041919186,181.77645721318348,16.657055796801743,-71.69373548676337,-160.04452677032853,-24.525887006488226,-73.59063520094115,-122.65538339539408
8606-3703,131.2080212650761,178.72819856296695,-12.478353824669277,-27.757699252297783,-43.037044679926254,-90.60649371109207,-122.48022590147838,-154.35395809186468
8606-9102,96.22460319278775,130.91705368361667,20.833702868056875,0.5691701710293678,-19.695362525998153,18.844074185848438,3.792021597167698,-11.26003099151306
8609-12701,166.70837224465637,188.2311400392061,-1.2200692061043086,-7.349034707645935,-13.47800020918755,-12.207766645346732,-15.138976657926579,-18.070186670506427
8609-12702,169.0921217346902,180.4287527041023,4.816708009512181,-1.2263302903421822,-7.269368590196555,12.501963435068664,7.364729941070166,2.2274964470716645
8609-12703,192.70625384318114,236.77769875955818,10.400531676832756,-1.7705991363103872,-13.941729949453553,2.92475308379187,-5.231094629962584,-13.38694234371706
8609-12704,183.37582851107916,194.08059113968832,5.658035011442659,0.9902239887269372,-3.6775870339887833,-1.325669305551768,-4.434060360965471,-7.542451416379156
8609-12705,165.06076002268452,194.33053336692856,21.49541962967311,10.421722494378804,-0.6519746409155034,66.08218837195169,59.17364993169665,52.265111491441615
8609-3703,156.5020793695781,275.3048360166361,55.47749426372777,27.13693044045231,-1.2036333828231742,-71.70897609519939,-128.3928202502014,-185.07666440520345
8609-6103,94.7189138451699,127.10487477006933,34.50674471975565,35.494175815340206,36.481606910924754,-13.052227623438402,-16.757628726645194,-20.463029829851973
8609-6104,206.08447103011753,272.04225267470366,73.2931731848651,58.10865419150527,42.924135198145464,,,
8609-9101,134.30753290520437,176.2057748501093,5.4847274078862736,-9.098026369578015,-23.680780147042288,-9.860932063820423,-20.296020282950845,-30.731108502081266
8610-12701,223.32443086596672,247.9717763610056,23.322941732731906,10.549383505215305,-2.224174722301327,-15.3395116029279,-28.83645825859811,-42.33340491426831
8610-12702,196.84776529254532,248.59419712345678,43.31248481746848,11.742177621028517,-19.828129575411424,38.99527169827239,11.909129796025892,-15.177012106220594
8610-12703,160.39148048629696,184.30512066380433,-48.30779577116089,-30.341539188170362,-12.375282605179837,-11.892724934232128,4.484607385499494,20.86193970523108
8610-3702,104.04080729681374,127.72762113462178,4.326626995012068,-5.4058548546781715,-15.138336704368406,2.9175971891765067,-4.947589689998116,-12.812776569172742
8610-3703,52.867861731442495,104.27782179652573,-1.8328535370080974,-42.589028939166795,-83.34520434132548,-27.71920648507302,-56.310527820109726,-84.90184915514642
8610-6103,92.25711212607511,108.53639750944049,35.74676837899302,24.97645160728808,14.206134835583153,36.00495707662227,24.235151591501886,12.46534610638151
8611-12701,125.98494420500947,131.80959997028086,0.5698360804829137,-3.6113843133726675,-8.569090145561626,-16.581765653236296,-23.832974527263186,-31.084183401290087
8611-12703,207.80209989353241,231.04496039290447,22.223494386000265,8.901653608815337,-4.319875451651078,23.012708792096852,8.729833136192488,-5.553042519711849
8611-12704,133.6182701220819,173.3414411943911,20.27978546328369,2.650260986231964,-14.979263490819779,15.148503094370227,5.554898010244649,-4.038707073880901
8611-12705,73.35393837469421,77.8508057757469,13.453848034646192,13.666589018327757,14.380738906511377,38.3868391122899,40.96072954117948,43.53461997006905
8611-1902,137.91080064961307,183.668035321947,23.322037238090296,13.120863030928106,2.9196888237659233,-8.529066795327479,-17.59468862269764,-26.660310450067808
8611-3701,138.25916469594063,229.87187070996794,98.8559790423696,79.99891371532819,61.141848388286775,3.962532449848785,-11.558818111030451,-27.080168671909696
8611-3702,104.1306255300173,186.87366430790536,65.57224506433309,50.466896282927934,35.36154750152274,9.326388861181286,15.131777822080826,20.937166782980395
8611-6102,109.17370748473824,119.79468891985515,9.08430605645668,0.41418841657833166,-7.946570174678134,8.594009859333362,2.8429714654539895,-2.9080669284253826
8611-6103,111.31694234561522,129.94579624415627,4.666990353259611,-1.8851638427959714,-8.437318038851553,-2.678051269651186,-7.094279167362606,-11.510507065074028
8611-9101,144.02034334028997,171.56842845536104,36.63284082857431,24.32940849323212,12.025976157889925,14.19959109497195,3.449204724298931,-7.301181646374088
8611-9102,150.26302144381086,170.67866539002492,19.346050731879785,12.774396219533418,6.202741707187056,5.20579221919059,0.01598588876857472,-5.173820441653436
8612-12702,260.34924647469455,274.2274824894575,23.80567555361384,16.865443839193844,9.925212124773852,13.89220814482054,7.575616205295721,1.2590242657709023
8612-12704,182.97097415123537,214.58089848052828,-6.8260377114874515,-16.236895792964678,-25.647753874441904,-3.0338705720105805,-10.215538796836135,-17.397207021661696
8612-12705,140.03632011797362,218.53236329771738,15.850652502178997,5.801016172518671,-4.248620157141661,97.55857680204333,97.40251008148117,97.24644336091899
8612-1902,209.4676044712922,275.27468442764666,-14.053712087711602,-38.80416143205033,-63.554610776389076,-31.808654136176376,-47.46346528063406,-63.11827642509174
8612-3701,104.05898555497086,174.0469671785775,33.632696809109866,-1.30409323854406,-36.240883286198006,5.796824781577218,-26.608110406157575,-59.01304559389238
8612-6101,227.00500050430543,277.4683615335504,52.52741833228011,52.1909501665509,51.854482000821626,10.240824767980959,-2.2069326195247156,-14.654690007030391
8612-6104,215.35509447243874,232.03151725431147,8.320117793527501,2.812097056270469,-2.6959236809865614,29.18476475144135,24.78427881213319,20.383792872825012
8612-9101,88.54265310045577,113.32722981107807,14.82010806665364,-4.2266339651887685,-26.840091924419525,12.530532728374094,-18.614051113380846,-49.75863495513578
8612-9102,78.59416703133992,97.79475326834702,36.87289911896707,26.261102455870134,15.649305792773198,38.30664053219214,29.454594921980426,20.602549311768726
8613-12701,148.2983145153243,165.70919302085687,3.536790951700648,-3.8344965383492853,-11.20578402839922,1.1744251274381599,-2.95476985140074,-7.08396483023964
8613-12702,171.4823596025081,182.72031251600635,12.358713925090914,5.646782054377547,-1.0651498163358186,-11.423645020472245,-20.25865828806158,-29.093671555650907
8613-6101,180.58747361883778,194.48766694682973,10.890696982645258,3.9844678036436676,-2.9217613753579244,1.300406585954668,-9.203941484900398,-19.70828955575547
8613-9101,223.2953765479178,249.42011157229945,5.612391474956143,0.4714127018575955,-4.669566071240933,-13.39314676517669,-17.50958977286257,-21.626032780548446
8613-9102,185.07067394038785,262.8102379743772,83.68240153817092,30.48055811626737,-22.721285305636115,-212.72045730949844,-283.00877901763266,-353.29710072576694
8614-12701,473.3722544369717,580.4378030869555,812.1157699312132,758.6090891019144,710.3222560644608,,,
8614-12702,92.18874723418952,120.63609851278764,3.114671949987613,-8.69380328973128,-20.50227852945017,-6.170985727259892,-11.558378700863653,-16.945771674467412
8614-12704,187.8797749153687,211.36768792654013,6.870988426731262,-4.240362303865059,-15.351713034461389,-60.43111142060754,-84.22689125610857,-108.02267109160961
8614-3703,43.986698020120016,246.1317068467557,178.23395869044987,111.72378577044955,45.21361285044929,,,
8614-6101,189.30025214548996,238.23112897650824,35.07331395331288,9.152561926399821,-16.76819010051324,14.363226215658825,-6.283219515640963,-26.92966524694075
8614-6104,69.2793376673293,81.62187209226137,38.76845153256192,43.47243610541349,48.17642067826505,24.931756019429866,20.30100122596166,15.670246432493458
8614-9102,333.40303603423126,350.361508941959,23.540299557198153,16.64986514313654,9.75943072907497,-15.455551678913064,-22.79125111799753,-30.126950557081997
8615-12701,110.70710170297473,161.85512984990902,-0.8761938808264109,-10.910646013104401,-20.94509814538238,0.28588416865280764,-6.0549279743524576,-12.39574011735771
8615-12702,111.7683249848329,137.20370106285782,8.210228588951278,-3.8586482351477143,-15.927525059246722,-7.527727092113322,-11.8427858294125,-16.157844566711677
8615-12705,144.06775061646323,149.80487598038692,17.46664402837516,14.941135149084873,12.470402343447207,26.546627200764718,25.268003976760717,23.989380752756716
8615-1902,35.50666731284728,129.15580124543982,88.89468044703654,35.524566446940256,-17.845547553156013,49.22529213983218,31.034468081309054,12.843644022785933
8615-3701,98.26872683077336,152.0445280353217,34.87525703396774,30.596378390222085,26.31749974647639,-24.989094395928277,-34.820534183650146,-44.651973971372016
8615-3703,89.73970938632363,119.42895365949339,29.429367039028396,7.46103866519594,-13.637533917074778,51.117542404739865,34.79291683758201,18.46829127042417
8615-6102,166.92396702059114,209.0280354330306,41.405838068992146,24.559885342991176,7.713932616990223,62.93580646705963,52.283348889464484,41.630891311869334
8615-6104,206.04657353171953,302.85843986180817,60.416465835374105,45.38008044859235,30.343695061810628,-21.53165493137756,-28.83567812817041,-36.13970132496326
8615-9101,180.57267235951673,197.36365580807185,-2.2219326660513836,-9.337388680024118,-16.45284469399683,-12.971629425127968,-21.278110847106156,-29.584592269084347
8615-9102,151.21727574619192,171.08499129892058,8.750202736721887,0.5459344322178573,-7.658333872286162,5.584811301914065,-0.9836625122334791,-7.55213632638102
8616-12702,313.1200119708677,332.4223860554809,8.981124954068756,3.164261650240038,-2.6526016535886847,-3.8676761820570746,-7.6881955387612395,-11.508714895465404
8616-12704,273.1776336757594,287.295627671207,11.642308476535554,5.801091634022272,-0.04012520849101143,13.507339241844459,7.572401891412234,1.6374645409799824
8616-3701,175.57454822461744,263.9486182008413,212.39130445892255,223.9920040481663,235.59270363741012,,,
8616-3704,104.34204773538437,137.1049010909847,21.13198108493766,19.079852092470233,17.027723100002802,11.015560567287363,9.10659056383762,7.197620560387883
8616-6101,166.23035202637428,257.00233774338193,-85.13956859324891,-110.47317150070256,-135.8067744081562,-43.19864758394781,-45.766742370901326,-48.3348371578548
8616-6102,81.77735250221849,95.44730800817896,2.85272496038324,-8.334316182308202,-36.06357150667238,14.732249555870114,-14.232145606089498,-45.04203272904297
8616-6104,206.27762146119153,228.19933328215603,-7.266683066866732,-13.383657420473737,-19.500631774080745,7.577703928361914,2.482315658238724,-2.613072611884466
8616-9101,173.58273814421364,238.9752104280061,51.591250041563825,19.41766802609664,-12.755913989370548,61.178371308059255,33.03841181574179,4.8984523234243245
8616-9102,136.92335278906157,152.01654394944478,31.728627240623627,19.312315693705678,3.390484565325485,-2.188071295912485,-23.785677017367103,-45.383282738821734
8617-12701,232.05717106590183,256.57985760987765,38.74188458172788,26.48637746690202,14.230870352076165,-0.023362040781460737,-15.15514888848342,-30.286935736185352
8617-6104,131.21758246480854,192.6365777829288,37.11211134474996,12.61089824893798,-11.890314846873993,,,
8617-9101,173.81404991948165,202.7818579607753,19.852891619361685,11.60384005153967,3.354788483717658,2.725441552723625,-3.988385860672572,-10.702213274068765
8618-12701,93.52771963732398,108.19606816421512,-2.732816459246633,-15.334130585241796,-29.979062918899242,-25.343656121852923,-40.120622640096535,-54.897589158340146
8618-12704,308.1821352639686,329.41183157538455,-5.355780283644832,-17.26364000748364,-29.17149973132245,43.76941601596678,33.72440058256693,23.679385149167075
8618-3703,78.33943557065564,100.96845789954804,2.776242567739676,-8.6271265508791,-20.03049566949787,8.62659820774104,-6.001431460107208,-20.629461127955437
8618-6104,218.34681320340937,324.4811823850106,123.07026602644461,57.95454740151393,-7.161171223416844,,,
8618-9102,120.60710756380816,147.80814937046813,7.892728663077746,-8.350812575787579,-24.594353814652905,-0.4354339853944362,-15.228629049235527,-30.021824113076615
8619-12702,219.21837653644434,228.35070687217365,90.07132346805622,126.13457257976418,162.19782169147217,129.96409687068902,166.2282373366322,202.4923778025754
8619-12703,132.32013988457558,142.3305967978501,14.890058574301495,9.66644627659143,4.442833978881362,8.47860990159319,3.091819932312001,-2.2949700369691866
8619-3702,154.38153533344098,206.15160182338124,74.44714433548552,54.5520234938093,34.6569026521331,19.437664516859467,9.16142301817797,-1.1148184805035157
8619-3703,272.67049067149645,348.49454473457104,44.795656467752,22.82883951260272,0.8620225574534944,4.444558086703457,-4.408495957277084,-13.26155000125763
8619-6103,132.41289822277932,252.33720992326428,,,,,,
8619-6104,45.63542835009462,190.91298446917824,-78.20555311671409,-285.82226579677945,-478.63289140674203,,,
8620-12704,100.755279479931,120.77148961369647,3.146357166460022,-8.190381827756504,-19.52712082197302,-13.153225516346453,-23.017982079811013,-32.88273864327556
8620-12705,92.97990523248312,223.47673801418318,233.72046613600892,181.55113676222507,129.38180738844122,179.38254074454358,132.99978608163488,86.61703141872621
8620-3703,95.7810463524851,159.91181474922664,55.479873085076854,36.206360624216586,16.932848163356304,-0.27229135830590784,-12.287513122129452,-24.302734885953004
8621-12704,220.82056544703636,241.9619843878886,-15.342574978347134,-20.153718554238274,-24.964862130129415,-5.963936180752035,-8.381023728262257,-10.798111275772477
8621-12705,251.93698244077433,297.0430014176663,-14.706771469428498,-20.616148978733047,-26.52552648803762,-18.466721148418014,-25.891064810132313,-33.31540847184662
8621-3703,92.95635255306496,140.2356929914147,-10.733439009865046,-23.87841832716279,-37.02339764446054,-24.939821049119303,-31.799036533143386,-38.658252017167484
8621-3704,102.52459393623676,122.31683298780425,6.00770785939813,-1.022987167571495,-8.05368219454112,3.859177235937076,-2.949235475883601,-9.75764818770428
8622-12703,95.02408057924633,126.91587221298123,16.156442629428884,-1.6389169452495456,-19.434276519927987,-18.62590347115636,-28.07270710212134,-37.519510733086314
8622-12704,234.83327172618095,253.7446467114467,5.066980301588674,-0.40459510239930485,-5.876170506387297,14.094177672256976,10.946091261389343,7.7980048505217106
8622-12705,112.58275499045195,123.29061711359306,-6.815472354108641,-13.32175539040675,-19.82803842670486,4.9496112720416505,2.258549792072075,-0.43251168789750005
8622-3704,53.59468045277233,122.32182624048154,-6.481557141838563,-8.097588658294363,-9.713620174750178,10.973337864125297,19.036837014198046,27.100336164270754
8622-6103,120.97778624979183,144.03412541127744,4.100610364246365,-9.31031438656429,-22.721239137374948,0.5167010121856305,-12.949305552796599,-26.415312117778825
8623-12702,170.37933566762297,187.390921379736,10.755773750412716,-0.25459276635996947,-11.264959283132654,5.131725793559084,-7.957999352406056,-21.047724498371196
8623-12703,169.15185729030568,198.2173454747641,36.72954673849198,22.707124363858107,8.68470198922423,-25.029217188301033,-38.15536197120136,-51.28150675410168
8623-3701,65.88765027202558,120.89312960018326,-15.505060555932582,-40.916845731169985,-66.3286309064074,-15.366444575432048,-25.001644940210355,-34.636845304988675
8623-3702,79.04986636559812,116.20027290232551,8.44264243820932,6.1455278412180325,3.8484132442267343,-8.529887114793905,-7.759512839010829,-6.9891385632277645
8623-3704,171.52880536490292,177.85264703489284,6.700873220950874,2.3263776992976006,-7.5880412144493095,,,
8623-6101,252.3634567922678,271.55953937275785,17.225216943000802,0.47554387067179904,-18.30162807896271,2.357036491786833,-27.145313116684534,-56.647662725155925
8623-6104,318.15714076303567,350.00918721721587,38.15854908237496,30.548324855415796,22.93810062845663,20.460415823346256,13.94086924481202,7.421322666277827
8623-9101,76.57007437132674,91.45867825442097,20.204024027825543,14.55059950789056,8.897174987955578,24.27841402062481,19.157579885931515,14.03674575123822
8624-12702,140.71851735563962,171.17521359628117,-3.999870573346983,-19.04496796321081,-34.09006535307466,5.680201440845729,-3.883325659792012,-13.446852760429758
8624-12703,132.82790603136417,163.89905167732135,41.88559043595502,37.10491804226731,32.3242456485796,63.587536968825816,60.51637382995267,57.44521069107951
8624-12704,113.45877323231615,131.70670313375152,34.270834943006065,31.539269060000755,28.807703176995446,42.95507657029138,44.14374603523066,45.33241550016996
8624-3701,189.10033177481748,255.6114922315132,-52.167427594206785,-26.728757390845512,-1.2900871874842446,-69.56510775656402,-46.14935528698464,-22.73360281740522
8624-3702,238.61800566544787,322.11618482918203,47.72152935301193,57.575342419325764,67.42915548563965,99.20661040601829,134.40778930108658,169.60896819615488
8624-3703,97.60460488277303,140.32070325954467,12.262289390109512,-5.379152873446221,-23.020595137001976,2.7581865078349574,-2.532253816114002,-7.822694140062947
8624-6102,108.26088765299978,127.83281131534537,-22.89650096734509,-27.403508464557373,-31.910515961769647,-34.7632470827275,-35.23542523099943,-35.707603379271376
8624-6103,81.93134162151142,95.77491157376582,12.771384043661476,8.262669859776102,3.753955675890712,17.933185094649705,11.647795801234691,5.362406507819679
8624-9102,146.50702390100764,170.01792135020716,5.445763363323147,-1.1896413421291536,-7.825046047581446,24.78116322972372,22.164802397646536,19.54844156556937
8625-12701,152.74057743829712,194.80956372896148,2.8679381337433814,-21.328796487659492,-45.52553110906236,21.32270387123612,1.670660269357805,-17.981383332520515
8625-12702,156.46387081512978,166.1267532653332,0.11762557089960221,-5.503705669667489,-11.125036910234593,2.982380047070878,-5.176706505004352,-13.335793057079595
8625-12703,240.85766185961654,258.5227454121456,-10.783366418484082,-16.175195741849805,-21.567025065215528,-35.363895034108076,-42.35103727403329,-49.33817951395849
8625-12705,80.63730401793018,100.35791743254288,-29.449375879530194,-40.52811015665449,-19.03585867246109,,,
8625-3703,84.06682843687567,98.31846998991173,-14.054577561378531,-15.981151432350712,-17.698874446068498,8.892370620358323,11.959738603030436,15.027106585702555
8625-6104,107.16206212011927,113.76983161578417,17.220502723769044,14.064396117475692,10.908289511182346,16.989436692182824,14.322827034763952,11.65621737734508
8625-9101,141.588261872606,174.15462326321298,6.642351580219808,-3.375447275778331,-13.393246131776468,14.987232967310778,11.46674155640494,7.9462501454991274
8626-12702,119.96117610499319,144.79210540841413,15.367253562694934,22.712683910807925,30.058114258920924,6.128993570949483,11.167262535725941,16.2055315005024
8626-12703,192.76524479511608,224.99547524205047,22.324998641614275,10.538513998999163,-1.2479706436159501,17.547586603485644,10.095824073893398,2.6440615443011537
8626-3702,155.1868851913087,196.58040328199007,33.73512793297263,22.026232755641402,10.317337578310179,34.99869986111076,30.44897416009071,25.899248459070666
8626-3703,146.79402835834046,161.55880333161411,6.660082065435008,-5.8280550564812685,-13.744001868203533,-14.60007365084354,-25.372165404604566,-32.11131158217779
8626-3704,202.72253203075232,267.63959718551,-55.3906624077297,-79.28871605887112,-103.18676971001256,-72.39362507017535,-94.91491270414406,-117.43620033811278
8626-6102,122.34009797959732,252.04190685172765,193.47926449363283,126.86509060162663,60.250916709620434,147.64751442536456,93.62344215336785,39.59936988137113
8626-6103,191.02399335749564,261.1147173569103,61.72135300439876,64.94804495321267,68.17473690202661,-8.993916762640758,-7.351105579080312,-5.708294395519858
8626-6104,182.97798294984767,242.92825103218286,-1.9505637489104204,-22.62110915697395,-43.29165456503747,-3.8369612809078766,-12.049656006996207,-20.262350733084567
8651-3702,114.8805658537914,140.6635711195894,23.527388377556075,14.243814185773848,4.960239993991642,8.573948525504381,-1.3293696810848545,-11.232687887674095
8651-9101,78.72783227892066,93.03287167447887,5.704965088664514,-4.265168713581281,-14.151681526122482,-9.901325131717192,-23.992896141863586,-38.08446715200998
8652-12702,237.87990643507283,287.71876261743637,90.8989724260551,69.95456380204037,49.01015517802565,67.48206482435913,50.47534284039375,33.46862085642837
8652-12703,230.47429080034223,253.72583671601478,37.28224909876984,31.050867348875915,24.81948559898196,29.659859896418805,24.073370009615225,18.486880122811648
8652-12705,224.67918497792178,235.47921804303056,-2.1971357178346906,-5.8575043935963285,-9.517873069357952,-6.258953718698632,-9.94971170024335,-13.640469681788069
8652-3701,395.3895595585972,459.82288240670664,99.81970642965858,94.4949247654976,89.17014310133652,,,
8652-3703,176.5691522044867,283.96727568005116,104.89274114121932,38.64780360585436,-27.59713392951063,117.86236901471658,51.89845764772246,-14.065453719271646
8652-6102,47.29545063999791,236.2747629024131,190.1540022944776,86.43515062919514,-17.2837010360873,128.58980728742978,60.10179978931881,-8.386207708792123
8652-6103,141.1896056814422,195.1026142901462,38.36020542755011,24.6838064322767,11.007407437003256,17.86890503959865,11.367100698360963,4.865296357123276
8652-6104,146.4274256453457,159.73453987607692,16.19277255808456,13.414206699169911,10.635640840255249,-4.389738581054935,-11.032414815567574,-17.675091050080216
8652-9101,100.6580029254857,105.44605424066762,14.603929073980925,12.064260040559466,4.46219626750028,35.22589665883187,22.261945004859566,8.75431280138894
8654-12701,70.87560596998983,114.15161993747364,-25.557802681206283,-62.159971194386316,-94.43373957276887,43.727950278734546,34.016883669095684,24.305817059456807
8654-12704,271.07075363154553,291.4769061799995,13.242016372025688,6.788599939013724,0.335183506001763,15.864031138204785,11.673757587825891,7.4834840374469955
8654-1901,113.2812917335325,125.50821688493963,12.00201400295167,2.2021492473856776,-8.1888301803351,30.82803679792544,20.41303818210238,9.998039566279312
8654-3701,97.32380150711423,111.74405601855962,8.088973062909721,-4.197991846877876,-18.69864586951461,0.6951854376134822,-14.370706722998444,-29.436598883610376
8654-3704,,,,,,,,
8654-6101,201.71988025785188,239.3636127039624,20.733321499830502,8.44355695547826,-3.8462075888739893,-1.9424330363742823,-10.326308044018566,-18.71018305166281
8654-6102,179.74188325456427,236.97061420078484,34.26328448155636,13.927287988263773,-6.408708505028794,38.254216330405995,25.878078759110306,13.5019411878146
8654-9102,84.08525870527522,99.88175295947468,1.253752166244048,-8.336333880292607,-17.926419926829265,-4.845107165532665,-11.681182519737126,-18.517257873941574
8655-12701,65.52533183461782,74.73788307806691,38.778679733750835,38.82573415674659,38.87278857974234,17.513511039812446,16.946160322652794,16.378809605493142
8655-12702,102.09779171776606,112.63131174754392,7.897025695640846,-0.34686941920706377,-10.379289520656458,2.1183273416623996,-11.377179996334297,-24.872687334330987
8655-12703,94.67089014929095,100.97486039685032,-0.3645143386891166,-3.761865432785319,-11.650791847727586,3.5324351505722675,-21.632692844863286,-46.79782084029883
8655-12704,171.87195147984258,187.47740412901186,12.823440793467125,5.009380080693121,-2.8046806320809035,28.176501210227215,23.39558977221173,18.614678334196245
8655-12705,69.35600402725042,136.68071852626463,71.58675853313608,24.625766741322398,-22.335225050491317,39.587246757948016,12.293516551678014,-15.000213654591956
8655-1901,116.70499296598838,157.1560939305356,46.474914094530334,57.42213793724742,68.36936177996448,64.11895679255785,88.97515366036394,113.83135052817005
8655-3701,129.65447164430944,191.85911410241184,-35.14437221416155,-40.94256643875367,-46.74076066334582,-12.184169984183558,-9.66062331422039,-7.137076644257213
8655-3704,72.89657893695393,85.44532114595853,4.112784560775892,-1.7685301242939402,-7.649844809363769,8.210419841242798,0.4272928095912094,-7.355834222060366
8655-6102,47.26780775412435,76.16907106639836,34.28370033035617,10.607284371416696,-16.15271581761717,33.12966655316617,15.195552254379118,-2.7385620444079293
8655-9102,118.3838587518176,138.8041436361641,10.991049158227776,0.958201803769233,-9.074645550689294,26.40858769013643,19.080813929867723,11.753040169599036
8656-12702,335.51032426384774,350.1089455948487,39.041022308188225,34.15231202964342,29.263601751098573,23.205704366238155,17.98672395776255,12.767743549286946
8656-12704,63.317587899663735,91.21838586930298,28.79491151782808,21.09691791430464,13.39892431078119,-8.098000059868575,-16.170859058777403,-24.243718057686216
8656-12705,229.49229727290805,257.1449449063827,27.828555311869568,20.661648186623616,13.494741061377658,2.812969775415838,-5.013542914026114,-12.84005560346807
8656-1901,39.54794612867507,43.678995082886644,46.27218484677042,46.81942469040934,18.664098251800986,,,
8656-3703,58.52352893740767,83.0347294355297,30.84000511525263,14.452053729782898,-1.9358976556868501,57.31121988064127,43.147652752389156,28.98408562413705
8656-6101,117.58758858795916,162.90527187644983,30.30406007153245,17.68322666125072,9.09828302701908,-4.689299004789536,3.3687829496043835,11.426864903998316
8656-6102,64.82710108070505,80.17435422101703,-5.026363517932119,-14.445257644853191,-23.864151771774264,5.435176772077872,-3.349436615889979,-12.134050003857826
8657-12701,108.3837755223073,126.15916647803245,8.749724847040708,-3.898209173563067,-16.546143194166845,-6.034315157181449,-18.076403334008642,-30.118491510835838
8657-12702,141.4252382465392,150.6946954777826,13.922813923264576,8.3917036543192,2.860593385373836,5.62240839460311,-2.194262603890999,-10.010933602385109
8657-12703,119.82039591617745,145.6621627807555,28.26721430775831,16.442699864786753,4.618185421815198,27.44528608539518,16.36852983534101,5.291773585286854
8657-1902,,,,,,,,
8657-3702,70.29842292629773,70.37441302145022,26.265414238420842,31.844474402616072,28.362838815876838,60.741127494548465,56.0179286482314,23.693085940120262
8657-3704,58.31820740848589,80.8143009555807,-19.74285225402586,-25.353862864876465,-29.587483793769742,-21.12368003070331,-21.071250615379004,-21.018821200054706
8657-6101,82.01268236126091,163.99595986283637,15.524484022068046,-6.801635272619111,-29.127754567306244,-28.885529611000713,-42.83394246527407,-56.782355319547406
8657-6102,96.48810212047616,108.7885675031527,7.782702530359764,-2.375705371409733,-12.534113273179234,0.4726667185766264,-7.792522810644964,-16.057712339866555
8710-12704,41.5102719233846,78.54954224551163,4.791617767397341,-32.72332625375759,-70.23827027491252,-17.692896479134557,-64.21403434222856,-110.73517220532257
8710-3702,148.27573559557183,183.09568620607251,19.96651920547256,3.084200174933107,-13.798118855606337,4.655181112026832,-9.997985613289929,-24.651152338606696
8710-6101,67.8861186313164,85.51034918849604,-10.142658588057671,-29.7418246207279,-55.34304559537143,-15.474426924552784,-40.10216794857741,-64.72990897260202
8710-6102,142.25491384624473,164.92230523773003,29.328928168151737,29.312966609228898,29.297005050306094,5.590947637704806,6.21813482699975,6.845322016294704
8710-6103,92.96781992107377,95.08321201694315,-1.4513946165132954,1.1022164890679864,-12.612270459243668,0.11441269959027375,-7.278158585636937,-29.07561014833659
8710-6104,93.42572621317775,93.42572621317775,19.243823489665292,23.816863854827062,19.569726765338192,11.73986948943776,15.381022033407808,5.844726331964965
8710-9101,212.02236844421878,247.57206155004718,12.498545726793921,4.793743042458474,-2.9110596418769688,-15.533458211576422,-20.45499591597354,-25.376533620370644
8710-9102,98.05160087814826,116.88128310548719,-3.0058170874991976,-14.903675704731471,-26.801534321963757,-5.905520131541061,-12.684988302347309,-19.464456473153557
8711-12701,217.50753046243992,263.01082375526744,64.93641082349261,51.542775577345,38.14914033119737,19.948775954737815,-7.4727413952659525,-34.89425874526973
8711-12703,89.31756923449377,105.10591406887127,23.967770355183443,13.909863922746993,3.851957490310533,29.756535252421788,8.625241899804315,-12.506051452813185
8711-1902,58.86921649611753,110.50578845823883,59.765232145256775,35.924922488412285,12.084612831567751,47.3771724536179,28.55900936021441,9.740846266810921
8711-3704,70.96934412986191,70.96934412986191,-8.488523855966028,-0.40368846710051326,-3.7721091026564504,-18.34972672961662,-9.631323116048401,-17.952367331292656
8711-6102,305.89421802133984,329.8490496509167,34.345312681834606,26.11842350382679,17.891534325818963,19.162621161826838,12.384218459402923,5.605815756979007
8711-9102,88.86928181331032,101.64130344328127,3.768994009937586,-6.508753233301522,-18.520578385696925,,,
8712-12701,152.93960931472085,162.49403151818711,7.009199210224572,2.023394624366258,-2.962409961492067,6.451996196409175,1.1094777257786728,-4.23304074485183
8712-12702,121.94045507613073,134.38833491677073,15.109047705303016,7.275520540394684,-1.7995920538963825,14.54422034592543,-4.0268420197227455,-22.59790438537093
8712-12703,160.7573031312342,270.0939024941564,,,,,,
8712-12704,200.27023591233055,238.2910766195093,14.63397744787701,2.370270272033032,-9.893436903810933,21.80541267410189,14.622026896755633,7.438641119409375
8712-12705,242.63650360447863,268.0029599812774,13.557905766009233,4.4497097339106,-4.658486298188031,-2.6363969806645935,-8.318766262922283,-14.001135545179972
8712-1901,205.93628814789258,261.8428942608366,59.37082134212998,44.03779318633777,28.704765030545577,27.032654327365805,20.743925442770124,14.455196558174437
8712-1902,88.33343557837472,129.01604606850026,10.793438224366227,27.51958371831767,44.24572921226912,8.832216607269137,13.13276650288507,17.433316398501
8712-3702,104.79114891370092,121.65697280677668,15.81450488594847,7.594898184786181,-0.6247085163761066,,,
8712-3703,125.71301563902725,148.0713884986032,22.50318157206321,16.184810686392712,9.866439800722214,16.420777869049704,14.161875366322608,11.902972863595501
8712-6102,182.00579932092822,201.13344251324702,15.250504307277431,6.115381390703129,-3.0197415258711917,27.240046167192066,18.870279221934126,10.500512276676183
8712-6103,97.39303263960515,123.57511219880176,3.310551773678867,-8.874590033525454,-21.05973184072977,3.5587330709053444,-1.7961763425137691,-7.151085755932886
8712-6104,178.1496415381477,197.8243246024529,-33.531604032193584,-47.57074861243374,-61.60989319267387,-70.86637502186575,-92.25739140464972,-113.64840778743371
8713-12701,199.879973751042,213.0290793820654,4.317895721252948,-4.237702363943143,-12.793300449139233,-11.384908954647212,-19.502915829720923,-27.62092270479463
8713-12702,93.62508659018725,99.12481646392764,18.549373441796153,15.06268683826928,3.238572585374183,24.459373161484596,10.357364869885402,-7.175635404112531
8713-12703,86.92939649420076,105.19315847355563,1.0231439887161404,-15.413497665253937,-37.95481013129365,9.899307601985523,-12.151519133686556,-34.20234586935862
8713-12704,91.06435869215944,116.15376285833453,-3.5727494445269907,-14.732641720635607,-25.89253399674423,-4.167062703301707,-9.003548908422514,-13.840035113543314
8713-12705,92.24956829867297,105.55282273643532,-12.11494796825403,-20.03867198964742,-27.96239601104081,-15.120889590563094,-25.834519469331827,-36.54814934810056
8713-1902,46.52843659639865,78.91696710463644,-8.298653646115143,-28.561939056848235,-48.82522446758133,-25.47047394738573,-42.15170837837349,-58.83294280936125
8713-3701,40.59889345001881,44.55538814090401,29.671098168007504,31.482393685534497,12.537975289210396,72.22952954807924,40.84188644206527,-31.991754592302847
8713-6102,233.0220927232945,264.67535361680746,24.62428838749559,13.921104079625884,3.217919771756177,3.767875193521196,-4.303951667507691,-12.375778528536607
8713-9102,121.86616588674131,140.12006779624608,11.28820618399458,4.119149034601196,-3.049908114792186,-13.616711876997144,-22.225767016934128,-30.834822156871112
8714-12705,181.41902768950519,210.864618940437,6.550425606559801,-1.7420509389376637,-10.034527484435145,0.8839669128522547,-1.215747477764977,-3.315461868382209
8714-3703,67.60625460706069,101.2380467265653,33.14087480044217,17.112086420875773,2.179980207154589,22.280387830707056,15.593635919698015,8.906884008688971
8714-6102,227.77372966357044,252.81669918114181,17.60019370434581,8.191889365295658,-1.2164149737544934,38.41126723091933,31.529189604940353,24.64711197896137
8715-12701,175.76795212515347,193.76210962642557,-1.2494583408234206,-8.374623705370317,-15.499789069917215,3.489351852728338,-2.674167297200959,-8.837686447130254
8715-12705,270.91491115015026,319.1228129618775,6.881352128327478,-9.752746815696874,-26.386845759721197,-19.739762738957186,-30.36338379416824,-40.98700484937931
8715-1901,124.56377351758681,139.46466664449838,10.033232678866739,5.246564530546523,0.4598963822263237,35.38144085201655,32.9300747553866,30.478708658756656
8715-3703,85.66359478228081,200.31942775866338,79.8452656252826,19.116691428889602,-41.61188276750336,25.961500927848167,-18.58473953920156,-63.13098000625124
8715-6101,184.7827516720946,233.27473325478024,53.519182657262775,49.73164067162851,45.94409868599421,17.632482195750505,15.531418166533271,13.430354137316076
8715-6102,74.81277378832876,102.87161386015649,-4.386330385942877,-16.591325632693824,-28.79632087944477,25.15062007814892,20.111293129917605,15.071966181686289
8715-6103,119.84622745724654,140.49290408446643,15.363138866694069,11.673845125723407,7.984551384752758,0.11864423139453645,-0.8065527598455301,-1.7317497510855966
8715-9101,148.33672585157322,187.41411323306932,10.68294005490776,-1.9032674107582697,-14.489474876424303,-13.947119971251317,-20.833896242536706,-27.720672513822098
8715-9102,132.4402559001802,146.1465632806884,4.278963818962078,-3.8826656903640435,-12.04429519969015,-0.390965315074069,-8.415843506516275,-16.44072169795848
8716-12703,106.47364962689615,116.02157580221119,2.395165507986114,-4.826035680126684,-13.363035974299766,-16.00189701611423,-21.29370733281774,-26.585517649521243
8716-12704,121.65876845565163,147.27452612897858,17.106530372611175,8.707865873496921,0.30920137438264533,35.69726450044156,36.38575327036907,37.074242040296575
8716-12705,63.20891459383499,133.2965506212552,-14.188677931396194,-42.90360788737783,-71.61853784335946,20.954213602434617,14.774505999777112,8.594798397119607
8716-1902,170.133174791297,271.4406157267787,95.34967946823743,93.68039326694405,92.01110706565069,49.67755189628936,50.254225425597035,50.830898954904725
8716-3704,109.28877901893476,130.58248548529536,20.344547818813933,11.291904776669105,2.4675918253143023,13.523334475813169,9.516625623148354,5.5099167704835414
8716-6101,98.27311715509688,111.02845584569867,-14.208659755108114,-14.107699569631045,-13.382024474391548,-23.468843523612673,-20.925802736687345,-18.382761949762013
8716-6102,81.51378143173362,95.96053007383881,21.13329446757379,9.117060108824338,-2.680283672734961,21.751477474457747,11.37543152455684,0.9993855746559281
8716-6103,280.21832720271175,318.2960884081182,6.109605887505451,-8.038491736983886,-22.186589361473203,-33.97745291358828,-45.68730080711137,-57.39714870063447
8716-9102,94.79872934525551,99.23887128067949,21.482622983368604,18.97058248437372,8.932538687271126,15.6603020229366,0.7499365861242681,-18.862168111803854
8717-12703,64.97951569252517,78.90614530529398,26.68186134035013,17.702964951811815,-29.591019238935615,31.738587699010477,8.387180543534583,-30.337269625391777
8717-6101,143.48008916261116,174.56888978997114,-125.9930509287555,-121.42988794482795,-116.86672496090037,,,
8717-6102,283.8677348313724,336.0259501812727,31.254557946596375,10.405674358419034,-10.443209229758313,-14.189838533245785,-32.538914441252345,-50.88799034925894
8717-9101,152.82713791817616,177.81947879983903,23.144924757764908,12.033514546722685,0.9221043356804589,25.678941167799437,15.427278816863067,5.175616465926678
8718-1901,109.23330938110087,225.11613687056348,17.881854868966958,8.02796947093414,-1.825915927098604,15.117259200218298,7.2531565627979155,-0.6109460746224312
8718-1902,62.50291672912976,86.5744818121658,-19.55868162490475,-25.41776835772191,-30.4944266804894,-21.198535644132082,-22.04398798509598,-22.88944032605987
8718-3703,47.0929629754076,79.44918587133049,-15.267652447328842,-49.171261559900685,-82.00481954762483,-50.309773284821226,-76.155158975819,-102.00054466681677
8718-6102,152.36183036975908,200.9662205602554,3.0991768165131255,-8.288366178113193,-19.67590917273952,18.170421390914893,20.878353763222588,23.58628613553027
8718-6104,102.47365288721174,125.28325970191598,0.4641832832429049,-9.705286647933969,-19.874756579110855,8.42706035442817,-0.1745705631584642,-8.77620148074511
8719-12701,145.99401942737705,171.174300224449,12.839308029563432,1.5717997746708816,-9.695708480221668,1.1807046348531125,-9.710707182419082,-20.60211899969127
8719-12702,71.7310932624253,115.73664258610853,-1.5366267621272014,-26.613346457343493,-45.2986170975259,17.437555490379665,11.832703453560159,9.776333258001971
8719-12703,222.5306379629704,255.77258495524197,40.7366148594171,37.66520901871459,34.59380317801203,,,
8719-6101,109.36465487817028,120.60485440297805,17.01035961793691,11.298926397683944,3.508334557007583,24.50512812402822,13.71014024904344,2.9151523740586476
8719-6102,74.30060896274449,97.13141052246014,19.372780206023517,1.6963505013592675,-15.980079203304989,4.236901993463624,-13.118573461215709,-30.47404891589504
8720-1902,59.47830577917687,82.60568873030934,9.239749029040548,-3.1407929893534132,-15.52133500774737,-5.825884102102908,-14.64751726798843,-23.469150433873956
8720-3701,191.16119224001665,261.5152252397928,51.95504665317349,25.870635374454896,-0.2137759042636995,33.3367890602704,10.730674946761816,-11.87543916674676
8720-6102,102.27132146500436,115.07651610342197,29.64687870042167,23.164584255209974,16.682289809998295,-0.9103394567311045,-4.321786913609593,-7.733234370488093
8720-6103,58.20978578399187,61.89881276547658,12.239677669498837,10.744155108263918,1.6204773826953016,14.086190478409574,-2.92373395693427,-28.027637403593772
8721-12702,117.51328923712703,148.3072649010256,25.544081903304086,4.13424102998209,-17.27559984333992,40.46028066043204,21.06160397893827,1.6629272974444707
8721-12705,58.50486594127939,81.69978600527791,26.78449283892662,11.910164160397894,-2.681998867957917,14.54677363957851,1.449267601172846,-11.648238437232806
8721-3703,132.97204160086733,182.53538490672716,39.247116228787824,30.00953519428872,20.771954159789615,37.984504522932006,53.446848119060974,68.90919171518993
8721-6101,,,,,,-12.309507552501517,-33.73453607358667,-55.159564594671835
8721-6103,238.10199227192885,269.3608747630859,19.979978037150996,12.7971103569009,5.614242676650802,13.354784188822746,8.320658952029973,3.2865337152372036
8721-9101,94.78335581027835,116.55830776465129,12.450453918792324,-1.99181941708938,-16.434092752971083,21.554883572224654,16.41093568305826,11.266987793891866
8722-12703,54.42654719453016,99.35847301126276,-8.20548741892931,-26.65145189716735,-45.09741637540539,-9.09751151395645,-18.143211171400036,-27.188910828843625
8722-12704,142.15368894058463,152.6229366127232,-1.4283036258112698,-10.207778845391433,-18.987254064971598,4.5566998616336,-4.301955258747493,-13.160610379128588
8722-12705,136.41420241535872,143.79579323550027,2.5728869989366547,-3.184866170278678,-11.021036166773671,16.79102838540821,6.288431531439757,-4.214165322528696
8722-6101,210.4757639157313,306.70441977102473,-26.53871675349727,-62.03145474443309,-97.5241927353689,-37.33628461217394,-59.01961933737184,-80.70295406256976
8722-6103,227.62462556705384,333.0604754998665,127.58122703294796,75.66244448034585,23.743661927743748,140.816390438698,105.25492119167873,69.69345194465949
8722-9102,182.56883767195268,283.5054651298404,-29.692884648895966,-60.71591179557361,-91.73893894225128,,,
8723-12701,229.8404386495916,243.83734408871084,20.698328118910098,12.544756450404563,4.391184781899024,4.037786829933876,-4.548979099264528,-13.135745028462932
8723-12702,167.0860826519104,182.36079328268278,2.87574300391183,-2.5553280971255288,-7.9863991981628875,17.92033824370403,13.832137920060813,9.743937596417583
8723-12703,205.00072750950724,221.32101712138228,13.109539452693067,6.9444858872137445,0.779432321734403,7.993682056324664,2.665313526967625,-2.6630550023894344
8723-12704,144.9416984066392,179.77403008233156,19.82800634658804,3.260679450841194,-13.306647444905673,6.166283298302107,-5.124238728477256,-16.414760755256616
8723-12705,256.5645072304818,265.62161806472847,4.0923486421886315,-0.0051245449336232846,-4.102597732055849,29.026365140347675,25.426936144963452,21.827507149579237
8723-1901,104.35415304572612,156.6505322036944,76.65007089895121,65.08821415482919,53.526357410707114,24.58121995427339,13.665219450736744,2.7492189472000876
8723-6101,95.4994599240331,110.40526365025933,-8.35685575826104,-23.008257193650085,-40.99022841618114,-16.906949725000697,-32.538377510469175,-48.16980529593766
8724-12701,178.0140561391296,187.54449483916895,10.248749267364378,4.451903645787714,-1.3449419757889511,7.494079979992355,1.3776702180055234,-4.738739543981292
8724-12704,75.1209258700732,89.1025060173206,15.417905888893463,6.83701716549585,-1.743871557901762,,,
8724-3704,85.20365692285093,91.4976253883892,-1.5100053425563824,-1.8269005211244957,-0.9535758350327196,-4.304484615459635,-10.279289506289071,-16.254094397118518
8724-9102,76.80822858058501,94.54550748944784,11.066459663927033,0.7856229358844556,-9.495213792158122,-2.631460428039752,-10.894022931924153,-19.156585435808555
8725-12701,170.59825019245363,191.94377897419258,6.034831739384203,0.1361863540796592,-5.762459031224902,2.1532847175267915,-0.6710544677162089,-3.495393652959226
8725-12702,148.9236805713587,176.1916749926483,19.72869500742054,-1.039225565582558,-21.807146138585654,2.83627459895017,-19.678967651967756,-42.194209902885696
8725-12705,242.21653525528143,257.5190654016269,27.891265124531557,21.59540626768502,15.299547410838485,22.62053236953447,15.834418212178804,9.048304054823141
8725-1901,90.30875300555735,120.1141812127053,-8.560547297350986,-19.69699591092492,-30.833444524498855,,,
8725-3703,186.9895448985216,202.9150670623396,19.873512729518644,15.09793862887747,10.322364528236296,13.756795459069808,7.639206866074504,1.5216182730792187
8725-3704,49.831796371564685,151.26483183339354,-46.30583453432476,-27.67833092125804,-9.050827308191272,-90.6119629615231,-71.10360299628643,-51.59524303104981
8725-9102,97.18006160219826,157.79833719825712,100.72142942484346,65.8919695506921,31.06250967654075,67.07868482347739,38.909263696409916,10.739842569342445
8726-12701,38.75900367898187,63.20175645041948,0.3224300255676809,-15.514155092771412,-31.35074021111051,-55.693719946841675,-75.06518946655534,-94.43665898626901
8726-12702,202.2741475088028,227.15148113512387,13.548119397921408,1.7540168109832526,-10.040085775954916,15.577748220870067,3.4077250524463105,-8.762298115977462
8726-6102,76.64438022399268,131.84016356894156,-22.724648590901865,-52.789348448649534,-82.8540483063972,-12.628111919402302,-24.03061337887287,-35.43311483834344
8726-6103,225.55489490837888,319.97521115342033,52.449883363346174,16.256321409304334,-19.93724054473749,28.090062954074085,-3.7513505738454302,-35.59276410176492
8727-12701,127.38437573917275,133.27620197558633,80.27289429505483,76.87261524364307,71.18606231375577,,,
8727-12702,128.49747764323712,141.1314278368952,8.185442997072618,-1.9585004931348369,-12.102443983342289,23.869825898443057,14.672290754815773,5.4747556111884865
8727-12704,61.06355430592508,85.44232215514806,17.830669273153177,-5.8755652871613195,-29.529607075455875,-7.488898232841479,-28.147768441589438,-48.8066386503374
8727-12705,16.069529739653138,49.18041482987884,26.824148734576564,-0.4951404860273725,-27.81442970663129,-24.027337137494612,-71.6932659689686,-119.3591948004426
8727-3703,37.7256793814206,118.53511513386404,-18.692639355505364,-3.668338115054684,11.355963125395936,9.073952752009452,11.175931598203642,13.277910444397829
8727-9101,239.4801478166184,278.2924355836178,-44.85441223063851,-53.59252041374112,-62.330628596843745,-56.65293959331773,-64.98362730000619,-73.31431500669466
8728-12701,56.159770999225465,76.8017231147457,-0.9327298438660719,-19.98694515970111,-39.04116047553616,-2.6288730523852952,-25.585554064412182,-48.54223507643907
8728-3701,177.3404566943658,239.28625432316866,57.60933619805407,43.299181644250744,28.98902709044738,-1.7394185491837157,-0.19607656218396785,1.34726542481578
8728-9102,146.10913180919047,160.80761991098274,7.277739425663965,2.1120467771890383,-3.053645871285875,-5.495418552438142,-13.55909220419562,-21.6227658559531
8931-12701,103.59612947847134,125.61598160879205,24.296131390884863,15.331060127471538,6.3659888640582265,19.932845692053622,15.919701507129755,11.906557322205884
8931-12702,60.60113358503519,84.55809250463545,-2.171645313379906,-17.851292967932313,-33.53094062248472,-14.263176927411608,-29.302850969716086,-44.34252501202057
8931-3703,81.27859087652041,99.04833577152712,6.020412845322602,-7.840646358363356,-19.622692546011034,-3.2324973510049664,-11.429218653446304,-19.508374965722385
8932-12701,104.2129690620559,120.76741897514435,31.519416214981742,18.12533312238827,4.63967849294827,35.56074934323034,18.655348033098495,1.7499467229666468
8932-3701,92.9059087596612,112.35716448934438,15.933486539837405,-0.17650837513456746,-19.28976266010202,-4.956918176182582,-23.230674829251427,-41.50443148232027
8932-6104,155.24457388943398,235.51730127197658,-7.469936399633174,-42.02118992874253,-35.82888513088256,,,
8932-9102,104.31569903774297,143.83164380162324,52.11476124596702,34.30801392894166,18.40638996448187,36.64238601261264,28.13994401716613,19.6375020217196
8933-12701,147.7853668160994,182.9192377668195,5.439365897316272,-4.695399804082868,-14.830165505482002,21.249240733894155,18.457672006687506,15.666103279480836
8934-12701,224.81601241005734,229.73346724228145,7.138014264494351,3.832439159930242,0.18495428414471918,-7.962484987860747,-16.039463978066237,-24.116442968271745
8934-12703,56.203851106694856,123.36500185582567,35.65064735472654,3.832399559955588,-27.98584823481536,20.976506513632074,2.7493557490400815,-15.477795015551893
8934-3701,46.30998266064146,119.14839893254111,-20.651580267695454,-69.24824349031594,-117.84490671293642,9.364066750630945,-10.965939004885904,-31.295944760402765
8934-6102,104.03843696189455,124.94643246655757,-19.21702651531093,-34.420208538038224,-38.19464256205623,,,
8935-12704,87.73429588626615,101.5740287025613,16.165014714012017,5.521803491758505,-5.121407730494998,7.269589201610699,-1.9568871904241398,-11.183363582458984
8935-6104,85.7386557156033,119.1679144906099,6.478236594168417,-3.6677226067969593,-13.813681807762334,10.008356568962299,3.738142923146899,-2.5320707226684998
8936-12703,33.050481735730244,44.81136491582064,31.453651324390933,23.77555621946699,15.65111025603862,35.71446438936611,27.496850475373538,19.279236561380973
8936-12705,310.91633972819113,343.3756889494732,-15.3579812162264,-28.207323702817174,-41.05666618940797,-35.32140993081371,-44.28706266222439,-53.25271539363508
8936-3702,191.1292058126564,266.4211676182402,25.020391663610575,47.53307320884837,70.04575475408616,85.5961786275563,98.05359373591875,110.51100884428116
8936-9101,102.0936951989308,127.25869226948151,41.87818416946977,39.94163793925807,38.005091709046376,-0.7425183363211013,-8.252283339586123,-15.76204834285115
8936-9102,189.22169404579006,239.82717083707934,18.974377385287692,4.838735350522184,-9.296906684243323,3.5633108890460243,-5.322237695324955,-14.207786279695936
8937-12704,74.93841082819637,77.1737641198409,14.533049769130004,14.927526885390634,-4.325821240529963,78.3161282894293,49.674513395908484,-29.087698278580213
8937-1902,117.31924555155572,180.27380139182222,62.05196106808666,98.71508441969023,135.3782077712938,-66.068888921212,-67.14341081009175,-68.21793269897148
8937-3703,113.0431346878772,148.9217139970029,-0.4157508535518648,-12.02608284277795,-23.63641483200405,-14.110961878643396,-22.094200022099823,-30.077438165556245
8938-12701,179.11084160361557,207.3440994715759,11.554786026704823,-1.3607293649162389,-14.276244756537302,-5.492170716452445,-17.142107822472752,-28.79204492849305
8938-12702,269.6442101631371,282.7508623132945,16.4309645831754,8.685637501070682,0.9403104189659376,27.79133064115796,19.599716947192544,11.4081032532271
8938-12703,264.9769497498189,288.46214311877856,19.031661151609534,10.17193013756291,1.3121991235162889,16.597028004647367,8.714337931208112,0.8316478577688601
8938-12704,169.5193137560088,223.89287149566374,57.301505349852334,26.718009672907574,-3.8654860040371766,34.741679169392334,5.971458516237288,-22.798762136917738
8938-12705,68.28332592732544,92.15084957589664,6.11215441636948,-12.131749095296515,-27.515047912934108,7.670900745730301,-2.582823335080706,-10.586854201909743
8938-6102,59.065152673150564,96.19566870959653,14.651351817614026,3.60951481382449,-7.432322189965078,-21.397281321272363,-35.32222601560419,-49.24717070993601
8938-9101,151.99115668974116,170.2111285054755,0.5961760691063864,-8.3009981006357,-17.1981722703778,-7.745959177476464,-17.464189097954424,-27.182419018432384
8939-12701,158.01546230792144,212.45130477240144,,,,,,
8939-12702,84.88052207874826,84.88052207874826,,,,,,
8939-12703,153.3156378010994,170.34488195808237,16.383902373610695,9.018037974792964,1.652173575975243,,,
8939-12705,159.9957606207067,260.4278367775255,32.09775793175647,28.135877905821516,24.173997879886574,8.099161410208575,0.6631442354959131,-6.772872939216749
8939-1902,63.08467455883819,90.1732946862347,,,,6.059583724387683,0.9726638230654707,-4.114256078256734
8939-3701,39.021128611950196,113.98418244475033,64.3693472169481,28.908209492933896,-6.552928231080283,38.939586341185425,2.5259445703462964,-33.8876972004928
8939-3702,180.69581358286143,218.55382165125985,40.78133987802965,18.88113172682763,-3.019076424374394,30.524709996189912,3.929243756526216,-22.6662224831375
8939-6101,87.88292055378508,101.52807817003716,20.706565555711506,16.184519112941874,11.662472670172246,13.104254472071506,6.4314371075862615,-0.2413802568989843
8940-12703,117.53226053091515,137.64436000273534,7.451802092201995,-1.2307499449226684,-9.91330198204733,13.797464328723152,7.211343537872529,0.6252227470219075
8940-12705,161.0463547856881,180.69776128405044,0.004143714990026295,-5.5257714069784925,-11.055686528946996,-4.053325655907932,-6.897020139655889,-9.74071462340384
8940-1902,135.53093765449552,226.05858949998202,93.40679104888909,54.927562603175744,16.44833415746241,43.465471870612156,11.0743278305399,-21.316816209532323
8940-3703,231.26221919812372,244.9683864673253,12.12463022925525,1.1363521923970017,-9.99900081560357,-57.25174671595381,-73.99860802176443,-90.74546932757505
8940-6101,67.78650342965378,88.32576914891102,,,,-43.55099106791961,-47.243770261473514,-50.936549455027404
8940-6104,179.3486238339772,225.83986450592352,-17.153629170903038,-19.755782792452393,-22.357936414001777,-55.132160231457746,-56.79274402531412,-58.4533278191705
8940-9101,286.0168129512715,324.5974947482506,15.604136602376236,6.913537243700721,-1.7770621149748167,-16.966681539419096,-21.784836839370943,-26.60299213932279
8941-12701,80.90224865692929,93.83139053098759,12.414432336254034,1.6718476135389797,-13.428315559284709,16.95254133218088,5.174561037222746,-6.6034192577353945
8941-12702,82.43810897952918,103.66924430077088,-2.931069525691732,-14.648801895699162,-26.028288056291608,-7.894934530886923,-10.888618770657056,-13.882303010427188
8941-12703,52.759900458710746,64.08612894764765,22.290710644287003,19.82184795764376,17.352985271000517,21.1587302599889,14.541925911738392,7.925121563487894
8941-12705,78.50948861093752,104.47797922208964,13.371183847609915,-12.592277490090503,-38.55573882779091,-15.573842628237387,-39.720300388959686,-63.866758149682
8941-3703,62.00006106774141,72.84135691369501,0.3910175316751582,-11.16266273978654,-17.656262975344795,-15.975247078458558,-35.23030876425792,-44.11769376945489
8941-6101,100.2333300990722,135.97350118921938,22.94867306137075,4.3211075224236355,-14.30645801652348,15.975708103682335,-1.122956843534453,-18.221621790751243
8941-6102,111.35487092617586,126.22247703207015,14.845640862674832,5.91351818510944,-3.0186044924559514,21.752741728573337,12.816555893694487,3.880370058815635
8941-6103,80.85453381920561,95.93921644487415,5.543396216907087,-7.406906614015221,-17.779669972593858,-9.902483405466484,-15.57671446884737,-19.992649819493657
8941-6104,60.22822922621242,71.88609713567996,11.160310247269331,3.4342436075730784,-18.904227801260966,11.185565916492477,-16.941183363464706,-47.89260931048023
8941-9102,153.21986995397276,208.31393939337502,61.29288099662046,31.74066520549513,2.188449414369817,38.32326990673094,16.576929211326682,-5.169411484077599
8942-12701,164.9671994638095,278.9584707891567,140.3842074548436,77.69042721336962,14.996646971895592,93.2404065279373,43.231895123809224,-6.776616280318851
8942-12702,232.7886818577324,238.18923171191454,12.499472107280083,8.206288850979663,3.91310559467923,,,
8942-12705,24.51921485646807,44.429345820120496,29.429185735622376,16.622663376332177,-8.298738972603449,43.41085450872359,22.789575728302008,2.1682969478804237
8942-1901,143.19570064410843,184.37774130831562,19.637289994940918,9.504624526913522,-0.6280409411138798,18.61368907555767,12.059605832423197,5.505522589288747
8942-3704,63.518748804424156,82.46006878677119,35.6479637697337,23.94067050460941,4.156876640976667,24.164257670267986,2.604924446502309,-18.954408777263378
8942-6101,32.45303751466778,45.29459886734704,31.824179104631693,21.50268195191358,60.74027104348113,,,
8942-6102,80.53621511312824,96.11763700489567,3.031132613461678,-8.543349956895234,-20.11783252725214,7.529936588031722,0.25378709993665444,-7.022362388158412
8942-6103,64.08804773659625,79.70077155826017,1.7209900507768952,-10.299860296104997,-27.42927349587376,9.227847138332857,-14.060754546890788,-37.34935623211442
8942-6104,123.59248099075232,155.13199903638662,4.883944284955127,-2.863070852014422,-10.610085988983966,-15.282836209022351,-20.92839425749552,-26.573952305968714
8942-9101,72.19307944777046,92.1657924025394,4.409429244399122,-7.836777509493782,-20.082984263386685,-2.2457559295735483,-8.885823674210428,-15.525891418847298
8942-9102,67.82243479239003,82.07759655711152,12.49771413231313,3.8608806981306807,-10.02195527697757,33.03916459891311,22.544334194927366,12.04950379094163
8943-12701,209.29637043864446,233.343209595833,27.731293064044085,21.19358446672373,14.655875869403381,-3.6865409058472354,-11.269912963383655,-18.853285020920094
8943-12702,102.29606067407957,114.40877316488523,11.161053179019886,3.785893553098419,-3.589266072823042,26.586602137724554,16.870771385616695,7.154940633508834
8943-12703,84.04381880125122,97.5604031928099,9.762297160383346,2.280323817471634,-5.201649525440085,20.048615124286513,12.976954762822528,5.905294401358536
8943-1901,129.39612336830515,209.05091481983507,42.895195930882835,25.46222498006163,8.029254029240434,54.38959185475323,52.95578376658634,51.52197567841944
8943-3702,211.2850989393647,250.32873243554073,-13.328311820045181,-28.6952247890254,-44.06213775800561,87.57631842228037,78.5451351588842,69.51395189548803
8943-6102,129.8250839371705,187.11664318911468,69.36415714851563,45.20906733256272,21.053977516609798,33.86619539840514,13.479449254409708,-6.90729688958573
8943-9101,44.5497006028135,116.42777668553629,19.897831787081472,89.37756137039771,158.85729095371383,102.66938268901261,140.19166205650123,177.71394142398984
8944-12702,177.14351065973088,219.70360090130663,47.78201051774514,27.92404290162306,8.06607528550097,16.004090076404086,-4.2717376556835065,-24.547565387771098
8944-12703,95.01872057696707,111.69592234452655,10.387736551438696,-4.269714771736307,-18.927166094911314,7.579816313798294,-7.798165037973852,-23.176146389745995
8944-12704,293.280093720376,309.504033047166,11.8674953914651,4.885200702361648,-2.097093986741778,6.873351268803381,1.2048214675369164,-4.4637083337295245
8944-12705,169.78280129920063,192.21678679583783,4.151345101103354,-2.6797415686491592,-9.510828238401677,-11.350811567428698,-19.789732755375532,-28.22865394332236
8944-3701,76.27326092838177,104.48704780507481,29.739506571133877,13.665122201809453,-2.409262167514954,26.088243373982003,16.299193448962402,6.510143523942783
8944-6103,171.8603297751448,213.06348908488093,10.35949568035428,-5.8634625178760835,-22.08642071610642,-15.76773454899557,-24.67975871631006,-33.591782883624546
8944-9101,41.66024098059133,58.29750500110654,30.31066197714708,21.93374404803646,8.96204766138222,45.06272554884549,18.134584347280992,-8.793556854283514
8944-9102,68.91343991308176,78.81452415520154,2.7750431753566676,-4.07897605057419,-24.653230947413252,6.361034215328571,-11.923376273356183,-32.6193504743828
8945-12702,129.0918603726334,148.37992453207076,14.751209952449791,0.9847960562954198,-12.315657411216094,-45.96237510223011,-57.08349006792688,-68.20460503362365
8945-12703,185.41631363433632,219.0194966934206,6.379949868750037,-6.83233605361548,-20.044621975981016,-4.239585832935779,-18.109953588092917,-31.98032134325005
8945-12705,136.4067621440513,148.42507661423505,25.38080295366142,20.079329640638434,14.777856327615448,32.79648643359626,29.84814410920422,26.899801784812187
8945-1901,66.22725457445745,133.60483270879192,46.25367175277637,39.012173898862876,31.77067604494944,13.153094546555865,3.553859983420902,-6.045374579714045
8945-3703,139.87452681056394,183.49730348883247,17.24017484654691,10.495621011838656,3.7510671771303934,26.514862037341672,19.30505197609905,12.095241914856432
8945-6101,129.775194026373,161.92836803307696,41.71628341477372,26.59676013891958,11.477236863065475,31.519474567929205,19.488562156216748,7.457649744504269
8945-6102,276.49951242240934,377.4980849415713,138.50547454758544,102.21506830018244,65.92466205277942,,,
8945-6103,213.8390413212642,276.8332038897489,66.6093675336575,44.022038368355865,21.434709203054226,25.621812088208,7.394613699619104,-10.83258468896978
8945-6104,58.801842993772354,166.78925272263473,106.00907746123205,98.40890478659001,90.80873211194799,,,
8945-9101,116.61073765258227,134.12648450731578,4.8728763744441155,-2.9396163416579446,-10.752109057760004,-4.721227790354528,-11.83742185064723,-18.95361591093993
8946-3704,160.90849759483638,202.02833854119203,24.517731414826912,15.56364817641312,6.609564937999305,20.413021894959833,15.406252054680701,10.399482214401576
8946-6101,140.4134086475575,173.69039386190516,20.10699933033424,10.576708594529567,1.0464178587248854,8.882191772993163,-0.78273926428127,-10.447670301555704
8946-6102,166.91611572231267,191.18631485206626,16.418962529957057,12.398710547878293,9.102284318709634,-23.39279544103092,-22.903826333398364,-22.41485722576582
8946-6103,57.6144513827196,71.77598799606949,13.533187430457883,2.2933876122310646,-15.230210118566365,10.79118386878622,-8.866579917707494,-28.524343704201197
8946-9101,87.67944526244274,101.30033318290299,18.544756130408743,7.7885765338147985,-5.132717908536174,4.699185086850521,-11.565745034881786,-27.830675156614088
8947-12701,311.26877214645856,339.115878717997,5.371477076684891,-5.005736443980554,-15.382949964645997,-36.698174909919295,-46.9352373860178,-57.172299862116304
8947-12704,81.39694689119501,129.4699996865575,-19.055082088241324,-51.0687824777575,-83.08248286727368,-46.105626032679176,-72.10343860276156,-98.10125117284394
8947-1901,102.00153251885857,131.11364041496756,16.768552039569528,9.31189815058432,1.8552442615991136,11.834647351385257,1.891265087359164,-8.052117176666936
8947-6103,143.97757983257253,168.84047417600536,36.863295311457954,21.84649311046592,6.829690909473888,22.89096484946311,8.754853135467936,-5.381258578527243
8947-9101,104.46547153328065,131.75158456125155,1.674928172019982,-14.893051334100134,-31.461030840220257,-13.90235328592111,-28.55003396359624,-43.19771464127136
8947-9102,192.5009972404331,203.50623035727764,12.259584431249582,7.59527763354273,2.9309708358358777,-2.6714320380074823,-6.8413259773096256,-11.011219916611768
8948-12701,127.65557071683604,154.40826476504068,6.699207411218383,-11.632208721412232,-29.96362485404283,27.678247065076995,16.355118245095145,5.03198942511329
8948-12704,51.8929407364828,93.80979494387253,-3.3454183090878193,-25.897707620751195,-48.44999693241456,-27.19987933116472,-47.73007184761276,-68.26026436406079
8948-1901,213.0359447412349,291.90325155550886,-11.11198414671933,-41.4491595775155,-71.78633500831174,-105.19382030929361,-146.3036839853139,-187.41354766133423
8948-3703,55.190976682827774,80.0922675632852,34.15828981873743,16.37410390611372,1.1456011567363238,34.92372064939254,26.515402799535355,18.107084949678185
8948-6101,117.4483234845382,125.83148754150727,12.282680498906432,7.200688216610197,2.2021496697220906,6.78739173097833,3.0234468997411996,-0.7404979314959299
8949-12703,89.5599496630394,112.4079433873372,-18.53811268523439,-24.65792887651747,-30.77774506780055,-88.14475081244699,-89.31211309898399,-90.47947538552098
8950-12701,129.1457654263515,144.15842312452313,37.757494485041434,41.40537066273353,45.05324684042563,102.25563854282463,110.24005710013932,118.224475657454
8950-1901,109.17335950588522,123.87161976524469,31.028048848900113,23.908247473415845,16.788446097931587,10.593303633250219,-0.2708831143348055,-11.135069861919822
8950-9101,89.48869057474892,104.48865380140677,14.590286499154383,4.462786085775106,-5.664714327604173,55.28601440268036,46.848226995777665,38.41043958887498
8951-12701,163.27425340280374,182.9608429812969,24.538936861521087,18.008541258942607,11.478145656364125,38.46765622282601,34.295157240308875,30.122658257791745
8952-12701,201.5212692897205,221.32063109047542,-0.8082089905900371,-6.331101917338791,-11.853994844087522,2.0587001606640434,-1.3593238006195025,-4.777347761903049
8952-12703,170.03654150826875,183.6090207499116,3.300495926082744,-1.6718134378649598,-6.644122801812653,6.9014559686099375,4.432536674781331,1.9636173809527262
8952-12705,204.22906101870913,221.76923733366849,14.0069220327417,6.988618866332232,-0.029684300077214648,5.324522262639013,-0.4779665020981413,-6.280455266835295
8952-3702,131.9686504575257,157.73519894734477,-0.611208733893916,-8.843449144920971,-17.075689555948017,-6.13618301523479,-11.303914789071126,-16.47164656290745
8952-3703,169.05048451576826,203.51736552869446,30.789275389902865,30.252489169617828,29.71570294933281,24.290806835859957,21.237574587983513,18.18434234010707
8952-6103,128.67227452343243,152.74818712972845,1.2993906321739237,-7.043072927975033,-15.385536488123972,4.057493169387087,0.498999136176536,-3.0594948970339773
8952-9101,127.60344667602355,211.91160713658297,147.9486418848845,106.56022622422327,65.17181056356203,93.92951029260541,49.78382634487562,5.638142397145767
8952-9102,365.89306700091265,382.80836879903046,13.263400239626634,6.4681817082218185,-0.32703682318299665,-6.384408529699072,-12.109075432706495,-17.83374233571392
8977-12702,66.47152829853482,88.68812942313465,14.46443344585633,-5.640952448511239,-28.202470518622807,-8.9009429307886,-27.84812659666588,-46.79531026254315
8977-12703,256.36307317386706,294.31037532868277,-43.39676062352247,-55.79846771147201,-68.20017479942157,-7.111477931373207,-16.165558272136003,-25.219638612898798
8977-6101,156.70083446747518,218.5385920201927,49.09127796789241,50.53923133848654,51.987184709080665,90.43089522303451,122.2919405534259,154.15298588381728
8977-6102,152.85589425230003,166.17557223505898,7.194886942640552,-0.4993789065729441,-8.19364475578644,6.1623386016476,-0.09522951394351628,-6.352797629534635
8977-9101,207.73330737356324,240.90239556080965,15.295481957125386,2.9422248187540236,-9.411032319617345,10.877237811501287,2.2926763890852535,-6.29188503333078
8977-9102,166.81088555451132,206.46849163246577,20.081270142052542,7.8284209661086495,-4.424428209835269,3.4225192623963534,-3.444917151243676,-10.31235356488371
8978-12702,232.53479622471352,261.8985210337835,39.6648675772141,31.252339918458716,22.83981225970333,42.28917281524986,38.58562896665655,34.88208511806324
8978-12703,53.25812462945942,72.3020935454469,12.339537905040238,-2.537561219077622,-16.055680925578482,6.720378994461504,-4.376480189093243,-15.473339372647986
8978-12704,221.22811178127938,237.5462892735422,5.518052085423572,-1.3817023950113985,-8.281456875446366,-8.966657271899056,-15.150535763354991,-21.334414254810923
8978-12705,216.5738483116532,255.14599453890781,42.24764827103463,26.041702488955217,14.639629736045569,44.22756065724912,38.62598956479086,33.64777812561515
8978-3701,193.83534083883214,221.68384196896375,-3.245661016111678,-11.72517297217277,-20.204684928233885,6.270301360122485,1.9224936682670164,-2.425314023588452
8978-6102,122.9983338131832,144.09223132118134,32.19329912626273,26.161989944455744,20.13068076264877,23.545136614786742,17.933321739973024,12.321506865159302
8978-6103,201.51030157145192,216.28064723260593,10.891121708484684,6.581415878347849,2.271710048211015,-10.47245606738698,-14.694581261552672,-18.916706455718366
8978-9101,160.29276792040335,180.14136924533076,9.145251165690437,1.056026541721386,-7.033198082247652,10.20519501505313,3.47466425840596,-3.2558664982412107
8978-9102,243.99270743680844,272.4151351426287,31.832406441367517,21.43822735179024,11.04404826221293,39.24278561092786,30.423568375240098,21.60435113955231
8979-12701,265.02161765962956,281.4359126812861,-5.138594708258207,-12.373935625271699,-19.609276542285187,1.0545106217143554,-6.847864229005515,-14.750239079725413
8979-12703,105.81174525594439,116.93178983881153,-20.35628652623228,-30.804314398561473,-46.72929967316925,-31.24876983417375,-45.22471825944333,-59.2006666847129
8979-12705,221.30149032117887,243.51294441527205,9.976395070146069,3.5892928554074675,-2.7978093593311484,28.519655872936713,24.95401184543876,21.388367817940807
8979-3702,232.82157840277767,253.7029098787965,11.317032461970898,3.883203630996323,-3.550625199978278,,,
8979-3704,126.43337712210784,156.7600473889471,30.52202221286624,6.4607151304071015,-17.600591952052042,-2.2506545984216517,-31.671456903192954,-61.092259207964275
8979-6101,95.45790860638482,109.58653548576862,14.737801121767703,3.234682529761366,-9.312475927853269,21.472501816423645,9.68540572270179,-2.101690371020062
8979-6102,209.4145677706877,220.22522732411232,10.790839411052328,4.332421962303181,-2.1259954864459645,,,
8979-6103,391.23324660357025,400.81868641368254,,,,,,
8979-6104,180.2250504882057,194.45243857639582,11.767352484403734,7.213141180049152,2.65892987569457,,,
8980-12704,62.564095304565626,80.06070714871022,19.114282014456897,7.033390818646539,-3.2343846253618134,-7.358607694164922,-19.9938376139172,-32.62906753366947
8980-12705,66.80335536325107,105.38481770795498,12.458898181842903,-26.963169213501086,-66.38523660884506,-14.221158730647542,-42.713611644663985,-71.20606455868041
8980-1901,185.80783177605042,289.30228663128594,168.71208102972167,149.6382866380299,130.56449224633815,153.25129506005294,141.96431426954786,130.67733347904274
8980-1902,88.05116176557402,122.62138826166924,-6.170736737453104,-13.808875059220846,-21.447013380988587,-109.42027053022117,-118.52583438967865,-127.63139824913611
8980-3704,41.032933917552135,100.07525842029791,2.9074859545350544,-32.60429827953022,-68.11608251359547,,,
8980-6104,264.56790838361735,294.15914530337045,24.839511747402497,12.773504739263277,0.7074977311240824,5.3083972239329364,-6.515300448121675,-18.338998120176278
8980-9101,155.60874932982102,175.80280176130142,11.83266522518361,2.7120073317246076,-6.408650561734396,0.8250279979535111,-6.972930048022405,-14.77088809399832
8981-12703,170.30034377945609,197.68888815506492,8.382903496981626,-1.3927457468095321,-11.168394990600694,11.771107484625078,3.6931023594154593,-4.38490276579416
8981-1902,59.48765277250687,85.3437825689431,-49.53856017252395,-70.23135982861363,-90.92415948470332,-60.2521439241551,-72.88083665222644,-85.50952938029779
8981-3702,110.87715319132815,131.030336216408,-2.2784475250912823,-13.969489716955962,-25.66053190882063,-15.014592936227752,-26.510161258976623,-38.0057295817255
8981-3703,71.79207444472434,98.10873276302257,12.507564797820903,6.700539021870433,0.8935132459199755,4.927959308648176,-0.5982909514450998,-6.124541211538367
8981-6101,198.91264371397838,222.62763194085122,15.659250043356804,5.7892328651665705,-4.080784313023679,2.6528882422116897,-4.58044512735818,-11.813778496928053
8981-6103,227.39631209868534,274.80735307874926,41.02150425524592,23.98697503628177,6.952445817317595,24.422862754800978,9.51502412498041,-5.39281450484017
8981-9101,233.8757522370326,271.69681916725324,-8.964529496702333,-23.467641498432958,-37.97075350016357,-15.329696840778439,-26.200703106360653,-37.07170937194289
8982-12703,84.59604949774409,91.01083735241363,-5.827059246253433,-10.621902615819499,-45.956283245019456,-38.32152718355507,-51.276709605360345,-77.08163991290607
8982-12704,65.872878478172,186.95126584108488,147.64219065282015,111.95494496713641,76.26769928145261,121.3320847554267,95.3814685875419,69.4308524196571
8982-12705,129.82668164995903,196.6410290511689,67.63030591037798,26.239679109498315,-14.844709167701222,19.436316223342903,-17.71864030229567,-54.873596827934236
8982-1902,49.96594826952394,119.9871862252979,88.81600800194315,41.9102900713639,-4.995427859215338,60.56565937891471,14.648216974379201,-31.26922543015631
8982-3701,295.8377479064934,346.22905711259773,-13.417759992366552,-34.36406183751703,-55.310363682667486,-96.88930111257051,-120.9155125049482,-144.94172389732594
8982-6101,144.24758137653842,166.94001458906368,8.937645264347271,6.64330174550151,4.348958226655751,2.219357800701649,2.1928176869922797,2.166277573282899
8982-6104,167.2067014937313,193.87692593789208,-32.87487481642583,-17.46551047924065,-2.056146142055487,-93.50138006836768,-72.62647209826872,-51.75156412816976
8982-9102,82.92240971807102,112.13215223819951,9.96571466362974,-9.700420917968898,-29.366556499567533,-3.2606019175696352,-18.906338244801066,-34.552074572032495
8983-12701,210.65591085805022,228.3406221077843,6.841677111309357,-0.13257646741138884,-7.106830046132138,14.265570873343536,8.245920785739306,2.2262706981350804
8983-12703,186.60489220818488,349.5698851378358,,,,,,
8983-3703,201.87488542248894,216.61262641186516,15.77471438210596,7.98374200313012,0.19276962415427581,,,
8983-3704,233.87417297567382,260.19217900148783,2.730371328487085,-0.09344541694503511,-2.9172621623771553,5.149485538825803,3.728164980265535,2.3068444217052666
8983-6101,88.34104871734604,102.09390021593867,30.782720930640547,21.93767814011886,11.781326907576624,6.754003945429179,-4.894149826934122,-16.542303599297405
8983-6103,74.87476334316251,96.39312479614068,6.459322044151715,1.4566416943607576,-2.7427602038888277,4.495399906085242,2.478178844363724,0.46095778264222925
8983-6104,158.40604651581776,191.82087097279395,38.40505065234825,28.553443329527727,18.701836006707182,29.45382429403648,22.799650583288066,16.145476872539657
8983-9101,247.63135828992526,305.5243712513755,-6.678022264575342,-21.455070853344434,-36.232119442113536,15.900967414704319,10.529394993330596,5.157822571956846
8984-12704,127.06906063879892,150.84892870766424,10.965920334217769,5.395393907198957,-0.17513251981985584,21.371730585986157,11.542454326171278,1.7131780663563976
8984-12705,262.6025774719498,297.667947269698,28.79776614057514,9.39056060673827,-10.016644927098595,48.01383064385231,28.141893820972314,8.269956998092342
8984-3704,173.2189338593918,229.32056572202936,0.5322618152360363,-23.939088866687392,-48.410439548610825,-9.166041657442443,-26.09636749470362,-43.02669333196477
8984-6101,98.87114091840425,117.2637629300192,5.705109561960499,-3.752431617077436,-13.209972796115366,12.180403611914048,5.1363227606561965,-1.9077580906016574
8984-6103,121.16733683166495,132.7143980841074,15.303597644514142,9.706505262352946,4.109412880191739,1.1196230365341857,-4.924201620155304,-10.96802627684479
8984-9102,133.32479410937634,167.52832547275,3.00669831691004,-7.863914002211096,-18.73452632133224,10.77504068533699,3.5975990340500785,-3.579842617236837
8985-12701,95.21967195587673,121.94425397757423,28.873270222740246,15.459579438108753,5.544213548894406,,,
8985-12702,257.3739965805097,280.99148834290645,-27.592346232304266,-35.75322657948054,-43.914106926656814,-56.60774584192196,-67.07894234709048,-77.55013885225902
8985-12703,191.0211690689583,198.65034240497582,7.911560357660781,4.264337623128213,0.6171148885956452,,,
8985-12705,100.84015754144153,126.18863181782383,11.390940880218132,0.14650457977742176,-11.097931720663285,-23.556489409963994,-35.54629761455053,-47.53610581913705
8985-3703,203.8335546040719,280.34477315840303,13.220774553623963,-28.767088792235842,-70.75495213809567,-46.90938198062841,-82.35929598518584,-117.80920998974325
8985-6102,128.44033516256962,143.6486664829582,5.464980211151393,-3.905549432630911,-13.2760790764132,-4.333178656085484,-13.048141257656827,-21.763103859228167
8985-6103,88.01432906354187,98.25013420016069,11.256565819266212,3.420406567457143,-7.760682476080912,13.544907372441719,-1.4822580654560216,-16.50942350335377
8985-6104,117.0850047690255,159.3201248198042,1.8577617091950522,-5.91249471791421,-13.682751145023468,-2.9125862298132574,1.9302034625318363,6.772993154876933
8985-9101,131.5215213110929,198.19361580555048,-28.568021080741214,-55.22965341280157,-81.89128574486192,-17.24913392893496,-27.535382224318624,-37.8216305197023
8985-9102,240.5237563756407,256.3174424693559,4.45386805530538,-1.0595217971358708,-6.5729116495771205,-3.5831613325102505,-8.049747129927557,-12.516332927344864
8986-12705,99.69692681514559,119.81558291530183,21.686127770592538,4.454547013266991,-13.443869858641278,13.285583871448793,-6.958467508489229,-27.202518888427246
8986-1901,235.7773897235123,277.05745139175065,22.24015456975523,11.530607360068009,0.8210601503807587,-6.6208054545062645,-14.898805551699912,-23.17680564889356
8986-3701,62.043947758586796,79.44458881531338,9.72673464156294,-8.67178602574714,-26.572472424664884,42.52101284706581,30.988337518364617,27.355015726372628
8986-3702,64.27075297094568,86.44631020437669,22.86387215308604,9.783586905500696,-3.296698342084642,13.717371235211766,5.899574818681034,-1.918221597849678
8986-6101,170.12310906307846,189.61556129111287,13.901055901958232,4.7161429794824485,-4.468769942993338,6.047866494768087,-1.8884365492806674,-9.824739593329419
8986-6104,55.814560667107735,93.457888161737,2.714425817785334,-30.10937824113427,-62.933182300053886,19.14500961595133,3.8197543990935543,-11.505500817764224
8986-9101,124.77602649801517,148.16387939675366,14.50708047534423,7.028577260641973,-0.44992595406028096,1.9801360322724908,-3.503207626421907,-8.986551285116308
8986-9102,126.14001359989683,134.1074095399358,18.62216976900592,13.381089317569574,7.741226893330722,15.024609468106997,5.0089314154033415,-5.006746637300304
8987-12702,100.50829300494289,108.59680599564099,2.579484110707643,-2.7275508833822757,-15.924656166353646,12.108651508713587,-15.388372215647303,-42.885395940008195
8987-12703,113.45649060016505,128.93812983879477,11.637105199125653,5.306068003791926,-1.0249691915417818,12.41796194835867,5.561687357265771,-1.2945872338271427
8987-3701,133.70775861051112,160.5164058097234,0.3306947599791545,-7.216011105562213,-14.762716971103568,0.7644031688112422,-3.89458786400129,-8.55357889681382
8987-3703,102.79801461510606,159.3839291403446,-18.256073959597742,-34.88605548433786,-51.516037009077984,-48.751642624137546,-60.486393682337315,-72.22114474053708
8987-3704,92.64734220886366,112.76364185572793,32.23726350566544,17.76105793558287,4.1405072757100845,27.31656871901657,11.645185170025343,-4.026198378965879
8987-6102,57.72907350310858,81.44874324439087,9.766752888541937,-4.551174632448462,-18.869102153438867,8.715695293554887,-5.791517787201878,-20.298730867958636
8987-9102,135.6260332002459,171.38613375380604,-56.177863484911754,-53.1578943495537,-50.13792521419564,-41.70304453778831,-35.90742229307599,-30.11180004836365
8988-12703,169.69684190697092,201.96441424208643,11.024684372124984,-1.832732366242875,-14.69014910461073,33.332604847620004,20.945611890720805,8.558618933821602
8988-12704,206.6169785520167,216.9004972069578,32.19095045577569,28.635590255185654,25.080230054595635,17.246239860151096,13.045127696578538,8.844015533005981
8988-12705,110.24783971710984,120.7394263528322,-0.8245485459356056,-9.662605989914699,-18.50066343389378,2.5891287726934182,-1.7828684381778757,-6.154865649049177
8988-3704,51.59209470589175,84.09065494125146,12.610177452014351,-18.076454464426345,-48.763086380867044,-17.79198218683809,-32.385514150354304,-46.97904611387052
8988-6101,62.75087446394931,76.84732546805714,22.19051050658583,11.27352744218525,-17.39955265757891,23.57560857807538,4.835171255832294,-16.221459850971396
8988-6102,207.32338394177305,292.9929215667683,134.50202422168567,109.17690780578894,83.85179138989224,97.53384390572933,78.80264412231026,60.07144433889114
8988-6104,159.48423186517104,198.3956280381445,-23.10236102889381,-30.62481451754237,-38.14726800619092,-23.64232393257787,-25.88632875554702,-28.130333578516172
8988-9101,290.1828835566861,328.2629290026142,14.244267533271946,2.9070606281837583,-8.430146276904436,13.31755653109242,8.129414901261105,2.9412732714297696
8988-9102,154.08665137914127,223.0821317866312,38.360469016568125,33.6391252562327,33.48548136545327,,,
8989-12701,194.22063643386292,248.60391784484958,94.17284174803736,62.67406417819143,31.17528660834551,,,
8989-12702,114.98281144113261,122.79185042021122,7.1908358354281825,1.5120612130692037,-10.731474546546856,13.035275059395955,-8.370609982019815,-29.776495023435587
8989-1901,106.13282147368382,126.25717292212944,14.616702599901808,11.899884791382929,9.183066982864053,,,
8989-1902,49.17809477010943,80.15098941987442,-0.20545706808255534,-17.78200327134785,-35.35854947461314,,,
8989-3701,157.57471380656412,214.34840399941152,29.953411181829775,24.227304906333917,18.501198630838054,-31.407698047471097,-40.0408397584374,-48.67398146940371
8989-3703,162.01188870032175,187.01010623028807,14.560027080172844,2.50706769099839,-9.545891698176067,18.728334146206972,12.922856725028966,7.117379303850978
8989-6101,88.31983450265797,96.13114355462032,1.6277311523232791,-3.1599400377235463,-7.947611227770361,-1.9167215570799636,-8.45043891825912,-14.984156279438265
8989-6104,249.35542313498198,280.7802130814247,16.02908038026706,-2.0313708286283663,-20.091822037523794,-3.4668064814975,-20.55104739797138,-37.63528831444526
8989-9101,2.795414001152923,232.18891404485578,39.75487305082916,-129.56508264338459,-298.88503833759836,-50.35440527978788,-98.98003193375021,-147.6056585877126
8989-9102,153.12650385188053,174.7234843616476,5.352159122128997,-0.5951492936165108,-6.54245770936202,-2.0749206824720443,-4.111731041019845,-6.148541399567646
8990-12701,106.0255803095594,133.68479811721545,30.225413841834854,29.565233219346403,28.905052596857942,22.07868753252724,27.292587402266538,32.506487272005835
8990-12703,139.94687282946177,150.464483866788,5.660540296542767,0.07498287243136964,-5.510574551680014,16.239846928198585,10.65039414684664,5.0609413654946875
8990-12704,187.15963722888748,221.84900769050222,10.822264855178947,4.188425810140423,-2.445413234898125,19.148040815640627,15.159020440329934,11.170000065019245
8990-6103,68.2314710396563,107.27796539793205,-14.281326551243295,-31.223597355840894,-48.16586816043848,-42.43835324604752,-56.180230039662355,-69.92210683327718
8990-6104,98.34801649364101,125.18378759209573,6.614088940799963,-3.4777146986708045,-13.56951833814158,15.957326642951235,14.875990961958431,13.79465528096561
8990-9101,143.7170007407489,182.8639229373903,9.480631535692911,3.189806270562606,-3.1010189945677027,-16.43049084987121,-25.02852331570689,-33.62655578154258
8990-9102,179.8932296158583,196.42612627435244,14.670329424675193,7.755732383727842,0.8411353427804901,12.542160405687394,7.519377844964146,2.4965952842409
8991-12701,147.9858951961553,167.49730584315165,3.5004366047923368,-14.338009738016092,-32.17645608082452,23.136938499413255,7.271828648620461,-8.593281202172331
8991-12704,108.80494677296652,147.47345385554738,32.81886230621383,28.09947458939838,23.38008687258295,53.21729262950421,46.12549074507309,39.03368886064197
8991-12705,170.89601508291548,183.64415560227755,14.536555783010593,7.504991001122021,0.4734262192334507,5.972284824588916,-1.201556110574083,-8.375397045737103
8991-3701,218.7280392451803,272.7934590959117,40.82625974827886,11.116960658582148,-18.592338431114527,36.340738098751935,9.726696064756409,-16.887345969239146
8991-6101,125.85603575275981,140.1083946229671,5.75472935959957,-3.2784433896971388,-12.311616138993845,-0.980399344581072,-10.446124008462945,-19.911848672344817
8991-6103,65.50587577261904,137.44671885187753,126.01639688635254,71.30178690837344,3.1856317673572203,113.64194454481019,35.49485625399797,-42.65223203681426
8991-6104,162.0228085726191,190.38778975295688,27.388574466402066,13.369314743716636,-0.6499449789687957,18.223268692706533,5.352034782100036,-7.519199128506474
8991-9101,145.4559159224345,161.79969702347043,5.692973761148666,-2.2528757633667036,-10.198725287882061,16.033070470287672,9.85287296733855,3.6726754643894286
8992-12701,143.66068344871098,186.60154946116836,9.758206322545348,0.8533402917292318,-8.051525739086882,42.20779190227929,43.07888346426724,43.94997502625521
8992-12704,152.25064563790764,171.17203325419806,18.35558546278458,9.130116567023775,-0.09535232873701537,13.591018565554096,3.5066001270739298,-6.577818311406234
8992-3702,68.20392142176429,98.51641671790114,57.89660504273168,63.44424244651277,68.99187985029387,-4.332123440225903,-11.088640416597926,-17.84515739296995
8992-3703,62.91133595294671,87.68359483418689,16.174416111977653,-2.73314683300193,-21.640709777981513,12.372131326921796,-1.0009920486781538,-14.374115424278097
8992-6101,204.6281344869788,228.463067452079,-4.842670311177267,-3.641723149276002,-2.440775987374716,-22.032632662824987,-25.282082290803753,-28.531531918782523
8992-6102,172.18819363684972,209.35679157102513,-81.14651441926149,-77.51005938198142,-73.87360434470136,-128.25057099990607,-132.40363468156016,-136.5566983632143
8992-6103,158.13328122761777,229.69107908683822,16.919291137317238,-7.710471537755075,-32.3402342128274,-13.079845870033866,-23.07402335671668,-33.0682008433995
8992-9101,74.72306250689662,88.18288376863056,10.31058016515338,1.0412498770465441,-8.228080411060295,13.95476954733349,4.074989030602498,-5.8047914861284795
8992-9102,196.2459479663986,271.08974632773686,,,,,,
8993-12702,301.33188384307937,314.2366601710032,10.814159012939117,3.780597278505845,-3.25296445592743,26.427476802890006,13.311585214095262,0.19569362530048642
8993-12705,232.9682707879614,262.8996446168378,27.25914508639439,13.69419457494771,0.12924406350099932,16.23683741966642,7.57044973079974,-1.0959379580669424
8993-3702,75.83465489505065,102.35305469990273,13.850874091323364,2.632244760573364,-8.586384570176646,21.129805752291787,17.694904614066104,14.260003475840428
8993-6102,91.14704294417301,111.87875578915825,2.565657714876848,-7.464244207453954,-17.49414612978476,4.009185617466751,-1.6858084414574486,-7.380802500381633
8993-9102,142.93589547259248,177.35795808365364,12.012663448798913,-0.47515534005716975,-12.96297412891325,-5.408755385345362,-15.168269388440004,-24.927783391534625
8994-12701,209.73129619261007,224.3097617219742,5.838238734726798,0.6831047075585971,-4.472029319609618,9.431452508024854,6.756828114023836,4.082203720022817
8994-12702,108.88492237384982,121.34830587293555,6.52419207139354,1.8572127052868694,-2.8097666608197893,2.92651645367525,-12.592502719025024,-28.111521891725317
8994-12705,166.0163050924524,184.63562889529248,3.1381144510024686,-10.738325980182573,-24.614766411367615,-3.5566279580951123,-22.588248055118726,-41.61986815214233
8994-1901,99.51964058921119,114.36990811128736,21.27886695177083,15.328109146605797,9.377351341440768,20.20181590976494,13.6920822186277,7.1823485274904595
8994-3704,118.09172374505266,131.79291473202932,-2.1547869850757944,-8.087465377877916,-14.020143770680034,10.024174142867281,8.648412682295394,7.272651221723509
8994-6101,72.279791568529,92.98254958131501,-16.450418288962567,-35.32022294134799,-54.15643114874546,-25.30345747645591,-43.50265204847534,-61.70184662049478
8994-6103,126.14183027969503,167.78476249942327,52.68473758911568,42.27436127518806,31.863984961260478,18.49395348106335,8.851246085372319,-0.7914613103187085
8994-9102,66.65433742382629,98.17957593770339,5.703077211983346,11.915929678993896,18.128782146004447,31.157456709453424,31.312947904411274,31.468439099369125
8995-12705,320.80754277265714,328.9214604499618,22.074696982376906,18.231676175052097,14.388655367727287,0.06257120293957197,-5.02034353682552,-10.10325827659061
8995-1901,43.050022106167845,146.87998711580752,,,,12.682876561570632,-16.94081536326824,-46.564507288107094
8995-6101,115.14994963608332,184.4375370261076,62.68115047351922,44.35738321849361,26.03361596346803,132.9379151725928,130.4604087394534,127.9829023063141
8995-9101,172.80419544778744,204.41485115538046,3.128033265101757,-7.6115028639682505,-18.35103899303828,-10.172700760901023,-17.651236305931135,-25.129771850961234
8996-12701,172.68097869578207,185.66940340044403,7.2701613744023,1.9410304270970853,-3.3881005202081496,3.71483822207994,-1.5065801171453663,-6.727998456370673
8996-12702,242.8483571545575,268.2339405442195,-5.660597885731758,-16.25789443537131,-26.85519098501086,8.49887230825456,2.588317783035451,-3.322236742183655
8996-12703,56.27952189366851,76.02983324581965,6.909373232532563,-10.43474633331602,-31.055568478633255,46.172601754050994,39.4887794644831,32.80495717491522
8996-12705,250.93680697589315,269.54885895366255,13.341065572040767,4.300394092157599,-4.740277387725538,10.862014940662466,2.54761821543241,-5.766778509797616
8996-3703,163.25340935809908,185.2712417433567,4.065672434996657,-4.794329830881668,-13.654332096759992,5.3271680858302135,-0.1637861329237227,-5.654740351677661
8996-6102,87.35735911248396,107.97999028415246,3.7859409918062155,-14.586555822819344,-36.85344404893009,29.575869510126402,12.939874067545748,-3.6961213750348985
8997-12703,91.13622540895413,118.55763813550064,4.5911486407601165,3.2038113116524274,1.816473982544742,37.82386536948715,40.97364042046316,44.12341547143918
8997-12704,252.7470533006321,328.27029249756725,77.49753898732385,31.265262844964806,-14.967013297394232,108.42653322620512,62.39791558120578,16.36929793620642
8997-1901,75.35067570161196,87.42025182354612,34.927734643314366,28.009143042987084,19.481330472824375,19.143033924456805,7.888168788564016,-3.3666963473287708
8997-3704,52.87674340862017,82.18606957884218,-73.29995624379625,-102.86602384976756,-115.64439631636276,-102.90729235838869,-99.96635112563821,-94.36644666939205
8997-6102,226.61625242027478,326.7192513007312,58.26046543445935,27.777682682773413,-2.705100068912516,-17.797671036663544,-34.66483986546604,-51.53200869426853
8997-6103,170.3047347026998,214.5597016775104,8.766474931635925,-2.653158760477333,-14.0727924525906,17.344539127491892,10.209255517187987,3.0739719068840845
8997-6104,183.65695387704665,263.72480848771227,0.15025678755084143,-24.543511456754384,-49.23727970105963,-10.930231223376909,-24.27712047955693,-37.624009735736955
8998-12701,171.7955542479947,184.2108641938634,20.92869416719998,13.33518018854553,5.480052765881293,,,
8998-12702,154.160236090714,178.7059091000499,31.273641583239556,15.357636095830415,-0.5583693915787327,-23.95098791977271,-50.89180241722098,-77.83261691466925
8998-12703,60.95800735897428,68.60409470929514,35.17028765871248,33.17780598241226,31.185324306112033,37.57061596107413,38.548568807789536,39.52652165450493
8998-12704,115.60114670452418,125.13187035466788,9.026870129510645,1.987171307166684,-5.407258874832166,3.186125915129418,-11.187864322226925,-25.561854559583267
8998-12705,292.53595635005905,304.7469038862284,9.343920314550113,3.8393746068007677,-1.6651711009485752,4.91975432695357,0.1444340153455128,-4.630886296262521
8998-3701,74.07472985261845,97.71604763001302,53.561380549661756,42.61389642800611,31.666412306350455,49.32306857664082,36.1656407231736,23.008212869706405
8998-6102,86.72918680813927,109.04993537450912,-14.526223224845513,-21.10337845121268,-25.144420210825707,-9.342381395291978,-6.983245909354851,-4.624110423417734
8998-6103,56.617058189294305,83.1353300588332,4.594407055730577,-17.229450277947095,-39.05330761162477,15.60963522156608,1.136278119876274,-13.33707898181353
8998-6104,48.37707470246698,49.2532138593105,37.14607246055395,39.50509051760187,8.426542715569834,33.975966333495066,28.88798878518024,2.6917851413051097
8998-9102,92.84262515443955,100.36374142723133,9.860922882239272,4.7578675689193854,-0.7660951224484948,-5.8352235258651,-16.068564219981265,-26.301904914097427
8999-12701,73.32576103857811,93.4089882633151,20.13638384791919,5.1070365882432105,-9.922310671432776,-0.40683617757511287,-13.902950939171053,-27.399065700766993
8999-12703,110.50886635966397,137.08966128715932,7.524202729863958,-6.509944249204802,-20.544091228273544,1.4745613406068871,-8.110504404925422,-17.695570150457726
8999-12704,71.41581777667675,94.3007227338212,-0.35179892485791614,-25.855933889206405,-51.88336707977084,-4.864453714751076,-26.73238649538854,-48.600319276026006
8999-1901,62.84305615802555,95.18491384043926,19.96439105104807,5.4194683837697015,-9.125454283508672,10.064383206164097,-1.4336716816782387,-12.931726569520553
8999-3701,54.07439128626202,66.2905311186971,1.6893179946465566,-8.338000108182953,-17.571346904404123,-20.342982515549824,-38.18339549060924,-56.02380846566867
8999-6101,55.11594533934933,71.69689228867097,8.309893352016084,-5.93906800315486,-19.168545113990792,-5.834870769301964,-15.040473481500028,-23.057088325017336
8999-6102,64.03053052910417,157.0489490754089,101.92011883040446,18.223959916617083,-66.79103428123757,90.79836931195095,-0.9884323706190808,-92.77523405318907
8999-6103,302.98773849829456,330.81037797401643,3.160663107657182,-5.644960607012077,-14.45058432168134,-3.5374676042600783,-10.63258355558293,-17.727699506905783
8999-9102,83.91610353252776,99.40590642140775,5.098303625907209,-8.033378466276373,-24.098085036066866,14.75677029308772,4.297696279592687,-6.161377733902342
9000-12702,129.13115588761107,136.5693501160815,19.138256155171035,13.424172518908039,-0.3655028605278689,16.080221866530028,-0.10775680547034641,-17.32947064334713
9000-3701,74.9914654898667,93.75564888325265,-9.98561056761113,-26.076035607997287,-42.166460648383456,-15.219802436325326,-28.228184329453068,-41.236566222580805
9000-6102,112.17525983638807,117.10548780849517,22.675539233417485,20.648977725039355,11.759531945330878,37.588490890270634,18.966720412776812,-3.0796514998644264
9001-12702,138.64422844654504,217.51265014235597,21.126537742403517,-22.734504230183514,-63.5948660294705,25.206120522645666,-9.93242201273952,-45.07096454812471
9001-3704,175.47636372012462,218.88274272558584,41.3073846038676,18.811122764163677,-3.6851390755402487,22.5967649484939,3.127705066782963,-16.341354814927982
9001-6101,64.53694354045061,69.72344284071171,12.5182334479583,10.841809637757224,-3.3789246416023397,31.323641593059442,15.07272843430106,-9.996530569451222
9001-6104,58.892379507629265,102.69640960942866,-5.330191342610789,-19.707845936552516,-34.08550053049424,6.803024784792935,-2.387632822820985,-11.578290430434917
9001-9101,94.15304181422788,110.83991197441925,7.492799135646691,-2.051636241800759,-11.596071619248216,17.628731381749734,8.303516595338602,-1.0216981910725227
9002-12701,135.8657065101708,172.69071251186287,28.782681210213187,17.56527588958065,6.347870568948086,-6.167392885523214,-12.444646447728688,-18.721900009934174
9002-12704,238.39022907096737,252.80465583773366,3.2441953079088415,-1.3934098183953745,-6.031014944699575,-10.976998327026667,-17.002189648808734,-23.0273809705908
9002-12705,94.52294990702637,102.33082887041711,23.908772609731404,18.837019805740514,10.272497484691636,20.371607128761106,7.371310857277464,-5.628985414206179
9002-1901,94.66426597594895,148.70298954084765,32.18438372742357,37.06560459332438,41.94682545922516,25.8267445882789,25.874824229020085,25.92290386976126
9002-3704,192.46943638787758,237.3599638355286,40.14600421468327,21.63193067725217,3.117857139821029,24.765986247186255,7.153074375620547,-10.459837495945184
9002-6101,281.50843425501023,347.1148209543393,72.89427378816879,60.275126953397496,47.65598011862615,-17.023897106203112,-29.788725417173605,-42.553553728144074
9024-12701,279.6901670091225,296.1760677848957,25.372208386758203,17.104177079503327,8.836145772248422,6.860116197461818,-1.8145541701519052,-10.48922453776563
9024-12704,167.26174496488053,178.99929470603513,23.260630257387646,17.85591808620208,12.45120591501652,-9.237814281285374,-18.85127059751439,-28.464726913743405
9024-12705,254.26773434954163,275.6868470886222,4.5894508296657195,-5.594872370701408,-15.779195571068534,-25.67917980534907,-34.49119712153626,-43.303214437723454
9024-1902,38.8942417171931,108.48485735654066,46.34610249922546,22.55942999224905,-1.227242514727358,29.907175226611056,15.050249414335209,0.19332360205936325
9024-6102,209.96688082409554,223.120824685363,22.236164905744157,14.424567169001936,6.61296943225973,27.261410872064744,18.02250064605622,8.783590420047686
9024-9101,226.16509279486067,247.51454076244156,6.32453722328452,-0.4075966311589213,-7.139730485602365,25.79477738929106,21.441575457662623,17.088373526034186
9024-9102,252.21688633941758,292.7560128139406,25.76531393316217,6.464328859931755,-12.836656213298632,47.77176881489183,31.32998228274354,14.888195750595228
9025-12704,266.24443023316746,276.4273506947845,16.512986998976228,11.293037518433666,6.073088037891075,26.21207054378486,19.46522718568125,12.71838382757764
9025-12705,136.5105149875859,145.5145829448157,13.822223403728136,6.545537830148157,-2.1139684478834084,16.665117351234482,8.788098721053027,0.9110800908715817
9025-3701,139.1491904434833,210.1423387224911,59.457869753273144,23.959834855129003,-11.538200043015117,58.13864378078936,38.92914996309074,19.71965614539206
9025-3702,146.95941267479927,162.28006515139316,23.215291276218704,15.722667490988577,8.230043705758463,5.212151993493314,-3.02528961072371,-11.262731214940732
9025-3703,184.87792896125708,195.8070413702501,37.65539402540595,38.40558036777242,35.596918825202394,,,
9025-3704,139.5839846944945,266.42041194076404,-12.772271985325412,-37.723730606427296,-62.67518922752912,-30.43794432496632,-38.43616959563836,-46.434394866310406
9025-6103,242.13234379026773,290.6211126442738,-63.28325929115556,-75.83533734387102,-88.38741539658646,-113.97192244360176,-131.67877630191407,-149.38563016022638
9025-6104,170.96459697774327,188.757176465834,15.555254720129842,7.907056156239519,0.2588575923491785,-169.98472789486786,-187.55097170374,-205.11721551261215
9025-9102,80.70214278294436,94.3633865824702,9.439794013819249,-3.1243726836532892,-16.77103587478522,-2.6421185218433925,-12.110430588177147,-21.5787426545109
9026-12701,230.11577438663872,322.0568113565546,2.8289599275627704,-52.36500347587503,-107.5589668793128,,,
9026-12702,100.11806859865207,112.20429618409557,15.522228724238694,5.857475255427016,-18.11134239800243,11.240681070216372,-7.898662465555543,-28.592762957395262
9026-12705,274.1412973662318,293.7377986831207,6.232265162514573,-0.0475598183658385,-6.32738479924625,13.270990487487362,8.024189511047224,2.777388534607088
9026-3704,56.23582655984725,133.13185755936448,106.64578186890238,55.45342004643443,4.480619103203376,62.91339887972231,22.223481085543515,-18.466436708635296
9026-6103,156.01087100524265,202.02690336903987,-3.54374750679146,-19.679551103394385,-35.81535469999731,22.114474698735073,17.548754571601005,12.983034444466956
9026-6104,174.4160403621117,237.79889349260208,-26.720881632754658,-48.72979329828255,-70.73870496381048,-55.908121827418384,-74.5306657243814,-93.15320962134439
9026-9101,98.73260007720266,152.03451598357915,-14.896175372378835,-39.00518753445345,-63.11419969652805,-24.656842091215633,-40.814123142474244,-56.971404193732845
9027-12701,241.03637509489485,253.23340287571403,20.095432172308836,11.410092158122048,2.724752143935263,7.910854515155402,-2.102901617852861,-12.116657750861126
9027-12702,123.08591839077936,137.1523251657052,2.8878546090945245,-7.966264540060164,-18.820383689214864,49.520683918354756,39.59128432223023,29.6618847261057
9027-12704,75.99712918751516,104.17601276963424,-5.735915512785663,-16.398007242734984,-27.060098972684305,-1.5735871000134019,-7.866249752168008,-14.158912404322614
9027-3702,75.1529298729127,143.2739101963421,,,,33.60405259730389,2.514673945638889,-28.574704706026118
9027-6101,134.94698723849405,179.1195719064542,-18.031671483654065,-32.15044752602296,-46.269223568391844,-19.242679643052302,-29.667611268566752,-40.092542894081205
9027-6103,134.41114622606878,180.26040667535244,68.19696662696569,48.58294534048368,28.96892405400167,39.02104733026347,24.682285805779184,10.3435242812949
9027-9101,109.05704457349432,135.73888111316202,12.357115455994665,-0.49975609327685966,-13.356627642548382,2.0872709836856034,-8.837710632687395,-19.762692249060393
9027-9102,59.39787717144407,73.82744196872854,32.42327192078077,21.723971256522724,4.612822576546654,23.52734191529741,2.292273469276912,-18.942794976743595
9028-12702,223.51144613510505,235.1560150452453,8.59671345964119,4.368105064905646,0.13949667017011746,2.325008387810618,-2.2958780006764674,-6.9167643891635695
9028-12703,164.87471539545956,189.13510903278336,32.37399867294778,23.153903434867892,13.933808196788032,10.442483172359058,-5.4195228380597165,-21.28152884847846
9028-12704,227.77199502462858,236.6397463053356,20.924532438815714,17.304174877133462,13.68381731545123,10.854457922420952,7.450297230068552,4.046136537716181
9028-12705,172.5624803730199,193.27774499669553,12.786677243704828,3.409483970729102,-5.967709302246624,20.093297076442685,12.643114556742518,5.192932037042352
9028-9102,225.482903958213,308.6744546533623,106.00669094147487,69.05142367036692,32.09615639925895,-9.341982203824315,-31.456523347354786,-53.57106449088525
9029-12701,131.86981382580132,161.99593423056692,-24.075099760377462,-40.655429379294276,-57.23575899821109,,,
9029-12702,59.698765112603006,100.27412267424691,-9.553010543615079,-30.05060835585638,-50.54820616809769,-15.54108598174521,-23.853090113977196,-32.16509424620917
9029-12704,201.5192381833409,216.6335572995666,5.1754139164244135,-0.15637387271338102,-5.488161661851177,-1.3292654773644803,-5.361872020439742,-9.394478563515003
9029-12705,95.48236410267441,108.38094633152471,-96.77552374724621,-113.44745621373612,-129.80635095190374,-31.76204534582571,-37.44230351114489,-43.12256167646407
9029-3702,276.3537812929388,308.8189454441172,40.56641154486028,24.108370875936778,19.2090407785163,,,
9029-6103,119.14110415645258,135.21825985835252,16.760335562928365,11.356025636044418,6.769454509140598,,,
9029-6104,80.66382915611986,103.8515600875137,35.16640235713306,23.67366420960929,12.180926062085513,29.436868445973676,18.197169494702333,6.957470543431003
9029-9101,97.42159945023856,174.16636600683447,50.94342234476607,2.130753304625948,-41.98384082274365,-15.920178932251153,-44.73337456033521,-53.17363650714992
9030-12702,116.73626547156749,140.50445888445495,4.577583140296213,-5.771791825582504,-16.121166791461235,3.5556846380071354,-3.4253970018199604,-10.406478641647054
9030-3702,131.0842380272412,169.1948720209316,34.27526723018268,17.1098071953961,-0.05565283939049216,15.117525933939621,0.9552995372333838,-13.206926859472855
9030-3703,193.89670656605986,306.02468360634856,111.13657474069407,56.48222997112294,1.827885201551792,,,
9030-3704,247.0985234643112,342.05425472878045,85.97761442035383,56.24859565223444,26.519576884115047,73.55874807110729,51.993264171565976,30.42778027202465
9030-9102,194.38324548989908,231.16293058055507,20.087108207963606,9.001349826287417,-2.0844085553887592,19.599137420383013,12.239298425438859,4.879459430494709
9031-12701,112.11096765876297,119.19707825695387,6.211945847044992,1.2986684659003436,-11.106349313996418,16.912032214308336,5.845457905848307,-5.4725458181983475
9031-12703,162.15295485731212,223.92565936121596,51.52813280157958,30.964690957368337,10.40124911315713,23.3823164265942,9.821508645801211,-3.7392991349917803
9031-12704,128.50918424456069,151.62970362088376,47.78872904090791,41.54392748710233,35.29912593329675,41.877873510786536,39.27706859426396,36.676263677741396
9031-12705,211.38987324753356,223.16743686949744,0.11199168153062704,-2.820406072175628,-5.752803825881902,-11.03656114205882,-12.951476905885658,-14.866392669712495
9031-1902,,,,,,-24.81637036892548,-26.084450371138367,-27.352530373351264
9031-3703,82.36723024782941,138.53079155892854,-20.008694269166313,-14.05428050341734,-8.099866737668385,-59.34186477920556,-68.35117354482296,-77.36048231044033
9031-6102,82.54644688183961,91.03304912937544,15.30072984292667,9.869677547990495,1.643203128634142,7.220189438802836,-6.611340323577989,-20.44287008595881
9031-6103,72.07319866265728,72.9636654846334,12.844351511691357,15.707107190529216,6.0563803820502535,34.72369749221499,29.8112893444991,8.579113952682055
9031-6104,100.52824556965665,113.24339444333938,29.942658929441023,22.807634275766308,15.164756774604829,13.830124957102505,2.834673416435612,-8.160778124231282
9032-12701,234.39290044013683,246.0061431312337,32.58326630193965,27.850823427618785,23.118380553297918,41.00645768343788,37.42256513896132,33.83867259448473
9032-12702,146.35124713217093,174.6038359641153,12.873829651461891,7.769381566397232,2.664933481332588,4.966495399578528,2.104232316394542,-0.7580307667894409
9032-12703,240.00484388022315,330.06476000890086,62.94005337382024,13.471069044008829,-35.997915285802584,0.651567991824117,-33.42333582050241,-67.49823963282897
9032-12705,255.64946746305208,286.4173867160962,35.380960667554874,25.303654692077142,15.226348716599409,42.021089918909546,33.529596221366894,25.038102523824243
9032-3701,28.072825867609495,206.75539381828244,95.51264433582719,16.254060211594215,-63.004523912638795,,,
9032-3703,184.18905237236666,210.8375978287421,9.367660910589217,-0.6657545759095931,-10.699170062408404,22.12251073488151,16.746713451790686,11.370916168699868
9032-6102,67.06234480570944,245.0443761764168,246.22363145438888,185.40063930183456,124.57764714928028,203.39256127049106,156.41302481745328,109.4334883644155
9032-9101,266.59301611778443,306.59435170972586,28.19739302402494,16.936320543117002,5.675248062209057,-9.633697081846034,-16.485468588449596,-23.33724009505318
9032-9102,111.62241387828607,129.01984166474395,-8.569793933120414,-18.957710276387825,-29.345626619655228,-20.162236119633544,-29.75264885150177,-39.343061583369995
9033-12701,217.1038215093888,279.54800795627375,64.882376355465,45.4909626839328,26.099549012400626,34.52057518428318,20.934539868777616,7.348504553272068
9033-12705,179.35543180823078,191.2430654957535,9.863357730193124,2.7727273919551205,-4.317902946282883,,,
9033-1902,238.68250786590772,309.0887100651327,103.83534641835092,68.41877672689634,33.00220703544179,77.98108566712642,39.368113910246684,0.7551421533669548
9033-3702,89.27552319694654,115.26539962529398,24.485254537821884,6.5754464732267115,-11.33436159136846,23.095736342055936,9.656410341741461,-3.782915658573028
9033-3704,249.02341176270377,275.2763526765589,-31.275227048901982,-39.226597127702156,-47.177967206502316,,,
9033-6101,131.218975388477,181.3790189503731,8.286314359353028,-8.349144180463764,-24.984602720280545,-16.985521942538615,-27.62700445092116,-38.268486959303715
9033-6102,239.1936492842796,309.5490611555771,37.863879549606196,24.735934697402314,11.60798984519844,-14.706709788593635,-23.473372284367834,-32.24003478014203
9034-12701,90.10443133222283,104.00526509231943,2.6678996979068637,-9.246991043399184,-21.575571948894257,-26.746698482458665,-42.92032014768213,-59.09394181290561
9034-12703,177.27173096942207,200.74796569024772,0.4874166713973404,-6.940414902252761,-14.368246475902861,-3.64922610813447,-6.753948754243236,-9.858671400352003
9034-12705,130.50779272480224,152.27820644982378,18.8485446765688,12.224954265223326,5.601363853877857,30.752938321054497,25.743867057540484,20.734795794026496
9034-3702,118.3364137381557,140.89385484188574,1.5886294302261543,-12.86152037806663,-27.311670186359393,-6.07458892864096,-19.647657646753604,-33.22072636486625
9034-6103,183.59390501368364,251.99586045761217,-24.612352661513075,-43.699074694176744,-62.785796726840395,-31.076800686587816,-36.83299823761651,-42.5891957886452
9035-12701,119.47308196288014,119.47308196288014,-4.5047970258108405,0.5051644021993067,-7.62283579793778,-12.277219958293486,-8.213852322845705,-42.63612956307093
9035-12703,76.84359058632324,100.95812275998624,37.08289604553237,27.719274610696388,18.35565317586042,13.698005141506105,4.359508735178109,-4.978987671149902
9035-1902,,,,,,,,
9035-3702,82.13699167504467,100.26796775317545,35.40676306699016,27.26033069627798,18.45003819439914,20.43613581402421,8.992230916536954,-2.4516739809503347
9035-3704,121.54303129549459,177.21791958261286,-39.205352572153764,-56.68818023551844,-74.17100789888309,-19.51993527369129,-23.588159084214034,-27.656382894736776
9035-6102,204.36646771921866,265.9780131259213,44.81989097595285,24.711521366732477,4.60315175751207,14.133413050493429,-0.9072003347314771,-15.947813719956413
9035-6104,83.77540446410447,90.70263894610328,20.729888117019975,18.299197755953646,8.054069676275692,22.311137265038546,10.652783211064568,-1.950411886153874
9035-9102,79.33231498552854,110.3462730618536,-0.6204594068697161,-18.799395593710592,-36.97833178055147,-0.793548504027294,-11.177172153899829,-21.560795803772347
9036-12701,39.39640438844087,45.219717649905434,15.436532018476557,13.031418649394633,1.9358602665611533,35.395695028425855,19.867473521972105,-0.9787305412883291
9036-12702,152.98605198863225,183.8595570712279,15.64989638596638,3.781918972319841,-8.086058441326694,1.0803683944359723,-12.757984404510339,-26.59633720345664
9036-12704,125.10960609173502,142.02164360522409,5.028088118976008,-3.7225057195909144,-12.47309955815784,-0.7850591313954957,-4.408971535519746,-8.032883939644012
9036-12705,88.75200324431036,99.3584636727494,16.51640149798559,9.113542057603889,-0.7967613859161219,13.249740265425988,4.842615416282187,-3.5645094328616236
9036-6103,61.83568645339472,78.48850669017959,-0.08180383774091454,-12.533553195865986,-29.658229243012908,-6.104077751689959,-18.65348987613383,-31.202902000577712
9036-9101,202.4029549947626,287.97766445194486,112.0268533170823,110.09191717761534,108.15698103814846,-65.18777719533709,-109.18246728028925,-153.17715736524138
9037-12701,69.32117434693485,100.34451376599287,-1.9200202248327518,-35.49344645683238,-69.06687268883202,-20.1214311419291,-47.4786723852587,-74.83591362858832
9037-12703,276.79479254982215,294.4305576295239,20.71958428542586,14.826849531879006,8.934114778332155,,,
9037-12705,31.69219646679601,143.18366423719664,792.2028779301445,779.8709631740878,767.5390484180313,-283.68448042852776,-286.0351312230417,-288.3857820175555
9037-1902,82.93167259726484,105.42476303439622,17.625248416608944,4.726896683312426,-8.171455049984093,4.76563937530263,-10.051874133650337,-24.869387642603286
9037-3702,77.38113390629267,93.66408198494456,-59.20682246282296,-45.378351971200566,-29.959006734763236,-56.639771935852764,-33.62550160989957,-10.611231283946386
9037-6103,69.41826367544809,201.88475563693277,182.16528111382112,127.20501850560633,72.24475589739158,543.5482997372553,528.0301732819945,512.5120468267337
9037-9101,41.63789684549522,46.197185125579814,-9.199705677159402,-4.6675934911987556,-26.037851466023362,,,
9038-12702,301.68609276466515,368.2264267050008,107.23893722635991,70.53683803225951,33.834738838159154,103.33645490848048,65.64212559123847,27.94779627399647
9038-12703,171.41672725751587,192.6549440879106,16.475305272814218,5.930019404269278,-4.6152664642756385,18.196766253520252,6.8371779828194885,-4.522410287881269
9038-1901,86.67605957100342,110.75986067290206,7.199966907838292,-0.01179492112243432,-7.223556750083164,14.154022251725184,6.525053111128826,-1.1039160294675538
9038-3701,65.53016505795726,87.71896201193135,4.7070437800605776,-18.96232980897303,-60.13787616844615,22.120726167681376,-12.211110858738843,-46.54294788515906
9038-3702,88.47385995865514,119.57673123932653,-16.72174259201563,-28.991580831019032,-41.26141907002245,-29.42436188934911,-29.119285339596868,-28.814208789844624
9038-9102,59.20559911299489,75.02730393216649,8.73309762902155,-3.781133733708307,-14.439791224479297,-0.41494168701637596,-11.030991729289854,-21.647041771563334
9039-12704,274.76841286351174,299.4953107578577,6.075336249025617,-1.8299601096145268,-9.735256468254669,11.239309582116201,5.418922178075794,-0.40146522596460854
9039-1902,232.4501858009031,426.11581695877965,-152.99555595636284,-248.69307146006437,-344.39058696376577,-250.7761351164873,-310.99959029333957,-371.22304547019183
9039-6102,309.09891772573775,340.20941452789015,41.74237694240402,29.461749936930786,17.181122931457544,12.649266576893814,0.14902109484482545,-12.351224387204162
9039-9102,255.2281288269979,298.7620172129857,1429.8903819158384,1426.2191385823244,1422.5478952488104,,,
9040-12701,159.89126085738195,200.06188710487055,46.580243753400154,21.58863054625872,-1.8241252187463077,32.39467356392714,15.64631077650658,-1.1020520109139282
9040-12704,208.77776509042667,235.0250674768056,19.121271659889768,12.756837136084682,6.392402612279579,12.922319639043724,9.059345033661494,5.196370428279294
9040-1901,41.983517168544964,42.68647083637732,-8.401799895889699,25.679058721282868,37.44144342176943,-3.320618703531217,14.013633960940837,12.74031446436375
9040-3704,101.51913054877663,114.5210339835389,21.16904329531005,17.86115593474678,14.553268574183512,17.345530857755953,13.849110000221613,10.35268914268727
9040-6101,263.9920265895102,290.9445911838338,23.00972131923544,12.121316951313295,1.2329125833911514,16.50814353067131,4.785325439457408,-6.937492651756486
9040-6104,218.61231334217268,239.58381688285667,23.103263611902978,13.805513016098534,4.50776242029409,15.045101159741696,6.722042641542314,-1.601015876657085
9040-9102,213.04338022806857,263.36206831641573,1.1752834957554235,-15.941419763797315,-33.05812302335008,-2.6549787588980984,-10.441206890450637,-18.227435022003174
9041-12702,187.6945562252277,202.64429392491502,12.167833342992898,4.712059032204408,-2.7437152785840597,7.299213196574899,-2.8240630797009576,-12.94733935597681
9041-12703,179.8076790873186,199.72038461679026,4.3890603552762695,-3.6341521342531524,-11.65736462378257,0.6441690146208141,-5.656386040101549,-11.956941094823934
9041-3702,197.13630103215328,206.78028394874917,-4.3531337167900865,-8.954781480434974,-13.55642924407986,,,
9041-3704,305.7477142795193,325.83762602634704,13.902309997348457,3.3752709022090053,-7.151768192930429,25.27801489470811,12.455989445072246,-0.3660360045636252
9041-6102,163.85733344118825,202.59129410902787,29.700677217899578,18.489829638232607,7.278982058565627,17.67539582316613,11.319819118170889,4.964242413175644
9041-9101,189.53965308086453,216.09112403388642,5.654744408415064,-4.881674135985542,-15.418092680386149,9.146093670216535,2.571255856508427,-4.003581957199692
9041-9102,174.8897738503775,191.25255571545077,24.334094439561913,15.824974057043642,7.315853674525394,9.75326625995446,2.936355815373208,-3.8805546292080413
9042-12701,120.78431226569703,142.87054998359383,26.888132178740644,18.19104053615522,9.493948893569787,32.53373211862045,24.877192687513325,17.220653256406177
9042-12702,213.6349229542241,240.1157597797989,-1.4691917388344817,-13.135324731562804,-24.801457724291122,5.203777963224231,-5.46462861588515,-16.133035194994527
9042-12703,184.15713636885877,213.55665216883753,33.39471000395311,25.042917593307344,16.691125182661583,21.251774442989312,14.731281956100966,8.210789469212617
9042-6101,99.91539812968827,150.6750809426849,-58.29456205256699,-100.56499237464955,-36.94065164284573,,,
9042-6102,220.50263861923008,258.6438324437744,38.76988728134916,22.787452623341483,6.805017965333804,2.9693053327292938,-22.062237575985062,-47.09378048469941
9042-6103,237.05335918247687,314.55143092778894,97.15091996740723,69.03154052421944,40.91216108103161,74.49745261011682,45.82419355148656,17.150934492856283
9042-9101,243.80325211327084,268.01396802738924,18.438887311258622,9.208327749634257,-0.022231811990077243,12.18358877751151,4.198768448330484,-3.786051880850516
9042-9102,202.6126699679236,218.51175676310902,-0.87482976375891,-7.285690056645423,-13.69655034953192,2.0623663236541625,-3.3140815812168136,-8.690529486087806
9043-12704,93.34153910455379,108.53064262976451,4.3706814449502085,-3.013262447553674,-9.764689433520086,11.381138751898161,8.670335906954826,5.959533062011482
9043-1901,133.7789320975483,189.86067969230993,76.25082188477496,53.075422244941066,29.90002260510718,,,
9043-6102,254.73131663482505,298.660935852655,-18.47219094899036,-27.99276982511785,-37.513348701245306,-3.7970480908619364,-7.890177018834655,-11.983305946807375
9043-6104,193.92997575618,238.98480899430467,62.62613502979623,44.115726792857046,25.605318555917854,40.95437222382767,25.575595539531786,10.196818855235897
9044-12701,192.93365723706475,229.23365966561116,-60.15025256107628,-81.14286086147462,-102.13546916187296,-42.82785053977738,-58.87288095063539,-74.91791136149341
9044-12704,223.8602082111814,309.52390113717234,91.5878839323474,54.53390559101876,17.479927249690206,68.80582334950994,39.37478800560966,9.943752661709427
9044-6101,157.08034624310716,174.94420499188027,7.370075107554719,1.0277335229257951,-5.314608061703129,1.5105547261890337,-1.2358237460664885,-3.982202218322008
9044-9101,165.63933836303792,223.2236996410328,28.02869422950334,5.014228063529715,-18.000238102443912,6.440390135732013,-13.93448841868999,-34.309366973112
9045-12702,143.47937774095095,156.82638108758158,16.213543788056985,6.571567404336845,-3.070408979383295,-2.2029739914101256,-10.487883850310359,-18.772793709210596
9045-12703,230.2466461440721,249.75437058503545,24.476540732751584,20.065762161195984,15.654983589640414,14.453754846944356,10.739789415085514,7.025823983226671
9045-12704,66.20342688583794,109.11835517221012,-16.238303523435373,-33.90890182394291,-51.579500124450455,-8.027848654176156,-13.28976032768164,-18.551672001187125
9045-1902,242.7648335797064,302.4935604704038,45.14336928429079,21.926087143658958,-1.2911949969728458,29.963133144008324,15.093770175886078,0.22440720776385698
9045-3701,304.66161523839116,381.7786240805276,154.8893891506779,111.42798338561215,67.96657762054646,,,
9045-3702,86.78625090575161,104.9756884675191,40.26363921669278,27.27939948776127,11.910960900554699,28.663582503578734,8.120339341443096,-12.422903820692545
9045-3704,249.5646599207185,337.87043251986114,80.92530281925028,34.79889806212082,-11.327506695008594,57.779868856266255,12.31654269037255,-33.146783475521154
9045-6101,227.59092112171103,303.6865913568972,-62.669357486925854,-59.08177080943308,-55.49418413194028,-111.21005616211005,-97.28109323603807,-83.35213030996614
9045-9101,218.03341021240323,260.43090411097353,42.198524986795995,14.206903009560243,-5.3807674325387715,-72.95391590691392,-108.1951522746994,-124.94074246629427
9046-12702,246.23309450437395,260.9413260323158,9.530748852585731,4.002922362766329,-1.5249041270531027,6.751007253334456,2.2393287805872055,-2.272349692160047
9046-12703,188.3202861301837,353.84753381877186,1646.642302148995,1634.38318799795,1623.8775987815059,-237.35612968764292,-247.76995315888004,-258.1837766301172
9046-12705,78.79816574629436,92.01445118655862,16.730513501307364,10.464841240172431,4.199168979037504,22.520371649583186,17.679773344530663,12.839175039478148
9046-1901,157.4384747073675,265.0050368917795,116.72187221509076,162.8371259055884,208.9523795960862,-4.026411822027468,1.6530398094675514,7.332491440962553
9046-3701,107.08323250561483,123.99008796748488,5.20284520069201,-2.0209150343880555,-9.24467526946812,28.23882884306897,21.377670594412052,14.516512345755132
9046-3704,129.71359621960056,141.84156263411873,24.7068124684504,23.35431303835141,22.00181360825242,30.097062220405945,31.092572201503515,32.088082182601084
9047-12702,138.60949669690729,148.81806478359064,23.05919436868385,16.427079301132068,9.794964233580291,7.911529987577926,-4.160381287212377,-16.232292562002687
9047-12703,269.98033555035084,290.5888236140324,12.594917078102329,7.236093159216482,1.8772692403306057,13.904655859100805,11.127703440245194,8.350751021389584
9047-6104,245.82790200370533,293.5631743521637,37.18766627393201,21.127513061234755,5.0673598485374995,16.540875048060705,9.002880116317234,1.4648851845737632
9047-9101,95.50872657334915,135.57345198860943,13.246007398312313,-0.5293052016519885,-14.09689674228595,24.095238401218282,18.819542217798816,13.543846034379353
9047-9102,108.13765446505377,128.85132952912934,0.012828213453577698,-10.470157263813778,-20.95314274108114,-6.37322266303782,-14.826906941873423,-23.280591220709013
9048-12701,47.34920460830696,65.85367453168313,27.946165413237065,19.11417663115311,14.829429416883185,42.98717084037259,42.748120732207624,42.50907062404267
9048-12703,190.12170003132664,224.85860629013098,-6.413500842475577,-16.92032600024909,-27.4271511580226,-1.519479202078194,-6.177135667030876,-10.834792131983576
9048-12705,200.98764748272063,217.13696379826655,,,,,,
9048-1901,60.32464462036114,186.71694188520271,195.16325113277387,244.66073185277529,294.1582125727766,39.608223582194256,39.40490139870032,39.201579215206365
9048-6104,251.5901968070606,305.83494804269196,20.49647909387433,0.9683173386906299,-18.559844416493092,16.8110475079215,3.036788883056047,-10.73746974180937
9048-9101,126.91755037862717,164.84843055216783,-23.30376112060286,-29.276533740999152,-35.24930636139545,0.4346616355128194,-4.54958576489422,-9.53383316530126
9049-12702,293.80980503824964,307.5060101929137,16.658686265095678,12.210483613959894,7.762280962824133,3.08827613113638,-2.5076380477234834,-8.103552226583346
9049-12704,138.06282233432864,170.6972433450628,-17.714935097073415,-20.64333356279987,-23.57173202852632,,,
9049-1901,136.65120022298302,196.4282878230146,-13.138242970909443,-25.580066283072128,-38.021889595234796,-42.912669788821155,-55.807686013729864,-68.70270223863857
9049-3701,178.5605442109343,202.78775380559674,34.315651382532245,27.491871264075,20.668091145617776,20.18530511663742,16.046591760873817,11.907878405110251
9049-6102,108.72566450127164,135.04348658584348,3.4582740490493915,-6.891676488301477,-17.24162702565234,-3.071722469438304,-10.399909910446258,-17.728097351454213
9049-6103,76.79960222529027,91.42734967983627,-1.9458732167758872,-10.636220679834835,-20.07808061951093,-14.235071953809147,-25.82682276592911,-37.41857357804907
9049-6104,139.2033370897716,175.9077382101916,71.8820809215694,73.55864949855801,75.23521807554661,43.49399913598718,38.940739270972834,34.38747940595848
9049-9101,161.92836746205012,205.67715005772885,-39.91335141854521,-60.3991654258474,-80.88497943314961,-28.35102125893974,-42.81453304331111,-57.27804482768248
9050-12703,305.5295222987571,349.50121026707416,-12.047134974051641,-27.344494164818737,-42.64185335558581,-68.45549872196584,-87.64066604578255,-106.82583336959928
9050-12704,260.0879173233577,290.66914658137904,38.665628723991354,24.949097982082602,11.232567240173873,4.2045871896715035,-8.786964494146938,-21.778516177965383
9050-12705,231.7037642514888,263.85074188337705,12.311588499513338,5.5561359598093665,-1.1993165798946015,21.03073173110724,20.050698078153477,19.070664425199684
9050-3701,235.09686680353423,375.8118034400519,44.05903429906675,-2.9275054162159035,-49.914045131498575,,,
9050-3702,77.48032358124975,88.29834058872282,25.39946759504721,22.00973054588095,6.205354049715896,20.1323681122569,2.589746589269963,-16.696641521314678
9050-9101,138.73144058143546,151.8916058756462,15.074795349359814,7.280902942595984,-0.5129894641678343,29.042520398742575,18.028403078666056,7.014285758589537
9050-9102,180.79325073219835,216.81542891180388,58.95027502928129,44.326924825780736,29.703574622280176,44.092727140221605,30.60964662230536,17.12656610438914
9085-12701,142.30996597302322,155.59264788043473,6.464945355487142,-1.5569340210631564,-9.578813397613457,3.4321370507147413,-1.3208393421045497,-6.073815734923838
9085-12703,141.90841470870598,161.7865311850014,15.412710884561685,11.763865721730552,8.115020558899406,-2.362236256223668,-9.411955791172714,-16.461675326121757
9085-12704,318.18300706994285,382.2426296460241,,,,,,
9085-12705,139.0782941219192,166.08827432467757,18.70186982053219,10.268069273650736,1.8342687267692828,13.969482337610287,8.54424829944135,3.1190142612724143
9085-3702,106.18064156952248,141.65257201458382,34.017157130084065,19.468930603960313,4.920704077836567,28.6939716131275,20.165641086111076,11.637310559094656
9085-6101,250.23888240347583,312.4123630678849,39.37429158428892,14.248631832647792,-10.877027918993313,18.983383796723782,1.2842856476907576,-16.414812501342276
9085-6103,146.66105581328267,154.275671778055,10.516251296763665,6.4477527140211395,2.3792541312786013,-4.896432868744655,-11.691174967437384,-18.48591706613011
9085-9101,200.8312789105646,231.93933637512882,3.4762379214827566,-7.0513133388026965,-17.57886459908813,-13.112296270664109,-19.627323550082522,-26.142350829500955
9085-9102,68.95897895990531,84.26313939147933,10.208420530223433,-3.8145718496932406,-18.021498929906805,11.331078405921712,0.5027655844098445,-10.325547237102029
9086-12701,192.88409474612376,212.87459833665076,11.04974730002382,1.3772089363785343,-8.295329427266752,-17.117224161367094,-26.81624910641215,-36.51527405145721
9086-12702,104.6446916787827,109.83807259110787,-1.811306508542743,-5.535901540668676,-12.522081262367777,0.5275143464900569,-14.657303095550295,-29.84212053759064
9086-12703,257.26616881987275,285.47706817956896,-0.8595428571736689,-10.424071054145067,-19.988599251116437,12.210399887872814,4.039678210953019,-4.13104346596678
9086-12704,139.5131198701478,152.7961359983066,1.3518701551267316,-5.455199629689892,-12.2622694145065,1.2238476889300138,-3.1358081040735666,-7.49546389707716
9086-12705,91.75785751492374,102.60187697162782,14.643543051003107,10.631824146262701,6.620105241522294,10.68334895426375,5.383987566009452,0.08462617775515308
9086-6101,427.02489388833857,495.14615805109725,-157.29206012181461,-208.0455891095664,-258.79911809731817,,,
9086-6102,90.0387060222238,122.47589661324456,2.2024125507849184,-12.137834226452439,-26.478081003689805,4.057810470467719,-6.707477060424827,-17.472764591317368
9087-12701,193.35244786693193,202.37385066445717,10.35391668842043,7.481524071206078,4.609131453991708,-37.66614257580314,-42.41852262523978,-47.170902674676405
9087-12704,175.50324003385012,189.96547367956626,5.2180345074817165,0.1729787859440351,-4.872076935593648,1.8338670463561242,-4.097577550287141,-10.029022146930428
9087-12705,174.96638648967428,187.43011381969157,14.077389812128308,8.183255833137085,2.289121854145861,2.4681194933600703,-2.275590548835074,-7.019300591030218
9087-3702,63.7419110386839,89.92369122424346,37.24603441720173,22.67411587319534,8.10219732918897,14.512548740600357,-0.15986163098768533,-14.83227200257574
9087-3704,162.71854098557074,234.84308273618984,42.87216059766241,29.730626502644427,16.589092407626406,14.138738736261226,1.7569266961205838,-10.624885344020058
9087-6104,22.710903857543627,112.78155764933528,-29.917923517565132,-158.99374098098,-288.06955844439483,-80.0847318905002,-143.60559911899475,-207.12646634748933
9087-9101,287.98033013496087,303.3473890560219,30.89707850252451,22.60434718803189,14.311615873539246,17.20463331874866,5.580717536614669,-6.043198245519346
9087-9102,120.86115590544955,135.4698826949675,9.644423178638283,7.108456184094414,6.3577009204126655,12.726282363885007,14.021372020306897,15.316461676728776
9088-12701,216.35571506534168,238.28004471749054,17.993241664600227,5.780971215601615,-6.431299233396985,-2.0703547694727646,-18.869950563160433,-35.66954635684809
9088-12702,165.7153863259123,189.2936416813363,4.4535765462314805,-5.245829782339723,-14.945236110910953,-38.66851240316348,-46.98794461460741,-55.30737682605133
9088-12704,253.75527415322375,260.84333018714744,17.33080445606438,11.953511233066147,6.576218010067915,28.031761107761287,20.438355256985982,12.844949406210652
9088-12705,276.22617394538116,294.6747908874561,16.19219526737669,11.260656616452385,6.3291179655280825,11.180612992305733,7.397345150659445,3.6140773090131595
9088-1901,83.21756991247578,98.45811221758518,10.44024916274299,-1.5061732875287313,-17.296607928910056,31.768337643886934,14.05526927040452,-3.6577991030778803
9088-3703,120.2496530358804,171.67444763055784,-28.252262220526596,-53.22782137575097,-78.20338053097532,-32.15071280013974,-51.57065605523598,-70.99059931033219
9088-6102,163.17039207720424,204.26616570562496,14.503310278446065,1.5339661614151956,-11.435377955615648,-19.224604457274246,-28.233130610830315,-37.241656764386384
9088-6104,180.06205171308227,236.1270044231736,71.0882727837317,52.95116433028547,34.81405587683922,31.595597214004183,-2.3570041791301723,-36.30960557226451
9088-9101,86.33735514209599,113.02399258649383,25.18164641604959,2.337815660929747,-28.96805310112174,31.897240102830054,-1.7225544971983087,-35.34234909722668
9088-9102,217.92291501434178,331.26072719318836,89.4049344549687,59.94388246360652,30.482830472244338,11.594987351054812,-2.9262978118430993,-17.44758297474096
9089-12702,152.24271640385854,165.213250580252,18.827793815228013,12.388642032046846,5.949490248865667,2.979429411869221,-7.097417235259028,-17.174263882387272
9089-12704,203.4964850348418,229.02557798515602,7.9486554602132715,-1.4869571493625795,-10.922569758938446,15.207738304592846,10.185935581498985,5.164132858405094
9089-3702,124.03652863350017,139.37235224563545,14.463763285612268,9.93272876713316,5.401694248654052,26.843206136717722,26.258265728795703,25.673325320873673
9089-3703,66.76444632688879,96.42817711269282,47.558494469579394,23.48043438891711,-4.380503652492994,44.57995252270281,16.08623226481038,-12.407487993082054
9089-3704,111.14584754862088,126.46299037782249,11.7868899359457,8.279415468974538,4.771941002003387,19.52011584971717,17.228256648467607,14.936397447218043
9089-6101,175.03722680729797,190.0839593677549,7.726555878616932,2.311818235514051,-3.102919407588833,8.190880541195684,3.690175887027171,-0.8105287671413631
9089-6104,261.44566586849487,301.17138007221394,22.925370980857817,9.558157722798418,-3.8090555352610034,28.702595873636998,20.019968192916693,11.337340512196413
9089-9102,95.6126178317815,105.05806897583639,15.38934718429346,10.6303695401993,5.871391896105151,-17.627078593745058,-26.971525725975056,-36.31597285820505
9090-12702,57.0811396903376,57.0811396903376,27.833849385432416,32.67595825445101,15.969801308892645,33.75468966951718,30.981118574729575,3.9151680951866195
9090-12703,144.40185743473674,165.73076041798436,5.37336988813628,-0.8996296949567958,-7.172629278049881,1.4477496112694612,-2.7937521509938867,-7.035253913257231
9090-12704,182.1819087496558,190.98496070849913,6.460041340098399,1.9941226808024797,-2.471795978493417,-4.279439425828047,-8.555936339112948,-12.83243325239785
9090-12705,273.53187685623885,311.5241582164153,-59.49446489644011,-72.37780500573108,-85.26114511502203,-18.92145687770173,-23.915272661846686,-28.90908844599166
9090-1902,88.8106685620138,117.16407006343847,19.34731094027246,6.028955956816101,-7.289399026640258,7.228878242700264,-2.8443298950163665,-12.917538032732981
9090-3702,198.45496445783846,264.44549274264637,101.7069326521724,88.38211431639712,75.05729598062182,60.93424859827433,51.33379829702466,41.733347995775
9090-3704,51.47106159383944,144.49729004339198,128.13898447670945,80.79308341804,33.44718235937051,94.20247194359727,51.52556203253855,8.848652121479837
9090-6101,45.57199309307799,52.25107512338831,14.812185024375609,11.12969152272873,7.447198021081859,24.709746852171506,20.191016224093786,15.672285596016057
9090-6102,72.73930333284352,86.73167122707028,-3.2037815868607638,-8.179346547429844,-12.853248106151993,-0.4653676052018104,-4.075585282575767,-7.6858029599497355
9090-9101,320.23618799059005,349.2866777091726,45.72998049388895,37.055708182881276,28.381435871873602,10.73714110342646,5.300650682888068,-0.1358397376503234
9091-12701,265.621809981617,322.1771424381948,1.1281821934591016,-8.35793635614188,-17.844054905742873,,,
9091-12703,109.173035808481,124.56307700757043,18.14323805675128,15.242680014109402,12.342121971467522,25.867857253630536,20.333593710389543,14.799330167148556
9091-12704,229.35053541944546,270.32494780644936,17.905169262358577,6.44600590812458,-5.013157446109384,20.716328192943546,13.52808174658196,6.3398353002203525
9091-6104,184.68481365899433,198.9924965393926,4.543416141982733,-0.1915437888307742,-4.9265037196442645,10.695472666359093,7.81326973090247,4.931066795445849
9091-9101,88.31149027932254,109.07565659011465,14.27483138932892,1.3148578562370463,-11.64511567685483,7.783577134219941,-5.775137215292424,-19.333851564804785
9091-9102,230.45641809654043,284.66015491643253,17.216006389179274,3.5231004341730743,-10.169805520833128,-18.96638580731644,-29.348952011218856,-39.731518215121326
9092-12703,127.17392863326916,137.47190806406013,14.166921096947386,9.436149866338381,4.705378635729377,3.9577099822535824,-4.906553559434739,-13.770817101123061
9092-12705,360.66239800219256,402.19047926101024,-61.938249904482234,-74.05012468714648,-86.16199946981074,6.185952559747625,-0.8745855756267759,-7.935123711001176
9092-6102,89.40225718508049,106.55447923296052,19.335427144661228,7.897895718830213,-3.539635707000814,14.975470912112227,7.690108743157998,0.4047465742037698
9092-9102,160.76729469866294,174.90393156693625,25.528359137872993,21.42511148244236,17.321863827011708,24.255068058980424,19.94909172248905,15.643115385997698
9093-12701,138.82214284529238,184.80616464370112,48.731664137296185,32.545653603680414,26.602987240434462,14.279203030893136,35.35199918980342,60.32987000925811
9093-12702,90.21752635830222,104.58326204344462,4.337866661460748,-8.204052654580012,-39.46460405306475,31.004820531482,14.04986171188295,-4.603103093252451
9093-12703,24.791443138495772,240.69382117318702,-37.25330670450158,-733.568959746874,-1429.8846127892461,-193.89053949646413,-289.94981975341807,-386.00910001037204
9093-12704,157.8421142428455,168.26484247456528,18.03696190079175,11.975807002987633,5.914652105183522,20.26189557567231,12.299884805496259,4.337874035320204
9093-12705,132.57614302257196,152.67564213789788,20.60154824851895,7.104980025371577,-6.391588197775799,10.212579197950504,-1.9358850990363115,-14.084349396023114
9093-1901,52.45909901632908,78.88047312582822,-1.6196936298742266,-7.1865677446454095,-10.114722320102471,,,
9093-3701,154.50293815399945,247.0701040002877,93.61809555359115,58.65456247746825,23.691029401345386,80.25939075998119,50.37701937058458,20.494647981187878
9093-3702,84.14664580540165,105.9912351632481,21.8413569690426,7.912120630342935,-6.017115708356725,33.62663944958099,19.962969665097184,6.299299880613386
9093-6101,228.20614470731866,333.51454102328864,145.88988863939974,98.04243836788623,50.19498809637273,98.95653905169812,64.44298515611185,29.92943126052558
9093-6102,188.08366290918656,210.43266539480354,15.766492222938098,8.801544444030329,1.8365966651225352,1.442198588822467,-4.354657876461193,-10.151514341744848
9093-6103,113.31362389856196,131.52200122951743,5.370814337770869,-0.9496801852161987,-7.270174708203285,7.285759270390642,3.312598940715423,-0.6605613889597964
9093-9102,68.36886612814605,88.94078174594645,10.24262693041622,-1.0427138733369041,-12.1651718114023,15.66684434206073,7.488950442393273,-0.688943457274197
9094-12701,132.00050244667761,146.23736416562693,2.5052508892450005,-6.820119264569179,-19.815543547138812,-3.6907100284577443,-14.190708057038432,-24.690706085619116
9094-12703,108.46411799180933,170.37397074822425,71.75361268674467,32.58020943271231,0.7758493478149064,26.228396114324145,19.25748883537541,24.037471114274254
9094-12705,83.74050225548267,103.66451414696935,15.956129289734662,4.686398349662762,-6.583332590409139,19.181357169550626,8.197594568001694,-2.7861680335472476
9094-1902,265.36594428486745,344.4556937882061,55.4740010175888,48.697822169563615,41.921643321538426,26.673227282866,30.324022536379147,33.97481778989229
9094-6101,152.44033107598239,173.79698286976563,8.08986803533197,-13.147403107233291,-15.77799594634253,-176.18413257605874,-271.29725368465824,-302.2275894310919
9095-12701,224.043874484578,263.96413988017184,48.25735954698141,33.852186508234766,19.447013469488127,18.771298260959977,9.369638644044693,-0.03202097287062972
9095-12702,254.92589726119257,287.4005658204229,12.303782898668738,1.8448362589219458,-8.614110380824847,25.02692931358224,19.271704511407968,13.516479709233698
9095-12703,297.8770868431229,320.3471694486306,27.390078949717356,15.984865825433971,4.579652701150586,-4.179618852393096,-16.20393187616534,-28.228244899937575
9095-12704,200.05554026871718,210.78733194959236,9.830051686711862,3.8660544413973863,-2.097942803917087,-0.9846472855377335,-7.661258214673289,-14.337869143808867
9095-12705,155.24932845088358,167.2973932112997,-0.34891423805362637,-3.2094883329705297,-6.070062427887445,0.49747212319453604,-2.2156331137730576,-4.928738350740652
9095-1901,56.91766845222785,148.7528258525223,-10.638042095482891,-41.12001261897972,-71.60198314247658,-28.769881098751515,-33.48967310153517,-38.209465104318824
9095-1902,125.5994429485993,168.42930562874818,15.333186846986749,-2.480040685591725,-20.293268218170187,16.239048419446647,8.679444626387442,1.1198408333282361
9095-3701,168.27227595823518,197.61858917065962,10.435957407173834,-0.9422527169249033,-12.32046284102362,-7.343293251522643,-15.696925165347327,-24.050557079172016
9095-3703,179.99809462819857,257.80581813176366,69.48494972276144,30.19981154224532,-9.085326638270796,64.49282752000589,34.7294767040657,4.966125888125497
9095-3704,68.67111027645979,212.81346637680866,52.45379883144607,2.7535329217047955,-11.286094094081667,,,
9095-6102,236.03286529555547,258.338901622466,1.5851524247391464,-8.044913735169056,-13.789668572146798,-83.53849803084626,-85.99969125878013,-68.54867232415492
9095-6104,125.17652714859281,154.47882207719232,6.406047956363493,-1.363770919513731,-9.133589795390966,-0.917383873340587,-3.835332246726688,-6.753280620112781
9095-9101,62.667427247221916,89.05717223563632,23.242749628875725,8.279180211179648,-6.684389206516431,32.934913688244386,22.492315450595086,12.049717212945776
9095-9102,175.8239343148543,196.82280777904833,13.852949308149054,5.81481299604846,-2.2233233160521317,4.253286215483809,-0.28314236098509205,-4.819570937453993
9181-12705,182.5961947098756,218.74938029289197,-16.249999806403196,-24.492933085219615,-32.73586636403604,4.630117096554193,2.58713532630274,0.5441535560512863
9181-3701,98.40137658068915,115.53900081988576,15.67460945981314,6.438292362663666,-2.7980247344858085,9.499313411992121,3.5511141588463437,-2.3970850942994333
9181-3703,46.53809908544098,95.25762017297953,-8.356066291122533,-43.883723286643104,-79.41138028216368,-4.534721647649446,-25.668344833945987,-46.801968020242555
9181-9102,137.18353069487998,152.16538350194298,24.565299804204457,18.326589038860728,12.087878273516997,23.662036595671108,16.173343221050335,8.684649846429556
9182-12702,167.7632801709891,184.5443384788232,5.389030165311637,-3.5445354974751115,-12.478101160261856,1.340061148517712,-8.693092076466815,-18.726245301451343
9182-12703,173.1992516151175,203.81708319337713,4.435835665933692,-6.467332112737012,-17.37049989140773,2.3077656585669204,-4.7278602935022285,-11.763486245571377
9182-12704,238.6036656925345,275.1298800275914,10.015964656752237,-2.2485924901601395,-14.513149637072516,-9.201055790594841,-19.892616513047734,-30.58417723550063
9182-12705,98.85723576165375,107.30207620909556,26.670421317841292,21.945783627310444,10.663376644187776,24.740523842477312,9.29732078171258,-6.145882279052154
9182-1902,252.33578853609814,294.3914536922348,19.036543429674932,3.4746780322237556,-12.08718736522744,6.655443566132408,-4.65687045936302,-15.969184484858447
9182-3701,118.13395905016914,137.66331556598095,17.88701373423505,4.458167478786902,-8.970678776661252,16.500185886137597,2.3031486580081406,-11.893888570121327
9182-3703,158.19909870352737,237.4869988939569,39.23899951671868,40.22436992268159,41.20974032864452,11.409712669128098,10.931986896360973,10.45426112359386
9182-6104,222.05432794265144,258.8497183948196,-52.18572427153394,-58.24935317120874,-64.31298207088355,-69.19116422622913,-78.28423443448666,-87.3773046427442
9182-9102,148.77810367939597,174.99954238799964,15.254849075592357,2.141532281119044,-10.971784513354272,14.210194461656776,6.494531301034988,-1.2211318595867975
9183-12702,206.55228098156832,222.73857654014427,12.616155622077498,5.176569807990014,-2.26301600609747,0.7100584826099733,-6.772192959701403,-14.254444402012776
9183-12703,114.07237847407873,131.033225899541,20.513428685248435,13.187243138257873,5.861057591267295,40.206180027064434,36.657169117462836,33.10815820786123
9183-12704,270.87077750408577,287.152649075705,20.69602031770401,15.869613630787144,11.043206943870308,41.06800925675078,37.00731236228002,32.94661546780926
9183-3704,192.84620218036937,251.68433562965566,82.27992231460166,54.5454648959591,26.81100747731648,81.09635404742454,57.29345722422961,33.490560401034685
9183-9101,160.39317540078255,197.64038768470314,12.599219203208596,4.223956084157116,-4.151307034894392,-4.285100563119006,-18.12999406542408,-31.974887567729155
9184-12701,222.8094101339652,240.87387684004537,6.963737702103916,-0.5428778559615174,-8.049493414026951,13.63071653464025,9.749153782342145,5.86759103004404
9184-12705,217.62960854838002,252.52133549129084,5.759237097572181,-5.420046060824535,-16.599329219221246,-10.34947800435608,-21.277291974417864,-32.20510594447965
9184-3704,102.63952809472752,141.91031922636867,-2.4314818384809276,-4.315019711545747,-6.198557584610555,-2.039280267603347,1.7107854783440402,5.460851224291418
9184-6102,277.76138241582896,307.4975940380145,6.514701248758043,-2.3727698056735327,-11.260240860105139,0.9770605378775109,-6.751599783642092,-14.480260105161673
9184-6103,189.21416197610023,257.1544386990753,47.95880559013245,26.24108460274993,4.52336361536741,31.543626611844772,21.819443428089496,12.095260244334233
9184-6104,153.95283414545852,171.60068064402122,0.20481477775752568,-7.248242617211138,-14.701300012179788,5.507217119951984,0.5414290774016427,-4.424358965148697
9184-9102,86.81414943665992,99.438963667122,13.144527599512495,3.463761851960992,-9.4656724314976,2.443826837432932,-9.86111621873936,-22.16605927491165
9185-12701,138.29674392901384,149.1278044981819,10.839637841436108,3.594756210314118,-3.650125420807872,,,
9185-1902,179.78764819824852,200.38486004283806,19.410121564374847,11.267304108064705,3.124486651754566,24.24019609399018,16.251334363908395,8.262472633826633
9185-6104,84.81273867270782,101.01471592608114,16.105665115093288,4.173122519044905,-7.759420077003481,12.711654292069213,0.22856256118804838,-12.254529169693123
9185-9102,279.0413145039969,357.53448871960006,154.7822101163835,127.44937254633744,100.11653497629136,142.75256129430358,124.06492742135438,105.3772935484052
9186-12701,132.2033248564311,144.3777677430101,19.85286713707953,15.17140754594397,10.489947954808391,32.92363121557041,30.754650307221336,28.58566939887227
9186-12703,95.83471914783671,101.45154622456374,10.910271743276576,7.991828073731946,1.6603358508536767,30.403865877026433,24.313108099240072,18.222350321453703
9186-12705,146.31469203153057,154.7813660043369,13.916833036369736,8.227456639186547,2.5380802420033577,8.555930892936434,-0.7872952058704275,-10.130521304677277
9186-3703,101.01121469364082,133.87571075215016,7.638880337550293,-6.487895739880544,-20.61467181731139,-3.0893222261151125,-10.933979165958469,-18.77863610580182
9186-6101,257.3106282171222,279.333681000626,18.133918974656545,10.677051486642416,3.220183998628286,8.142946757875258,3.0990038425481643,-1.944939072778903
9186-6102,152.60839457329354,182.11180712432375,-9.380267975004092,-26.19988843987588,-43.01950890474768,43.6067586097176,31.69022693561533,19.77369526151306
9186-6104,131.08643950706087,219.3487006050922,120.11133435602255,137.83190912315027,155.552483890278,-23.84369648793528,-31.357337625753587,-38.87097876357187
9186-9101,334.78822793269677,363.3736809256676,25.74737789515334,15.84592578525001,5.944473675346635,-12.92369276968706,-26.312870628740455,-39.702048487793846
9186-9102,213.73692619188583,296.69338590315095,72.88032741783948,46.03148355613981,19.182639694440134,,,
9187-12702,109.9522296796489,133.3644453129726,23.927185424403326,9.462034238713043,-5.003116946977229,16.232577084260047,3.9632623133585465,-8.306052457542952
9187-12703,92.18719103283323,111.70159540341268,11.533430771248131,-3.739832753385939,-19.013096278020008,21.80448878018377,12.733371131916885,3.6622534836499963
9187-12704,171.02808439517986,185.8397737262438,4.445203022577598,-4.628249634719049,-13.701702292015684,12.958232070969611,3.1394462425380345,-6.679339585893531
9187-12705,110.48528338855434,120.70620839729182,7.146351798166647,0.3587356047478291,-25.158259413127425,-10.921101380600545,-29.703458902664877,-54.38516434163757
9187-3701,78.70831883292757,100.30862338392257,-7.116001977770169,-12.808894331255992,-18.34489108653812,-17.89370043134074,-19.54179953325152,-21.189898635162304
9187-3702,180.85518845778284,203.3359412301912,1.7082181321711178,-7.2935652604474015,-16.29534865306592,-47.20038731726624,-51.86807203848263,-56.535756759699005
9187-6101,83.29544908569424,255.92974719212003,208.27639493497858,139.10403460468208,113.0853862995882,-450.77415236210635,-616.0324757165035,-571.8838449778272
9187-6104,111.39868442241142,140.73510642322847,-54.93805640527436,-41.89759300826164,-28.85712961124892,-39.43463055278182,-18.527112458173086,2.3804056364356128
9187-9101,220.01907854888972,229.3223497653163,5.02307525391995,-1.0159446687096918,-7.054964591339353,,,
9188-12702,111.72575151664142,123.53660299595062,6.208468124452571,-2.906585058264014,-20.119563411292912,6.9989138308247165,-20.00734284418377,-47.013599519192255
9188-12703,214.70256415059734,223.34850082247965,17.083462065204102,11.674637118418381,6.265812171632642,-1.1001984310213035,-5.893685862733844,-10.687173294446385
9188-12704,147.07867335598408,154.74507309104553,5.059054372790499,0.07577408582441886,-3.3445628780484054,20.97288884309409,17.60698979732451,17.740711275596563
9188-12705,56.46447533479321,70.14029095813608,15.188227911790538,9.408352631379694,6.499399929993672,20.965984238356356,19.42656162601194,17.88713901366752
9188-3704,148.85267032281507,238.49450696611865,149.41720739508466,165.7622173369474,182.1072272788101,,,
9188-6102,296.2997564264413,316.15340011197475,16.441781140611052,9.639370091777794,2.836959042944541,9.651559053018469,1.1808633106587207,-7.289832431701027
9188-6103,194.32378272175234,229.4823943847518,-7.989066272168389,-15.705970301213444,-23.422874330258473,-8.626256949643508,-13.753697827811196,-18.881138705978906
9188-6104,119.48348494219292,142.09172559103422,-17.37088082142096,-26.989189415229262,-24.96030745075362,-73.91670081867154,-66.75032180226474,-52.409497255184824
9188-9101,141.96638791776041,167.64048184730927,18.512992456997097,7.496156439508594,-3.520679577979912,20.00069139938229,12.319184527052988,4.6376776547236656
9188-9102,147.7523338458736,167.92716607365247,15.44648376334293,3.669740988432638,-8.107001786477653,-4.604439361307051,-20.42963467026245,-36.254829979217845
9189-12704,310.38344784900454,330.79970090026404,31.06812342964803,22.998140212331574,14.928156995015097,16.444373168337094,9.938415828099988,3.4324584878628785
9189-12705,56.404576076406606,89.7518654590533,-5.7830926361337935,-20.981195069316552,-36.1792975024993,-50.24560355179034,-67.03058196209084,-83.81556037239132
9189-3704,93.53188938690694,126.84153527594286,22.48390181415469,3.1582726934644074,-16.167356427225887,16.688768313079034,-11.825046709536151,-40.33886173215134
9189-6104,94.06123478263426,110.7166371513751,25.778128035176156,22.70869462868166,19.63926122218718,23.47485287154807,19.33142526034052,15.187997649132972
9189-9101,215.18845215818212,229.62376702109242,31.95745584184446,27.176241393721476,22.395026945598506,23.547712053848414,19.70889974863465,15.870087443420848
9190-12701,60.478326354281464,82.37889546606851,19.25366927855849,5.907868694002146,-7.437931890554209,21.87039154861068,7.30169756141197,-7.266996425786744
9190-12703,213.35712123983316,222.8329165587548,13.040886867128679,8.524344776426473,4.007802685724254,,,
9190-12704,100.78624080192021,100.78624080192021,21.946259653853016,23.82685080008713,4.2989356339021025,12.97355096173981,17.258599817072586,-12.255281431629063
9190-12705,121.52819137320937,139.61040957189317,-1.5294460545325896,-10.551849312155694,-19.5742525697788,0.44243314572353293,-5.019309578295721,-10.481052302314978
9190-1901,79.9442119364545,96.4323509225888,51.13293902682025,43.38845220373129,33.10279132496264,34.35252541013631,21.61041051771148,8.868295625286642
9190-3702,79.41547488879064,143.47559958468625,73.30857533724395,35.66020896128553,-1.9881574146728607,11.249627347097965,-24.73409507653335,-60.71781750016468
9190-3704,40.35529984155618,40.35529984155618,27.974591201453794,35.560168829181286,24.72982160387819,50.03063845334731,52.05368935390069,21.842371238543183
9190-9101,213.31492316700343,252.88946772332733,13.93672759479612,4.051161575342597,-5.83440444411095,-1.3613365499093282,-6.956656035415819,-12.551975520922307
9190-9102,70.48143947546237,87.08454888829145,5.84485965818747,-4.657149370376419,-11.055042983271637,-6.459223169729151,-11.451970859203605,-15.536461708202753
9191-12702,177.98862000529974,199.64215907474596,10.757447894515913,1.4789006137297271,-7.799646667056458,-1.7838829879128202,-8.712014332497438,-15.640145677082076
9191-12703,192.43043105180226,201.23267945215727,9.419621072528827,4.49963568786893,-0.4203496967909655,11.937989182604078,7.573285534411002,3.2085818862179303
9191-3701,,,,,,,,
9191-6101,133.18606877143847,197.26475359867524,1.2720210441316944,-11.670025285466652,-24.612071615065005,1.9282669189894583,-3.433885126650063,-8.796037172289578
9191-6102,189.51803128433372,223.71038312139441,23.837874346040905,12.649710975278273,1.4615476045156437,0.09920740425365569,-7.697966164320119,-15.495139732893879
9191-9101,248.04932394498337,296.7016059107881,12.703137302697671,-2.1499998104390956,-17.00313692357586,11.34881787450689,2.2660707201028587,-6.816676434301173
9192-12701,177.17681600972793,194.85968618911247,9.041942822699971,3.0985023317512987,-2.8449381591973726,5.355895715090922,2.9287714747080615,0.5016472343252039
9192-12703,165.7316022906247,178.05118226366258,13.082342925772302,7.475242589441292,1.8681422531102614,4.190506385961183,-0.7254811251650164,-5.641468636291199
9192-1901,115.08418324759207,152.8487262784106,17.78705570014491,3.4376191421424998,-10.91181741585994,9.59008955332996,2.6454380070576318,-4.299213539214697
9192-1902,85.7998603315653,124.48448881984501,30.363085145161854,10.395549818463374,-9.571985508235116,11.732727087782168,-4.117350584553898,-19.967428256889956
9192-6101,92.60578311886799,108.34418507087305,15.063187061734078,7.636619268333557,0.21005147493303258,-4.454412518935314,-19.676093365265185,-34.897774211595056
9192-6102,211.70575603268898,229.68571764175493,27.216508707610625,16.377397874784492,5.538287041958362,-3.5717910727664712,-24.314474629594507,-45.05715818642255
9192-6104,110.16821861238735,121.71248987993253,-0.3814129824599542,-9.368513395634611,-18.35561380880927,13.151289110601828,6.196853974055292,-0.7575811624912577
9192-9102,228.4272688199603,265.73747166228827,22.870765117103335,6.193891868411128,-10.482981380281087,2.1753369871011623,-16.395865788882983,-34.96706856486713
9193-12703,46.75014239231196,55.99198011855504,25.896924484676873,25.683849977317177,20.522107363300638,25.114043485328832,16.300503350124334,7.486963214919824
9193-12705,197.9268323402869,266.4942725334197,-17.612049232369543,-60.34964818144901,-103.0872471305285,,,
9193-3701,72.73022563639366,88.07043460718398,-2.120668111410287,-15.457298938640111,-28.305703432466444,-10.028904749678734,-23.816577850958158,-37.604250952237585
9193-6104,74.37412657731429,83.14833518632148,3.7973735088264355,0.4831466747327153,-3.3909791475824487,-1.6165301959913139,-5.400657003291284,-9.184783810591254
9193-9101,220.34506608989994,243.06276618913262,19.62262610847451,10.558387022472132,1.4941479364697692,-11.945747572465638,-23.697552095827664,-35.449356619189714
9193-9102,63.321081536078175,83.09912958443333,14.006974362178992,5.080471854732332,-3.8460306527143238,1.0750909131929103,-8.214607607618738,-17.504306128430404
9194-12703,267.11300094435603,276.207736883983,3.916736855265165,1.1814700850836457,-1.5537966850979008,-0.26772521466033566,-2.882251301308831,-5.4967773879573265
9194-12704,117.96192020079431,139.21990358780445,-26.895435730457674,-42.586579000158736,-58.2777222698598,-31.361633256389265,-41.44088956857376,-51.520145880758264
9194-12705,90.88883144491147,111.8600714180494,7.772697318931638,-4.009024554842737,-13.49016102486061,28.976717398486798,23.41984210035299,17.862966802219177
9194-6102,65.08324731731298,136.9201403996523,155.68161626619408,171.74733967143402,187.813063076674,279.14205254312577,274.6163332689823,270.090613994839
9194-6103,134.01768098535268,223.84319625202613,227.3663765346585,313.3722024134771,399.37802829229565,148.76596158453063,169.5109382400099,190.25591489548918
9194-6104,106.22508760898236,122.82548715830919,4.204575973632063,-6.96170223723431,-18.12798044810069,13.600806638957973,2.9534010933404713,-7.69400445227704
9195-12702,319.29920475542315,353.7294563062188,22.518106309185594,12.63570990999231,2.753313510799025,-22.953324600252778,-29.525597311523413,-36.09787002279405
9195-12704,73.3090982472879,95.17619157150332,11.825524919144708,-9.932136788621065,-57.09334600111427,64.76337663291156,0.10733840970019795,-66.08541261645199
9195-12705,138.14420854205625,161.7085256393401,1.4694655332821986,-5.47537817498143,-12.420221883245057,42.91890757086152,37.63783617369743,32.356764776533346
9195-3702,176.37454191746005,268.01105083360477,92.12183567887061,71.20583843649989,50.78955763757357,58.32347281433748,43.289075381575486,28.25467794881348
9195-3703,49.502055118972656,99.04157021438941,6.223323010385115,-10.772210693245833,-27.76774439687681,-9.248368664991753,-20.45843682305242,-31.66850498111309
9195-3704,81.54623202199771,116.06184819729262,87.1954859940265,62.310913858226,34.25739956980427,83.79518680917452,53.997598015568805,24.200009221963118
9195-6104,154.9882910797701,181.07070852403467,10.542087051151364,0.18183768769743372,-10.178411675756484,4.782404767922476,-3.096822559459735,-10.976049886841965
9196-12701,219.68204222058037,239.5174156844219,12.02263416678456,5.855411233128361,-0.3118117005278378,-0.1568834459844405,-4.217942548399502,-8.279001650814564
9196-12703,201.17124906180428,245.23218835111905,33.606970537520894,17.81379404130213,2.0206175450834047,21.323345979150453,12.028870908995156,2.7343958388398897
9196-12704,232.12658648427447,255.69291562708847,-5.478440387485278,-11.912481170602387,-18.346521953719495,6.521500234944308,0.6878578554142557,-5.145784524115766
9196-1901,146.128406155798,232.78928548408604,-45.40751770357111,-95.9539110656597,-146.50030442774826,-83.32927281996682,-119.00909732469886,-154.68892182943085
9196-1902,95.3703960304767,126.8852432446958,-10.125669917090814,-14.020817266924038,-17.91596461675725,-6.5210751975186385,-6.794082900840803,-7.067090604162964
9196-3702,225.55016724953612,299.62015726832567,82.87692022544022,55.51668188981943,28.156443554198646,66.98445995013611,50.353344869649014,33.722229789161894
9196-3703,224.53994620389722,275.09942073061416,40.39537787429492,25.86968521811215,11.343992561929378,2.505812521954932,-7.785197277025942,-18.07620707600678
9196-6101,316.53885697834625,365.84816215341004,33.968258740900204,14.780632625790492,-4.406993489319176,5.604719269982328,-11.367701907934993,-28.340123085852344
9196-6103,195.7660370119866,208.34075323495338,9.01691693248373,3.385806820495627,-2.245303291492477,58.79475666867191,53.14745219806147,47.50014772745101
9196-9101,185.93685182726082,202.55138263886445,-2.222216864012881,-8.93792392683369,-15.6536309896545,0.571909579347137,-1.7632023764403795,-4.098314332227878
9196-9102,192.19639057771784,237.94230361451338,19.10402568367545,-3.029580184018024,-25.163186051711495,17.19204266862178,-6.92795103757571,-31.047944743773183
9484-12701,54.05028224262419,61.98625848294485,19.42395610399333,15.6017710225654,-3.946080680367123,,,
9484-12703,141.73336235719822,155.8164187383129,7.101560560585039,2.4421481414204234,-2.2172642777441904,1.7241421504149854,-1.3744027651594508,-4.472947680733886
9484-12704,195.28068738355597,221.08312246470933,7.298502261939818,-0.9601040155178595,-9.218710292975521,2.966091942801206,-3.053940130238536,-9.073972203278256
9484-3701,112.94752005713639,128.84195446588518,-0.4984629641174133,-10.64809309887273,-20.797723233628048,-4.43000389790051,-14.283513255525335,-22.932920838784884
9484-3702,201.9529838358035,224.2210981604197,16.019038723296447,10.24894880083301,4.478858878369569,26.300352928256988,23.351397731133627,20.40244253401027
9484-6102,98.1560250605581,120.68495367289859,5.227365674876324,-8.481161088086752,-22.189687851049825,1.4589718198654889,-6.025703412424871,-13.510378644715248
9484-6103,133.38548024643427,148.04551782782193,6.188613076117901,-0.669426726210442,-7.527466528538782,6.073113617827781,0.19981851280933344,-5.6734765922091
9484-9101,262.2805563125307,281.3838182683948,11.551614679128805,3.1082054221682216,-5.335203834792391,4.887294136781029,-1.0532036413631416,-6.993701419507309
9484-9102,64.52111413819084,84.71644153337449,13.83657764643027,-1.1907472776004433,-16.218072201631156,13.088612494029508,-4.889063348987883,-22.86673919200528
9485-12701,225.4832040496151,275.06133679991063,64.5209466699445,42.458614189519096,20.3962817090937,-274.0654564236894,-320.36441046965524,-366.663364515621
9485-12703,140.10680020862628,154.39804311746568,7.881476480265135,0.33850788672957843,-7.204460706805978,3.9323038610708307,-2.3156744957516926,-8.563652852574213
9485-12705,239.06808601672932,269.2124784756586,8.928120878950784,-2.6373155616530113,-14.202752002256808,5.990330936644357,-2.0211204639326463,-10.032571864509647
9485-3701,,,,,,13.986517394023112,8.28298550437633,2.5794536147295424
9485-3702,75.10669004745847,138.82192441050637,81.57207136311972,36.72791218055565,-8.116247002008423,42.89041046686339,-1.5199198731729082,-45.9302502132092
9485-3703,41.27040475991622,85.68466702325664,122.50446729880028,102.82744768925674,79.87578270233563,123.2072814545385,91.0702061587943,58.933130863050074
9485-6101,352.2475533302464,411.2289003543303,94.88023702712198,59.02324724190316,23.16625745668435,41.23213234244663,-9.799729790409867,-60.831591923266345
9485-6104,168.8379132129734,200.6907446946759,7.954651114793124,-2.7394965475530246,-13.433644209899146,-15.670883787181776,-21.278143354812226,-26.885402922442655
9485-9102,47.65706835536814,89.47607632097139,12.077719098037193,-10.55272516941647,-32.46303680328795,14.541420829849002,6.6566462674041835,1.518016770829169
9486-12701,,,,,,,,
9486-12702,179.35417215508872,186.390813517865,5.9503034735292175,0.5761016297913957,-5.9070455813905545,,,
9486-12704,82.0938105828989,93.58828778039978,13.602856340658404,5.092649541924024,-8.381820928445222,14.33076422981433,-5.585405997592612,-25.501576224999553
9486-3702,84.73370482558636,106.43823170166729,-0.0037948305330003248,-16.307996579278722,-32.61219832802444,-9.689383998187614,-18.834131050763123,-27.97887810333863
9486-3703,101.1852573866726,125.55797031150533,-59.40496149344058,-66.3494870647599,-73.25450776491532,-71.99874664506115,-72.56978528664567,-73.14082392823019
9486-3704,85.17629954649392,89.58009886667374,-5.798923338002981,-5.973051466425167,-6.147179594847353,,,
9486-6102,175.18446514163787,247.07474986763603,35.442584829569256,15.586939086684952,-4.268706656199343,-7.4221312923536535,-19.543150139532017,-31.66416898671038
9486-9101,133.28953211525143,255.9434939695532,116.59530726510906,44.68872137732359,-27.217864510461855,,,
9487-12701,218.59664592070388,220.2054038873052,9.197228842803142,8.199599919705722,1.3809810652701833,,,
9487-12703,155.66298898163396,175.72052425778102,9.071341841905152,1.3441691053775522,-6.38300363115005,8.333457519477152,1.4196942504386265,-5.4940690185999
9487-12704,50.74863416059734,60.654640282126664,8.438503612091758,1.5596171290604068,-11.726069274251953,26.695431700195627,1.4420329649834456,-23.81136577022874
9487-3702,62.76105928302455,167.08821567187854,170.02378113155842,169.20275020462907,168.38171927769972,-72.1442663269103,-93.76003932074325,-115.37581231457618
9487-3703,121.15203646526136,164.93077260534827,-23.086343407337097,-38.195942243078704,-53.305541078820305,0.8268461952668187,-1.8148086590432273,-4.456463513353273
9487-3704,72.13728039622792,91.01742535584957,24.79725978048317,11.477572147098053,-3.6876355436756363,13.239055940176403,-2.1711189460785056,-17.581293832333433
9487-6102,81.7930262670585,84.08754426498916,27.715589429580298,25.725977888948464,15.95912362699914,65.34864981691558,54.49155194903848,39.58032779671558
9487-6104,87.13946873736809,93.57835273999477,23.54660903776083,21.6527249076871,19.048363552893637,10.296852949882735,3.2217270069946786,-3.8533989358933742
9487-9101,255.61024018989718,285.872840203037,30.15258331734122,20.490378010175206,10.828172703009198,14.41197040862935,8.376093091045963,2.340215773462577
9487-9102,77.51686470182455,134.8354624203326,23.42049257795032,14.32359341994395,5.226694261937575,2.3775077385374113,-2.2962878670284557,-6.970083472594323
9488-12701,136.90247492424905,162.3739921709162,9.697025010638143,-7.044417980869669,-23.78586097237747,-3.1066865437158726,-17.851768918802463,-32.59685129388907
9488-12702,74.22334384027111,93.68159466925225,-6.124638270596535,-22.8724141871621,-36.5414354159018,-74.6315180663011,-96.73892257902321,-118.6137391044228
9488-12704,83.69383380057236,96.25969019619495,-2.5856054688574965,-12.288933129174561,-24.751173946375225,-2.2482958900137158,-12.76750551457403,-23.286715139134344
9488-12705,71.74343115442741,94.83401637458911,8.120353957539107,-6.613315856905805,-21.346985671350723,-17.821450901262352,-33.18037725250121,-48.539303603740066
9488-3702,136.79015558230003,163.7945026764195,9.998332750284558,8.801689066174083,7.605045382063585,-12.277639260930458,-16.72017021018642,-21.162701159442385
9488-3703,75.48513952185691,95.7360445008268,-4.353809476347627,-15.642631566985695,-24.887524053252324,-23.768347864778182,-28.480236901035102,-33.192125937292026
9488-6103,102.56501907356959,112.54650138723122,6.061724839536829,2.391865313407604,-1.2779942127216202,-25.321941467923047,-29.21260738799018,-33.10327330805731
9488-9101,70.63946301430249,77.23554514007037,3.222753887084818,0.12767611795774683,-11.311365411751657,14.625718483454001,-1.8701667353754357,-19.856004145425022
9488-9102,48.49900366102861,83.75233943270833,-12.264686645557447,-24.693863401277245,-37.123040156997035,,,
9489-12703,101.65451108006397,114.01947720278982,25.66079292398758,23.815969595891914,21.971146267796236,49.85121183928175,49.520559568568885,49.189907297856024
9489-12704,79.42182168284701,90.42170832599847,11.219354481511555,1.560479562596504,-10.53042923297308,-1.6011011596379836,-17.362225785561467,-33.12335041148496
9489-12705,100.2896741968612,121.41792819778861,10.339410946389664,-6.480236240247392,-21.983478315361186,-36.04567732064771,-48.115531899517826,-60.18538647838795
9489-3701,,,,,,-105.55462247394388,-130.30391540082067,-155.0532083276975
9489-6102,129.07882309610244,166.035385418627,20.971405421708706,13.824254196483924,6.677102971259133,24.363036522640744,21.58266689785094,18.80229727306116
9489-6104,140.99233522623032,167.16833929782052,31.248892100519917,21.89813559387515,12.547379087230357,-11.472681811243067,-19.317577708020657,-27.16247360479824
9489-9102,37.65896480816223,50.57807800642294,,,,,,
9490-12703,104.62431976987169,122.53204009817748,3.4095214623143564,-6.49177225276023,-16.39306596783482,5.0405892789199624,-3.4240165228353447,-11.888622324590663
9490-12704,78.66828288095836,78.66828288095836,20.464103996910918,22.63351715773317,-11.731851757667167,-1.4401357812216709,-1.085141219437808,-32.0926648040214
9490-12705,259.6596489062874,302.4824131112981,,,,,,
9490-3701,101.51210001138352,152.13562523720407,16.651435428108364,-0.5483034454979383,-17.748042319104265,0.19114676773300232,-8.528462089057124,-17.248070945847225
9490-3702,64.65668059176895,75.42684669677035,-1.9967634559281748,-6.060816059106161,-19.08620938364554,-29.706010027905386,-42.942694693361595,-56.17937935881782
9490-3704,62.50462883375107,85.76825887386772,-4.072742250361321,-18.822497207600833,-27.64405652171787,-39.2437608020463,-42.059495730700846,-44.87523065935539
9490-6101,193.0695517091571,215.35342033846447,20.486939473788002,12.602188232368238,4.717436990948461,9.72232418992277,1.6341203109625377,-6.454083567997685
9490-6102,188.10598686457166,210.76905806575473,1.6296637553307058,-5.35922410027823,-12.348111955887202,11.4431476080938,6.478667250156858,1.5141868922199182
9490-6104,67.04078519008495,67.89621497534222,-0.17279865326668112,2.2880344833840978,-4.7930307035245745,8.156864140893857,1.3133169084625813,-23.731090767810848
9491-12701,283.30432802732423,316.8470232076086,-25.561807434424356,-43.47515654242415,-61.38850565042391,-24.19832260317441,-44.7199774581674,-65.24163231316041
9491-12703,122.76045419702459,139.3365277587022,14.20834193997651,5.680175761286874,-2.847990417402766,3.4904208398180154,-7.959619233898982,-19.409659307615986
9491-12704,85.06731906645655,118.6745679868286,-5.772709840064579,-19.035913674901074,-32.299117509737584,-15.777181735979948,-25.151237598537904,-34.52529346109585
9491-1902,256.03106083560886,328.57808148057563,53.08983357303533,29.488791861506886,5.887750149978461,,,
9491-3702,94.26090139946562,104.8017248518122,4.906186618792582,-1.5207441630898515,-8.616668264959662,6.636467989022282,-2.7210318944939758,-12.078531778010236
9491-3703,227.4958730588968,324.62147536820424,19.37782715109315,15.943911499574472,12.509995848055766,-121.0235655750002,-68.49584399137586,-15.968122407751473
9491-3704,295.7801241459538,374.6923862870464,57.56309560179578,44.86985385187144,32.17661210194708,3.6057434614049115,-2.6535745464350975,-8.912892554275158
9491-6101,220.47535867578276,245.2089288774987,21.847055356082922,11.17375801510543,0.5004606741279355,15.861885958604153,4.662105779971018,-6.537674398662114
9491-9101,94.65799901104141,110.80982666988774,18.282053688302064,11.06742095767301,3.8527882270439506,8.643468233725308,3.1960314071968217,-2.2514054193316633
9492-12701,168.6192087808434,176.33207709840315,13.980159592074584,8.782634040807213,1.9988150795255701,11.492631282850203,0.12471665243442362,-11.243197977981334
9492-12702,283.1778872927494,329.2342741497698,31.888133651169568,7.36796642113738,-17.152200808894808,29.937219596660096,7.435628340185372,-15.065962916289358
9492-12703,119.55208890157985,142.82532962283096,17.80938676886068,5.199685437394896,-7.410015894070876,-15.135592602279402,-27.601381866349094,-40.06717113041877
9492-12704,267.54237434925926,280.6709006741811,12.523819337468296,7.25088646011485,1.9779535827613723,11.45628284469213,6.26266085528888,1.069038865885631
9492-12705,257.7865375974515,274.4492195324216,15.298199361731509,8.427127094791162,1.5560548278507906,-0.10909842361446455,-6.805327890077962,-13.50155735654146
9492-6101,88.59880711990645,111.18157078099374,5.0085571286719635,-3.5344312088070327,-12.07741954628603,-3.689285657386265,-8.656441706334443,-13.623597755282626
9492-6102,174.20095389621054,202.2383892346597,35.44094941648529,20.79354107973634,6.146132742987401,19.96568312412143,3.502317697007655,-12.961047730106097
9492-6103,132.29825824194816,149.49745189908637,4.919307260977125,-0.22772210535940773,-5.374751471695943,-5.810080745833753,-9.509842450562275,-13.209604155290792
9493-12701,96.2103874852165,109.09239971372654,7.891349128900098,1.4441668051307675,-5.003015518638554,13.88958552749501,10.409851739093863,6.93011795069272
9493-12704,104.88588987574686,113.6725971637021,1.7431197557830445,-3.520880344651347,-8.784880445085737,-3.1119169470816384,-11.863939853300623,-20.6159627595196
9493-3702,48.24444330276872,55.94059120366072,9.279227799435574,7.717567182582547,5.078521737270916,3.424068116640246,-3.3132736944598236,-10.050615505559897
9493-6101,322.1132990676809,344.99984891662507,35.90369041928056,24.86318806005174,13.822685700822927,7.57997032911158,-3.4964878181653045,-14.57294596544219
9493-6102,213.46995413537292,268.0857692011475,69.02118998696866,49.07280234670078,29.1244147064329,39.52038340862729,25.439450305347076,11.358517202066828
9493-6103,107.28028301803711,125.66198367677879,3.819584211668906,-8.29835343608789,-18.111495723361095,2.253525581322221,-2.0875315391533817,-5.722661418135569
9493-6104,85.07741964883992,121.70241552769181,28.713404011916214,11.529366182000853,-5.654671647914492,44.35155803545304,24.06431626932275,3.7770745031924884
9493-9101,90.27761633982642,130.64830380467265,8.051521178705336,-33.28911947790653,-91.80902959206102,22.09286434448097,-29.272756213092364,-80.63837677066569
9493-9102,169.4421281961168,185.34426576958612,5.916050464537834,-0.5380536058456178,-6.992157676229089,-2.777058158631323,-7.560333387566437,-12.343608616501553
9494-12704,161.32097670248697,176.37558150247796,14.004278841352427,4.308039661621671,-5.388199518109097,49.20787391927315,43.010912975663786,36.813952032054424
9494-12705,50.093691838864146,83.47296328368809,-9.945786750824377,-29.654613442498082,-47.703454500616516,-31.128637337643013,-49.86959396733076,-68.61055059701849
9494-1901,118.68292078886843,166.2404827514116,-109.08478216611987,-78.38605560597631,-47.68732904583273,-33.58660229438795,-26.599974622336134,-19.61334695028431
9494-3704,62.66925290748906,153.0299469231074,-39.109143856583074,-68.33602906654878,-97.56291427651449,-41.14883162392015,-49.813761345002256,-58.47869106608436
9494-9102,118.00414928566481,137.8321682078204,15.319134040470377,2.9718919547235374,-9.375350131023316,-0.18490500437782414,-12.293049656273771,-24.40119430816972
9495-12705,102.74842460517203,114.0729703415594,10.392564523792,1.5689631071859744,-13.923472811798543,-10.812191442001215,-25.533459893727503,-40.25472834545379
9495-3701,58.83269111762676,70.13796597460912,-12.426975707634794,-26.2816963844506,-41.969124356385215,,,
9495-3703,153.21184249213243,191.63213866067846,-71.73231651390726,-76.15213749693959,-80.57195847997193,-94.57342568341211,-91.76391732461498,-88.95440896581783
9495-6101,51.90599328092243,81.6118724303026,11.040948902094037,0.19544123344473383,15.923278181512751,,,
9495-6102,134.04832020679027,147.47357447379093,15.39228782590157,8.118903241338845,0.8455186567761207,5.3356975672205245,-3.459357905807033,-12.254413378834592
9495-6103,98.18162146377743,122.9371864812432,35.85210655655307,21.006260774807814,6.160414993062561,25.550942222094744,14.116500115601848,2.6820580091089505
9496-12701,155.98969305123813,170.46495031664648,3.550353547183222,-4.6059308783445365,-12.762215303872281,0.10542918249507749,-5.8343601599451596,-11.774149502385399
9496-12702,131.32459045529552,154.32824912486424,25.38746400367035,9.111922533112603,-7.163618937445151,21.049548135919892,6.554758901589794,-7.940030332740301
9496-12703,270.30893162913327,301.96108395690453,-4.5585845109690455,-17.231407397575,-29.90423028418093,9.788479540702015,0.3934775892531656,-9.001524362195687
9496-12705,108.87186820447752,115.13691111616487,10.325421800992912,8.232318226349436,6.171963699094287,13.592972569319732,12.009812223851354,10.426651878382975
9496-3701,27.924467996608946,150.0078632527756,168.3935424460177,76.63308576608462,-22.387585812620838,85.48720237494045,1.0033838710633638,-83.48043463281377
9496-3703,63.074574733736206,79.87728562932247,8.302846216050005,2.560364129615693,-3.154522785392255,-7.702065126393904,-12.602300191874798,-17.502535257355685
9496-6102,47.94369327258127,71.89000140654534,27.792195531868355,7.0727560210723714,-19.422498159510862,1.3169432303750723,-24.365346813779045,-50.04763685793317
9496-6104,97.28483273294388,117.79471513466878,8.630894603897461,-2.8140059863732025,-14.258906576643883,29.11615171726013,24.134083524845067,19.15201533242999
9496-9101,321.6053483975946,339.11537469308814,6.018165749960503,0.5617999478506635,-4.894565854259153,14.634330138837793,10.456735695403632,6.279141251969494
9496-9102,185.17469274228137,212.98876738199715,-33.073175097465274,-41.56803728522524,-50.06289947298521,-7.4955665609177,-14.073931219496236,-20.652295878074774
9497-12701,209.32920471815197,237.29297636995105,20.339534462609453,11.097988008021451,1.8564415534334389,17.832956727013222,11.676177787058704,5.519398847104188
9497-12703,225.93904351284615,237.7496040999184,4.573526408793279,0.29719511124857756,-3.9791361862961088,12.906827809307382,8.746893449642688,4.58695908997801
9497-3703,166.18519597902315,210.96686884896658,5.228581739975434,-10.587579962501877,-26.403741664979197,5.315926550392968,-4.171201411035911,-13.658329372464761
9497-9101,43.19416351922773,91.83818258952742,3.0009792109371194,-19.696558804185507,-42.39409681930814,-6.665428174657401,-15.5904536568908,-24.5154791391242
9497-9102,244.48386762558275,305.8897358493909,-1.1152598990289508,-26.04012415961569,-50.964988420202424,3.1817658634011883,-19.744171813780767,-42.67010949096274
9498-12701,97.37925454174166,102.69226979648025,19.679636431061052,17.30263373144289,9.752142036161281,-11.62911394373914,-32.67274310116806,-54.03584459103645
9498-12703,150.09182004480104,177.78966064930717,19.289392491907012,11.270836421380796,3.25228035085455,22.35710333203815,16.51218768058348,10.667272029128828
9498-12705,136.86709192817023,138.84108860353066,11.955503600346786,11.872061681424384,8.713554142531946,17.185699557892253,14.812304408266279,11.633807442890376
9498-1902,86.44039556230427,110.50459862435001,15.48900147226586,7.268618864160802,-0.9517637439442581,7.0597068895695765,2.217801539819887,-2.624103809929787
9498-3701,204.65405689496,304.10787031519493,98.73800951972795,84.17382534485408,69.60964116998021,83.67888871929478,66.43369680493163,49.18850489056851
9498-6102,153.91320358591105,206.13351211754355,62.3024037036619,40.61243061586778,18.922457528073643,27.75930475996924,12.85465410084823,-2.049996558272785
9498-9102,195.02232019788536,268.0575748679628,,,,,,
9499-12701,64.56642962536529,83.57407202623472,12.896597247512974,-1.603736581701475,-16.104070410915917,-6.144763972172912,-22.13958004784842,-38.13439612352393
9499-12702,62.771249931506816,68.53532887742443,15.396372573135995,14.761924644180112,-4.657860216293253,52.912060378930995,39.40154251571663,14.617948618892992
9499-12703,205.58882006838948,219.20730555907076,9.958938836672669,4.64554533405774,-0.6678481685572037,2.966597433669731,-3.240170900425267,-9.446939234520267
9499-12705,257.2332879522287,286.4947586717241,18.811238066647846,11.567275648641562,4.323313230635284,11.105579169292263,7.666655396472918,4.227731623653574
9499-3701,143.30748920997235,209.90421158760017,59.20558891142324,70.84300587202655,82.4804228326299,53.05178505680609,45.4598422798768,37.867899502947544
9499-6102,130.04021536977612,156.71538251241302,16.580888798142563,3.362258941272143,-9.85637091559826,-7.162561755392118,-19.376329941014298,-31.590098126636473
9499-6103,133.97467546569086,276.9146542874664,62.602024887135535,17.52628976085439,-27.54944536542678,100.38086281579646,58.68503082150005,16.989198827203623
9499-6104,164.89351077968809,248.76161703913948,40.61714758345799,19.376124796313917,-1.8648979908301924,6.584062750355264,-7.22231472064231,-21.028692191639877
9499-9101,148.49308086340744,187.41110198808622,44.19754761893946,24.936371844195886,5.675196069452312,12.29749331650206,-5.307878003850483,-22.91324932420301
9500-12701,126.17645151934973,134.78744168618758,10.955822597418999,4.683964701518148,-1.5878931943827044,13.461499367121192,7.188813070632236,0.9161267741432789
9500-12702,186.25356987234244,208.33815295200333,2.6765976288871225,-5.837773142936516,-14.352143914760154,-6.032002850919844,-11.218592039897304,-16.405181228874763
9500-12703,234.08290488163422,270.99755040146556,-57.093642752652954,-67.85020635037488,-78.60676994809681,-4.872081981757012,-8.973123954719863,-13.074165927682719
9500-12704,175.99849336801913,208.88243876102032,-11.74877992007384,-22.933478353986818,-34.118176787899785,11.014296772978007,3.4643588748477523,-4.085579023282503
9500-6101,116.63550077010989,171.65890553676374,48.23812838929971,39.56152553343559,30.88492267757146,2.816136046896675,-5.44594353851933,-13.708023123935352
9500-9102,136.71633958210273,151.09247899740635,3.4510145642765084,-2.223977317488566,-7.8989691992536555,11.041810716509437,8.79871825665083,6.555625796792223
9501-12704,139.82174545114415,167.5778743039048,0.3562944870915672,-8.886810566471793,-18.129915620035145,4.052977706243943,-3.6504439718845405,-11.353865650013013
9501-1901,127.44406290831637,158.8804727107392,-55.97407568050339,-46.865830629394935,-37.75758557828648,-60.77230147148827,-44.4970782466543,-28.221855021820343
9501-3703,76.07265081307538,100.55421769492965,22.03153121457419,13.80660762554973,5.58168403652526,28.915618754067978,26.05533311238872,23.19504747070945
9501-6102,160.98573389226934,212.4832695158142,6.722635404119397,-10.391290372665344,-27.505216149450096,-21.704823970915488,-34.151371860148394,-46.5979197493813
9501-9101,109.92481056715138,129.12361005831323,18.67953192795277,8.84898224494646,-0.3752283447033492,21.81436067656895,18.91811441463799,16.021868152707036
9501-9102,188.22795987786438,201.145279273293,8.201465787256396,2.616528832101619,-2.968408123053179,2.1541410169212307,-3.635178876427959,-9.424498769777133
9502-12703,191.73661820407006,262.54919725230707,29.15523184229118,5.11930490248502,-18.916622037321165,-11.821526299727623,-19.1034801836223,-26.385434067517
9502-12704,150.23719863384375,176.49383835216247,33.7072729807426,14.674908241645861,-1.49259880027103,30.069089449931308,22.39366267862595,14.718235907320585
9502-3701,121.21143753827842,179.48726229250926,-39.830227462589626,-68.62149473003439,-97.41276199747912,-75.75249537075489,-97.80828228079298,-119.86406919083107
9502-3704,71.03579679335239,128.01018555001795,31.393495650311912,15.512684721502733,-0.36812620730646173,47.41496671576337,42.141686167772434,36.8684056197815
9502-6101,155.2360542503804,197.22354724146948,13.776772537376214,2.6896415385447225,-8.39748946028677,7.217347825162871,2.4615655880448553,-2.2942166490731557
9502-9102,121.75190638380803,140.57265690805826,10.77619668863359,0.3357084480269819,-10.10477979257963,22.493922353035707,10.372683058501469,-1.7485562360327702
9503-12702,130.8953551875869,140.48562510243113,11.51812115985019,4.883927217748785,-2.8061656282690977,10.747316598047748,0.24753619043564248,-10.252244217176468
9503-12703,54.948379773107895,100.03547337998009,-20.53959380058747,-31.27657408013834,-41.954312236533795,-34.43122311567542,-32.71815264338788,-31.005082171100337
9503-12704,141.93640008314512,163.40804625220983,0.19411298335033395,-9.082118066054436,-18.358349115459212,-3.186888305889253,-10.053069704695297,-16.91925110350134
9503-12705,74.57541477607815,83.91107233650163,6.606647182654047,-1.480394670275421,-23.86439037753298,23.876304483080773,4.652258061881267,-17.83210058367488
9503-3701,310.9956328149493,360.9925572487974,167.24911647536618,140.6297319212375,114.01034736710879,160.83753420524474,127.31323849405129,93.78894278285787
9503-3702,,,,,,-63.68055331501847,-50.55831285872504,-37.43607240243161
9503-6104,101.95830587943807,119.14102909639166,1.7446794018391285,-1.9169731732809503,-5.578625748401048,11.15605754954419,8.580916544335038,6.005775539125869
9504-12701,208.57163636865866,226.8393572358921,17.51718932895446,2.875090789197597,-11.767007750559285,18.300947372582506,-4.5898941043949595,-27.48073558137244
9504-12702,45.073628716144704,77.22961647962529,55.19690462501132,33.54763519075206,-1.8479369332965496,41.44182177086941,21.06115889850507,0.6804960261407347
9504-12704,220.86635259563886,248.2354396448702,18.592245567100026,5.768453806054993,-7.055337954990057,9.393446263241096,-3.825476920993305,-17.0444001052277
9504-1901,125.38780766721815,139.12925932272523,5.671944447995052,-5.642403247280611,-18.77103010452278,22.526707904296956,10.740168948451013,-1.0463700073949158
9504-1902,268.28335696811484,298.61869538417886,-2.2223746542382288,-11.894346282405554,-21.566317910572902,-14.53646778779847,-21.782428634030108,-29.028389480261723
9504-3701,156.02689362393272,206.00249769303693,29.544284788799263,24.727490907660677,19.910697026522065,1.2470068036025204,2.4321660138546384,3.6173252241067564
9504-3702,104.2507108850735,119.77858445162765,10.666990618019042,-3.0358006207275006,-15.95814198475966,-1.6907824827891045,-11.660318130685315,-21.62985377858154
9504-3704,115.58337620368877,193.50937328697134,-2.038386014941331,-15.036070280895068,-28.03375454684882,5.450738278625846,-0.15726542419176417,-5.765269127009382
9504-6103,124.0792171220319,126.63075672508106,17.65458394731128,16.52015670285157,12.086520532128182,40.46069388923467,26.60346004634872,10.685146012316599
9504-9101,84.87311600517533,99.8982552275603,9.488851105726448,7.47238688265789,5.455922659589343,3.296069461879191,-2.3546670018376874,-8.005403465554567
9505-12701,252.8699128343537,277.66079925930086,29.567339916666004,17.168411555352556,4.769483194039077,9.1540289966675,-4.777298624221488,-18.708626245110473
9505-12703,131.54082560678614,180.423868772965,20.857767016932716,-6.13704685942816,-29.59558140682312,-5.787083572486065,-23.926473820339982,-42.06586406819385
9505-12704,104.16698245074006,117.24283064219794,13.095783302537658,1.1179603807625773,-10.859862541012506,26.63504786512289,17.76816868924935,8.901289513375811
9505-12705,104.86378236910053,122.30187611262568,17.319953278368686,11.042920075613113,4.765886872857524,10.011582110704293,6.061642973823549,2.1117038369427896
9505-3702,59.75932975728071,83.14962670741463,21.393102067802896,2.290979261689031,-17.04169909050004,36.83981860118207,21.550757824387833,6.261697047593608
9506-12701,188.43724735498918,196.26940846778453,24.839245294297122,23.068394979027936,21.29754466375877,35.99963879821232,34.20078689477641,32.4019349913405
9506-12702,216.6691559477167,256.1629107961562,30.541019987404777,10.687286231016477,-9.166447525371824,50.3938154670929,32.273169008305764,14.152522549518654
9506-12704,129.79672461707716,168.952060875374,-0.17226379186598792,-13.568223978258825,-26.964184164651655,24.62715428669948,24.0807043766738,23.53425446664812
9506-12705,208.40597377672756,287.2134429761708,90.69433169622569,45.94954688010309,1.2047620639804864,,,
9506-1902,53.8814400523784,107.42243906671814,19.978714277828995,-4.749261300616534,-29.477236879062076,-2.702503875991394,-13.945883746686473,-25.18926361738155
9506-3703,47.52383657660193,119.64068916446512,54.730858343298,11.758697263859654,-31.21346381557869,23.316150741243472,4.921933197365942,-13.47228434651159
9506-6101,84.29031767941261,98.30893617136223,-1.996106606266534,-15.675014516821992,-33.836290940710725,0.7208257287949213,-27.17285888133438,-54.277149264134344
9506-6102,138.60106046244474,149.70182805892418,5.834391644812478,-0.4964482040384306,-6.827288052889329,-5.395765180025059,-12.493579854341048,-19.591394528657048
9506-9101,326.76631960161836,337.51385028803054,18.292654298291033,15.235481955608249,12.178309612925466,28.442716501719364,25.195516690602723,21.94831687948613
9506-9102,141.70230429392112,157.20650894631032,0.6467859233330703,-6.675117913622626,-13.99702175057833,4.489235501910833,-1.4058788375419597,-7.300993176994745
9507-12705,156.12087419805326,173.3722111245588,28.913615695596118,24.450526478521567,19.98743726144702,12.030857922050606,1.405700392100029,-9.219457137850545
9507-3701,271.56783364602643,366.87249112412263,113.6098409349887,112.06938877041841,110.52893660584812,-19.047132003356225,-49.749599349663896,-80.45206669597158
9507-3704,96.87394861616039,120.23972969987018,11.8796278587282,2.1982487687591923,-7.483130321209802,3.990913412604052,-6.820303435033585,-17.631520282671225
9507-6102,62.866277429505054,74.39268725585235,5.527123237472376,1.901081032225996,-1.5322290411094655,9.6192876410177,7.94978478209661,6.280281923175527
9507-9102,157.8413803395988,258.4621000572185,43.7796455825659,18.04800893015163,-7.683627722262596,4.363524023178558,-9.35520002152114,-23.073924066220844
9508-12701,267.821162032446,280.99814437688445,36.672513568920614,28.843750905405507,21.014988241890393,23.14573850090544,9.095394101949601,-4.954950297006234
9508-12702,189.120151188763,255.77433565447532,-32.28157578938815,-58.545318847058525,-84.80906190472892,-20.102905516222368,-36.50633562653736,-52.90976573685235
9508-12704,213.7734095622995,242.17739811655258,26.07861486285458,13.340994691625735,0.6033745203968791,12.116404471842143,0.3389483111074892,-11.438507849627168
9508-12705,168.77557045305144,215.70463967143004,19.215171052849367,-5.173455067171312,-29.56208118719198,32.04556211022242,17.739078002823238,3.4325938954240485
9508-1902,,,,,,29.335081878333604,12.726613697136177,-3.881854484061248
9508-3703,50.398822863631054,79.24890831430294,42.20479753321759,26.47310257881622,10.74140762441486,14.755107784373013,0.8150818019132364,-13.124944180546548
9508-3704,219.97782664347395,243.66553579516102,16.734001032648614,9.679717198937409,2.6254333652261903,-14.718824156643532,-19.55821067957089,-24.397597202498254
9508-6101,187.43331034940434,210.71519255044498,3.1585149593025337,-2.6383104178356342,-8.435135794973785,-13.946641414615643,-18.459458741783223,-22.97227606895078
9508-6103,218.82621724368326,256.6994078986013,37.77343975705436,21.068163962958735,4.36288816886311,37.91970846194228,20.22423736192498,2.5287662619077094
9508-6104,107.64899020147921,160.83527784242193,45.65035848313686,39.3102293758655,32.97010026859414,9.984168724114932,0.46471906537210367,-9.054730593370712
9508-9102,333.6528293050436,371.1441476518845,16.190619016609133,1.4651843201327175,-13.260250376343746,-8.714265815274027,-20.787560678088376,-32.86085554090273
9509-12701,96.87619495277094,131.05762245846225,-8.136616900971053,-19.750828974176397,-31.36504104738174,-25.526491951288047,-34.429747011037676,-43.33300207078732
9509-12703,344.22943618968765,373.9823068099174,30.017189874104005,22.293373311395502,14.569556748686967,15.89803358503124,9.56430255635006,3.2305715276688405
9509-12704,69.26199571455005,96.99615920171345,12.96688482807988,-10.711685433974152,-34.3902556960282,9.439978370400858,-9.313561831904288,-28.067102034209437
9509-1901,86.84333186411624,103.81172315899174,34.435601006604784,25.355640793275107,13.270059949844313,24.402367284003045,4.7687666372077375,-14.864834009587556
9509-6104,117.86583296963884,125.80892934748651,23.988418023964055,18.966329350627753,10.26280964840332,1.810295872525734,-23.23199722185672,-48.27429031623917
9509-9101,300.0931878507249,332.8379890047812,-23.43012555615704,-39.35641540625996,-55.28270525636291,-10.958048007660562,-32.13542589644859,-53.312803785236596
9509-9102,122.05749817367322,140.29218028920147,5.925629090503956,-4.5769969525442855,-15.079622995592548,8.78336566866846,-2.535048228349084,-13.853462125366626
9510-12701,92.08571338401418,94.55985245345596,20.511976327014377,19.71683053516839,5.490357429170174,46.599540303289274,33.736332812205035,2.72963250264398
9510-12702,65.56473912594517,76.54073809069831,23.555610105528753,15.222358567314217,1.9173446893525439,24.91363810245459,10.461043701553248,-3.991550699348097
9510-12703,221.40011161130948,250.1301731655891,28.18948918003214,21.146531611534478,14.10357404303679,-0.3065802843130395,-8.181327934025065,-16.05607558373709
9510-6102,212.55431882767505,258.521383177825,-0.06999547484513388,-11.007347363598482,-21.944699252351807,-38.821180090508705,-56.191764261510194,-73.56234843251168
9510-9101,100.62280377417298,113.10715879282563,12.359346967696995,1.841352712383293,-8.582216844454972,14.011474512108034,3.559249620680093,-6.892975270747845
9511-12701,218.3318165170341,258.3862371729531,18.90783524764071,0.7253632173277258,-17.457108812985247,-24.904472332633333,-46.90621763311478,-68.90796293359622
9511-12702,109.1528976838645,127.55143776130309,7.282546645273312,-5.67414685133352,-18.630840347940346,-7.910834305576007,-21.588525540959868,-35.26621677634372
9511-12703,102.61976431315843,137.99152620231328,44.50121886149531,28.99141441868162,15.388569986009372,,,
9511-1901,65.58113778970493,118.96718490049696,31.63228184007738,11.265849926676674,-9.100581986724023,2.9818736764873703,-9.766870290939082,-22.515614258365538
9511-3701,152.8177441619141,218.73464355109618,86.88820030112507,67.64604207384052,48.40388384655598,35.227058833342035,33.69966940041697,32.172279967491946
9511-6101,85.97901163270906,122.93978227515233,-48.22567288434778,-66.32357231749461,-64.99348540140193,98.74856581985482,94.15824605618494,248.4444235516602
9511-6103,67.86257243412523,105.1966827180536,8.042084201911504,-2.814552203415358,-13.671188608742218,7.9274388793289114,2.7232405338470165,-2.480957811634868
9511-9101,263.59991522934934,306.6870214108746,48.870831154562254,34.79287892735162,20.714926700140985,24.588418083650932,13.557251207483636,2.5260843313162855
9512-12704,64.15971753504003,81.90907394999975,7.455251905464632,-8.318799315361044,-24.092850536186717,1.2688387756004447,-25.975265227374873,-53.2193692303502
9512-12705,81.07841673147644,114.0377560075836,2.3765812405967797,-21.475535301579352,-45.32765184375549,-0.4950465656514111,-17.68182412815445,-34.868601690657485
9512-1902,104.40920093850617,121.64865695329414,20.33179632855858,9.795749376904784,-0.7402975747490168,9.65460887871864,0.5863815165988978,-8.481845845520846
9512-3703,54.30053022121263,118.30176507044322,6.480343666880667,-27.436296146861338,-54.07714187750797,-17.475484737316542,-21.121594227896583,-24.76770371847662
9512-6102,134.813315036281,236.59754754891839,-68.3905560173286,-106.4991813766261,-144.6078067359236,-84.07750331568711,-92.98541395491978,-101.89332459415246
9512-9101,148.3645470532075,176.1463766922391,12.109423345890987,-0.9066827081366743,-13.92278876216432,9.592222673764002,0.08425084257575152,-9.423720988612523
9513-12702,167.7222104194716,178.62057867057024,7.345071450575856,2.09984319073517,-3.1453850691055263,26.367841281237006,21.388645238475895,16.409449195714785
9513-12704,111.32969083802516,124.90451777722804,4.323407281902972,-7.4948788208721435,-22.22542475074781,-2.169887414860108,-14.496278536314584,-26.822669657769055
9513-12705,129.72010346069715,152.80576501529652,-3.3860019201911395,-12.228245404397933,-21.07048888860473,5.005186220376724,-1.033375009943026,-7.071936240262773
9513-1901,75.84986969815154,146.80796370942159,11.967076428714286,-15.134935597964278,-42.23694762464288,-11.274407445025421,-30.38486666637845,-49.49532588773148
9513-3703,262.73629420043454,275.12807216563857,20.83918031582695,16.836555692184774,12.833931068542626,37.50933390360533,33.03465571552551,28.559977527445692
9513-6101,60.57100475162593,80.46374283001896,12.198847536905681,-5.75650134879434,-31.28959918207391,-43.259187415415695,-62.61179502122588,-81.96440262703607
9513-6104,157.60235849859626,239.23060477689208,109.82346741494511,65.25012560628772,20.676783797630332,78.08091565849031,28.532399148881343,-21.016117360727634
9513-9101,123.04976466328164,151.9752686324549,35.541436187929435,11.775567891870713,-13.100893923593807,13.534992162954987,-13.02585757246303,-39.58670730788105
9513-9102,84.05050498896215,97.86483770216239,35.19449589235809,31.80308909534621,28.411682298334345,20.366204498462192,14.45646464584352,8.546724793224845
9514-12701,162.89327564049913,171.18064459776278,6.6908361760120645,1.5163518761431638,-3.6581324237257475,16.68102297450937,8.607820245731467,0.5346175169535614
9514-12702,87.06250000099227,216.3351954584621,-85.95149349821975,-97.14015458099048,-108.32881566376125,-200.9529731395967,-201.94403206591042,-202.9350909922241
9514-12703,49.900609759604436,92.83041206312483,-22.53356321532568,-31.69495832266703,-40.85635343000837,-1.8983682710801206,-6.81308715916402,-11.727806047247919
9514-12704,106.29637272737342,126.29435993659821,15.922506286507147,-1.0166657704030901,-17.95583782731333,4.17508317676888,-10.227947218287063,-24.630977613343003
9514-12705,136.91429049308917,157.2144342672376,12.33980920060898,4.994289553192423,-2.3512300942241353,-2.847501849201347,-9.226215183884623,-15.60492851856788
9514-1901,235.17228911154572,306.70750619905516,302.6812149049312,384.3500141560676,466.0188134072038,69.17781922777394,76.56151754404085,83.94521586030775
9514-3702,140.072394243465,166.10121483244424,-3.1701169803007407,-11.8215949589731,-20.47307293764546,,,
9514-3704,180.19758289174885,232.06949302903158,-3.2114448472181056,-17.139746823985263,-31.06804880075242,-6.156859519230446,-16.135092603593115,-26.113325687955797
9514-9101,115.4409977440117,154.7690591232332,8.102277752923344,-10.061424676696252,-28.22512710631585,-4.014296720090821,-15.548505908428558,-27.082715096766282
9514-9102,55.389156698924026,173.16217096638235,,,,,,
9862-12703,75.37906711941149,110.35541077871763,-10.438475162549253,16.802155243541787,44.04278564963279,-22.770606938320128,-4.950892726216057,12.868821485888022
9862-9101,74.74279140943673,97.80691455117044,29.811854175230096,9.913272306011297,-5.188896465266183,-2.203203909284386,-18.754460599013903,-30.18422794929676
9863-6101,154.13401228769925,183.10809202691885,18.467913233812276,9.526025393870881,0.5841375539294854,23.36725532869037,19.007809320473285,14.648363312256203
9863-9101,97.80125660626129,110.11592456690417,19.180550588258082,10.652441041620904,0.40330700969871247,44.84904924112383,35.2789018246471,25.708754408170375
9863-9102,87.4736300288912,106.14693262814384,11.276698311983115,0.07395307206067055,-11.128792167861768,-1.5833733726149615,-10.875230758544273,-20.167088144473595
9864-12703,110.03636048552711,121.44835485049747,17.35088310259517,10.205408811576964,3.05993452055876,26.908922791856973,17.344246478709724,7.77957016556246
9864-12704,213.3521170392313,274.00118093180896,35.30613837027443,14.591182584258434,-6.123773201757569,-24.859133302193534,-45.149021343710324,-65.43890938522715
9864-3704,128.31433953242296,173.76789137762813,35.234449804692645,13.804590437776186,2.799328793189008,67.72068366428675,74.19091533352106,88.04568288823168
9864-6103,121.87512961420495,154.06744181119416,9.96062565655522,-3.593882634765368,-17.148390926085938,-11.797139361877315,-27.442841834422545,-43.08854430696778
9865-12701,133.28622085575358,164.31006595749344,38.717334572692394,24.768323390111863,11.669314530909476,2.184564757053117,-8.331562487167618,-18.847689731388353
9865-12702,108.23809454893245,118.59797483669058,3.738940908725803,-5.371894816809199,-19.31049567138689,19.71924378851036,2.190729371051702,-15.337785046406966
9865-12704,93.79333653005996,138.81169509484192,31.507417872416884,-8.217833990702422,-54.00325547154063,31.829128189851897,-9.346206081196508,-50.521540352244955
9865-3702,,,,,,-16.726947860489027,-38.46364011971229,-60.20033237893557
9865-3703,186.44536829397632,227.66649297042161,5.513417537362088,-3.768361215638557,-13.05013996863918,43.91653114953715,43.89622501988172,43.87591889022626
9865-6101,53.11706054676365,58.554331274260846,31.643947807559332,31.437238648779402,26.242646025479903,25.545655614672715,17.116097727071793,6.999931525464215
9865-9102,107.15071816842391,128.80656599860717,4.168209217952688,-6.529349654749888,-17.22690852745247,0.6021236528057535,-7.792753100154551,-16.187629853114853
9866-12701,218.05330643578935,231.54790035191277,17.449127845253386,11.258424201772383,5.067720558291398,16.862899623828124,10.278971896474502,3.6950441691208784
9866-12702,154.7155409030312,171.74675149489607,14.103963655345579,5.872756296104371,-2.358451063136834,24.715923212827224,20.072765353153702,15.429607493480182
9866-12703,128.79451145795537,142.98088071973956,13.740495770726634,6.273680898005675,-1.1931339747152943,2.8583937455244093,-2.844949360927034,-8.548292467378479
9866-3701,120.48538027403671,184.428348387895,34.786484905768454,15.241176875675432,-4.304131154417605,10.875769375848334,2.7805246128894234,-5.314720150069514
9866-6102,327.5866029901151,386.4990398374197,31.833283408130335,8.96260619350163,-13.90807102112708,15.201102049289478,-5.648248962214255,-26.497599973717985
9867-12701,51.70543874801526,91.94288234350299,24.71060094987916,-4.536990095666634,-33.784581141212435,12.938517763265647,-5.5710939871648195,-24.080705737595284
9867-12702,134.645670892864,143.2128638014542,5.135947743751191,-2.1513036326611386,-13.73714789822371,-14.211250695504633,-23.993697067916187,-33.77614344032773
9867-12704,152.5255378612123,163.1433852369134,9.844350268959573,1.8982527813935388,-6.047844706172484,20.574237993082104,13.69906629331595,6.823894593549795
9867-3703,92.81838026000328,125.70687099571315,15.84916260370316,-0.4636362465308124,-16.77643509676479,13.069420536095055,-0.3126128571298242,-13.69464625035473
9867-3704,114.83794361298399,149.12349983528458,31.666686107078128,6.487753203284108,-18.69117970050991,10.905803626024692,-11.224582500336975,-33.35496862669862
9867-6101,291.6308251568144,319.1595201998519,21.651682535254743,11.7431807953149,1.834679055375078,7.147899358854398,-2.7396581877433697,-12.627215734341162
9867-6102,165.57863070801295,242.8858026932628,1.143452316472921,-34.981870829836126,-71.10719397614517,-23.899344596207918,-70.96160983980806,-118.0238750834082
9867-6104,170.6783277823865,212.31863041906985,40.17342348984333,13.145623866840069,-13.882175756163187,59.90816798804726,33.42613733521105,6.9441066823748345
9867-9101,160.90698865833608,184.00227261760753,17.117716230773166,6.133728837159425,-4.850258556454291,12.646251148586005,2.489775801647295,-7.666699545291411
9867-9102,135.8693211380355,161.0223609531277,-38.06448170222213,-39.943536465664636,-38.18643547571281,-11.595655174013158,0.5390433088919552,12.673741791797081
9868-12703,68.148569901998,80.9358719821582,-3.4783335626596523,-13.871920828339187,-22.18235861387508,-26.657973972004097,-31.879207277236443,-37.100440582468785
9868-12704,21.47038562484394,291.4284792354172,346.56303615355324,228.26243609157078,109.9618360295883,,,
9868-12705,230.31834465051182,271.37224100328865,2.2399620317991746,-12.285559974230118,-26.811081980259424,5.665922657365639,-3.621493045191027,-12.908908747747693
9868-1902,65.61362281678986,90.30327216016708,-26.355549979013563,-40.44677071915293,-54.53799145929229,-35.686053442195714,-43.79463853286368,-51.90322362353162
9868-3701,70.33814900163378,87.86695587618733,-37.625368933011146,-57.26066848777559,-74.13396160682831,-58.05584803402178,-70.23838232984099,-82.4209166256602
9868-3702,76.5380578353058,97.8826256343476,-6.821534285262896,-19.9232172342422,-30.698529264673628,-45.66759693622094,-49.15938918010453,-52.65118142398813
9868-6101,133.02513139555765,151.49558798426165,8.45198816775451,-1.7109077708466052,-11.873803709447722,-1.8288709799949197,-10.394861093509684,-18.96085120702445
9868-6102,179.54356434878204,207.55977234115065,0.7510781084919586,-8.80054792835304,-18.352173965198034,-18.170186016122532,-25.856764486431235,-33.543342956739934
9868-6103,26.301302963764112,125.58099549658445,66.40941858060084,-0.9157994123877662,-68.24101740537641,25.78876696944311,-26.060031300690415,-77.90882957082391
9868-9101,79.5593393703433,97.85250781247288,11.568937946429934,3.2543835881175567,-0.23745718277124978,3.556553681370534,5.3067723046085336,7.056990927846515
9868-9102,343.2214421357142,359.09353815000367,13.728947871362962,8.889477580280007,4.050007289197093,15.71822283816936,12.975926561862273,10.233630285555163
9869-12701,86.33722027446754,103.87497391350828,8.088549643409344,0.22833062388784303,-7.631888395633665,26.134323116534574,25.53059558313918,24.926868049743785
9869-12702,179.3333383295129,212.22204602570716,19.675328590424346,10.315414190612321,0.9554997908003027,-10.216180969536566,-18.707457408601318,-27.198733847666073
9869-12703,234.78850334911957,255.27771355735243,1.5472922981219996,-5.986936975426585,-13.521166248975165,-9.950918199353248,-14.774355030689353,-19.597791862025456
9869-12705,103.772320728067,134.53886662844812,-9.233684894792143,-24.603876972495872,-39.86719912249654,-0.5100859014921957,-11.46845379519826,-22.42682168890431
9869-6103,111.70028095066226,139.39065921518525,23.83421865030348,9.187009867342923,-5.46019891561763,18.520680504422447,7.189701946004736,-4.14127661241298
9869-9102,14.506469376452271,109.68013948937187,-109.06328248404178,-172.3743363526833,-235.68539022132478,-107.58834626602815,-122.48237726022704,-137.3764082544259
9870-12702,58.558240125449515,91.83661098055626,21.54636537065193,-9.109796858360934,-44.37036052700009,-6.5278009933592,-26.70859151187614,-46.88938203039307
9870-12703,225.87696760519066,246.35545684673892,4.0015043541946005,-0.7889010838028765,-5.579306521800367,-5.542670631601788,-10.607977181148147,-15.673283730694491
9870-6101,87.25959738877455,94.43818262041437,10.778176524711357,6.727224380545098,21.614433346105454,,,
9870-6103,161.52112423541425,197.9187729314962,17.525799410524105,5.880252808918471,-5.765293792687185,4.578320003734493,-2.667369282912076,-9.913058569558645
9870-9101,206.88885709808588,225.77513760672855,3.9181965680575845,-3.223023216719779,-10.364243001497142,-1.8680974545874531,-6.960946459412634,-12.053795464237815
9871-12702,279.35529023123615,298.5591170102956,5.333245794018116,-3.139904128523737,-11.613054051065589,-43.48985997108207,-51.3793883671113,-59.26891676314055
9871-12705,168.68482964270407,191.65818293736123,23.526796291250484,15.563830936598611,7.60086558194672,22.434953607283543,18.5324889103783,14.63002421347307
9871-3701,38.11747489601214,63.9082994899803,30.49169387563583,9.984006659694826,-24.882678446584432,10.304451625761404,-16.198952549888855,-42.702356725539126
9871-3702,131.58335465686528,155.50528467407054,20.972227948238785,10.518632491096323,0.06503703395386166,9.267396824796762,0.38641197962587454,-8.494572865545013
9871-3703,60.30821568378933,83.49079446355569,10.341354690268135,-5.476145422319459,-20.851912744550607,-4.1179100577166,-15.312366538628776,-26.506823019540946
9871-6101,115.01754458010136,138.5576984995517,36.70171627550829,20.477106216576356,4.2524961576444245,23.828434781518535,5.464837404176184,-12.898759973166168
9871-6103,78.85204101120515,90.69531542875738,13.574230729209543,5.360215414136762,-4.229494862639528,6.8487771583376835,-9.772204593505089,-26.393186345347864
9871-9101,69.14522201690495,104.5595951966869,-9.802623279444928,-25.06840582347245,-39.44087619028424,-33.24928529962141,-40.68274862716077,-48.11621195470013
9872-12701,82.498978721152,93.42222754144255,-0.7074970043617983,-9.716982527709668,-24.522520592861994,-86.28742219000391,-110.37973691559961,-134.4720516411953
9872-12702,94.03513656045041,112.11782418807987,2.162185772389749,-10.678105841195794,-23.518397454781322,2.733961429037812,-5.080060143731425,-12.894081716500677
9872-12705,190.98277063283513,224.32423946145022,0.49607281081331167,-11.636233207805503,-23.768539226424334,18.693007212560158,11.80306252890769,4.913117845255227
9872-1901,74.21064984523694,82.9972794484668,-8.89460929403586,-12.402142173852166,-16.80233081314476,-3.6964855039563216,-9.977994127178054,-16.25950275039978
9872-1902,,,,,,6.43953036452863,-4.601867158864228,-15.643264682257087
9872-6101,102.11199261733195,104.96524318382136,14.618227434748933,11.918367873151285,10.77324652980754,34.48504025348063,24.563568774490047,20.934789268824783
9872-6102,63.41308913378787,85.76731659814205,3.1143311066764383,-19.984139918965052,-53.127487444182435,6.6118666172041305,-16.445252687649404,-39.50237199250293
9872-9101,264.7832601628918,282.3276377823075,10.961170370189713,6.487987909151531,2.014805448113348,-11.607211428012398,-17.0266245236914,-22.446037619370408
9872-9102,253.78216641338585,270.5484555321922,33.96799774441654,28.25082873183936,22.533659719262175,6.9044134903577925,2.107645815559019,-2.689121859239754
9875-12704,232.03362432199927,261.2823064608753,35.07028188809251,24.97041978466556,14.870557681238608,132.5147922108271,126.77307030223376,121.03134839364041
9876-12705,58.87348916122755,75.34017821366622,33.43778858691418,21.812200075087123,7.2763447871451215,64.93713239355654,59.37211965365556,53.80710691375455
9876-3703,50.97784248369595,74.0134483273313,-8.260860669131427,-30.566196956919462,-52.8715332447075,-26.081360515349427,-40.48678446616281,-54.89220841697618
9876-6101,58.6591194989865,70.84274545933913,4.3667962000666085,-2.3278159091973465,-14.458317701705283,-7.911203057463811,-18.938880351257694,-29.966557645051566
9878-12701,117.43669316955523,123.22015855850863,7.685516552723773,3.4476386162964032,-3.494432432664288,-30.63087593787389,-40.32385900000823,-50.01684206214258
9878-12702,214.42532721160495,236.4392096330401,17.662557468073683,9.543706855823492,1.424856243573305,-12.27412177789294,-22.957260897581524,-33.640400017270096
9878-12704,113.48270694070119,132.51064234241247,2.4776632050671563,-6.729580537659242,-15.936824280385641,8.107274896148079,-4.233249869464706,-16.5737746350775
9878-12705,199.88532611853182,215.39979997261446,9.342658594604277,4.536937401673332,-0.26878379125763124,8.164696672042579,3.784970804722826,-0.5947550625969256
9878-3702,109.90098651444899,129.25169047755105,19.175902556174805,5.632386207305235,-7.911130141564336,13.469068468267388,-2.163656906556569,-17.79638228138051
9878-3703,157.63535138963798,217.15246013691058,-36.60449415697243,-25.76663275349514,-14.928771350017879,-47.84834013755172,-27.601859096997565,-7.3553780564434
9878-3704,,,,,,9.492149112250718,5.311217435690942,1.130285759131168
9878-6101,339.5788802595026,372.5752519289582,25.220640939535752,15.8105268498427,6.400412760149645,-31.268606367181615,-38.59941893590315,-45.93023150462467
9878-9101,72.66893086969759,99.22746668613186,25.933525809106772,7.628996707067581,-10.675532394971622,21.140610019607088,10.403199557892497,-0.33421090382210217
9878-9102,95.09837492970601,110.39131371262285,5.615153148121835,-5.384282047270446,-16.38371724266273,-3.782814180977941,-13.58853940879502,-23.39426463661209
9879-12701,187.08678688787464,247.96458965391108,43.757885398808284,20.519167655642015,-2.71955008752429,38.58114939253326,18.969085039411357,-0.642979313710548
9879-12703,120.86353344801819,144.86999795726248,8.003489400873388,-1.2944428866265292,-10.592375174126456,14.757288772613679,10.822607335730435,6.887925898847196
9879-12704,172.69521404963433,190.03546278342432,2.69647599100157,-5.507396371648023,-13.711268734297617,-8.72746947345269,-16.90189980021053,-25.076330126968347
9879-12705,77.70753239969886,77.70753239969886,10.214617621752254,10.88082988654107,-3.4326106235526157,8.541761136578536,13.032299145437367,-3.188208566416848
9879-3703,90.23636913787664,112.67360613307972,8.040373138002426,-1.57134591785951,-11.183064973721446,7.090452139758071,0.9745648043197581,-5.141322531118555
9879-3704,86.27676929022006,102.64506544435841,32.181011330183146,24.10270390339385,13.604838285223192,30.265606646824533,19.176531234549277,8.087455822274013
9879-6101,51.367613077912516,68.52934828399376,-2.8664247851705684,-22.02791404567839,-60.187895424867655,-13.447890956070312,-50.40875476889342,-87.36961858171651
9879-6102,165.54957537614845,190.14055883436149,1.300557439888997,-6.383307888230267,-14.067173216349511,24.304678631439764,21.542618552110987,18.780558472782214
9880-12705,154.0825870286082,176.1574766210521,139.68844636122208,134.32122124135807,131.99787313388268,155.64023729504888,155.57804773033985,155.51585816563082
9881-12701,144.20004565300164,162.87942924232883,15.659384626959753,4.270535630073759,-7.118313366812246,3.3343741958466158,-3.98001385467249,-11.294401905191577
9881-12702,194.20210122084808,216.7362179713563,12.5562786765052,4.555369262186567,-3.4455401521320663,5.463523667452525,-1.8849432938598114,-9.233410255172169
9881-12703,279.02923976633423,303.9776243532147,,,,,,
9881-12704,95.38977934242467,143.59857691282585,-23.754543366593943,-46.6373711693585,-69.52019897212305,-27.58186822910368,-38.35488213868354,-49.1278960482634
9881-12705,153.41525208040485,173.8824077647986,1.3967052979338082,-9.442216781309765,-20.281138860553348,7.827248514260319,1.7194279289360428,-4.3883926563882305
9881-1901,94.91644910250807,119.68001910939947,0.5252132958290067,6.090190377268836,11.655167458708666,6.189538483506473,11.127361671839905,16.06518486017334
9881-3702,161.55769708349084,182.58698286188726,6.129741294683651,-0.7409090684003807,-7.611559431484406,-4.556364480719,-9.19760031298097,-13.83883614524294
9881-3703,152.7221584642189,197.5288106388527,-8.795860235132949,-20.024102146792128,-31.252344058451317,-22.940141855756973,-26.62294925958154,-30.3057566634061
9881-6101,196.6050859225872,250.3195036372679,39.21826047780521,31.20562498382382,23.192989489842457,19.544270385006786,12.201415127611016,4.858559870215245
9881-6103,89.43675735688963,297.61933560175567,201.02746074611585,58.85417461604173,-83.31911151403244,80.89097099618574,-66.13483474269373,-213.16064048157324
9881-9102,96.36967679597382,104.12954926611984,-11.573081494256213,-13.30365082641857,-25.949190224787483,24.56509596629452,16.771324380456775,7.7010724410689
9882-12701,112.58343474016694,131.06295432929403,20.52443968336208,11.577827877716597,2.631216072071119,25.008955801489652,18.41364824589974,11.818340690309826
9882-12702,186.3113703283477,200.87880855836278,-0.06757593105866513,-6.648925838690828,-13.230275746322993,1.3195849878620853,-2.851843854484341,-7.023272696830752
9882-12703,159.6347469223799,177.3900368159913,5.93757321614214,0.34723693603577366,-5.243099344070603,3.097734455300839,-0.3612033400523397,-3.8201411354055206
9882-12704,84.80862047347273,94.9876270177351,23.98500738527903,16.139438072225598,-11.800754056133044,32.12511034346858,12.662286414816268,-13.789368056301507
9882-12705,193.14267272668124,211.52007995645596,4.085598222907248,-4.240654644967809,-12.566907512842866,1.7288039639128687,-5.258610503639335,-12.24602497119154
9882-3701,224.23935988726504,266.8681273876766,-87.4318388302108,-72.06827641649942,-56.70471400278802,-98.68853318155128,-92.21595714538391,-85.74338110921654
9882-3703,119.38530310374307,149.2742234456656,29.68375477946763,27.138311488886952,24.592868198306277,15.075037763526861,14.593536794933998,14.112035826341122
9882-6101,86.977414744349,95.59487623928749,8.644955020755122,2.5132581467979573,-6.606419759396448,12.071699731453934,4.441073903819736,-3.189551923814456
9882-6104,119.78350797189411,136.04168960288612,50.381071230543405,58.55792132890678,66.73477142727016,36.41281336159789,34.846324445364154,33.279835529130416
9882-9101,84.52490450825384,253.7474971347172,246.34639980651446,174.35811892919975,102.36983805188504,85.57507029529303,18.747553133374463,-48.07996402854416
9883-12701,68.69189118296902,114.65418248035208,-23.952103779577385,-24.99113892079442,-26.030174062011444,5.186662442358023,7.665957124567509,10.145251806776987
9883-12703,242.3597038326678,275.5984476935142,-46.893837529250085,-59.28892008092025,-71.6840026325904,-12.051206484929331,-19.22445965163094,-26.39771281833255
9883-1902,,,,,,6.939640407225138,1.8339513523059425,-3.2717377026132506
9883-3701,126.72674801517675,152.9651938536318,4.38371382140404,-4.508495414447039,-13.400704650298117,2.1754373209760973,-4.373874758434739,-10.923186837845575
9883-3704,76.99365201859605,76.99365201859605,11.485942556726032,15.836340747210158,4.1708710613657685,12.069350156927397,12.220789995784934,-14.271711997273606
9883-9102,158.47529761246025,171.89111508858957,-2.3813781587517977,-10.610517472568759,-18.839656786385717,-11.448978643997227,-19.51080737829183,-27.572636112586434
9884-12701,176.79946809555864,202.5336216556879,28.760392462208525,22.385585153520516,16.010777844832504,29.372430494590414,24.58349075482689,19.79455101506336
9884-12702,287.4614984826723,301.7504501212244,10.558119998185065,5.6268718512370315,0.695623704289021,-12.436187898494602,-17.862825817188835,-23.28946373588307
9884-12705,146.74805978193308,178.666472020265,42.88039620330766,41.22116242262263,39.56192864193762,22.574191170456263,21.74470269952556,20.915214228594856
9884-3704,192.2941945721788,239.28167930204887,-26.17946093620868,-27.79014730888244,-29.400833681556193,-28.6434439955668,-21.409373770017957,-14.175303544469081
9884-6101,215.8317959709507,270.2845151266138,99.74150956680641,64.54728713092089,29.35306469503539,164.60037483532145,97.13928316482018,29.678191494318913
9884-6103,282.6010345605908,306.07540680703534,19.400220749369435,12.10389132613279,4.807561902896127,19.418633310724875,13.79644128446121,8.174249258197573
9884-6104,314.7566724597902,358.92943000335214,21.292903956378826,6.859362106403974,-7.574179743570839,-18.660458413251035,-28.749207251690812,-38.83795609013056
9884-9101,165.66317186401702,208.28558024891504,8.655959244606368,-10.93351150029261,-30.522982245191592,-0.615154276952355,-13.823519408580411,-27.031884540208488
9885-12701,129.37138703105416,144.43536966383527,-30.14150904597268,-35.341409717011594,-32.635092156640106,,,
9885-12702,45.16964114460601,45.16964114460601,23.675229215082123,23.675229215082123,-30.693801777586202,,,
9885-12705,194.5601996646254,219.34338619782193,17.086938029777585,7.789868740677594,-1.5072005484223832,2.4865590748765247,-4.969903627375344,-12.426366329627209
9885-3702,108.1421735599219,123.79085051277227,32.23560865922312,28.402159568007722,24.568710476792326,27.101911669499863,22.023809874575477,16.94570807965109
9885-3703,172.81178354247123,214.87987005155222,18.4031941250329,5.335016835289435,-7.733160454454048,5.214146387853356,-5.2847216130663615,-15.783589613986054
9885-3704,126.61030446337867,141.87467687753136,11.63995299825852,6.900352654010759,2.1607523097629944,-14.226239709131471,-14.34812342186555,-14.470007134599626
9885-6101,42.21943628670364,70.02686152244365,60.914964964845936,52.1395499191806,43.36413487351529,19.18943181486018,11.852904282271469,4.5163767496827685
9885-6103,100.42090175838015,111.26972222856811,-3.0784260318711696,-10.133711687155703,-17.343699282395445,-17.902390848371986,-25.215847734193865,-32.52930462001574
9885-6104,198.2221411152231,234.9173223489652,11.62883210115702,-0.9589981212964774,-13.546828343749976,10.031137604841945,2.415116134836207,-5.2009053351695265
9885-9101,64.57485241009232,78.35941214631157,7.881689173770541,-3.1441884207679434,-13.796414569589627,4.6597944622756415,-5.627848596884382,-15.915491656044402
9885-9102,100.30307173946842,102.69452984344979,18.683838620172406,18.69057450119726,11.519303136822854,20.612029044919336,10.685235921776531,-7.294253250614455
9886-12701,140.6655019240455,150.17839128526387,13.828677011448265,8.859557427213112,3.890437842977958,2.329041908829714,-3.0308631328188906,-8.390768174467494
9886-12702,126.5970654405072,150.76091575171665,67.17090751736283,53.24133704420108,47.72784630467728,21.506633302048492,24.556154114168116,30.078616916926247
9886-12703,100.22758491722426,105.70555680547427,13.556262498150023,10.103021602808315,-3.419019191934269,,,
9886-12704,79.68799649353572,106.40726840263716,3.19208173544105,-19.50193114604222,-41.97543895045794,-10.746522541217148,-29.615010201489632,-48.483497861762096
9886-12705,141.59985086001024,158.8002335177204,20.697997868095765,13.330730522577435,5.963463177059117,-29.447721552115794,-37.73447640424269,-46.02123125636959
9886-1901,211.47499933185713,256.2177889770619,1.7112962118858754,-18.896918847110417,-39.505133906106714,,,
9886-1902,,,,,,,,
9886-3704,188.35973769568835,201.2868675946817,3.574726077796669,-1.2684925316144717,-6.111711141025615,,,
9886-6104,134.31635334113292,180.49739306325708,11.18037857639247,1.0002171289067043,-9.17994431857908,5.896093784406081,1.0775557243664748,-3.7409823356731113
9886-9101,69.79637731363795,81.3008108737006,24.86196835446411,17.440850007652262,4.5823440476786335,31.732753278168754,16.301433266544674,0.8701132549205978
9887-12701,134.24146078369102,166.0110604345436,1.964943161296215,-9.530415510855203,-21.025774183006614,-3.378680242010438,-8.1676310815218,-12.956581921033152
9887-12705,238.8894170206623,278.54273081392734,31.668860264966817,15.683508583374913,-0.30184309821698896,12.663467719603135,-1.4189277485952507,-15.501323216793637
9887-3701,124.4050770422221,153.89007741064756,5.50463261371539,-6.931195802637963,-19.367024218991332,-3.573143559558376,-12.395189297824313,-21.21723503609025
9887-3702,220.29546515247165,273.2545386598015,12.595054047600042,2.2033827978113103,-8.188288451977426,-12.351965816488873,-11.752708147181758,-11.153450477874607
9887-3703,353.1675053602603,382.04630245295755,19.727024615204353,10.002393652393918,0.27776268958344774,21.90911207453456,14.608659213273691,7.308206352012781
9887-6103,66.44527453557066,75.60611651249208,15.783076771018317,13.307069199309636,14.223624450498544,34.125388391982625,30.667939822717937,27.775402177079314
9887-6104,103.86769974064573,207.11069638850827,-49.651806017316666,-134.80875761399716,-219.96570921067766,-137.8986399628856,-216.07759669954817,-294.2565534362107
9888-12701,238.5053439364664,268.2867117049369,5.360379072915067,-3.4149646075287974,-12.190308287972632,23.084834804059366,17.285693165146657,11.48655152623392
9888-12702,160.44678458579406,209.31963214210595,30.9046590870536,8.084152606576543,-14.736353873900514,-3.5466881395916383,-17.694222901998987,-31.84175766440635
9888-12704,131.97864448411113,151.13279602855545,19.232149828108074,10.9763943765364,2.7206389249647196,-3.3059564129176744,-11.685059055137565,-20.06416169735746
9888-12705,178.69728509480842,212.37102249967086,28.219249409805368,9.141857028751573,-9.935535352302223,25.763700810260314,8.976256671299224,-7.811187467661872
9888-3701,185.88194342021427,241.5982357922278,14.357386459643438,-1.4159101353272487,-17.189206730297943,-21.703339330410092,-31.604766183479313,-41.50619303654853
9888-9101,147.56103103874196,180.1356759460406,9.321169119813987,-0.7314065166992283,-10.783982153212447,21.082470497171872,15.067673600307984,9.05287670344408
9889-12701,279.5072200531937,306.1533415553415,12.936616226652918,6.0806027656560815,-0.775410695340755,23.176060178607486,17.862997211217035,12.549934243826582
9889-12702,159.0809691545901,196.09764258760507,1.4154164342890694,-4.153059263520888,-9.721534961330871,65.36277677366562,57.312723717303065,49.26267066094052
9889-12704,109.79802505062052,131.1197943268565,13.705154482192007,3.1377623665529835,-7.429629749086028,17.020949428395944,5.6273774859026675,-5.766194456590607
9889-1901,49.40284233713323,113.33576131154764,50.6529820612348,16.45308219331141,-17.74681767461197,21.174121603455216,-6.060549496018787,-33.295220595492786
9889-1902,92.56070308662437,142.7013275581269,42.672132340828504,23.41919773569421,4.166263130559937,41.01276899042793,25.502002213428803,9.991235436429674
9889-3704,174.90597571642215,239.8158803763051,98.02097110038999,105.4189240760376,112.81687705168521,,,
9890-12701,272.35070818230275,293.06596882411003,11.54116836645257,2.3106418291539517,-6.919884708144643,19.611905777860173,9.3635784322465,-0.8847489133671669
9890-12702,203.11901588383236,219.4628861216188,10.78607970567574,4.193477450555764,-2.3991248045641904,16.66738777463193,10.012128046909382,3.356868319186833
9890-12704,202.35597296140196,235.49999676844058,5.871172928585837,-4.718413918550308,-15.308000765686463,-12.731578542031885,-20.26703846038248,-27.80249837873307
9890-12705,67.93559834085168,85.66360552797354,21.278019987418713,7.769131086157993,-19.62370427885158,12.914371887497872,-25.78540028669809,-64.48517246089403
9890-1902,104.79201705286057,108.57778597181967,7.700231062786382,6.630714445043212,1.1247146834559993,-16.414233932229447,-27.126190887499703,-38.656391066709034
9890-6102,291.60158423976867,320.1156811839535,30.10581401346625,20.264003624272153,10.422193235078048,8.088160709446191,0.6235096063761623,-6.841141496693869
9890-9101,190.29855901394532,234.42591002400863,,,,-6.8777158147563755,-20.3739276363398,-33.87013945792322
9891-12704,189.03459903863745,223.23528515843623,-21.77865879290582,-40.209620940251334,-58.64058308759682,10.227041572715397,-3.698658766668449,-17.624359106052307
9891-1902,248.85672393416044,279.8128355277571,5.533347658888521,-2.473431518103555,-10.48021069509563,-13.582958420932808,-21.196867603468174,-28.810776786003533
9891-3702,217.1194450261072,278.12056312078664,-116.12096883048746,-162.68239855249837,-209.2438282745093,-74.74276696969895,-152.23848303040214,-229.7341990911053
9891-6101,299.83966723672467,361.0916059606936,79.49627253372772,46.21652779933446,12.93678306494125,61.4857739300431,22.226444844794845,-17.032884240453424
9891-6102,60.79370496932295,116.92351258902396,21.683167386428977,-7.5593461142580844,-32.08145022819509,-5.775669110782512,-16.967560703712348,-28.159452296642204
9892-12701,122.0693932034892,135.62698490843025,17.328536692713143,13.319447389317558,9.31035808592197,10.419539981438023,5.335648254691195,0.2517565279443678
9892-12702,18.623823940819292,179.38558152718284,294.68332926984664,393.0864590612247,491.4895888526029,419.65079672137034,483.5892296815652,547.5276626417599
9892-12703,115.44869301551974,121.75545269271973,22.243384315755662,19.829830715565055,17.416277115374434,19.80982394212272,15.259794631008306,10.70976531989391
9892-12704,147.28775534342313,171.33704640574243,13.653526740769905,5.408785438017157,-2.8359558647356033,4.278828262593593,0.1826522296600236,-3.913523803273543
9892-12705,111.63685459017854,119.00487555153774,3.2225291709516384,-2.589663050522543,-13.372396159192586,6.594305227878245,-10.017852420849318,-26.630010069576883
9892-3703,157.3592260343402,208.0286585239627,-0.5625363725468279,54.987509206807985,110.53755478616277,6.483711815588439,14.044080461923937,21.604449108259455
9892-9101,143.2543991482474,172.29141034302714,4.133574789636584,-5.796940588076706,-15.727455965789986,2.875480763671183,-1.9134688905824435,-6.70241854483607
9893-12701,171.77693393363114,187.50792146370128,9.253058617200578,4.064500726700498,-1.124057163799584,19.852587391224358,16.303615643476856,12.754643895729354
9893-12702,141.23418843011046,164.42877685406563,27.32494749447029,11.629237588579345,-4.066472317311607,28.449395704603123,13.047914666880702,-2.3535663708417323
9893-12703,178.14622468294766,231.50358238671242,-9.38983701698946,-26.305043802318345,-43.22025058764721,4.7683710384072455,-4.068929898242844,-12.906230834892922
9893-12704,110.65563511811125,125.52635144354473,-5.929408467765802,-16.701967968215524,-33.972145330798966,-8.258276762021476,-35.92574917856329,-63.5932215951051
9893-3701,94.65346980988409,124.13627446580738,29.12917428941411,38.4116840395377,53.8376062356112,47.789745346089205,71.978259494211,96.16677364233277
9893-3703,204.88128550477205,367.58120823861776,-132.0846640361983,-185.65376107612573,-239.2228581160532,-304.53356173182686,-341.8679162936951,-379.20227085556337
9893-3704,121.06684273317713,168.40332930866282,17.1784564877027,3.8975405135378094,-9.383375460627068,21.986792765704628,16.16519919820615,10.343605630707692
9893-6102,,,,,,17.748206028270847,28.442438781937753,39.13667153560465
9893-6103,188.2095955572195,223.82665660565473,4.011764945907947,-6.991446198920277,-17.994657343748504,3.782771888528137,-5.052067837278358,-13.886907563084852
9893-6104,61.887579833297806,66.23810051481013,34.578158694508,40.20714593279252,36.178915798468154,28.49150854308574,13.021318596536961,-12.048357650978483
9893-9102,97.69203507021004,111.23839254938197,18.647008439371845,13.458875711842358,8.270742984312871,26.00870623079253,20.34882120046374,14.688936170134948
9894-12702,224.38797165892123,256.87423320771194,14.33833853849334,5.182457667108928,-3.9734232042754565,-3.5267601693320523,-8.976366744695335,-14.425973320058649
9894-12704,223.77250942132653,230.3105634621102,14.61024948631154,10.313691727411737,6.017133968511917,12.431698600582505,7.542578896308851,2.653459192035211
9894-12705,88.99671597205395,100.20128265322413,8.417695380655497,-0.1752891049778135,-8.844137114347067,-0.16669121174760668,-8.582538809302063,-16.998386406856522
9894-1902,45.41191573782884,69.10107799644625,7.535228554090638,-8.112376146752442,-22.08379835847515,-5.525848552720385,-14.60960993125193,-23.69337130978349
9894-3701,164.85554024788357,202.7714282854313,-14.491700808972576,-18.261687902401235,-22.031674995829853,-5.234891346540175,-3.1884633767526247,-1.1420354069650847
9894-3703,179.90340857827002,213.6304169911529,34.38577410712135,14.284945103467724,-0.4489151896282829,-35.69282042146301,-48.987537816954124,-56.65518233507491
9894-6101,195.13969215049133,249.7170430361209,62.82746261824802,54.86789267218136,46.908322726114726,4.687391096267123,-2.9280643728660536,-10.543519841999238
9894-6103,53.765529741629905,55.13424435442844,10.944334454554062,13.675620837972241,-2.180555297544525,12.186921814733038,2.2921583777531516,-34.5062823019294
9894-6104,184.2914132046234,203.49594954199765,26.01518106020341,16.029480782400153,6.04378050459687,8.713635941390075,-1.995400496270356,-12.704436933930788
9894-9102,69.95959996625528,98.67975194944027,-31.24623999296605,-48.796243893466304,-62.48418996231046,-85.02586021123459,-89.87159310101599,-92.46267161872156
