plateifu,n_star,n_gas,pa_star,e_pa_star,pa_gas,e_pa_gas,dpa
10001-1902,92,5,185.0,6.999999999999997,,,
10001-1901,73,63,112.0,21.5,81.0,3.5,31.0
10001-6101,221,3,206.0,45.0,,,
10001-3703,94,136,11.0,12.5,15.0,3.0,4.0
10213-12701,131,13,45.0,84.5,,,
10001-12701,149,197,287.0,9.0,305.0,3.0,18.0
10001-6103,306,16,110.0,4.0,,,
10001-6104,309,63,221.0,32.500000000000014,194.0,16.0,27.0
10001-9102,361,36,241.0,2.5,,,
10213-3702,142,0,203.0,21.0,,,
10001-12703,255,268,308.0,7.0,305.0,1.5,3.0
10213-1902,98,98,57.0,3.0,57.0,1.5,0.0
10001-9101,302,229,264.0,14.5,263.0,4.0,1.0
10001-6102,312,300,124.0,2.0,123.0,1.0,1.0
10213-6102,249,17,13.0,3.5,,,
10001-12702,380,325,171.0,7.0,173.0,2.5,2.0
10001-12705,355,374,54.0,5.5,52.0,2.0,2.0
10213-12702,244,244,174.0,23.500000000000007,168.0,3.5,6.0
10213-12704,511,31,164.0,5.0,,,
10213-6104,326,2,341.0,29.5,,,
10213-6103,328,96,153.0,1.5,157.0,1.0,4.0
10214-3702,184,57,179.0,2.000000000000005,199.0,1.5,20.0
10213-9102,193,177,22.0,30.499999999999996,2.0,7.9999999999999964,20.0
10214-12705,373,12,34.0,37.49999999999999,,,
10214-6104,244,271,1.0,6.9999999999999964,354.0,3.0,7.0
10214-6101,302,293,10.0,16.0,29.0,3.5,19.0
10214-9101,470,1,27.0,8.5,,,
10214-9102,295,107,319.0,0.5,306.0,1.5,13.0
10214-6103,305,304,231.0,27.0,227.0,7.5,4.0
10213-9101,409,423,289.0,2.0,291.0,1.0,2.0
10215-12701,312,159,133.0,5.0,140.0,0.5,7.0
10214-12701,428,434,188.0,4.5,191.0,1.5,3.0
10215-1902,84,105,101.0,6.5,23.0,2.0,78.0
10213-12705,667,644,27.0,2.5,26.0,1.0,1.0
10215-6101,178,68,337.0,2.0,245.0,0.5,92.0
10214-12703,666,347,91.0,0.5,87.0,1.5,4.0
10215-3703,177,152,145.0,2.5,142.0,0.5,3.0
10215-12702,351,379,86.0,6.0,92.0,1.5,6.0
10215-3701,184,198,288.0,16.0,292.0,5.5,4.0
10215-6103,185,76,324.0,10.0,336.0,13.0,12.0
10215-9101,138,124,276.0,11.0,273.0,4.0,3.0
10216-1901,99,5,197.0,9.0,,,
10216-1902,89,4,180.0,32.5,,,
10215-9102,211,85,352.0,4.0,342.0,5.0,10.0
10215-6102,321,323,320.0,4.0,322.0,3.0,2.0
10216-3704,186,125,339.0,2.0,341.0,2.0,2.0
10215-6104,268,317,245.0,6.0,247.0,1.5,2.0
10217-1902,87,0,142.0,6.0,,,
10216-12701,304,227,130.0,4.5,120.0,0.5,10.0
10215-12703,583,578,283.0,5.5,282.0,3.0,1.0
10216-6103,196,170,135.0,4.0,136.0,2.0,1.0
10216-12705,243,285,348.0,21.500000000000004,1.0,3.500000000000006,13.0
10216-6101,324,178,176.0,2.5,174.0,2.5,2.0
10217-3702,149,64,180.0,4.500000000000006,180.0,1.0000000000000036,0.0
10217-3701,164,153,54.0,4.0,50.0,2.5,4.0
10215-12704,704,403,309.0,0.5,312.0,1.0,3.0
10216-12702,368,391,226.0,2.5,227.0,1.5,1.0
10217-9101,116,91,95.0,42.0,122.0,7.5,27.0
10217-3704,170,101,109.0,3.0,111.0,0.5,2.0
10217-12702,221,204,23.0,2.5,26.0,3.5,3.0
10216-9102,407,247,136.0,0.5,129.0,2.0,7.0
10217-6103,251,118,107.0,5.0,110.0,3.5,3.0
10218-1902,98,75,158.0,3.5,341.0,2.5,177.0
10218-1901,88,96,350.0,12.500000000000005,344.0,6.5,6.0
10218-3702,189,18,40.0,10.5,,,
10218-3701,145,152,335.0,3.5,335.0,2.5,0.0
10218-6101,265,1,304.0,89.5,,,
10218-3703,169,169,0.0,1.5000000000000038,357.0,1.0,3.0
10218-12701,331,274,29.0,3.0,29.0,2.0,0.0
10218-3704,185,183,68.0,4.0,65.0,3.0,3.0
10219-1901,97,0,83.0,89.5,,,
10218-6104,233,120,304.0,9.5,294.0,2.5,10.0
10217-12701,563,576,102.0,4.5,111.0,1.5,9.0
10218-6102,317,171,263.0,2.0,266.0,1.0,3.0
10218-6103,203,276,244.0,20.0,244.0,3.0,0.0
10219-3701,176,0,116.0,8.5,,,
10219-3702,185,2,173.0,6.0,,,
10219-3703,148,0,43.0,52.00000000000001,,,
10219-6101,215,0,267.0,89.5,,,
10219-6103,141,158,194.0,33.5,196.0,6.5,2.0
10218-12703,588,516,150.0,0.5,166.0,0.5,16.0
10218-9101,373,439,332.0,26.999999999999996,338.0,5.0,6.0
10219-12705,375,273,47.0,8.0,48.0,2.5,1.0
10218-12704,567,549,202.0,10.5,213.0,2.0,11.0
10219-12703,365,343,20.0,0.5,334.0,0.5,46.0
10218-9102,452,379,191.0,16.000000000000007,188.0,4.0,3.0
10220-1902,101,40,2.0,6.999999999999997,,,
10220-1901,103,100,145.0,16.5,329.0,3.0,176.0
10220-3701,113,80,211.0,11.5,181.0,11.000000000000007,30.0
10220-12704,99,237,334.0,10.5,335.0,3.0,1.0
10220-6101,319,20,44.0,5.0,,,
10219-9101,358,377,129.0,9.0,123.0,3.5,6.0
10220-12702,388,371,150.0,1.5,148.0,0.5,2.0
10219-12701,668,665,228.0,4.0,228.0,2.0,0.0
10219-9102,476,476,113.0,2.0,112.0,1.5,1.0
10220-12701,391,536,85.0,4.0,79.0,2.5,6.0
10220-6103,335,330,21.0,1.5,24.0,1.0,3.0
10221-1902,76,76,140.0,8.5,142.0,8.5,2.0
10221-12701,299,216,236.0,8.5,247.0,0.5,11.0
10221-3701,137,106,323.0,5.5,323.0,3.5,0.0
10220-9102,326,394,104.0,5.5,108.0,2.0,4.0
10220-12703,593,544,196.0,3.0,210.0,0.5,14.0
10221-3704,135,159,357.0,13.500000000000002,347.0,2.5,10.0
10220-9101,475,455,118.0,2.0,117.0,1.0,1.0
10220-12705,678,676,144.0,1.5,145.0,1.0,1.0
10221-6104,313,124,68.0,2.5,147.0,3.5,79.0
10221-6102,244,275,234.0,2.5,233.0,1.0,1.0
10221-6101,266,278,163.0,13.499999999999998,132.0,3.5,31.0
10221-12702,473,555,207.0,30.0,221.0,5.5,14.0
10222-1902,78,97,137.0,6.0,138.0,4.0,1.0
10222-12703,232,171,218.0,3.5,216.0,4.0,2.0
10221-12704,603,402,78.0,89.5,69.0,11.0,9.0
10221-12703,606,648,110.0,12.5,97.0,3.5,13.0
10222-3703,187,107,51.0,43.0,338.0,6.5,73.0
10222-3704,146,152,3.0,2.0,5.0,1.0,2.0
10222-3701,174,184,91.0,2.5,89.0,1.5,2.0
10222-12701,505,302,81.0,1.5,81.0,0.5,0.0
10222-6104,213,15,343.0,0.5,,,
10222-12705,343,355,127.0,7.5,127.0,0.5,0.0
10221-12705,673,577,203.0,7.0,205.0,5.5,2.0
10223-1901,83,21,325.0,89.5,,,
10223-12701,264,39,178.0,1.0,,,
10222-6102,221,236,0.0,89.5,356.0,9.500000000000007,4.0
10223-1902,95,93,81.0,14.0,91.0,5.0,10.0
10222-9101,188,182,197.0,17.000000000000007,191.0,5.0,6.0
10222-6101,321,321,106.0,1.5,106.0,1.0,0.0
10222-6103,302,275,188.0,6.5,189.0,1.5,1.0
10223-3701,187,155,359.0,2.5000000000000053,336.0,2.5,23.0
10222-12702,561,590,147.0,1.5,146.0,0.5,1.0
10223-3703,186,178,2.0,2.500000000000006,1.0,1.9999999999999993,1.0
10223-6101,149,199,251.0,28.5,255.0,5.0,4.0
10223-6102,314,6,23.0,22.5,,,
10223-6103,292,0,353.0,24.0,,,
10223-12703,271,314,253.0,7.0,257.0,2.0,4.0
10223-6104,161,146,195.0,42.0,178.0,8.0,17.0
10223-9102,197,121,198.0,10.0,203.0,6.0,5.0
10224-1901,76,53,116.0,17.0,104.0,11.0,12.0
10224-3704,194,55,159.0,2.5,171.0,1.0,12.0
10224-12701,302,174,350.0,69.5,28.0,12.5,38.0
10224-3703,145,150,357.0,9.0,1.0,3.500000000000006,4.0
10224-3702,183,183,336.0,7.0,333.0,2.5,3.0
10224-6102,313,35,350.0,5.0,,,
10223-12702,484,491,217.0,11.5,227.0,2.0,10.0
10225-1902,97,0,237.0,9.0,,,
10224-12705,293,253,235.0,4.5,191.0,2.5,44.0
10224-12702,357,410,2.0,16.000000000000004,296.0,6.0,66.0
10224-6101,267,317,93.0,5.0,95.0,1.5,2.0
10224-6103,295,271,305.0,4.0,306.0,2.0,1.0
10225-3703,164,3,344.0,6.5,,,
10224-9102,207,171,170.0,4.0,174.0,2.0,4.0
10224-6104,252,327,101.0,10.0,96.0,2.5,5.0
10225-3701,141,106,92.0,10.0,98.0,4.0,6.0
10225-6101,94,97,213.0,16.5,229.0,1.0,16.0
10225-12702,266,210,0.0,89.5,226.0,41.5,134.0
10224-12703,486,434,69.0,1.0,68.0,0.5,1.0
10226-12701,130,93,56.0,38.5,204.0,56.5,148.0
10225-6104,288,10,21.0,22.000000000000004,,,
10226-1901,55,89,241.0,76.5,240.0,8.0,1.0
10226-3701,104,26,129.0,35.5,,,
10226-12702,333,2,187.0,3.5,,,
10226-6101,0,0,,,,,
10225-9102,197,159,40.0,41.5,96.0,8.0,56.0
10224-9101,390,401,262.0,2.0,266.0,1.0,4.0
10225-12701,394,369,58.0,6.5,53.0,3.0,5.0
10226-1902,86,104,227.0,89.5,318.0,8.5,91.0
10226-12703,358,0,57.0,7.0,,,
10225-6102,229,266,152.0,25.999999999999996,149.0,5.5,3.0
10226-3702,122,182,199.0,86.0,144.0,37.50000000000001,55.0
10492-1901,84,74,47.0,40.5,13.0,17.5,34.0
10226-3703,180,180,318.0,3.5,326.0,1.5,8.0
10226-12704,271,315,268.0,4.5,270.0,2.0,2.0
10492-3702,121,0,228.0,37.50000000000001,,,
10492-3701,187,0,348.0,7.0,,,
10492-3703,128,33,56.0,8.0,,,
10226-6104,317,295,211.0,2.0,210.0,0.5,1.0
10225-12703,661,654,44.0,6.5,39.0,2.5,5.0
10492-6101,142,54,20.0,8.5,49.0,7.5,29.0
10492-3704,157,156,348.0,3.5,352.0,1.0,4.0
10226-9102,465,268,344.0,2.5,334.0,1.0,10.0
10492-12703,606,413,323.0,2.5,345.0,1.0,22.0
10492-6102,323,312,354.0,1.0,356.0,0.5,2.0
10492-6103,301,283,303.0,3.0,286.0,3.5,17.0
10492-12702,561,495,180.0,3.000000000000006,181.0,2.500000000000006,1.0
10492-12705,670,371,272.0,1.0,271.0,1.5,1.0
10492-12704,621,595,95.0,3.0,92.0,1.0,3.0
10493-3702,195,6,336.0,9.5,,,
10493-1902,98,81,237.0,11.5,83.0,89.5,154.0
10493-12701,313,362,267.0,5.5,261.0,1.5,6.0
10493-12702,324,274,111.0,6.5,108.0,4.0,3.0
10492-12701,683,679,81.0,2.0,79.0,1.5,2.0
10493-6101,262,0,243.0,23.0,,,
10493-12704,164,196,180.0,19.000000000000007,198.0,5.5,18.0
10492-9101,481,327,310.0,2.5,304.0,4.5,6.0
10494-1901,65,0,330.0,30.5,,,
10492-9102,474,380,22.0,2.5,23.0,2.0,1.0
10494-1902,102,3,46.0,6.5,,,
10493-6103,240,4,344.0,1.5,,,
10494-3702,111,0,308.0,8.5,,,
10494-6103,6,57,,,200.0,2.5,
10494-3704,107,125,118.0,9.5,116.0,5.0,2.0
10493-12703,522,501,181.0,14.500000000000007,198.0,3.5,17.0
10494-6102,317,11,358.0,15.499999999999996,,,
10493-12705,376,459,282.0,8.0,282.0,2.0,0.0
10493-9101,381,296,332.0,10.5,341.0,3.0,9.0
10494-12704,447,194,356.0,0.5,189.0,0.5,167.0
10495-1901,96,96,37.0,5.0,31.0,2.0,6.0
10494-12703,692,7,250.0,1.0,,,
10495-1902,96,0,94.0,3.5,,,
10495-12703,297,157,321.0,0.5,62.0,0.5,101.0
10493-9102,372,385,120.0,5.0,114.0,3.0,6.0
10495-3704,132,0,42.0,20.5,,,
10495-12702,603,29,224.0,36.5,,,
10494-9102,390,285,205.0,2.0,206.0,1.5,1.0
10495-3703,196,1,320.0,3.5,,,
10495-3701,204,64,255.0,4.0,251.0,1.5,4.0
10495-12704,298,285,343.0,2.5,342.0,1.0,1.0
10495-12705,267,281,43.0,4.5,40.0,2.0,3.0
10495-3702,196,196,285.0,6.5,283.0,3.0,2.0
10495-12701,451,430,182.0,1.0,187.0,0.5,5.0
10496-1902,93,10,63.0,11.0,,,
10495-9102,283,47,248.0,7.0,,,
10496-1901,92,91,169.0,8.0,190.0,2.5,21.0
10495-6101,326,120,110.0,1.5,274.0,0.5,164.0
10495-6102,265,198,52.0,2.5,51.0,2.0,1.0
10496-3701,140,0,17.0,25.000000000000007,,,
10496-3703,189,5,44.0,6.5,,,
10496-12701,237,220,64.0,3.5,63.0,1.0,1.0
10496-3704,174,13,291.0,3.5,,,
10495-6103,301,310,267.0,6.5,258.0,1.5,9.0
10496-3702,190,191,70.0,2.5,70.0,1.0,0.0
10497-12702,195,18,227.0,0.5,,,
10496-12703,313,333,238.0,31.0,262.0,4.5,24.0
10496-9101,331,0,156.0,29.000000000000007,,,
10496-6103,123,255,160.0,13.5,157.0,2.0,3.0
10497-1901,82,68,1.0,43.0,340.0,4.0,21.0
10496-12705,349,419,235.0,4.5,237.0,2.0,2.0
10496-6101,249,315,321.0,7.0,323.0,1.5,2.0
10497-3704,168,22,347.0,4.0,,,
10497-12701,266,219,0.0,89.5,102.0,4.0,102.0
10496-6102,303,315,119.0,6.5,119.0,2.5,0.0
10496-9102,282,240,302.0,5.0,297.0,3.0,5.0
10497-12704,381,2,115.0,89.5,,,
10497-3701,120,174,127.0,17.5,134.0,3.0,7.0
10497-12703,308,273,325.0,4.5,327.0,3.5,2.0
10497-6102,316,0,132.0,89.5,,,
10497-6103,195,102,62.0,15.5,59.0,6.0,3.0
10497-6104,155,142,139.0,11.0,142.0,4.0,3.0
10498-1902,97,81,145.0,5.5,145.0,1.0,0.0
10497-12705,253,295,52.0,8.5,39.0,1.5,13.0
10498-12703,280,28,341.0,7.5,,,
10497-9101,396,0,261.0,31.0,,,
10496-12702,681,650,298.0,0.5,297.0,0.5,1.0
10498-3704,143,186,38.0,6.0,41.0,1.5,3.0
10498-6102,191,1,46.0,89.5,,,
10498-6103,210,11,122.0,0.5,,,
10498-6101,224,84,58.0,0.5,44.0,0.5,14.0
10498-6104,247,111,29.0,4.0,30.0,3.5,1.0
10499-1901,100,99,0.0,89.5,100.0,10.0,100.0
10499-1902,99,99,124.0,4.5,123.0,3.5,1.0
10499-3702,167,188,224.0,4.0,221.0,2.0,3.0
10499-3703,171,185,213.0,3.5,213.0,2.5,0.0
10499-6101,245,12,16.0,0.5,,,
10499-12702,677,4,13.0,39.5,,,
10499-3704,184,188,4.0,3.0,6.0,2.0,2.0
10499-12704,380,285,145.0,1.5,146.0,1.0,1.0
10499-6102,322,147,235.0,1.5,250.0,5.5,15.0
10499-6104,279,66,233.0,6.5,254.0,0.5,21.0
10498-9101,468,469,52.0,1.0,52.0,0.5,0.0
10499-9101,354,4,139.0,34.0,,,
10500-1902,78,2,221.0,6.0,,,
10499-9102,228,136,282.0,2.5,287.0,0.5,5.0
10498-12705,669,678,105.0,2.0,110.0,1.5,5.0
10500-3704,124,2,90.0,32.0,,,
10498-12704,701,669,175.0,4.5000000000000036,174.0,2.0,1.0
10499-6103,264,320,195.0,9.5,197.0,3.5,2.0
10500-12701,239,214,220.0,2.5,224.0,0.5,4.0
10499-12701,653,630,76.0,7.5,77.0,3.0,1.0
10500-3702,187,175,279.0,4.0,285.0,0.5,6.0
10500-6103,292,2,70.0,4.0,,,
10500-6102,210,141,26.0,16.5,27.0,4.5,1.0
10499-12705,672,665,0.0,6.5,4.0,2.5,4.0
10500-6101,224,234,195.0,4.0,196.0,2.0,1.0
10500-12705,675,1,184.0,82.5,,,
10500-12704,330,446,343.0,1.5,316.0,0.5,27.0
10501-1901,81,96,122.0,8.0,123.0,3.0,1.0
10500-9101,483,4,351.0,11.999999999999998,,,
10501-1902,98,98,263.0,5.0,265.0,3.5,2.0
10501-12705,186,187,223.0,42.5,208.0,24.999999999999996,15.0
10501-3704,189,29,221.0,3.5,,,
10500-6104,304,321,59.0,3.0,58.0,1.0,1.0
10501-3701,112,169,318.0,5.5,317.0,1.5,1.0
10501-6103,141,82,274.0,2.0,262.0,11.5,12.0
10501-9101,218,38,269.0,7.0,,,
10501-3703,191,189,269.0,6.0,272.0,3.0,3.0
10502-1902,98,98,347.0,9.5,341.0,4.0,6.0
10502-1901,103,103,299.0,8.5,299.0,3.5,0.0
10502-3702,188,10,118.0,3.5,,,
10501-6102,247,212,242.0,4.0,237.0,2.5,5.0
10502-3703,134,12,2.0,4.000000000000002,,,
10502-3701,204,4,87.0,4.0,,,
10502-12704,197,183,110.0,5.5,101.0,3.0,9.0
10501-12702,458,531,139.0,5.0,145.0,2.0,6.0
10502-3704,199,38,143.0,4.5,,,
10502-12703,286,280,99.0,2.5,98.0,1.0,1.0
10502-12701,383,269,103.0,2.0,118.0,2.5,15.0
10502-9102,304,35,201.0,5.5,,,
10501-12704,530,530,274.0,4.0,275.0,1.0,1.0
10502-6104,158,201,240.0,7.5,230.0,2.5,10.0
10502-9101,288,65,37.0,15.5,41.0,4.5,4.0
10503-1902,96,3,334.0,3.5,,,
10503-1901,88,60,318.0,3.5,183.0,10.500000000000007,135.0
10501-12703,659,628,301.0,10.5,306.0,3.0,5.0
10503-3701,179,1,149.0,6.5,,,
10503-3702,182,0,267.0,18.5,,,
10502-6103,295,332,145.0,8.5,148.0,2.0,3.0
10503-3704,181,0,21.0,4.5,,,
10503-6103,101,36,353.0,34.5,,,
10503-3703,118,155,161.0,10.5,166.0,3.0,5.0
10503-6102,172,121,32.0,4.5,32.0,5.0,0.0
10503-6101,315,3,71.0,89.5,,,
10503-9101,222,7,75.0,0.5,,,
10504-1901,96,0,183.0,10.5,,,
10504-1902,94,4,128.0,3.0,,,
10504-12702,250,5,135.0,2.5,,,
10503-12705,651,2,125.0,62.0,,,
10504-3701,136,0,332.0,31.999999999999996,,,
10503-12704,416,442,243.0,2.0,247.0,1.0,4.0
10504-6101,128,0,309.0,23.0,,,
10504-3702,187,1,327.0,4.0,,,
10504-3704,178,16,133.0,2.0,,,
10503-12701,514,548,86.0,13.0,93.0,2.5,7.0
10504-12701,322,226,185.0,6.500000000000004,186.0,2.5,1.0
10503-12703,553,475,246.0,1.0,246.0,1.0,0.0
10504-3703,184,147,8.0,2.5,11.0,2.5,3.0
10504-6103,194,27,60.0,4.5,,,
10504-6102,289,2,311.0,9.0,,,
10503-12702,574,559,56.0,1.0,56.0,1.0,0.0
10505-1901,71,7,176.0,2.0,,,
10505-1902,83,0,281.0,6.0,,,
10505-12702,283,1,162.0,4.5,,,
10505-3701,187,13,20.0,4.0,,,
10505-3704,112,0,296.0,39.5,,,
10505-3702,165,0,53.0,8.0,,,
10505-3703,165,33,284.0,7.5,,,
10505-6103,147,9,274.0,7.0,,,
10505-12701,312,222,110.0,4.5,106.0,0.5,4.0
10504-6104,316,316,285.0,2.0,282.0,1.0,3.0
10504-12704,473,603,16.0,3.5,15.0,2.0,1.0
10505-6104,155,97,298.0,89.5,296.0,25.0,2.0
10506-1902,91,2,64.0,15.5,,,
10504-12703,626,567,145.0,6.5,153.0,2.5,8.0
10506-12701,166,148,312.0,19.5,316.0,7.0,4.0
10505-12704,370,283,58.0,4.5,58.0,2.0,0.0
10505-12703,346,356,346.0,15.000000000000002,351.0,5.5,5.0
10504-9101,466,345,24.0,4.0,26.0,0.5,2.0
10505-12705,656,2,39.0,3.5,,,
10506-3704,152,0,182.0,43.5,,,
10506-3701,194,67,71.0,3.0,53.0,9.0,18.0
10506-6103,320,6,247.0,3.0,,,
10506-12704,240,370,316.0,26.0,300.0,2.5,16.0
10506-6104,163,263,255.0,15.0,249.0,5.5,6.0
10506-6101,323,170,75.0,2.5,78.0,3.0,3.0
10506-6102,301,233,190.0,7.0,183.0,3.500000000000008,7.0
10506-9102,284,188,233.0,8.0,227.0,0.5,6.0
10507-1901,89,39,1.0,11.000000000000007,,,
10506-12705,435,428,265.0,7.0,256.0,4.0,9.0
10507-12701,597,11,228.0,20.5,,,
10507-3701,172,105,158.0,4.0,159.0,4.5,1.0
10507-12702,318,380,194.0,15.499999999999998,187.0,2.5,7.0
10507-3702,142,140,1.0,4.000000000000001,3.0,3.000000000000008,2.0
10506-12703,602,578,324.0,4.5,323.0,1.5,1.0
10507-3704,188,188,197.0,8.5,199.0,4.0,2.0
10507-12704,347,251,159.0,0.5,276.0,0.5,117.0
10507-6101,314,88,96.0,3.0,88.0,1.5,8.0
10506-9101,480,475,126.0,2.5,126.0,1.5,0.0
10507-6103,251,115,78.0,3.0,73.0,6.5,5.0
10508-3703,186,2,197.0,16.000000000000007,,,
10508-3701,167,64,178.0,9.000000000000004,87.0,7.5,91.0
10507-12703,562,473,205.0,2.0,207.0,1.5,2.0
10507-6102,298,317,87.0,6.5,89.0,2.0,2.0
10507-6104,316,315,247.0,1.5,251.0,0.5,4.0
10508-3704,190,3,129.0,9.5,,,
10507-12705,537,538,299.0,2.0,301.0,1.0,2.0
10508-9102,213,29,95.0,30.5,,,
10507-9101,419,416,107.0,5.5,107.0,2.5,0.0
10508-6103,204,275,259.0,2.0,213.0,0.5,46.0
10508-6104,245,258,309.0,4.0,302.0,1.0,7.0
10508-12705,450,318,74.0,3.5,74.0,3.0,0.0
10507-9102,480,453,123.0,1.5,123.0,0.5,0.0
10509-12704,286,2,347.0,4.5,,,
10509-3702,195,0,10.0,3.0,,,
10508-12702,575,507,70.0,2.5,71.0,1.5,1.0
10509-3703,180,179,167.0,38.0,136.0,30.5,31.0
10508-12701,585,636,60.0,2.5,61.0,1.0,1.0
10509-9102,277,5,78.0,89.5,,,
10509-6103,216,225,34.0,7.0,36.0,2.5,2.0
10509-12705,415,296,103.0,4.0,104.0,0.5,1.0
10510-1901,87,42,272.0,5.0,,,
10508-12703,673,654,245.0,3.0,243.0,2.5,2.0
10509-6104,270,302,196.0,4.5,195.0,2.0,1.0
10509-6102,324,280,83.0,10.5,82.0,6.5,1.0
10510-3701,189,5,105.0,27.0,,,
10509-12701,528,492,66.0,4.5,69.0,2.0,3.0
10510-12702,433,10,238.0,4.5,,,
10509-12702,599,525,116.0,0.5,117.0,0.5,1.0
10510-6102,313,2,29.0,29.499999999999996,,,
10510-3704,179,177,167.0,10.5,343.0,3.5,176.0
10510-6104,283,5,55.0,1.5,,,
10511-12702,151,66,168.0,13.000000000000007,219.0,2.5,51.0
10509-9101,470,449,236.0,1.5,239.0,0.5,3.0
10510-9101,193,139,234.0,21.5,232.0,12.0,2.0
10510-12705,507,131,45.0,0.5,305.0,0.5,100.0
10511-1902,104,5,42.0,7.0,,,
10510-6101,308,299,144.0,2.5,140.0,1.5,4.0
10511-1901,103,103,28.0,40.5,85.0,19.5,57.0
10511-12701,323,248,324.0,7.0,330.0,14.0,6.0
10510-9102,473,130,2.0,3.000000000000008,356.0,0.5,6.0
10511-3704,184,109,42.0,5.0,232.0,1.0,170.0
10511-9101,162,65,220.0,1.0,73.0,0.5,147.0
10511-12703,275,263,260.0,1.5,259.0,0.5,1.0
10511-3701,189,199,196.0,8.5,202.0,3.5,6.0
10511-6101,176,239,324.0,8.0,321.0,1.0,3.0
10512-1902,94,43,263.0,89.5,,,
10512-3701,139,15,74.0,10.5,,,
10511-9102,440,7,333.0,9.5,,,
10512-3704,187,15,50.0,7.5,,,
10511-12704,375,473,26.0,3.5,31.0,1.0,5.0
10510-12703,665,678,65.0,12.5,63.0,5.0,2.0
10512-12703,314,117,1.0,4.5,10.0,9.0,9.0
10512-6101,260,114,111.0,2.0,171.0,2.5,60.0
10512-6102,292,231,329.0,6.0,333.0,1.5,4.0
10511-12705,607,682,327.0,1.5,331.0,0.5,4.0
10512-6103,304,285,239.0,1.5,238.0,0.5,1.0
10512-9101,240,214,223.0,4.0,222.0,1.0,1.0
10512-12704,459,409,203.0,0.5,202.0,0.5,1.0
10512-6104,314,315,244.0,6.0,243.0,2.0,1.0
10512-12701,616,593,344.0,0.5,344.0,0.5,0.0
10513-12701,630,35,24.0,1.0,,,
10512-9102,311,356,147.0,5.5,138.0,3.5,9.0
10513-3703,155,147,152.0,9.0,151.0,5.0,1.0
10513-3702,178,125,74.0,11.0,52.0,14.5,22.0
10513-12703,231,186,189.0,5.0,198.0,6.0,9.0
10512-12702,667,599,52.0,2.0,53.0,2.0,1.0
10513-6101,306,7,351.0,24.5,,,
10512-12705,654,654,180.0,4.500000000000006,173.0,2.0,7.0
10514-1902,80,18,223.0,33.0,,,
10513-6104,275,87,46.0,3.5,51.0,4.5,5.0
10513-6103,175,245,103.0,17.0,90.0,2.5,13.0
10513-12704,664,35,11.0,1.5,,,
10513-12705,342,340,294.0,5.0,296.0,2.0,2.0
10513-9101,340,195,55.0,4.0,34.0,11.5,21.0
10514-3701,126,137,293.0,12.5,305.0,5.0,12.0
10514-6102,149,85,319.0,12.5,319.0,4.5,0.0
10514-3703,185,121,200.0,10.5,177.0,21.000000000000007,23.0
10514-6101,201,146,245.0,2.5,242.0,0.5,3.0
10514-12705,319,217,193.0,3.5,199.0,1.0,6.0
10513-12702,675,659,194.0,5.0,193.0,3.0,1.0
10515-1901,87,93,175.0,26.000000000000007,161.0,8.5,14.0
10515-1902,99,99,244.0,2.5,236.0,3.0,8.0
10514-6103,270,268,138.0,4.5,139.0,1.5,1.0
10514-6104,317,141,194.0,23.500000000000004,186.0,5.499999999999997,8.0
10515-3701,194,194,56.0,17.5,66.0,8.5,10.0
10515-12703,525,0,40.0,89.5,,,
10515-3704,192,173,306.0,2.5,330.0,3.0,24.0
10515-6102,320,42,217.0,7.5,,,
10515-6103,303,1,3.0,9.0,,,
10514-9101,363,368,304.0,3.5,298.0,1.5,6.0
10514-12701,651,636,267.0,9.0,272.0,2.5,5.0
10515-6104,313,58,359.0,3.500000000000005,286.0,28.5,73.0
10514-12702,648,662,338.0,11.0,341.0,3.0,3.0
10514-12703,659,640,31.0,8.5,33.0,2.0,2.0
10514-12704,626,655,81.0,17.0,65.0,8.0,16.0
10516-1901,93,93,264.0,11.5,264.0,4.5,0.0
10516-1902,91,91,39.0,10.5,42.0,9.0,3.0
10516-3703,179,3,282.0,5.0,,,
10515-9101,288,313,185.0,10.999999999999996,173.0,3.5,12.0
10516-12703,132,304,245.0,3.5,231.0,2.0,14.0
10516-12702,531,7,0.0,0.5,,,
10516-12704,109,401,88.0,8.0,95.0,2.5,7.0
10516-3702,170,174,22.0,4.5,28.0,2.0,6.0
10516-6101,319,29,56.0,12.0,,,
10516-3704,178,177,36.0,2.5,43.0,2.0,7.0
10516-6103,255,21,269.0,19.5,,,
10516-12705,230,400,216.0,4.5,258.0,5.0,42.0
10517-12705,167,0,260.0,89.5,,,
10517-1901,76,94,164.0,74.0,110.0,6.5,54.0
10517-1902,83,84,199.0,12.5,206.0,6.5,7.0
10515-9102,460,435,37.0,1.5,37.0,1.5,0.0
10516-6102,184,298,206.0,32.5,215.0,4.0,9.0
10517-12704,245,83,53.0,29.0,32.0,89.5,21.0
10516-9101,419,72,130.0,10.5,76.0,89.5,54.0
10516-9102,176,284,62.0,23.5,51.0,2.5,11.0
10516-6104,277,307,102.0,3.0,96.0,1.5,6.0
10517-3703,186,2,203.0,6.5,,,
10517-3701,175,180,112.0,6.0,117.0,2.5,5.0
10517-3702,129,178,6.0,30.999999999999996,11.0,2.5,5.0
10518-12701,214,37,65.0,5.5,,,
10517-6101,141,172,294.0,4.0,116.0,3.0,178.0
10517-3704,195,195,82.0,2.0,82.0,1.0,0.0
10517-12701,420,397,299.0,12.0,310.0,4.5,11.0
10518-1901,102,60,242.0,2.0,255.0,24.0,13.0
10518-1902,98,98,100.0,3.0,95.0,2.5,5.0
10517-6102,299,278,5.0,1.5,6.0,1.5,1.0
10518-3702,206,21,199.0,1.5,,,
10518-12704,302,161,44.0,2.5,113.0,8.0,69.0
10518-3704,108,127,36.0,2.0,343.0,8.5,53.0
10517-9102,480,197,217.0,3.5,43.0,3.5,174.0
10517-9101,362,362,268.0,7.0,274.0,1.5,6.0
10517-12703,574,590,82.0,2.5,82.0,0.5,0.0
10518-6104,251,66,54.0,6.5,66.0,6.5,12.0
10518-12703,429,433,227.0,3.5,229.0,1.0,2.0
10519-1901,93,44,153.0,5.5,,,
10519-1902,94,13,68.0,2.5,,,
10518-6102,327,303,152.0,1.5,153.0,1.0,1.0
10518-6103,311,282,140.0,1.5,141.0,0.5,1.0
10519-12702,152,254,176.0,8.500000000000002,176.0,1.0,0.0
10519-3701,189,1,235.0,15.0,,,
10519-3702,191,10,195.0,6.5,,,
10518-9101,426,297,151.0,1.0,150.0,0.5,1.0
10519-12703,603,0,43.0,89.5,,,
10518-12702,692,642,159.0,1.0,167.0,0.5,8.0
10520-12702,223,23,74.0,0.5,,,
10519-6104,211,105,128.0,1.5,132.0,0.5,4.0
10520-1901,98,12,357.0,5.500000000000005,,,
10520-1902,94,28,71.0,17.0,,,
10518-12705,689,688,12.0,0.5,11.0,0.5,1.0
10518-9102,472,466,275.0,3.0,278.0,1.5,3.0
10520-3702,125,24,331.0,3.5,,,
10520-3701,159,169,354.0,4.0,351.0,3.0,3.0
10520-6103,122,91,55.0,5.0,56.0,0.5,1.0
10520-3703,188,92,285.0,4.5,267.0,2.0,18.0
10519-12701,606,636,92.0,2.5,88.0,0.5,4.0
10520-12705,303,375,0.0,89.5,62.0,2.0,62.0
10519-9102,478,466,125.0,1.0,124.0,0.5,1.0
10519-12704,667,666,54.0,1.5,53.0,1.0,1.0
10520-12703,433,427,349.0,10.0,342.0,5.5,7.0
10837-1901,94,16,28.0,89.5,,,
10520-6101,319,301,179.0,7.0,178.0,4.000000000000005,1.0
10520-12701,406,648,161.0,3.0,159.0,1.0,2.0
10837-3704,70,5,306.0,6.5,,,
10520-6104,320,323,191.0,5.5,194.0,1.0,3.0
10837-1902,83,89,244.0,9.5,240.0,5.0,4.0
10837-3702,176,30,298.0,17.5,,,
10837-3703,160,4,194.0,66.0,,,
10837-12705,480,5,292.0,8.5,,,
10520-9101,362,377,50.0,9.0,47.0,4.0,3.0
10837-12701,250,428,277.0,89.5,332.0,81.5,55.0
10837-6101,242,44,63.0,17.0,,,
10520-12704,622,610,80.0,2.5,79.0,1.0,1.0
10837-3701,191,187,68.0,1.0,70.0,1.0,2.0
10838-1901,81,9,14.0,8.0,,,
10838-12702,276,0,96.0,0.5,,,
10837-9101,350,87,146.0,6.0,337.0,0.5,169.0
10520-9102,482,475,45.0,1.5,44.0,0.5,1.0
10838-3702,175,190,237.0,22.5,255.0,6.5,18.0
10838-6102,96,261,198.0,89.5,214.0,4.5,16.0
10838-12703,186,216,34.0,37.0,58.0,6.5,24.0
10838-12704,204,186,169.0,8.5,126.0,3.5,43.0
10837-12703,539,463,191.0,0.5,201.0,0.5,10.0
10839-1901,90,1,133.0,10.5,,,
10838-6103,157,230,158.0,27.0,143.0,2.5,15.0
10838-12705,332,235,201.0,0.5,187.0,0.5,14.0
10839-1902,91,90,2.0,4.500000000000002,352.0,5.5,10.0
10837-9102,400,446,340.0,5.0,344.0,2.5,4.0
10839-6103,130,0,55.0,10.5,,,
10839-12703,326,1,209.0,3.0,,,
10839-12704,192,195,39.0,11.0,60.0,3.0,21.0
10838-9101,320,385,75.0,4.5,81.0,1.5,6.0
10839-3704,148,165,203.0,2.5,204.0,2.0,1.0
10838-9102,251,365,236.0,6.5,230.0,2.0,6.0
10839-12701,263,363,111.0,17.5,105.0,3.0,6.0
10840-1901,83,21,236.0,7.0,,,
10840-3701,94,100,186.0,14.500000000000002,202.0,7.0,16.0
10839-6101,306,232,16.0,3.5,4.0,3.0000000000000004,12.0
10839-6104,295,178,237.0,4.0,350.0,1.5,113.0
10840-3702,195,79,96.0,5.5,130.0,6.0,34.0
10838-12701,640,678,166.0,7.0,157.0,2.5,9.0
10840-12701,352,61,227.0,12.0,6.0,2.0,139.0
10840-3704,139,132,352.0,1.5,346.0,1.0,6.0
10840-3703,196,126,77.0,10.0,282.0,24.0,155.0
10840-6103,323,46,61.0,5.5,,,
10839-9101,392,232,305.0,6.0,324.0,4.5,19.0
10841-1901,96,14,304.0,3.0,,,
10841-1902,103,44,20.0,18.5,,,
10840-6104,298,1,230.0,10.5,,,
10841-12703,372,31,285.0,42.5,,,
10841-3702,106,159,278.0,35.0,272.0,5.5,6.0
10840-9102,404,118,134.0,14.5,132.0,9.0,2.0
10841-6101,186,69,82.0,7.0,100.0,5.5,18.0
10841-3703,187,127,157.0,1.5,153.0,1.5,4.0
10840-12702,519,428,167.0,2.0,163.0,1.0,4.0
10841-6103,258,95,281.0,1.5,286.0,0.5,5.0
10839-12705,675,669,234.0,2.0,232.0,1.0,2.0
10841-12704,659,15,98.0,32.5,,,
10841-6104,165,147,36.0,17.5,45.0,6.0,9.0
10842-3701,177,3,200.0,3.0,,,
10842-1901,98,98,72.0,2.5,73.0,1.0,1.0
10841-12705,401,364,288.0,89.5,318.0,29.500000000000007,30.0
10841-9102,457,4,113.0,89.5,,,
10842-6101,208,1,6.0,78.0,,,
10842-3704,187,88,145.0,6.0,169.0,2.0,24.0
10842-3703,188,188,156.0,3.5,157.0,2.5,1.0
10843-1902,99,0,267.0,8.0,,,
10841-12702,678,570,214.0,11.5,220.0,2.5,6.0
10843-12702,124,216,157.0,46.0,185.0,7.999999999999998,28.0
10843-12705,281,6,212.0,48.5,,,
10842-12701,486,367,117.0,4.5,112.0,6.0,5.0
10841-12701,680,678,96.0,1.0,96.0,0.5,0.0
10843-12703,198,147,31.0,16.5,16.0,4.0,15.0
10842-6102,305,274,327.0,1.0,327.0,1.5,0.0
10843-3701,168,97,227.0,6.5,224.0,1.0,3.0
10843-3704,183,17,18.0,4.0,,,
10842-12705,514,558,190.0,1.5,189.0,1.0,1.0
10842-9102,405,378,241.0,2.5,243.0,0.5,2.0
10843-3702,189,189,300.0,2.5,296.0,0.5,4.0
10843-6101,251,51,51.0,12.0,47.0,2.5,4.0
10843-3703,165,180,109.0,7.0,148.0,3.5,39.0
10842-12702,690,516,333.0,1.5,329.0,1.0,4.0
10843-6103,169,175,340.0,32.000000000000014,311.0,5.5,29.0
10842-12704,622,591,7.0,1.0,6.0,1.0,1.0
10844-1901,82,82,308.0,5.5,302.0,3.0,6.0
10843-9102,248,193,340.0,12.5,340.0,2.5,0.0
10844-3702,191,17,337.0,6.5,,,
10844-12704,386,25,61.0,4.5,,,
10845-1902,95,40,15.0,3.0,,,
10844-6103,298,17,118.0,27.0,,,
10844-12701,271,298,312.0,16.5,289.0,5.0,23.0
10844-6104,325,0,355.0,88.5,,,
10845-3704,150,0,224.0,9.0,,,
10845-3703,185,56,240.0,2.5,2.0,0.5,122.0
10845-12703,211,217,286.0,10.0,291.0,4.0,5.0
10845-12701,364,112,96.0,5.5,95.0,1.5,1.0
10844-12705,266,329,180.0,3.000000000000005,183.0,0.5,3.0
10846-1901,81,64,327.0,10.0,327.0,5.5,0.0
10845-6104,278,139,23.0,5.5,14.0,2.5,9.0
10845-6103,313,140,16.0,2.5,16.0,0.5,0.0
10845-6101,248,251,136.0,4.5,158.0,0.5,22.0
10846-1902,94,8,32.0,14.0,,,
10846-12701,460,1,284.0,40.0,,,
10846-3701,108,8,87.0,9.5,,,
10846-3703,108,0,88.0,20.5,,,
10846-3704,93,82,108.0,13.5,115.0,3.0,7.0
10845-12704,468,429,54.0,5.5,52.0,2.0,2.0
10844-12702,603,592,51.0,7.0,55.0,2.0,4.0
10845-9101,418,256,40.0,3.0,37.0,3.0,3.0
10846-12704,312,249,330.0,7.0,330.0,4.5,0.0
10846-6102,202,1,113.0,5.5,,,
10846-9101,185,1,187.0,4.0,,,
10846-12702,660,2,31.0,17.5,,,
11004-6104,19,21,,,,,
10846-6103,258,0,302.0,13.0,,,
11004-1901,90,2,38.0,6.5,,,
10845-12705,595,593,16.0,1.0,12.0,0.5,4.0
11004-6103,297,0,196.0,11.0,,,
11006-12701,264,0,68.0,5.0,,,
10846-12705,385,495,341.0,6.0,334.0,2.5,7.0
11004-3702,152,195,157.0,9.0,139.0,3.0,18.0
11006-1902,91,0,128.0,16.5,,,
11006-1901,97,7,274.0,2.5,,,
11004-9102,432,1,249.0,31.0,,,
11004-6102,275,203,69.0,89.5,348.0,6.0,81.0
11006-3701,146,0,129.0,34.0,,,
11006-12705,294,0,43.0,12.0,,,
11006-12702,586,11,163.0,0.5,,,
11006-3703,180,0,127.0,7.5,,,
11006-3704,182,0,105.0,11.0,,,
10846-9102,456,456,213.0,1.5,216.0,1.0,3.0
11006-6101,150,0,200.0,29.499999999999996,,,
11006-12703,536,5,187.0,2.0,,,
11006-9102,168,0,318.0,12.0,,,
11007-12701,159,0,150.0,4.5,,,
11006-3702,188,194,261.0,19.0,267.0,4.5,6.0
11006-6104,229,0,163.0,15.5,,,
11006-12704,633,7,87.0,2.5,,,
11006-6102,319,31,311.0,4.5,,,
11007-1901,111,1,4.0,4.5000000000000036,,,
11007-12704,186,0,83.0,89.5,,,
11007-3703,136,0,283.0,14.5,,,
11007-12703,246,0,10.0,66.0,,,
11007-3701,194,1,337.0,10.5,,,
11004-12705,586,553,111.0,1.0,112.0,0.5,1.0
11007-6103,103,0,192.0,24.999999999999996,,,
11007-3704,192,0,211.0,5.5,,,
11007-6101,146,0,26.0,89.5,,,
11004-12703,676,512,47.0,2.5,48.0,1.0,1.0
11007-6102,161,2,84.0,23.0,,,
11004-12701,632,617,276.0,8.5,285.0,2.5,9.0
11009-1901,82,1,319.0,44.5,,,
11009-12702,179,7,224.0,11.0,,,
11009-6104,90,1,79.0,89.5,,,
11009-1902,99,99,359.0,12.000000000000004,356.0,5.999999999999998,3.0
11007-12702,642,0,217.0,5.0,,,
11009-6103,213,2,325.0,22.0,,,
11009-6101,297,3,79.0,7.5,,,
11007-9101,431,0,289.0,2.5,,,
11009-3704,176,188,207.0,89.5,229.0,6.0,22.0
11010-1902,90,1,26.0,6.5,,,
11009-6102,168,206,121.0,6.5,127.0,1.5,6.0
11009-12705,392,157,312.0,1.5,308.0,1.5,4.0
11010-3701,160,109,337.0,2.5,339.0,2.0,2.0
11010-3703,197,17,104.0,3.5,,,
11009-9101,318,246,85.0,2.0,84.0,1.0,1.0
11010-3702,197,197,122.0,3.5,119.0,2.0,3.0
11010-12703,229,320,129.0,6.5,115.0,0.5,14.0
11010-12701,680,26,30.0,5.0,,,
11010-6101,306,190,37.0,14.0,35.0,12.5,2.0
11009-12704,559,495,347.0,2.5,346.0,1.5,1.0
11009-12703,488,573,0.0,14.499999999999998,4.0,1.5,4.0
11009-12701,557,564,22.0,5.5,29.0,3.0,7.0
11011-1901,91,3,88.0,2.5,,,
11011-12704,161,57,347.0,0.5,311.0,9.5,36.0
11010-6103,329,324,248.0,9.0,250.0,4.5,2.0
11011-12701,411,2,143.0,32.5,,,
11011-3701,190,10,60.0,25.0,,,
11011-1902,98,98,266.0,7.0,258.0,7.0,8.0
11011-3704,122,35,282.0,3.0,,,
11010-6104,324,322,195.0,2.5,190.0,2.0,5.0
11011-3702,184,88,176.0,4.499999999999998,201.0,7.0,25.0
11011-9101,271,11,252.0,2.0,,,
11011-12705,300,255,131.0,2.5,132.0,3.0,1.0
11010-12704,595,621,301.0,5.0,289.0,2.5,12.0
11010-9101,482,480,24.0,3.0,25.0,1.5,1.0
11012-1901,67,1,41.0,7.0,,,
11011-6104,154,232,253.0,10.5,243.0,4.0,10.0
11012-1902,96,4,160.0,7.0,,,
11011-6102,263,218,348.0,29.0,16.0,6.5,28.0
11010-9102,478,475,248.0,2.5,251.0,0.5,3.0
11012-3704,130,29,5.0,3.0,,,
11012-3701,192,4,205.0,3.0,,,
11012-3703,193,20,68.0,89.0,,,
11012-12703,316,229,237.0,7.5,233.0,0.5,4.0
11012-3702,129,108,97.0,24.0,259.0,2.5,162.0
11012-12701,381,317,259.0,2.0,259.0,0.5,0.0
11012-12704,286,271,90.0,2.5,88.0,1.5,2.0
11012-6103,134,82,172.0,6.0,185.0,5.000000000000002,13.0
11012-6101,158,202,144.0,7.0,133.0,3.0,11.0
11012-6102,177,128,211.0,5.0,209.0,2.5,2.0
11011-12703,658,642,117.0,8.0,125.0,3.0,8.0
11013-1901,93,12,283.0,13.0,,,
11012-9101,304,93,291.0,1.5,286.0,5.5,5.0
11013-1902,91,92,218.0,89.5,210.0,2.5,8.0
11012-6104,312,216,180.0,9.500000000000004,6.0,0.5,174.0
11013-3701,183,183,142.0,3.5,142.0,3.0,0.0
11013-12703,271,288,157.0,9.5,153.0,2.0,4.0
11012-12702,678,649,143.0,1.0,142.0,0.5,1.0
11013-3702,192,192,150.0,2.0,139.0,1.0,11.0
11013-12705,331,295,76.0,13.5,71.0,4.5,5.0
11013-3704,169,182,124.0,6.5,124.0,3.0,0.0
11013-3703,189,186,175.0,9.999999999999998,161.0,4.0,14.0
11012-9102,496,451,333.0,2.0,333.0,1.0,0.0
11013-6103,130,120,107.0,30.5,102.0,9.5,5.0
11012-12705,686,681,321.0,1.0,319.0,1.5,2.0
11013-12704,382,487,293.0,8.0,289.0,2.0,4.0
11013-9101,290,31,281.0,4.0,,,
11014-1901,79,0,180.0,38.5,,,
11014-1902,94,4,350.0,8.999999999999998,,,
11013-9102,167,171,244.0,7.5,243.0,1.0,1.0
11013-12701,696,513,203.0,9.0,223.0,11.0,20.0
11014-12703,337,0,349.0,19.5,,,
11013-6101,263,312,0.0,1.0000000000000036,328.0,1.0,32.0
11014-12704,246,7,236.0,0.5,,,
11014-3701,135,0,305.0,16.0,,,
11013-6102,288,307,317.0,14.0,292.0,5.0,25.0
11014-3702,164,0,66.0,3.5,,,
11014-12702,484,0,208.0,8.0,,,
11014-12701,266,236,135.0,4.5,134.0,1.0,1.0
11014-3703,189,0,137.0,15.0,,,
11013-12702,663,649,216.0,1.5,217.0,1.0,1.0
11014-6101,252,2,287.0,5.5,,,
11015-12704,128,0,271.0,24.5,,,
11014-6103,244,0,314.0,25.5,,,
11015-1901,92,0,189.0,7.0,,,
11014-9102,239,0,58.0,40.5,,,
11015-12701,189,0,91.0,33.5,,,
11015-1902,97,13,224.0,6.0,,,
11014-6104,317,14,279.0,5.5,,,
11014-6102,306,52,225.0,1.5,230.0,4.0,5.0
11015-3704,112,0,306.0,89.5,,,
11015-3702,158,1,180.0,6.500000000000008,,,
11015-3701,182,0,329.0,12.5,,,
11014-12705,656,47,274.0,2.5,,,
11015-6101,199,0,301.0,28.5,,,
11015-6103,165,10,196.0,8.0,,,
11014-9101,300,180,159.0,2.0,161.0,3.0,2.0
11015-3703,130,121,283.0,11.5,275.0,5.5,8.0
11015-6104,186,0,88.0,18.5,,,
11015-12705,495,1,86.0,5.0,,,
11015-12702,520,4,240.0,3.0,,,
11015-6102,313,14,171.0,3.0,,,
11016-12705,214,0,15.0,47.5,,,
11016-1901,100,100,121.0,2.5,120.0,1.5,1.0
11016-3701,197,1,248.0,7.5,,,
11015-9102,335,0,40.0,12.0,,,
11016-3703,198,42,294.0,5.5,,,
11016-6101,197,35,241.0,7.0,,,
11016-3702,143,126,337.0,11.5,338.0,5.5,1.0
11016-6103,179,0,162.0,0.5,,,
11017-1901,95,25,82.0,10.5,,,
11017-1902,80,24,136.0,36.0,,,
11016-6104,315,31,163.0,11.0,,,
11010-3703,197,17,104.0,3.5,,,
11010-3702,197,197,122.0,3.5,119.0,2.0,3.0
11010-6101,306,190,37.0,14.0,35.0,12.5,2.0
11009-9101,318,246,85.0,2.0,84.0,1.0,1.0
11010-12703,229,320,129.0,6.5,115.0,0.5,14.0
11010-12701,680,26,30.0,5.0,,,
11010-6103,329,324,248.0,9.0,250.0,4.5,2.0
11009-12703,488,573,0.0,14.499999999999998,4.0,1.5,4.0
11009-12704,559,495,347.0,2.5,346.0,1.5,1.0
11009-12701,557,564,22.0,5.5,29.0,3.0,7.0
11011-1901,91,3,88.0,2.5,,,
11011-12704,161,57,347.0,0.5,311.0,9.5,36.0
11011-12701,411,2,143.0,32.5,,,
11010-6104,324,322,195.0,2.5,190.0,2.0,5.0
11011-3704,122,35,282.0,3.0,,,
11011-3701,190,10,60.0,25.0,,,
11011-1902,98,98,266.0,7.0,258.0,7.0,8.0
11011-3702,184,88,176.0,4.499999999999998,201.0,7.0,25.0
11010-12704,595,621,301.0,5.0,289.0,2.5,12.0
11010-9101,482,480,24.0,3.0,25.0,1.5,1.0
11011-12705,300,255,131.0,2.5,132.0,3.0,1.0
11010-9102,478,475,248.0,2.5,251.0,0.5,3.0
11011-9101,271,11,252.0,2.0,,,
11011-6102,263,218,348.0,29.0,16.0,6.5,28.0
11012-1901,67,1,41.0,7.0,,,
11011-6104,154,232,253.0,10.5,243.0,4.0,10.0
11012-1902,96,4,160.0,7.0,,,
11012-3704,130,29,5.0,3.0,,,
11012-3701,192,4,205.0,3.0,,,
11012-3703,193,20,68.0,89.0,,,
11012-3702,129,108,97.0,24.0,259.0,2.5,162.0
11012-12703,316,229,237.0,7.5,233.0,0.5,4.0
11012-12701,381,317,259.0,2.0,259.0,0.5,0.0
11012-12704,286,271,90.0,2.5,88.0,1.5,2.0
11011-12703,658,642,117.0,8.0,125.0,3.0,8.0
11012-6103,134,82,172.0,6.0,185.0,5.000000000000002,13.0
11012-6102,177,128,211.0,5.0,209.0,2.5,2.0
11012-6101,158,202,144.0,7.0,133.0,3.0,11.0
11012-9101,304,93,291.0,1.5,286.0,5.5,5.0
11012-6104,312,216,180.0,9.500000000000004,6.0,0.5,174.0
11013-1901,93,12,283.0,13.0,,,
11013-1902,91,92,218.0,89.5,210.0,2.5,8.0
11013-12703,271,288,157.0,9.5,153.0,2.0,4.0
11012-12702,678,649,143.0,1.0,142.0,0.5,1.0
11013-12705,331,295,76.0,13.5,71.0,4.5,5.0
11013-3701,183,183,142.0,3.5,142.0,3.0,0.0
11012-9102,496,451,333.0,2.0,333.0,1.0,0.0
11013-12704,382,487,293.0,8.0,289.0,2.0,4.0
11012-12705,686,681,321.0,1.0,319.0,1.5,2.0
11013-3702,192,192,150.0,2.0,139.0,1.0,11.0
11013-3703,189,186,175.0,9.999999999999998,161.0,4.0,14.0
11013-3704,169,182,124.0,6.5,124.0,3.0,0.0
11013-6103,130,120,107.0,30.5,102.0,9.5,5.0
11013-12701,696,513,203.0,9.0,223.0,11.0,20.0
11013-9101,290,31,281.0,4.0,,,
11014-1901,79,0,180.0,38.5,,,
11013-9102,167,171,244.0,7.5,243.0,1.0,1.0
11013-6102,288,307,317.0,14.0,292.0,5.0,25.0
11013-6101,263,312,0.0,1.0000000000000036,328.0,1.0,32.0
11013-12702,663,649,216.0,1.5,217.0,1.0,1.0
11014-12703,337,0,349.0,19.5,,,
11014-1902,94,4,350.0,8.999999999999998,,,
11014-12704,246,7,236.0,0.5,,,
11014-3701,135,0,305.0,16.0,,,
11014-12701,266,236,135.0,4.5,134.0,1.0,1.0
11014-12702,484,0,208.0,8.0,,,
11014-3702,164,0,66.0,3.5,,,
11014-3703,189,0,137.0,15.0,,,
11014-6103,244,0,314.0,25.5,,,
11014-6101,252,2,287.0,5.5,,,
11015-12701,189,0,91.0,33.5,,,
11015-12704,128,0,271.0,24.5,,,
11014-9102,239,0,58.0,40.5,,,
11014-6102,306,52,225.0,1.5,230.0,4.0,5.0
11014-6104,317,14,279.0,5.5,,,
11015-1901,92,0,189.0,7.0,,,
11015-1902,97,13,224.0,6.0,,,
11014-12705,656,47,274.0,2.5,,,
11015-3702,158,1,180.0,6.500000000000008,,,
11015-3704,112,0,306.0,89.5,,,
11015-3701,182,0,329.0,12.5,,,
11014-9101,300,180,159.0,2.0,161.0,3.0,2.0
11015-6101,199,0,301.0,28.5,,,
11015-3703,130,121,283.0,11.5,275.0,5.5,8.0
11015-6103,165,10,196.0,8.0,,,
11015-12702,520,4,240.0,3.0,,,
11015-6104,186,0,88.0,18.5,,,
11015-6102,313,14,171.0,3.0,,,
11015-12705,495,1,86.0,5.0,,,
11016-12705,214,0,15.0,47.5,,,
11016-3701,197,1,248.0,7.5,,,
11016-1901,100,100,121.0,2.5,120.0,1.5,1.0
11015-9102,335,0,40.0,12.0,,,
11016-3703,198,42,294.0,5.5,,,
11016-3702,143,126,337.0,11.5,338.0,5.5,1.0
11016-6101,197,35,241.0,7.0,,,
11016-6103,179,0,162.0,0.5,,,
11016-6102,342,35,23.0,60.0,,,
11017-1901,95,25,82.0,10.5,,,
11016-6104,315,31,163.0,11.0,,,
11016-6102,342,35,23.0,60.0,,,
11017-3702,154,10,104.0,6.0,,,
11017-3703,155,0,21.0,89.5,,,
11016-9101,197,238,287.0,6.0,284.0,2.0,3.0
11016-12701,288,440,11.0,10.5,352.0,1.0,19.0
11017-3704,140,151,269.0,4.0,92.0,2.0,177.0
11017-6104,188,226,101.0,2.0,101.0,1.0,0.0
11017-6101,206,217,136.0,2.5,138.0,1.5,2.0
11017-9102,338,23,166.0,7.0,,,
11018-1901,93,6,335.0,4.5,,,
11017-6103,320,335,205.0,4.0,203.0,1.5,2.0
11018-12701,275,201,12.0,8.0,34.0,14.5,22.0
11017-12701,639,369,226.0,2.0,242.0,1.0,16.0
11016-12703,689,586,269.0,0.5,271.0,0.5,2.0
11018-12705,379,30,287.0,6.0,,,
11018-3701,180,171,54.0,2.0,56.0,1.0,2.0
11018-12703,411,211,64.0,14.5,64.0,5.5,0.0
11018-3702,188,188,83.0,5.5,83.0,3.0,0.0
11017-12705,601,574,254.0,4.0,256.0,2.0,2.0
11018-6104,222,104,179.0,79.5,351.0,13.500000000000002,172.0
11017-9101,475,465,10.0,2.0,9.0,1.0,1.0
11018-3703,187,190,175.0,3.0,167.0,2.5,8.0
11019-1902,98,18,236.0,2.0,,,
11017-12704,674,675,292.0,2.0,289.0,1.0,3.0
11017-12703,685,676,26.0,2.5,23.0,1.0,3.0
11019-1901,97,86,286.0,11.0,75.0,0.5,149.0
11019-3704,103,0,105.0,9.5,,,
11019-3703,192,97,310.0,4.0,313.0,3.0,3.0
11019-6102,228,0,91.0,89.5,,,
11019-3701,190,190,215.0,2.0,217.0,1.0,2.0
11019-12703,304,257,100.0,3.5,97.0,1.5,3.0
11019-6101,170,219,110.0,6.5,115.0,2.5,5.0
11019-12701,357,392,180.0,1.4999999999999978,177.0,0.5,3.0
11019-9102,166,54,227.0,10.0,240.0,8.5,13.0
11019-12704,369,317,250.0,0.5,251.0,1.0,1.0
11020-1901,95,81,260.0,15.0,73.0,2.0,173.0
11018-9101,484,466,99.0,1.0,98.0,0.5,1.0
11018-9102,441,444,274.0,6.5,276.0,2.5,2.0
11020-1902,104,75,99.0,2.0,225.0,0.5,126.0
11020-3703,159,71,283.0,2.0,113.0,2.0,170.0
11019-6104,316,316,281.0,6.0,278.0,2.5,3.0
11020-12705,184,250,353.0,0.5,234.0,0.5,119.0
11019-9101,474,197,352.0,2.5,3.0,1.0,11.0
11020-3702,198,191,140.0,3.5,143.0,2.0,3.0
11020-3704,191,175,47.0,21.5,66.0,6.5,19.0
11020-12704,680,2,55.0,13.5,,,
11021-12703,113,159,264.0,11.5,265.0,2.0,1.0
11021-1901,90,69,51.0,3.0,71.0,6.0,20.0
11021-12705,265,0,289.0,89.5,,,
11020-9101,463,5,45.0,1.5,,,
11021-1902,99,95,97.0,2.0,95.0,0.5,2.0
11020-6101,266,312,318.0,16.0,308.0,4.0,10.0
11020-6102,271,318,68.0,8.5,67.0,3.5,1.0
11021-3704,186,27,166.0,3.5,,,
11019-12702,659,676,69.0,2.5,74.0,1.0,5.0
11021-3702,163,97,252.0,3.0,337.0,3.0,85.0
11020-9102,482,208,292.0,2.5,295.0,1.5,3.0
11021-12704,299,300,342.0,20.0,347.0,3.0,5.0
11022-1901,94,1,320.0,4.5,,,
11021-6102,207,200,61.0,2.0,64.0,1.0,3.0
11022-1902,94,0,38.0,16.0,,,
11021-12702,424,426,255.0,11.5,195.0,14.5,60.0
11021-6101,307,233,229.0,17.0,282.0,1.5,53.0
11022-3701,203,0,344.0,7.5,,,
11022-12702,176,257,21.0,47.50000000000001,48.0,5.0,27.0
11021-6103,291,305,319.0,12.0,325.0,2.5,6.0
11022-3704,189,1,169.0,4.5,,,
11022-3703,164,144,341.0,8.0,342.0,4.5,1.0
11022-3702,190,190,177.0,2.5000000000000036,177.0,2.0,0.0
11022-6102,307,0,334.0,6.5,,,
11022-6103,233,95,1.0,2.499999999999999,5.0,3.0,4.0
11022-6101,224,177,144.0,8.0,158.0,4.0,14.0
11021-9102,389,388,62.0,89.5,93.0,10.5,31.0
11022-12704,342,420,80.0,2.0,81.0,1.0,1.0
11021-9101,475,399,204.0,1.5,199.0,2.5,5.0
11022-12705,406,395,156.0,1.0,123.0,0.5,33.0
11022-9101,225,120,243.0,12.0,304.0,6.0,61.0
11024-3702,102,29,256.0,30.0,,,
11022-9102,370,24,166.0,0.5,,,
11024-12701,220,143,230.0,2.5,229.0,0.5,1.0
11022-6104,283,275,131.0,2.5,129.0,1.0,2.0
11024-3701,198,76,52.0,3.0,45.0,0.5,7.0
11024-12702,425,5,27.0,6.0,,,
11024-6102,201,1,199.0,23.0,,,
11024-3703,149,160,179.0,32.5,183.0,10.500000000000002,4.0
11024-12705,398,0,169.0,11.000000000000004,,,
11025-1901,97,0,8.0,6.5,,,
11024-6103,245,83,318.0,19.0,29.0,1.0,71.0
11024-6101,280,242,345.0,19.0,342.0,2.5,3.0
11022-12703,677,677,352.0,4.0,350.0,2.0,2.0
11025-12702,269,80,221.0,1.0,108.0,0.5,113.0
11024-12704,651,120,341.0,5.0,26.0,32.5,45.0
11025-3703,192,20,134.0,1.5,,,
11025-3704,192,7,203.0,2.0,,,
11025-3701,108,139,138.0,73.5,312.0,89.5,174.0
11024-12703,472,424,106.0,18.0,112.0,1.0,6.0
11025-6103,185,47,350.0,63.0,,,
11024-9101,397,326,78.0,2.0,78.0,2.5,0.0
11025-6102,279,7,302.0,3.0,,,
11024-9102,344,341,62.0,5.5,63.0,2.5,1.0
11742-1901,87,0,288.0,21.0,,,
11025-6104,289,78,148.0,7.5,128.0,3.5,20.0
11742-3701,187,0,223.0,4.0,,,
11025-12705,684,240,271.0,3.5,351.0,1.0,80.0
11025-12703,500,485,13.0,9.0,355.0,4.0,18.0
11742-3702,165,167,42.0,6.5,44.0,1.5,2.0
11742-12701,308,323,102.0,2.0,102.0,1.0,0.0
11742-3703,198,128,313.0,3.5,227.0,2.0,86.0
11742-12702,361,346,229.0,13.5,220.0,4.5,9.0
11742-3704,163,162,239.0,5.0,241.0,1.5,2.0
11742-6101,302,1,18.0,28.499999999999996,,,
11742-12705,691,19,261.0,20.0,,,
11025-9101,397,416,131.0,12.5,148.0,4.0,17.0
11025-12701,583,631,194.0,1.5,195.0,0.5,1.0
11025-9102,409,478,351.0,8.0,351.0,0.5,0.0
11742-6102,146,138,143.0,23.0,146.0,6.0,3.0
11743-1902,94,5,226.0,2.0,,,
11743-1901,89,95,63.0,5.5,62.0,2.5,1.0
11743-3703,150,1,86.0,3.5,,,
11742-9101,408,40,13.0,2.5,,,
11742-6104,309,183,202.0,3.0,202.0,1.5,0.0
11742-9102,295,190,242.0,8.5,240.0,4.0,2.0
11743-12701,197,260,14.0,7.0,10.0,1.0,4.0
11743-3701,135,190,81.0,11.0,97.0,2.5,16.0
11743-6103,208,12,329.0,2.5,,,
11742-12704,692,628,55.0,4.5,55.0,2.0,0.0
11743-6102,206,121,107.0,3.5,107.0,2.0,0.0
11743-12704,375,328,129.0,2.0,130.0,0.5,1.0
11743-6101,313,287,279.0,2.0,279.0,1.0,0.0
11743-9101,237,189,100.0,3.0,95.0,1.5,5.0
11744-1901,88,91,185.0,89.5,255.0,28.5,70.0
11744-12702,482,1,200.0,89.5,,,
11744-1902,101,100,281.0,10.5,267.0,9.0,14.0
11743-6104,321,312,260.0,3.0,261.0,1.0,1.0
11743-12705,457,548,305.0,2.0,304.0,1.0,1.0
11744-6104,301,2,275.0,89.5,,,
11744-12704,269,283,259.0,10.0,254.0,3.5,5.0
11744-12703,643,17,40.0,89.5,,,
11743-12702,550,588,109.0,11.5,118.0,4.0,9.0
11745-1901,102,29,128.0,29.5,,,
11743-9102,481,449,44.0,1.5,44.0,0.5,0.0
11745-3702,146,0,39.0,38.5,,,
11744-6103,288,285,248.0,2.5,248.0,2.0,0.0
11745-1902,106,106,353.0,4.5,350.0,2.0,3.0
11744-12701,542,494,183.0,1.0,182.0,0.5,1.0
11745-12704,223,232,353.0,28.500000000000004,1.0,5.500000000000008,8.0
11744-9101,447,190,187.0,5.0,185.0,6.0000000000000036,2.0
11745-3704,104,77,168.0,5.0,171.0,5.0,3.0
11745-9102,95,3,155.0,53.5,,,
11745-3701,170,198,201.0,4.5,195.0,2.0,6.0
11745-3703,144,159,98.0,13.0,91.0,4.0,7.0
11745-6103,120,83,192.0,18.000000000000007,179.0,3.499999999999999,13.0
11745-12702,424,277,151.0,1.5,152.0,1.0,1.0
11746-3702,138,1,309.0,3.5,,,
11746-3703,149,148,187.0,2.5,186.0,1.5,1.0
11746-3701,186,120,307.0,3.5,305.0,2.5,2.0
11746-3704,188,188,344.0,2.5,342.0,1.5,2.0
11745-12703,548,590,212.0,6.0,211.0,1.5,1.0
11745-6104,321,324,213.0,2.0,212.0,1.0,1.0
11746-9101,98,40,347.0,6.0,,,
11746-6101,253,140,127.0,2.5,119.0,2.5,8.0
11745-12705,635,571,138.0,1.0,137.0,0.5,1.0
11745-9101,430,450,79.0,4.5,77.0,1.5,2.0
11746-12704,389,404,129.0,3.0,128.0,0.5,1.0
11746-12702,346,424,268.0,12.0,271.0,2.0,3.0
11746-6102,317,57,356.0,4.000000000000005,91.0,2.0,95.0
11746-6103,311,85,170.0,14.0,67.0,0.5,103.0
11746-6104,319,69,314.0,5.0,330.0,0.5,16.0
11746-12705,455,429,195.0,5.5,192.0,1.5,3.0
11747-1901,99,57,307.0,30.5,47.0,25.0,100.0
11747-3702,153,1,209.0,12.5,,,
11746-12701,564,402,218.0,2.0,220.0,0.5,2.0
11747-3704,207,3,181.0,3.500000000000006,,,
11747-6103,238,10,355.0,1.5,,,
11747-6104,240,1,308.0,89.5,,,
11747-3701,205,210,159.0,2.0,145.0,4.5,14.0
11748-1901,82,0,30.0,27.5,,,
11747-6102,156,198,81.0,27.5,112.0,5.5,31.0
11748-1902,87,2,126.0,11.0,,,
11747-12701,426,370,36.0,29.999999999999996,33.0,9.0,3.0
11748-3702,191,0,240.0,4.5,,,
11747-9101,295,186,229.0,2.5,227.0,1.0,2.0
11747-12702,397,402,52.0,2.5,53.0,1.5,1.0
11748-3703,199,0,87.0,30.0,,,
11747-12705,451,370,211.0,3.0,210.0,2.0,1.0
11748-9101,137,0,329.0,28.5,,,
11748-3704,195,106,328.0,3.0,308.0,4.5,20.0
11748-6101,244,67,104.0,11.5,100.0,17.0,4.0
11749-1902,81,12,190.0,89.5,,,
11749-1901,96,0,342.0,20.500000000000007,,,
11749-12705,105,58,143.0,0.5,61.0,1.5,82.0
11748-6103,331,51,38.0,2.5,63.0,1.0,25.0
11747-9102,400,420,95.0,4.5,92.0,2.0,3.0
11748-12703,382,405,162.0,4.0,157.0,1.5,5.0
11747-12703,687,518,131.0,2.5,23.0,0.5,108.0
11749-3701,179,109,176.0,3.5000000000000036,180.0,2.9999999999999996,4.0
11749-3704,123,126,340.0,4.0,337.0,2.5,3.0
11749-3703,187,55,228.0,4.0,228.0,3.0,0.0
11749-6104,230,62,34.0,7.0,65.0,2.5,31.0
11748-9102,378,266,119.0,10.0,130.0,5.5,11.0
11017-1902,80,24,136.0,36.0,,,
11016-12701,288,440,11.0,10.5,352.0,1.0,19.0
11016-9101,197,238,287.0,6.0,284.0,2.0,3.0
11017-3702,154,10,104.0,6.0,,,
11017-3703,155,0,21.0,89.5,,,
11017-3704,140,151,269.0,4.0,92.0,2.0,177.0
11017-6101,206,217,136.0,2.5,138.0,1.5,2.0
11017-6104,188,226,101.0,2.0,101.0,1.0,0.0
11017-9102,338,23,166.0,7.0,,,
11017-6103,320,335,205.0,4.0,203.0,1.5,2.0
11016-12703,689,586,269.0,0.5,271.0,0.5,2.0
11017-12701,639,369,226.0,2.0,242.0,1.0,16.0
11018-1901,93,6,335.0,4.5,,,
11018-12705,379,30,287.0,6.0,,,
11017-12703,685,676,26.0,2.5,23.0,1.0,3.0
11017-12705,601,574,254.0,4.0,256.0,2.0,2.0
11018-12701,275,201,12.0,8.0,34.0,14.5,22.0
11017-9101,475,465,10.0,2.0,9.0,1.0,1.0
11017-12704,674,675,292.0,2.0,289.0,1.0,3.0
11018-3701,180,171,54.0,2.0,56.0,1.0,2.0
11018-3702,188,188,83.0,5.5,83.0,3.0,0.0
11018-12703,411,211,64.0,14.5,64.0,5.5,0.0
11018-3703,187,190,175.0,3.0,167.0,2.5,8.0
11019-1902,98,18,236.0,2.0,,,
11018-6104,222,104,179.0,79.5,351.0,13.500000000000002,172.0
11019-1901,97,86,286.0,11.0,75.0,0.5,149.0
11019-3704,103,0,105.0,9.5,,,
11019-12703,304,257,100.0,3.5,97.0,1.5,3.0
11019-3701,190,190,215.0,2.0,217.0,1.0,2.0
11019-3703,192,97,310.0,4.0,313.0,3.0,3.0
11019-6102,228,0,91.0,89.5,,,
11019-6101,170,219,110.0,6.5,115.0,2.5,5.0
11019-12701,357,392,180.0,1.4999999999999978,177.0,0.5,3.0
11019-12704,369,317,250.0,0.5,251.0,1.0,1.0
11019-9102,166,54,227.0,10.0,240.0,8.5,13.0
11018-9101,484,466,99.0,1.0,98.0,0.5,1.0
11018-9102,441,444,274.0,6.5,276.0,2.5,2.0
11020-1901,95,81,260.0,15.0,73.0,2.0,173.0
11020-1902,104,75,99.0,2.0,225.0,0.5,126.0
11020-3703,159,71,283.0,2.0,113.0,2.0,170.0
11019-6104,316,316,281.0,6.0,278.0,2.5,3.0
11020-12705,184,250,353.0,0.5,234.0,0.5,119.0
11019-9101,474,197,352.0,2.5,3.0,1.0,11.0
11020-3702,198,191,140.0,3.5,143.0,2.0,3.0
11020-12704,680,2,55.0,13.5,,,
11020-3704,191,175,47.0,21.5,66.0,6.5,19.0
11019-12702,659,676,69.0,2.5,74.0,1.0,5.0
11021-1901,90,69,51.0,3.0,71.0,6.0,20.0
11021-1902,99,95,97.0,2.0,95.0,0.5,2.0
11021-12703,113,159,264.0,11.5,265.0,2.0,1.0
11021-12705,265,0,289.0,89.5,,,
11020-6101,266,312,318.0,16.0,308.0,4.0,10.0
11020-9101,463,5,45.0,1.5,,,
11020-6102,271,318,68.0,8.5,67.0,3.5,1.0
11021-3704,186,27,166.0,3.5,,,
11021-3702,163,97,252.0,3.0,337.0,3.0,85.0
11020-9102,482,208,292.0,2.5,295.0,1.5,3.0
11021-12704,299,300,342.0,20.0,347.0,3.0,5.0
11021-6102,207,200,61.0,2.0,64.0,1.0,3.0
11021-6101,307,233,229.0,17.0,282.0,1.5,53.0
11022-1901,94,1,320.0,4.5,,,
11021-12702,424,426,255.0,11.5,195.0,14.5,60.0
11022-12702,176,257,21.0,47.50000000000001,48.0,5.0,27.0
11022-1902,94,0,38.0,16.0,,,
11021-6103,291,305,319.0,12.0,325.0,2.5,6.0
11022-3701,203,0,344.0,7.5,,,
11022-3704,189,1,169.0,4.5,,,
11021-9102,389,388,62.0,89.5,93.0,10.5,31.0
11022-3703,164,144,341.0,8.0,342.0,4.5,1.0
11021-9101,475,399,204.0,1.5,199.0,2.5,5.0
11022-3702,190,190,177.0,2.5000000000000036,177.0,2.0,0.0
11022-6102,307,0,334.0,6.5,,,
11022-12704,342,420,80.0,2.0,81.0,1.0,1.0
11022-6101,224,177,144.0,8.0,158.0,4.0,14.0
11022-12705,406,395,156.0,1.0,123.0,0.5,33.0
11022-6103,233,95,1.0,2.499999999999999,5.0,3.0,4.0
11022-9101,225,120,243.0,12.0,304.0,6.0,61.0
11022-9102,370,24,166.0,0.5,,,
11024-12701,220,143,230.0,2.5,229.0,0.5,1.0
11024-3702,102,29,256.0,30.0,,,
11024-3701,198,76,52.0,3.0,45.0,0.5,7.0
11022-6104,283,275,131.0,2.5,129.0,1.0,2.0
11024-12702,425,5,27.0,6.0,,,
11024-12705,398,0,169.0,11.000000000000004,,,
11024-6102,201,1,199.0,23.0,,,
11024-3703,149,160,179.0,32.5,183.0,10.500000000000002,4.0
11022-12703,677,677,352.0,4.0,350.0,2.0,2.0
11024-6103,245,83,318.0,19.0,29.0,1.0,71.0
11025-1901,97,0,8.0,6.5,,,
11024-12704,651,120,341.0,5.0,26.0,32.5,45.0
11024-6101,280,242,345.0,19.0,342.0,2.5,3.0
11025-12702,269,80,221.0,1.0,108.0,0.5,113.0
11024-12703,472,424,106.0,18.0,112.0,1.0,6.0
11025-3703,192,20,134.0,1.5,,,
11025-3704,192,7,203.0,2.0,,,
11025-3701,108,139,138.0,73.5,312.0,89.5,174.0
11024-9102,344,341,62.0,5.5,63.0,2.5,1.0
11025-6103,185,47,350.0,63.0,,,
11024-9101,397,326,78.0,2.0,78.0,2.5,0.0
11025-6102,279,7,302.0,3.0,,,
11749-12703,653,0,264.0,1.5,,,
11750-3703,152,81,327.0,7.0,143.0,3.5,176.0
11750-3702,156,182,274.0,89.5,22.0,6.0,108.0
11750-3701,196,196,91.0,6.5,91.0,3.5,0.0
11750-6104,178,60,175.0,2.0,206.0,25.000000000000004,31.0
11749-9102,402,129,144.0,4.0,126.0,0.5,18.0
11748-12705,686,664,157.0,1.0,157.0,0.5,0.0
11750-6102,206,247,225.0,7.5,218.0,4.0,7.0
11751-1902,74,1,206.0,5.5,,,
11751-1901,93,92,7.0,10.499999999999996,3.0,6.4999999999999964,4.0
11749-12704,648,487,21.0,2.0,23.0,1.0,2.0
11751-12703,188,121,321.0,40.0,332.0,15.5,11.0
11750-9101,287,303,189.0,2.0,193.0,1.0,4.0
11750-9102,279,190,218.0,11.5,301.0,2.5,83.0
11751-6104,118,23,182.0,8.499999999999996,,,
11751-3701,159,190,323.0,5.5,323.0,1.5,0.0
11750-12703,523,499,33.0,89.5,104.0,4.5,71.0
11751-3702,189,188,134.0,44.0,104.0,6.0,30.0
11751-9101,136,145,138.0,10.5,143.0,4.0,5.0
11751-12705,381,370,339.0,3.0,345.0,2.0,6.0
11751-6103,267,247,73.0,10.0,87.0,6.5,14.0
11750-12704,610,614,314.0,4.5,314.0,2.0,0.0
11751-6102,315,294,126.0,1.5,124.0,1.0,2.0
11750-12701,668,665,173.0,2.5,173.0,1.5,0.0
11751-6101,313,289,63.0,1.5,60.0,0.5,3.0
11751-9102,195,191,214.0,5.5,217.0,2.5,3.0
11752-3703,183,23,320.0,5.0,,,
11752-12702,265,157,24.0,3.0,30.0,1.5,6.0
11752-3701,167,78,213.0,89.0,266.0,3.5,53.0
11752-3704,190,88,50.0,3.5,46.0,1.5,4.0
11752-12704,271,226,232.0,3.5,234.0,2.5,2.0
11751-12702,612,674,294.0,12.0,306.0,3.5,12.0
11752-6103,304,75,188.0,1.0,34.0,0.5,154.0
11752-12703,390,286,134.0,9.0,144.0,4.5,10.0
11752-6102,315,93,280.0,16.0,229.0,2.0,51.0
11752-12701,416,501,161.0,43.5,198.0,1.0,37.0
11753-1901,101,101,9.0,6.5,7.0,3.0,2.0
11752-9101,441,2,2.0,26.000000000000007,,,
11753-6101,161,3,86.0,21.5,,,
11752-9102,381,52,77.0,89.5,17.0,3.0,60.0
11752-6104,318,324,287.0,8.0,290.0,2.5,3.0
11753-9102,120,6,239.0,45.0,,,
11753-3704,116,185,172.0,35.0,163.0,7.5,9.0
11753-12701,319,262,344.0,2.5,334.0,0.5,10.0
11753-3703,203,203,70.0,2.5,73.0,1.5,3.0
11754-1901,83,100,83.0,7.0,83.0,2.0,0.0
11754-12702,158,195,65.0,7.0,72.0,3.5,7.0
11754-1902,86,94,331.0,24.5,326.0,6.5,5.0
11753-6104,244,322,39.0,3.5,37.0,1.5,2.0
11752-12705,621,665,72.0,26.5,69.0,11.0,3.0
11753-6103,298,324,172.0,4.0,167.0,2.0,5.0
11753-12702,474,462,229.0,3.5,216.0,1.5,13.0
11753-12705,378,451,255.0,89.5,249.0,3.5,6.0
11754-3702,196,45,265.0,4.0,,,
11754-12704,244,215,342.0,4.0,339.0,1.5,3.0
11754-3701,136,183,176.0,15.00000000000001,146.0,3.5,30.0
11754-3704,145,116,203.0,3.0,201.0,1.5,2.0
11754-12703,679,65,304.0,89.5,193.0,4.0,111.0
11754-6103,247,0,353.0,33.5,,,
11754-9101,272,4,99.0,89.5,,,
11755-12702,112,135,280.0,17.5,265.0,5.0,15.0
11754-9102,193,81,108.0,10.5,101.0,0.5,7.0
11755-3701,150,14,128.0,8.5,,,
11755-1902,102,97,103.0,10.0,77.0,28.0,26.0
11754-12701,512,477,178.0,1.5,178.0,1.0,0.0
11755-3702,173,0,292.0,4.0,,,
11754-6102,313,227,261.0,2.5,255.0,2.5,6.0
11754-6104,321,237,17.0,2.0,19.0,1.0,2.0
11755-6104,157,129,175.0,5.0,177.0,1.5,2.0
11755-9101,108,153,286.0,12.5,255.0,3.0,31.0
11755-3703,154,195,198.0,20.5,167.0,7.5,31.0
11757-12702,199,87,162.0,7.0,154.0,4.5,8.0
11755-12704,275,320,34.0,3.0,36.0,0.5,2.0
11757-1901,93,1,152.0,14.5,,,
11755-6103,325,127,288.0,3.0,290.0,5.0,2.0
11757-1902,92,2,16.0,3.0,,,
11755-12701,358,389,338.0,5.5,342.0,2.0,4.0
11754-12705,659,586,289.0,2.5,288.0,3.0,1.0
11757-3704,188,1,203.0,22.0,,,
11757-3701,168,124,99.0,7.5,104.0,3.5,5.0
11757-6102,257,10,192.0,2.5,,,
11757-12705,250,228,217.0,9.0,219.0,3.5,2.0
11757-6101,297,2,157.0,7.0,,,
11757-3702,181,155,337.0,2.5,337.0,1.0,0.0
11757-6103,327,55,134.0,3.0,131.0,5.0,3.0
11755-12703,584,601,26.0,2.5,24.0,1.0,2.0
11757-9101,253,152,63.0,5.5,68.0,3.5,5.0
11757-9102,409,2,121.0,6.0,,,
11758-3703,185,32,236.0,3.5,,,
11755-9102,492,485,101.0,2.0,99.0,1.0,2.0
11757-6104,287,313,270.0,2.0,269.0,1.0,1.0
11758-3704,184,132,41.0,8.0,58.0,6.5,17.0
11757-12703,659,638,359.0,1.999999999999998,359.0,1.0000000000000036,0.0
11757-12704,688,598,260.0,0.5,263.0,1.0,3.0
11758-9102,121,4,45.0,0.5,,,
11758-6102,257,194,241.0,2.0,240.0,1.5,1.0
11758-12701,664,124,265.0,1.5,176.0,0.5,89.0
11758-12704,365,384,243.0,1.0,253.0,0.5,10.0
11759-1901,94,0,7.0,3.5,,,
11758-6101,319,295,316.0,2.0,139.0,4.5,177.0
11025-6104,289,78,148.0,7.5,128.0,3.5,20.0
11025-12705,684,240,271.0,3.5,351.0,1.0,80.0
11025-12703,500,485,13.0,9.0,355.0,4.0,18.0
11742-1901,87,0,288.0,21.0,,,
11742-12701,308,323,102.0,2.0,102.0,1.0,0.0
11742-3701,187,0,223.0,4.0,,,
11025-12701,583,631,194.0,1.5,195.0,0.5,1.0
11742-12702,361,346,229.0,13.5,220.0,4.5,9.0
11742-12705,691,19,261.0,20.0,,,
11742-3702,165,167,42.0,6.5,44.0,1.5,2.0
11742-3703,198,128,313.0,3.5,227.0,2.0,86.0
11025-9101,397,416,131.0,12.5,148.0,4.0,17.0
11025-9102,409,478,351.0,8.0,351.0,0.5,0.0
11742-3704,163,162,239.0,5.0,241.0,1.5,2.0
11742-6101,302,1,18.0,28.499999999999996,,,
11742-6102,146,138,143.0,23.0,146.0,6.0,3.0
11743-1902,94,5,226.0,2.0,,,
11742-9101,408,40,13.0,2.5,,,
11743-1901,89,95,63.0,5.5,62.0,2.5,1.0
11742-6104,309,183,202.0,3.0,202.0,1.5,0.0
11742-9102,295,190,242.0,8.5,240.0,4.0,2.0
11743-12701,197,260,14.0,7.0,10.0,1.0,4.0
11743-3703,150,1,86.0,3.5,,,
11742-12704,692,628,55.0,4.5,55.0,2.0,0.0
11743-3701,135,190,81.0,11.0,97.0,2.5,16.0
11743-6103,208,12,329.0,2.5,,,
11743-6102,206,121,107.0,3.5,107.0,2.0,0.0
11743-12704,375,328,129.0,2.0,130.0,0.5,1.0
11743-9101,237,189,100.0,3.0,95.0,1.5,5.0
11743-6101,313,287,279.0,2.0,279.0,1.0,0.0
11743-6104,321,312,260.0,3.0,261.0,1.0,1.0
11743-12705,457,548,305.0,2.0,304.0,1.0,1.0
11744-1901,88,91,185.0,89.5,255.0,28.5,70.0
11744-12702,482,1,200.0,89.5,,,
11743-12702,550,588,109.0,11.5,118.0,4.0,9.0
11744-1902,101,100,281.0,10.5,267.0,9.0,14.0
11744-12704,269,283,259.0,10.0,254.0,3.5,5.0
11744-12703,643,17,40.0,89.5,,,
11744-6104,301,2,275.0,89.5,,,
11745-1901,102,29,128.0,29.5,,,
11743-9102,481,449,44.0,1.5,44.0,0.5,0.0
11745-1902,106,106,353.0,4.5,350.0,2.0,3.0
11745-12704,223,232,353.0,28.500000000000004,1.0,5.500000000000008,8.0
11744-6103,288,285,248.0,2.5,248.0,2.0,0.0
11745-3702,146,0,39.0,38.5,,,
11744-12701,542,494,183.0,1.0,182.0,0.5,1.0
11744-9101,447,190,187.0,5.0,185.0,6.0000000000000036,2.0
11745-12702,424,277,151.0,1.5,152.0,1.0,1.0
11745-3701,170,198,201.0,4.5,195.0,2.0,6.0
11745-9102,95,3,155.0,53.5,,,
11745-3704,104,77,168.0,5.0,171.0,5.0,3.0
11745-6103,120,83,192.0,18.000000000000007,179.0,3.499999999999999,13.0
11745-3703,144,159,98.0,13.0,91.0,4.0,7.0
11746-3702,138,1,309.0,3.5,,,
11746-3701,186,120,307.0,3.5,305.0,2.5,2.0
11746-3703,149,148,187.0,2.5,186.0,1.5,1.0
11745-6104,321,324,213.0,2.0,212.0,1.0,1.0
11745-12703,548,590,212.0,6.0,211.0,1.5,1.0
11745-12705,635,571,138.0,1.0,137.0,0.5,1.0
11746-12702,346,424,268.0,12.0,271.0,2.0,3.0
11746-12704,389,404,129.0,3.0,128.0,0.5,1.0
11746-3704,188,188,344.0,2.5,342.0,1.5,2.0
11745-9101,430,450,79.0,4.5,77.0,1.5,2.0
11746-9101,98,40,347.0,6.0,,,
11746-12701,564,402,218.0,2.0,220.0,0.5,2.0
11746-6101,253,140,127.0,2.5,119.0,2.5,8.0
11746-6102,317,57,356.0,4.000000000000005,91.0,2.0,95.0
11746-6104,319,69,314.0,5.0,330.0,0.5,16.0
11746-6103,311,85,170.0,14.0,67.0,0.5,103.0
11746-12705,455,429,195.0,5.5,192.0,1.5,3.0
11747-1901,99,57,307.0,30.5,47.0,25.0,100.0
11747-3702,153,1,209.0,12.5,,,
11747-3704,207,3,181.0,3.500000000000006,,,
11747-6103,238,10,355.0,1.5,,,
11747-6104,240,1,308.0,89.5,,,
11747-3701,205,210,159.0,2.0,145.0,4.5,14.0
11747-6102,156,198,81.0,27.5,112.0,5.5,31.0
11748-1901,82,0,30.0,27.5,,,
11748-1902,87,2,126.0,11.0,,,
11747-12701,426,370,36.0,29.999999999999996,33.0,9.0,3.0
11747-9101,295,186,229.0,2.5,227.0,1.0,2.0
11748-3702,191,0,240.0,4.5,,,
11747-12705,451,370,211.0,3.0,210.0,2.0,1.0
11747-12702,397,402,52.0,2.5,53.0,1.5,1.0
11748-3703,199,0,87.0,30.0,,,
11748-9101,137,0,329.0,28.5,,,
11748-3704,195,106,328.0,3.0,308.0,4.5,20.0
11748-6101,244,67,104.0,11.5,100.0,17.0,4.0
11747-9102,400,420,95.0,4.5,92.0,2.0,3.0
11748-6103,331,51,38.0,2.5,63.0,1.0,25.0
11749-12705,105,58,143.0,0.5,61.0,1.5,82.0
11747-12703,687,518,131.0,2.5,23.0,0.5,108.0
11749-1901,96,0,342.0,20.500000000000007,,,
11749-1902,81,12,190.0,89.5,,,
11748-12703,382,405,162.0,4.0,157.0,1.5,5.0
11749-3703,187,55,228.0,4.0,228.0,3.0,0.0
11748-9102,378,266,119.0,10.0,130.0,5.5,11.0
11749-3701,179,109,176.0,3.5000000000000036,180.0,2.9999999999999996,4.0
11749-3704,123,126,340.0,4.0,337.0,2.5,3.0
11749-12703,653,0,264.0,1.5,,,
11758-12703,504,443,24.0,8.0,7.0,1.0,17.0
11759-1902,90,52,356.0,6.500000000000005,169.0,7.5,173.0
11758-6103,319,319,109.0,13.5,115.0,5.5,6.0
11758-12705,663,272,350.0,4.5,349.0,0.5,1.0
11759-3704,142,6,280.0,40.5,,,
11759-3701,149,119,246.0,6.5,248.0,2.0,2.0
11758-12702,657,624,52.0,5.0,57.0,2.0,5.0
11759-12701,305,339,12.0,2.5,15.0,1.0,3.0
11759-3702,186,186,34.0,8.5,36.0,4.5,2.0
11759-3703,180,146,162.0,15.500000000000007,221.0,82.0,59.0
11758-9101,457,473,171.0,22.0,148.0,5.5,23.0
11759-6103,302,23,238.0,8.0,,,
11759-6104,152,111,163.0,89.5,152.0,12.0,11.0
11759-6102,205,250,210.0,1.5,355.0,0.5,145.0
11760-1901,94,94,319.0,6.5,326.0,4.0,7.0
11759-12702,439,562,291.0,1.5,290.0,1.0,1.0
11760-3701,112,152,346.0,22.0,341.0,3.5,5.0
11759-12704,491,437,133.0,6.5,132.0,4.0,1.0
11760-12702,228,229,352.0,16.0,348.0,4.5,4.0
11760-3703,138,99,328.0,3.5,327.0,2.0,1.0
11759-12703,473,598,239.0,1.5,241.0,0.5,2.0
11760-3702,186,188,289.0,4.5,278.0,2.5,11.0
11760-6104,164,8,156.0,76.5,,,
11760-12704,274,247,308.0,4.5,311.0,3.0,3.0
11760-6102,137,195,116.0,12.5,117.0,2.5,1.0
11759-9102,440,322,86.0,4.5,82.0,1.5,4.0
11760-12703,364,376,353.0,6.0,353.0,1.5,0.0
11761-1901,88,90,334.0,17.0,153.0,1.5,179.0
11760-9102,289,195,334.0,3.0,329.0,1.5,5.0
11761-3702,175,0,343.0,89.5,,,
11760-6103,318,318,145.0,2.0,143.0,1.0,2.0
11761-3704,111,18,126.0,8.5,,,
11761-3703,142,189,13.0,6.5,3.0,3.5000000000000004,10.0
11760-12701,667,653,202.0,2.5,204.0,2.0,2.0
11760-9101,471,464,20.0,1.5,20.0,0.5,0.0
11761-6101,318,159,49.0,2.5,53.0,1.0,4.0
11761-6103,174,258,168.0,25.5,174.0,3.5000000000000036,6.0
11761-9101,175,229,106.0,23.5,98.0,3.0,8.0
11761-6104,322,162,208.0,4.0,217.0,3.0,9.0
11823-1902,105,10,322.0,3.5,,,
11823-1901,80,94,29.0,16.0,47.0,29.0,18.0
11823-3701,181,0,84.0,89.5,,,
11823-12701,568,1,192.0,2.5,,,
11823-12703,285,143,238.0,2.5,235.0,0.5,3.0
11761-12702,650,654,301.0,2.0,300.0,1.0,1.0
11823-6101,152,27,264.0,89.5,,,
11823-3704,190,2,231.0,5.5,,,
11823-12705,438,31,228.0,0.5,,,
11761-12701,661,650,345.0,4.0,341.0,2.5,4.0
11761-12705,666,636,309.0,3.0,309.0,0.5,0.0
11761-12703,676,672,217.0,1.5,217.0,0.5,0.0
11761-12704,662,668,140.0,1.5,142.0,0.5,2.0
11823-3703,209,209,335.0,1.5,338.0,1.5,3.0
11823-6102,300,103,278.0,7.0,277.0,4.0,1.0
11824-12703,334,0,8.0,15.500000000000004,,,
11824-1902,88,74,13.0,3.5,26.0,2.0,13.0
11824-1901,87,80,317.0,22.5,338.0,14.0,21.0
11824-3702,168,2,81.0,5.0,,,
11823-12702,483,491,21.0,1.5,21.0,0.5,0.0
11824-3703,171,22,63.0,14.5,,,
11824-3704,186,2,287.0,4.5,,,
11824-6104,168,42,36.0,5.0,,,
11824-3701,186,181,316.0,3.5,319.0,1.5,3.0
11824-6103,260,11,20.0,7.5,,,
11824-12704,678,16,343.0,21.5,,,
11823-9101,387,383,39.0,1.0,44.0,0.5,5.0
11824-9102,157,127,154.0,12.0,155.0,5.0,1.0
11823-9102,484,277,264.0,11.0,278.0,5.5,14.0
11826-1901,93,64,174.0,6.000000000000004,171.0,3.0,3.0
11824-6101,318,164,265.0,1.0,265.0,1.5,0.0
11826-1902,95,104,26.0,9.0,25.0,5.5,1.0
11826-3703,89,70,282.0,8.0,274.0,7.0,8.0
11826-3702,123,99,35.0,17.5,15.0,10.0,20.0
11826-6101,215,1,310.0,23.0,,,
11826-12702,223,282,41.0,8.0,54.0,1.0,13.0
11826-3701,190,204,200.0,6.5,206.0,3.5,6.0
11824-12701,585,613,80.0,3.0,82.0,1.0,2.0
11826-6103,197,184,355.0,3.0,1.0,1.0000000000000049,6.0
11824-9101,476,447,116.0,2.5,118.0,2.0,2.0
11827-12701,201,18,265.0,0.5,,,
11826-12704,390,362,39.0,4.0,47.0,1.5,8.0
11824-12705,642,620,41.0,2.0,43.0,1.0,2.0
11826-9102,310,7,306.0,89.5,,,
11826-6102,308,169,353.0,1.5,352.0,1.0,1.0
11827-12703,292,31,174.0,0.5,,,
11827-3702,167,6,98.0,6.0,,,
11826-6104,332,284,307.0,6.5,303.0,1.0,4.0
11827-3703,189,4,22.0,16.5,,,
11827-12702,437,8,102.0,89.5,,,
11827-3704,188,4,125.0,2.0,,,
11826-12703,390,617,253.0,11.0,258.0,3.0,5.0
11828-12701,222,0,3.0,71.5,,,
11827-9102,297,12,71.0,71.0,,,
11827-6101,317,42,286.0,2.5,,,
11827-6102,149,162,86.0,4.0,91.0,2.5,5.0
11828-1901,97,97,217.0,14.0,218.0,8.0,1.0
11828-3702,165,41,204.0,4.5,,,
11826-9101,487,490,152.0,21.0,142.0,10.0,10.0
11828-6103,276,5,321.0,3.0,,,
11828-6102,212,73,290.0,14.5,288.0,19.0,2.0
11749-6104,230,62,34.0,7.0,65.0,2.5,31.0
11749-9102,402,129,144.0,4.0,126.0,0.5,18.0
11748-12705,686,664,157.0,1.0,157.0,0.5,0.0
11750-3703,152,81,327.0,7.0,143.0,3.5,176.0
11750-3702,156,182,274.0,89.5,22.0,6.0,108.0
11750-3701,196,196,91.0,6.5,91.0,3.5,0.0
11750-6104,178,60,175.0,2.0,206.0,25.000000000000004,31.0
11750-6102,206,247,225.0,7.5,218.0,4.0,7.0
11749-12704,648,487,21.0,2.0,23.0,1.0,2.0
11751-1902,74,1,206.0,5.5,,,
11751-12703,188,121,321.0,40.0,332.0,15.5,11.0
11751-1901,93,92,7.0,10.499999999999996,3.0,6.4999999999999964,4.0
11750-9102,279,190,218.0,11.5,301.0,2.5,83.0
11750-9101,287,303,189.0,2.0,193.0,1.0,4.0
11750-12703,523,499,33.0,89.5,104.0,4.5,71.0
11751-3701,159,190,323.0,5.5,323.0,1.5,0.0
11751-6104,118,23,182.0,8.499999999999996,,,
11751-3702,189,188,134.0,44.0,104.0,6.0,30.0
11750-12701,668,665,173.0,2.5,173.0,1.5,0.0
11751-12705,381,370,339.0,3.0,345.0,2.0,6.0
11750-12704,610,614,314.0,4.5,314.0,2.0,0.0
11751-9101,136,145,138.0,10.5,143.0,4.0,5.0
11751-6101,313,289,63.0,1.5,60.0,0.5,3.0
11751-6103,267,247,73.0,10.0,87.0,6.5,14.0
11751-6102,315,294,126.0,1.5,124.0,1.0,2.0
11751-9102,195,191,214.0,5.5,217.0,2.5,3.0
11752-3703,183,23,320.0,5.0,,,
11752-12702,265,157,24.0,3.0,30.0,1.5,6.0
11752-3701,167,78,213.0,89.0,266.0,3.5,53.0
11751-12702,612,674,294.0,12.0,306.0,3.5,12.0
11752-3704,190,88,50.0,3.5,46.0,1.5,4.0
11752-12704,271,226,232.0,3.5,234.0,2.5,2.0
11752-6102,315,93,280.0,16.0,229.0,2.0,51.0
11752-12703,390,286,134.0,9.0,144.0,4.5,10.0
11752-6103,304,75,188.0,1.0,34.0,0.5,154.0
11752-12701,416,501,161.0,43.5,198.0,1.0,37.0
11752-9101,441,2,2.0,26.000000000000007,,,
11753-1901,101,101,9.0,6.5,7.0,3.0,2.0
11752-9102,381,52,77.0,89.5,17.0,3.0,60.0
11752-6104,318,324,287.0,8.0,290.0,2.5,3.0
11753-3704,116,185,172.0,35.0,163.0,7.5,9.0
11753-6101,161,3,86.0,21.5,,,
11753-12701,319,262,344.0,2.5,334.0,0.5,10.0
11753-3703,203,203,70.0,2.5,73.0,1.5,3.0
11753-9102,120,6,239.0,45.0,,,
11752-12705,621,665,72.0,26.5,69.0,11.0,3.0
11754-12702,158,195,65.0,7.0,72.0,3.5,7.0
11753-12705,378,451,255.0,89.5,249.0,3.5,6.0
11754-1901,83,100,83.0,7.0,83.0,2.0,0.0
11753-6103,298,324,172.0,4.0,167.0,2.0,5.0
11753-12702,474,462,229.0,3.5,216.0,1.5,13.0
11753-6104,244,322,39.0,3.5,37.0,1.5,2.0
11754-12704,244,215,342.0,4.0,339.0,1.5,3.0
11754-1902,86,94,331.0,24.5,326.0,6.5,5.0
11754-3702,196,45,265.0,4.0,,,
11754-3704,145,116,203.0,3.0,201.0,1.5,2.0
11754-3701,136,183,176.0,15.00000000000001,146.0,3.5,30.0
11754-6103,247,0,353.0,33.5,,,
11754-12703,679,65,304.0,89.5,193.0,4.0,111.0
11754-9101,272,4,99.0,89.5,,,
11754-9102,193,81,108.0,10.5,101.0,0.5,7.0
11754-12701,512,477,178.0,1.5,178.0,1.0,0.0
11755-12702,112,135,280.0,17.5,265.0,5.0,15.0
11754-6102,313,227,261.0,2.5,255.0,2.5,6.0
11755-3701,150,14,128.0,8.5,,,
11755-1902,102,97,103.0,10.0,77.0,28.0,26.0
11754-6104,321,237,17.0,2.0,19.0,1.0,2.0
11755-3702,173,0,292.0,4.0,,,
11755-3703,154,195,198.0,20.5,167.0,7.5,31.0
11755-9101,108,153,286.0,12.5,255.0,3.0,31.0
11755-6104,157,129,175.0,5.0,177.0,1.5,2.0
11754-12705,659,586,289.0,2.5,288.0,3.0,1.0
11757-12702,199,87,162.0,7.0,154.0,4.5,8.0
11755-12704,275,320,34.0,3.0,36.0,0.5,2.0
11755-12701,358,389,338.0,5.5,342.0,2.0,4.0
11755-6103,325,127,288.0,3.0,290.0,5.0,2.0
11757-1902,92,2,16.0,3.0,,,
11757-1901,93,1,152.0,14.5,,,
11757-3704,188,1,203.0,22.0,,,
11757-3701,168,124,99.0,7.5,104.0,3.5,5.0
11757-6102,257,10,192.0,2.5,,,
11757-6101,297,2,157.0,7.0,,,
11757-3702,181,155,337.0,2.5,337.0,1.0,0.0
11757-12705,250,228,217.0,9.0,219.0,3.5,2.0
11755-12703,584,601,26.0,2.5,24.0,1.0,2.0
11755-9102,492,485,101.0,2.0,99.0,1.0,2.0
11757-6103,327,55,134.0,3.0,131.0,5.0,3.0
11757-9101,253,152,63.0,5.5,68.0,3.5,5.0
11757-9102,409,2,121.0,6.0,,,
11757-6104,287,313,270.0,2.0,269.0,1.0,1.0
11758-3703,185,32,236.0,3.5,,,
11758-3704,184,132,41.0,8.0,58.0,6.5,17.0
11758-12701,664,124,265.0,1.5,176.0,0.5,89.0
11757-12703,659,638,359.0,1.999999999999998,359.0,1.0000000000000036,0.0
11757-12704,688,598,260.0,0.5,263.0,1.0,3.0
11758-9102,121,4,45.0,0.5,,,
11758-12704,365,384,243.0,1.0,253.0,0.5,10.0
11758-6102,257,194,241.0,2.0,240.0,1.5,1.0
11758-12703,504,443,24.0,8.0,7.0,1.0,17.0
11758-6101,319,295,316.0,2.0,139.0,4.5,177.0
11828-3701,189,152,230.0,2.5,246.0,3.0,16.0
11830-1901,91,39,44.0,8.5,,,
11828-9101,206,249,54.0,6.0,48.0,2.0,6.0
11830-1902,93,65,324.0,7.0,313.0,20.0,11.0
11828-12705,661,225,78.0,16.5,112.0,77.5,34.0
11828-9102,218,382,145.0,5.5,149.0,2.5,4.0
11828-12704,515,492,42.0,2.0,44.0,1.0,2.0
11827-12704,679,679,329.0,1.0,329.0,0.5,0.0
11830-3702,194,194,123.0,2.0,120.0,1.0,3.0
11828-12702,589,575,248.0,17.5,244.0,2.0,4.0
11830-3703,188,132,176.0,5.0000000000000036,174.0,3.0,2.0
11828-12703,673,669,115.0,4.0,114.0,1.5,1.0
11831-12705,245,5,249.0,15.0,,,
11831-1902,75,0,264.0,9.5,,,
11830-6104,316,316,231.0,4.0,232.0,1.5,1.0
11831-1901,94,93,277.0,89.5,294.0,7.5,17.0
11830-9101,480,111,103.0,11.5,89.0,0.5,14.0
11830-12701,614,641,258.0,1.5,256.0,0.5,2.0
11830-12702,687,593,136.0,3.0,139.0,3.5,3.0
11830-12705,650,481,24.0,4.5,24.0,3.0,0.0
11831-3703,185,44,357.0,2.5000000000000036,,,
11831-3701,186,148,262.0,3.5,242.0,4.5,20.0
11831-3704,180,127,184.0,4.5000000000000036,188.0,8.0,4.0
11830-12704,674,649,343.0,1.0,344.0,0.5,1.0
11831-6103,123,99,359.0,69.5,160.0,15.5,161.0
11830-9102,470,456,65.0,1.0,65.0,0.5,0.0
11831-6101,305,287,280.0,3.5,276.0,1.5,4.0
11831-6102,310,295,203.0,3.0,204.0,1.5,1.0
11831-12701,667,518,251.0,0.5,252.0,0.5,1.0
11832-1901,92,72,94.0,3.5,93.0,3.0,1.0
11831-9101,337,315,341.0,4.0,338.0,2.0,3.0
11831-9102,304,397,321.0,3.0,334.0,1.5,13.0
11832-3703,135,0,281.0,7.5,,,
11831-12704,667,666,288.0,3.0,290.0,1.5,2.0
11831-12703,652,650,127.0,2.5,130.0,1.0,3.0
11832-3701,108,161,324.0,3.5,327.0,1.0,3.0
11832-12703,678,0,257.0,89.5,,,
11832-6101,207,2,292.0,13.5,,,
11832-12705,300,256,294.0,5.0,289.0,4.5,5.0
11832-12704,374,344,153.0,7.0,150.0,2.5,3.0
11833-12701,120,115,205.0,13.5,220.0,3.5,15.0
11832-3704,193,191,92.0,4.5,104.0,2.0,12.0
11833-3701,190,40,15.0,2.5,,,
11833-1901,97,96,27.0,3.0,22.0,1.5,5.0
11832-12702,527,457,238.0,1.5,238.0,1.5,0.0
11832-6103,193,224,238.0,4.5,238.0,2.0,0.0
11832-6102,244,195,23.0,2.5,18.0,2.0,5.0
11832-12701,486,506,170.0,7.0,157.0,1.5,13.0
11832-9102,201,186,350.0,9.500000000000005,351.0,2.5,1.0
11833-3703,187,19,22.0,2.5,,,
11833-12704,230,165,88.0,10.5,99.0,5.0,11.0
11833-3704,86,148,100.0,15.0,99.0,2.5,1.0
11834-12701,151,79,357.0,6.500000000000006,344.0,10.000000000000007,13.0
11833-3702,189,168,102.0,0.5,101.0,1.0,1.0
11834-3702,108,0,269.0,6.5,,,
11833-6103,185,207,354.0,7.0,350.0,2.5,4.0
11834-1902,95,78,305.0,32.5,108.0,4.5,163.0
11832-9101,464,367,291.0,1.5,291.0,1.0,0.0
11834-12702,196,205,253.0,17.5,248.0,2.5,5.0
11833-6104,281,261,221.0,3.0,221.0,1.0,0.0
11834-3703,165,0,257.0,4.5,,,
11834-3701,158,142,144.0,5.0,146.0,1.5,2.0
11834-6101,303,2,272.0,89.5,,,
11833-9102,389,404,57.0,1.5,59.0,1.0,2.0
11834-12703,289,377,225.0,7.5,228.0,2.0,3.0
11835-12701,212,47,145.0,5.0,,,
11834-6103,219,144,177.0,6.500000000000006,176.0,2.999999999999998,1.0
11834-6104,270,109,134.0,0.5,199.0,1.0,65.0
11835-1902,100,1,283.0,6.0,,,
11834-6102,205,296,31.0,11.5,25.0,2.5,6.0
11835-3701,187,7,204.0,5.5,,,
11835-3703,168,61,84.0,5.5,69.0,89.5,15.0
11833-12702,677,675,65.0,1.5,66.0,1.0,1.0
11835-12704,379,19,272.0,2.5,,,
11835-6103,160,0,297.0,31.0,,,
11834-9102,291,359,270.0,2.5,270.0,1.5,0.0
11834-12704,456,554,151.0,3.5,150.0,1.5,1.0
11835-3704,181,181,82.0,5.5,77.0,3.0,5.0
11835-12703,542,64,216.0,3.0,224.0,7.5,8.0
11836-1901,80,100,233.0,13.5,232.0,3.0,1.0
11834-9101,482,463,259.0,1.0,261.0,0.5,2.0
11835-6101,280,319,278.0,10.0,268.0,3.5,10.0
11834-12705,652,625,273.0,1.0,273.0,0.5,0.0
11835-6104,289,124,8.0,0.5,2.0,5.0,6.0
11836-1902,97,97,119.0,7.0,120.0,3.0,1.0
11835-9102,469,4,286.0,2.5,,,
11836-3703,180,23,325.0,14.0,,,
11836-3701,136,148,279.0,5.0,291.0,0.5,12.0
11836-3702,197,89,303.0,5.0,308.0,3.5,5.0
11836-12703,646,2,147.0,89.5,,,
11836-6101,135,144,162.0,40.50000000000001,160.0,4.5,2.0
11836-12705,256,348,354.0,19.5,347.0,3.5,7.0
11836-6104,295,8,137.0,5.0,,,
11836-12704,383,323,307.0,3.0,307.0,2.0,0.0
11836-12702,372,432,127.0,8.5,123.0,3.5,4.0
11836-6102,325,61,268.0,0.5,325.0,0.5,57.0
11838-1901,69,54,99.0,2.5,67.0,7.0,32.0
11838-3703,162,4,301.0,2.5,,,
11836-9101,454,2,225.0,2.5,,,
11835-12705,672,641,44.0,0.5,46.0,0.5,2.0
11758-12705,663,272,350.0,4.5,349.0,0.5,1.0
11759-1901,94,0,7.0,3.5,,,
11758-12702,657,624,52.0,5.0,57.0,2.0,5.0
11758-6103,319,319,109.0,13.5,115.0,5.5,6.0
11759-1902,90,52,356.0,6.500000000000005,169.0,7.5,173.0
11759-3704,142,6,280.0,40.5,,,
11759-3701,149,119,246.0,6.5,248.0,2.0,2.0
11759-12701,305,339,12.0,2.5,15.0,1.0,3.0
11759-3703,180,146,162.0,15.500000000000007,221.0,82.0,59.0
11759-3702,186,186,34.0,8.5,36.0,4.5,2.0
11758-9101,457,473,171.0,22.0,148.0,5.5,23.0
11759-6103,302,23,238.0,8.0,,,
11759-6104,152,111,163.0,89.5,152.0,12.0,11.0
11759-6102,205,250,210.0,1.5,355.0,0.5,145.0
11759-12702,439,562,291.0,1.5,290.0,1.0,1.0
11759-12704,491,437,133.0,6.5,132.0,4.0,1.0
11759-12703,473,598,239.0,1.5,241.0,0.5,2.0
11760-1901,94,94,319.0,6.5,326.0,4.0,7.0
11760-12702,228,229,352.0,16.0,348.0,4.5,4.0
11760-3701,112,152,346.0,22.0,341.0,3.5,5.0
11760-3702,186,188,289.0,4.5,278.0,2.5,11.0
11760-12704,274,247,308.0,4.5,311.0,3.0,3.0
11760-3703,138,99,328.0,3.5,327.0,2.0,1.0
11760-6104,164,8,156.0,76.5,,,
11759-9102,440,322,86.0,4.5,82.0,1.5,4.0
11760-6102,137,195,116.0,12.5,117.0,2.5,1.0
11760-12703,364,376,353.0,6.0,353.0,1.5,0.0
11761-1901,88,90,334.0,17.0,153.0,1.5,179.0
11760-6103,318,318,145.0,2.0,143.0,1.0,2.0
11760-9102,289,195,334.0,3.0,329.0,1.5,5.0
11761-3702,175,0,343.0,89.5,,,
11761-3704,111,18,126.0,8.5,,,
11760-12701,667,653,202.0,2.5,204.0,2.0,2.0
11761-3703,142,189,13.0,6.5,3.0,3.5000000000000004,10.0
11760-9101,471,464,20.0,1.5,20.0,0.5,0.0
11761-6101,318,159,49.0,2.5,53.0,1.0,4.0
11761-6103,174,258,168.0,25.5,174.0,3.5000000000000036,6.0
11761-6104,322,162,208.0,4.0,217.0,3.0,9.0
11761-9101,175,229,106.0,23.5,98.0,3.0,8.0
11761-12701,661,650,345.0,4.0,341.0,2.5,4.0
11761-12705,666,636,309.0,3.0,309.0,0.5,0.0
11761-12702,650,654,301.0,2.0,300.0,1.0,1.0
11823-1902,105,10,322.0,3.5,,,
11823-1901,80,94,29.0,16.0,47.0,29.0,18.0
11761-12703,676,672,217.0,1.5,217.0,0.5,0.0
11823-12701,568,1,192.0,2.5,,,
11761-12704,662,668,140.0,1.5,142.0,0.5,2.0
11823-12703,285,143,238.0,2.5,235.0,0.5,3.0
11823-12705,438,31,228.0,0.5,,,
11823-3701,181,0,84.0,89.5,,,
11823-6101,152,27,264.0,89.5,,,
11823-3704,190,2,231.0,5.5,,,
11824-1901,87,80,317.0,22.5,338.0,14.0,21.0
11823-3703,209,209,335.0,1.5,338.0,1.5,3.0
11824-12703,334,0,8.0,15.500000000000004,,,
11823-6102,300,103,278.0,7.0,277.0,4.0,1.0
11823-12702,483,491,21.0,1.5,21.0,0.5,0.0
11824-1902,88,74,13.0,3.5,26.0,2.0,13.0
11824-3702,168,2,81.0,5.0,,,
11824-3703,171,22,63.0,14.5,,,
11824-3704,186,2,287.0,4.5,,,
11824-12704,678,16,343.0,21.5,,,
11824-6104,168,42,36.0,5.0,,,
11824-3701,186,181,316.0,3.5,319.0,1.5,3.0
11823-9101,387,383,39.0,1.0,44.0,0.5,5.0
11823-9102,484,277,264.0,11.0,278.0,5.5,14.0
11824-6103,260,11,20.0,7.5,,,
11824-6101,318,164,265.0,1.0,265.0,1.5,0.0
11826-1901,93,64,174.0,6.000000000000004,171.0,3.0,3.0
11824-9102,157,127,154.0,12.0,155.0,5.0,1.0
11826-1902,95,104,26.0,9.0,25.0,5.5,1.0
11824-12701,585,613,80.0,3.0,82.0,1.0,2.0
11826-3703,89,70,282.0,8.0,274.0,7.0,8.0
11826-3702,123,99,35.0,17.5,15.0,10.0,20.0
11826-6101,215,1,310.0,23.0,,,
11826-12702,223,282,41.0,8.0,54.0,1.0,13.0
11826-3701,190,204,200.0,6.5,206.0,3.5,6.0
11824-12705,642,620,41.0,2.0,43.0,1.0,2.0
11824-9101,476,447,116.0,2.5,118.0,2.0,2.0
11827-12701,201,18,265.0,0.5,,,
11826-12704,390,362,39.0,4.0,47.0,1.5,8.0
11826-6103,197,184,355.0,3.0,1.0,1.0000000000000049,6.0
11826-9102,310,7,306.0,89.5,,,
11826-6102,308,169,353.0,1.5,352.0,1.0,1.0
11827-3702,167,6,98.0,6.0,,,
11827-3703,189,4,22.0,16.5,,,
11827-3704,188,4,125.0,2.0,,,
11826-12703,390,617,253.0,11.0,258.0,3.0,5.0
11827-12703,292,31,174.0,0.5,,,
11826-6104,332,284,307.0,6.5,303.0,1.0,4.0
11827-12702,437,8,102.0,89.5,,,
11827-6101,317,42,286.0,2.5,,,
11827-9102,297,12,71.0,71.0,,,
11828-12701,222,0,3.0,71.5,,,
11827-6102,149,162,86.0,4.0,91.0,2.5,5.0
11828-1901,97,97,217.0,14.0,218.0,8.0,1.0
11826-9101,487,490,152.0,21.0,142.0,10.0,10.0
11828-3702,165,41,204.0,4.5,,,
11828-6102,212,73,290.0,14.5,288.0,19.0,2.0
11828-3701,189,152,230.0,2.5,246.0,3.0,16.0
11836-9102,225,236,355.0,4.5,343.0,1.5,12.0
11838-6104,151,1,155.0,2.0,,,
11838-3701,193,188,274.0,5.0,275.0,3.0,1.0
11838-3702,194,199,10.0,3.0,16.0,1.5,6.0
11838-3704,184,180,0.0,8.499999999999996,187.0,1.0,173.0
11838-6102,271,80,227.0,39.0,347.0,0.5,120.0
11838-12704,619,4,159.0,89.0,,,
11863-1902,99,19,21.0,4.0,,,
11863-1901,53,82,135.0,89.5,77.0,12.5,58.0
11863-3701,192,0,197.0,8.0,,,
11838-9102,377,67,348.0,4.5,358.0,1.0,10.0
11863-12701,244,252,261.0,16.5,258.0,4.0,3.0
11838-9101,275,232,161.0,6.5,130.0,3.0,31.0
11863-3702,170,91,196.0,7.0,49.0,3.0,147.0
11838-6103,328,328,354.0,4.0,1.0,2.499999999999999,7.0
11838-12705,675,302,16.0,2.5,15.0,1.0,1.0
11863-6104,331,8,50.0,6.5,,,
11838-12702,545,500,294.0,2.5,294.0,1.5,0.0
11865-3704,162,3,4.0,12.000000000000004,,,
11863-9101,330,73,35.0,20.0,300.0,12.5,95.0
11865-1902,101,101,263.0,5.5,266.0,3.0,3.0
11865-3703,120,165,280.0,12.0,274.0,4.0,6.0
11865-3701,129,177,258.0,15.0,265.0,4.5,7.0
11865-12705,302,142,268.0,0.5,308.0,1.0,40.0
11865-12703,195,233,186.0,6.500000000000006,187.0,3.5,1.0
11865-6103,227,193,148.0,16.5,148.0,4.0,0.0
11865-6104,234,225,54.0,3.5,55.0,1.5,1.0
11863-12702,625,609,49.0,3.0,52.0,2.0,3.0
11863-9102,422,395,160.0,2.0,164.0,0.5,4.0
11865-6102,312,277,220.0,4.0,220.0,3.0,0.0
11863-12704,685,517,51.0,10.0,44.0,14.0,7.0
11865-12702,458,505,104.0,2.5,103.0,1.0,1.0
11866-3702,171,26,95.0,2.5,,,
11866-12704,302,6,133.0,2.5,,,
11865-12701,511,540,38.0,3.0,37.0,1.0,1.0
11866-3701,153,142,1.0,9.5,359.0,3.000000000000005,2.0
11866-6104,208,1,195.0,45.00000000000001,,,
11865-9102,434,463,238.0,4.0,239.0,1.5,1.0
11867-1901,71,94,348.0,18.000000000000004,353.0,5.0,5.0
11866-12703,457,485,71.0,5.0,83.0,1.5,12.0
11867-12702,366,1,134.0,9.0,,,
11866-9102,290,241,273.0,28.5,267.0,9.0,6.0
11866-6102,306,284,185.0,1.5,190.0,1.0,5.0
11866-12705,358,314,31.0,4.0,32.0,2.0,1.0
11867-3702,164,60,145.0,1.5,312.0,5.5,167.0
11867-3703,163,34,22.0,2.5,,,
11867-3701,193,189,8.0,15.5,5.0,13.500000000000005,3.0
11867-3704,117,90,23.0,3.5,25.0,1.5,2.0
11867-6101,252,19,63.0,6.5,,,
11866-12702,670,626,294.0,5.5,298.0,2.5,4.0
11866-12701,660,653,260.0,1.0,260.0,0.5,0.0
11867-6103,230,75,228.0,3.5,230.0,0.5,2.0
11868-1902,96,0,348.0,17.499999999999996,,,
11867-12703,420,328,52.0,2.5,51.0,0.5,1.0
11868-3702,151,16,17.0,4.5,,,
11868-3701,173,1,272.0,5.0,,,
11867-12701,497,466,250.0,89.5,229.0,8.5,21.0
11868-6101,106,121,156.0,46.5,172.0,4.0,16.0
11867-6104,309,250,31.0,3.0,29.0,1.0,2.0
11867-9102,458,9,293.0,89.5,,,
11868-12702,216,204,24.0,9.5,336.0,0.5,48.0
11867-9101,288,296,2.0,3.5000000000000004,1.0,0.5,1.0
11868-9101,115,144,349.0,14.499999999999995,348.0,3.0,1.0
11868-9102,237,50,314.0,65.5,46.0,89.5,92.0
11871-1901,96,0,94.0,12.5,,,
11867-12705,618,588,163.0,5.0,162.0,2.0,1.0
11871-1902,86,86,345.0,4.5,343.0,3.5,2.0
11871-3701,163,0,64.0,30.5,,,
11871-3704,179,0,311.0,19.0,,,
11868-6102,302,302,137.0,3.5,138.0,2.0,1.0
11871-12705,368,2,216.0,10.5,,,
11868-6104,323,323,100.0,4.5,97.0,2.5,3.0
11871-3702,147,175,129.0,7.0,128.0,4.5,1.0
11871-6101,327,0,281.0,2.5,,,
11871-6102,315,0,167.0,89.5,,,
11871-9101,272,10,178.0,12.999999999999996,,,
11871-9102,401,29,204.0,4.5,,,
11872-3704,167,2,192.0,5.5,,,
11872-3703,167,64,290.0,3.5,290.0,3.0,0.0
11872-3701,191,96,178.0,20.5,186.0,2.5,8.0
11871-6103,325,306,221.0,3.0,217.0,2.0,4.0
11871-12702,683,239,249.0,2.5,254.0,5.0,5.0
11871-6104,323,248,87.0,10.0,89.0,5.0,2.0
11868-12703,654,644,244.0,2.0,245.0,1.5,1.0
11872-6103,321,15,232.0,14.0,,,
11939-12701,255,0,120.0,24.5,,,
11872-12703,674,5,96.0,40.5,,,
11939-3702,163,0,141.0,7.0,,,
11871-12701,660,624,267.0,2.0,267.0,0.5,0.0
11939-12703,424,6,84.0,89.5,,,
11939-3701,185,75,344.0,6.5,3.0,7.999999999999998,19.0
11872-6104,316,282,170.0,1.5,170.0,1.0,0.0
11939-6102,324,4,245.0,4.5,,,
11939-6103,324,32,142.0,11.5,,,
11872-12702,574,514,17.0,2.5,16.0,1.0,1.0
11940-12703,137,0,280.0,89.5,,,
11939-9101,95,182,5.0,9.500000000000007,12.0,5.0,7.0
11939-12705,499,205,212.0,1.0,208.0,1.5,4.0
11939-9102,329,4,138.0,24.5,,,
11939-6104,304,118,21.0,5.0,13.0,3.5,8.0
11828-6103,276,5,321.0,3.0,,,
11828-9101,206,249,54.0,6.0,48.0,2.0,6.0
11828-12705,661,225,78.0,16.5,112.0,77.5,34.0
11827-12704,679,679,329.0,1.0,329.0,0.5,0.0
11828-9102,218,382,145.0,5.5,149.0,2.5,4.0
11828-12704,515,492,42.0,2.0,44.0,1.0,2.0
11830-1901,91,39,44.0,8.5,,,
11830-1902,93,65,324.0,7.0,313.0,20.0,11.0
11828-12702,589,575,248.0,17.5,244.0,2.0,4.0
11828-12703,673,669,115.0,4.0,114.0,1.5,1.0
11830-3703,188,132,176.0,5.0000000000000036,174.0,3.0,2.0
11830-3702,194,194,123.0,2.0,120.0,1.0,3.0
11830-6104,316,316,231.0,4.0,232.0,1.5,1.0
11830-9101,480,111,103.0,11.5,89.0,0.5,14.0
11830-12702,687,593,136.0,3.0,139.0,3.5,3.0
11830-12704,674,649,343.0,1.0,344.0,0.5,1.0
11830-12701,614,641,258.0,1.5,256.0,0.5,2.0
11831-1902,75,0,264.0,9.5,,,
11830-12705,650,481,24.0,4.5,24.0,3.0,0.0
11831-1901,94,93,277.0,89.5,294.0,7.5,17.0
11831-12705,245,5,249.0,15.0,,,
11831-3703,185,44,357.0,2.5000000000000036,,,
11831-3701,186,148,262.0,3.5,242.0,4.5,20.0
11831-3704,180,127,184.0,4.5000000000000036,188.0,8.0,4.0
11830-9102,470,456,65.0,1.0,65.0,0.5,0.0
11831-6103,123,99,359.0,69.5,160.0,15.5,161.0
11831-12701,667,518,251.0,0.5,252.0,0.5,1.0
11831-6101,305,287,280.0,3.5,276.0,1.5,4.0
11831-6102,310,295,203.0,3.0,204.0,1.5,1.0
11831-12703,652,650,127.0,2.5,130.0,1.0,3.0
11831-9101,337,315,341.0,4.0,338.0,2.0,3.0
11832-1901,92,72,94.0,3.5,93.0,3.0,1.0
11831-12704,667,666,288.0,3.0,290.0,1.5,2.0
11831-9102,304,397,321.0,3.0,334.0,1.5,13.0
11832-3703,135,0,281.0,7.5,,,
11832-12703,678,0,257.0,89.5,,,
11832-6101,207,2,292.0,13.5,,,
11832-3701,108,161,324.0,3.5,327.0,1.0,3.0
11832-12705,300,256,294.0,5.0,289.0,4.5,5.0
11832-12704,374,344,153.0,7.0,150.0,2.5,3.0
11832-3704,193,191,92.0,4.5,104.0,2.0,12.0
11832-12701,486,506,170.0,7.0,157.0,1.5,13.0
11832-12702,527,457,238.0,1.5,238.0,1.5,0.0
11832-6102,244,195,23.0,2.5,18.0,2.0,5.0
11833-12701,120,115,205.0,13.5,220.0,3.5,15.0
11833-1901,97,96,27.0,3.0,22.0,1.5,5.0
11833-3701,190,40,15.0,2.5,,,
11832-6103,193,224,238.0,4.5,238.0,2.0,0.0
11832-9102,201,186,350.0,9.500000000000005,351.0,2.5,1.0
11833-3703,187,19,22.0,2.5,,,
11833-12704,230,165,88.0,10.5,99.0,5.0,11.0
11833-3704,86,148,100.0,15.0,99.0,2.5,1.0
11833-3702,189,168,102.0,0.5,101.0,1.0,1.0
11834-12701,151,79,357.0,6.500000000000006,344.0,10.000000000000007,13.0
11833-6103,185,207,354.0,7.0,350.0,2.5,4.0
11832-9101,464,367,291.0,1.5,291.0,1.0,0.0
11833-6104,281,261,221.0,3.0,221.0,1.0,0.0
11834-12702,196,205,253.0,17.5,248.0,2.5,5.0
11834-1902,95,78,305.0,32.5,108.0,4.5,163.0
11834-3702,108,0,269.0,6.5,,,
11834-3703,165,0,257.0,4.5,,,
11834-3701,158,142,144.0,5.0,146.0,1.5,2.0
11834-12703,289,377,225.0,7.5,228.0,2.0,3.0
11834-6101,303,2,272.0,89.5,,,
11833-9102,389,404,57.0,1.5,59.0,1.0,2.0
11834-6103,219,144,177.0,6.500000000000006,176.0,2.999999999999998,1.0
11833-12702,677,675,65.0,1.5,66.0,1.0,1.0
11835-12701,212,47,145.0,5.0,,,
11834-6102,205,296,31.0,11.5,25.0,2.5,6.0
11834-6104,270,109,134.0,0.5,199.0,1.0,65.0
11835-1902,100,1,283.0,6.0,,,
11835-3701,187,7,204.0,5.5,,,
11835-3703,168,61,84.0,5.5,69.0,89.5,15.0
11834-12704,456,554,151.0,3.5,150.0,1.5,1.0
11835-12704,379,19,272.0,2.5,,,
11834-9102,291,359,270.0,2.5,270.0,1.5,0.0
11835-6103,160,0,297.0,31.0,,,
11835-12703,542,64,216.0,3.0,224.0,7.5,8.0
11835-3704,181,181,82.0,5.5,77.0,3.0,5.0
11834-9101,482,463,259.0,1.0,261.0,0.5,2.0
11834-12705,652,625,273.0,1.0,273.0,0.5,0.0
11835-6104,289,124,8.0,0.5,2.0,5.0,6.0
11836-1901,80,100,233.0,13.5,232.0,3.0,1.0
11835-9102,469,4,286.0,2.5,,,
11836-1902,97,97,119.0,7.0,120.0,3.0,1.0
11835-6101,280,319,278.0,10.0,268.0,3.5,10.0
11836-3703,180,23,325.0,14.0,,,
11836-3701,136,148,279.0,5.0,291.0,0.5,12.0
11836-3702,197,89,303.0,5.0,308.0,3.5,5.0
11836-12703,646,2,147.0,89.5,,,
11836-12705,256,348,354.0,19.5,347.0,3.5,7.0
11836-6101,135,144,162.0,40.50000000000001,160.0,4.5,2.0
11836-12704,383,323,307.0,3.0,307.0,2.0,0.0
11836-12702,372,432,127.0,8.5,123.0,3.5,4.0
11835-12705,672,641,44.0,0.5,46.0,0.5,2.0
11836-6102,325,61,268.0,0.5,325.0,0.5,57.0
11836-6104,295,8,137.0,5.0,,,
11838-1901,69,54,99.0,2.5,67.0,7.0,32.0
11838-3703,162,4,301.0,2.5,,,
11836-9101,454,2,225.0,2.5,,,
11940-1901,91,13,207.0,41.0,,,
11872-12704,649,624,151.0,4.0,143.0,1.5,8.0
11872-9102,479,467,323.0,2.0,323.0,0.5,0.0
11940-1902,91,88,142.0,2.5,141.0,2.0,1.0
11940-3704,150,33,78.0,3.5,,,
11940-3702,190,7,80.0,12.0,,,
11940-6101,120,78,174.0,40.00000000000001,176.0,11.5,2.0
11940-3703,170,144,120.0,6.5,122.0,2.5,2.0
11939-12702,619,561,313.0,14.5,309.0,4.0,4.0
11940-6102,303,52,322.0,3.5,283.0,1.0,39.0
11941-3701,184,24,3.0,8.0,,,
11941-3703,192,17,358.0,2.999999999999998,,,
11940-6103,293,293,329.0,5.0,330.0,1.5,1.0
11941-6101,144,52,252.0,17.5,246.0,9.5,6.0
11940-12702,652,301,134.0,5.0,149.0,1.0,15.0
11940-6104,326,292,115.0,2.0,117.0,1.0,2.0
11941-6102,320,0,325.0,2.5,,,
11941-12702,674,1,162.0,2.0,,,
11941-6104,185,142,148.0,10.0,158.0,4.5,10.0
11940-9102,409,400,351.0,0.5,352.0,1.0,1.0
11940-12701,669,574,161.0,1.0,161.0,1.0,0.0
11940-12704,666,463,340.0,6.5,345.0,0.5,5.0
11942-1902,99,22,113.0,3.0,,,
11941-6103,323,203,112.0,2.5,107.0,2.0,5.0
11942-3701,186,3,245.0,2.5,,,
11941-12701,601,474,245.0,1.0,244.0,0.5,1.0
11941-12703,532,497,103.0,20.5,108.0,5.5,5.0
11941-9102,466,116,185.0,1.5,178.0,2.5,7.0
11942-3703,192,3,235.0,3.0,,,
11942-12703,177,237,343.0,3.5,341.0,0.5,2.0
11943-12702,102,0,285.0,6.5,,,
11942-3702,185,162,293.0,4.0,108.0,2.0,175.0
11942-6101,257,34,295.0,9.0,,,
11941-9101,276,430,103.0,33.0,110.0,4.0,7.0
11943-12704,114,0,193.0,18.000000000000007,,,
11943-1902,104,8,7.0,4.0,,,
11943-1901,102,1,206.0,4.0,,,
11942-9102,308,7,198.0,27.500000000000004,,,
11942-12701,454,419,76.0,1.0,75.0,0.5,1.0
11943-3701,126,93,48.0,22.5,200.0,13.5,152.0
11942-6103,218,222,177.0,6.500000000000006,176.0,2.0,1.0
11943-12705,471,3,306.0,4.5,,,
11943-3702,182,160,129.0,7.0,129.0,3.5,0.0
11943-6101,335,6,331.0,2.5,,,
11943-3703,201,201,286.0,3.0,286.0,2.0,0.0
11943-3704,190,194,245.0,8.0,236.0,6.0,9.0
11943-12703,589,0,311.0,2.0,,,
11943-9102,150,6,214.0,3.0,,,
11943-6102,239,196,13.0,4.0,14.0,1.5,1.0
11944-1901,97,4,270.0,32.0,,,
11943-9101,396,7,276.0,3.0,,,
11944-3701,104,11,258.0,89.5,,,
11942-9101,473,452,172.0,3.0,171.0,2.5,1.0
11942-12704,642,672,339.0,2.0,89.0,0.5,110.0
11944-3702,110,116,333.0,16.0,331.0,4.5,2.0
11942-12702,667,667,98.0,4.5,98.0,2.0,0.0
11943-6104,319,298,258.0,1.5,306.0,3.5,48.0
11944-6102,193,4,214.0,3.5,,,
11944-3703,118,138,272.0,17.5,279.0,2.5,7.0
11944-3704,196,79,138.0,3.0,137.0,1.0,1.0
11944-6101,324,25,29.0,2.5,,,
11944-12703,230,355,13.0,14.500000000000002,19.0,2.5,6.0
11944-12702,346,372,244.0,38.5,126.0,28.5,118.0
11945-12703,264,5,179.0,26.000000000000004,,,
11945-1902,98,76,92.0,4.0,86.0,4.5,6.0
11944-6103,144,236,141.0,9.0,142.0,2.0,1.0
11945-3703,164,30,198.0,8.0,,,
11945-12704,188,204,161.0,18.5,166.0,9.5,5.0
11945-3702,191,144,85.0,5.5,82.0,4.0,3.0
11945-6103,92,152,23.0,13.0,36.0,3.0,13.0
11944-9101,295,400,77.0,12.0,16.0,1.0,61.0
11945-9101,144,166,244.0,14.0,243.0,3.0,1.0
11944-12701,581,547,235.0,4.0,235.0,3.0,0.0
11944-12705,679,515,32.0,1.0,31.0,1.0,1.0
11945-6102,268,288,312.0,2.5,309.0,1.0,3.0
11945-6101,324,323,108.0,2.5,107.0,1.5,1.0
11945-6104,321,311,216.0,1.5,213.0,1.5,3.0
11946-1902,82,4,58.0,5.5,,,
11945-9102,296,295,109.0,3.0,110.0,1.5,1.0
11945-12705,469,462,234.0,3.5,235.0,1.0,1.0
11946-1901,93,61,144.0,2.5,144.0,3.5,0.0
11945-12701,447,576,325.0,2.0,327.0,1.5,2.0
11946-3702,183,19,358.0,89.5,,,
11946-3704,190,29,221.0,6.5,,,
11946-6101,230,24,344.0,5.5,,,
11946-3701,172,137,299.0,6.5,118.0,3.0,179.0
11946-12701,465,337,249.0,2.0,247.0,1.0,2.0
11946-6104,232,1,141.0,28.5,,,
11946-12705,621,12,207.0,89.5,,,
11946-12704,354,394,328.0,3.5,327.0,0.5,1.0
11946-12703,669,176,260.0,3.5,257.0,4.0,3.0
11947-12702,201,2,320.0,51.50000000000001,,,
11947-1902,92,4,37.0,2.5,,,
11946-6103,239,212,206.0,2.5,204.0,1.5,2.0
11946-6102,301,195,104.0,1.5,110.0,3.0,6.0
11947-1901,89,89,132.0,25.0,154.0,7.0,22.0
11947-3701,183,2,178.0,77.0,,,
11946-9102,476,40,94.0,0.5,,,
11946-12702,562,521,80.0,3.0,79.0,0.5,1.0
11947-3704,114,81,295.0,11.5,304.0,7.0,9.0
11946-9101,312,318,222.0,3.5,222.0,1.0,0.0
11947-12701,316,234,99.0,2.5,98.0,1.5,1.0
11947-3702,179,179,205.0,2.0,204.0,1.0,1.0
11947-3703,185,169,181.0,1.4999999999999993,176.0,2.5,5.0
11947-6104,210,23,28.0,3.5,,,
11947-6101,306,2,324.0,40.5,,,
11947-12705,474,206,108.0,5.0,138.0,0.5,30.0
11948-1902,97,101,139.0,21.5,147.0,13.5,8.0
11948-12701,151,171,192.0,13.999999999999998,204.0,5.5,12.0
11948-3701,166,65,104.0,3.5,97.0,6.0,7.0
11948-12702,155,187,70.0,7.5,82.0,1.5,12.0
11947-12703,395,503,234.0,1.0,236.0,0.5,2.0
11948-3702,153,102,240.0,10.5,242.0,8.5,2.0
11948-3703,180,0,308.0,11.5,,,
11948-12705,401,6,262.0,89.5,,,
11947-6103,322,303,112.0,2.0,108.0,1.0,4.0
11948-3704,128,108,326.0,13.5,70.0,3.0,104.0
11948-6103,168,0,183.0,4.5000000000000036,,,
11948-6101,118,193,148.0,10.5,134.0,1.5,14.0
11947-9102,361,337,308.0,1.5,310.0,1.5,2.0
11948-9101,300,148,320.0,3.5,335.0,2.0,15.0
11948-12704,419,394,153.0,4.5,154.0,1.0,1.0
11949-1902,97,67,19.0,5.0,18.0,7.0,1.0
11948-9102,159,283,157.0,5.0,138.0,2.0,19.0
11948-6102,275,308,72.0,10.5,73.0,6.0,1.0
11949-12705,431,2,214.0,2.0,,,
11949-3704,172,46,248.0,2.5,,,
11949-3703,184,42,236.0,7.0,,,
11949-3702,149,179,59.0,4.5,64.0,2.0,5.0
11949-6101,208,102,214.0,1.5,215.0,2.5,1.0
11949-6102,317,45,243.0,9.0,,,
11949-6103,290,3,235.0,8.5,,,
11949-12704,583,94,237.0,3.5,255.0,0.5,18.0
11949-6104,235,1,10.0,89.5,,,
11950-12702,101,15,339.0,89.5,,,
11948-12703,677,666,10.0,0.5,8.0,0.5,2.0
11950-3702,83,0,348.0,39.50000000000001,,,
11950-12701,128,181,0.0,89.5,181.0,0.9999999999999978,179.0
11950-3703,136,19,41.0,2.5,,,
11949-12703,432,458,289.0,3.5,289.0,1.5,0.0
11950-12703,220,3,194.0,2.5,,,
11950-9102,129,1,183.0,23.000000000000007,,,
11949-9101,224,263,145.0,4.5,149.0,1.5,4.0
11949-9102,280,221,6.0,2.0,5.0,1.5,1.0
11950-12704,153,160,0.0,89.5,153.0,2.0,153.0
11951-1901,92,81,318.0,21.0,326.0,5.0,8.0
11951-1902,85,81,346.0,17.0,348.0,7.0,2.0
11950-6101,303,139,226.0,3.0,223.0,3.0,3.0
11949-12702,667,654,359.0,0.5,358.0,0.5,1.0
11949-12701,648,641,205.0,1.5,203.0,0.5,2.0
11950-9101,284,238,238.0,10.5,259.0,0.5,21.0
11951-3701,124,156,333.0,18.5,319.0,4.0,14.0
11951-3704,164,3,72.0,2.0,,,
11951-3702,170,1,295.0,5.0,,,
11951-6102,253,1,357.0,2.0000000000000036,,,
11951-12703,296,363,91.0,15.0,101.0,2.0,10.0
11951-9101,295,1,114.0,20.0,,,
11951-6104,279,99,61.0,4.5,58.0,0.5,3.0
11952-1902,101,36,20.0,3.5,,,
11952-3703,57,21,55.0,30.0,,,
11951-12701,443,487,353.0,2.0,352.0,0.5,1.0
11952-3704,194,3,338.0,2.0,,,
11951-12702,482,534,81.0,5.5,82.0,3.5,1.0
11951-12704,564,504,226.0,0.5,226.0,0.5,0.0
11951-12705,491,554,262.0,2.0,266.0,0.5,4.0
11952-12702,288,354,214.0,10.5,226.0,3.5,12.0
11952-6103,319,4,271.0,89.5,,,
11952-6102,311,96,288.0,25.5,106.0,2.5,178.0
11952-6104,235,31,207.0,0.5,,,
11952-12705,312,329,302.0,4.5,326.0,4.5,24.0
11951-9102,473,464,299.0,2.0,297.0,1.0,2.0
11953-1902,95,42,339.0,15.5,,,
11952-12701,655,279,222.0,1.0,219.0,1.5,3.0
11953-3701,114,27,195.0,42.00000000000001,,,
11952-9101,454,15,199.0,30.500000000000007,,,
11952-12703,612,423,70.0,3.5,69.0,2.5,1.0
11952-9102,224,174,139.0,15.0,147.0,5.5,8.0
11953-12703,152,148,29.0,21.0,15.0,5.5,14.0
11953-3703,187,0,84.0,32.5,,,
11953-12701,242,266,227.0,24.0,228.0,3.0,1.0
11953-3702,189,73,281.0,4.0,301.0,4.5,20.0
11953-3704,181,124,41.0,1.5,38.0,1.5,3.0
11953-6103,318,5,203.0,84.5,,,
11953-6104,318,2,276.0,3.5,,,
11953-6102,310,58,36.0,2.5,38.0,3.5,2.0
11953-12702,384,406,168.0,2.0,169.0,0.5,1.0
11952-12704,679,595,164.0,1.5,172.0,1.0,8.0
11953-6101,286,256,347.0,2.0,349.0,1.0,2.0
11954-1901,98,86,310.0,4.5,313.0,3.5,3.0
11954-1902,93,76,33.0,3.5,11.0,5.0,22.0
11953-9102,478,0,241.0,89.5,,,
11954-3702,188,91,250.0,23.0,241.0,20.0,9.0
11954-3701,143,175,25.0,12.0,38.0,3.5,13.0
11953-9101,282,410,128.0,4.5,168.0,5.0,40.0
11954-6102,222,13,284.0,9.0,,,
11954-3703,192,191,104.0,3.0,107.0,2.0,3.0
11954-6101,293,21,214.0,9.0,,,
11954-3704,195,196,276.0,32.0,276.0,7.5,0.0
11954-12705,369,388,237.0,5.5,234.0,2.5,3.0
11955-1901,97,31,51.0,9.5,,,
11836-9102,225,236,355.0,4.5,343.0,1.5,12.0
11838-3701,193,188,274.0,5.0,275.0,3.0,1.0
11838-3702,194,199,10.0,3.0,16.0,1.5,6.0
11838-12704,619,4,159.0,89.0,,,
11838-6104,151,1,155.0,2.0,,,
11838-3704,184,180,0.0,8.499999999999996,187.0,1.0,173.0
11838-6102,271,80,227.0,39.0,347.0,0.5,120.0
11863-1902,99,19,21.0,4.0,,,
11863-1901,53,82,135.0,89.5,77.0,12.5,58.0
11838-9101,275,232,161.0,6.5,130.0,3.0,31.0
11838-9102,377,67,348.0,4.5,358.0,1.0,10.0
11863-3701,192,0,197.0,8.0,,,
11838-12702,545,500,294.0,2.5,294.0,1.5,0.0
11863-12701,244,252,261.0,16.5,258.0,4.0,3.0
11838-12705,675,302,16.0,2.5,15.0,1.0,1.0
11838-6103,328,328,354.0,4.0,1.0,2.499999999999999,7.0
11863-3702,170,91,196.0,7.0,49.0,3.0,147.0
11863-6104,331,8,50.0,6.5,,,
11865-1902,101,101,263.0,5.5,266.0,3.0,3.0
11863-9101,330,73,35.0,20.0,300.0,12.5,95.0
11865-12703,195,233,186.0,6.500000000000006,187.0,3.5,1.0
11865-3704,162,3,4.0,12.000000000000004,,,
11865-12705,302,142,268.0,0.5,308.0,1.0,40.0
11865-3701,129,177,258.0,15.0,265.0,4.5,7.0
11865-3703,120,165,280.0,12.0,274.0,4.0,6.0
11863-12702,625,609,49.0,3.0,52.0,2.0,3.0
11863-9102,422,395,160.0,2.0,164.0,0.5,4.0
11863-12704,685,517,51.0,10.0,44.0,14.0,7.0
11865-6103,227,193,148.0,16.5,148.0,4.0,0.0
11865-12702,458,505,104.0,2.5,103.0,1.0,1.0
11865-6104,234,225,54.0,3.5,55.0,1.5,1.0
11865-12701,511,540,38.0,3.0,37.0,1.0,1.0
11865-6102,312,277,220.0,4.0,220.0,3.0,0.0
11866-12704,302,6,133.0,2.5,,,
11866-3702,171,26,95.0,2.5,,,
11866-3701,153,142,1.0,9.5,359.0,3.000000000000005,2.0
11866-6104,208,1,195.0,45.00000000000001,,,
11865-9102,434,463,238.0,4.0,239.0,1.5,1.0
11866-6102,306,284,185.0,1.5,190.0,1.0,5.0
11866-12705,358,314,31.0,4.0,32.0,2.0,1.0
11867-12702,366,1,134.0,9.0,,,
11866-9102,290,241,273.0,28.5,267.0,9.0,6.0
11866-12703,457,485,71.0,5.0,83.0,1.5,12.0
11867-1901,71,94,348.0,18.000000000000004,353.0,5.0,5.0
11867-3703,163,34,22.0,2.5,,,
11867-3702,164,60,145.0,1.5,312.0,5.5,167.0
11866-12701,660,653,260.0,1.0,260.0,0.5,0.0
11867-3704,117,90,23.0,3.5,25.0,1.5,2.0
11867-3701,193,189,8.0,15.5,5.0,13.500000000000005,3.0
11867-6101,252,19,63.0,6.5,,,
11866-12702,670,626,294.0,5.5,298.0,2.5,4.0
11867-12703,420,328,52.0,2.5,51.0,0.5,1.0
11867-12701,497,466,250.0,89.5,229.0,8.5,21.0
11868-1902,96,0,348.0,17.499999999999996,,,
11867-6103,230,75,228.0,3.5,230.0,0.5,2.0
11868-3701,173,1,272.0,5.0,,,
11868-3702,151,16,17.0,4.5,,,
11868-6101,106,121,156.0,46.5,172.0,4.0,16.0
11867-6104,309,250,31.0,3.0,29.0,1.0,2.0
11868-12702,216,204,24.0,9.5,336.0,0.5,48.0
11867-9102,458,9,293.0,89.5,,,
11867-9101,288,296,2.0,3.5000000000000004,1.0,0.5,1.0
11868-9101,115,144,349.0,14.499999999999995,348.0,3.0,1.0
11871-1901,96,0,94.0,12.5,,,
11867-12705,618,588,163.0,5.0,162.0,2.0,1.0
11868-9102,237,50,314.0,65.5,46.0,89.5,92.0
11871-3701,163,0,64.0,30.5,,,
11868-6102,302,302,137.0,3.5,138.0,2.0,1.0
11871-1902,86,86,345.0,4.5,343.0,3.5,2.0
11871-12705,368,2,216.0,10.5,,,
11871-3704,179,0,311.0,19.0,,,
11868-6104,323,323,100.0,4.5,97.0,2.5,3.0
11871-3702,147,175,129.0,7.0,128.0,4.5,1.0
11871-6102,315,0,167.0,89.5,,,
11871-6101,327,0,281.0,2.5,,,
11871-9101,272,10,178.0,12.999999999999996,,,
11868-12703,654,644,244.0,2.0,245.0,1.5,1.0
11871-9102,401,29,204.0,4.5,,,
11871-12702,683,239,249.0,2.5,254.0,5.0,5.0
11871-6104,323,248,87.0,10.0,89.0,5.0,2.0
11871-6103,325,306,221.0,3.0,217.0,2.0,4.0
11872-3701,191,96,178.0,20.5,186.0,2.5,8.0
11872-3704,167,2,192.0,5.5,,,
11872-3703,167,64,290.0,3.5,290.0,3.0,0.0
11872-6103,321,15,232.0,14.0,,,
11871-12701,660,624,267.0,2.0,267.0,0.5,0.0
11939-12701,255,0,120.0,24.5,,,
11872-12703,674,5,96.0,40.5,,,
11939-3702,163,0,141.0,7.0,,,
11939-3701,185,75,344.0,6.5,3.0,7.999999999999998,19.0
11939-12703,424,6,84.0,89.5,,,
11872-6104,316,282,170.0,1.5,170.0,1.0,0.0
11872-12702,574,514,17.0,2.5,16.0,1.0,1.0
11939-6102,324,4,245.0,4.5,,,
11939-6103,324,32,142.0,11.5,,,
11939-9101,95,182,5.0,9.500000000000007,12.0,5.0,7.0
11940-12703,137,0,280.0,89.5,,,
11939-12705,499,205,212.0,1.0,208.0,1.5,4.0
11939-9102,329,4,138.0,24.5,,,
11939-6104,304,118,21.0,5.0,13.0,3.5,8.0
11953-12705,675,644,76.0,13.5,69.0,6.0,7.0
11954-6103,302,205,261.0,3.0,261.0,0.5,0.0
11955-1902,94,91,185.0,2.0,294.0,3.5,109.0
11955-3701,130,0,254.0,25.0,,,
11954-6104,219,324,154.0,10.0,131.0,2.0,23.0
11955-12705,324,121,116.0,23.5,136.0,13.0,20.0
11954-12702,634,589,150.0,6.0,149.0,3.5,1.0
11955-3702,191,128,297.0,3.0,72.0,10.5,135.0
11955-3704,108,177,215.0,9.0,218.0,3.0,3.0
11954-12704,662,671,27.0,1.5,31.0,1.0,4.0
11955-6102,318,5,323.0,7.0,,,
11955-6103,310,12,339.0,2.5,,,
11955-6104,103,160,254.0,10.0,255.0,1.0,1.0
11955-12702,374,432,37.0,1.5,35.0,0.5,2.0
11955-6101,181,266,155.0,19.0,183.0,3.000000000000006,28.0
11954-9102,472,471,4.0,7.000000000000004,5.0,2.5,1.0
11956-1902,92,34,43.0,21.0,,,
11956-1901,90,74,2.0,15.499999999999998,200.0,4.5,162.0
11955-12701,445,539,191.0,16.000000000000007,197.0,2.5,6.0
11956-3702,165,0,342.0,19.000000000000007,,,
11956-12703,297,66,311.0,3.0,346.0,5.0,35.0
11956-3701,188,16,122.0,4.0,,,
11956-12701,240,267,287.0,4.0,286.0,0.5,1.0
11956-3704,153,150,140.0,23.5,124.0,7.0,16.0
11956-3703,187,187,96.0,2.5,96.0,1.0,0.0
11956-9102,140,128,92.0,17.5,77.0,5.0,15.0
11956-6104,258,80,114.0,4.0,136.0,10.5,22.0
11955-12703,674,665,63.0,1.0,62.0,1.0,1.0
11955-9102,475,467,293.0,5.0,291.0,3.5,2.0
11956-9101,239,282,296.0,8.5,282.0,4.5,14.0
11956-6103,322,282,179.0,1.999999999999998,182.0,2.000000000000006,3.0
11957-3702,185,66,159.0,2.0,158.0,0.5,1.0
11957-3701,170,106,142.0,2.0,102.0,1.5,40.0
11956-12702,674,401,127.0,2.0,138.0,1.5,11.0
11957-3703,122,112,154.0,12.0,144.0,4.0,10.0
11957-12703,266,246,112.0,4.5,109.0,1.5,3.0
11957-12701,380,331,343.0,4.0,344.0,1.5,1.0
11957-3704,185,173,359.0,4.500000000000006,356.0,4.0000000000000036,3.0
11956-12704,610,602,49.0,3.0,53.0,2.5,4.0
11957-6103,177,142,195.0,7.0,194.0,4.5,1.0
11958-1901,105,33,32.0,43.0,,,
11958-1902,98,0,281.0,35.0,,,
11957-12702,498,472,95.0,1.5,94.0,0.5,1.0
11957-6101,320,294,69.0,3.5,68.0,2.0,1.0
11957-9102,345,179,326.0,5.0,325.0,2.5,1.0
11958-3702,195,55,99.0,2.0,36.0,6.0,63.0
11957-12705,484,518,44.0,4.5,45.0,1.5,1.0
11958-3701,155,162,123.0,17.5,358.0,35.5,125.0
11958-3703,140,156,281.0,7.0,287.0,3.0,6.0
11958-12703,675,2,82.0,4.5,,,
11958-3704,193,179,338.0,20.5,336.0,7.5,2.0
11958-6101,336,22,61.0,1.5,,,
11958-12701,460,403,153.0,1.5,154.0,1.0,1.0
11957-12704,665,664,266.0,3.5,267.0,1.5,1.0
11957-9101,482,482,355.0,1.0,355.0,0.5,0.0
11958-9101,144,166,117.0,12.0,126.0,1.5,9.0
11960-1902,76,2,90.0,5.0,,,
11958-6102,261,239,294.0,9.5,296.0,5.0,2.0
11958-12702,628,405,229.0,3.0,227.0,2.5,2.0
11960-1901,61,96,94.0,13.0,96.0,3.0,2.0
11960-3701,81,43,249.0,10.0,,,
11958-6104,309,296,103.0,3.0,94.0,1.5,9.0
11958-9102,248,245,232.0,2.5,230.0,0.5,2.0
11958-6103,319,319,26.0,4.0,29.0,1.5,3.0
11960-3703,180,3,245.0,3.0,,,
11960-3702,179,45,208.0,4.0,,,
11960-3704,138,4,103.0,20.0,,,
11960-12702,255,289,8.0,3.5,15.0,2.5,7.0
11960-6103,307,13,9.0,1.5,,,
11960-9101,187,111,286.0,4.5,284.0,4.0,2.0
11962-12701,191,59,121.0,0.5,295.0,0.5,174.0
11960-12703,456,332,272.0,3.0,275.0,1.0,3.0
11960-6102,306,131,62.0,4.0,63.0,2.0,1.0
11960-12705,391,318,81.0,1.0,78.0,2.0,3.0
11962-1902,96,2,71.0,6.0,,,
11960-6104,315,97,305.0,1.5,299.0,0.5,6.0
11960-9102,453,20,224.0,12.0,,,
11962-3701,147,56,84.0,8.0,46.0,2.5,38.0
11962-12702,517,12,56.0,0.5,,,
11962-3703,192,22,106.0,9.0,,,
11962-3702,187,58,88.0,26.0,312.0,9.5,136.0
11962-6103,324,0,318.0,15.0,,,
11960-12701,602,605,341.0,1.5,342.0,0.5,1.0
11962-9102,337,15,187.0,16.500000000000007,,,
11963-12701,155,100,154.0,4.5,114.0,0.5,40.0
11962-6104,226,196,212.0,89.0,275.0,2.5,63.0
11962-12705,249,345,17.0,7.5,28.0,2.0,11.0
11962-12704,429,378,0.0,89.5,77.0,6.0,77.0
11962-9101,246,218,141.0,30.50000000000001,166.0,7.0,25.0
11960-12704,664,664,260.0,1.0,259.0,0.5,1.0
11963-3704,169,99,338.0,2.5,338.0,3.0,0.0
11963-6101,192,13,8.0,19.500000000000007,,,
11965-12702,120,0,173.0,23.0,,,
11965-1901,79,2,309.0,6.0,,,
11963-6103,305,24,334.0,26.0,,,
11965-12701,284,2,125.0,3.5,,,
11963-12703,230,378,119.0,89.5,106.0,9.0,13.0
11963-12705,274,260,59.0,5.0,63.0,2.5,4.0
11965-6103,111,0,240.0,20.5,,,
11963-12702,329,380,224.0,8.0,199.0,5.5,25.0
11872-9102,479,467,323.0,2.0,323.0,0.5,0.0
11872-12704,649,624,151.0,4.0,143.0,1.5,8.0
11940-1901,91,13,207.0,41.0,,,
11940-1902,91,88,142.0,2.5,141.0,2.0,1.0
11940-3704,150,33,78.0,3.5,,,
11940-3702,190,7,80.0,12.0,,,
11940-6101,120,78,174.0,40.00000000000001,176.0,11.5,2.0
11940-3703,170,144,120.0,6.5,122.0,2.5,2.0
11939-12702,619,561,313.0,14.5,309.0,4.0,4.0
11940-6102,303,52,322.0,3.5,283.0,1.0,39.0
11941-3701,184,24,3.0,8.0,,,
11940-12702,652,301,134.0,5.0,149.0,1.0,15.0
11940-6103,293,293,329.0,5.0,330.0,1.5,1.0
11941-3703,192,17,358.0,2.999999999999998,,,
11940-6104,326,292,115.0,2.0,117.0,1.0,2.0
11940-12701,669,574,161.0,1.0,161.0,1.0,0.0
11941-6101,144,52,252.0,17.5,246.0,9.5,6.0
11941-12702,674,1,162.0,2.0,,,
11940-12704,666,463,340.0,6.5,345.0,0.5,5.0
11940-9102,409,400,351.0,0.5,352.0,1.0,1.0
11941-6102,320,0,325.0,2.5,,,
11941-6104,185,142,148.0,10.0,158.0,4.5,10.0
11942-1902,99,22,113.0,3.0,,,
11941-6103,323,203,112.0,2.5,107.0,2.0,5.0
11941-12701,601,474,245.0,1.0,244.0,0.5,1.0
11941-12703,532,497,103.0,20.5,108.0,5.5,5.0
11942-12703,177,237,343.0,3.5,341.0,0.5,2.0
11942-3701,186,3,245.0,2.5,,,
11941-9102,466,116,185.0,1.5,178.0,2.5,7.0
11942-3703,192,3,235.0,3.0,,,
11941-9101,276,430,103.0,33.0,110.0,4.0,7.0
11942-6101,257,34,295.0,9.0,,,
11943-12702,102,0,285.0,6.5,,,
11942-3702,185,162,293.0,4.0,108.0,2.0,175.0
11943-12704,114,0,193.0,18.000000000000007,,,
11943-1901,102,1,206.0,4.0,,,
11942-12701,454,419,76.0,1.0,75.0,0.5,1.0
11942-9102,308,7,198.0,27.500000000000004,,,
11943-1902,104,8,7.0,4.0,,,
11942-6103,218,222,177.0,6.500000000000006,176.0,2.0,1.0
11943-3701,126,93,48.0,22.5,200.0,13.5,152.0
11943-12705,471,3,306.0,4.5,,,
11943-3702,182,160,129.0,7.0,129.0,3.5,0.0
11943-12703,589,0,311.0,2.0,,,
11943-6101,335,6,331.0,2.5,,,
11943-3703,201,201,286.0,3.0,286.0,2.0,0.0
11943-3704,190,194,245.0,8.0,236.0,6.0,9.0
11942-12702,667,667,98.0,4.5,98.0,2.0,0.0
11943-9102,150,6,214.0,3.0,,,
11942-12704,642,672,339.0,2.0,89.0,0.5,110.0
11942-9101,473,452,172.0,3.0,171.0,2.5,1.0
11944-1901,97,4,270.0,32.0,,,
11943-6102,239,196,13.0,4.0,14.0,1.5,1.0
11944-3701,104,11,258.0,89.5,,,
11943-9101,396,7,276.0,3.0,,,
11944-3702,110,116,333.0,16.0,331.0,4.5,2.0
11944-3703,118,138,272.0,17.5,279.0,2.5,7.0
11944-3704,196,79,138.0,3.0,137.0,1.0,1.0
11944-6102,193,4,214.0,3.5,,,
11943-6104,319,298,258.0,1.5,306.0,3.5,48.0
11944-6101,324,25,29.0,2.5,,,
11944-12703,230,355,13.0,14.500000000000002,19.0,2.5,6.0
11944-12702,346,372,244.0,38.5,126.0,28.5,118.0
11945-12703,264,5,179.0,26.000000000000004,,,
11944-6103,144,236,141.0,9.0,142.0,2.0,1.0
11945-1902,98,76,92.0,4.0,86.0,4.5,6.0
11945-12704,188,204,161.0,18.5,166.0,9.5,5.0
11945-3703,164,30,198.0,8.0,,,
11945-3702,191,144,85.0,5.5,82.0,4.0,3.0
11944-12701,581,547,235.0,4.0,235.0,3.0,0.0
11944-9101,295,400,77.0,12.0,16.0,1.0,61.0
11944-12705,679,515,32.0,1.0,31.0,1.0,1.0
11945-6103,92,152,23.0,13.0,36.0,3.0,13.0
11945-6102,268,288,312.0,2.5,309.0,1.0,3.0
11945-9101,144,166,244.0,14.0,243.0,3.0,1.0
11945-6101,324,323,108.0,2.5,107.0,1.5,1.0
11945-12705,469,462,234.0,3.5,235.0,1.0,1.0
11945-12701,447,576,325.0,2.0,327.0,1.5,2.0
11946-1902,82,4,58.0,5.5,,,
11945-6104,321,311,216.0,1.5,213.0,1.5,3.0
11946-1901,93,61,144.0,2.5,144.0,3.5,0.0
11946-3702,183,19,358.0,89.5,,,
11946-3704,190,29,221.0,6.5,,,
11945-9102,296,295,109.0,3.0,110.0,1.5,1.0
11946-3701,172,137,299.0,6.5,118.0,3.0,179.0
11946-6101,230,24,344.0,5.5,,,
11946-12701,465,337,249.0,2.0,247.0,1.0,2.0
11946-6104,232,1,141.0,28.5,,,
11946-12703,669,176,260.0,3.5,257.0,4.0,3.0
11946-12705,621,12,207.0,89.5,,,
11946-12704,354,394,328.0,3.5,327.0,0.5,1.0
11946-6103,239,212,206.0,2.5,204.0,1.5,2.0
11947-12702,201,2,320.0,51.50000000000001,,,
11946-6102,301,195,104.0,1.5,110.0,3.0,6.0
11946-12702,562,521,80.0,3.0,79.0,0.5,1.0
11947-1902,92,4,37.0,2.5,,,
11946-9102,476,40,94.0,0.5,,,
11947-1901,89,89,132.0,25.0,154.0,7.0,22.0
11947-3701,183,2,178.0,77.0,,,
11946-9101,312,318,222.0,3.5,222.0,1.0,0.0
11965-3702,192,0,181.0,6.5000000000000036,,,
11963-12704,326,401,276.0,9.5,279.0,3.0,3.0
11963-6102,274,279,27.0,5.0,22.0,3.0,5.0
11963-9101,345,224,69.0,12.0,67.0,3.0,2.0
11965-6102,317,41,287.0,2.5,,,
11965-12704,477,0,328.0,8.0,,,
11967-12704,180,31,266.0,16.5,,,
11965-6104,316,10,237.0,1.5,,,
11967-1902,91,1,222.0,4.0,,,
11967-1901,90,88,84.0,4.0,82.0,2.0,2.0
11967-12701,164,163,136.0,22.0,120.0,6.0,16.0
11965-12703,325,446,41.0,10.0,39.0,4.0,2.0
11967-3703,180,24,217.0,2.0,,,
11967-6101,157,0,180.0,30.500000000000007,,,
11965-9101,458,19,112.0,0.5,,,
11967-3704,134,89,265.0,6.0,263.0,2.5,2.0
11967-6102,108,89,29.0,16.5,21.0,6.0,8.0
11967-6103,152,1,84.0,3.5,,,
11968-12701,148,2,92.0,5.0,,,
11968-1901,91,5,356.0,8.499999999999996,,,
11968-1902,94,1,17.0,2.5,,,
11968-12703,182,5,317.0,25.0,,,
11967-12702,253,317,324.0,7.5,316.0,2.0,8.0
11967-12705,268,262,21.0,7.0,24.0,2.0,3.0
11968-12705,210,2,63.0,5.0,,,
11968-3704,135,1,260.0,5.0,,,
11968-3701,156,6,341.0,3.0,,,
11967-6104,204,171,214.0,3.5,221.0,1.5,7.0
11968-6103,57,68,32.0,19.5,28.0,0.5,4.0
11968-6102,198,7,20.0,3.0,,,
11968-6101,281,34,57.0,10.0,,,
11965-9102,472,434,254.0,3.0,253.0,1.5,1.0
11965-12705,665,601,150.0,3.0,153.0,3.0,3.0
11969-3701,121,1,64.0,3.0,,,
11969-3703,190,49,208.0,1.5,,,
11968-9101,205,300,227.0,11.5,235.0,2.5,8.0
11967-9102,472,404,92.0,5.5,71.0,5.0,21.0
11969-3702,193,193,271.0,2.0,271.0,1.5,0.0
11969-3704,167,118,111.0,5.5,115.0,1.0,4.0
11968-12704,679,225,72.0,3.0,73.0,1.0,1.0
11969-12705,264,314,88.0,9.0,42.0,0.5,46.0
11968-9102,405,335,336.0,2.0,332.0,1.5,4.0
11969-12703,649,24,37.0,1.5,,,
11969-12704,652,1,141.0,15.0,,,
11969-6101,164,158,237.0,5.5,244.0,0.5,7.0
11969-6104,154,112,44.0,6.0,66.0,9.0,22.0
11969-9101,257,30,115.0,5.5,,,
11969-9102,332,49,177.0,5.999999999999999,,,
11970-1901,86,75,325.0,11.5,325.0,5.0,0.0
11969-12701,677,290,350.0,3.0,336.0,1.0,14.0
11970-3703,181,17,166.0,9.5,,,
11969-6102,302,302,311.0,1.0,314.0,1.0,3.0
11970-3701,155,188,138.0,12.5,145.0,4.0,7.0
11970-3702,170,195,154.0,12.0,165.0,4.0,11.0
11970-12702,241,272,67.0,15.5,55.0,4.0,12.0
11970-3704,136,184,297.0,10.0,311.0,3.5,14.0
11970-6101,172,194,308.0,5.5,301.0,1.0,7.0
11969-12702,661,655,289.0,1.5,286.0,0.5,3.0
11974-1902,83,93,277.0,27.5,271.0,5.0,6.0
11970-6103,327,283,161.0,2.5,157.0,1.0,4.0
11970-9102,487,76,23.0,46.0,310.0,1.0,73.0
11974-12705,410,14,53.0,7.0,,,
11974-3702,165,156,201.0,3.5,201.0,0.5,0.0
11970-12703,518,497,93.0,1.5,95.0,1.5,2.0
11974-6102,143,49,283.0,11.5,,,
11974-3704,150,112,349.0,8.5,156.0,3.5,167.0
11974-6101,150,95,122.0,3.0,116.0,0.5,6.0
11970-9101,458,414,332.0,7.0,326.0,2.5,6.0
11974-6104,273,3,71.0,14.0,,,
11970-12701,674,628,172.0,10.500000000000007,190.0,5.5,18.0
11974-12702,449,324,149.0,2.5,153.0,1.0,4.0
11970-12704,683,544,91.0,0.5,87.0,1.5,4.0
11974-12701,388,507,140.0,4.5,140.0,2.5,0.0
11975-1901,72,0,269.0,3.0,,,
11974-12703,409,368,44.0,1.5,5.0,0.5,39.0
11975-12703,146,102,105.0,89.5,94.0,89.5,11.0
11974-9101,232,200,237.0,22.0,233.0,5.5,4.0
11975-12704,167,194,121.0,24.5,126.0,5.0,5.0
11975-3701,154,69,107.0,2.5,20.0,8.5,87.0
11975-3702,196,125,322.0,1.5,317.0,1.0,5.0
11975-6102,323,3,171.0,32.0,,,
11975-9101,349,24,256.0,39.0,,,
11976-1901,39,16,,,,,
11975-6101,228,204,154.0,4.5,158.0,0.5,4.0
11976-1902,92,0,243.0,33.5,,,
11975-6104,285,312,178.0,4.500000000000006,181.0,1.4999999999999993,3.0
11976-3703,74,84,117.0,89.5,291.0,4.0,174.0
11976-12702,249,330,258.0,8.5,255.0,3.5,3.0
11976-3704,70,117,157.0,17.5,162.0,1.5,5.0
11976-3701,190,190,243.0,9.0,249.0,9.5,6.0
11976-6102,124,74,193.0,12.0,184.0,15.5,9.0
11975-12701,669,671,62.0,5.0,20.0,0.5,42.0
11975-9102,491,482,309.0,1.0,309.0,0.5,0.0
11976-6103,285,14,236.0,5.0,,,
11976-6104,140,139,109.0,36.5,78.0,5.0,31.0
11976-12704,674,226,168.0,21.0,264.0,0.5,96.0
11975-12702,690,682,350.0,7.5,350.0,3.5,0.0
11975-12705,678,686,172.0,4.0,167.0,1.5,5.0
11976-12701,618,501,60.0,1.0,60.0,0.5,0.0
11977-12701,206,171,241.0,8.5,240.0,2.5,1.0
11947-12701,316,234,99.0,2.5,98.0,1.5,1.0
11947-3704,114,81,295.0,11.5,304.0,7.0,9.0
11947-3702,179,179,205.0,2.0,204.0,1.0,1.0
11947-6104,210,23,28.0,3.5,,,
11947-3703,185,169,181.0,1.4999999999999993,176.0,2.5,5.0
11947-6101,306,2,324.0,40.5,,,
11947-12705,474,206,108.0,5.0,138.0,0.5,30.0
11948-12701,151,171,192.0,13.999999999999998,204.0,5.5,12.0
11948-12702,155,187,70.0,7.5,82.0,1.5,12.0
11948-1902,97,101,139.0,21.5,147.0,13.5,8.0
11947-12703,395,503,234.0,1.0,236.0,0.5,2.0
11947-6103,322,303,112.0,2.0,108.0,1.0,4.0
11948-12705,401,6,262.0,89.5,,,
11948-3701,166,65,104.0,3.5,97.0,6.0,7.0
11948-3703,180,0,308.0,11.5,,,
11948-3702,153,102,240.0,10.5,242.0,8.5,2.0
11948-3704,128,108,326.0,13.5,70.0,3.0,104.0
11947-9102,361,337,308.0,1.5,310.0,1.5,2.0
11948-6103,168,0,183.0,4.5000000000000036,,,
11948-6101,118,193,148.0,10.5,134.0,1.5,14.0
11948-12704,419,394,153.0,4.5,154.0,1.0,1.0
11948-9101,300,148,320.0,3.5,335.0,2.0,15.0
11948-9102,159,283,157.0,5.0,138.0,2.0,19.0
11948-6102,275,308,72.0,10.5,73.0,6.0,1.0
11949-1902,97,67,19.0,5.0,18.0,7.0,1.0
11949-3703,184,42,236.0,7.0,,,
11949-12705,431,2,214.0,2.0,,,
11949-3704,172,46,248.0,2.5,,,
11949-3702,149,179,59.0,4.5,64.0,2.0,5.0
11949-12704,583,94,237.0,3.5,255.0,0.5,18.0
11948-12703,677,666,10.0,0.5,8.0,0.5,2.0
11949-6101,208,102,214.0,1.5,215.0,2.5,1.0
11949-6102,317,45,243.0,9.0,,,
11949-12703,432,458,289.0,3.5,289.0,1.5,0.0
11949-6103,290,3,235.0,8.5,,,
11949-6104,235,1,10.0,89.5,,,
11950-12702,101,15,339.0,89.5,,,
11950-3702,83,0,348.0,39.50000000000001,,,
11950-3703,136,19,41.0,2.5,,,
11950-12701,128,181,0.0,89.5,181.0,0.9999999999999978,179.0
11950-12703,220,3,194.0,2.5,,,
11950-9102,129,1,183.0,23.000000000000007,,,
11949-9101,224,263,145.0,4.5,149.0,1.5,4.0
11950-12704,153,160,0.0,89.5,153.0,2.0,153.0
11949-9102,280,221,6.0,2.0,5.0,1.5,1.0
11949-12701,648,641,205.0,1.5,203.0,0.5,2.0
11949-12702,667,654,359.0,0.5,358.0,0.5,1.0
11950-6101,303,139,226.0,3.0,223.0,3.0,3.0
11951-1901,92,81,318.0,21.0,326.0,5.0,8.0
11951-1902,85,81,346.0,17.0,348.0,7.0,2.0
11950-9101,284,238,238.0,10.5,259.0,0.5,21.0
11951-3704,164,3,72.0,2.0,,,
11951-3702,170,1,295.0,5.0,,,
11951-3701,124,156,333.0,18.5,319.0,4.0,14.0
11951-6102,253,1,357.0,2.0000000000000036,,,
11951-9101,295,1,114.0,20.0,,,
11951-12703,296,363,91.0,15.0,101.0,2.0,10.0
11951-6104,279,99,61.0,4.5,58.0,0.5,3.0
11951-12701,443,487,353.0,2.0,352.0,0.5,1.0
11951-12702,482,534,81.0,5.5,82.0,3.5,1.0
11952-1902,101,36,20.0,3.5,,,
11952-3703,57,21,55.0,30.0,,,
11951-12705,491,554,262.0,2.0,266.0,0.5,4.0
11951-12704,564,504,226.0,0.5,226.0,0.5,0.0
11952-3704,194,3,338.0,2.0,,,
11952-12702,288,354,214.0,10.5,226.0,3.5,12.0
11952-6104,235,31,207.0,0.5,,,
11951-9102,473,464,299.0,2.0,297.0,1.0,2.0
11952-6103,319,4,271.0,89.5,,,
11952-6102,311,96,288.0,25.5,106.0,2.5,178.0
11952-12701,655,279,222.0,1.0,219.0,1.5,3.0
11952-12705,312,329,302.0,4.5,326.0,4.5,24.0
11953-1902,95,42,339.0,15.5,,,
11952-9102,224,174,139.0,15.0,147.0,5.5,8.0
11953-3701,114,27,195.0,42.00000000000001,,,
11952-9101,454,15,199.0,30.500000000000007,,,
11953-12703,152,148,29.0,21.0,15.0,5.5,14.0
11952-12703,612,423,70.0,3.5,69.0,2.5,1.0
11953-3703,187,0,84.0,32.5,,,
11953-3702,189,73,281.0,4.0,301.0,4.5,20.0
11953-12701,242,266,227.0,24.0,228.0,3.0,1.0
11953-3704,181,124,41.0,1.5,38.0,1.5,3.0
11952-12704,679,595,164.0,1.5,172.0,1.0,8.0
11953-6103,318,5,203.0,84.5,,,
11953-6104,318,2,276.0,3.5,,,
11953-6102,310,58,36.0,2.5,38.0,3.5,2.0
11953-6101,286,256,347.0,2.0,349.0,1.0,2.0
11953-12702,384,406,168.0,2.0,169.0,0.5,1.0
11954-1901,98,86,310.0,4.5,313.0,3.5,3.0
11954-1902,93,76,33.0,3.5,11.0,5.0,22.0
11953-9102,478,0,241.0,89.5,,,
11954-3701,143,175,25.0,12.0,38.0,3.5,13.0
11954-3702,188,91,250.0,23.0,241.0,20.0,9.0
11953-9101,282,410,128.0,4.5,168.0,5.0,40.0
11954-3703,192,191,104.0,3.0,107.0,2.0,3.0
11954-3704,195,196,276.0,32.0,276.0,7.5,0.0
11954-6101,293,21,214.0,9.0,,,
11954-6102,222,13,284.0,9.0,,,
11953-12705,675,644,76.0,13.5,69.0,6.0,7.0
11954-12705,369,388,237.0,5.5,234.0,2.5,3.0
11976-12703,633,498,18.0,1.0,19.0,1.0,1.0
11977-3702,108,59,206.0,6.0,203.0,0.5,3.0
11977-3701,168,95,345.0,3.5,358.0,2.0,13.0
11977-12704,136,192,175.0,15.000000000000002,167.0,0.5,8.0
11977-3703,175,64,101.0,6.0,132.0,6.0,31.0
11976-12705,666,539,123.0,2.5,123.0,2.0,0.0
11977-6104,215,29,108.0,3.5,,,
11976-9101,345,376,125.0,5.5,129.0,2.0,4.0
11977-9101,182,151,309.0,15.5,320.0,3.5,11.0
11977-12705,315,321,181.0,7.9999999999999964,180.0,2.499999999999999,1.0
11977-9102,260,89,20.0,3.0,30.0,0.5,10.0
11978-1901,97,97,269.0,7.5,260.0,5.5,9.0
11977-6103,330,177,48.0,3.5,43.0,0.5,5.0
11978-3704,186,42,306.0,29.5,,,
11978-12704,208,213,284.0,11.0,272.0,3.5,12.0
11978-3702,131,157,5.0,11.500000000000004,6.0,4.0,1.0
11978-3701,183,171,39.0,2.5,322.0,3.5,77.0
11978-6104,253,25,282.0,1.5,,,
11979-1902,91,7,267.0,4.0,,,
11978-12701,354,397,44.0,1.5,40.0,0.5,4.0
11977-12703,684,470,237.0,1.0,236.0,1.5,1.0
11979-3703,164,50,169.0,4.0,150.0,7.0,19.0
11978-6101,289,285,349.0,3.5,349.0,1.0,0.0
11978-12702,489,520,240.0,12.0,236.0,3.5,4.0
11979-3701,195,184,236.0,2.0,235.0,1.0,1.0
11979-3704,192,135,340.0,1.5,343.0,1.0,3.0
11979-12701,695,16,169.0,16.5,,,
11979-6103,111,120,323.0,24.0,347.0,7.0,24.0
11978-9102,401,416,243.0,3.5,229.0,1.5,14.0
11979-6102,261,108,150.0,2.5,152.0,1.5,2.0
11980-1902,100,6,85.0,3.0,,,
11979-6101,329,313,170.0,2.0,170.0,1.0,0.0
11980-12701,208,172,80.0,26.0,59.0,8.0,21.0
11979-12702,682,317,37.0,3.5,24.0,1.0,13.0
11978-12705,683,683,295.0,1.5,297.0,0.5,2.0
11980-3701,153,0,65.0,10.5,,,
11980-3702,157,6,278.0,4.5,,,
11980-3703,199,0,23.0,5.0,,,
11979-12705,685,471,115.0,1.5,105.0,1.0,10.0
11980-12704,435,111,6.0,2.0,10.0,3.0,4.0
11979-12704,666,647,165.0,1.5,167.0,1.5,2.0
11980-9101,161,0,312.0,2.0,,,
11980-12702,416,390,307.0,1.5,306.0,0.5,1.0
11980-6104,341,1,347.0,1.5,,,
11979-9101,465,449,358.0,2.0000000000000036,358.0,1.5,0.0
11980-3704,203,205,152.0,15.0,158.0,3.5,6.0
11979-9102,474,459,78.0,1.0,72.0,0.5,6.0
11980-6102,291,106,214.0,3.5,209.0,4.0,5.0
11980-6101,331,180,2.0,4.000000000000008,308.0,1.0,54.0
11981-1901,66,81,42.0,72.5,193.0,3.5,151.0
11980-9102,260,123,13.0,7.0,16.0,8.0,3.0
11981-3702,94,112,195.0,10.5,194.0,3.5,1.0
11981-12703,356,0,296.0,89.5,,,
11981-3704,195,99,6.0,2.5,358.0,0.5,8.0
11981-3701,173,195,346.0,15.00000000000001,10.0,6.5,24.0
11981-6102,274,5,155.0,3.5,,,
11981-6103,146,169,297.0,11.0,300.0,3.0,3.0
11980-12703,695,651,42.0,2.0,39.0,1.5,3.0
11982-1901,50,81,203.0,23.500000000000007,152.0,21.0,51.0
11981-6101,282,320,203.0,6.5,200.0,2.5,3.0
11981-12705,629,60,324.0,5.0,161.0,1.0,163.0
11982-12703,169,196,224.0,8.0,223.0,3.5,1.0
11982-3701,183,86,77.0,8.5,96.0,2.0,19.0
11981-6104,321,324,333.0,1.5,333.0,0.5,0.0
11981-12701,511,572,107.0,7.5,85.0,3.5,22.0
11981-9102,328,306,341.0,2.5,337.0,0.5,4.0
11982-3702,125,132,164.0,33.5,172.0,12.5,8.0
11982-12705,288,290,138.0,4.5,136.0,2.0,2.0
11982-12702,646,84,334.0,14.0,292.0,1.0,42.0
11982-3704,170,170,267.0,1.5,268.0,1.5,1.0
11982-3703,175,175,156.0,4.0,163.0,2.5,7.0
11982-9101,192,12,74.0,22.0,,,
11983-12703,145,6,243.0,89.5,,,
11981-12704,662,566,65.0,1.5,67.0,1.0,2.0
11983-1902,90,29,235.0,15.0,,,
11982-6101,218,176,280.0,7.5,285.0,4.0,5.0
11983-1901,78,69,212.0,6.5,212.0,2.0,0.0
11983-6102,207,0,211.0,5.0,,,
11982-6102,214,275,210.0,6.5,214.0,2.0,4.0
11983-3702,164,148,20.0,18.499999999999996,12.0,15.000000000000007,8.0
11983-3701,187,193,67.0,24.0,75.0,5.5,8.0
11982-6104,292,301,112.0,4.0,114.0,1.5,2.0
11983-6103,264,100,158.0,3.0,157.0,2.0,1.0
11983-9101,318,1,152.0,2.0,,,
11983-6104,176,220,292.0,89.5,147.0,7.5,145.0
11983-9102,355,1,251.0,89.5,,,
11984-1901,59,67,16.0,28.999999999999993,341.0,28.0,35.0
11982-12704,660,646,69.0,2.5,65.0,1.5,4.0
11984-3702,172,23,283.0,2.0,,,
11984-3704,178,1,6.0,6.0,,,
11984-3701,186,155,313.0,11.0,311.0,2.0,2.0
11982-9102,482,479,119.0,2.5,123.0,1.0,4.0
11984-12702,349,354,133.0,3.0,137.0,1.0,4.0
11984-6101,325,126,42.0,6.5,358.0,0.5,44.0
11984-9102,210,184,305.0,10.5,308.0,4.0,3.0
11984-9101,207,206,64.0,9.0,65.0,2.5,1.0
11984-6102,293,246,341.0,1.0,339.0,1.0,2.0
12066-1901,95,95,108.0,5.5,105.0,4.0,3.0
11984-6104,323,293,40.0,2.5,42.0,0.5,2.0
12066-3702,153,44,200.0,5.5,,,
11955-1901,97,31,51.0,9.5,,,
11954-6103,302,205,261.0,3.0,261.0,0.5,0.0
11954-6104,219,324,154.0,10.0,131.0,2.0,23.0
11955-1902,94,91,185.0,2.0,294.0,3.5,109.0
11954-12702,634,589,150.0,6.0,149.0,3.5,1.0
11955-12705,324,121,116.0,23.5,136.0,13.0,20.0
11955-3701,130,0,254.0,25.0,,,
11954-12704,662,671,27.0,1.5,31.0,1.0,4.0
11955-3704,108,177,215.0,9.0,218.0,3.0,3.0
11955-3702,191,128,297.0,3.0,72.0,10.5,135.0
11955-6102,318,5,323.0,7.0,,,
11955-6103,310,12,339.0,2.5,,,
11955-12702,374,432,37.0,1.5,35.0,0.5,2.0
11954-9102,472,471,4.0,7.000000000000004,5.0,2.5,1.0
11955-6101,181,266,155.0,19.0,183.0,3.000000000000006,28.0
11955-12701,445,539,191.0,16.000000000000007,197.0,2.5,6.0
11955-6104,103,160,254.0,10.0,255.0,1.0,1.0
11956-1902,92,34,43.0,21.0,,,
11956-1901,90,74,2.0,15.499999999999998,200.0,4.5,162.0
11956-3701,188,16,122.0,4.0,,,
11956-3702,165,0,342.0,19.000000000000007,,,
11956-12703,297,66,311.0,3.0,346.0,5.0,35.0
11955-12703,674,665,63.0,1.0,62.0,1.0,1.0
11956-12701,240,267,287.0,4.0,286.0,0.5,1.0
11956-3704,153,150,140.0,23.5,124.0,7.0,16.0
11956-3703,187,187,96.0,2.5,96.0,1.0,0.0
11956-6104,258,80,114.0,4.0,136.0,10.5,22.0
11956-9102,140,128,92.0,17.5,77.0,5.0,15.0
11955-9102,475,467,293.0,5.0,291.0,3.5,2.0
11956-6103,322,282,179.0,1.999999999999998,182.0,2.000000000000006,3.0
11956-9101,239,282,296.0,8.5,282.0,4.5,14.0
11956-12702,674,401,127.0,2.0,138.0,1.5,11.0
11957-3701,170,106,142.0,2.0,102.0,1.5,40.0
11957-12703,266,246,112.0,4.5,109.0,1.5,3.0
11957-3702,185,66,159.0,2.0,158.0,0.5,1.0
11957-3703,122,112,154.0,12.0,144.0,4.0,10.0
11957-12701,380,331,343.0,4.0,344.0,1.5,1.0
11956-12704,610,602,49.0,3.0,53.0,2.5,4.0
11957-3704,185,173,359.0,4.500000000000006,356.0,4.0000000000000036,3.0
11957-6103,177,142,195.0,7.0,194.0,4.5,1.0
11957-12702,498,472,95.0,1.5,94.0,0.5,1.0
11958-1902,98,0,281.0,35.0,,,
11958-1901,105,33,32.0,43.0,,,
11957-6101,320,294,69.0,3.5,68.0,2.0,1.0
11957-12705,484,518,44.0,4.5,45.0,1.5,1.0
11957-9102,345,179,326.0,5.0,325.0,2.5,1.0
11958-3702,195,55,99.0,2.0,36.0,6.0,63.0
11958-3701,155,162,123.0,17.5,358.0,35.5,125.0
11958-12703,675,2,82.0,4.5,,,
11958-3703,140,156,281.0,7.0,287.0,3.0,6.0
11957-12704,665,664,266.0,3.5,267.0,1.5,1.0
11958-6101,336,22,61.0,1.5,,,
11958-12701,460,403,153.0,1.5,154.0,1.0,1.0
11958-3704,193,179,338.0,20.5,336.0,7.5,2.0
11957-9101,482,482,355.0,1.0,355.0,0.5,0.0
11958-12702,628,405,229.0,3.0,227.0,2.5,2.0
11958-9101,144,166,117.0,12.0,126.0,1.5,9.0
11958-6102,261,239,294.0,9.5,296.0,5.0,2.0
11960-1902,76,2,90.0,5.0,,,
11960-1901,61,96,94.0,13.0,96.0,3.0,2.0
11958-9102,248,245,232.0,2.5,230.0,0.5,2.0
11958-6103,319,319,26.0,4.0,29.0,1.5,3.0
11960-3701,81,43,249.0,10.0,,,
11958-6104,309,296,103.0,3.0,94.0,1.5,9.0
11960-12702,255,289,8.0,3.5,15.0,2.5,7.0
11960-3704,138,4,103.0,20.0,,,
11960-3702,179,45,208.0,4.0,,,
11960-3703,180,3,245.0,3.0,,,
11960-12703,456,332,272.0,3.0,275.0,1.0,3.0
11960-6103,307,13,9.0,1.5,,,
11960-9101,187,111,286.0,4.5,284.0,4.0,2.0
11960-12705,391,318,81.0,1.0,78.0,2.0,3.0
11962-12701,191,59,121.0,0.5,295.0,0.5,174.0
11960-6102,306,131,62.0,4.0,63.0,2.0,1.0
11960-6104,315,97,305.0,1.5,299.0,0.5,6.0
11962-1902,96,2,71.0,6.0,,,
11960-9102,453,20,224.0,12.0,,,
11962-3701,147,56,84.0,8.0,46.0,2.5,38.0
11962-3703,192,22,106.0,9.0,,,
11960-12701,602,605,341.0,1.5,342.0,0.5,1.0
11962-3702,187,58,88.0,26.0,312.0,9.5,136.0
11962-12702,517,12,56.0,0.5,,,
11960-12704,664,664,260.0,1.0,259.0,0.5,1.0
11962-6103,324,0,318.0,15.0,,,
11963-12701,155,100,154.0,4.5,114.0,0.5,40.0
11962-12705,249,345,17.0,7.5,28.0,2.0,11.0
11962-6104,226,196,212.0,89.0,275.0,2.5,63.0
11962-9102,337,15,187.0,16.500000000000007,,,
11962-12704,429,378,0.0,89.5,77.0,6.0,77.0
11962-9101,246,218,141.0,30.50000000000001,166.0,7.0,25.0
11963-6101,192,13,8.0,19.500000000000007,,,
11963-3704,169,99,338.0,2.5,338.0,3.0,0.0
11965-12702,120,0,173.0,23.0,,,
11963-6103,305,24,334.0,26.0,,,
11963-12703,230,378,119.0,89.5,106.0,9.0,13.0
11963-12705,274,260,59.0,5.0,63.0,2.5,4.0
11963-12702,329,380,224.0,8.0,199.0,5.5,25.0
11965-12701,284,2,125.0,3.5,,,
11965-1901,79,2,309.0,6.0,,,
11963-12704,326,401,276.0,9.5,279.0,3.0,3.0
12066-12703,367,126,259.0,4.0,29.0,3.0,130.0
12066-12704,247,214,2.0,19.5,339.0,8.5,23.0
12066-3701,190,190,102.0,2.0,106.0,2.0,4.0
11984-12701,541,618,104.0,4.0,102.0,1.0,2.0
11984-12703,582,574,81.0,8.5,82.0,3.0,1.0
12066-3703,181,177,126.0,3.0,125.0,2.0,1.0
12066-12701,415,424,142.0,2.5,141.0,0.5,1.0
12066-3704,188,188,267.0,5.5,269.0,2.5,2.0
12067-1901,98,0,233.0,9.5,,,
12066-6103,314,190,118.0,1.5,118.0,1.0,0.0
12067-1902,96,96,299.0,3.0,296.0,1.5,3.0
12067-3704,180,15,349.0,2.5,,,
12066-6101,322,280,82.0,2.5,79.0,1.0,3.0
11984-12704,687,668,309.0,1.0,305.0,0.5,4.0
12067-3702,179,57,202.0,4.5,187.0,1.0,15.0
12067-12703,255,250,149.0,2.0,143.0,1.0,6.0
12067-9101,165,60,9.0,19.500000000000004,9.0,14.5,0.0
12067-6103,260,11,319.0,89.5,,,
12068-3701,37,2,,,,,
12067-6102,312,76,210.0,6.5,168.0,0.5,42.0
12067-9102,250,61,261.0,1.0,323.0,37.5,62.0
12068-12702,327,4,286.0,16.0,,,
12066-9102,356,442,325.0,2.0,316.0,6.5,9.0
12066-12705,649,647,188.0,2.0,186.0,0.5,2.0
12068-6101,270,28,204.0,5.0,,,
12068-12701,196,291,337.0,19.0,291.0,3.5,46.0
12068-3704,177,181,251.0,24.5,231.0,4.5,20.0
12067-12704,485,456,192.0,0.5,194.0,0.5,2.0
12068-6102,273,170,323.0,1.0,313.0,1.0,10.0
12068-12704,346,295,65.0,4.0,58.0,4.5,7.0
12068-9101,208,260,228.0,4.5,227.0,2.5,1.0
12068-12703,518,322,310.0,5.0,312.0,2.5,2.0
12067-12701,645,628,147.0,2.0,150.0,1.0,3.0
12069-1902,59,91,40.0,40.0,28.0,5.5,12.0
12069-12701,239,260,9.0,18.500000000000004,11.0,6.0,2.0
12069-3704,187,5,112.0,4.0,,,
12068-6104,321,319,148.0,1.5,147.0,0.5,1.0
12069-12703,527,4,64.0,21.5,,,
12069-6104,308,29,252.0,6.5,,,
12068-12705,513,493,309.0,4.0,313.0,0.5,4.0
12070-12702,257,38,258.0,6.0,,,
12070-1902,92,13,189.0,5.5,,,
12068-9102,469,421,200.0,1.0,203.0,0.5,3.0
12070-12705,307,25,123.0,43.5,,,
12069-6102,238,304,139.0,3.0,134.0,1.5,5.0
12069-12705,493,389,330.0,9.0,16.0,2.0,46.0
12070-3704,75,119,62.0,12.0,73.0,4.0,11.0
12069-9101,255,329,227.0,9.0,231.0,2.0,4.0
12069-9102,473,61,0.0,2.5000000000000053,47.0,1.0,47.0
12070-3701,130,163,221.0,4.5,225.0,0.5,4.0
12070-12701,238,291,123.0,61.5,162.0,5.5,39.0
12070-6102,253,39,36.0,3.0,,,
12069-12702,625,460,176.0,9.500000000000005,175.0,10.500000000000002,1.0
12070-12704,278,312,52.0,11.0,57.0,2.5,5.0
12071-1901,93,93,311.0,3.5,139.0,2.5,172.0
12070-6101,187,254,146.0,6.0,155.0,1.0,9.0
12070-9101,158,149,141.0,18.0,161.0,4.5,20.0
12071-1902,84,83,96.0,16.5,37.0,15.0,59.0
12070-6104,178,245,109.0,39.0,109.0,4.0,0.0
12071-12704,251,140,7.0,5.0,12.0,6.5,5.0
12071-3702,155,182,306.0,25.0,325.0,2.5,19.0
12071-3704,188,183,231.0,5.5,244.0,4.5,13.0
12071-6101,276,9,264.0,89.5,,,
12071-6103,253,1,211.0,25.499999999999996,,,
12073-12704,154,1,223.0,0.5,,,
12070-9102,476,155,335.0,1.0,311.0,1.5,24.0
12073-3703,180,2,275.0,5.5,,,
12074-1902,93,0,164.0,43.5,,,
12071-6102,252,222,31.0,7.5,39.0,3.0,8.0
12073-6104,300,2,346.0,5.0,,,
12073-3704,162,135,120.0,4.5,122.0,3.0,2.0
12071-9101,315,303,326.0,3.5,327.0,2.5,1.0
12074-3703,189,0,331.0,4.5,,,
12074-3701,110,90,209.0,9.0,211.0,4.0,2.0
12071-9102,461,271,341.0,6.5,307.0,1.5,34.0
12074-6101,216,11,250.0,4.0,,,
12075-12702,119,0,75.0,5.5,,,
12071-12702,643,503,60.0,2.0,64.0,1.0,4.0
12074-6102,212,7,349.0,19.499999999999996,,,
12074-3704,123,179,303.0,3.5,297.0,1.5,6.0
12071-12705,666,538,15.0,2.0,18.0,0.5,3.0
12074-9102,297,1,32.0,3.0,,,
12075-1902,94,57,176.0,12.0,174.0,8.000000000000007,2.0
12075-3703,142,1,132.0,6.5,,,
12075-3702,168,0,339.0,4.5,,,
12071-12703,678,650,325.0,6.5,323.0,4.5,2.0
12075-3704,192,77,236.0,89.5,264.0,24.5,28.0
12075-6103,196,28,167.0,3.5,,,
12075-12705,306,138,209.0,12.5,23.0,5.5,174.0
12075-6104,193,94,14.0,4.0,14.0,1.5,0.0
12078-12704,175,14,176.0,70.0,,,
12075-12703,387,167,350.0,4.0,348.0,4.5,2.0
12075-6102,156,173,233.0,6.0,230.0,1.5,3.0
12075-6101,266,110,238.0,6.0,237.0,4.5,1.0
12074-12704,650,517,84.0,2.0,85.0,1.0,1.0
12078-1901,93,96,174.0,51.00000000000001,185.0,12.500000000000002,11.0
12078-1902,94,93,249.0,10.0,239.0,2.5,10.0
12078-3701,187,4,343.0,8.0,,,
12078-3704,185,4,313.0,2.5,,,
12078-3703,116,143,47.0,10.5,47.0,2.5,0.0
11963-6102,274,279,27.0,5.0,22.0,3.0,5.0
11965-6103,111,0,240.0,20.5,,,
11965-3702,192,0,181.0,6.5000000000000036,,,
11963-9101,345,224,69.0,12.0,67.0,3.0,2.0
11965-6102,317,41,287.0,2.5,,,
11965-6104,316,10,237.0,1.5,,,
11965-12704,477,0,328.0,8.0,,,
11967-12704,180,31,266.0,16.5,,,
11967-1902,91,1,222.0,4.0,,,
11967-12701,164,163,136.0,22.0,120.0,6.0,16.0
11965-9101,458,19,112.0,0.5,,,
11967-1901,90,88,84.0,4.0,82.0,2.0,2.0
11967-3703,180,24,217.0,2.0,,,
11965-12703,325,446,41.0,10.0,39.0,4.0,2.0
11967-6101,157,0,180.0,30.500000000000007,,,
11967-3704,134,89,265.0,6.0,263.0,2.5,2.0
11967-6103,152,1,84.0,3.5,,,
11967-6102,108,89,29.0,16.5,21.0,6.0,8.0
11967-12702,253,317,324.0,7.5,316.0,2.0,8.0
11968-12701,148,2,92.0,5.0,,,
11967-12705,268,262,21.0,7.0,24.0,2.0,3.0
11968-1901,91,5,356.0,8.499999999999996,,,
11968-12703,182,5,317.0,25.0,,,
11968-1902,94,1,17.0,2.5,,,
11968-12705,210,2,63.0,5.0,,,
11967-6104,204,171,214.0,3.5,221.0,1.5,7.0
11965-9102,472,434,254.0,3.0,253.0,1.5,1.0
11968-3704,135,1,260.0,5.0,,,
11968-3701,156,6,341.0,3.0,,,
11968-6103,57,68,32.0,19.5,28.0,0.5,4.0
11968-6102,198,7,20.0,3.0,,,
11965-12705,665,601,150.0,3.0,153.0,3.0,3.0
11968-6101,281,34,57.0,10.0,,,
11969-3701,121,1,64.0,3.0,,,
11968-9101,205,300,227.0,11.5,235.0,2.5,8.0
11967-9102,472,404,92.0,5.5,71.0,5.0,21.0
11968-12704,679,225,72.0,3.0,73.0,1.0,1.0
11969-3703,190,49,208.0,1.5,,,
11969-3702,193,193,271.0,2.0,271.0,1.5,0.0
11968-9102,405,335,336.0,2.0,332.0,1.5,4.0
11969-12703,649,24,37.0,1.5,,,
11969-12705,264,314,88.0,9.0,42.0,0.5,46.0
11969-12704,652,1,141.0,15.0,,,
11969-3704,167,118,111.0,5.5,115.0,1.0,4.0
11969-6101,164,158,237.0,5.5,244.0,0.5,7.0
11969-6104,154,112,44.0,6.0,66.0,9.0,22.0
11969-12701,677,290,350.0,3.0,336.0,1.0,14.0
11969-9101,257,30,115.0,5.5,,,
11969-9102,332,49,177.0,5.999999999999999,,,
11970-1901,86,75,325.0,11.5,325.0,5.0,0.0
11969-6102,302,302,311.0,1.0,314.0,1.0,3.0
11970-3703,181,17,166.0,9.5,,,
11970-12702,241,272,67.0,15.5,55.0,4.0,12.0
11969-12702,661,655,289.0,1.5,286.0,0.5,3.0
11970-3701,155,188,138.0,12.5,145.0,4.0,7.0
11970-3702,170,195,154.0,12.0,165.0,4.0,11.0
11970-3704,136,184,297.0,10.0,311.0,3.5,14.0
11970-6101,172,194,308.0,5.5,301.0,1.0,7.0
11970-12703,518,497,93.0,1.5,95.0,1.5,2.0
11970-6103,327,283,161.0,2.5,157.0,1.0,4.0
11970-9102,487,76,23.0,46.0,310.0,1.0,73.0
11974-12705,410,14,53.0,7.0,,,
11974-1902,83,93,277.0,27.5,271.0,5.0,6.0
11970-12701,674,628,172.0,10.500000000000007,190.0,5.5,18.0
11970-12704,683,544,91.0,0.5,87.0,1.5,4.0
11974-12702,449,324,149.0,2.5,153.0,1.0,4.0
11974-3702,165,156,201.0,3.5,201.0,0.5,0.0
11974-3704,150,112,349.0,8.5,156.0,3.5,167.0
11974-6102,143,49,283.0,11.5,,,
11970-9101,458,414,332.0,7.0,326.0,2.5,6.0
11974-12701,388,507,140.0,4.5,140.0,2.5,0.0
11974-12703,409,368,44.0,1.5,5.0,0.5,39.0
11974-6101,150,95,122.0,3.0,116.0,0.5,6.0
11975-1901,72,0,269.0,3.0,,,
11974-6104,273,3,71.0,14.0,,,
11975-12703,146,102,105.0,89.5,94.0,89.5,11.0
11975-3701,154,69,107.0,2.5,20.0,8.5,87.0
11974-9101,232,200,237.0,22.0,233.0,5.5,4.0
11975-12704,167,194,121.0,24.5,126.0,5.0,5.0
11975-3702,196,125,322.0,1.5,317.0,1.0,5.0
11975-6102,323,3,171.0,32.0,,,
11975-6101,228,204,154.0,4.5,158.0,0.5,4.0
11975-9101,349,24,256.0,39.0,,,
11975-6104,285,312,178.0,4.500000000000006,181.0,1.4999999999999993,3.0
11976-1901,39,16,,,,,
11976-1902,92,0,243.0,33.5,,,
11976-12702,249,330,258.0,8.5,255.0,3.5,3.0
11976-3703,74,84,117.0,89.5,291.0,4.0,174.0
11975-12701,669,671,62.0,5.0,20.0,0.5,42.0
11975-9102,491,482,309.0,1.0,309.0,0.5,0.0
11975-12702,690,682,350.0,7.5,350.0,3.5,0.0
11976-3701,190,190,243.0,9.0,249.0,9.5,6.0
11975-12705,678,686,172.0,4.0,167.0,1.5,5.0
11976-3704,70,117,157.0,17.5,162.0,1.5,5.0
11976-6102,124,74,193.0,12.0,184.0,15.5,9.0
11976-12704,674,226,168.0,21.0,264.0,0.5,96.0
11976-12701,618,501,60.0,1.0,60.0,0.5,0.0
11976-6103,285,14,236.0,5.0,,,
11976-12703,633,498,18.0,1.0,19.0,1.0,1.0
11976-6104,140,139,109.0,36.5,78.0,5.0,31.0
12078-6101,221,55,320.0,5.0,349.0,4.0,29.0
12074-12703,691,684,312.0,3.0,311.0,0.5,1.0
12078-6102,123,86,241.0,1.5,265.0,0.5,24.0
12075-9102,419,279,124.0,2.5,126.0,1.5,2.0
12074-12705,682,660,73.0,7.0,77.0,2.5,4.0
12078-6104,99,205,14.0,18.500000000000007,14.0,2.5,0.0
12079-1902,103,102,25.0,2.0,24.0,1.0,1.0
12079-3703,143,97,137.0,4.5,142.0,2.0,5.0
12079-3701,135,187,157.0,18.999999999999996,148.0,3.0,9.0
12079-3704,194,105,152.0,2.0,147.0,2.5,5.0
12078-6103,303,308,79.0,7.0,69.0,2.0,10.0
12079-6101,232,169,137.0,1.5,134.0,1.0,3.0
12079-6104,335,11,143.0,70.5,,,
12080-1901,83,0,27.0,36.0,,,
12079-12703,295,289,80.0,15.0,76.0,4.0,4.0
12080-12701,241,101,105.0,3.5,111.0,5.5,6.0
12080-3704,94,2,322.0,6.5,,,
12080-3702,142,13,225.0,4.0,,,
12080-1902,105,102,108.0,31.5,281.0,13.5,173.0
12078-12703,650,654,338.0,1.5,340.0,0.5,2.0
12080-6103,175,2,173.0,6.000000000000004,,,
12078-12705,661,656,111.0,3.5,108.0,1.5,3.0
12079-12702,458,467,214.0,2.0,212.0,0.5,2.0
12080-12705,205,312,13.0,1.5,21.0,0.5,8.0
12080-12704,247,263,50.0,6.5,54.0,2.5,4.0
12081-1901,70,0,306.0,11.5,,,
12079-9102,474,225,336.0,2.5,335.0,0.5,1.0
12079-12701,552,549,136.0,5.0,137.0,3.0,1.0
12081-1902,94,2,311.0,6.5,,,
12081-3704,136,1,329.0,6.5,,,
12080-9101,167,241,318.0,13.5,322.0,2.5,4.0
12081-12704,236,242,247.0,16.5,248.0,1.0,1.0
12080-9102,263,276,246.0,21.5,238.0,4.5,8.0
12081-6101,187,128,264.0,6.0,275.0,1.5,11.0
12081-12702,297,292,33.0,4.0,33.0,1.5,0.0
12081-6103,201,167,205.0,14.0,183.0,4.4999999999999964,22.0
12081-12703,321,297,216.0,3.0,216.0,2.0,0.0
12082-12703,179,138,33.0,41.50000000000001,7.0,15.5,26.0
12082-1902,89,90,274.0,4.0,282.0,2.5,8.0
12082-3701,109,121,276.0,5.5,282.0,5.0,6.0
12081-6104,256,270,184.0,89.5,205.0,13.5,21.0
12081-9102,305,313,36.0,20.0,31.0,3.0,5.0
12081-12705,489,494,322.0,15.5,332.0,4.0,10.0
12082-12705,248,202,167.0,7.5,170.0,5.5,3.0
12082-12702,427,311,280.0,6.0,280.0,1.0,0.0
12082-9102,215,122,4.0,9.0,358.0,5.499999999999999,6.0
12082-6104,297,163,233.0,3.0,233.0,2.0,0.0
12083-6104,274,12,298.0,16.0,,,
12082-6101,293,215,304.0,2.0,305.0,1.0,1.0
12083-12704,440,5,338.0,10.0,,,
12083-12703,324,211,359.0,0.5,303.0,0.5,56.0
12084-1902,98,98,49.0,11.5,40.0,6.0,9.0
12084-3701,142,89,222.0,13.5,224.0,8.5,2.0
12084-12701,169,300,263.0,13.0,272.0,2.0,9.0
12084-6101,219,2,43.0,4.0,,,
12084-3702,190,190,132.0,4.0,136.0,3.0,4.0
12084-3703,189,188,98.0,5.0,92.0,2.0,6.0
12084-6102,176,129,276.0,11.0,83.0,11.0,167.0
12082-12704,663,634,145.0,8.0,151.0,3.0,6.0
12085-1901,53,0,64.0,26.5,,,
12085-1902,97,2,59.0,8.5,,,
12084-12705,399,404,210.0,8.5,205.0,1.5,5.0
12085-3701,69,88,179.0,89.5,16.0,5.0,163.0
12084-12703,499,390,231.0,5.5,232.0,1.5,1.0
12083-12705,652,496,268.0,2.5,267.0,2.0,1.0
12084-6104,322,322,3.0,3.0000000000000004,359.0,1.4999999999999978,4.0
12085-3702,89,104,243.0,9.0,233.0,6.0,10.0
12085-3703,157,38,29.0,14.0,,,
12085-12702,331,366,6.0,1.0,286.0,2.0,80.0
12084-12702,580,581,118.0,3.0,118.0,1.5,0.0
12084-12704,562,598,309.0,4.5,317.0,1.5,8.0
12085-12705,311,304,183.0,20.5,201.0,6.5,18.0
12085-3704,172,183,268.0,18.5,278.0,5.5,10.0
12085-12701,402,571,0.0,89.5,23.0,2.5,23.0
12087-1902,97,0,356.0,22.000000000000007,,,
12087-12703,176,108,292.0,13.0,283.0,3.5,9.0
12085-6103,245,256,266.0,2.0,265.0,1.0,1.0
12085-6104,277,187,251.0,4.5,251.0,0.5,0.0
12085-12704,504,520,140.0,1.0,137.0,0.5,3.0
12085-6101,310,302,176.0,2.0,177.0,1.5,1.0
12087-3701,186,150,337.0,3.0,336.0,2.0,1.0
12087-12704,190,264,268.0,18.5,272.0,2.5,4.0
12087-3702,172,89,27.0,2.5,30.0,1.5,3.0
12087-3703,131,136,312.0,8.0,310.0,2.5,2.0
12087-12702,298,345,53.0,3.0,53.0,1.5,0.0
12087-6102,161,119,301.0,12.5,299.0,7.0,2.0
12087-9101,141,136,254.0,32.5,281.0,7.0,27.0
12088-1901,78,6,277.0,9.5,,,
12085-9102,464,464,159.0,1.5,159.0,1.0,0.0
12087-6104,260,229,191.0,4.5,205.0,1.0,14.0
12088-3704,35,9,,,,,
12087-6101,333,246,190.0,2.0,183.0,1.5,7.0
12087-12705,487,333,356.0,0.5,354.0,0.5,2.0
12088-3702,155,18,24.0,89.5,,,
12088-12703,245,211,86.0,5.0,72.0,4.0,14.0
12087-6103,319,269,46.0,2.0,41.0,1.0,5.0
12088-3703,149,43,157.0,3.5,,,
12088-12702,317,257,321.0,18.0,300.0,2.0,21.0
12087-9102,353,267,313.0,11.5,319.0,1.5,6.0
12088-6104,158,0,18.0,10.5,,,
12088-3701,188,188,309.0,2.5,291.0,3.0,18.0
12088-6102,215,136,249.0,8.5,239.0,3.5,10.0
12089-1902,94,94,14.0,89.5,341.0,13.5,33.0
12089-3702,187,3,236.0,5.0,,,
12089-3704,191,28,243.0,6.0,,,
12089-3703,118,123,127.0,5.5,313.0,6.0,174.0
12089-6101,142,0,205.0,8.5,,,
12088-6101,323,319,60.0,1.5,60.0,1.0,0.0
12090-12701,131,75,49.0,4.0,59.0,3.5,10.0
12089-12703,348,281,44.0,4.0,41.0,2.5,3.0
12089-6103,127,279,121.0,7.0,128.0,0.5,7.0
12089-6104,311,119,178.0,4.999999999999999,183.0,3.000000000000008,5.0
12089-12705,403,412,226.0,3.0,226.0,0.5,0.0
12090-1902,99,0,122.0,12.0,,,
12089-12701,412,467,254.0,5.0,251.0,2.5,3.0
12090-12703,170,178,128.0,8.5,123.0,1.0,5.0
12090-1901,92,92,270.0,5.0,272.0,4.0,2.0
12088-12704,686,673,118.0,7.5,115.0,3.5,3.0
12088-12705,666,668,351.0,9.5,339.0,7.0,12.0
12090-6102,157,1,323.0,0.5,,,
12090-3704,193,19,83.0,9.0,,,
12090-3702,92,132,77.0,9.0,83.0,2.0,6.0
12090-3701,156,154,192.0,4.0,195.0,1.0,3.0
12090-12702,320,393,194.0,10.0,210.0,2.0,16.0
12090-12705,233,261,292.0,1.5,309.0,0.5,17.0
12090-6101,119,176,298.0,8.0,10.0,2.5,72.0
12089-12702,623,621,221.0,4.0,221.0,1.5,0.0
12089-9101,473,437,16.0,2.0,20.0,1.0,4.0
12090-12704,675,30,254.0,5.0,,,
12092-1902,78,64,57.0,3.5,64.0,3.0,7.0
12092-3703,170,0,207.0,20.5,,,
12092-3701,179,133,300.0,10.0,308.0,4.5,8.0
12092-12703,221,165,184.0,23.999999999999996,145.0,6.5,39.0
12090-9101,281,305,322.0,7.5,330.0,1.5,8.0
12092-12701,217,210,157.0,16.5,159.0,4.0,2.0
12092-3704,135,155,343.0,11.0,342.0,1.5,1.0
12090-9102,321,297,226.0,2.0,235.0,0.5,9.0
12092-9101,146,125,119.0,11.0,121.0,5.0,2.0
12092-6104,203,83,154.0,2.0,151.0,2.0,3.0
12093-3701,190,19,338.0,18.0,,,
12093-6101,186,2,244.0,5.5,,,
12092-6101,286,321,293.0,1.5,287.0,1.0,6.0
12092-9102,275,255,118.0,10.0,137.0,3.5,19.0
12093-6102,123,129,130.0,13.0,147.0,5.0,17.0
12093-12703,185,179,127.0,25.0,137.0,6.0,10.0
12092-6102,319,291,283.0,0.5,284.0,2.5,1.0
12092-12702,652,238,153.0,2.5,155.0,0.5,2.0
12093-12701,359,152,56.0,3.0,68.0,0.5,12.0
12093-12702,561,28,316.0,0.5,,,
12093-6104,179,85,14.0,5.5,27.0,3.5,13.0
12093-12704,574,1,45.0,0.5,,,
12094-1901,100,86,243.0,6.0,227.0,9.0,16.0
12093-9102,321,20,125.0,10.5,,,
12094-3702,120,4,220.0,5.0,,,
12094-3703,168,1,120.0,6.5,,,
12094-3704,171,37,170.0,3.5,,,
12094-3701,179,171,310.0,4.5,301.0,0.5,9.0
12093-12705,447,421,279.0,4.5,276.0,1.0,3.0
12094-12704,229,247,351.0,3.5,349.0,1.0,2.0
12094-6101,159,225,122.0,7.0,126.0,3.0,4.0
12094-12702,310,307,98.0,3.5,99.0,1.0,1.0
12094-6104,172,260,324.0,7.5,317.0,2.0,7.0
12483-1901,79,77,51.0,89.5,128.0,30.0,77.0
12094-12701,355,411,340.0,7.0,349.0,4.5,9.0
12094-9101,255,231,239.0,8.5,238.0,5.0,1.0
12094-12705,290,420,266.0,8.0,258.0,0.5,8.0
12483-1902,96,96,31.0,89.5,196.0,7.0,165.0
12483-3703,144,20,72.0,89.5,,,
12483-3704,149,0,187.0,8.500000000000002,,,
12094-6102,322,318,347.0,1.5,349.0,1.0,2.0
12483-3701,188,91,275.0,3.0,279.0,2.0,4.0
12484-1901,92,84,255.0,9.0,85.0,7.5,170.0
12483-12701,663,192,241.0,2.0,242.0,0.5,1.0
12484-12701,323,121,332.0,4.0,333.0,8.0,1.0
12484-12703,192,211,147.0,10.0,147.0,2.5,0.0
12484-3701,191,93,86.0,5.5,92.0,4.5,6.0
12483-6102,307,309,272.0,2.5,272.0,1.5,0.0
12484-3702,166,65,245.0,3.5,22.0,9.5,137.0
12484-6104,151,5,166.0,13.0,,,
12483-9101,376,418,138.0,2.5,138.0,1.5,0.0
12484-3704,164,158,72.0,6.5,70.0,1.5,2.0
12484-3703,191,191,64.0,3.0,72.0,4.0,8.0
12483-12704,637,528,163.0,2.0,160.0,2.5,3.0
12483-12702,661,610,150.0,7.0,136.0,0.5,14.0
12484-9102,369,14,89.0,7.5,,,
12483-12703,609,603,165.0,2.0,167.0,1.0,2.0
12484-6103,227,292,314.0,9.0,316.0,2.0,2.0
12485-3701,193,10,19.0,1.5,,,
12485-3704,171,31,314.0,3.0,,,
12485-9101,157,11,240.0,5.5,,,
12485-12705,191,194,158.0,36.50000000000001,154.0,9.5,4.0
12485-6103,329,2,169.0,89.5,,,
12485-9102,118,132,244.0,18.5,222.0,4.0,22.0
12485-12701,679,6,284.0,14.5,,,
12487-1901,92,0,226.0,47.50000000000001,,,
12485-12704,274,269,162.0,12.0,167.0,3.0,5.0
12484-12704,677,675,253.0,6.5,251.0,3.0,2.0
12487-1902,101,101,347.0,10.0,153.0,5.5,166.0
12485-6102,267,277,256.0,12.0,256.0,3.0,0.0
12485-12703,560,273,100.0,1.0,94.0,1.0,6.0
11977-3702,108,59,206.0,6.0,203.0,0.5,3.0
11977-12701,206,171,241.0,8.5,240.0,2.5,1.0
11977-3701,168,95,345.0,3.5,358.0,2.0,13.0
11976-12705,666,539,123.0,2.5,123.0,2.0,0.0
11977-12704,136,192,175.0,15.000000000000002,167.0,0.5,8.0
11977-3703,175,64,101.0,6.0,132.0,6.0,31.0
11977-6104,215,29,108.0,3.5,,,
11976-9101,345,376,125.0,5.5,129.0,2.0,4.0
11977-6103,330,177,48.0,3.5,43.0,0.5,5.0
11977-12705,315,321,181.0,7.9999999999999964,180.0,2.499999999999999,1.0
11977-9101,182,151,309.0,15.5,320.0,3.5,11.0
11977-9102,260,89,20.0,3.0,30.0,0.5,10.0
11978-12704,208,213,284.0,11.0,272.0,3.5,12.0
11978-1901,97,97,269.0,7.5,260.0,5.5,9.0
11978-3704,186,42,306.0,29.5,,,
11978-3702,131,157,5.0,11.500000000000004,6.0,4.0,1.0
11978-3701,183,171,39.0,2.5,322.0,3.5,77.0
11977-12703,684,470,237.0,1.0,236.0,1.5,1.0
11978-12701,354,397,44.0,1.5,40.0,0.5,4.0
11978-6104,253,25,282.0,1.5,,,
11979-1902,91,7,267.0,4.0,,,
11978-6101,289,285,349.0,3.5,349.0,1.0,0.0
11978-12702,489,520,240.0,12.0,236.0,3.5,4.0
11979-3703,164,50,169.0,4.0,150.0,7.0,19.0
11979-3701,195,184,236.0,2.0,235.0,1.0,1.0
11979-12701,695,16,169.0,16.5,,,
11979-3704,192,135,340.0,1.5,343.0,1.0,3.0
11978-9102,401,416,243.0,3.5,229.0,1.5,14.0
11979-6103,111,120,323.0,24.0,347.0,7.0,24.0
11979-6102,261,108,150.0,2.5,152.0,1.5,2.0
11978-12705,683,683,295.0,1.5,297.0,0.5,2.0
11979-6101,329,313,170.0,2.0,170.0,1.0,0.0
11979-12702,682,317,37.0,3.5,24.0,1.0,13.0
11980-1902,100,6,85.0,3.0,,,
11980-12701,208,172,80.0,26.0,59.0,8.0,21.0
11980-3701,153,0,65.0,10.5,,,
11979-12705,685,471,115.0,1.5,105.0,1.0,10.0
11980-3702,157,6,278.0,4.5,,,
11979-12704,666,647,165.0,1.5,167.0,1.5,2.0
11980-3703,199,0,23.0,5.0,,,
11980-12704,435,111,6.0,2.0,10.0,3.0,4.0
11980-9101,161,0,312.0,2.0,,,
11979-9101,465,449,358.0,2.0000000000000036,358.0,1.5,0.0
11980-12702,416,390,307.0,1.5,306.0,0.5,1.0
11980-3704,203,205,152.0,15.0,158.0,3.5,6.0
11979-9102,474,459,78.0,1.0,72.0,0.5,6.0
11980-6104,341,1,347.0,1.5,,,
11980-6102,291,106,214.0,3.5,209.0,4.0,5.0
11980-6101,331,180,2.0,4.000000000000008,308.0,1.0,54.0
11981-1901,66,81,42.0,72.5,193.0,3.5,151.0
11980-9102,260,123,13.0,7.0,16.0,8.0,3.0
11981-12703,356,0,296.0,89.5,,,
11981-3702,94,112,195.0,10.5,194.0,3.5,1.0
11981-3704,195,99,6.0,2.5,358.0,0.5,8.0
11981-3701,173,195,346.0,15.00000000000001,10.0,6.5,24.0
11981-6102,274,5,155.0,3.5,,,
11980-12703,695,651,42.0,2.0,39.0,1.5,3.0
11981-6103,146,169,297.0,11.0,300.0,3.0,3.0
11981-12705,629,60,324.0,5.0,161.0,1.0,163.0
11981-6101,282,320,203.0,6.5,200.0,2.5,3.0
11982-12703,169,196,224.0,8.0,223.0,3.5,1.0
11982-1901,50,81,203.0,23.500000000000007,152.0,21.0,51.0
11981-6104,321,324,333.0,1.5,333.0,0.5,0.0
11981-12701,511,572,107.0,7.5,85.0,3.5,22.0
11981-9102,328,306,341.0,2.5,337.0,0.5,4.0
11982-3701,183,86,77.0,8.5,96.0,2.0,19.0
11982-3702,125,132,164.0,33.5,172.0,12.5,8.0
11982-12702,646,84,334.0,14.0,292.0,1.0,42.0
11981-12704,662,566,65.0,1.5,67.0,1.0,2.0
11982-12705,288,290,138.0,4.5,136.0,2.0,2.0
11982-3703,175,175,156.0,4.0,163.0,2.5,7.0
11982-3704,170,170,267.0,1.5,268.0,1.5,1.0
11982-9101,192,12,74.0,22.0,,,
11983-1902,90,29,235.0,15.0,,,
11983-12703,145,6,243.0,89.5,,,
11983-1901,78,69,212.0,6.5,212.0,2.0,0.0
11982-6101,218,176,280.0,7.5,285.0,4.0,5.0
11982-6102,214,275,210.0,6.5,214.0,2.0,4.0
11983-6102,207,0,211.0,5.0,,,
11983-3702,164,148,20.0,18.499999999999996,12.0,15.000000000000007,8.0
11982-6104,292,301,112.0,4.0,114.0,1.5,2.0
11983-3701,187,193,67.0,24.0,75.0,5.5,8.0
11983-9101,318,1,152.0,2.0,,,
11983-6103,264,100,158.0,3.0,157.0,2.0,1.0
11982-12704,660,646,69.0,2.5,65.0,1.5,4.0
11983-6104,176,220,292.0,89.5,147.0,7.5,145.0
11983-9102,355,1,251.0,89.5,,,
11984-1901,59,67,16.0,28.999999999999993,341.0,28.0,35.0
11984-3702,172,23,283.0,2.0,,,
11984-3704,178,1,6.0,6.0,,,
11982-9102,482,479,119.0,2.5,123.0,1.0,4.0
11984-3701,186,155,313.0,11.0,311.0,2.0,2.0
11984-6101,325,126,42.0,6.5,358.0,0.5,44.0
11984-12702,349,354,133.0,3.0,137.0,1.0,4.0
11984-9101,207,206,64.0,9.0,65.0,2.5,1.0
11984-6102,293,246,341.0,1.0,339.0,1.0,2.0
11984-9102,210,184,305.0,10.5,308.0,4.0,3.0
11984-6104,323,293,40.0,2.5,42.0,0.5,2.0
12066-1901,95,95,108.0,5.5,105.0,4.0,3.0
12066-3702,153,44,200.0,5.5,,,
12484-12705,686,682,349.0,0.5,349.0,0.5,0.0
12487-3702,138,115,192.0,3.5,198.0,1.0,6.0
12487-3701,179,107,219.0,2.5,82.0,4.0,137.0
12487-3703,166,73,285.0,12.0,296.0,10.0,11.0
12487-12704,404,312,171.0,9.000000000000007,172.0,3.5,1.0
12487-6102,187,168,189.0,25.000000000000007,200.0,6.5,11.0
12487-6101,323,178,350.0,2.5,6.0,1.5,16.0
12487-9102,359,0,58.0,7.5,,,
12487-9101,265,93,183.0,3.5000000000000018,194.0,3.5,11.0
12488-1901,71,84,110.0,32.0,285.0,6.0,175.0
12488-1902,69,90,72.0,31.5,56.0,8.0,16.0
12487-6103,328,238,110.0,11.5,112.0,5.5,2.0
12488-3703,189,34,280.0,3.0,,,
12488-12702,281,230,291.0,10.0,288.0,10.0,3.0
12488-3701,171,127,24.0,3.0,27.0,1.0,3.0
12488-12701,327,372,265.0,9.5,265.0,2.5,0.0
12488-6101,268,99,201.0,10.0,186.0,8.0,15.0
12488-6102,172,170,133.0,3.5,133.0,1.5,0.0
12487-12701,669,674,19.0,7.0,14.0,3.0,5.0
12488-6104,169,196,127.0,26.0,152.0,5.5,25.0
12489-1901,97,60,163.0,89.5,7.0,10.000000000000002,156.0
12488-12703,375,544,306.0,4.5,313.0,1.5,7.0
12489-3704,121,4,355.0,4.5000000000000036,,,
12489-1902,81,94,256.0,13.0,262.0,6.0,6.0
12487-12705,682,635,214.0,0.5,215.0,0.5,1.0
12489-3702,91,108,54.0,13.0,51.0,3.0,3.0
12489-12701,233,277,162.0,21.5,125.0,3.5,37.0
12489-9102,206,0,110.0,89.5,,,
12489-6104,312,1,317.0,89.5,,,
12490-12701,163,102,0.0,89.5,223.0,8.0,137.0
12490-12705,84,0,341.0,89.5,,,
12490-12702,120,137,273.0,13.5,254.0,4.0,19.0
12488-12704,632,624,81.0,2.5,81.0,1.0,0.0
12490-1902,93,0,184.0,11.5,,,
12490-12703,113,135,53.0,89.5,87.0,3.5,34.0
12488-9101,446,467,68.0,3.0,65.0,1.0,3.0
12489-6102,280,238,169.0,2.0,170.0,2.0,1.0
12488-9102,456,464,117.0,2.0,115.0,1.5,2.0
12490-3702,95,159,323.0,89.5,261.0,2.5,62.0
12490-3704,151,99,90.0,9.0,82.0,6.0,8.0
12490-9102,116,144,0.0,89.5,273.0,7.0,87.0
12490-3703,176,173,187.0,10.000000000000002,193.0,5.5,6.0
12491-1902,94,8,130.0,5.5,,,
12491-3701,83,18,300.0,25.0,,,
12489-12705,501,542,137.0,4.0,134.0,1.0,3.0
12490-6103,196,206,175.0,11.500000000000002,187.0,5.0,12.0
12491-3704,96,36,91.0,21.0,,,
12490-9101,252,186,83.0,3.5,76.0,3.5,7.0
12489-9101,474,424,99.0,3.0,102.0,1.5,3.0
12491-12705,322,14,95.0,31.0,,,
12489-12703,664,659,153.0,2.5,155.0,1.0,2.0
12491-3703,181,126,202.0,2.5,206.0,0.5,4.0
12491-6103,202,76,333.0,28.000000000000007,309.0,7.5,24.0
12491-12702,296,331,0.0,89.5,308.0,5.0,52.0
12495-1901,77,86,198.0,23.500000000000007,202.0,3.0,4.0
12491-9101,149,209,338.0,22.0,322.0,2.5,16.0
12495-3701,118,135,0.0,89.5,31.0,6.0,31.0
12495-12704,180,179,11.0,0.5,2.0,3.500000000000006,9.0
12495-3702,90,139,0.0,89.5,22.0,0.5,22.0
12491-12701,483,379,296.0,18.5,284.0,8.0,12.0
12491-6104,314,207,301.0,5.5,250.0,1.0,51.0
12495-3703,132,114,221.0,8.5,224.0,9.0,3.0
12491-6101,320,279,345.0,2.0,343.0,0.5,2.0
12495-9101,90,56,281.0,11.0,290.0,0.5,9.0
12495-6104,89,91,0.0,89.5,246.0,9.0,114.0
12506-1901,90,5,154.0,4.5,,,
12506-1902,78,0,33.0,32.5,,,
12491-9102,383,355,257.0,1.5,255.0,1.0,2.0
12491-12704,469,589,169.0,7.5,166.0,2.5,3.0
12506-3701,161,0,245.0,8.0,,,
12495-6103,206,202,323.0,12.0,330.0,2.5,7.0
12506-12702,312,3,82.0,9.0,,,
12506-3702,170,2,339.0,2.5,,,
12506-3704,108,0,173.0,11.0,,,
12495-9102,242,212,305.0,2.5,308.0,0.5,3.0
12495-6102,300,291,312.0,2.0,312.0,1.5,0.0
12495-6101,307,302,105.0,3.5,107.0,1.5,2.0
12506-3703,164,83,274.0,23.0,275.0,14.5,1.0
12506-6101,142,104,137.0,12.0,140.0,7.0,3.0
12510-1901,98,0,1.0,83.0,,,
12506-6104,306,4,325.0,3.0,,,
12506-9102,387,3,65.0,3.0,,,
12506-9101,419,1,192.0,3.5,,,
12510-1902,77,98,203.0,16.0,205.0,5.5,2.0
12506-6102,307,243,340.0,1.5,328.0,2.0,12.0
12506-6103,286,299,136.0,17.0,123.0,1.5,13.0
12510-3702,157,181,60.0,11.5,59.0,4.5,1.0
12510-6102,89,135,263.0,89.5,261.0,4.5,2.0
12510-3704,152,137,70.0,9.0,98.0,7.0,28.0
12511-12702,104,0,85.0,89.5,,,
12506-12703,569,519,86.0,4.0,84.0,0.5,2.0
12506-12701,632,617,230.0,1.0,226.0,1.0,4.0
12510-12702,502,483,3.0,2.5000000000000004,3.0,1.5,0.0
12510-12703,513,438,27.0,10.0,26.0,4.5,1.0
12510-6104,295,299,354.0,2.0,356.0,1.5,2.0
12510-12704,602,413,95.0,4.5,107.0,4.0,12.0
12511-3701,177,182,230.0,4.0,228.0,2.5,2.0
12510-12701,596,597,56.0,3.5,55.0,1.5,1.0
12510-9101,468,483,334.0,4.0,334.0,2.0,0.0
12510-9102,452,466,338.0,2.0,343.0,1.0,5.0
11984-12701,541,618,104.0,4.0,102.0,1.0,2.0
12066-12704,247,214,2.0,19.5,339.0,8.5,23.0
12066-12703,367,126,259.0,4.0,29.0,3.0,130.0
12066-3701,190,190,102.0,2.0,106.0,2.0,4.0
11984-12703,582,574,81.0,8.5,82.0,3.0,1.0
12066-12701,415,424,142.0,2.5,141.0,0.5,1.0
12066-3703,181,177,126.0,3.0,125.0,2.0,1.0
11984-12704,687,668,309.0,1.0,305.0,0.5,4.0
12067-1901,98,0,233.0,9.5,,,
12066-3704,188,188,267.0,5.5,269.0,2.5,2.0
12067-1902,96,96,299.0,3.0,296.0,1.5,3.0
12066-6103,314,190,118.0,1.5,118.0,1.0,0.0
12067-3704,180,15,349.0,2.5,,,
12066-6101,322,280,82.0,2.5,79.0,1.0,3.0
12067-12703,255,250,149.0,2.0,143.0,1.0,6.0
12067-3702,179,57,202.0,4.5,187.0,1.0,15.0
12067-9101,165,60,9.0,19.500000000000004,9.0,14.5,0.0
12067-6103,260,11,319.0,89.5,,,
12066-9102,356,442,325.0,2.0,316.0,6.5,9.0
12067-6102,312,76,210.0,6.5,168.0,0.5,42.0
12068-3701,37,2,,,,,
12067-9102,250,61,261.0,1.0,323.0,37.5,62.0
12068-12702,327,4,286.0,16.0,,,
12066-12705,649,647,188.0,2.0,186.0,0.5,2.0
12067-12704,485,456,192.0,0.5,194.0,0.5,2.0
12068-12701,196,291,337.0,19.0,291.0,3.5,46.0
12068-6101,270,28,204.0,5.0,,,
12068-3704,177,181,251.0,24.5,231.0,4.5,20.0
12067-12701,645,628,147.0,2.0,150.0,1.0,3.0
12068-6102,273,170,323.0,1.0,313.0,1.0,10.0
12068-12704,346,295,65.0,4.0,58.0,4.5,7.0
12068-12703,518,322,310.0,5.0,312.0,2.5,2.0
12068-6104,321,319,148.0,1.5,147.0,0.5,1.0
12068-9101,208,260,228.0,4.5,227.0,2.5,1.0
12069-1902,59,91,40.0,40.0,28.0,5.5,12.0
12069-12701,239,260,9.0,18.500000000000004,11.0,6.0,2.0
12068-12705,513,493,309.0,4.0,313.0,0.5,4.0
12069-3704,187,5,112.0,4.0,,,
12069-12703,527,4,64.0,21.5,,,
12069-6104,308,29,252.0,6.5,,,
12068-9102,469,421,200.0,1.0,203.0,0.5,3.0
12070-12702,257,38,258.0,6.0,,,
12070-1902,92,13,189.0,5.5,,,
12069-6102,238,304,139.0,3.0,134.0,1.5,5.0
12069-9101,255,329,227.0,9.0,231.0,2.0,4.0
12070-12705,307,25,123.0,43.5,,,
12069-12705,493,389,330.0,9.0,16.0,2.0,46.0
12070-12701,238,291,123.0,61.5,162.0,5.5,39.0
12069-12702,625,460,176.0,9.500000000000005,175.0,10.500000000000002,1.0
12069-9102,473,61,0.0,2.5000000000000053,47.0,1.0,47.0
12070-3704,75,119,62.0,12.0,73.0,4.0,11.0
12070-3701,130,163,221.0,4.5,225.0,0.5,4.0
12070-12704,278,312,52.0,11.0,57.0,2.5,5.0
12070-6102,253,39,36.0,3.0,,,
12070-9101,158,149,141.0,18.0,161.0,4.5,20.0
12071-1902,84,83,96.0,16.5,37.0,15.0,59.0
12071-1901,93,93,311.0,3.5,139.0,2.5,172.0
12070-6101,187,254,146.0,6.0,155.0,1.0,9.0
12070-6104,178,245,109.0,39.0,109.0,4.0,0.0
12071-12704,251,140,7.0,5.0,12.0,6.5,5.0
12071-6101,276,9,264.0,89.5,,,
12070-9102,476,155,335.0,1.0,311.0,1.5,24.0
12071-6103,253,1,211.0,25.499999999999996,,,
12071-3702,155,182,306.0,25.0,325.0,2.5,19.0
12071-3704,188,183,231.0,5.5,244.0,4.5,13.0
12073-12704,154,1,223.0,0.5,,,
12071-6102,252,222,31.0,7.5,39.0,3.0,8.0
12073-3703,180,2,275.0,5.5,,,
12073-6104,300,2,346.0,5.0,,,
12073-3704,162,135,120.0,4.5,122.0,3.0,2.0
12074-1902,93,0,164.0,43.5,,,
12071-9101,315,303,326.0,3.5,327.0,2.5,1.0
12071-12702,643,503,60.0,2.0,64.0,1.0,4.0
12074-3701,110,90,209.0,9.0,211.0,4.0,2.0
12071-12705,666,538,15.0,2.0,18.0,0.5,3.0
12074-3703,189,0,331.0,4.5,,,
12071-9102,461,271,341.0,6.5,307.0,1.5,34.0
12074-6101,216,11,250.0,4.0,,,
12071-12703,678,650,325.0,6.5,323.0,4.5,2.0
12075-12702,119,0,75.0,5.5,,,
12074-3704,123,179,303.0,3.5,297.0,1.5,6.0
12074-6102,212,7,349.0,19.499999999999996,,,
12074-9102,297,1,32.0,3.0,,,
12075-1902,94,57,176.0,12.0,174.0,8.000000000000007,2.0
12075-3703,142,1,132.0,6.5,,,
12075-3702,168,0,339.0,4.5,,,
12075-3704,192,77,236.0,89.5,264.0,24.5,28.0
12075-6103,196,28,167.0,3.5,,,
12075-12705,306,138,209.0,12.5,23.0,5.5,174.0
12075-12703,387,167,350.0,4.0,348.0,4.5,2.0
12075-6104,193,94,14.0,4.0,14.0,1.5,0.0
12075-6102,156,173,233.0,6.0,230.0,1.5,3.0
12075-6101,266,110,238.0,6.0,237.0,4.5,1.0
12078-12704,175,14,176.0,70.0,,,
12074-12704,650,517,84.0,2.0,85.0,1.0,1.0
12078-1901,93,96,174.0,51.00000000000001,185.0,12.500000000000002,11.0
12078-3701,187,4,343.0,8.0,,,
12078-1902,94,93,249.0,10.0,239.0,2.5,10.0
12074-12703,691,684,312.0,3.0,311.0,0.5,1.0
12074-12705,682,660,73.0,7.0,77.0,2.5,4.0
12511-9101,153,222,137.0,18.5,137.0,3.5,0.0
12511-6104,196,243,352.0,23.000000000000007,356.0,3.5,4.0
12511-6101,317,235,29.0,3.0,61.0,8.5,32.0
12512-1901,92,25,198.0,2.5,,,
12512-1902,92,20,261.0,5.0,,,
12512-12705,240,18,221.0,0.5,,,
12511-12701,528,517,110.0,3.0,106.0,1.0,4.0
12511-12703,573,563,38.0,2.0,37.0,1.0,1.0
12511-9102,341,385,309.0,21.0,302.0,2.5,7.0
12511-12704,550,566,226.0,5.0,227.0,2.0,1.0
12512-3701,147,148,191.0,4.5,174.0,8.000000000000005,17.0
12511-12705,541,592,91.0,1.0,91.0,0.5,0.0
12512-6102,230,2,26.0,16.5,,,
12512-12701,371,419,335.0,8.5,321.0,3.5,14.0
12512-6104,138,150,233.0,13.5,242.0,6.0,9.0
12512-12704,655,5,245.0,8.5,,,
12512-12703,275,398,149.0,5.0,150.0,0.5,1.0
12514-1901,90,0,280.0,5.5,,,
12512-12702,349,611,123.0,1.5,64.0,0.5,59.0
12514-3704,120,25,222.0,5.0,,,
12514-3701,188,51,152.0,4.5,61.0,3.0,91.0
12512-6101,271,296,301.0,3.0,301.0,1.0,0.0
12514-3702,194,169,353.0,44.0,194.0,3.5,159.0
12512-9102,473,246,127.0,1.5,284.0,3.0,157.0
12512-9101,438,388,81.0,0.5,77.0,2.0,4.0
12514-6103,336,181,113.0,7.0,111.0,4.5,2.0
12518-12704,135,13,280.0,89.5,,,
12514-12703,367,354,64.0,1.5,64.0,1.0,0.0
12518-12702,183,198,338.0,20.5,329.0,6.0,9.0
12518-1901,71,76,25.0,18.5,180.0,0.5,155.0
12518-12703,259,229,103.0,4.0,102.0,1.5,1.0
12518-12701,311,296,179.0,1.999999999999998,180.0,0.9999999999999978,1.0
12518-6102,109,74,301.0,16.5,57.0,3.0,116.0
12518-6104,108,1,195.0,0.5,,,
12518-3701,191,186,20.0,43.00000000000001,23.0,6.0,3.0
12518-3704,193,185,150.0,9.0,139.0,4.0,11.0
12514-9101,471,467,255.0,1.5,256.0,0.5,1.0
12514-9102,463,462,152.0,2.0,151.0,1.0,1.0
12514-12701,607,612,11.0,3.5,13.0,1.5,2.0
12620-1901,91,6,329.0,7.0,,,
12514-12702,672,598,115.0,1.0,117.0,0.5,2.0
12514-12705,642,656,250.0,17.0,251.0,1.5,1.0
12518-6101,303,277,177.0,2.5,179.0,1.5000000000000038,2.0
12620-3701,105,158,325.0,89.5,275.0,8.5,50.0
12518-6103,280,291,191.0,5.0,187.0,3.0,4.0
12620-3702,188,58,88.0,5.0,100.0,2.5,12.0
12620-12705,251,113,294.0,7.0,304.0,3.0,10.0
12620-3704,114,68,61.0,14.0,56.0,6.0,5.0
12518-9102,368,149,15.0,15.0,2.0,10.000000000000004,13.0
12620-3703,187,187,142.0,3.5,142.0,1.5,0.0
12620-12701,309,304,239.0,1.5,243.0,0.5,4.0
12518-12705,639,637,277.0,1.0,277.0,0.5,0.0
12518-9101,475,475,88.0,1.5,89.0,0.5,1.0
12620-6101,312,299,216.0,8.5,212.0,4.0,4.0
12620-6102,233,279,110.0,11.0,100.0,2.5,10.0
12620-6104,224,300,169.0,10.0,171.0,4.5,2.0
12621-1902,96,92,264.0,7.0,314.0,89.5,50.0
12620-6103,314,296,137.0,3.5,139.0,1.5,2.0
12621-3701,166,5,255.0,3.5,,,
12620-9102,473,89,220.0,4.5,237.0,13.5,17.0
12621-3702,166,121,353.0,2.5,355.0,2.0,2.0
12621-12701,391,264,282.0,3.0,286.0,1.0,4.0
12621-3704,99,133,339.0,80.5,197.0,3.0,142.0
12620-9101,414,419,103.0,5.0,101.0,2.0,2.0
12621-3703,187,133,322.0,2.0,199.0,4.5,123.0
12621-6104,304,0,308.0,16.0,,,
12621-6102,124,212,245.0,21.0,233.0,4.0,12.0
12620-12704,676,674,64.0,3.0,66.0,1.5,2.0
12621-12704,678,104,340.0,24.500000000000007,126.0,9.5,146.0
12622-3704,190,42,272.0,4.5,,,
12622-1902,100,99,106.0,4.5,91.0,5.5,15.0
12621-6103,309,323,93.0,2.0,91.0,1.0,2.0
12621-9102,243,233,43.0,2.5,41.0,0.5,2.0
12622-12701,245,241,210.0,13.5,213.0,2.0,3.0
12622-6102,311,0,105.0,22.5,,,
12621-12703,617,543,250.0,2.0,250.0,0.5,0.0
12622-6101,176,215,33.0,77.0,313.0,2.0,80.0
12621-9101,393,377,268.0,1.5,269.0,1.0,1.0
12622-6103,140,130,324.0,12.0,319.0,1.0,5.0
12622-6104,171,116,16.0,20.000000000000007,22.0,9.5,6.0
12624-1902,85,44,127.0,20.5,,,
12624-3704,110,1,261.0,9.5,,,
12624-3701,114,81,68.0,4.0,261.0,4.0,167.0
12622-12703,459,417,256.0,4.0,258.0,2.0,2.0
12624-3702,152,73,84.0,4.0,72.0,0.5,12.0
12624-6102,98,0,271.0,13.5,,,
12624-12704,220,233,165.0,38.0,143.0,6.0,22.0
12624-6103,274,20,282.0,42.5,,,
12624-9101,214,121,101.0,1.0,103.0,3.5,2.0
12622-9101,430,413,255.0,2.5,256.0,1.0,1.0
12622-12705,549,668,129.0,10.0,123.0,1.5,6.0
12622-12704,652,619,175.0,11.0,170.0,3.5,5.0
12622-9102,461,426,263.0,1.0,262.0,0.5,1.0
12651-12701,220,251,18.0,0.5,12.0,0.5,6.0
12651-3702,129,15,149.0,5.5,,,
12651-6102,212,16,57.0,5.0,,,
12651-12704,458,13,0.0,6.999999999999997,,,
12651-3701,148,187,179.0,14.499999999999995,177.0,3.000000000000004,2.0
12624-9102,468,189,123.0,3.5,118.0,1.0,5.0
12624-12701,525,583,208.0,15.0,196.0,3.0,12.0
12078-3704,185,4,313.0,2.5,,,
12078-3703,116,143,47.0,10.5,47.0,2.5,0.0
12078-6102,123,86,241.0,1.5,265.0,0.5,24.0
12078-6101,221,55,320.0,5.0,349.0,4.0,29.0
12075-9102,419,279,124.0,2.5,126.0,1.5,2.0
12078-6104,99,205,14.0,18.500000000000007,14.0,2.5,0.0
12079-1902,103,102,25.0,2.0,24.0,1.0,1.0
12079-3703,143,97,137.0,4.5,142.0,2.0,5.0
12079-3701,135,187,157.0,18.999999999999996,148.0,3.0,9.0
12078-6103,303,308,79.0,7.0,69.0,2.0,10.0
12079-3704,194,105,152.0,2.0,147.0,2.5,5.0
12079-12703,295,289,80.0,15.0,76.0,4.0,4.0
12079-6101,232,169,137.0,1.5,134.0,1.0,3.0
12079-6104,335,11,143.0,70.5,,,
12080-1901,83,0,27.0,36.0,,,
12078-12703,650,654,338.0,1.5,340.0,0.5,2.0
12080-12701,241,101,105.0,3.5,111.0,5.5,6.0
12079-12702,458,467,214.0,2.0,212.0,0.5,2.0
12078-12705,661,656,111.0,3.5,108.0,1.5,3.0
12080-3704,94,2,322.0,6.5,,,
12080-3702,142,13,225.0,4.0,,,
12080-12704,247,263,50.0,6.5,54.0,2.5,4.0
12080-1902,105,102,108.0,31.5,281.0,13.5,173.0
12079-12701,552,549,136.0,5.0,137.0,3.0,1.0
12080-6103,175,2,173.0,6.000000000000004,,,
12080-12705,205,312,13.0,1.5,21.0,0.5,8.0
12081-1901,70,0,306.0,11.5,,,
12079-9102,474,225,336.0,2.5,335.0,0.5,1.0
12081-1902,94,2,311.0,6.5,,,
12081-3704,136,1,329.0,6.5,,,
12080-9101,167,241,318.0,13.5,322.0,2.5,4.0
12080-9102,263,276,246.0,21.5,238.0,4.5,8.0
12081-6101,187,128,264.0,6.0,275.0,1.5,11.0
12081-12704,236,242,247.0,16.5,248.0,1.0,1.0
12081-6103,201,167,205.0,14.0,183.0,4.4999999999999964,22.0
12081-12703,321,297,216.0,3.0,216.0,2.0,0.0
12081-12702,297,292,33.0,4.0,33.0,1.5,0.0
12081-6104,256,270,184.0,89.5,205.0,13.5,21.0
12082-1902,89,90,274.0,4.0,282.0,2.5,8.0
12082-12703,179,138,33.0,41.50000000000001,7.0,15.5,26.0
12082-3701,109,121,276.0,5.5,282.0,5.0,6.0
12081-9102,305,313,36.0,20.0,31.0,3.0,5.0
12082-12705,248,202,167.0,7.5,170.0,5.5,3.0
12081-12705,489,494,322.0,15.5,332.0,4.0,10.0
12082-9102,215,122,4.0,9.0,358.0,5.499999999999999,6.0
12082-12702,427,311,280.0,6.0,280.0,1.0,0.0
12082-6101,293,215,304.0,2.0,305.0,1.0,1.0
12082-6104,297,163,233.0,3.0,233.0,2.0,0.0
12083-6104,274,12,298.0,16.0,,,
12083-12704,440,5,338.0,10.0,,,
12083-12703,324,211,359.0,0.5,303.0,0.5,56.0
12084-1902,98,98,49.0,11.5,40.0,6.0,9.0
12084-3701,142,89,222.0,13.5,224.0,8.5,2.0
12084-12701,169,300,263.0,13.0,272.0,2.0,9.0
12084-6101,219,2,43.0,4.0,,,
12084-3702,190,190,132.0,4.0,136.0,3.0,4.0
12082-12704,663,634,145.0,8.0,151.0,3.0,6.0
12084-3703,189,188,98.0,5.0,92.0,2.0,6.0
12084-6102,176,129,276.0,11.0,83.0,11.0,167.0
12084-12703,499,390,231.0,5.5,232.0,1.5,1.0
12083-12705,652,496,268.0,2.5,267.0,2.0,1.0
12084-12705,399,404,210.0,8.5,205.0,1.5,5.0
12085-1901,53,0,64.0,26.5,,,
12085-1902,97,2,59.0,8.5,,,
12085-3701,69,88,179.0,89.5,16.0,5.0,163.0
12084-12702,580,581,118.0,3.0,118.0,1.5,0.0
12084-12704,562,598,309.0,4.5,317.0,1.5,8.0
12085-3703,157,38,29.0,14.0,,,
12085-3702,89,104,243.0,9.0,233.0,6.0,10.0
12084-6104,322,322,3.0,3.0000000000000004,359.0,1.4999999999999978,4.0
12085-12705,311,304,183.0,20.5,201.0,6.5,18.0
12085-12702,331,366,6.0,1.0,286.0,2.0,80.0
12085-3704,172,183,268.0,18.5,278.0,5.5,10.0
12085-12701,402,571,0.0,89.5,23.0,2.5,23.0
12085-6104,277,187,251.0,4.5,251.0,0.5,0.0
12087-12703,176,108,292.0,13.0,283.0,3.5,9.0
12085-6103,245,256,266.0,2.0,265.0,1.0,1.0
12087-1902,97,0,356.0,22.000000000000007,,,
12085-12704,504,520,140.0,1.0,137.0,0.5,3.0
12085-6101,310,302,176.0,2.0,177.0,1.5,1.0
12087-12704,190,264,268.0,18.5,272.0,2.5,4.0
12087-12702,298,345,53.0,3.0,53.0,1.5,0.0
12087-3702,172,89,27.0,2.5,30.0,1.5,3.0
12087-3703,131,136,312.0,8.0,310.0,2.5,2.0
12087-3701,186,150,337.0,3.0,336.0,2.0,1.0
12087-6102,161,119,301.0,12.5,299.0,7.0,2.0
12085-9102,464,464,159.0,1.5,159.0,1.0,0.0
12087-9101,141,136,254.0,32.5,281.0,7.0,27.0
12088-1901,78,6,277.0,9.5,,,
12087-6101,333,246,190.0,2.0,183.0,1.5,7.0
12087-6103,319,269,46.0,2.0,41.0,1.0,5.0
12087-12705,487,333,356.0,0.5,354.0,0.5,2.0
12088-3704,35,9,,,,,
12087-6104,260,229,191.0,4.5,205.0,1.0,14.0
12088-3702,155,18,24.0,89.5,,,
12088-12703,245,211,86.0,5.0,72.0,4.0,14.0
12088-3703,149,43,157.0,3.5,,,
12088-12702,317,257,321.0,18.0,300.0,2.0,21.0
12088-6104,158,0,18.0,10.5,,,
12087-9102,353,267,313.0,11.5,319.0,1.5,6.0
12651-6101,196,119,353.0,1.5,353.0,3.0,0.0
12652-1901,73,23,207.0,6.5,,,
12624-12703,569,538,73.0,1.0,75.0,1.0,2.0
12624-12702,586,622,25.0,6.0,18.0,1.0,7.0
12651-6103,206,141,80.0,3.5,82.0,2.5,2.0
12652-3702,108,10,205.0,6.5,,,
12652-1902,98,89,14.0,3.5,21.0,3.0,7.0
12652-3701,106,116,330.0,15.0,352.0,4.0,22.0
12652-6104,147,78,142.0,20.5,161.0,10.0,19.0
12652-6101,319,17,236.0,12.0,,,
12652-6102,312,13,92.0,7.0,,,
12652-12702,386,289,309.0,2.0,317.0,1.5,8.0
12651-9101,458,250,5.0,2.5,9.0,1.5,4.0
12667-9101,173,9,292.0,5.5,,,
12667-6104,128,148,131.0,12.0,120.0,3.5,11.0
12673-12701,142,0,132.0,42.00000000000001,,,
12652-12704,435,355,239.0,4.5,242.0,1.5,3.0
12651-12705,639,660,58.0,2.5,58.0,1.0,0.0
12673-1902,75,26,198.0,41.0,,,
12667-6103,324,241,19.0,2.5,23.0,3.0,4.0
12667-6101,304,319,79.0,2.0,80.0,1.0,1.0
12673-3703,189,42,64.0,1.0,,,
12652-9102,446,438,259.0,2.0,260.0,1.0,1.0
12667-9102,459,119,305.0,1.5,312.0,3.0,7.0
12673-3702,167,144,335.0,3.0,333.0,2.0,2.0
12652-12703,643,628,216.0,1.0,215.0,0.5,1.0
12673-3704,155,129,200.0,6.0,296.0,5.5,96.0
12673-12704,605,0,304.0,1.5,,,
12673-12705,568,39,100.0,11.5,,,
12673-6103,178,103,29.0,6.0,327.0,0.5,62.0
12667-12701,660,493,9.0,0.5,5.0,1.0,4.0
12674-1901,108,11,31.0,2.0,,,
12673-6101,179,253,18.0,5.0,18.0,1.5,0.0
12667-12703,684,552,188.0,0.5,188.0,0.5,0.0
12674-1902,102,19,239.0,2.0,,,
12674-12705,115,94,163.0,5.0,206.0,5.5,43.0
12674-3704,185,0,59.0,5.0,,,
12674-3702,190,0,216.0,4.5,,,
12674-6104,122,48,331.0,30.0,,,
12674-6101,315,0,12.0,1.0,,,
12674-9101,168,126,59.0,4.0,62.0,2.0,3.0
12674-6103,326,57,99.0,2.0,107.0,1.0,8.0
12674-9102,237,175,347.0,4.0,355.0,1.5,8.0
12673-9102,453,356,321.0,3.5,323.0,4.0,2.0
12675-3701,154,8,133.0,4.5,,,
12673-12703,668,667,257.0,3.5,260.0,1.5,3.0
12675-3703,111,94,328.0,15.5,327.0,5.5,1.0
12675-6102,151,2,185.0,11.499999999999998,,,
12675-6103,146,67,89.0,4.0,87.0,0.5,2.0
12675-12703,336,257,201.0,4.0,202.0,1.0,1.0
12674-12702,516,554,138.0,14.0,134.0,2.5,4.0
12675-9101,282,8,235.0,89.5,,,
12675-12705,552,0,3.0,2.5,,,
12675-9102,315,50,275.0,29.5,146.0,6.5,129.0
12678-1902,92,92,329.0,6.0,336.0,4.0,7.0
12678-3703,156,1,69.0,10.0,,,
12678-12704,218,26,142.0,6.0,,,
12674-12703,632,631,203.0,1.0,203.0,1.0,0.0
12678-3704,169,33,305.0,5.0,,,
12675-12704,410,463,261.0,4.0,259.0,1.5,2.0
12674-12704,683,606,118.0,0.5,117.0,0.5,1.0
12679-1901,91,0,69.0,89.5,,,
12678-12703,429,4,29.0,8.5,,,
12675-12701,642,418,113.0,0.5,114.0,0.5,1.0
12679-1902,92,90,116.0,4.0,121.0,3.5,5.0
12679-3701,175,44,346.0,3.0,,,
12678-12702,239,397,0.0,89.5,309.0,0.5,51.0
12679-3703,184,7,49.0,3.0,,,
12678-6103,151,207,0.0,89.5,170.0,3.0,170.0
12679-3704,146,57,341.0,11.0,337.0,8.5,4.0
12678-6101,284,178,1.0,2.500000000000006,4.0,1.0,3.0
12679-6102,216,20,31.0,31.500000000000007,,,
12678-9102,340,219,350.0,3.0,344.0,0.5,6.0
12679-6103,170,128,352.0,2.5,353.0,0.5,1.0
12682-12701,162,3,144.0,3.5,,,
12679-9101,211,76,64.0,5.5,39.0,1.0,25.0
12679-6101,255,168,34.0,4.0,34.0,1.0,0.0
12682-1902,73,9,35.0,3.5,,,
12679-6104,313,110,182.0,8.499999999999996,163.0,2.0,19.0
12678-12701,516,551,253.0,10.5,255.0,3.5,2.0
12682-12703,270,0,149.0,89.5,,,
12682-3702,184,0,94.0,2.5,,,
12682-6101,278,0,123.0,89.5,,,
12682-12704,371,80,255.0,2.5,268.0,3.5,13.0
12682-6103,285,92,155.0,3.0,187.0,2.5,32.0
12679-12703,652,447,72.0,1.5,7.0,0.5,65.0
12683-1902,90,0,196.0,18.0,,,
12683-3704,5,30,,,,,
12683-1901,96,96,345.0,3.0,346.0,2.0,1.0
12679-9102,440,439,173.0,3.0,172.0,1.0,1.0
12682-9101,426,52,78.0,21.0,278.0,89.0,160.0
12679-12705,679,673,160.0,1.5,160.0,1.0,0.0
12683-3703,173,0,223.0,4.0,,,
12682-12705,457,437,231.0,4.5,232.0,2.5,1.0
12683-3702,185,125,15.0,4.0,19.0,1.0,4.0
12683-12705,320,370,291.0,4.0,291.0,1.5,0.0
12683-6104,300,8,271.0,44.5,,,
12683-6101,166,180,7.0,3.0,6.0,1.0,1.0
12682-9102,410,379,249.0,3.5,249.0,2.5,0.0
12684-6101,101,3,202.0,25.5,,,
12088-3701,188,188,309.0,2.5,291.0,3.0,18.0
12088-6102,215,136,249.0,8.5,239.0,3.5,10.0
12089-1902,94,94,14.0,89.5,341.0,13.5,33.0
12089-3702,187,3,236.0,5.0,,,
12089-6101,142,0,205.0,8.5,,,
12088-6101,323,319,60.0,1.5,60.0,1.0,0.0
12089-3703,118,123,127.0,5.5,313.0,6.0,174.0
12089-3704,191,28,243.0,6.0,,,
12089-12703,348,281,44.0,4.0,41.0,2.5,3.0
12090-12701,131,75,49.0,4.0,59.0,3.5,10.0
12089-12701,412,467,254.0,5.0,251.0,2.5,3.0
12088-12704,686,673,118.0,7.5,115.0,3.5,3.0
12089-6103,127,279,121.0,7.0,128.0,0.5,7.0
12089-12705,403,412,226.0,3.0,226.0,0.5,0.0
12089-6104,311,119,178.0,4.999999999999999,183.0,3.000000000000008,5.0
12088-12705,666,668,351.0,9.5,339.0,7.0,12.0
12090-1902,99,0,122.0,12.0,,,
12090-1901,92,92,270.0,5.0,272.0,4.0,2.0
12090-12703,170,178,128.0,8.5,123.0,1.0,5.0
12090-3704,193,19,83.0,9.0,,,
12089-12702,623,621,221.0,4.0,221.0,1.5,0.0
12090-3702,92,132,77.0,9.0,83.0,2.0,6.0
12090-3701,156,154,192.0,4.0,195.0,1.0,3.0
12090-6102,157,1,323.0,0.5,,,
12090-12705,233,261,292.0,1.5,309.0,0.5,17.0
12090-6101,119,176,298.0,8.0,10.0,2.5,72.0
12089-9101,473,437,16.0,2.0,20.0,1.0,4.0
12090-12702,320,393,194.0,10.0,210.0,2.0,16.0
12090-12704,675,30,254.0,5.0,,,
12092-1902,78,64,57.0,3.5,64.0,3.0,7.0
12092-3703,170,0,207.0,20.5,,,
12092-12701,217,210,157.0,16.5,159.0,4.0,2.0
12092-12703,221,165,184.0,23.999999999999996,145.0,6.5,39.0
12092-3701,179,133,300.0,10.0,308.0,4.5,8.0
12092-3704,135,155,343.0,11.0,342.0,1.5,1.0
12090-9101,281,305,322.0,7.5,330.0,1.5,8.0
12090-9102,321,297,226.0,2.0,235.0,0.5,9.0
12092-6104,203,83,154.0,2.0,151.0,2.0,3.0
12092-9101,146,125,119.0,11.0,121.0,5.0,2.0
12092-6101,286,321,293.0,1.5,287.0,1.0,6.0
12092-6102,319,291,283.0,0.5,284.0,2.5,1.0
12093-12703,185,179,127.0,25.0,137.0,6.0,10.0
12093-3701,190,19,338.0,18.0,,,
12092-12702,652,238,153.0,2.5,155.0,0.5,2.0
12093-12701,359,152,56.0,3.0,68.0,0.5,12.0
12092-9102,275,255,118.0,10.0,137.0,3.5,19.0
12093-6101,186,2,244.0,5.5,,,
12093-12702,561,28,316.0,0.5,,,
12093-6102,123,129,130.0,13.0,147.0,5.0,17.0
12093-12704,574,1,45.0,0.5,,,
12093-6104,179,85,14.0,5.5,27.0,3.5,13.0
12093-9102,321,20,125.0,10.5,,,
12094-3702,120,4,220.0,5.0,,,
12094-1901,100,86,243.0,6.0,227.0,9.0,16.0
12094-3703,168,1,120.0,6.5,,,
12094-3704,171,37,170.0,3.5,,,
12094-12704,229,247,351.0,3.5,349.0,1.0,2.0
12094-3701,179,171,310.0,4.5,301.0,0.5,9.0
12093-12705,447,421,279.0,4.5,276.0,1.0,3.0
12094-12702,310,307,98.0,3.5,99.0,1.0,1.0
12094-6101,159,225,122.0,7.0,126.0,3.0,4.0
12094-12701,355,411,340.0,7.0,349.0,4.5,9.0
12094-12705,290,420,266.0,8.0,258.0,0.5,8.0
12094-6104,172,260,324.0,7.5,317.0,2.0,7.0
12483-1901,79,77,51.0,89.5,128.0,30.0,77.0
12483-1902,96,96,31.0,89.5,196.0,7.0,165.0
12094-6102,322,318,347.0,1.5,349.0,1.0,2.0
12094-9101,255,231,239.0,8.5,238.0,5.0,1.0
12483-3703,144,20,72.0,89.5,,,
12483-3704,149,0,187.0,8.500000000000002,,,
12483-3701,188,91,275.0,3.0,279.0,2.0,4.0
12483-12701,663,192,241.0,2.0,242.0,0.5,1.0
12484-12703,192,211,147.0,10.0,147.0,2.5,0.0
12484-12701,323,121,332.0,4.0,333.0,8.0,1.0
12484-1901,92,84,255.0,9.0,85.0,7.5,170.0
12483-6102,307,309,272.0,2.5,272.0,1.5,0.0
12484-3702,166,65,245.0,3.5,22.0,9.5,137.0
12484-3701,191,93,86.0,5.5,92.0,4.5,6.0
12483-12702,661,610,150.0,7.0,136.0,0.5,14.0
12483-12704,637,528,163.0,2.0,160.0,2.5,3.0
12483-9101,376,418,138.0,2.5,138.0,1.5,0.0
12483-12703,609,603,165.0,2.0,167.0,1.0,2.0
12484-6104,151,5,166.0,13.0,,,
12484-3704,164,158,72.0,6.5,70.0,1.5,2.0
12484-3703,191,191,64.0,3.0,72.0,4.0,8.0
12484-9102,369,14,89.0,7.5,,,
12485-3701,193,10,19.0,1.5,,,
12485-3704,171,31,314.0,3.0,,,
12485-12705,191,194,158.0,36.50000000000001,154.0,9.5,4.0
12484-6103,227,292,314.0,9.0,316.0,2.0,2.0
12485-9101,157,11,240.0,5.5,,,
12484-12704,677,675,253.0,6.5,251.0,3.0,2.0
12485-12704,274,269,162.0,12.0,167.0,3.0,5.0
12484-12705,686,682,349.0,0.5,349.0,0.5,0.0
12485-12701,679,6,284.0,14.5,,,
12485-6103,329,2,169.0,89.5,,,
12487-1901,92,0,226.0,47.50000000000001,,,
12485-9102,118,132,244.0,18.5,222.0,4.0,22.0
12485-12703,560,273,100.0,1.0,94.0,1.0,6.0
12485-6102,267,277,256.0,12.0,256.0,3.0,0.0
12683-9102,313,182,52.0,3.0,53.0,2.0,1.0
12684-1901,95,95,246.0,3.5,242.0,2.5,4.0
12682-12702,654,638,280.0,2.0,278.0,1.5,2.0
12684-12701,270,238,328.0,3.5,10.0,0.5,42.0
12683-9101,317,318,185.0,2.0,185.0,0.5,0.0
12684-6103,297,7,358.0,38.0,,,
12683-12704,577,616,85.0,9.5,79.0,3.0,6.0
12684-6104,291,69,46.0,2.0,54.0,0.5,8.0
12684-9101,305,7,293.0,7.0,,,
12685-1901,71,54,307.0,20.5,36.0,4.0,89.0
12685-3702,143,32,122.0,5.5,,,
12684-12702,385,382,15.0,2.5,16.0,1.5,1.0
12684-9102,435,21,256.0,37.0,,,
12685-3704,152,15,241.0,2.0,,,
12685-3703,175,100,201.0,2.5,200.0,1.5,1.0
12685-3701,185,130,297.0,2.5,296.0,1.5,1.0
12685-6103,214,6,43.0,5.0,,,
12685-6104,277,0,193.0,22.5,,,
12685-12704,433,103,53.0,3.5,51.0,2.0,2.0
12685-12702,255,309,199.0,7.5,180.0,0.5,19.0
12684-12703,523,447,240.0,0.5,170.0,0.5,70.0
12696-1901,104,0,129.0,18.5,,,
12685-12703,342,361,252.0,26.0,295.0,6.5,43.0
12696-3701,151,37,209.0,5.0,,,
12685-9102,374,0,80.0,89.5,,,
12696-3702,199,5,96.0,2.5,,,
12696-12703,359,1,206.0,4.5,,,
12684-12704,661,661,120.0,11.5,121.0,4.0,1.0
12685-12701,491,587,226.0,3.5,226.0,2.5,0.0
12696-9102,224,0,259.0,3.5,,,
12700-1901,36,3,,,,,
12696-6101,329,9,123.0,3.5,,,
12685-9101,299,422,254.0,1.5,255.0,1.5,1.0
12696-6104,318,0,174.0,2.5,,,
12696-12701,677,33,344.0,0.5,,,
12700-3701,172,7,146.0,5.0,,,
12700-1902,89,93,66.0,89.5,109.0,14.5,43.0
12700-3704,89,44,113.0,21.5,,,
12696-6103,329,173,142.0,2.5,147.0,0.5,5.0
12696-12702,668,254,54.0,2.5,60.0,1.5,6.0
12700-3702,166,186,169.0,13.5,159.0,2.5,10.0
12700-6103,77,105,0.0,89.5,243.0,1.5,117.0
12700-3703,188,177,214.0,0.5,215.0,1.5,1.0
12696-12704,519,394,201.0,5.5,200.0,2.5,1.0
12700-6101,238,114,13.0,10.0,358.0,13.499999999999998,15.0
12700-6104,225,175,25.0,3.0,24.0,1.0,1.0
12700-12704,324,368,13.0,13.000000000000007,21.0,5.0,8.0
12700-9101,160,202,173.0,5.5000000000000036,175.0,2.0,2.0
12700-12701,413,559,27.0,49.49999999999999,9.0,2.5,18.0
12700-6102,276,288,193.0,5.5,194.0,1.0,1.0
12769-1901,91,71,155.0,4.5,147.0,1.0,8.0
12769-3704,152,4,69.0,6.5,,,
12769-12704,176,187,344.0,17.000000000000007,352.0,3.5,8.0
12700-9102,261,253,13.0,21.0,0.0,3.000000000000005,13.0
12769-6101,115,56,157.0,7.5,180.0,0.5,23.0
12769-6103,126,3,39.0,7.5,,,
12700-12703,616,481,125.0,0.5,127.0,0.5,2.0
12769-3703,185,113,93.0,8.5,202.0,0.5,109.0
12700-12705,560,503,14.0,4.0,4.0,2.0,10.0
12772-1902,91,0,156.0,13.0,,,
12772-12702,177,12,36.0,3.0,,,
12769-9101,277,25,275.0,38.5,,,
12772-3701,139,0,286.0,89.5,,,
12769-6102,178,242,260.0,8.0,254.0,0.5,6.0
12769-12705,270,427,347.0,3.0,341.0,3.0,6.0
12772-3703,107,86,123.0,10.5,133.0,4.5,10.0
12769-9102,226,259,280.0,2.5,280.0,2.0,0.0
12772-6103,116,122,150.0,14.5,164.0,4.0,14.0
12769-12701,525,514,18.0,1.5,17.0,1.5,1.0
12772-9101,188,124,200.0,8.0,206.0,14.5,6.0
7443-1902,107,0,352.0,7.499999999999998,,,
12769-12703,535,540,0.0,89.5,255.0,3.0,105.0
12772-9102,206,136,96.0,5.5,100.0,3.0,4.0
12772-6101,211,263,150.0,15.0,137.0,9.5,13.0
7443-12701,389,4,228.0,3.0,,,
7443-1901,109,109,116.0,13.5,121.0,9.5,5.0
12772-12703,506,346,344.0,5.0,333.0,4.0,11.0
12772-12701,382,513,0.0,89.5,346.0,5.0,14.0
7443-3701,194,198,37.0,89.0,212.0,7.0,175.0
7495-3702,122,149,131.0,11.0,134.0,4.0,3.0
12772-12705,491,542,85.0,12.0,49.0,3.5,36.0
7443-6103,262,326,151.0,7.0,161.0,2.0,10.0
7815-1901,99,65,242.0,40.5,174.0,7.499999999999998,68.0
7815-1902,98,0,176.0,26.0,,,
7443-6102,342,342,222.0,3.0,225.0,2.0,3.0
7495-9102,399,118,256.0,2.0,249.0,2.5,7.0
7815-12702,253,277,72.0,10.0,69.0,6.5,3.0
7957-1901,96,0,48.0,4.5,,,
7957-1902,86,0,118.0,3.0,,,
7815-12701,448,394,198.0,29.000000000000007,193.0,6.0,5.0
7957-12703,280,167,240.0,1.0,246.0,0.5,6.0
7443-12703,614,683,171.0,2.5,199.0,1.0,28.0
7495-12702,520,567,346.0,1.5,347.0,0.5,1.0
7957-3704,81,71,173.0,20.499999999999996,159.0,6.5,14.0
7957-3703,104,84,121.0,17.0,108.0,7.0,13.0
7957-3701,183,118,346.0,2.5,345.0,2.0,1.0
7495-12703,616,619,345.0,1.5,343.0,1.0,2.0
7815-12705,453,538,36.0,1.5,41.0,1.0,5.0
7495-12704,680,667,8.0,1.0,8.0,0.5,0.0
7815-9101,445,435,59.0,3.5,55.0,1.5,4.0
12487-1902,101,101,347.0,10.0,153.0,5.5,166.0
12487-3703,166,73,285.0,12.0,296.0,10.0,11.0
12487-3702,138,115,192.0,3.5,198.0,1.0,6.0
12487-3701,179,107,219.0,2.5,82.0,4.0,137.0
12487-6101,323,178,350.0,2.5,6.0,1.5,16.0
12487-6102,187,168,189.0,25.000000000000007,200.0,6.5,11.0
12487-9101,265,93,183.0,3.5000000000000018,194.0,3.5,11.0
12487-12704,404,312,171.0,9.000000000000007,172.0,3.5,1.0
12487-9102,359,0,58.0,7.5,,,
12488-1901,71,84,110.0,32.0,285.0,6.0,175.0
12487-6103,328,238,110.0,11.5,112.0,5.5,2.0
12488-1902,69,90,72.0,31.5,56.0,8.0,16.0
12488-12702,281,230,291.0,10.0,288.0,10.0,3.0
12488-3703,189,34,280.0,3.0,,,
12488-3701,171,127,24.0,3.0,27.0,1.0,3.0
12488-12701,327,372,265.0,9.5,265.0,2.5,0.0
12488-6101,268,99,201.0,10.0,186.0,8.0,15.0
12488-6102,172,170,133.0,3.5,133.0,1.5,0.0
12487-12701,669,674,19.0,7.0,14.0,3.0,5.0
12487-12705,682,635,214.0,0.5,215.0,0.5,1.0
12488-6104,169,196,127.0,26.0,152.0,5.5,25.0
12489-1901,97,60,163.0,89.5,7.0,10.000000000000002,156.0
12489-1902,81,94,256.0,13.0,262.0,6.0,6.0
12489-3702,91,108,54.0,13.0,51.0,3.0,3.0
12488-12703,375,544,306.0,4.5,313.0,1.5,7.0
12489-3704,121,4,355.0,4.5000000000000036,,,
12489-12701,233,277,162.0,21.5,125.0,3.5,37.0
12489-9102,206,0,110.0,89.5,,,
12489-6104,312,1,317.0,89.5,,,
12490-12701,163,102,0.0,89.5,223.0,8.0,137.0
12488-9101,446,467,68.0,3.0,65.0,1.0,3.0
12488-12704,632,624,81.0,2.5,81.0,1.0,0.0
12489-6102,280,238,169.0,2.0,170.0,2.0,1.0
12490-12705,84,0,341.0,89.5,,,
12488-9102,456,464,117.0,2.0,115.0,1.5,2.0
12490-1902,93,0,184.0,11.5,,,
12490-12703,113,135,53.0,89.5,87.0,3.5,34.0
12490-12702,120,137,273.0,13.5,254.0,4.0,19.0
12490-3702,95,159,323.0,89.5,261.0,2.5,62.0
12490-3704,151,99,90.0,9.0,82.0,6.0,8.0
12489-12705,501,542,137.0,4.0,134.0,1.0,3.0
12490-9102,116,144,0.0,89.5,273.0,7.0,87.0
12490-3703,176,173,187.0,10.000000000000002,193.0,5.5,6.0
12491-3701,83,18,300.0,25.0,,,
12491-1902,94,8,130.0,5.5,,,
12490-6103,196,206,175.0,11.500000000000002,187.0,5.0,12.0
12489-9101,474,424,99.0,3.0,102.0,1.5,3.0
12490-9101,252,186,83.0,3.5,76.0,3.5,7.0
12489-12703,664,659,153.0,2.5,155.0,1.0,2.0
12491-3704,96,36,91.0,21.0,,,
12491-12705,322,14,95.0,31.0,,,
12491-6103,202,76,333.0,28.000000000000007,309.0,7.5,24.0
12491-3703,181,126,202.0,2.5,206.0,0.5,4.0
12491-9101,149,209,338.0,22.0,322.0,2.5,16.0
12491-12702,296,331,0.0,89.5,308.0,5.0,52.0
12495-1901,77,86,198.0,23.500000000000007,202.0,3.0,4.0
12491-12701,483,379,296.0,18.5,284.0,8.0,12.0
12495-12704,180,179,11.0,0.5,2.0,3.500000000000006,9.0
12491-6104,314,207,301.0,5.5,250.0,1.0,51.0
12495-3701,118,135,0.0,89.5,31.0,6.0,31.0
12491-6101,320,279,345.0,2.0,343.0,0.5,2.0
12495-3702,90,139,0.0,89.5,22.0,0.5,22.0
12495-3703,132,114,221.0,8.5,224.0,9.0,3.0
12495-9101,90,56,281.0,11.0,290.0,0.5,9.0
12495-6104,89,91,0.0,89.5,246.0,9.0,114.0
12491-9102,383,355,257.0,1.5,255.0,1.0,2.0
12506-1901,90,5,154.0,4.5,,,
12491-12704,469,589,169.0,7.5,166.0,2.5,3.0
12506-1902,78,0,33.0,32.5,,,
12495-6103,206,202,323.0,12.0,330.0,2.5,7.0
12506-3701,161,0,245.0,8.0,,,
12506-12702,312,3,82.0,9.0,,,
12495-9102,242,212,305.0,2.5,308.0,0.5,3.0
12506-3702,170,2,339.0,2.5,,,
12495-6101,307,302,105.0,3.5,107.0,1.5,2.0
12506-3704,108,0,173.0,11.0,,,
12495-6102,300,291,312.0,2.0,312.0,1.5,0.0
12506-3703,164,83,274.0,23.0,275.0,14.5,1.0
12506-6101,142,104,137.0,12.0,140.0,7.0,3.0
12506-6104,306,4,325.0,3.0,,,
12506-9102,387,3,65.0,3.0,,,
12506-9101,419,1,192.0,3.5,,,
12510-1901,98,0,1.0,83.0,,,
12506-6102,307,243,340.0,1.5,328.0,2.0,12.0
12506-6103,286,299,136.0,17.0,123.0,1.5,13.0
12510-1902,77,98,203.0,16.0,205.0,5.5,2.0
12506-12703,569,519,86.0,4.0,84.0,0.5,2.0
12510-3704,152,137,70.0,9.0,98.0,7.0,28.0
12510-6102,89,135,263.0,89.5,261.0,4.5,2.0
12506-12701,632,617,230.0,1.0,226.0,1.0,4.0
12510-3702,157,181,60.0,11.5,59.0,4.5,1.0
12511-12702,104,0,85.0,89.5,,,
12510-12702,502,483,3.0,2.5000000000000004,3.0,1.5,0.0
12510-12703,513,438,27.0,10.0,26.0,4.5,1.0
12510-6104,295,299,354.0,2.0,356.0,1.5,2.0
12510-12701,596,597,56.0,3.5,55.0,1.5,1.0
12510-12704,602,413,95.0,4.5,107.0,4.0,12.0
12511-3701,177,182,230.0,4.0,228.0,2.5,2.0
12510-9101,468,483,334.0,4.0,334.0,2.0,0.0
12511-6104,196,243,352.0,23.000000000000007,356.0,3.5,4.0
7957-6102,213,135,326.0,4.0,143.0,1.5,177.0
7957-12705,449,483,150.0,2.5,148.0,1.0,2.0
7958-1902,77,70,233.0,7.5,238.0,3.5,5.0
7957-6104,211,324,105.0,9.5,99.0,2.5,6.0
7958-3701,181,1,46.0,17.5,,,
7958-12703,180,192,356.0,9.000000000000009,353.0,1.0,3.0
7957-9101,217,249,11.0,16.0,8.0,3.5,3.0
7957-12702,606,621,59.0,2.5,62.0,1.0,3.0
7958-3704,118,23,22.0,12.5,,,
7958-12702,277,298,186.0,12.499999999999998,176.0,3.0,10.0
7957-12704,662,650,147.0,5.5,153.0,2.5,6.0
7958-3703,197,134,78.0,2.5,69.0,2.5,9.0
7958-6102,233,21,145.0,4.5,,,
7958-3702,199,199,38.0,2.0,39.0,1.0,1.0
7958-6104,254,9,71.0,41.0,,,
7958-9101,144,153,2.0,23.000000000000007,185.0,1.5,177.0
7959-1901,46,34,,,,,
7957-9102,485,486,118.0,6.0,119.0,2.0,1.0
7958-6103,322,233,349.0,8.0,354.0,2.5,5.0
7958-6101,327,326,206.0,2.5,205.0,1.5,1.0
7958-12704,464,526,77.0,5.0,79.0,0.5,2.0
7958-9102,452,67,345.0,5.5,280.0,7.0,65.0
7959-3702,129,67,151.0,17.0,225.0,25.0,74.0
7959-3701,178,167,160.0,2.5,168.0,2.0,8.0
7959-3703,174,105,359.0,2.0000000000000036,46.0,3.5,47.0
7958-12705,644,649,199.0,8.5,196.0,3.5,3.0
7959-12702,404,331,22.0,2.0,25.0,0.5,3.0
7959-6104,319,46,101.0,8.5,,,
7959-12701,414,430,307.0,1.0,307.0,0.5,0.0
7959-9101,403,22,90.0,89.5,,,
7960-3701,178,38,216.0,5.5,,,
7960-3703,127,86,245.0,19.0,54.0,5.5,169.0
7959-6102,312,308,328.0,5.5,325.0,3.5,3.0
7960-3704,104,189,202.0,62.50000000000001,219.0,4.5,17.0
7959-12704,660,553,108.0,2.0,108.0,1.0,0.0
7960-6103,127,87,222.0,9.5,232.0,8.5,10.0
7960-12702,443,280,163.0,5.5,163.0,4.0,0.0
7959-12703,660,632,178.0,1.5,181.0,0.5,3.0
7959-12705,662,662,146.0,1.5,146.0,1.5,0.0
7959-9102,461,461,322.0,2.0,323.0,1.0,1.0
7960-9102,229,6,319.0,27.0,,,
7960-6101,309,265,233.0,8.5,228.0,4.0,5.0
7960-6102,279,238,281.0,9.5,283.0,3.5,2.0
7961-3702,167,183,176.0,5.0000000000000036,172.0,2.0,4.0
7961-6101,283,36,39.0,3.5,,,
7960-9101,380,300,354.0,5.0,0.0,5.500000000000002,6.0
7961-6104,279,34,245.0,13.5,,,
7960-12704,600,649,298.0,3.0,300.0,1.0,2.0
7960-12703,640,590,38.0,3.0,38.0,2.0,0.0
7960-12705,653,652,201.0,2.0,201.0,1.0,0.0
7961-6103,317,248,115.0,5.0,346.0,1.5,129.0
7962-1902,90,2,236.0,8.5,,,
7961-9101,380,0,8.0,89.5,,,
7962-3701,117,14,105.0,4.0,,,
7962-3704,120,1,350.0,8.499999999999998,,,
7962-3703,178,4,11.0,2.0,,,
7961-12703,538,512,250.0,3.5,248.0,1.5,2.0
7962-12705,207,234,128.0,4.5,127.0,1.5,1.0
7962-6101,244,6,160.0,7.0,,,
7961-12701,673,551,209.0,3.0,210.0,0.5,1.0
7962-6102,126,142,2.0,19.500000000000004,13.0,5.0,11.0
7961-12702,668,557,205.0,1.5,204.0,1.0,1.0
7961-12705,666,655,242.0,1.0,243.0,0.5,1.0
7963-3701,145,21,170.0,4.5,,,
7963-1902,94,94,34.0,4.5,36.0,3.0,2.0
7962-6104,193,269,66.0,5.5,69.0,1.0,3.0
7963-12701,161,213,80.0,10.5,76.0,1.5,4.0
7963-3703,134,37,239.0,2.5,,,
7962-12702,510,517,152.0,4.0,151.0,1.5,1.0
7963-3704,142,33,242.0,6.5,,,
7963-3702,141,165,345.0,19.500000000000007,354.0,5.5,9.0
7963-12704,285,175,175.0,5.5,176.0,1.0,1.0
7962-12704,610,521,273.0,3.0,273.0,2.0,0.0
7963-6103,224,58,358.0,1.999999999999998,5.0,3.5000000000000018,7.0
7962-12703,670,590,320.0,1.0,319.0,0.5,1.0
7963-12702,404,285,59.0,4.5,92.0,2.5,33.0
7963-6104,204,126,178.0,13.499999999999996,188.0,22.0,10.0
7962-12701,665,666,328.0,14.5,312.0,8.0,16.0
7963-6102,319,132,259.0,6.0,240.0,0.5,19.0
7964-3703,174,36,207.0,3.0,,,
7965-12703,142,40,160.0,18.0,,,
7964-12703,284,57,172.0,2.5,175.0,4.000000000000005,3.0
7965-12704,140,18,126.0,0.5,,,
7965-1901,65,90,31.0,17.5,18.0,3.5,13.0
7965-3701,159,1,113.0,2.0,,,
7965-3702,155,7,95.0,8.5,,,
7964-12702,395,292,343.0,1.5,346.0,1.0,3.0
7964-9101,282,317,245.0,2.0,242.0,0.5,3.0
7963-9101,448,415,259.0,10.5,251.0,2.0,8.0
7963-9102,452,451,319.0,2.0,317.0,1.0,2.0
7965-9101,249,28,278.0,0.5,,,
7965-12705,316,247,327.0,0.5,325.0,0.5,2.0
7964-12704,467,377,292.0,1.5,295.0,0.5,3.0
7965-3703,165,197,172.0,16.000000000000007,179.0,6.500000000000006,7.0
7965-12702,439,390,18.0,1.0,20.0,0.5,2.0
7968-1901,89,88,342.0,5.0,36.0,2.0,54.0
7964-9102,492,422,119.0,3.0,126.0,0.5,7.0
7968-3703,175,19,103.0,4.5,,,
7968-1902,93,93,140.0,13.5,132.0,6.0,8.0
7964-12701,658,638,122.0,5.0,133.0,2.0,11.0
12511-9101,153,222,137.0,18.5,137.0,3.5,0.0
12511-6101,317,235,29.0,3.0,61.0,8.5,32.0
12510-9102,452,466,338.0,2.0,343.0,1.0,5.0
12511-12701,528,517,110.0,3.0,106.0,1.0,4.0
12512-1901,92,25,198.0,2.5,,,
12512-12705,240,18,221.0,0.5,,,
12511-12703,573,563,38.0,2.0,37.0,1.0,1.0
12511-12704,550,566,226.0,5.0,227.0,2.0,1.0
12512-1902,92,20,261.0,5.0,,,
12511-12705,541,592,91.0,1.0,91.0,0.5,0.0
12511-9102,341,385,309.0,21.0,302.0,2.5,7.0
12512-6102,230,2,26.0,16.5,,,
12512-3701,147,148,191.0,4.5,174.0,8.000000000000005,17.0
12512-12704,655,5,245.0,8.5,,,
12512-6104,138,150,233.0,13.5,242.0,6.0,9.0
12512-12703,275,398,149.0,5.0,150.0,0.5,1.0
12512-12701,371,419,335.0,8.5,321.0,3.5,14.0
12514-1901,90,0,280.0,5.5,,,
12512-6101,271,296,301.0,3.0,301.0,1.0,0.0
12512-12702,349,611,123.0,1.5,64.0,0.5,59.0
12514-3701,188,51,152.0,4.5,61.0,3.0,91.0
12514-3704,120,25,222.0,5.0,,,
12514-3702,194,169,353.0,44.0,194.0,3.5,159.0
12512-9102,473,246,127.0,1.5,284.0,3.0,157.0
12512-9101,438,388,81.0,0.5,77.0,2.0,4.0
12514-12703,367,354,64.0,1.5,64.0,1.0,0.0
12514-6103,336,181,113.0,7.0,111.0,4.5,2.0
12518-12704,135,13,280.0,89.5,,,
12518-12702,183,198,338.0,20.5,329.0,6.0,9.0
12518-1901,71,76,25.0,18.5,180.0,0.5,155.0
12518-12703,259,229,103.0,4.0,102.0,1.5,1.0
12514-12701,607,612,11.0,3.5,13.0,1.5,2.0
12518-12701,311,296,179.0,1.999999999999998,180.0,0.9999999999999978,1.0
12514-12702,672,598,115.0,1.0,117.0,0.5,2.0
12514-9101,471,467,255.0,1.5,256.0,0.5,1.0
12514-9102,463,462,152.0,2.0,151.0,1.0,1.0
12518-6102,109,74,301.0,16.5,57.0,3.0,116.0
12514-12705,642,656,250.0,17.0,251.0,1.5,1.0
12518-3701,191,186,20.0,43.00000000000001,23.0,6.0,3.0
12518-6104,108,1,195.0,0.5,,,
12518-3704,193,185,150.0,9.0,139.0,4.0,11.0
12620-1901,91,6,329.0,7.0,,,
12518-6101,303,277,177.0,2.5,179.0,1.5000000000000038,2.0
12620-12705,251,113,294.0,7.0,304.0,3.0,10.0
12518-6103,280,291,191.0,5.0,187.0,3.0,4.0
12620-3702,188,58,88.0,5.0,100.0,2.5,12.0
12620-3701,105,158,325.0,89.5,275.0,8.5,50.0
12518-9102,368,149,15.0,15.0,2.0,10.000000000000004,13.0
12620-3704,114,68,61.0,14.0,56.0,6.0,5.0
12620-12701,309,304,239.0,1.5,243.0,0.5,4.0
12620-3703,187,187,142.0,3.5,142.0,1.5,0.0
12518-12705,639,637,277.0,1.0,277.0,0.5,0.0
12518-9101,475,475,88.0,1.5,89.0,0.5,1.0
12620-6102,233,279,110.0,11.0,100.0,2.5,10.0
12620-6101,312,299,216.0,8.5,212.0,4.0,4.0
12620-6103,314,296,137.0,3.5,139.0,1.5,2.0
12620-6104,224,300,169.0,10.0,171.0,4.5,2.0
12621-1902,96,92,264.0,7.0,314.0,89.5,50.0
12620-9102,473,89,220.0,4.5,237.0,13.5,17.0
12621-3701,166,5,255.0,3.5,,,
12621-3702,166,121,353.0,2.5,355.0,2.0,2.0
12620-12704,676,674,64.0,3.0,66.0,1.5,2.0
12621-12701,391,264,282.0,3.0,286.0,1.0,4.0
12621-3703,187,133,322.0,2.0,199.0,4.5,123.0
12621-3704,99,133,339.0,80.5,197.0,3.0,142.0
12620-9101,414,419,103.0,5.0,101.0,2.0,2.0
12621-6102,124,212,245.0,21.0,233.0,4.0,12.0
12621-6104,304,0,308.0,16.0,,,
12621-12704,678,104,340.0,24.500000000000007,126.0,9.5,146.0
12621-6103,309,323,93.0,2.0,91.0,1.0,2.0
12622-1902,100,99,106.0,4.5,91.0,5.5,15.0
12621-9102,243,233,43.0,2.5,41.0,0.5,2.0
12622-12701,245,241,210.0,13.5,213.0,2.0,3.0
12622-3704,190,42,272.0,4.5,,,
12621-12703,617,543,250.0,2.0,250.0,0.5,0.0
12622-6103,140,130,324.0,12.0,319.0,1.0,5.0
12622-6102,311,0,105.0,22.5,,,
12621-9101,393,377,268.0,1.5,269.0,1.0,1.0
12622-6104,171,116,16.0,20.000000000000007,22.0,9.5,6.0
12622-6101,176,215,33.0,77.0,313.0,2.0,80.0
12622-12703,459,417,256.0,4.0,258.0,2.0,2.0
12624-1902,85,44,127.0,20.5,,,
12624-3701,114,81,68.0,4.0,261.0,4.0,167.0
12624-3702,152,73,84.0,4.0,72.0,0.5,12.0
12624-12704,220,233,165.0,38.0,143.0,6.0,22.0
12624-3704,110,1,261.0,9.5,,,
12622-12704,652,619,175.0,11.0,170.0,3.5,5.0
12624-6102,98,0,271.0,13.5,,,
12622-9101,430,413,255.0,2.5,256.0,1.0,1.0
12622-12705,549,668,129.0,10.0,123.0,1.5,6.0
12622-9102,461,426,263.0,1.0,262.0,0.5,1.0
12624-6103,274,20,282.0,42.5,,,
12624-9101,214,121,101.0,1.0,103.0,3.5,2.0
12651-3702,129,15,149.0,5.5,,,
12651-12704,458,13,0.0,6.999999999999997,,,
12651-12701,220,251,18.0,0.5,12.0,0.5,6.0
12624-12701,525,583,208.0,15.0,196.0,3.0,12.0
12651-3701,148,187,179.0,14.499999999999995,177.0,3.000000000000004,2.0
12651-6102,212,16,57.0,5.0,,,
12624-12703,569,538,73.0,1.0,75.0,1.0,2.0
7965-6103,309,292,222.0,2.5,226.0,1.5,4.0
7968-12701,261,285,312.0,2.5,310.0,0.5,2.0
7968-12705,442,2,236.0,9.0,,,
7965-9102,358,268,77.0,9.5,85.0,1.5,8.0
7968-6103,201,3,18.0,20.000000000000004,,,
7968-3704,158,167,345.0,4.0,337.0,3.0,8.0
7972-1901,96,1,293.0,6.0,,,
7972-12701,216,89,6.0,6.500000000000004,28.0,5.0,22.0
7972-3703,184,13,267.0,6.5,,,
7972-3702,152,99,257.0,2.0,256.0,2.0,1.0
7968-6102,296,250,191.0,1.5,198.0,2.0,7.0
7968-9101,282,225,114.0,1.0,122.0,0.5,8.0
7972-3704,115,90,157.0,13.0,328.0,3.5,171.0
7968-6101,300,300,33.0,4.5,32.0,2.0,1.0
7968-12704,631,263,300.0,0.5,285.0,0.5,15.0
7968-9102,464,178,115.0,12.5,156.0,3.0,41.0
7972-12702,315,252,111.0,7.5,93.0,3.5,18.0
7975-1901,101,102,20.0,23.0,347.0,19.500000000000004,33.0
7972-6102,132,184,320.0,7.5,314.0,0.5,6.0
7972-6101,326,105,176.0,9.500000000000004,347.0,2.5,171.0
7975-12702,154,154,161.0,2.0,166.0,12.0,5.0
7968-12702,659,641,147.0,2.0,144.0,1.0,3.0
7975-1902,101,99,99.0,2.5,103.0,1.5,4.0
7972-9101,310,136,149.0,3.5,152.0,1.0,3.0
7975-3702,189,10,163.0,5.0,,,
7972-12703,450,377,107.0,6.0,103.0,4.0,4.0
7975-12701,363,123,331.0,3.0,317.0,2.5,14.0
7975-3701,151,154,30.0,6.0,32.0,3.0,2.0
7975-6101,226,7,321.0,5.5,,,
7975-12704,413,170,178.0,2.499999999999998,179.0,0.5,1.0
7977-1901,96,6,223.0,38.99999999999999,,,
7975-3704,178,180,16.0,89.5,63.0,2.0,47.0
7977-3701,183,95,301.0,6.0,112.0,5.0,171.0
7977-3702,190,104,342.0,2.0,68.0,1.0,86.0
7975-6104,328,206,110.0,11.5,92.0,3.5,18.0
7977-6102,276,7,197.0,19.5,,,
7975-6102,311,307,214.0,1.5,214.0,1.0,0.0
7977-3704,174,174,144.0,3.0,144.0,1.5,0.0
7977-3703,189,189,192.0,4.0,191.0,3.0,1.0
7977-6104,229,4,140.0,2.0,,,
7975-12705,513,580,232.0,7.5,232.0,2.5,0.0
7975-9102,343,418,146.0,2.5,152.0,1.5,6.0
7977-12701,281,423,47.0,1.0,110.0,0.5,63.0
7977-6103,168,214,277.0,22.0,284.0,4.0,7.0
7977-12703,426,449,286.0,1.0,288.0,0.5,2.0
7978-3701,189,1,186.0,7.000000000000006,,,
7978-12705,330,1,115.0,22.0,,,
7978-3703,194,112,182.0,7.499999999999997,180.0,5.500000000000008,2.0
7977-12704,537,468,234.0,1.5,233.0,1.0,1.0
7977-9102,321,282,246.0,2.5,248.0,1.0,2.0
7978-6101,322,100,78.0,2.5,80.0,6.0,2.0
7977-9101,397,317,334.0,2.0,333.0,1.5,1.0
7979-3701,206,0,288.0,5.0,,,
7978-12703,443,357,116.0,5.0,117.0,2.5,1.0
7979-3702,204,0,82.0,5.0,,,
7979-3704,188,1,329.0,4.0,,,
7978-9101,394,215,16.0,1.5,14.0,1.5,2.0
7979-6101,295,4,91.0,89.5,,,
7979-12702,604,0,40.0,2.0,,,
7979-6103,227,73,323.0,17.5,338.0,8.0,15.0
7979-6104,334,4,52.0,3.0,,,
7979-12703,680,21,14.0,6.5,,,
7978-9102,478,430,104.0,3.0,103.0,1.5,1.0
7979-6102,257,118,349.0,4.0,330.0,7.5,19.0
7980-1901,92,31,329.0,3.5,,,
7978-12702,681,650,348.0,3.5,349.0,1.5,1.0
7980-1902,92,59,81.0,4.5,250.0,6.0,169.0
7979-12704,366,449,271.0,7.0,265.0,4.5,6.0
7978-12704,655,644,184.0,2.0,184.0,1.5,0.0
7980-12702,94,161,180.0,24.0,213.0,2.0,33.0
7980-3701,185,27,314.0,3.5,,,
7980-3704,171,41,284.0,3.0,,,
7980-6103,214,2,78.0,5.0,,,
7979-9101,344,283,65.0,1.5,65.0,0.5,0.0
7981-1902,97,9,309.0,3.0,,,
7980-6102,239,70,63.0,3.5,70.0,4.5,7.0
7979-12701,651,632,12.0,1.0,13.0,0.5,1.0
7981-12701,330,0,68.0,1.5,,,
7981-12705,321,21,271.0,0.5,,,
7979-9102,410,192,222.0,2.0,225.0,1.5,3.0
7981-6101,149,200,338.0,17.0,313.0,3.5,25.0
7980-9101,474,0,157.0,20.000000000000007,,,
7981-6102,164,189,212.0,5.0,208.0,1.0,4.0
7990-1901,98,75,176.0,3.0,249.0,2.5,73.0
7990-1902,95,95,303.0,4.5,304.0,1.0,1.0
7990-3701,186,78,84.0,7.0,81.0,3.5,3.0
7981-12704,300,371,25.0,5.5,15.0,0.5,10.0
7981-6103,301,323,171.0,24.0,188.0,4.0,17.0
7990-3702,116,114,358.0,8.499999999999996,8.0,3.0,10.0
7981-9101,286,398,155.0,10.5,164.0,3.5,9.0
7990-6102,128,86,143.0,20.0,159.0,7.5,16.0
7981-9102,340,279,124.0,1.5,118.0,0.5,6.0
7990-12702,372,214,163.0,4.0,156.0,5.0,7.0
7990-3703,170,183,257.0,7.0,264.0,3.5,7.0
7981-12703,534,491,49.0,0.5,49.0,0.5,0.0
7991-1902,95,42,54.0,3.0,,,
7990-9102,270,76,297.0,4.0,263.0,22.5,34.0
7991-3701,150,6,76.0,1.0,,,
7990-9101,295,200,336.0,5.0,344.0,3.0,8.0
7990-12705,647,161,175.0,7.000000000000005,258.0,0.5,83.0
7991-3703,164,3,314.0,6.0,,,
7990-6104,314,314,142.0,8.0,136.0,3.5,6.0
7991-3702,185,112,303.0,2.5,298.0,3.0,5.0
7991-6102,187,3,131.0,5.0,,,
7990-12704,654,483,283.0,2.0,283.0,1.5,0.0
7991-12705,305,316,164.0,1.5,164.0,0.5,0.0
7991-3704,152,110,198.0,2.5,195.0,1.0,3.0
7991-9102,274,0,247.0,12.0,,,
7991-6104,226,91,205.0,1.5,196.0,2.0,9.0
7991-12702,628,165,7.0,1.0,295.0,0.5,72.0
7992-1901,88,90,276.0,12.0,282.0,5.5,6.0
7992-12705,204,6,43.0,0.5,,,
7992-1902,91,91,322.0,4.5,325.0,6.0,3.0
7992-12701,478,6,322.0,54.50000000000001,,,
7991-12703,590,367,221.0,0.5,224.0,2.0,3.0
7992-3701,160,67,26.0,5.5,230.0,14.5,156.0
7992-12702,468,43,309.0,8.5,,,
7992-12704,324,74,177.0,0.5,319.0,60.50000000000001,142.0
7992-3703,147,88,187.0,7.500000000000006,187.0,3.0,0.0
7992-3704,93,105,154.0,19.999999999999996,157.0,4.5,3.0
7993-1901,99,1,133.0,4.0,,,
7991-12701,579,659,172.0,1.5,173.0,0.5,1.0
7992-12703,267,357,241.0,21.0,243.0,4.5,2.0
7993-3702,128,22,223.0,2.5,,,
7991-12704,632,621,187.0,4.5,186.0,2.0,1.0
7993-3701,182,142,70.0,4.5,74.0,1.5,4.0
7993-6101,133,0,231.0,89.5,,,
7992-6102,288,308,41.0,19.5,46.0,5.5,5.0
7993-12705,217,215,68.0,9.5,51.0,2.0,17.0
7992-9102,282,214,144.0,1.5,143.0,1.0,1.0
7993-3703,147,188,321.0,26.0,287.0,4.0,34.0
7992-6104,318,314,354.0,3.5,353.0,3.0,1.0
7992-9101,281,319,327.0,27.0,343.0,5.0,16.0
7993-3704,187,186,180.0,4.000000000000001,184.0,1.5,4.0
7993-6102,314,0,147.0,89.5,,,
8075-12702,181,79,342.0,0.5,134.0,0.5,152.0
8075-1901,89,98,230.0,7.5,233.0,6.5,3.0
8075-1902,90,90,17.0,4.0,18.0,2.0,1.0
7993-9101,335,166,60.0,5.0,255.0,1.0,165.0
8075-3702,131,138,128.0,3.5,115.0,0.5,13.0
7993-6103,317,226,283.0,2.5,288.0,0.5,5.0
8075-3704,169,52,204.0,6.5,45.0,1.5,159.0
8075-12703,262,280,316.0,13.0,324.0,2.5,8.0
7993-12704,684,296,230.0,1.5,229.0,2.0,1.0
8075-12704,509,15,312.0,37.5,,,
8075-6103,142,7,224.0,89.5,,,
8075-3703,201,201,95.0,4.5,102.0,2.0,7.0
8075-6102,264,3,219.0,46.50000000000001,,,
8075-6104,188,63,273.0,9.5,299.0,89.5,26.0
8077-1901,89,1,125.0,42.0,,,
8077-1902,76,3,49.0,4.0,,,
8075-6101,231,279,155.0,9.5,148.0,4.5,7.0
7993-12702,684,642,342.0,3.0,342.0,3.0,0.0
8075-9101,449,8,341.0,89.5,,,
8077-3703,169,0,202.0,3.5,,,
8077-12703,270,219,43.0,1.5,41.0,0.5,2.0
8075-12701,611,668,199.0,1.5,200.0,1.0,1.0
8075-9102,427,329,93.0,5.0,92.0,1.0,1.0
8077-12701,237,457,0.0,89.5,153.0,3.5,153.0
8077-9101,199,164,311.0,3.5,309.0,1.5,2.0
8077-6101,304,177,264.0,26.5,256.0,1.5,8.0
8077-6102,215,267,39.0,4.5,27.0,3.5,12.0
8077-6103,205,241,204.0,5.5,205.0,1.5,1.0
8075-12705,677,659,170.0,13.500000000000005,153.0,7.0,17.0
8078-1901,97,7,337.0,4.0,,,
8077-9102,300,225,36.0,23.5,89.0,20.5,53.0
8078-3701,185,195,351.0,6.5,356.0,3.0,5.0
8078-6102,335,31,27.0,11.0,,,
8078-12702,233,255,189.0,19.0,177.0,8.000000000000007,12.0
8078-3704,193,193,169.0,7.5,173.0,3.5,4.0
8078-12704,264,318,316.0,3.0,312.0,1.5,4.0
8077-12705,663,605,160.0,2.0,160.0,1.5,0.0
8077-12704,667,655,8.0,3.0,9.0,2.0,1.0
8078-6104,251,297,8.0,10.500000000000005,14.0,5.5,6.0
8078-6103,329,328,192.0,1.5,193.0,1.0,1.0
8079-1901,93,45,81.0,22.0,,,
8079-3702,132,38,304.0,6.0,,,
8079-1902,79,94,5.0,21.500000000000007,69.0,0.5,64.0
8079-3703,185,8,260.0,2.0,,,
8079-6101,187,11,87.0,89.5,,,
8078-12701,681,680,165.0,0.5,165.0,0.5,0.0
8078-9101,337,454,324.0,2.5,322.0,1.5,2.0
8078-12705,630,575,23.0,7.5,20.0,11.5,3.0
8079-12701,454,389,89.0,3.5,90.0,2.0,1.0
8079-12703,360,354,127.0,4.5,126.0,1.5,1.0
8079-12702,462,404,291.0,2.5,296.0,1.5,5.0
8078-9102,491,467,132.0,2.0,136.0,0.5,4.0
8079-12705,365,323,12.0,4.5,6.0,0.5,6.0
8080-1901,84,1,174.0,14.500000000000007,,,
8078-12703,697,697,353.0,1.0,354.0,0.5,1.0
8079-6103,128,108,274.0,7.0,276.0,0.5,2.0
8080-1902,76,96,265.0,89.5,280.0,8.5,15.0
8080-3701,87,102,271.0,18.0,253.0,6.0,18.0
8080-3703,153,160,231.0,5.0,242.0,3.5,11.0
8080-3704,183,147,338.0,3.5,241.0,0.5,97.0
8080-3702,182,179,35.0,5.5,59.0,7.0,24.0
8079-12704,664,542,174.0,1.0,177.0,1.999999999999998,3.0
8080-6103,255,207,119.0,2.5,120.0,1.5,1.0
8080-6101,313,313,346.0,7.5,355.0,2.0,9.0
8079-9101,466,390,347.0,1.5,354.0,0.5,7.0
12624-9102,468,189,123.0,3.5,118.0,1.0,5.0
12651-6101,196,119,353.0,1.5,353.0,3.0,0.0
12624-12702,586,622,25.0,6.0,18.0,1.0,7.0
12652-1901,73,23,207.0,6.5,,,
12652-3702,108,10,205.0,6.5,,,
12651-6103,206,141,80.0,3.5,82.0,2.5,2.0
12652-1902,98,89,14.0,3.5,21.0,3.0,7.0
12652-3701,106,116,330.0,15.0,352.0,4.0,22.0
12652-6101,319,17,236.0,12.0,,,
12652-6104,147,78,142.0,20.5,161.0,10.0,19.0
12652-6102,312,13,92.0,7.0,,,
12652-12702,386,289,309.0,2.0,317.0,1.5,8.0
12651-9101,458,250,5.0,2.5,9.0,1.5,4.0
12652-12704,435,355,239.0,4.5,242.0,1.5,3.0
12667-9101,173,9,292.0,5.5,,,
12651-12705,639,660,58.0,2.5,58.0,1.0,0.0
12667-6104,128,148,131.0,12.0,120.0,3.5,11.0
12673-12701,142,0,132.0,42.00000000000001,,,
12667-6103,324,241,19.0,2.5,23.0,3.0,4.0
12667-6101,304,319,79.0,2.0,80.0,1.0,1.0
12673-1902,75,26,198.0,41.0,,,
12652-9102,446,438,259.0,2.0,260.0,1.0,1.0
12652-12703,643,628,216.0,1.0,215.0,0.5,1.0
12673-3703,189,42,64.0,1.0,,,
12667-9102,459,119,305.0,1.5,312.0,3.0,7.0
12673-3702,167,144,335.0,3.0,333.0,2.0,2.0
12667-12701,660,493,9.0,0.5,5.0,1.0,4.0
12673-3704,155,129,200.0,6.0,296.0,5.5,96.0
12673-12704,605,0,304.0,1.5,,,
12673-12705,568,39,100.0,11.5,,,
12673-6103,178,103,29.0,6.0,327.0,0.5,62.0
12674-1901,108,11,31.0,2.0,,,
12674-1902,102,19,239.0,2.0,,,
12667-12703,684,552,188.0,0.5,188.0,0.5,0.0
12674-12705,115,94,163.0,5.0,206.0,5.5,43.0
12673-6101,179,253,18.0,5.0,18.0,1.5,0.0
12674-3702,190,0,216.0,4.5,,,
12674-6104,122,48,331.0,30.0,,,
12674-3704,185,0,59.0,5.0,,,
12674-6101,315,0,12.0,1.0,,,
12674-6103,326,57,99.0,2.0,107.0,1.0,8.0
12674-9101,168,126,59.0,4.0,62.0,2.0,3.0
12673-12703,668,667,257.0,3.5,260.0,1.5,3.0
12673-9102,453,356,321.0,3.5,323.0,4.0,2.0
12675-3701,154,8,133.0,4.5,,,
12674-9102,237,175,347.0,4.0,355.0,1.5,8.0
12675-3703,111,94,328.0,15.5,327.0,5.5,1.0
12674-12702,516,554,138.0,14.0,134.0,2.5,4.0
12675-6102,151,2,185.0,11.499999999999998,,,
12675-6103,146,67,89.0,4.0,87.0,0.5,2.0
12675-12703,336,257,201.0,4.0,202.0,1.0,1.0
12675-12705,552,0,3.0,2.5,,,
12675-9101,282,8,235.0,89.5,,,
12674-12704,683,606,118.0,0.5,117.0,0.5,1.0
12674-12703,632,631,203.0,1.0,203.0,1.0,0.0
12675-9102,315,50,275.0,29.5,146.0,6.5,129.0
12678-3703,156,1,69.0,10.0,,,
12678-12704,218,26,142.0,6.0,,,
12678-1902,92,92,329.0,6.0,336.0,4.0,7.0
12678-3704,169,33,305.0,5.0,,,
12675-12701,642,418,113.0,0.5,114.0,0.5,1.0
12675-12704,410,463,261.0,4.0,259.0,1.5,2.0
12679-1901,91,0,69.0,89.5,,,
12678-12703,429,4,29.0,8.5,,,
12679-1902,92,90,116.0,4.0,121.0,3.5,5.0
12678-12702,239,397,0.0,89.5,309.0,0.5,51.0
12679-3701,175,44,346.0,3.0,,,
12679-3703,184,7,49.0,3.0,,,
12678-6103,151,207,0.0,89.5,170.0,3.0,170.0
12678-6101,284,178,1.0,2.500000000000006,4.0,1.0,3.0
12679-3704,146,57,341.0,11.0,337.0,8.5,4.0
12679-6102,216,20,31.0,31.500000000000007,,,
12678-9102,340,219,350.0,3.0,344.0,0.5,6.0
12678-12701,516,551,253.0,10.5,255.0,3.5,2.0
12679-6103,170,128,352.0,2.5,353.0,0.5,1.0
12679-9101,211,76,64.0,5.5,39.0,1.0,25.0
12682-12701,162,3,144.0,3.5,,,
12679-6101,255,168,34.0,4.0,34.0,1.0,0.0
12679-6104,313,110,182.0,8.499999999999996,163.0,2.0,19.0
12682-1902,73,9,35.0,3.5,,,
12682-12703,270,0,149.0,89.5,,,
12682-3702,184,0,94.0,2.5,,,
12682-6101,278,0,123.0,89.5,,,
12682-12704,371,80,255.0,2.5,268.0,3.5,13.0
12679-12703,652,447,72.0,1.5,7.0,0.5,65.0
12682-6103,285,92,155.0,3.0,187.0,2.5,32.0
12683-1902,90,0,196.0,18.0,,,
12679-9102,440,439,173.0,3.0,172.0,1.0,1.0
12682-9101,426,52,78.0,21.0,278.0,89.0,160.0
12683-3704,5,30,,,,,
12683-1901,96,96,345.0,3.0,346.0,2.0,1.0
12679-12705,679,673,160.0,1.5,160.0,1.0,0.0
12683-3703,173,0,223.0,4.0,,,
12682-12705,457,437,231.0,4.5,232.0,2.5,1.0
12683-3702,185,125,15.0,4.0,19.0,1.0,4.0
12683-6104,300,8,271.0,44.5,,,
12683-6101,166,180,7.0,3.0,6.0,1.0,1.0
12682-9102,410,379,249.0,3.5,249.0,2.5,0.0
12683-12705,320,370,291.0,4.0,291.0,1.5,0.0
12684-6101,101,3,202.0,25.5,,,
8080-9102,193,157,244.0,3.0,245.0,1.0,1.0
8080-12704,462,416,267.0,13.5,289.0,4.0,22.0
8081-3701,112,2,128.0,5.5,,,
8080-6104,321,319,147.0,3.5,147.0,1.5,0.0
8081-12701,464,26,279.0,5.5,,,
8080-9101,223,290,324.0,6.5,318.0,1.0,6.0
8081-1901,91,103,1.0,11.000000000000004,13.0,5.0,12.0
8080-12702,645,384,150.0,3.0,152.0,2.5,2.0
8081-12702,255,335,0.0,89.5,339.0,5.5,21.0
8081-3703,164,174,44.0,5.5,47.0,1.5,3.0
8080-12701,653,647,355.0,3.5,353.0,1.5,2.0
8081-12703,325,223,264.0,6.0,268.0,5.5,4.0
8080-12703,659,654,112.0,1.0,113.0,1.0,1.0
8081-6101,166,214,279.0,6.5,289.0,2.0,10.0
8081-12704,306,328,133.0,16.5,140.0,2.0,7.0
8081-6104,319,91,229.0,1.0,203.0,1.0,26.0
8082-1902,99,0,74.0,4.5,,,
8081-6103,206,257,159.0,9.0,164.0,3.5,5.0
8081-6102,313,247,16.0,1.5,15.0,0.5,1.0
8082-3701,138,85,12.0,89.5,35.0,10.0,23.0
8082-3704,167,27,198.0,5.0,,,
8082-3703,186,14,26.0,23.0,,,
8082-3702,133,142,30.0,12.5,33.0,4.0,3.0
8081-9102,308,369,257.0,1.5,259.0,1.0,2.0
8082-12704,307,157,198.0,2.5,201.0,1.5,3.0
8082-6101,213,59,110.0,70.5,45.0,28.0,65.0
8082-12705,497,12,72.0,0.5,,,
8081-9101,471,328,68.0,3.0,67.0,0.5,1.0
8083-1901,63,0,223.0,14.0,,,
8082-6104,275,16,186.0,7.0,,,
8083-1902,95,9,65.0,75.0,,,
8083-12701,137,159,116.0,11.5,113.0,6.5,3.0
8083-3704,102,33,259.0,7.0,,,
8083-3702,147,119,126.0,18.0,148.0,5.5,22.0
8083-3703,107,118,86.0,12.0,85.0,4.0,1.0
8082-12703,448,493,130.0,2.5,117.0,2.0,13.0
8082-6103,311,314,268.0,7.5,262.0,4.0,6.0
8082-12702,641,423,114.0,1.5,118.0,1.0,4.0
8082-9102,311,389,255.0,0.5,230.0,0.5,25.0
8083-6101,267,199,36.0,5.0,57.0,4.0,21.0
8083-6103,310,57,26.0,2.5,104.0,4.0,78.0
8084-1901,84,0,244.0,21.5,,,
8082-12701,656,656,350.0,2.5,350.0,1.5,0.0
8084-1902,95,58,43.0,14.0,128.0,16.5,85.0
8083-6102,316,285,116.0,1.0,117.0,0.5,1.0
8084-3703,197,6,56.0,2.5,,,
8084-3701,182,188,119.0,15.5,111.0,6.0,8.0
8084-3702,170,183,341.0,10.0,341.0,3.5,0.0
8084-6104,161,30,164.0,3.5,,,
8083-12703,568,491,224.0,9.5,204.0,2.5,20.0
8083-9101,392,329,148.0,1.5,156.0,0.5,8.0
8084-6102,199,246,295.0,15.0,305.0,4.5,10.0
8084-6103,224,123,52.0,3.0,48.0,2.5,4.0
8084-12701,412,453,268.0,10.5,286.0,2.5,18.0
8084-12705,342,406,300.0,1.5,299.0,1.0,1.0
8085-1901,71,0,155.0,14.0,,,
8085-1902,94,4,228.0,3.5,,,
8084-6101,314,294,294.0,2.5,297.0,2.0,3.0
8084-9101,250,89,172.0,45.0,179.0,14.0,7.0
8083-12705,630,665,36.0,3.5,38.0,2.0,2.0
8085-3703,101,0,194.0,7.5,,,
8085-3702,143,0,41.0,89.5,,,
8085-3701,111,123,88.0,8.0,85.0,3.0,3.0
8085-6102,155,0,185.0,10.500000000000002,,,
8085-3704,171,170,73.0,6.0,72.0,3.5,1.0
8085-6103,304,28,94.0,11.0,,,
8085-12703,660,1,306.0,89.5,,,
8085-6101,300,124,292.0,9.0,276.0,1.0,16.0
8084-9102,427,365,283.0,5.0,286.0,3.0,3.0
8084-12703,686,636,314.0,2.5,316.0,1.0,2.0
8085-9101,437,7,94.0,13.5,,,
8086-1901,102,47,198.0,2.0,,,
8085-9102,229,190,114.0,0.5,345.0,0.5,129.0
8086-3701,157,2,9.0,4.5,,,
8086-12703,146,94,334.0,20.0,331.0,8.0,3.0
8085-6104,319,293,149.0,17.5,159.0,4.5,10.0
8085-12704,495,460,150.0,1.5,151.0,1.0,1.0
8086-3704,82,84,134.0,13.5,137.0,4.5,3.0
8086-6101,170,0,45.0,3.0,,,
8086-3703,120,140,27.0,34.5,26.0,3.0,1.0
8085-12701,527,649,290.0,3.5,297.0,1.0,7.0
8086-12704,201,198,11.0,6.5,14.0,0.5,3.0
8086-12701,245,260,198.0,3.5,208.0,3.0,10.0
8086-6103,100,81,345.0,11.0,351.0,5.499999999999998,6.0
8085-12702,622,587,185.0,31.999999999999996,193.0,10.0,8.0
8087-1902,93,40,163.0,2.5,,,
8086-6104,96,164,338.0,32.5,301.0,5.5,37.0
8086-6102,140,190,341.0,14.0,298.0,2.0,43.0
8087-6104,179,42,255.0,5.5,,,
8087-6102,182,22,23.0,89.5,,,
8087-3703,191,159,85.0,4.0,91.0,0.5,6.0
8087-6101,205,157,213.0,1.5,214.0,0.5,1.0
8086-12702,353,541,101.0,9.0,67.0,1.0,34.0
8087-12702,286,163,314.0,1.5,321.0,0.5,7.0
8088-1901,96,14,32.0,11.5,,,
8087-9101,463,169,189.0,3.0,189.0,1.0,0.0
8088-3701,192,156,314.0,4.5,321.0,2.0,7.0
8086-9101,475,452,94.0,1.5,94.0,1.0,0.0
8088-12704,224,264,59.0,0.5,48.0,0.5,11.0
8086-9102,467,465,306.0,1.5,307.0,1.0,1.0
12684-1901,95,95,246.0,3.5,242.0,2.5,4.0
12682-12702,654,638,280.0,2.0,278.0,1.5,2.0
12683-9102,313,182,52.0,3.0,53.0,2.0,1.0
12684-12701,270,238,328.0,3.5,10.0,0.5,42.0
12683-9101,317,318,185.0,2.0,185.0,0.5,0.0
12684-6103,297,7,358.0,38.0,,,
12684-9101,305,7,293.0,7.0,,,
12683-12704,577,616,85.0,9.5,79.0,3.0,6.0
12684-6104,291,69,46.0,2.0,54.0,0.5,8.0
12684-12702,385,382,15.0,2.5,16.0,1.5,1.0
12685-1901,71,54,307.0,20.5,36.0,4.0,89.0
12684-9102,435,21,256.0,37.0,,,
12685-3702,143,32,122.0,5.5,,,
12685-3704,152,15,241.0,2.0,,,
12685-3701,185,130,297.0,2.5,296.0,1.5,1.0
12684-12703,523,447,240.0,0.5,170.0,0.5,70.0
12685-12702,255,309,199.0,7.5,180.0,0.5,19.0
12685-3703,175,100,201.0,2.5,200.0,1.5,1.0
12685-6103,214,6,43.0,5.0,,,
12685-12704,433,103,53.0,3.5,51.0,2.0,2.0
12685-6104,277,0,193.0,22.5,,,
12685-12703,342,361,252.0,26.0,295.0,6.5,43.0
12696-1901,104,0,129.0,18.5,,,
12684-12704,661,661,120.0,11.5,121.0,4.0,1.0
12685-9102,374,0,80.0,89.5,,,
12696-12703,359,1,206.0,4.5,,,
12696-3701,151,37,209.0,5.0,,,
12685-12701,491,587,226.0,3.5,226.0,2.5,0.0
12696-3702,199,5,96.0,2.5,,,
12696-9102,224,0,259.0,3.5,,,
12696-6101,329,9,123.0,3.5,,,
12696-6104,318,0,174.0,2.5,,,
12700-1901,36,3,,,,,
12696-12701,677,33,344.0,0.5,,,
12685-9101,299,422,254.0,1.5,255.0,1.5,1.0
12696-6103,329,173,142.0,2.5,147.0,0.5,5.0
12700-3701,172,7,146.0,5.0,,,
12700-1902,89,93,66.0,89.5,109.0,14.5,43.0
12696-12702,668,254,54.0,2.5,60.0,1.5,6.0
12700-3704,89,44,113.0,21.5,,,
12696-12704,519,394,201.0,5.5,200.0,2.5,1.0
12700-3702,166,186,169.0,13.5,159.0,2.5,10.0
12700-6103,77,105,0.0,89.5,243.0,1.5,117.0
12700-6101,238,114,13.0,10.0,358.0,13.499999999999998,15.0
12700-3703,188,177,214.0,0.5,215.0,1.5,1.0
12700-12704,324,368,13.0,13.000000000000007,21.0,5.0,8.0
12700-12701,413,559,27.0,49.49999999999999,9.0,2.5,18.0
12700-6104,225,175,25.0,3.0,24.0,1.0,1.0
12700-9101,160,202,173.0,5.5000000000000036,175.0,2.0,2.0
12700-6102,276,288,193.0,5.5,194.0,1.0,1.0
12700-12703,616,481,125.0,0.5,127.0,0.5,2.0
12769-1901,91,71,155.0,4.5,147.0,1.0,8.0
12769-3704,152,4,69.0,6.5,,,
12700-9102,261,253,13.0,21.0,0.0,3.000000000000005,13.0
12700-12705,560,503,14.0,4.0,4.0,2.0,10.0
12769-12704,176,187,344.0,17.000000000000007,352.0,3.5,8.0
12769-6101,115,56,157.0,7.5,180.0,0.5,23.0
12769-3703,185,113,93.0,8.5,202.0,0.5,109.0
12769-6103,126,3,39.0,7.5,,,
12772-12702,177,12,36.0,3.0,,,
12769-9101,277,25,275.0,38.5,,,
12772-1902,91,0,156.0,13.0,,,
12769-6102,178,242,260.0,8.0,254.0,0.5,6.0
12769-12705,270,427,347.0,3.0,341.0,3.0,6.0
12772-3701,139,0,286.0,89.5,,,
12769-9102,226,259,280.0,2.5,280.0,2.0,0.0
12772-3703,107,86,123.0,10.5,133.0,4.5,10.0
12769-12701,525,514,18.0,1.5,17.0,1.5,1.0
12772-6103,116,122,150.0,14.5,164.0,4.0,14.0
12769-12703,535,540,0.0,89.5,255.0,3.0,105.0
7443-1902,107,0,352.0,7.499999999999998,,,
12772-9101,188,124,200.0,8.0,206.0,14.5,6.0
12772-9102,206,136,96.0,5.5,100.0,3.0,4.0
12772-6101,211,263,150.0,15.0,137.0,9.5,13.0
7443-1901,109,109,116.0,13.5,121.0,9.5,5.0
12772-12703,506,346,344.0,5.0,333.0,4.0,11.0
12772-12701,382,513,0.0,89.5,346.0,5.0,14.0
7443-12701,389,4,228.0,3.0,,,
12772-12705,491,542,85.0,12.0,49.0,3.5,36.0
7443-3701,194,198,37.0,89.0,212.0,7.0,175.0
7495-3702,122,149,131.0,11.0,134.0,4.0,3.0
7443-6103,262,326,151.0,7.0,161.0,2.0,10.0
7443-6102,342,342,222.0,3.0,225.0,2.0,3.0
7495-9102,399,118,256.0,2.0,249.0,2.5,7.0
7815-1902,98,0,176.0,26.0,,,
7815-1901,99,65,242.0,40.5,174.0,7.499999999999998,68.0
7815-12702,253,277,72.0,10.0,69.0,6.5,3.0
7443-12703,614,683,171.0,2.5,199.0,1.0,28.0
7815-12701,448,394,198.0,29.000000000000007,193.0,6.0,5.0
7495-12702,520,567,346.0,1.5,347.0,0.5,1.0
7957-1902,86,0,118.0,3.0,,,
7957-1901,96,0,48.0,4.5,,,
7957-12703,280,167,240.0,1.0,246.0,0.5,6.0
7495-12703,616,619,345.0,1.5,343.0,1.0,2.0
7957-3704,81,71,173.0,20.499999999999996,159.0,6.5,14.0
7815-12705,453,538,36.0,1.5,41.0,1.0,5.0
7957-3703,104,84,121.0,17.0,108.0,7.0,13.0
7495-12704,680,667,8.0,1.0,8.0,0.5,0.0
7815-9101,445,435,59.0,3.5,55.0,1.5,4.0
7957-3701,183,118,346.0,2.5,345.0,2.0,1.0
8088-3704,198,198,243.0,16.5,247.0,6.5,4.0
8088-12702,309,353,317.0,18.5,0.0,1.0000000000000049,43.0
8087-12701,678,389,311.0,10.0,341.0,5.0,30.0
8087-9102,461,441,214.0,8.5,211.0,3.5,3.0
8088-6101,284,5,121.0,89.5,,,
8088-6103,321,0,263.0,25.0,,,
8089-12705,197,0,29.0,12.5,,,
8089-1901,70,88,74.0,87.5,40.0,8.5,34.0
8089-1902,96,95,333.0,3.5,334.0,2.0,1.0
8087-12704,648,629,9.0,4.0,6.0,1.5,3.0
8089-12702,186,214,102.0,15.5,114.0,0.5,12.0
8089-3701,120,76,147.0,2.5,170.0,11.5,23.0
8088-9101,267,271,53.0,13.0,60.0,3.5,7.0
8089-3703,127,3,122.0,89.5,,,
8088-12703,528,562,303.0,1.0,303.0,0.5,0.0
8089-3704,138,7,267.0,8.0,,,
8089-6102,160,148,105.0,13.0,108.0,7.0,3.0
8088-12705,672,533,60.0,3.0,62.0,1.5,2.0
8088-9102,474,415,190.0,0.5,189.0,0.5,1.0
8089-6103,188,248,161.0,5.5,161.0,1.0,0.0
8089-6101,229,298,231.0,35.0,281.0,5.5,50.0
8089-12701,497,503,183.0,10.500000000000002,180.0,0.9999999999999978,3.0
8091-12702,193,247,165.0,4.5,157.0,0.5,8.0
8089-12704,464,506,192.0,5.5,192.0,1.5,0.0
8091-1901,99,100,318.0,10.0,319.0,5.0,1.0
8091-1902,95,99,218.0,3.0,213.0,2.0,5.0
8091-3701,167,0,129.0,28.0,,,
8091-12701,396,377,17.0,2.0,10.0,1.5,7.0
8089-9101,414,472,82.0,13.0,104.0,4.0,22.0
8091-3702,190,182,41.0,4.5,332.0,7.5,69.0
8091-6102,96,144,78.0,37.0,112.0,1.5,34.0
8091-3703,194,177,320.0,1.5,313.0,0.5,7.0
8091-3704,194,171,185.0,3.0,188.0,1.5,3.0
8089-9102,495,439,164.0,9.0,165.0,3.5,1.0
8091-6103,103,166,224.0,25.0,215.0,0.5,9.0
8091-12703,411,462,172.0,0.5,164.0,0.5,8.0
8092-1901,90,0,292.0,7.0,,,
8091-12705,505,262,280.0,2.0,274.0,2.0,6.0
8092-1902,68,69,39.0,1.5,91.0,0.5,52.0
8092-12704,244,2,251.0,8.0,,,
8092-3702,159,0,232.0,89.5,,,
8091-6104,292,55,48.0,2.5,44.0,1.5,4.0
8091-6101,326,321,94.0,2.0,95.0,0.5,1.0
8092-3701,184,177,220.0,3.0,220.0,1.5,0.0
8092-9102,139,0,150.0,49.0,,,
8091-12704,576,557,177.0,2.5,173.0,1.0,4.0
8092-12705,435,65,98.0,33.0,96.0,3.5,2.0
8092-3703,157,164,274.0,20.0,272.0,5.5,2.0
8092-3704,169,161,171.0,3.0,168.0,1.5,3.0
8092-6103,152,82,64.0,7.0,94.0,4.5,30.0
8092-6102,247,74,246.0,31.0,68.0,10.5,178.0
8092-12703,651,8,260.0,89.5,,,
8093-1902,103,62,123.0,7.5,130.0,8.5,7.0
8093-1901,83,93,93.0,36.0,82.0,8.5,11.0
8093-12702,182,229,282.0,66.0,324.0,16.0,42.0
8093-3703,195,127,317.0,4.5,327.0,2.5,10.0
8093-3704,199,83,24.0,4.5,193.0,4.5,169.0
8091-9101,487,455,318.0,2.0,316.0,1.0,2.0
8093-12701,284,285,170.0,14.5,188.0,3.5,18.0
8093-6101,212,79,69.0,89.5,88.0,0.5,19.0
8093-9101,107,3,266.0,0.5,,,
8095-1901,102,0,231.0,24.5,,,
8093-6103,310,71,56.0,8.5,299.0,2.5,117.0
8093-6102,224,208,106.0,4.5,102.0,1.5,4.0
8095-3701,198,15,247.0,2.0,,,
8092-12702,609,664,48.0,3.0,33.0,0.5,15.0
8095-6101,157,11,146.0,1.0,,,
8095-3702,200,77,34.0,11.5,3.0,21.999999999999996,31.0
8093-12705,496,486,215.0,8.0,239.0,4.0,24.0
8095-6103,149,64,191.0,12.5,209.0,3.0,18.0
8095-12702,328,395,193.0,6.5,193.0,1.5,0.0
8093-12703,677,492,288.0,2.5,283.0,2.0,5.0
8093-12704,634,560,8.0,3.0,13.0,1.0,5.0
8093-9102,485,408,136.0,1.5,133.0,1.0,3.0
8095-12701,422,453,131.0,8.5,151.0,2.5,20.0
8096-3704,150,0,54.0,36.5,,,
8096-3703,181,0,153.0,42.0,,,
8095-12704,421,497,34.0,5.0,27.0,1.5,7.0
8095-6102,276,318,334.0,4.0,334.0,1.5,0.0
8095-9102,473,7,346.0,5.5,,,
8096-6101,235,20,172.0,67.0,,,
8097-1902,99,0,205.0,26.999999999999996,,,
8096-12705,266,239,70.0,26.5,77.0,4.5,7.0
8096-12702,496,107,176.0,5.000000000000007,152.0,18.500000000000004,24.0
8097-12701,149,94,173.0,5.0,182.0,8.500000000000002,9.0
8097-12705,185,0,0.0,89.5,,,
8096-6102,276,85,298.0,89.5,306.0,34.5,8.0
8097-1901,96,87,185.0,5.499999999999997,183.0,2.5,2.0
8097-12703,265,83,175.0,1.5,176.0,2.5,1.0
8096-9102,373,0,310.0,34.0,,,
8097-3702,126,0,323.0,5.0,,,
8097-3701,192,0,333.0,6.5,,,
8097-6103,147,1,286.0,8.5,,,
8095-9101,490,469,65.0,7.5,63.0,4.5,2.0
8097-3704,129,69,208.0,10.0,210.0,11.0,2.0
8095-12703,695,688,55.0,13.0,46.0,5.0,9.0
8097-12704,212,226,159.0,7.5,151.0,2.5,8.0
8097-6102,106,121,225.0,89.5,104.0,4.5,121.0
8097-3703,144,161,207.0,12.5,230.0,5.0,23.0
8131-1901,99,2,70.0,4.0,,,
7957-6102,213,135,326.0,4.0,143.0,1.5,177.0
7957-9101,217,249,11.0,16.0,8.0,3.5,3.0
7958-12703,180,192,356.0,9.000000000000009,353.0,1.0,3.0
7957-6104,211,324,105.0,9.5,99.0,2.5,6.0
7957-12705,449,483,150.0,2.5,148.0,1.0,2.0
7957-12702,606,621,59.0,2.5,62.0,1.0,3.0
7958-1902,77,70,233.0,7.5,238.0,3.5,5.0
7958-12702,277,298,186.0,12.499999999999998,176.0,3.0,10.0
7958-3701,181,1,46.0,17.5,,,
7958-3704,118,23,22.0,12.5,,,
7957-12704,662,650,147.0,5.5,153.0,2.5,6.0
7958-6102,233,21,145.0,4.5,,,
7958-3703,197,134,78.0,2.5,69.0,2.5,9.0
7958-3702,199,199,38.0,2.0,39.0,1.0,1.0
7957-9102,485,486,118.0,6.0,119.0,2.0,1.0
7958-6104,254,9,71.0,41.0,,,
7958-12704,464,526,77.0,5.0,79.0,0.5,2.0
7958-9101,144,153,2.0,23.000000000000007,185.0,1.5,177.0
7959-1901,46,34,,,,,
7958-6103,322,233,349.0,8.0,354.0,2.5,5.0
7958-6101,327,326,206.0,2.5,205.0,1.5,1.0
7959-3702,129,67,151.0,17.0,225.0,25.0,74.0
7958-9102,452,67,345.0,5.5,280.0,7.0,65.0
7959-3701,178,167,160.0,2.5,168.0,2.0,8.0
7958-12705,644,649,199.0,8.5,196.0,3.5,3.0
7959-3703,174,105,359.0,2.0000000000000036,46.0,3.5,47.0
7959-12702,404,331,22.0,2.0,25.0,0.5,3.0
7959-12701,414,430,307.0,1.0,307.0,0.5,0.0
7959-6104,319,46,101.0,8.5,,,
7959-9101,403,22,90.0,89.5,,,
7959-6102,312,308,328.0,5.5,325.0,3.5,3.0
7960-3701,178,38,216.0,5.5,,,
7959-12704,660,553,108.0,2.0,108.0,1.0,0.0
7959-12703,660,632,178.0,1.5,181.0,0.5,3.0
7960-3703,127,86,245.0,19.0,54.0,5.5,169.0
7960-12702,443,280,163.0,5.5,163.0,4.0,0.0
7960-3704,104,189,202.0,62.50000000000001,219.0,4.5,17.0
7959-9102,461,461,322.0,2.0,323.0,1.0,1.0
7960-6103,127,87,222.0,9.5,232.0,8.5,10.0
7959-12705,662,662,146.0,1.5,146.0,1.5,0.0
7960-9102,229,6,319.0,27.0,,,
7960-6102,279,238,281.0,9.5,283.0,3.5,2.0
7960-6101,309,265,233.0,8.5,228.0,4.0,5.0
7960-12703,640,590,38.0,3.0,38.0,2.0,0.0
7960-12704,600,649,298.0,3.0,300.0,1.0,2.0
7960-9101,380,300,354.0,5.0,0.0,5.500000000000002,6.0
7961-6101,283,36,39.0,3.5,,,
7961-3702,167,183,176.0,5.0000000000000036,172.0,2.0,4.0
7960-12705,653,652,201.0,2.0,201.0,1.0,0.0
7961-6104,279,34,245.0,13.5,,,
7961-9101,380,0,8.0,89.5,,,
7961-6103,317,248,115.0,5.0,346.0,1.5,129.0
7962-1902,90,2,236.0,8.5,,,
7961-12703,538,512,250.0,3.5,248.0,1.5,2.0
7961-12701,673,551,209.0,3.0,210.0,0.5,1.0
7962-3701,117,14,105.0,4.0,,,
7961-12702,668,557,205.0,1.5,204.0,1.0,1.0
7962-3703,178,4,11.0,2.0,,,
7962-3704,120,1,350.0,8.499999999999998,,,
7962-12705,207,234,128.0,4.5,127.0,1.5,1.0
7962-6101,244,6,160.0,7.0,,,
7962-6102,126,142,2.0,19.500000000000004,13.0,5.0,11.0
7961-12705,666,655,242.0,1.0,243.0,0.5,1.0
7962-12702,510,517,152.0,4.0,151.0,1.5,1.0
7963-3701,145,21,170.0,4.5,,,
7963-12701,161,213,80.0,10.5,76.0,1.5,4.0
7963-1902,94,94,34.0,4.5,36.0,3.0,2.0
7962-6104,193,269,66.0,5.5,69.0,1.0,3.0
7963-3703,134,37,239.0,2.5,,,
7963-3704,142,33,242.0,6.5,,,
7963-12704,285,175,175.0,5.5,176.0,1.0,1.0
7962-12704,610,521,273.0,3.0,273.0,2.0,0.0
7963-3702,141,165,345.0,19.500000000000007,354.0,5.5,9.0
7962-12703,670,590,320.0,1.0,319.0,0.5,1.0
7962-12701,665,666,328.0,14.5,312.0,8.0,16.0
7963-6103,224,58,358.0,1.999999999999998,5.0,3.5000000000000018,7.0
7963-12702,404,285,59.0,4.5,92.0,2.5,33.0
7963-6104,204,126,178.0,13.499999999999996,188.0,22.0,10.0
7963-6102,319,132,259.0,6.0,240.0,0.5,19.0
7964-3703,174,36,207.0,3.0,,,
7964-12703,284,57,172.0,2.5,175.0,4.000000000000005,3.0
7965-12703,142,40,160.0,18.0,,,
7965-12704,140,18,126.0,0.5,,,
7964-12702,395,292,343.0,1.5,346.0,1.0,3.0
7965-1901,65,90,31.0,17.5,18.0,3.5,13.0
7964-9101,282,317,245.0,2.0,242.0,0.5,3.0
7963-9101,448,415,259.0,10.5,251.0,2.0,8.0
7963-9102,452,451,319.0,2.0,317.0,1.0,2.0
7965-3701,159,1,113.0,2.0,,,
7965-3702,155,7,95.0,8.5,,,
7964-12704,467,377,292.0,1.5,295.0,0.5,3.0
7965-12705,316,247,327.0,0.5,325.0,0.5,2.0
7965-12702,439,390,18.0,1.0,20.0,0.5,2.0
7965-9101,249,28,278.0,0.5,,,
7964-9102,492,422,119.0,3.0,126.0,0.5,7.0
7965-3703,165,197,172.0,16.000000000000007,179.0,6.500000000000006,7.0
7964-12701,658,638,122.0,5.0,133.0,2.0,11.0
7968-1901,89,88,342.0,5.0,36.0,2.0,54.0
7968-3703,175,19,103.0,4.5,,,
7968-1902,93,93,140.0,13.5,132.0,6.0,8.0
8097-6104,270,17,155.0,4.0,,,
8131-3703,159,8,280.0,13.5,,,
8131-3702,191,2,276.0,5.0,,,
8131-12702,270,37,122.0,0.5,,,
8097-9101,385,40,21.0,44.0,,,
8097-6101,318,168,71.0,1.5,78.0,0.5,7.0
8131-3701,194,140,126.0,1.0,126.0,0.5,0.0
8097-9102,306,180,205.0,2.5,208.0,1.0,3.0
8131-6103,257,1,134.0,12.0,,,
8132-1902,100,64,14.0,2.5,13.0,3.5,1.0
8132-12701,226,15,322.0,4.0,,,
8132-3701,159,2,227.0,3.0,,,
8131-12703,248,290,89.0,5.5,88.0,1.5,1.0
8131-6101,193,313,235.0,5.0,233.0,1.0,2.0
8132-3703,136,140,359.0,38.5,350.0,4.5,9.0
8131-6104,280,168,161.0,2.0,157.0,1.5,4.0
8132-3702,132,173,138.0,4.0,130.0,7.0,8.0
8131-12704,382,331,178.0,1.0,179.0,0.5,1.0
8132-3704,182,108,299.0,7.0,223.0,1.0,76.0
8132-6103,244,12,275.0,89.5,,,
8133-1902,83,1,192.0,6.0,,,
8132-12704,334,281,1.0,2.000000000000005,3.0,0.5,2.0
8132-6104,269,11,96.0,2.0,,,
8132-6102,237,163,261.0,4.5,265.0,3.5,4.0
8131-9102,405,251,48.0,5.5,42.0,4.5,6.0
8133-12701,181,154,336.0,4.5,316.0,1.0,20.0
8132-6101,318,268,287.0,2.0,283.0,1.5,4.0
8131-12701,581,574,265.0,4.5,265.0,2.0,0.0
8133-3703,202,8,244.0,3.5,,,
8133-3701,183,180,75.0,4.0,73.0,3.5,2.0
8133-3702,203,105,274.0,4.0,279.0,1.0,5.0
8133-6104,322,38,252.0,2.5,,,
8133-12704,256,256,125.0,4.5,38.0,3.5,87.0
8133-6103,292,76,286.0,31.0,173.0,5.5,113.0
8134-1902,98,14,141.0,89.5,,,
8134-3703,158,3,44.0,2.0,,,
8133-12703,708,10,102.0,6.5,,,
8134-3701,112,76,14.0,0.5,29.0,0.5,15.0
8134-3704,155,25,6.0,9.500000000000007,,,
8132-9101,396,376,310.0,2.5,309.0,1.5,1.0
8134-9101,174,0,348.0,26.0,,,
8133-9101,389,332,274.0,2.0,278.0,0.5,4.0
8134-6104,139,119,36.0,39.5,48.0,11.5,12.0
8134-6103,289,316,77.0,13.5,64.0,3.5,13.0
8135-3701,184,19,0.0,4.500000000000005,,,
8135-12705,304,329,158.0,5.5,167.0,3.0,9.0
8134-12703,624,614,241.0,5.5,244.0,2.0,3.0
8134-12701,658,655,289.0,7.5,287.0,3.0,2.0
8134-9102,481,484,142.0,1.0,140.0,0.5,2.0
8134-12704,611,645,318.0,1.5,316.0,0.5,2.0
8134-12705,640,577,234.0,5.0,234.0,2.5,0.0
8135-12703,385,408,9.0,3.0,9.0,1.0,0.0
8135-3702,193,195,336.0,13.0,351.0,3.5,15.0
8135-3703,192,1,75.0,89.5,,,
8134-12702,683,683,335.0,1.5,334.0,0.5,1.0
8135-12702,548,556,44.0,3.0,49.0,1.5,5.0
8135-12704,519,492,327.0,1.0,326.0,0.5,1.0
8135-6102,319,20,131.0,4.0,,,
8135-6104,158,68,251.0,2.5,247.0,5.0,4.0
8135-3704,168,184,297.0,9.0,312.0,3.0,15.0
8135-12701,682,677,113.0,1.0,115.0,1.0,2.0
8135-9101,428,13,338.0,89.5,,,
8137-1902,105,72,178.0,4.999999999999999,31.0,7.0,147.0
8137-1901,101,101,140.0,4.0,140.0,2.5,0.0
8137-12701,189,197,253.0,11.0,249.0,4.0,4.0
8135-6101,323,322,12.0,18.000000000000007,346.0,10.000000000000004,26.0
8135-6103,326,254,327.0,2.5,327.0,2.5,0.0
8137-3701,195,107,359.0,2.5000000000000053,353.0,4.0,6.0
8137-3704,106,144,89.0,7.5,80.0,2.0,9.0
8137-12705,258,211,182.0,6.5000000000000036,187.0,4.0,5.0
8135-9102,343,271,326.0,8.5,314.0,2.5,12.0
8137-6102,327,10,183.0,6.000000000000002,,,
8137-9101,330,8,154.0,89.5,,,
8138-1901,91,90,66.0,10.0,80.0,3.0,14.0
8138-3703,186,4,269.0,14.0,,,
8138-3701,195,195,42.0,5.0,41.0,2.5,1.0
8138-3702,189,174,181.0,6.000000000000002,171.0,6.5,10.0
8138-12702,208,304,179.0,2.499999999999998,180.0,1.5000000000000049,1.0
8138-12705,233,266,234.0,1.0,231.0,0.5,3.0
8138-3704,175,131,250.0,25.5,236.0,6.0,14.0
8137-12704,563,466,244.0,6.5,248.0,2.5,4.0
8138-6101,210,199,12.0,2.5,14.0,1.5,2.0
8138-6103,122,168,97.0,8.0,107.0,1.0,10.0
8137-9102,492,484,46.0,2.5,47.0,1.0,1.0
8137-12703,664,660,288.0,1.5,287.0,1.0,1.0
8138-6102,320,287,42.0,8.0,203.0,1.0,161.0
8139-1901,87,94,355.0,21.000000000000007,347.0,2.5,8.0
8139-1902,94,89,269.0,9.5,264.0,3.5,5.0
8138-12701,555,581,153.0,10.0,155.0,2.0,2.0
8139-12701,337,355,149.0,19.0,160.0,3.0,11.0
8139-3701,190,5,309.0,5.0,,,
8139-12702,349,402,191.0,9.5,186.0,8.500000000000002,5.0
8138-9102,482,367,70.0,3.5,65.0,2.5,5.0
8139-3704,157,114,337.0,2.5,337.0,0.5,0.0
8139-12704,337,371,56.0,33.0,15.0,5.0,41.0
8138-12704,678,669,194.0,1.0,194.0,0.5,0.0
8139-3702,187,187,202.0,41.0,176.0,8.500000000000002,26.0
8138-9101,466,456,321.0,1.5,321.0,1.0,0.0
8139-6104,270,189,163.0,1.5,163.0,1.0,0.0
8140-12702,165,157,358.0,5.9999999999999964,357.0,2.499999999999998,1.0
7965-6103,309,292,222.0,2.5,226.0,1.5,4.0
7968-12701,261,285,312.0,2.5,310.0,0.5,2.0
7968-12705,442,2,236.0,9.0,,,
7965-9102,358,268,77.0,9.5,85.0,1.5,8.0
7968-6103,201,3,18.0,20.000000000000004,,,
7968-3704,158,167,345.0,4.0,337.0,3.0,8.0
7972-1901,96,1,293.0,6.0,,,
7972-12701,216,89,6.0,6.500000000000004,28.0,5.0,22.0
7968-6102,296,250,191.0,1.5,198.0,2.0,7.0
7968-9101,282,225,114.0,1.0,122.0,0.5,8.0
7968-6101,300,300,33.0,4.5,32.0,2.0,1.0
7968-12704,631,263,300.0,0.5,285.0,0.5,15.0
7972-3703,184,13,267.0,6.5,,,
7972-3702,152,99,257.0,2.0,256.0,2.0,1.0
7972-12702,315,252,111.0,7.5,93.0,3.5,18.0
7972-3704,115,90,157.0,13.0,328.0,3.5,171.0
7968-9102,464,178,115.0,12.5,156.0,3.0,41.0
7972-6102,132,184,320.0,7.5,314.0,0.5,6.0
7968-12702,659,641,147.0,2.0,144.0,1.0,3.0
7972-6101,326,105,176.0,9.500000000000004,347.0,2.5,171.0
7975-12702,154,154,161.0,2.0,166.0,12.0,5.0
7975-1901,101,102,20.0,23.0,347.0,19.500000000000004,33.0
7972-12703,450,377,107.0,6.0,103.0,4.0,4.0
7972-9101,310,136,149.0,3.5,152.0,1.0,3.0
7975-1902,101,99,99.0,2.5,103.0,1.5,4.0
7975-12701,363,123,331.0,3.0,317.0,2.5,14.0
7975-3702,189,10,163.0,5.0,,,
7975-6101,226,7,321.0,5.5,,,
7975-3701,151,154,30.0,6.0,32.0,3.0,2.0
7975-12704,413,170,178.0,2.499999999999998,179.0,0.5,1.0
7975-3704,178,180,16.0,89.5,63.0,2.0,47.0
7977-1901,96,6,223.0,38.99999999999999,,,
7977-3701,183,95,301.0,6.0,112.0,5.0,171.0
7975-6104,328,206,110.0,11.5,92.0,3.5,18.0
7977-3702,190,104,342.0,2.0,68.0,1.0,86.0
7975-6102,311,307,214.0,1.5,214.0,1.0,0.0
7977-3703,189,189,192.0,4.0,191.0,3.0,1.0
7977-12701,281,423,47.0,1.0,110.0,0.5,63.0
7975-9102,343,418,146.0,2.5,152.0,1.5,6.0
7975-12705,513,580,232.0,7.5,232.0,2.5,0.0
7977-6104,229,4,140.0,2.0,,,
7977-6102,276,7,197.0,19.5,,,
7977-3704,174,174,144.0,3.0,144.0,1.5,0.0
7977-12703,426,449,286.0,1.0,288.0,0.5,2.0
7977-6103,168,214,277.0,22.0,284.0,4.0,7.0
7978-3701,189,1,186.0,7.000000000000006,,,
7978-12705,330,1,115.0,22.0,,,
7977-12704,537,468,234.0,1.5,233.0,1.0,1.0
7978-3703,194,112,182.0,7.499999999999997,180.0,5.500000000000008,2.0
7977-9102,321,282,246.0,2.5,248.0,1.0,2.0
7978-6101,322,100,78.0,2.5,80.0,6.0,2.0
7977-9101,397,317,334.0,2.0,333.0,1.5,1.0
7979-3701,206,0,288.0,5.0,,,
7978-12703,443,357,116.0,5.0,117.0,2.5,1.0
7978-9101,394,215,16.0,1.5,14.0,1.5,2.0
7979-3702,204,0,82.0,5.0,,,
7979-3704,188,1,329.0,4.0,,,
7979-12702,604,0,40.0,2.0,,,
7979-6101,295,4,91.0,89.5,,,
7979-12703,680,21,14.0,6.5,,,
7978-9102,478,430,104.0,3.0,103.0,1.5,1.0
7979-6103,227,73,323.0,17.5,338.0,8.0,15.0
7978-12704,655,644,184.0,2.0,184.0,1.5,0.0
7978-12702,681,650,348.0,3.5,349.0,1.5,1.0
7979-6102,257,118,349.0,4.0,330.0,7.5,19.0
7979-12704,366,449,271.0,7.0,265.0,4.5,6.0
7979-6104,334,4,52.0,3.0,,,
7980-1901,92,31,329.0,3.5,,,
7980-12702,94,161,180.0,24.0,213.0,2.0,33.0
7980-1902,92,59,81.0,4.5,250.0,6.0,169.0
7980-3701,185,27,314.0,3.5,,,
7980-3704,171,41,284.0,3.0,,,
7980-6103,214,2,78.0,5.0,,,
7979-12701,651,632,12.0,1.0,13.0,0.5,1.0
7980-6102,239,70,63.0,3.5,70.0,4.5,7.0
7981-1902,97,9,309.0,3.0,,,
7979-9101,344,283,65.0,1.5,65.0,0.5,0.0
7979-9102,410,192,222.0,2.0,225.0,1.5,3.0
7981-12701,330,0,68.0,1.5,,,
7980-9101,474,0,157.0,20.000000000000007,,,
7981-12705,321,21,271.0,0.5,,,
7981-6102,164,189,212.0,5.0,208.0,1.0,4.0
7981-6101,149,200,338.0,17.0,313.0,3.5,25.0
7981-12704,300,371,25.0,5.5,15.0,0.5,10.0
7990-1901,98,75,176.0,3.0,249.0,2.5,73.0
7990-1902,95,95,303.0,4.5,304.0,1.0,1.0
7981-6103,301,323,171.0,24.0,188.0,4.0,17.0
7981-9102,340,279,124.0,1.5,118.0,0.5,6.0
7981-9101,286,398,155.0,10.5,164.0,3.5,9.0
7990-12702,372,214,163.0,4.0,156.0,5.0,7.0
7990-3701,186,78,84.0,7.0,81.0,3.5,3.0
7990-3702,116,114,358.0,8.499999999999996,8.0,3.0,10.0
7990-6102,128,86,143.0,20.0,159.0,7.5,16.0
7981-12703,534,491,49.0,0.5,49.0,0.5,0.0
7990-3703,170,183,257.0,7.0,264.0,3.5,7.0
7990-12705,647,161,175.0,7.000000000000005,258.0,0.5,83.0
7990-9102,270,76,297.0,4.0,263.0,22.5,34.0
7991-1902,95,42,54.0,3.0,,,
7990-9101,295,200,336.0,5.0,344.0,3.0,8.0
7991-3701,150,6,76.0,1.0,,,
8139-6101,297,299,148.0,2.5,148.0,1.5,0.0
8139-6103,275,316,254.0,14.5,253.0,2.5,1.0
8140-1901,99,0,265.0,6.0,,,
8139-12703,663,560,267.0,40.0,256.0,3.0,11.0
8140-1902,96,99,170.0,10.999999999999996,153.0,4.0,17.0
8139-9102,477,121,293.0,2.0,300.0,1.0,7.0
8140-3703,180,0,236.0,10.5,,,
8140-3701,182,182,154.0,2.5,154.0,3.0,0.0
8139-12705,651,640,170.0,2.5,172.0,1.5,2.0
8140-12701,687,1,296.0,2.0,,,
8140-6101,286,54,337.0,3.0,324.0,4.5,13.0
8140-12705,321,377,150.0,9.0,134.0,2.0,16.0
8140-6104,136,137,152.0,7.0,125.0,3.0,27.0
8139-9101,448,442,170.0,18.5,193.0,3.0,23.0
8140-6103,292,159,9.0,2.5,0.0,0.5,9.0
8141-1902,107,2,8.0,1.5,,,
8141-3703,198,19,190.0,2.0,,,
8141-3704,160,60,133.0,3.5,120.0,2.0,13.0
8141-12705,237,170,259.0,1.0,257.0,2.0,2.0
8141-3701,202,184,215.0,1.5,212.0,2.0,3.0
8141-3702,179,198,294.0,5.0,289.0,2.5,5.0
8140-9101,398,370,24.0,7.0,18.0,2.0,6.0
8141-6101,327,49,186.0,1.5,,,
8140-12704,672,679,139.0,12.0,163.0,0.5,24.0
8140-12703,691,685,153.0,1.5,153.0,0.5,0.0
8141-6104,265,3,220.0,20.5,,,
8143-1902,101,22,312.0,19.0,,,
8143-3701,170,4,125.0,4.5,,,
8141-6103,341,172,1.0,15.5,185.0,0.5,176.0
8141-9101,496,27,250.0,89.5,,,
8143-12705,168,143,341.0,14.5,352.0,5.0,11.0
8141-12703,653,391,179.0,1.0000000000000036,180.0,0.5000000000000036,1.0
8141-12704,516,595,200.0,3.0,200.0,1.0,0.0
8141-12701,632,638,11.0,1.5,10.0,1.0,1.0
8143-3703,188,61,232.0,8.0,174.0,51.0,58.0
8143-3702,179,151,263.0,12.5,268.0,2.0,5.0
8143-12701,670,2,179.0,69.5,,,
8141-12702,663,609,119.0,2.0,121.0,0.5,2.0
8143-12702,379,293,186.0,5.0000000000000036,183.0,2.0,3.0
8143-6103,298,91,46.0,2.5,99.0,3.0,53.0
8144-3704,125,78,157.0,8.0,162.0,9.0,5.0
8143-6102,254,289,152.0,17.0,161.0,3.0,9.0
8143-6104,327,193,333.0,7.0,332.0,1.0,1.0
8144-3703,168,185,62.0,89.5,36.0,19.0,26.0
8143-9101,222,188,290.0,4.5,288.0,0.5,2.0
8144-6102,304,7,3.0,21.499999999999996,,,
8143-6101,327,311,71.0,1.0,67.0,0.5,4.0
8144-6103,317,64,15.0,9.5,13.0,15.499999999999996,2.0
8143-12704,536,517,335.0,0.5,335.0,1.0,0.0
8145-1901,97,97,236.0,3.5,236.0,2.5,0.0
8145-1902,91,95,277.0,2.0,277.0,1.0,0.0
8143-9102,303,331,120.0,4.0,120.0,1.5,0.0
8145-12702,307,3,75.0,0.5,,,
8144-12702,333,359,268.0,4.5,271.0,1.0,3.0
8145-3704,176,2,269.0,1.5,,,
8145-3701,192,192,347.0,13.5,318.0,3.5,29.0
8145-3702,173,191,160.0,89.5,178.0,6.500000000000002,18.0
8145-12703,227,230,232.0,23.5,243.0,4.0,11.0
8145-6102,246,0,345.0,31.0,,,
8144-9101,393,289,74.0,3.0,74.0,1.5,0.0
8145-6104,159,158,339.0,9.0,337.0,3.0,2.0
8145-6101,171,288,124.0,14.5,126.0,1.0,2.0
8146-1902,93,90,179.0,5.500000000000001,355.0,4.5000000000000036,176.0
8145-12701,385,411,148.0,10.0,139.0,2.0,9.0
8144-9102,453,402,328.0,1.5,328.0,1.0,0.0
8146-3701,150,69,310.0,3.0,334.0,0.5,24.0
8145-6103,317,310,13.0,5.0,15.0,2.5,2.0
8146-3703,193,11,105.0,3.0,,,
8145-9101,324,313,108.0,3.0,107.0,1.0,1.0
8146-3702,194,63,3.0,2.000000000000006,355.0,3.0,8.0
8146-6104,157,96,204.0,4.0,207.0,1.0,3.0
8146-12704,551,35,215.0,0.5,,,
8146-12703,419,180,19.0,2.5,13.0,3.0,6.0
8145-9102,387,427,39.0,15.0,36.0,2.5,3.0
8147-1902,103,100,143.0,16.5,144.0,7.5,1.0
8146-6103,297,318,24.0,14.5,77.0,5.0,53.0
8146-9102,368,282,340.0,3.5,345.0,1.0,5.0
8146-12702,561,517,250.0,2.0,251.0,0.5,1.0
8147-3701,191,201,253.0,6.5,260.0,4.0,7.0
8147-12702,624,2,350.0,29.0,,,
8147-3704,185,185,168.0,3.0,175.0,2.0,7.0
8146-9101,451,469,115.0,9.0,113.0,3.0,2.0
8146-12701,673,670,9.0,1.5,9.0,1.0,0.0
8147-12705,439,357,19.0,2.0,19.0,1.5,0.0
8147-6101,309,293,155.0,5.0,152.0,2.5,3.0
8148-3701,164,17,180.0,6.500000000000008,,,
8147-6104,241,253,50.0,9.0,57.0,4.5,7.0
8147-12704,566,473,318.0,20.5,337.0,9.0,19.0
8147-6103,310,325,4.0,3.0,5.0,1.0,1.0
8148-3703,183,21,292.0,3.0,,,
8147-12701,633,592,61.0,4.5,62.0,1.5,1.0
8148-6102,107,134,316.0,33.0,341.0,3.5,25.0
8148-12702,601,0,78.0,1.0,,,
8148-12703,363,302,339.0,1.0,340.0,0.5,1.0
8147-12703,688,696,185.0,2.0,183.0,1.5,2.0
8148-6103,222,267,212.0,11.5,222.0,4.0,10.0
8149-1902,101,0,11.0,8.0,,,
8147-9101,482,496,100.0,2.0,97.0,1.5,3.0
8147-9102,458,493,179.0,14.000000000000004,187.0,5.0,8.0
8148-6104,305,286,100.0,3.0,100.0,1.5,0.0
7990-6104,314,314,142.0,8.0,136.0,3.5,6.0
7990-12704,654,483,283.0,2.0,283.0,1.5,0.0
7991-3703,164,3,314.0,6.0,,,
7991-3702,185,112,303.0,2.5,298.0,3.0,5.0
7991-6102,187,3,131.0,5.0,,,
7991-3704,152,110,198.0,2.5,195.0,1.0,3.0
7991-12705,305,316,164.0,1.5,164.0,0.5,0.0
7991-12702,628,165,7.0,1.0,295.0,0.5,72.0
7991-6104,226,91,205.0,1.5,196.0,2.0,9.0
7991-9102,274,0,247.0,12.0,,,
7992-12705,204,6,43.0,0.5,,,
7991-12703,590,367,221.0,0.5,224.0,2.0,3.0
7992-1901,88,90,276.0,12.0,282.0,5.5,6.0
7992-1902,91,91,322.0,4.5,325.0,6.0,3.0
7992-12701,478,6,322.0,54.50000000000001,,,
7992-12702,468,43,309.0,8.5,,,
7991-12701,579,659,172.0,1.5,173.0,0.5,1.0
7992-12704,324,74,177.0,0.5,319.0,60.50000000000001,142.0
7992-3701,160,67,26.0,5.5,230.0,14.5,156.0
7992-3703,147,88,187.0,7.500000000000006,187.0,3.0,0.0
7992-3704,93,105,154.0,19.999999999999996,157.0,4.5,3.0
7991-12704,632,621,187.0,4.5,186.0,2.0,1.0
7992-12703,267,357,241.0,21.0,243.0,4.5,2.0
7993-1901,99,1,133.0,4.0,,,
7993-3702,128,22,223.0,2.5,,,
7992-6102,288,308,41.0,19.5,46.0,5.5,5.0
7993-12705,217,215,68.0,9.5,51.0,2.0,17.0
7992-9102,282,214,144.0,1.5,143.0,1.0,1.0
7993-3701,182,142,70.0,4.5,74.0,1.5,4.0
7993-3703,147,188,321.0,26.0,287.0,4.0,34.0
7992-6104,318,314,354.0,3.5,353.0,3.0,1.0
7992-9101,281,319,327.0,27.0,343.0,5.0,16.0
7993-6101,133,0,231.0,89.5,,,
7993-3704,187,186,180.0,4.000000000000001,184.0,1.5,4.0
7993-6102,314,0,147.0,89.5,,,
8075-12702,181,79,342.0,0.5,134.0,0.5,152.0
8075-1901,89,98,230.0,7.5,233.0,6.5,3.0
7993-9101,335,166,60.0,5.0,255.0,1.0,165.0
7993-12704,684,296,230.0,1.5,229.0,2.0,1.0
7993-6103,317,226,283.0,2.5,288.0,0.5,5.0
8075-1902,90,90,17.0,4.0,18.0,2.0,1.0
8075-12704,509,15,312.0,37.5,,,
8075-12703,262,280,316.0,13.0,324.0,2.5,8.0
8075-6103,142,7,224.0,89.5,,,
8075-3704,169,52,204.0,6.5,45.0,1.5,159.0
8075-3702,131,138,128.0,3.5,115.0,0.5,13.0
8075-6102,264,3,219.0,46.50000000000001,,,
8075-6104,188,63,273.0,9.5,299.0,89.5,26.0
8075-3703,201,201,95.0,4.5,102.0,2.0,7.0
7993-12702,684,642,342.0,3.0,342.0,3.0,0.0
8075-6101,231,279,155.0,9.5,148.0,4.5,7.0
8077-1901,89,1,125.0,42.0,,,
8077-1902,76,3,49.0,4.0,,,
8075-9101,449,8,341.0,89.5,,,
8077-3703,169,0,202.0,3.5,,,
8077-12703,270,219,43.0,1.5,41.0,0.5,2.0
8075-12701,611,668,199.0,1.5,200.0,1.0,1.0
8077-12701,237,457,0.0,89.5,153.0,3.5,153.0
8075-9102,427,329,93.0,5.0,92.0,1.0,1.0
8077-6101,304,177,264.0,26.5,256.0,1.5,8.0
8075-12705,677,659,170.0,13.500000000000005,153.0,7.0,17.0
8077-6103,205,241,204.0,5.5,205.0,1.5,1.0
8077-6102,215,267,39.0,4.5,27.0,3.5,12.0
8077-9101,199,164,311.0,3.5,309.0,1.5,2.0
8078-1901,97,7,337.0,4.0,,,
8077-9102,300,225,36.0,23.5,89.0,20.5,53.0
8078-12702,233,255,189.0,19.0,177.0,8.000000000000007,12.0
8078-3701,185,195,351.0,6.5,356.0,3.0,5.0
8078-3704,193,193,169.0,7.5,173.0,3.5,4.0
8078-12704,264,318,316.0,3.0,312.0,1.5,4.0
8077-12704,667,655,8.0,3.0,9.0,2.0,1.0
8077-12705,663,605,160.0,2.0,160.0,1.5,0.0
8078-6102,335,31,27.0,11.0,,,
8078-6103,329,328,192.0,1.5,193.0,1.0,1.0
8078-6104,251,297,8.0,10.500000000000005,14.0,5.5,6.0
8078-12701,681,680,165.0,0.5,165.0,0.5,0.0
8078-12705,630,575,23.0,7.5,20.0,11.5,3.0
8079-1901,93,45,81.0,22.0,,,
8079-12703,360,354,127.0,4.5,126.0,1.5,1.0
8078-9101,337,454,324.0,2.5,322.0,1.5,2.0
8078-12703,697,697,353.0,1.0,354.0,0.5,1.0
8079-12701,454,389,89.0,3.5,90.0,2.0,1.0
8079-3702,132,38,304.0,6.0,,,
8079-1902,79,94,5.0,21.500000000000007,69.0,0.5,64.0
8079-12702,462,404,291.0,2.5,296.0,1.5,5.0
8079-3703,185,8,260.0,2.0,,,
8078-9102,491,467,132.0,2.0,136.0,0.5,4.0
8079-6101,187,11,87.0,89.5,,,
8080-1901,84,1,174.0,14.500000000000007,,,
8079-6103,128,108,274.0,7.0,276.0,0.5,2.0
8080-1902,76,96,265.0,89.5,280.0,8.5,15.0
8079-12705,365,323,12.0,4.5,6.0,0.5,6.0
8080-3701,87,102,271.0,18.0,253.0,6.0,18.0
8080-3702,182,179,35.0,5.5,59.0,7.0,24.0
8080-3703,153,160,231.0,5.0,242.0,3.5,11.0
8080-3704,183,147,338.0,3.5,241.0,0.5,97.0
8079-12704,664,542,174.0,1.0,177.0,1.999999999999998,3.0
8079-9101,466,390,347.0,1.5,354.0,0.5,7.0
8080-12704,462,416,267.0,13.5,289.0,4.0,22.0
8080-6101,313,313,346.0,7.5,355.0,2.0,9.0
8149-3701,201,58,259.0,3.0,189.0,6.0,70.0
8149-12702,272,174,125.0,5.5,131.0,1.5,6.0
8148-12704,493,473,163.0,17.50000000000001,163.0,3.5,0.0
8149-12701,366,294,66.0,28.0,65.0,4.0,1.0
8149-3703,198,81,74.0,7.5,239.0,9.5,165.0
8149-3704,197,197,122.0,4.5,116.0,4.0,6.0
8149-6102,237,189,178.0,8.499999999999996,188.0,8.000000000000007,10.0
8148-9101,410,442,255.0,5.5,253.0,2.5,2.0
8149-6103,222,196,358.0,38.5,23.0,24.0,25.0
8148-9102,425,466,310.0,6.0,311.0,2.0,1.0
8150-1901,79,44,47.0,38.0,,,
8150-12701,122,157,106.0,8.5,112.0,4.0,6.0
8150-3704,157,0,336.0,24.000000000000004,,,
8150-1902,102,102,48.0,3.5,51.0,3.0,3.0
8149-12705,648,187,169.0,4.0,156.0,0.5,13.0
8149-6104,304,324,87.0,8.5,88.0,4.0,1.0
8150-12704,315,105,128.0,4.0,151.0,0.5,23.0
8149-9101,402,314,207.0,11.5,206.0,6.5,1.0
8150-12703,353,394,24.0,10.0,35.0,1.0,11.0
8150-6102,326,252,50.0,2.0,51.0,1.0,1.0
8150-6101,317,312,306.0,5.0,308.0,1.5,2.0
8150-6104,334,225,279.0,1.5,286.0,1.0,7.0
8152-1901,103,103,148.0,5.0,151.0,2.5,3.0
8149-9102,494,446,246.0,2.0,243.0,2.0,3.0
8152-12705,254,195,28.0,7.5,25.0,2.0,3.0
8152-3702,137,108,162.0,11.5,171.0,2.5,9.0
8152-6101,161,114,64.0,5.0,74.0,3.0,10.0
8152-3703,200,184,113.0,6.0,117.0,1.5,4.0
8152-3704,186,187,156.0,24.5,200.0,7.0,44.0
8150-9102,451,401,43.0,1.0,15.0,0.5,28.0
8150-12702,607,618,264.0,12.5,263.0,3.5,1.0
8152-12703,498,467,237.0,6.0,230.0,2.5,7.0
8152-6103,327,144,302.0,2.5,304.0,1.0,2.0
8152-6104,329,106,111.0,1.0,117.0,3.0,6.0
8153-1901,93,92,333.0,7.0,329.0,4.5,4.0
8153-1902,94,1,285.0,8.5,,,
8152-6102,319,276,41.0,1.5,42.0,1.0,1.0
8153-12703,274,48,36.0,14.5,,,
8153-3704,110,9,101.0,4.0,,,
8153-6101,112,6,183.0,30.000000000000007,,,
8153-3703,186,2,329.0,89.5,,,
8153-12702,227,217,84.0,21.0,158.0,3.5,74.0
8152-12704,571,568,255.0,13.0,267.0,5.5,12.0
8152-12701,669,670,358.0,5.499999999999999,356.0,1.5,2.0
8153-6104,301,39,319.0,8.0,,,
8153-6103,314,6,76.0,3.0,,,
8153-12704,207,367,139.0,18.5,136.0,3.5,3.0
8154-1902,95,2,81.0,6.0,,,
8153-12701,482,454,327.0,7.5,355.0,5.0,28.0
8154-3702,149,14,164.0,11.0,,,
8153-9101,426,42,281.0,10.0,,,
8154-3701,111,102,246.0,5.0,248.0,3.0,2.0
8153-6102,285,292,313.0,4.5,318.0,2.0,5.0
8154-6101,138,0,358.0,6.000000000000006,,,
8154-3703,162,75,210.0,10.0,204.0,3.5,6.0
8153-9102,314,288,113.0,12.0,114.0,4.0,1.0
8154-12703,238,267,35.0,26.0,353.0,2.5,42.0
8153-12705,489,450,55.0,14.0,46.0,3.0,9.0
8154-3704,168,79,81.0,2.0,114.0,6.0,33.0
8155-1901,86,38,94.0,11.0,,,
8155-12705,226,13,146.0,41.50000000000001,,,
8155-1902,87,92,120.0,36.0,257.0,12.5,137.0
8154-9101,206,230,189.0,8.999999999999996,194.0,4.5,5.0
8154-6103,309,201,229.0,10.0,251.0,1.0,22.0
8154-6102,283,293,323.0,10.0,324.0,5.5,1.0
8155-3704,105,14,86.0,6.5,,,
8154-12702,678,346,58.0,10.0,31.0,1.0,27.0
8155-9101,152,2,122.0,89.5,,,
8155-3701,184,185,319.0,26.5,328.0,8.5,9.0
8155-3702,174,180,87.0,11.0,266.0,1.5,179.0
8156-12704,41,64,,,28.0,72.5,
8154-12705,604,604,0.0,6.500000000000002,359.0,2.000000000000005,1.0
8155-12703,373,425,206.0,5.5,194.0,3.0,12.0
8156-1902,95,14,95.0,3.5,,,
8154-12701,679,679,26.0,2.5,29.0,1.5,3.0
8154-9102,484,487,356.0,2.5,356.0,1.5,0.0
8155-6101,317,134,207.0,3.0,222.0,1.5,15.0
8155-12704,514,436,110.0,14.5,105.0,5.0,5.0
8155-6104,304,297,231.0,5.0,232.0,1.5,1.0
8156-3704,142,0,36.0,89.5,,,
8156-6104,144,15,176.0,21.0,,,
8156-3703,111,116,95.0,11.5,102.0,7.0,7.0
8156-12701,330,96,125.0,3.5,138.0,0.5,13.0
8156-3701,158,168,152.0,13.5,142.0,9.5,10.0
8156-3702,166,159,293.0,19.5,136.0,5.0,157.0
8156-6101,315,0,252.0,16.0,,,
8155-9102,327,337,159.0,7.0,155.0,2.5,4.0
8157-1901,95,12,0.0,2.9999999999999996,,,
8156-9101,271,21,35.0,75.5,,,
8155-12701,662,655,203.0,3.0,196.0,2.0,7.0
8157-3703,149,0,235.0,19.5,,,
8156-9102,173,210,16.0,24.000000000000007,16.0,3.5,0.0
8157-3704,53,162,290.0,4.5,300.0,1.5,10.0
8157-3701,195,141,283.0,8.0,275.0,7.0,8.0
8157-3702,167,178,323.0,13.0,330.0,2.0,7.0
8156-12705,381,477,69.0,13.0,76.0,3.0,7.0
8157-6101,331,4,232.0,89.5,,,
8157-6103,164,121,50.0,2.5,58.0,0.5,8.0
8157-6102,290,161,248.0,3.0,251.0,1.0,3.0
8157-9101,210,199,293.0,4.0,293.0,2.0,0.0
8157-12704,465,299,90.0,12.0,108.0,4.5,18.0
8158-1901,67,76,307.0,22.0,280.0,18.5,27.0
8158-1902,80,41,296.0,8.0,,,
8158-12703,360,38,71.0,5.0,,,
8158-12705,130,196,303.0,13.5,288.0,0.5,15.0
8157-9102,279,287,290.0,10.0,286.0,3.0,4.0
8158-12704,497,28,7.0,56.5,,,
8158-12701,288,317,344.0,1.5,344.0,0.5,0.0
8158-6101,243,2,110.0,4.0,,,
8158-3701,182,97,72.0,1.0,66.0,2.0,6.0
8158-6103,315,3,263.0,26.0,,,
8239-12701,196,10,207.0,21.5,,,
8158-6104,212,151,130.0,13.0,141.0,0.5,11.0
8157-12705,500,668,74.0,1.0,62.0,1.0,12.0
8158-9102,146,148,236.0,13.5,238.0,3.0,2.0
8158-12702,421,374,85.0,3.0,87.0,1.0,2.0
8158-6102,318,195,179.0,2.9999999999999996,180.0,3.5000000000000004,1.0
8239-1901,41,98,,,160.0,6.5,
8158-9101,211,346,242.0,13.0,231.0,1.5,11.0
8157-12702,684,684,339.0,4.0,337.0,1.5,2.0
8239-6104,225,1,326.0,5.0,,,
8239-6103,255,2,37.0,1.0,,,
8239-3704,129,160,89.0,10.0,91.0,3.5,2.0
8239-12702,289,303,50.0,2.0,48.0,0.5,2.0
8240-1902,102,2,111.0,5.0,,,
8240-12704,237,0,154.0,89.5,,,
8240-1901,107,106,341.0,5.5,342.0,3.0,1.0
8240-12705,194,189,317.0,1.5,267.0,0.5,50.0
8239-6101,311,310,50.0,10.5,49.0,5.0,1.0
8240-3701,185,62,200.0,7.5,205.0,1.5,5.0
8239-12705,321,460,283.0,7.5,280.0,2.0,3.0
8239-12703,427,499,0.0,89.5,82.0,5.0,82.0
8240-12703,540,4,183.0,66.5,,,
8240-3702,171,185,57.0,33.5,13.0,4.0,44.0
8239-9102,371,380,171.0,5.0,178.0,1.5,7.0
8241-1901,98,16,196.0,1.5,,,
8239-9101,440,435,32.0,5.5,35.0,1.5,3.0
8239-12704,578,641,104.0,9.5,104.0,2.0,0.0
8241-12702,224,153,203.0,10.0,208.0,4.0,5.0
8240-6102,275,327,12.0,17.500000000000007,26.0,0.5,14.0
8240-6101,326,326,17.0,22.500000000000007,16.0,6.5,1.0
8241-1902,86,100,92.0,19.0,70.0,7.0,22.0
8241-3702,190,5,104.0,5.0,,,
8240-6103,323,232,46.0,4.0,39.0,3.5,7.0
8240-6104,324,324,21.0,6.0,24.0,2.0,3.0
8241-6104,259,13,271.0,13.0,,,
8241-6103,286,5,341.0,89.5,,,
8241-12703,403,378,351.0,2.5,352.0,0.5,1.0
8241-9102,322,141,107.0,1.5,97.0,1.5,10.0
8241-6101,263,325,238.0,34.5,231.0,6.5,7.0
8243-3701,168,10,168.0,11.000000000000005,,,
8241-9101,339,279,260.0,2.5,262.0,1.0,2.0
8243-3702,167,22,46.0,3.5,,,
8243-3704,170,6,249.0,6.0,,,
8241-12705,604,419,15.0,9.5,14.0,1.5,1.0
8244-12701,120,0,271.0,89.5,,,
8241-12701,646,623,115.0,9.5,102.0,2.5,13.0
8243-12703,675,7,103.0,43.5,,,
8241-12704,641,568,37.0,3.0,35.0,2.0,2.0
8243-6103,320,4,168.0,1.0,,,
8243-12705,345,334,277.0,7.0,280.0,1.5,3.0
8244-1901,97,10,181.0,1.4999999999999978,,,
8244-1902,84,71,130.0,9.5,132.0,7.0,2.0
8244-3704,152,7,310.0,7.0,,,
8244-3703,189,36,289.0,3.0,,,
8243-9101,260,321,36.0,7.0,44.0,2.5,8.0
8243-12702,667,508,82.0,34.5,77.0,5.0,5.0
8243-12701,641,647,280.0,1.0,279.0,0.5,1.0
8244-3702,196,196,111.0,4.0,106.0,4.5,5.0
8244-6103,269,15,239.0,16.5,,,
8244-12704,383,337,197.0,3.0,200.0,1.0,3.0
8244-6104,324,18,105.0,2.0,,,
8244-12705,430,310,266.0,5.5,275.0,4.5,9.0
8243-12704,662,596,338.0,2.0,335.0,1.5,3.0
8244-6101,311,310,102.0,3.0,105.0,1.5,3.0
8245-1902,94,94,108.0,4.0,109.0,2.5,1.0
8244-9102,414,10,50.0,14.0,,,
8244-6102,322,273,167.0,3.5,170.0,1.5,3.0
8245-3703,193,18,7.0,89.5,,,
8245-3701,180,183,19.0,89.5,10.0,5.0,9.0
8245-6101,80,127,277.0,3.0,303.0,1.5,26.0
8245-3704,174,51,27.0,3.0,304.0,15.5,83.0
8245-3702,187,181,239.0,4.5,320.0,7.5,81.0
8245-12705,340,125,2.0,3.500000000000008,356.0,10.0,6.0
8244-12703,617,593,310.0,6.5,300.0,4.0,10.0
8245-6104,313,2,282.0,1.5,,,
8245-12701,396,432,139.0,2.5,138.0,1.0,1.0
8247-1901,98,78,93.0,6.5,341.0,3.0,112.0
8247-1902,100,0,178.0,10.0,,,
8245-9102,370,35,106.0,89.5,,,
8245-6102,322,322,292.0,6.5,291.0,3.5,1.0
8247-3704,148,71,217.0,7.0,282.0,0.5,65.0
8245-6103,319,323,245.0,26.5,226.0,4.0,19.0
8247-3701,196,196,132.0,9.5,128.0,9.5,4.0
8247-6102,239,100,139.0,10.5,131.0,1.5,8.0
8247-12702,337,350,268.0,4.0,265.0,1.5,3.0
8247-6104,199,78,273.0,3.5,269.0,5.0,4.0
8245-9101,412,363,217.0,7.5,219.0,3.5,2.0
8245-12702,674,625,164.0,1.0,165.0,1.0,1.0
8245-12703,657,652,73.0,2.0,75.0,0.5,2.0
8080-6103,255,207,119.0,2.5,120.0,1.5,1.0
8080-12702,645,384,150.0,3.0,152.0,2.5,2.0
8080-9102,193,157,244.0,3.0,245.0,1.0,1.0
8080-9101,223,290,324.0,6.5,318.0,1.0,6.0
8080-6104,321,319,147.0,3.5,147.0,1.5,0.0
8081-3701,112,2,128.0,5.5,,,
8081-12701,464,26,279.0,5.5,,,
8081-1901,91,103,1.0,11.000000000000004,13.0,5.0,12.0
8080-12701,653,647,355.0,3.5,353.0,1.5,2.0
8080-12703,659,654,112.0,1.0,113.0,1.0,1.0
8081-3703,164,174,44.0,5.5,47.0,1.5,3.0
8081-12703,325,223,264.0,6.0,268.0,5.5,4.0
8081-12702,255,335,0.0,89.5,339.0,5.5,21.0
8081-6101,166,214,279.0,6.5,289.0,2.0,10.0
8081-12704,306,328,133.0,16.5,140.0,2.0,7.0
8081-6103,206,257,159.0,9.0,164.0,3.5,5.0
8081-6104,319,91,229.0,1.0,203.0,1.0,26.0
8081-6102,313,247,16.0,1.5,15.0,0.5,1.0
8082-1902,99,0,74.0,4.5,,,
8082-3701,138,85,12.0,89.5,35.0,10.0,23.0
8082-3703,186,14,26.0,23.0,,,
8081-9102,308,369,257.0,1.5,259.0,1.0,2.0
8082-3702,133,142,30.0,12.5,33.0,4.0,3.0
8082-12704,307,157,198.0,2.5,201.0,1.5,3.0
8081-9101,471,328,68.0,3.0,67.0,0.5,1.0
8082-12705,497,12,72.0,0.5,,,
8082-3704,167,27,198.0,5.0,,,
8082-6101,213,59,110.0,70.5,45.0,28.0,65.0
8082-6104,275,16,186.0,7.0,,,
8083-1901,63,0,223.0,14.0,,,
8083-12701,137,159,116.0,11.5,113.0,6.5,3.0
8083-1902,95,9,65.0,75.0,,,
8082-12703,448,493,130.0,2.5,117.0,2.0,13.0
8083-3704,102,33,259.0,7.0,,,
8083-3703,107,118,86.0,12.0,85.0,4.0,1.0
8083-3702,147,119,126.0,18.0,148.0,5.5,22.0
8082-12702,641,423,114.0,1.5,118.0,1.0,4.0
8082-6103,311,314,268.0,7.5,262.0,4.0,6.0
8082-9102,311,389,255.0,0.5,230.0,0.5,25.0
8082-12701,656,656,350.0,2.5,350.0,1.5,0.0
8084-1901,84,0,244.0,21.5,,,
8083-6101,267,199,36.0,5.0,57.0,4.0,21.0
8083-6103,310,57,26.0,2.5,104.0,4.0,78.0
8084-1902,95,58,43.0,14.0,128.0,16.5,85.0
8083-6102,316,285,116.0,1.0,117.0,0.5,1.0
8083-12703,568,491,224.0,9.5,204.0,2.5,20.0
8084-3703,197,6,56.0,2.5,,,
8083-9101,392,329,148.0,1.5,156.0,0.5,8.0
8084-3701,182,188,119.0,15.5,111.0,6.0,8.0
8084-3702,170,183,341.0,10.0,341.0,3.5,0.0
8083-12705,630,665,36.0,3.5,38.0,2.0,2.0
8084-6104,161,30,164.0,3.5,,,
8084-12701,412,453,268.0,10.5,286.0,2.5,18.0
8084-12705,342,406,300.0,1.5,299.0,1.0,1.0
8084-6102,199,246,295.0,15.0,305.0,4.5,10.0
8084-6103,224,123,52.0,3.0,48.0,2.5,4.0
8085-1901,71,0,155.0,14.0,,,
8084-9101,250,89,172.0,45.0,179.0,14.0,7.0
8084-6101,314,294,294.0,2.5,297.0,2.0,3.0
8085-1902,94,4,228.0,3.5,,,
8085-3702,143,0,41.0,89.5,,,
8085-3703,101,0,194.0,7.5,,,
8085-3701,111,123,88.0,8.0,85.0,3.0,3.0
8085-6102,155,0,185.0,10.500000000000002,,,
8084-12703,686,636,314.0,2.5,316.0,1.0,2.0
8085-3704,171,170,73.0,6.0,72.0,3.5,1.0
8084-9102,427,365,283.0,5.0,286.0,3.0,3.0
8085-12703,660,1,306.0,89.5,,,
8085-6103,304,28,94.0,11.0,,,
8085-6101,300,124,292.0,9.0,276.0,1.0,16.0
8086-12703,146,94,334.0,20.0,331.0,8.0,3.0
8085-12704,495,460,150.0,1.5,151.0,1.0,1.0
8085-9101,437,7,94.0,13.5,,,
8085-9102,229,190,114.0,0.5,345.0,0.5,129.0
8086-1901,102,47,198.0,2.0,,,
8085-6104,319,293,149.0,17.5,159.0,4.5,10.0
8086-3701,157,2,9.0,4.5,,,
8086-12701,245,260,198.0,3.5,208.0,3.0,10.0
8086-12704,201,198,11.0,6.5,14.0,0.5,3.0
8085-12701,527,649,290.0,3.5,297.0,1.0,7.0
8085-12702,622,587,185.0,31.999999999999996,193.0,10.0,8.0
8086-3704,82,84,134.0,13.5,137.0,4.5,3.0
8086-6101,170,0,45.0,3.0,,,
8086-3703,120,140,27.0,34.5,26.0,3.0,1.0
8086-6103,100,81,345.0,11.0,351.0,5.499999999999998,6.0
8087-1902,93,40,163.0,2.5,,,
8086-6104,96,164,338.0,32.5,301.0,5.5,37.0
8086-6102,140,190,341.0,14.0,298.0,2.0,43.0
8087-6102,182,22,23.0,89.5,,,
8086-12702,353,541,101.0,9.0,67.0,1.0,34.0
8087-6104,179,42,255.0,5.5,,,
8087-3703,191,159,85.0,4.0,91.0,0.5,6.0
8087-12702,286,163,314.0,1.5,321.0,0.5,7.0
8087-6101,205,157,213.0,1.5,214.0,0.5,1.0
8086-9101,475,452,94.0,1.5,94.0,1.0,0.0
8086-9102,467,465,306.0,1.5,307.0,1.0,1.0
8088-12704,224,264,59.0,0.5,48.0,0.5,11.0
8087-9101,463,169,189.0,3.0,189.0,1.0,0.0
8088-1901,96,14,32.0,11.5,,,
8088-12702,309,353,317.0,18.5,0.0,1.0000000000000049,43.0
8248-1901,95,61,91.0,3.5,109.0,0.5,18.0
8248-3701,192,45,262.0,6.0,,,
8247-12703,392,512,95.0,1.5,96.0,1.0,1.0
8247-6103,332,241,118.0,1.0,301.0,1.5,177.0
8248-3702,175,0,199.0,20.0,,,
8248-12701,262,376,241.0,8.5,249.0,1.5,8.0
8248-9101,166,32,301.0,11.0,,,
8248-6103,242,9,307.0,7.0,,,
8248-6104,60,139,65.0,89.5,25.0,0.5,40.0
8248-3703,194,186,296.0,5.0,298.0,3.5,2.0
8248-6102,254,85,36.0,4.5,34.0,0.5,2.0
8249-12702,170,122,129.0,2.5,345.0,4.0,144.0
8249-12701,105,206,113.0,7.5,101.0,2.0,12.0
8247-12701,626,618,120.0,14.5,131.0,3.5,11.0
8249-1901,88,97,118.0,20.0,300.0,2.5,178.0
8248-12702,463,500,123.0,1.5,124.0,0.5,1.0
8249-3702,176,185,127.0,7.5,130.0,4.0,3.0
8249-3704,176,163,302.0,4.0,310.0,2.0,8.0
8249-6104,328,37,184.0,4.9999999999999964,,,
8249-9102,234,6,205.0,2.0,,,
8250-1902,98,71,257.0,2.0,171.0,0.5,86.0
8249-12705,692,0,104.0,20.0,,,
8249-6101,316,286,115.0,3.0,120.0,2.5,5.0
8249-9101,371,241,268.0,3.0,268.0,1.5,0.0
8248-12703,682,658,82.0,5.0,80.0,3.0,2.0
8250-3701,193,36,91.0,2.5,,,
8248-12704,676,671,45.0,1.5,48.0,0.5,3.0
8250-12701,461,130,189.0,3.0,180.0,4.000000000000008,9.0
8250-3704,144,154,339.0,6.0,344.0,2.5,5.0
8250-12702,358,384,330.0,4.5,328.0,1.5,2.0
8250-6103,239,163,49.0,7.5,46.0,2.5,3.0
8249-12703,659,655,344.0,1.0,343.0,0.5,1.0
8252-12701,180,246,95.0,36.5,351.0,44.0,104.0
8249-12704,673,672,75.0,1.5,77.0,1.0,2.0
8250-6101,312,321,137.0,4.5,149.0,2.0,12.0
8250-6102,323,318,263.0,4.5,260.0,1.5,3.0
8250-9102,478,141,308.0,3.0,320.0,0.5,12.0
8250-6104,318,305,41.0,2.0,46.0,1.5,5.0
8252-3702,193,5,49.0,4.5,,,
8252-12703,246,335,180.0,4.500000000000006,181.0,1.9999999999999993,1.0
8252-3704,175,98,40.0,5.5,217.0,17.0,177.0
8252-3701,193,177,248.0,1.5,246.0,1.0,2.0
8250-12703,623,620,134.0,30.0,128.0,5.0,6.0
8250-12704,634,645,212.0,0.5,210.0,0.5,2.0
8252-3703,196,194,293.0,5.0,284.0,2.5,9.0
8252-6104,153,168,133.0,4.0,136.0,2.0,3.0
8252-6101,326,251,146.0,11.5,146.0,4.0,0.0
8252-6102,320,322,126.0,2.0,125.0,1.0,1.0
8253-12701,209,224,234.0,4.0,231.0,1.5,3.0
8253-1902,101,32,19.0,10.5,,,
8252-6103,330,330,310.0,2.0,321.0,1.0,11.0
8252-12702,676,629,257.0,2.5,258.0,0.5,1.0
8252-9101,286,307,301.0,2.0,291.0,0.5,10.0
8253-3701,173,1,354.0,2.0,,,
8253-12702,445,217,0.0,0.5,8.0,1.0,8.0
8252-9102,270,476,10.0,10.5,354.0,2.5,16.0
8252-12704,676,593,180.0,3.499999999999999,175.0,2.0,5.0
8253-12705,303,172,270.0,0.5,288.0,3.5,18.0
8253-12704,369,156,28.0,2.5,36.0,3.0,8.0
8253-6102,286,7,72.0,89.5,,,
8253-3702,189,175,359.0,1.5000000000000038,357.0,1.0,2.0
8253-3703,190,191,313.0,4.0,308.0,3.0,5.0
8252-12705,688,688,71.0,3.0,71.0,2.0,0.0
8253-6103,322,1,319.0,22.0,,,
8253-6101,222,174,307.0,6.0,305.0,2.5,2.0
8253-12703,657,386,173.0,2.0,167.0,1.0,6.0
8254-12702,165,176,282.0,24.5,260.0,4.0,22.0
8254-3701,188,21,57.0,7.5,,,
8254-1901,92,97,68.0,89.5,43.0,10.5,25.0
8254-3702,191,4,257.0,11.0,,,
8254-3703,96,21,299.0,10.0,,,
8253-6104,326,309,34.0,3.5,34.0,2.5,0.0
8254-6101,170,17,348.0,66.0,,,
8254-6104,149,35,225.0,11.5,,,
8253-9101,472,200,207.0,3.5,74.0,2.5,133.0
8254-12703,299,316,156.0,6.0,163.0,2.5,7.0
8254-3704,169,169,64.0,2.0,65.0,1.5,1.0
8254-12705,427,172,208.0,2.5,215.0,2.5,7.0
8253-9102,432,438,310.0,4.5,308.0,2.5,2.0
8254-12704,393,343,290.0,4.0,285.0,1.5,5.0
8254-9102,171,147,293.0,12.5,281.0,4.5,12.0
8254-12701,597,335,127.0,2.0,127.0,2.0,0.0
8255-1901,101,90,357.0,2.5,4.0,2.5,7.0
8254-6103,319,240,103.0,0.5,105.0,0.5,2.0
8254-6102,326,298,208.0,3.5,208.0,2.5,0.0
8255-3704,99,108,143.0,18.0,142.0,2.5,1.0
8255-3701,138,125,192.0,57.5,149.0,19.0,43.0
8255-12703,345,190,75.0,5.5,68.0,0.5,7.0
8255-6103,313,10,55.0,17.5,,,
8255-9102,106,144,327.0,23.0,318.0,3.5,9.0
8255-9101,327,1,277.0,0.5,,,
8255-6101,296,106,38.0,20.5,131.0,3.0,93.0
8255-6102,327,84,322.0,4.5,332.0,6.0,10.0
8256-1901,106,0,235.0,14.5,,,
8254-9101,471,433,156.0,0.5,154.0,0.5,2.0
8255-12701,435,340,280.0,3.0,282.0,1.0,2.0
8255-12704,329,396,142.0,3.0,141.0,1.0,1.0
8256-3702,175,1,136.0,6.0,,,
8256-12701,232,190,77.0,4.5,87.0,3.0,10.0
8256-3701,204,27,188.0,2.0,,,
8087-12701,678,389,311.0,10.0,341.0,5.0,30.0
8088-6101,284,5,121.0,89.5,,,
8087-9102,461,441,214.0,8.5,211.0,3.5,3.0
8088-3701,192,156,314.0,4.5,321.0,2.0,7.0
8087-12704,648,629,9.0,4.0,6.0,1.5,3.0
8088-6103,321,0,263.0,25.0,,,
8088-3704,198,198,243.0,16.5,247.0,6.5,4.0
8089-12705,197,0,29.0,12.5,,,
8089-1901,70,88,74.0,87.5,40.0,8.5,34.0
8088-12703,528,562,303.0,1.0,303.0,0.5,0.0
8089-1902,96,95,333.0,3.5,334.0,2.0,1.0
8088-9101,267,271,53.0,13.0,60.0,3.5,7.0
8089-3703,127,3,122.0,89.5,,,
8089-3704,138,7,267.0,8.0,,,
8089-12702,186,214,102.0,15.5,114.0,0.5,12.0
8089-3701,120,76,147.0,2.5,170.0,11.5,23.0
8088-12705,672,533,60.0,3.0,62.0,1.5,2.0
8089-6102,160,148,105.0,13.0,108.0,7.0,3.0
8088-9102,474,415,190.0,0.5,189.0,0.5,1.0
8089-6103,188,248,161.0,5.5,161.0,1.0,0.0
8089-6101,229,298,231.0,35.0,281.0,5.5,50.0
8089-12701,497,503,183.0,10.500000000000002,180.0,0.9999999999999978,3.0
8091-12702,193,247,165.0,4.5,157.0,0.5,8.0
8089-12704,464,506,192.0,5.5,192.0,1.5,0.0
8091-1901,99,100,318.0,10.0,319.0,5.0,1.0
8091-3701,167,0,129.0,28.0,,,
8091-1902,95,99,218.0,3.0,213.0,2.0,5.0
8091-12701,396,377,17.0,2.0,10.0,1.5,7.0
8089-9101,414,472,82.0,13.0,104.0,4.0,22.0
8089-9102,495,439,164.0,9.0,165.0,3.5,1.0
8091-3702,190,182,41.0,4.5,332.0,7.5,69.0
8091-3703,194,177,320.0,1.5,313.0,0.5,7.0
8091-6102,96,144,78.0,37.0,112.0,1.5,34.0
8091-12703,411,462,172.0,0.5,164.0,0.5,8.0
8091-3704,194,171,185.0,3.0,188.0,1.5,3.0
8091-6103,103,166,224.0,25.0,215.0,0.5,9.0
8091-12705,505,262,280.0,2.0,274.0,2.0,6.0
8092-1901,90,0,292.0,7.0,,,
8092-12704,244,2,251.0,8.0,,,
8091-6104,292,55,48.0,2.5,44.0,1.5,4.0
8092-1902,68,69,39.0,1.5,91.0,0.5,52.0
8091-12704,576,557,177.0,2.5,173.0,1.0,4.0
8091-6101,326,321,94.0,2.0,95.0,0.5,1.0
8092-3702,159,0,232.0,89.5,,,
8092-9102,139,0,150.0,49.0,,,
8092-3701,184,177,220.0,3.0,220.0,1.5,0.0
8092-6103,152,82,64.0,7.0,94.0,4.5,30.0
8092-12705,435,65,98.0,33.0,96.0,3.5,2.0
8092-3703,157,164,274.0,20.0,272.0,5.5,2.0
8092-12703,651,8,260.0,89.5,,,
8092-6102,247,74,246.0,31.0,68.0,10.5,178.0
8092-3704,169,161,171.0,3.0,168.0,1.5,3.0
8093-1902,103,62,123.0,7.5,130.0,8.5,7.0
8093-1901,83,93,93.0,36.0,82.0,8.5,11.0
8091-9101,487,455,318.0,2.0,316.0,1.0,2.0
8093-3703,195,127,317.0,4.5,327.0,2.5,10.0
8093-12702,182,229,282.0,66.0,324.0,16.0,42.0
8093-9101,107,3,266.0,0.5,,,
8093-3704,199,83,24.0,4.5,193.0,4.5,169.0
8093-12701,284,285,170.0,14.5,188.0,3.5,18.0
8093-6101,212,79,69.0,89.5,88.0,0.5,19.0
8093-6102,224,208,106.0,4.5,102.0,1.5,4.0
8092-12702,609,664,48.0,3.0,33.0,0.5,15.0
8093-6103,310,71,56.0,8.5,299.0,2.5,117.0
8095-1901,102,0,231.0,24.5,,,
8093-12705,496,486,215.0,8.0,239.0,4.0,24.0
8095-3701,198,15,247.0,2.0,,,
8095-3702,200,77,34.0,11.5,3.0,21.999999999999996,31.0
8093-12703,677,492,288.0,2.5,283.0,2.0,5.0
8095-6101,157,11,146.0,1.0,,,
8093-12704,634,560,8.0,3.0,13.0,1.0,5.0
8095-12702,328,395,193.0,6.5,193.0,1.5,0.0
8095-6103,149,64,191.0,12.5,209.0,3.0,18.0
8093-9102,485,408,136.0,1.5,133.0,1.0,3.0
8095-12701,422,453,131.0,8.5,151.0,2.5,20.0
8096-3704,150,0,54.0,36.5,,,
8096-3703,181,0,153.0,42.0,,,
8095-6102,276,318,334.0,4.0,334.0,1.5,0.0
8095-9102,473,7,346.0,5.5,,,
8096-6101,235,20,172.0,67.0,,,
8095-12704,421,497,34.0,5.0,27.0,1.5,7.0
8096-12705,266,239,70.0,26.5,77.0,4.5,7.0
8097-12705,185,0,0.0,89.5,,,
8096-12702,496,107,176.0,5.000000000000007,152.0,18.500000000000004,24.0
8097-12701,149,94,173.0,5.0,182.0,8.500000000000002,9.0
8096-6102,276,85,298.0,89.5,306.0,34.5,8.0
8096-9102,373,0,310.0,34.0,,,
8097-1902,99,0,205.0,26.999999999999996,,,
8095-12703,695,688,55.0,13.0,46.0,5.0,9.0
8097-1901,96,87,185.0,5.499999999999997,183.0,2.5,2.0
8097-12703,265,83,175.0,1.5,176.0,2.5,1.0
8097-3702,126,0,323.0,5.0,,,
8097-3701,192,0,333.0,6.5,,,
8095-9101,490,469,65.0,7.5,63.0,4.5,2.0
8097-12704,212,226,159.0,7.5,151.0,2.5,8.0
8097-6103,147,1,286.0,8.5,,,
8097-3704,129,69,208.0,10.0,210.0,11.0,2.0
8097-6102,106,121,225.0,89.5,104.0,4.5,121.0
8097-3703,144,161,207.0,12.5,230.0,5.0,23.0
8097-6104,270,17,155.0,4.0,,,
8256-3703,209,36,85.0,1.0,,,
8256-12704,298,89,19.0,0.5,202.0,0.5,177.0
8256-12702,303,277,154.0,21.0,126.0,6.5,28.0
8256-3704,175,115,157.0,2.5,159.0,2.5,2.0
8255-12705,545,516,301.0,3.0,301.0,1.0,0.0
8256-6103,343,1,134.0,82.0,,,
8256-6104,337,71,154.0,3.0,27.0,19.5,127.0
8256-9101,389,18,278.0,0.5,,,
8257-1902,105,105,102.0,2.0,100.0,1.5,2.0
8256-12703,422,317,51.0,2.0,52.0,1.0,1.0
8257-6104,167,6,349.0,0.5,,,
8257-3701,196,180,180.0,7.4999999999999964,188.0,1.0,8.0
8257-3703,204,198,204.0,2.5,209.0,2.0,5.0
8257-3704,167,182,276.0,25.5,276.0,8.0,0.0
8256-12705,695,237,21.0,13.5,265.0,1.5,116.0
8257-12704,673,7,161.0,5.5,,,
8257-12703,481,480,245.0,1.5,246.0,0.5,1.0
8257-6102,326,295,258.0,8.0,257.0,3.0,1.0
8257-9101,278,328,264.0,3.0,266.0,1.0,2.0
8257-6101,332,333,19.0,2.5,20.0,1.5,1.0
8258-1901,95,95,208.0,4.5,210.0,3.5,2.0
8258-1902,98,98,117.0,4.5,120.0,2.5,3.0
8257-12705,567,624,356.0,1.0,357.0,0.5,1.0
8258-3704,137,168,301.0,7.0,285.0,3.0,16.0
8258-3701,172,187,306.0,7.0,307.0,3.0,1.0
8258-12705,382,272,17.0,3.5,18.0,2.5,1.0
8257-12701,672,669,81.0,4.5,85.0,0.5,4.0
8258-12703,360,393,136.0,2.0,137.0,1.0,1.0
8257-9102,468,416,303.0,1.0,302.0,1.0,1.0
8258-12702,400,444,243.0,5.5,242.0,2.0,1.0
8258-6104,137,69,76.0,4.0,264.0,0.5,172.0
8259-1902,100,99,85.0,5.5,90.0,3.0,5.0
8258-6103,313,17,38.0,2.5,,,
8258-6102,318,181,294.0,3.0,299.0,0.5,5.0
8259-12705,325,0,306.0,23.5,,,
8258-12701,609,597,62.0,3.5,65.0,1.5,3.0
8258-6101,316,310,245.0,13.0,251.0,4.5,6.0
8259-3703,197,8,88.0,9.0,,,
8259-6102,144,113,235.0,5.0,238.0,4.0,3.0
8258-12704,668,660,63.0,0.5,62.0,0.5,1.0
8259-12701,340,372,41.0,14.5,46.0,8.5,5.0
8259-6101,220,313,67.0,9.0,65.0,2.5,2.0
8259-6103,335,232,140.0,4.0,134.0,1.0,6.0
8260-1902,93,0,87.0,40.5,,,
8259-12702,418,460,189.0,2.0,185.0,1.5,4.0
8258-9101,466,450,238.0,2.5,231.0,0.5,7.0
8260-1901,81,84,267.0,89.5,103.0,10.5,164.0
8259-9101,268,407,248.0,11.0,232.0,2.0,16.0
8260-3702,189,0,16.0,6.0,,,
8260-3704,188,75,302.0,7.0,228.0,11.5,74.0
8260-3703,184,184,197.0,21.5,198.0,4.0,1.0
8259-12704,624,616,229.0,15.0,242.0,5.0,13.0
8259-9102,491,481,162.0,3.5,161.0,1.5,1.0
8260-12702,501,422,242.0,30.0,118.0,21.0,124.0
8260-12705,336,390,302.0,9.0,300.0,2.0,2.0
8260-6102,251,210,133.0,0.5,132.0,0.5,1.0
8260-6103,198,173,218.0,6.0,226.0,0.5,8.0
8260-6101,243,323,65.0,6.0,67.0,1.5,2.0
8261-1902,97,7,47.0,3.0,,,
8260-9102,325,2,318.0,13.0,,,
8261-1901,102,102,311.0,11.0,302.0,5.5,9.0
8260-12704,586,607,31.0,5.0,32.0,1.5,1.0
8260-6104,291,320,269.0,6.0,266.0,1.5,3.0
8260-12701,670,671,49.0,5.0,47.0,2.5,2.0
8260-12703,625,641,293.0,9.0,296.0,2.0,3.0
8261-12704,274,265,5.0,6.000000000000004,13.0,4.0,8.0
8261-6101,326,3,84.0,9.0,,,
8261-3701,191,189,175.0,2.5,174.0,1.0,1.0
8261-6104,129,55,78.0,15.5,15.0,40.5,63.0
8261-6103,308,137,337.0,4.5,333.0,2.5,4.0
8262-1902,86,99,87.0,89.5,344.0,47.5,103.0
8261-9102,175,167,348.0,16.0,334.0,4.5,14.0
8261-9101,390,47,225.0,5.5,,,
8260-9101,472,471,77.0,1.5,76.0,1.0,1.0
8262-12702,187,167,244.0,25.5,245.0,4.0,1.0
8261-6102,328,326,172.0,3.5,173.0,2.0,1.0
8262-3701,173,191,224.0,6.5,243.0,7.0,19.0
8262-3704,101,93,1.0,29.0,352.0,7.5,9.0
8261-12703,496,609,210.0,89.5,229.0,5.5,19.0
8262-3703,197,168,105.0,3.5,105.0,1.0,0.0
8262-3702,199,198,220.0,7.0,218.0,2.5,2.0
8262-6102,294,25,154.0,7.0,,,
8262-12705,341,315,143.0,2.0,143.0,0.5,0.0
8262-6103,325,18,336.0,1.0,,,
8262-6101,193,232,347.0,17.000000000000004,314.0,5.0,33.0
8262-6104,328,57,55.0,2.0,55.0,0.5,0.0
8261-12705,658,646,177.0,3.000000000000004,178.0,0.5,1.0
8263-3702,166,3,23.0,12.5,,,
8263-3701,129,88,95.0,5.5,105.0,4.0,10.0
8263-3703,132,99,140.0,10.5,145.0,3.5,5.0
8262-12704,453,494,125.0,3.0,127.0,1.0,2.0
8263-3704,171,65,80.0,11.0,77.0,10.0,3.0
8263-12704,219,243,25.0,13.5,27.0,4.0,2.0
8263-9101,123,86,292.0,10.5,298.0,6.5,6.0
8263-6103,283,77,51.0,2.0,40.0,3.0,11.0
8309-12702,172,9,146.0,89.5,,,
8263-6102,253,278,340.0,13.5,329.0,4.0,11.0
8262-9101,486,454,197.0,1.5,195.0,0.5,2.0
8263-6104,305,232,186.0,1.0,187.0,1.0,1.0
8309-3701,187,2,174.0,4.0,,,
8131-1901,99,2,70.0,4.0,,,
8131-12702,270,37,122.0,0.5,,,
8097-9101,385,40,21.0,44.0,,,
8097-6101,318,168,71.0,1.5,78.0,0.5,7.0
8131-3703,159,8,280.0,13.5,,,
8131-3702,191,2,276.0,5.0,,,
8097-9102,306,180,205.0,2.5,208.0,1.0,3.0
8131-3701,194,140,126.0,1.0,126.0,0.5,0.0
8131-12703,248,290,89.0,5.5,88.0,1.5,1.0
8131-6103,257,1,134.0,12.0,,,
8132-12701,226,15,322.0,4.0,,,
8132-1902,100,64,14.0,2.5,13.0,3.5,1.0
8132-3701,159,2,227.0,3.0,,,
8131-6101,193,313,235.0,5.0,233.0,1.0,2.0
8131-12704,382,331,178.0,1.0,179.0,0.5,1.0
8131-6104,280,168,161.0,2.0,157.0,1.5,4.0
8132-3703,136,140,359.0,38.5,350.0,4.5,9.0
8132-3702,132,173,138.0,4.0,130.0,7.0,8.0
8132-3704,182,108,299.0,7.0,223.0,1.0,76.0
8132-6103,244,12,275.0,89.5,,,
8131-9102,405,251,48.0,5.5,42.0,4.5,6.0
8132-12704,334,281,1.0,2.000000000000005,3.0,0.5,2.0
8132-6104,269,11,96.0,2.0,,,
8133-1902,83,1,192.0,6.0,,,
8131-12701,581,574,265.0,4.5,265.0,2.0,0.0
8132-6102,237,163,261.0,4.5,265.0,3.5,4.0
8133-12701,181,154,336.0,4.5,316.0,1.0,20.0
8132-6101,318,268,287.0,2.0,283.0,1.5,4.0
8133-3703,202,8,244.0,3.5,,,
8133-3702,203,105,274.0,4.0,279.0,1.0,5.0
8133-3701,183,180,75.0,4.0,73.0,3.5,2.0
8133-6104,322,38,252.0,2.5,,,
8133-6103,292,76,286.0,31.0,173.0,5.5,113.0
8133-12704,256,256,125.0,4.5,38.0,3.5,87.0
8134-1902,98,14,141.0,89.5,,,
8133-12703,708,10,102.0,6.5,,,
8132-9101,396,376,310.0,2.5,309.0,1.5,1.0
8134-3703,158,3,44.0,2.0,,,
8134-3701,112,76,14.0,0.5,29.0,0.5,15.0
8134-3704,155,25,6.0,9.500000000000007,,,
8134-9101,174,0,348.0,26.0,,,
8134-6104,139,119,36.0,39.5,48.0,11.5,12.0
8133-9101,389,332,274.0,2.0,278.0,0.5,4.0
8134-6103,289,316,77.0,13.5,64.0,3.5,13.0
8134-12701,658,655,289.0,7.5,287.0,3.0,2.0
8134-12705,640,577,234.0,5.0,234.0,2.5,0.0
8134-12702,683,683,335.0,1.5,334.0,0.5,1.0
8134-12703,624,614,241.0,5.5,244.0,2.0,3.0
8134-9102,481,484,142.0,1.0,140.0,0.5,2.0
8134-12704,611,645,318.0,1.5,316.0,0.5,2.0
8135-12703,385,408,9.0,3.0,9.0,1.0,0.0
8135-3701,184,19,0.0,4.500000000000005,,,
8135-3703,192,1,75.0,89.5,,,
8135-3702,193,195,336.0,13.0,351.0,3.5,15.0
8135-3704,168,184,297.0,9.0,312.0,3.0,15.0
8135-12702,548,556,44.0,3.0,49.0,1.5,5.0
8135-6102,319,20,131.0,4.0,,,
8135-6104,158,68,251.0,2.5,247.0,5.0,4.0
8135-12705,304,329,158.0,5.5,167.0,3.0,9.0
8135-12704,519,492,327.0,1.0,326.0,0.5,1.0
8135-12701,682,677,113.0,1.0,115.0,1.0,2.0
8135-6101,323,322,12.0,18.000000000000007,346.0,10.000000000000004,26.0
8135-6103,326,254,327.0,2.5,327.0,2.5,0.0
8137-12701,189,197,253.0,11.0,249.0,4.0,4.0
8135-9101,428,13,338.0,89.5,,,
8137-1901,101,101,140.0,4.0,140.0,2.5,0.0
8137-1902,105,72,178.0,4.999999999999999,31.0,7.0,147.0
8135-9102,343,271,326.0,8.5,314.0,2.5,12.0
8137-3704,106,144,89.0,7.5,80.0,2.0,9.0
8137-12705,258,211,182.0,6.5000000000000036,187.0,4.0,5.0
8137-3701,195,107,359.0,2.5000000000000053,353.0,4.0,6.0
8137-6102,327,10,183.0,6.000000000000002,,,
8137-9101,330,8,154.0,89.5,,,
8138-1901,91,90,66.0,10.0,80.0,3.0,14.0
8138-3703,186,4,269.0,14.0,,,
8138-3701,195,195,42.0,5.0,41.0,2.5,1.0
8138-3702,189,174,181.0,6.000000000000002,171.0,6.5,10.0
8138-12705,233,266,234.0,1.0,231.0,0.5,3.0
8138-12702,208,304,179.0,2.499999999999998,180.0,1.5000000000000049,1.0
8137-12704,563,466,244.0,6.5,248.0,2.5,4.0
8138-3704,175,131,250.0,25.5,236.0,6.0,14.0
8138-6103,122,168,97.0,8.0,107.0,1.0,10.0
8137-9102,492,484,46.0,2.5,47.0,1.0,1.0
8138-6101,210,199,12.0,2.5,14.0,1.5,2.0
8137-12703,664,660,288.0,1.5,287.0,1.0,1.0
8138-6102,320,287,42.0,8.0,203.0,1.0,161.0
8138-12701,555,581,153.0,10.0,155.0,2.0,2.0
8139-1901,87,94,355.0,21.000000000000007,347.0,2.5,8.0
8139-1902,94,89,269.0,9.5,264.0,3.5,5.0
8138-12704,678,669,194.0,1.0,194.0,0.5,0.0
8138-9102,482,367,70.0,3.5,65.0,2.5,5.0
8138-9101,466,456,321.0,1.5,321.0,1.0,0.0
8139-3701,190,5,309.0,5.0,,,
8139-12701,337,355,149.0,19.0,160.0,3.0,11.0
8139-12702,349,402,191.0,9.5,186.0,8.500000000000002,5.0
8139-12704,337,371,56.0,33.0,15.0,5.0,41.0
8139-3704,157,114,337.0,2.5,337.0,0.5,0.0
8139-3702,187,187,202.0,41.0,176.0,8.500000000000002,26.0
8139-6104,270,189,163.0,1.5,163.0,1.0,0.0
8140-12702,165,157,358.0,5.9999999999999964,357.0,2.499999999999998,1.0
8263-6101,317,318,62.0,9.0,66.0,2.0,4.0
8309-12703,220,67,354.0,3.000000000000004,10.0,0.5,16.0
8262-9102,488,487,268.0,2.5,275.0,2.0,7.0
8309-12701,253,205,186.0,2.0,189.0,1.5,3.0
8309-6102,121,3,331.0,38.5,,,
8309-3704,186,9,346.0,3.0,,,
8263-9102,479,78,340.0,6.5,7.0,0.5,27.0
8310-1901,91,46,245.0,9.5,,,
8309-6103,172,117,208.0,35.50000000000001,181.0,5.500000000000008,27.0
8310-1902,82,96,40.0,7.5,47.0,4.0,7.0
8263-12703,652,616,284.0,4.0,286.0,0.5,2.0
8309-12704,670,7,192.0,30.999999999999996,,,
8309-6104,257,218,110.0,10.5,113.0,4.5,3.0
8310-3702,182,35,75.0,6.0,,,
8310-3701,190,102,58.0,3.0,62.0,3.0,4.0
8310-3703,197,45,358.0,14.000000000000005,,,
8263-12705,668,666,62.0,1.5,63.0,0.5,1.0
8310-12705,254,224,323.0,9.5,331.0,6.5,8.0
8310-6102,220,48,140.0,0.5,,,
8310-3704,188,195,36.0,89.5,231.0,7.0,165.0
8310-6101,318,2,350.0,19.500000000000004,,,
8310-12702,399,298,147.0,4.5,149.0,1.5,2.0
8310-12704,681,39,301.0,2.5,,,
8309-9102,400,330,237.0,2.5,235.0,1.0,2.0
8310-6103,181,126,134.0,89.5,92.0,11.5,42.0
8310-6104,324,13,341.0,3.0,,,
8310-9102,303,1,212.0,89.5,,,
8311-12702,255,57,265.0,2.5,270.0,4.5,5.0
8311-1902,95,0,168.0,3.5,,,
8311-1901,99,69,336.0,4.5,154.0,7.5,178.0
8311-12704,152,98,179.0,19.0,211.0,6.0,32.0
8311-6101,293,20,138.0,6.5,,,
8311-3702,159,182,48.0,13.0,56.0,4.5,8.0
8311-3703,193,165,231.0,2.0,232.0,1.5,1.0
8311-6103,301,41,196.0,6.5,,,
8311-3704,188,188,154.0,1.5,154.0,1.0,0.0
8311-9101,119,152,151.0,17.0,144.0,4.0,7.0
8310-12701,550,628,289.0,10.5,297.0,3.5,8.0
8312-1901,96,45,56.0,13.0,,,
8312-1902,90,5,210.0,3.5,,,
8312-3703,156,1,148.0,8.0,,,
8311-12701,432,464,5.0,2.5,6.0,1.5,1.0
8312-3704,180,2,300.0,9.5,,,
8311-9102,463,0,196.0,37.0,,,
8311-6104,322,322,85.0,3.0,83.0,2.0,2.0
8312-3702,186,109,355.0,4.0,346.0,4.5,9.0
8311-12705,437,457,308.0,7.5,310.0,1.5,2.0
8312-6104,160,128,256.0,8.5,257.0,3.0,1.0
8311-12703,530,559,217.0,1.5,218.0,0.5,1.0
8312-6103,242,119,62.0,15.5,74.0,10.5,12.0
8312-6102,319,187,249.0,2.0,250.0,1.5,1.0
8312-9101,467,0,235.0,3.0,,,
8313-1901,93,96,155.0,89.5,234.0,7.5,79.0
8312-9102,477,67,359.0,4.500000000000006,45.0,0.5,46.0
8312-12705,561,351,80.0,4.5,81.0,5.5,1.0
8312-12704,648,251,149.0,1.0,144.0,2.5,5.0
8313-6102,290,55,116.0,1.0,38.0,9.0,78.0
8313-6104,155,184,232.0,28.0,249.0,5.0,17.0
8312-12702,665,636,87.0,2.5,83.0,1.0,4.0
8313-12701,648,632,227.0,1.5,228.0,1.0,1.0
8313-9101,464,460,68.0,1.5,69.0,1.0,1.0
8313-9102,475,474,139.0,1.5,139.0,1.0,0.0
8314-1901,84,0,243.0,10.0,,,
8313-12702,661,677,324.0,2.5,331.0,1.0,7.0
8313-12704,665,591,230.0,1.0,228.0,0.5,2.0
8313-12703,675,656,207.0,3.5,205.0,2.0,2.0
8313-12705,658,602,191.0,1.0,191.0,0.5,0.0
8314-3703,189,9,207.0,7.0,,,
8314-6103,210,25,196.0,5.0,,,
8314-6104,194,6,7.0,12.000000000000005,,,
8314-6102,180,62,100.0,11.5,74.0,15.5,26.0
8314-3702,186,171,16.0,7.0,190.0,4.0,174.0
8314-12702,678,504,22.0,0.5,35.0,1.5,13.0
8315-1902,96,3,146.0,3.0,,,
8315-12701,392,7,193.0,1.5,,,
8314-12705,505,425,139.0,1.0,138.0,0.5,1.0
8314-12703,673,620,41.0,1.0,38.0,0.5,3.0
8314-9102,479,10,232.0,10.5,,,
8315-3703,189,48,207.0,9.0,,,
8314-12701,680,680,46.0,11.0,54.0,5.5,8.0
8315-6102,257,3,316.0,29.0,,,
8315-3701,179,164,17.0,7.5,21.0,3.0,4.0
8314-12704,668,668,317.0,2.0,317.0,0.5,0.0
8315-12704,235,251,7.0,3.0,5.0,1.5,2.0
8315-6104,311,0,276.0,2.5,,,
8315-12702,669,16,147.0,32.0,,,
8315-6103,315,166,134.0,3.0,131.0,1.5,3.0
8317-12702,367,14,159.0,2.5,,,
8315-9101,343,118,265.0,3.5,262.0,1.5,3.0
8315-9102,271,173,123.0,4.5,126.0,3.0,3.0
8317-3702,198,1,226.0,6.5,,,
8317-12701,481,37,236.0,1.0,,,
8317-3701,150,133,223.0,28.5,61.0,7.5,162.0
8317-3703,160,24,118.0,3.0,,,
8315-12703,438,486,239.0,1.5,239.0,0.5,0.0
8317-12705,272,286,214.0,10.5,218.0,3.5,4.0
8317-6103,276,12,42.0,0.5,,,
8317-6101,150,162,313.0,9.0,306.0,2.0,7.0
8317-12703,412,250,335.0,3.0,339.0,0.5,4.0
8317-6104,153,223,157.0,21.0,132.0,3.5,25.0
8139-6101,297,299,148.0,2.5,148.0,1.5,0.0
8139-6103,275,316,254.0,14.5,253.0,2.5,1.0
8139-12703,663,560,267.0,40.0,256.0,3.0,11.0
8140-1901,99,0,265.0,6.0,,,
8139-9102,477,121,293.0,2.0,300.0,1.0,7.0
8140-1902,96,99,170.0,10.999999999999996,153.0,4.0,17.0
8139-12705,651,640,170.0,2.5,172.0,1.5,2.0
8140-3703,180,0,236.0,10.5,,,
8140-12701,687,1,296.0,2.0,,,
8139-9101,448,442,170.0,18.5,193.0,3.0,23.0
8140-3701,182,182,154.0,2.5,154.0,3.0,0.0
8140-6101,286,54,337.0,3.0,324.0,4.5,13.0
8140-6104,136,137,152.0,7.0,125.0,3.0,27.0
8140-12705,321,377,150.0,9.0,134.0,2.0,16.0
8140-6103,292,159,9.0,2.5,0.0,0.5,9.0
8141-1902,107,2,8.0,1.5,,,
8141-12705,237,170,259.0,1.0,257.0,2.0,2.0
8141-3701,202,184,215.0,1.5,212.0,2.0,3.0
8140-9101,398,370,24.0,7.0,18.0,2.0,6.0
8141-3702,179,198,294.0,5.0,289.0,2.5,5.0
8140-12703,691,685,153.0,1.5,153.0,0.5,0.0
8141-3703,198,19,190.0,2.0,,,
8141-3704,160,60,133.0,3.5,120.0,2.0,13.0
8140-12704,672,679,139.0,12.0,163.0,0.5,24.0
8141-6104,265,3,220.0,20.5,,,
8141-6101,327,49,186.0,1.5,,,
8141-12703,653,391,179.0,1.0000000000000036,180.0,0.5000000000000036,1.0
8141-12701,632,638,11.0,1.5,10.0,1.0,1.0
8141-12704,516,595,200.0,3.0,200.0,1.0,0.0
8143-1902,101,22,312.0,19.0,,,
8141-6103,341,172,1.0,15.5,185.0,0.5,176.0
8141-9101,496,27,250.0,89.5,,,
8143-12705,168,143,341.0,14.5,352.0,5.0,11.0
8141-12702,663,609,119.0,2.0,121.0,0.5,2.0
8143-3701,170,4,125.0,4.5,,,
8143-3703,188,61,232.0,8.0,174.0,51.0,58.0
8143-3702,179,151,263.0,12.5,268.0,2.0,5.0
8143-12702,379,293,186.0,5.0000000000000036,183.0,2.0,3.0
8143-12701,670,2,179.0,69.5,,,
8143-6103,298,91,46.0,2.5,99.0,3.0,53.0
8143-9101,222,188,290.0,4.5,288.0,0.5,2.0
8143-6102,254,289,152.0,17.0,161.0,3.0,9.0
8144-3704,125,78,157.0,8.0,162.0,9.0,5.0
8143-6101,327,311,71.0,1.0,67.0,0.5,4.0
8143-6104,327,193,333.0,7.0,332.0,1.0,1.0
8144-3703,168,185,62.0,89.5,36.0,19.0,26.0
8144-6102,304,7,3.0,21.499999999999996,,,
8143-12704,536,517,335.0,0.5,335.0,1.0,0.0
8143-9102,303,331,120.0,4.0,120.0,1.5,0.0
8144-6103,317,64,15.0,9.5,13.0,15.499999999999996,2.0
8145-12702,307,3,75.0,0.5,,,
8144-12702,333,359,268.0,4.5,271.0,1.0,3.0
8145-1901,97,97,236.0,3.5,236.0,2.5,0.0
8145-1902,91,95,277.0,2.0,277.0,1.0,0.0
8145-3704,176,2,269.0,1.5,,,
8145-12703,227,230,232.0,23.5,243.0,4.0,11.0
8144-9101,393,289,74.0,3.0,74.0,1.5,0.0
8145-6102,246,0,345.0,31.0,,,
8145-3701,192,192,347.0,13.5,318.0,3.5,29.0
8145-3702,173,191,160.0,89.5,178.0,6.500000000000002,18.0
8144-9102,453,402,328.0,1.5,328.0,1.0,0.0
8145-12701,385,411,148.0,10.0,139.0,2.0,9.0
8145-6104,159,158,339.0,9.0,337.0,3.0,2.0
8145-6101,171,288,124.0,14.5,126.0,1.0,2.0
8146-1902,93,90,179.0,5.500000000000001,355.0,4.5000000000000036,176.0
8145-6103,317,310,13.0,5.0,15.0,2.5,2.0
8146-3701,150,69,310.0,3.0,334.0,0.5,24.0
8146-3702,194,63,3.0,2.000000000000006,355.0,3.0,8.0
8145-9101,324,313,108.0,3.0,107.0,1.0,1.0
8146-3703,193,11,105.0,3.0,,,
8146-12703,419,180,19.0,2.5,13.0,3.0,6.0
8146-6104,157,96,204.0,4.0,207.0,1.0,3.0
8146-12704,551,35,215.0,0.5,,,
8145-9102,387,427,39.0,15.0,36.0,2.5,3.0
8146-6103,297,318,24.0,14.5,77.0,5.0,53.0
8146-12702,561,517,250.0,2.0,251.0,0.5,1.0
8146-9102,368,282,340.0,3.5,345.0,1.0,5.0
8147-1902,103,100,143.0,16.5,144.0,7.5,1.0
8147-12702,624,2,350.0,29.0,,,
8146-9101,451,469,115.0,9.0,113.0,3.0,2.0
8146-12701,673,670,9.0,1.5,9.0,1.0,0.0
8147-3701,191,201,253.0,6.5,260.0,4.0,7.0
8147-3704,185,185,168.0,3.0,175.0,2.0,7.0
8147-12705,439,357,19.0,2.0,19.0,1.5,0.0
8147-12704,566,473,318.0,20.5,337.0,9.0,19.0
8147-6101,309,293,155.0,5.0,152.0,2.5,3.0
8147-12701,633,592,61.0,4.5,62.0,1.5,1.0
8147-6104,241,253,50.0,9.0,57.0,4.5,7.0
8147-6103,310,325,4.0,3.0,5.0,1.0,1.0
8148-3701,164,17,180.0,6.500000000000008,,,
8148-3703,183,21,292.0,3.0,,,
8147-12703,688,696,185.0,2.0,183.0,1.5,2.0
8148-6102,107,134,316.0,33.0,341.0,3.5,25.0
8148-12702,601,0,78.0,1.0,,,
8148-12703,363,302,339.0,1.0,340.0,0.5,1.0
8147-9101,482,496,100.0,2.0,97.0,1.5,3.0
8148-6103,222,267,212.0,11.5,222.0,4.0,10.0
8147-9102,458,493,179.0,14.000000000000004,187.0,5.0,8.0
8149-1902,101,0,11.0,8.0,,,
8148-6104,305,286,100.0,3.0,100.0,1.5,0.0
8318-1902,99,25,42.0,6.0,,,
8318-1901,91,66,244.0,4.0,50.0,0.5,166.0
8318-3701,194,15,327.0,2.5,,,
8317-6102,320,325,141.0,1.5,141.0,0.5,0.0
8318-3702,140,109,77.0,9.0,73.0,7.5,4.0
8317-9101,360,346,131.0,3.5,133.0,2.0,2.0
8318-3704,167,99,114.0,3.5,299.0,0.5,175.0
8318-6103,118,48,220.0,22.5,,,
8318-3703,182,182,228.0,4.0,226.0,2.0,2.0
8317-12704,619,545,257.0,1.0,254.0,0.5,3.0
8318-12701,684,126,13.0,2.0,59.0,2.0,46.0
8317-9102,488,488,223.0,6.5,236.0,5.5,13.0
8318-6101,312,306,26.0,3.0,30.0,1.0,4.0
8318-6104,300,294,180.0,3.499999999999999,178.0,2.499999999999998,2.0
8318-12704,580,548,261.0,4.0,259.0,2.5,2.0
8319-3703,194,181,279.0,2.5,278.0,1.0,1.0
8319-3704,163,166,169.0,10.5,177.0,0.5,8.0
8318-12703,659,653,306.0,1.0,303.0,0.5,3.0
8319-12703,668,5,123.0,22.5,,,
8319-12705,307,276,338.0,3.5,340.0,1.0,2.0
8319-9102,321,22,209.0,38.500000000000014,,,
8318-12705,614,632,188.0,4.0,185.0,1.0,3.0
8319-12702,523,370,86.0,2.5,85.0,2.0,1.0
8318-9101,434,463,257.0,6.0,246.0,2.5,11.0
8320-3701,178,12,121.0,2.0,,,
8318-9102,469,457,305.0,5.0,303.0,2.5,2.0
8320-3703,197,17,295.0,1.0,,,
8320-6103,212,0,46.0,3.0,,,
8320-12701,219,318,311.0,7.5,306.0,2.5,5.0
8320-3702,183,168,280.0,4.0,269.0,3.0,11.0
8320-12702,323,246,111.0,3.0,130.0,9.0,19.0
8320-3704,179,181,52.0,9.5,57.0,4.0,5.0
8321-1901,95,0,201.0,30.5,,,
8321-1902,98,0,142.0,22.5,,,
8320-6101,328,278,354.0,1.5,354.0,1.5,0.0
8320-6104,271,294,181.0,8.000000000000004,176.0,1.5,5.0
8319-12704,672,672,245.0,2.0,244.0,1.0,1.0
8320-12704,448,412,163.0,3.5,166.0,1.5,3.0
8321-3701,182,0,247.0,8.0,,,
8321-3702,153,22,180.0,18.500000000000007,,,
8321-6103,198,17,241.0,18.5,,,
8321-6101,317,0,77.0,3.5,,,
8321-12704,657,1,104.0,7.5,,,
8321-6102,329,0,186.0,7.500000000000001,,,
8320-9101,453,465,91.0,5.5,95.0,2.0,4.0
8320-9102,491,491,248.0,1.5,249.0,0.5,1.0
8321-6104,283,220,7.0,4.0,8.0,2.0,1.0
8321-12703,522,444,226.0,3.0,224.0,2.0,2.0
8321-9101,474,0,175.0,7.500000000000005,,,
8320-12705,675,674,336.0,1.5,337.0,0.5,1.0
8322-1902,86,0,19.0,6.0,,,
8322-1901,98,97,80.0,3.0,72.0,2.0,8.0
8322-3703,176,9,3.0,4.9999999999999964,,,
8322-3704,95,73,101.0,21.5,329.0,4.5,132.0
8321-9102,423,193,53.0,3.0,66.0,1.5,13.0
8322-12702,514,173,35.0,5.0,18.0,3.5,17.0
8321-12701,671,665,287.0,3.0,292.0,2.0,5.0
8322-6104,159,81,301.0,7.0,288.0,5.0,13.0
8321-12705,684,680,159.0,6.0,161.0,2.5,2.0
8322-6103,308,313,93.0,5.0,96.0,3.0,3.0
8322-12703,535,472,232.0,8.0,213.0,5.0,19.0
8322-9102,301,283,1.0,5.500000000000002,6.0,2.0,5.0
8323-1901,96,52,226.0,2.0,196.0,1.5,30.0
8323-1902,97,24,252.0,2.5,,,
8323-12702,253,261,114.0,62.0,138.0,4.5,24.0
8323-3701,97,40,72.0,17.5,,,
8322-12701,674,666,260.0,7.0,253.0,4.0,7.0
8323-12704,269,363,126.0,5.5,126.0,3.0,0.0
8323-3704,134,58,341.0,11.0,347.0,9.5,6.0
8322-9101,442,452,269.0,10.0,266.0,7.0,3.0
8322-12705,682,555,40.0,1.0,40.0,0.5,0.0
8323-6102,261,7,87.0,11.5,,,
8322-12704,665,665,4.0,1.0,5.0,1.0,1.0
8323-3703,191,137,354.0,3.0,355.0,2.0,1.0
8324-1902,94,38,284.0,13.0,,,
8323-6104,158,89,22.0,28.5,11.0,10.0,11.0
8323-6103,220,220,242.0,2.5,38.0,3.5,156.0
8323-12705,553,297,230.0,1.5,231.0,1.0,1.0
8323-12701,486,602,176.0,16.0,181.0,2.499999999999999,5.0
8323-9102,187,181,290.0,11.0,271.0,3.0,19.0
8324-3701,186,54,247.0,6.5,267.0,4.5,20.0
8324-3702,117,147,28.0,16.0,28.0,3.0,0.0
8324-3704,185,62,61.0,7.0,63.0,8.0,2.0
8323-12703,571,598,235.0,7.0,226.0,2.0,9.0
8325-1901,80,23,192.0,11.499999999999998,,,
8325-1902,90,30,235.0,6.0,,,
8324-6103,170,179,352.0,3.0,351.0,2.0,1.0
8324-6104,182,203,276.0,2.0,282.0,0.5,6.0
8324-12701,489,203,58.0,1.0,63.0,2.0,5.0
8324-12704,351,394,230.0,10.0,237.0,0.5,7.0
8325-3701,121,174,158.0,15.5,142.0,1.5,16.0
8324-12703,505,361,193.0,6.0,196.0,3.0,3.0
8325-3702,141,149,285.0,10.5,272.0,7.0,13.0
8326-3702,192,11,270.0,3.0,,,
8326-3703,183,2,257.0,11.0,,,
8326-3704,180,2,201.0,5.5,,,
8325-9101,309,178,167.0,2.0,167.0,1.0,0.0
8325-12705,370,393,84.0,6.0,83.0,1.5,1.0
8324-9101,477,473,259.0,3.0,258.0,1.0,1.0
8325-12702,375,513,219.0,24.5,221.0,4.5,2.0
8149-12702,272,174,125.0,5.5,131.0,1.5,6.0
8149-3701,201,58,259.0,3.0,189.0,6.0,70.0
8148-12704,493,473,163.0,17.50000000000001,163.0,3.5,0.0
8149-3703,198,81,74.0,7.5,239.0,9.5,165.0
8149-12701,366,294,66.0,28.0,65.0,4.0,1.0
8149-3704,197,197,122.0,4.5,116.0,4.0,6.0
8148-9101,410,442,255.0,5.5,253.0,2.5,2.0
8149-6102,237,189,178.0,8.499999999999996,188.0,8.000000000000007,10.0
8149-6103,222,196,358.0,38.5,23.0,24.0,25.0
8148-9102,425,466,310.0,6.0,311.0,2.0,1.0
8150-12701,122,157,106.0,8.5,112.0,4.0,6.0
8150-1901,79,44,47.0,38.0,,,
8149-12705,648,187,169.0,4.0,156.0,0.5,13.0
8150-3704,157,0,336.0,24.000000000000004,,,
8150-1902,102,102,48.0,3.5,51.0,3.0,3.0
8149-6104,304,324,87.0,8.5,88.0,4.0,1.0
8150-12704,315,105,128.0,4.0,151.0,0.5,23.0
8149-9101,402,314,207.0,11.5,206.0,6.5,1.0
8150-12703,353,394,24.0,10.0,35.0,1.0,11.0
8149-9102,494,446,246.0,2.0,243.0,2.0,3.0
8150-6101,317,312,306.0,5.0,308.0,1.5,2.0
8150-6102,326,252,50.0,2.0,51.0,1.0,1.0
8150-6104,334,225,279.0,1.5,286.0,1.0,7.0
8152-1901,103,103,148.0,5.0,151.0,2.5,3.0
8152-3702,137,108,162.0,11.5,171.0,2.5,9.0
8152-12705,254,195,28.0,7.5,25.0,2.0,3.0
8150-9102,451,401,43.0,1.0,15.0,0.5,28.0
8150-12702,607,618,264.0,12.5,263.0,3.5,1.0
8152-3704,186,187,156.0,24.5,200.0,7.0,44.0
8152-6101,161,114,64.0,5.0,74.0,3.0,10.0
8152-3703,200,184,113.0,6.0,117.0,1.5,4.0
8152-12703,498,467,237.0,6.0,230.0,2.5,7.0
8153-12703,274,48,36.0,14.5,,,
8152-6104,329,106,111.0,1.0,117.0,3.0,6.0
8152-6103,327,144,302.0,2.5,304.0,1.0,2.0
8152-6102,319,276,41.0,1.5,42.0,1.0,1.0
8152-12704,571,568,255.0,13.0,267.0,5.5,12.0
8153-12702,227,217,84.0,21.0,158.0,3.5,74.0
8153-1902,94,1,285.0,8.5,,,
8153-1901,93,92,333.0,7.0,329.0,4.5,4.0
8152-12701,669,670,358.0,5.499999999999999,356.0,1.5,2.0
8153-3704,110,9,101.0,4.0,,,
8153-6101,112,6,183.0,30.000000000000007,,,
8153-3703,186,2,329.0,89.5,,,
8153-12704,207,367,139.0,18.5,136.0,3.5,3.0
8153-6104,301,39,319.0,8.0,,,
8153-6103,314,6,76.0,3.0,,,
8153-12701,482,454,327.0,7.5,355.0,5.0,28.0
8154-1902,95,2,81.0,6.0,,,
8153-9101,426,42,281.0,10.0,,,
8153-6102,285,292,313.0,4.5,318.0,2.0,5.0
8154-3702,149,14,164.0,11.0,,,
8154-12703,238,267,35.0,26.0,353.0,2.5,42.0
8154-3701,111,102,246.0,5.0,248.0,3.0,2.0
8153-12705,489,450,55.0,14.0,46.0,3.0,9.0
8153-9102,314,288,113.0,12.0,114.0,4.0,1.0
8154-6101,138,0,358.0,6.000000000000006,,,
8154-3703,162,75,210.0,10.0,204.0,3.5,6.0
8154-3704,168,79,81.0,2.0,114.0,6.0,33.0
8154-9101,206,230,189.0,8.999999999999996,194.0,4.5,5.0
8154-12702,678,346,58.0,10.0,31.0,1.0,27.0
8154-6103,309,201,229.0,10.0,251.0,1.0,22.0
8154-6102,283,293,323.0,10.0,324.0,5.5,1.0
8155-1901,86,38,94.0,11.0,,,
8155-12705,226,13,146.0,41.50000000000001,,,
8155-1902,87,92,120.0,36.0,257.0,12.5,137.0
8155-3704,105,14,86.0,6.5,,,
8154-12701,679,679,26.0,2.5,29.0,1.5,3.0
8154-12705,604,604,0.0,6.500000000000002,359.0,2.000000000000005,1.0
8155-12703,373,425,206.0,5.5,194.0,3.0,12.0
8155-3701,184,185,319.0,26.5,328.0,8.5,9.0
8155-3702,174,180,87.0,11.0,266.0,1.5,179.0
8156-12704,41,64,,,28.0,72.5,
8155-9101,152,2,122.0,89.5,,,
8154-9102,484,487,356.0,2.5,356.0,1.5,0.0
8156-1902,95,14,95.0,3.5,,,
8155-12704,514,436,110.0,14.5,105.0,5.0,5.0
8155-6101,317,134,207.0,3.0,222.0,1.5,15.0
8156-3704,142,0,36.0,89.5,,,
8156-3703,111,116,95.0,11.5,102.0,7.0,7.0
8156-12701,330,96,125.0,3.5,138.0,0.5,13.0
8156-3701,158,168,152.0,13.5,142.0,9.5,10.0
8156-3702,166,159,293.0,19.5,136.0,5.0,157.0
8155-12701,662,655,203.0,3.0,196.0,2.0,7.0
8155-6104,304,297,231.0,5.0,232.0,1.5,1.0
8156-6104,144,15,176.0,21.0,,,
8156-6101,315,0,252.0,16.0,,,
8157-1901,95,12,0.0,2.9999999999999996,,,
8155-9102,327,337,159.0,7.0,155.0,2.5,4.0
8156-9101,271,21,35.0,75.5,,,
8157-3703,149,0,235.0,19.5,,,
8157-3704,53,162,290.0,4.5,300.0,1.5,10.0
8156-9102,173,210,16.0,24.000000000000007,16.0,3.5,0.0
8157-3701,195,141,283.0,8.0,275.0,7.0,8.0
8157-3702,167,178,323.0,13.0,330.0,2.0,7.0
8156-12705,381,477,69.0,13.0,76.0,3.0,7.0
8157-6101,331,4,232.0,89.5,,,
8157-6103,164,121,50.0,2.5,58.0,0.5,8.0
8157-6102,290,161,248.0,3.0,251.0,1.0,3.0
8157-12704,465,299,90.0,12.0,108.0,4.5,18.0
8325-12701,462,484,128.0,3.5,135.0,2.0,7.0
8326-6101,256,10,129.0,2.0,,,
8326-6103,319,13,255.0,5.0,,,
8325-12703,538,469,262.0,1.5,261.0,0.5,1.0
8326-6104,324,0,187.0,5.0,,,
8327-1901,80,87,88.0,20.0,91.0,7.5,3.0
8325-9102,457,298,304.0,7.5,312.0,2.5,8.0
8327-3701,184,104,21.0,2.0,18.0,2.0,3.0
8326-12705,319,419,128.0,27.5,117.0,9.5,11.0
8327-12701,254,233,280.0,4.0,283.0,0.5,3.0
8326-12703,437,498,318.0,5.0,325.0,1.5,7.0
8327-6101,215,29,32.0,4.0,,,
8327-3703,183,192,137.0,9.5,126.0,3.0,11.0
8327-6102,322,48,208.0,3.5,,,
8328-1902,98,83,271.0,2.5,252.0,2.0,19.0
8327-6104,295,76,230.0,3.5,237.0,5.5,7.0
8328-3703,99,2,288.0,29.0,,,
8328-3702,174,2,45.0,0.5,,,
8328-3701,117,150,73.0,5.5,68.0,2.5,5.0
8327-9102,259,188,103.0,6.5,105.0,3.0,2.0
8327-12705,686,11,147.0,4.0,,,
8328-6101,172,21,318.0,0.5,,,
8327-12704,430,408,282.0,3.0,280.0,0.5,2.0
8327-6103,328,290,292.0,2.0,287.0,0.5,5.0
8328-12705,244,275,286.0,13.5,273.0,2.5,13.0
8328-12701,303,233,13.0,3.0,11.0,1.0,2.0
8329-3704,13,21,,,,,
8328-6103,313,1,196.0,4.0,,,
8328-3704,185,184,332.0,44.0,320.0,9.0,12.0
8329-3701,101,124,164.0,25.5,166.0,1.0,2.0
8328-9102,207,173,112.0,6.5,109.0,3.5,3.0
8329-3702,145,92,132.0,20.0,147.0,4.5,15.0
8329-3703,180,4,255.0,43.0,,,
8329-12703,154,186,72.0,9.0,62.0,2.0,10.0
8329-6101,299,3,187.0,23.5,,,
8328-12702,560,359,266.0,2.5,262.0,1.5,4.0
8329-9102,110,107,327.0,6.5,336.0,5.5,9.0
8328-9101,303,346,242.0,3.0,232.0,1.5,10.0
8329-6102,251,141,215.0,0.5,193.0,0.5,22.0
8329-9101,318,48,29.0,4.5,,,
8330-1901,89,26,316.0,5.0,,,
8330-3701,186,9,164.0,12.0,,,
8329-6103,323,302,153.0,1.5,151.0,1.0,2.0
8330-12702,258,315,177.0,8.000000000000002,250.0,0.5,73.0
8329-6104,317,325,262.0,3.5,268.0,2.5,6.0
8330-3704,160,170,41.0,4.5,36.0,2.5,5.0
8330-6104,314,0,174.0,9.5,,,
8330-6103,317,115,352.0,3.5,357.0,3.5000000000000036,5.0
8329-12704,604,669,64.0,3.5,60.0,2.0,4.0
8329-12701,693,691,225.0,2.0,224.0,1.0,1.0
8330-12704,432,442,227.0,3.5,227.0,2.0,0.0
8331-12703,199,292,129.0,29.0,116.0,4.0,13.0
8330-12701,561,570,95.0,3.5,87.0,1.0,8.0
8330-9102,376,316,129.0,1.5,130.0,1.5,1.0
8331-12701,666,8,205.0,34.99999999999999,,,
8331-1901,96,96,344.0,6.5,343.0,3.5,1.0
8331-1902,95,93,288.0,4.0,277.0,2.5,11.0
8331-12702,424,315,332.0,1.5,330.0,2.0,2.0
8330-12703,668,644,293.0,2.5,296.0,1.0,3.0
8330-9101,467,460,249.0,3.0,248.0,1.0,1.0
8331-3704,169,105,65.0,5.5,61.0,1.5,4.0
8331-3703,188,126,274.0,6.5,279.0,8.5,5.0
8331-9101,474,9,34.0,23.0,,,
8332-3704,99,80,304.0,8.0,136.0,0.5,168.0
8331-6104,323,161,120.0,6.5,129.0,4.5,9.0
8331-9102,485,3,45.0,0.5,,,
8332-3701,195,116,258.0,18.0,297.0,31.0,39.0
8331-12705,683,437,174.0,2.0,176.0,1.5,2.0
8332-3702,195,195,80.0,3.5,82.0,1.5,2.0
8332-6101,227,14,18.0,2.0,,,
8331-12704,676,581,234.0,1.5,235.0,1.0,1.0
8333-3703,53,4,356.0,17.999999999999996,,,
8333-12702,157,54,305.0,14.5,330.0,10.5,25.0
8332-12704,341,350,218.0,0.5,277.0,0.5,59.0
8333-3704,152,3,214.0,6.0,,,
8333-1902,97,97,130.0,36.0,133.0,8.5,3.0
8332-12702,420,353,51.0,0.5,47.0,0.5,4.0
8332-6104,291,217,35.0,3.5,36.0,1.5,1.0
8332-6103,300,212,192.0,3.5,190.0,3.0,2.0
8333-9102,130,3,353.0,89.5,,,
8333-6104,160,0,117.0,89.5,,,
8333-6101,324,6,286.0,18.0,,,
8332-9102,334,317,198.0,3.0,196.0,0.5,2.0
8334-1901,95,2,127.0,11.0,,,
8333-9101,447,3,169.0,36.0,,,
8334-1902,85,76,190.0,34.0,101.0,10.5,89.0
8334-3701,173,0,256.0,14.5,,,
8333-6102,320,299,120.0,0.5,118.0,0.5,2.0
8332-12701,669,677,308.0,9.5,316.0,3.5,8.0
8334-3703,161,53,84.0,5.5,272.0,7.5,172.0
8333-12703,470,424,118.0,3.0,119.0,1.0,1.0
8332-12705,679,641,214.0,2.0,214.0,0.5,0.0
8334-3704,133,107,96.0,8.5,95.0,3.0,1.0
8334-12704,313,344,287.0,4.5,292.0,2.5,5.0
8334-9101,122,29,304.0,89.5,,,
8334-12702,471,257,318.0,15.0,334.0,2.5,16.0
8334-6101,324,84,279.0,2.0,288.0,0.5,9.0
8334-6102,224,172,156.0,10.5,143.0,4.5,13.0
8334-6104,123,130,197.0,39.50000000000001,8.0,5.0,171.0
8335-1902,95,3,74.0,9.5,,,
8157-9101,210,199,293.0,4.0,293.0,2.0,0.0
8158-1902,80,41,296.0,8.0,,,
8158-12703,360,38,71.0,5.0,,,
8158-1901,67,76,307.0,22.0,280.0,18.5,27.0
8157-9102,279,287,290.0,10.0,286.0,3.0,4.0
8158-12701,288,317,344.0,1.5,344.0,0.5,0.0
8158-12705,130,196,303.0,13.5,288.0,0.5,15.0
8158-12704,497,28,7.0,56.5,,,
8158-6101,243,2,110.0,4.0,,,
8157-12705,500,668,74.0,1.0,62.0,1.0,12.0
8158-3701,182,97,72.0,1.0,66.0,2.0,6.0
8158-12702,421,374,85.0,3.0,87.0,1.0,2.0
8158-6103,315,3,263.0,26.0,,,
8239-12701,196,10,207.0,21.5,,,
8158-6104,212,151,130.0,13.0,141.0,0.5,11.0
8158-9102,146,148,236.0,13.5,238.0,3.0,2.0
8239-1901,41,98,,,160.0,6.5,
8157-12702,684,684,339.0,4.0,337.0,1.5,2.0
8158-6102,318,195,179.0,2.9999999999999996,180.0,3.5000000000000004,1.0
8158-9101,211,346,242.0,13.0,231.0,1.5,11.0
8239-3704,129,160,89.0,10.0,91.0,3.5,2.0
8239-6104,225,1,326.0,5.0,,,
8239-6103,255,2,37.0,1.0,,,
8239-12702,289,303,50.0,2.0,48.0,0.5,2.0
8240-12704,237,0,154.0,89.5,,,
8240-1901,107,106,341.0,5.5,342.0,3.0,1.0
8240-1902,102,2,111.0,5.0,,,
8239-6101,311,310,50.0,10.5,49.0,5.0,1.0
8239-12705,321,460,283.0,7.5,280.0,2.0,3.0
8239-12703,427,499,0.0,89.5,82.0,5.0,82.0
8240-12705,194,189,317.0,1.5,267.0,0.5,50.0
8240-3701,185,62,200.0,7.5,205.0,1.5,5.0
8240-12703,540,4,183.0,66.5,,,
8239-9102,371,380,171.0,5.0,178.0,1.5,7.0
8239-9101,440,435,32.0,5.5,35.0,1.5,3.0
8240-3702,171,185,57.0,33.5,13.0,4.0,44.0
8239-12704,578,641,104.0,9.5,104.0,2.0,0.0
8240-6103,323,232,46.0,4.0,39.0,3.5,7.0
8241-1901,98,16,196.0,1.5,,,
8241-12702,224,153,203.0,10.0,208.0,4.0,5.0
8240-6102,275,327,12.0,17.500000000000007,26.0,0.5,14.0
8240-6101,326,326,17.0,22.500000000000007,16.0,6.5,1.0
8240-6104,324,324,21.0,6.0,24.0,2.0,3.0
8241-3702,190,5,104.0,5.0,,,
8241-1902,86,100,92.0,19.0,70.0,7.0,22.0
8241-6103,286,5,341.0,89.5,,,
8241-6104,259,13,271.0,13.0,,,
8241-12703,403,378,351.0,2.5,352.0,0.5,1.0
8241-6101,263,325,238.0,34.5,231.0,6.5,7.0
8241-9102,322,141,107.0,1.5,97.0,1.5,10.0
8241-9101,339,279,260.0,2.5,262.0,1.0,2.0
8241-12705,604,419,15.0,9.5,14.0,1.5,1.0
8243-3701,168,10,168.0,11.000000000000005,,,
8241-12701,646,623,115.0,9.5,102.0,2.5,13.0
8241-12704,641,568,37.0,3.0,35.0,2.0,2.0
8243-3702,167,22,46.0,3.5,,,
8243-3704,170,6,249.0,6.0,,,
8243-12703,675,7,103.0,43.5,,,
8244-12701,120,0,271.0,89.5,,,
8243-6103,320,4,168.0,1.0,,,
8244-1901,97,10,181.0,1.4999999999999978,,,
8243-12705,345,334,277.0,7.0,280.0,1.5,3.0
8244-1902,84,71,130.0,9.5,132.0,7.0,2.0
8244-3704,152,7,310.0,7.0,,,
8244-3703,189,36,289.0,3.0,,,
8243-9101,260,321,36.0,7.0,44.0,2.5,8.0
8243-12702,667,508,82.0,34.5,77.0,5.0,5.0
8243-12701,641,647,280.0,1.0,279.0,0.5,1.0
8244-3702,196,196,111.0,4.0,106.0,4.5,5.0
8244-12704,383,337,197.0,3.0,200.0,1.0,3.0
8244-6103,269,15,239.0,16.5,,,
8244-12705,430,310,266.0,5.5,275.0,4.5,9.0
8243-12704,662,596,338.0,2.0,335.0,1.5,3.0
8244-6104,324,18,105.0,2.0,,,
8244-9102,414,10,50.0,14.0,,,
8245-1902,94,94,108.0,4.0,109.0,2.5,1.0
8244-6102,322,273,167.0,3.5,170.0,1.5,3.0
8244-6101,311,310,102.0,3.0,105.0,1.5,3.0
8244-12703,617,593,310.0,6.5,300.0,4.0,10.0
8245-3701,180,183,19.0,89.5,10.0,5.0,9.0
8245-3703,193,18,7.0,89.5,,,
8245-12705,340,125,2.0,3.500000000000008,356.0,10.0,6.0
8245-6101,80,127,277.0,3.0,303.0,1.5,26.0
8245-3702,187,181,239.0,4.5,320.0,7.5,81.0
8245-3704,174,51,27.0,3.0,304.0,15.5,83.0
8245-12701,396,432,139.0,2.5,138.0,1.0,1.0
8245-6104,313,2,282.0,1.5,,,
8245-9102,370,35,106.0,89.5,,,
8247-1901,98,78,93.0,6.5,341.0,3.0,112.0
8247-1902,100,0,178.0,10.0,,,
8245-6103,319,323,245.0,26.5,226.0,4.0,19.0
8245-6102,322,322,292.0,6.5,291.0,3.5,1.0
8247-3704,148,71,217.0,7.0,282.0,0.5,65.0
8245-12702,674,625,164.0,1.0,165.0,1.0,1.0
8245-9101,412,363,217.0,7.5,219.0,3.5,2.0
8247-12702,337,350,268.0,4.0,265.0,1.5,3.0
8247-6102,239,100,139.0,10.5,131.0,1.5,8.0
8247-3701,196,196,132.0,9.5,128.0,9.5,4.0
8245-12703,657,652,73.0,2.0,75.0,0.5,2.0
8247-6104,199,78,273.0,3.5,269.0,5.0,4.0
8334-6103,226,102,55.0,5.0,47.0,5.0,8.0
8334-12705,546,409,51.0,15.5,50.0,5.5,1.0
8335-3702,118,99,350.0,8.0,335.0,4.0,15.0
8335-3704,110,102,258.0,8.0,252.0,6.5,6.0
8334-9102,287,177,43.0,11.5,45.0,4.0,2.0
8334-12703,584,478,165.0,2.0,162.0,1.5,3.0
8335-6103,271,6,146.0,81.0,,,
8335-3701,196,197,181.0,9.000000000000004,175.0,3.5,6.0
8334-12701,685,667,121.0,3.0,124.0,1.0,3.0
8335-12703,345,274,122.0,9.5,123.0,6.0,1.0
8336-1901,92,0,50.0,49.5,,,
8335-9101,377,3,288.0,89.5,,,
8335-12701,372,402,282.0,1.5,276.0,0.5,6.0
8336-3702,113,13,15.0,27.0,,,
8335-6102,321,321,266.0,12.5,277.0,2.5,11.0
8336-3701,139,67,204.0,89.5,218.0,6.0,14.0
8336-3704,167,8,204.0,4.0,,,
8336-3703,176,65,333.0,4.0,327.0,2.0,6.0
8336-12701,418,103,25.0,4.5,29.0,2.5,4.0
8335-12704,581,431,124.0,7.0,123.0,3.5,1.0
8336-6103,319,10,220.0,5.0,,,
8336-6104,315,8,312.0,10.5,,,
8336-6102,301,132,341.0,8.0,345.0,7.0,4.0
8335-9102,449,468,177.0,18.5,168.0,3.5,9.0
8337-3702,117,0,78.0,89.5,,,
8337-1901,91,87,102.0,6.0,97.0,2.0,5.0
8336-9101,256,310,275.0,18.5,255.0,2.5,20.0
8336-12702,682,358,103.0,2.0,106.0,1.0,3.0
8336-12703,674,425,315.0,2.0,320.0,3.5,5.0
8337-12703,251,273,267.0,6.5,265.0,2.0,2.0
8337-12701,335,395,355.0,4.0,1.0,1.4999999999999993,6.0
8337-3703,182,182,51.0,4.0,52.0,3.0,1.0
8336-9102,393,434,14.0,5.0,20.0,2.0,6.0
8336-12705,656,635,226.0,6.0,221.0,2.5,5.0
8337-6103,277,181,201.0,5.5,138.0,1.0,63.0
8338-12705,125,14,111.0,13.0,,,
8337-9101,201,168,10.0,31.500000000000007,6.0,13.500000000000005,4.0
8337-6102,320,298,199.0,1.5,198.0,0.5,1.0
8337-6101,319,319,331.0,3.0,337.0,2.0,6.0
8338-1901,79,94,155.0,89.5,356.0,9.5,159.0
8338-1902,92,53,143.0,1.5,3.0,3.500000000000006,140.0
8338-3703,189,9,320.0,20.5,,,
8337-6104,325,306,175.0,1.0,174.0,0.5,1.0
8337-12702,615,568,56.0,7.0,54.0,3.0,2.0
8337-9102,315,245,318.0,15.0,324.0,8.5,6.0
8338-3704,144,156,59.0,3.0,60.0,2.5,1.0
8338-3702,182,182,281.0,16.5,274.0,4.5,7.0
8338-9102,134,2,201.0,3.0,,,
8337-12705,646,563,236.0,11.0,229.0,2.5,7.0
8338-6104,110,206,202.0,11.0,209.0,2.5,7.0
8341-3704,169,42,112.0,2.0,,,
8338-6101,285,273,239.0,3.0,248.0,2.0,9.0
8338-12703,492,400,45.0,11.5,21.0,12.0,24.0
8338-6102,307,307,88.0,6.0,88.0,4.0,0.0
8341-3702,150,193,192.0,5.5,195.0,3.0,3.0
8338-9101,318,284,204.0,9.0,201.0,4.5,3.0
8341-6103,150,111,215.0,8.5,212.0,3.5,3.0
8341-12703,341,301,224.0,11.5,233.0,4.5,9.0
8341-12701,310,385,24.0,3.5,19.0,2.0,5.0
8341-6104,325,5,256.0,3.5,,,
8341-6101,332,263,338.0,2.5,342.0,1.5,4.0
8341-6102,250,290,265.0,5.5,263.0,2.0,2.0
8338-12701,664,667,254.0,10.5,265.0,2.5,11.0
8438-3701,127,84,318.0,6.0,314.0,4.0,4.0
8438-3703,188,8,352.0,3.0,,,
8438-3704,187,45,61.0,6.0,,,
8438-12703,362,44,306.0,89.5,,,
8438-12705,282,217,158.0,2.5,161.0,1.0,3.0
8438-6101,282,0,81.0,8.0,,,
8341-9102,373,344,342.0,4.5,342.0,2.5,0.0
8341-9101,365,450,350.0,4.0,350.0,1.0,0.0
8438-6104,190,223,165.0,9.5,175.0,3.0,10.0
8439-1902,97,80,83.0,21.5,251.0,3.5,168.0
8438-6102,276,307,44.0,3.5,42.0,1.5,2.0
8341-12704,693,693,123.0,4.5,120.0,3.0,3.0
8438-9102,405,266,248.0,4.5,260.0,0.5,12.0
8439-3701,193,80,221.0,2.0,144.0,0.5,77.0
8341-12705,681,691,84.0,8.0,84.0,4.0,0.0
8439-3702,191,99,297.0,1.0,292.0,1.0,5.0
8439-12704,341,353,194.0,2.5,190.0,1.5,4.0
8438-12702,674,674,88.0,2.0,88.0,1.0,0.0
8440-12702,204,0,248.0,89.5,,,
8439-6103,231,271,200.0,1.5,198.0,1.5,2.0
8439-9101,204,244,99.0,15.0,85.0,2.5,14.0
8439-12701,582,569,337.0,7.0,336.0,3.5,1.0
8439-6101,302,319,224.0,5.0,226.0,2.0,2.0
8439-6102,328,326,136.0,1.5,140.0,1.0,4.0
8440-1901,103,78,12.0,15.999999999999998,20.0,2.0,8.0
8440-1902,97,97,320.0,14.0,327.0,0.5,7.0
8439-9102,308,362,55.0,6.5,38.0,3.0,17.0
8439-12705,685,454,103.0,12.0,109.0,1.0,6.0
8440-3701,201,88,43.0,7.0,45.0,6.5,2.0
8439-12702,685,662,329.0,1.0,328.0,0.5,1.0
8440-6101,188,9,158.0,9.5,,,
8440-3703,197,194,283.0,14.0,281.0,12.5,2.0
8440-3704,153,91,337.0,16.5,345.0,16.500000000000007,8.0
8439-12703,678,635,191.0,1.0,188.0,0.5,3.0
8440-6102,156,178,239.0,30.5,232.0,6.0,7.0
8440-12703,457,486,141.0,5.5,141.0,2.0,0.0
8441-1901,101,93,155.0,5.5,161.0,5.5,6.0
8247-12703,392,512,95.0,1.5,96.0,1.0,1.0
8248-1901,95,61,91.0,3.5,109.0,0.5,18.0
8248-3701,192,45,262.0,6.0,,,
8247-6103,332,241,118.0,1.0,301.0,1.5,177.0
8248-3702,175,0,199.0,20.0,,,
8247-12701,626,618,120.0,14.5,131.0,3.5,11.0
8248-9101,166,32,301.0,11.0,,,
8248-12701,262,376,241.0,8.5,249.0,1.5,8.0
8248-6104,60,139,65.0,89.5,25.0,0.5,40.0
8248-6103,242,9,307.0,7.0,,,
8248-3703,194,186,296.0,5.0,298.0,3.5,2.0
8248-6102,254,85,36.0,4.5,34.0,0.5,2.0
8249-12701,105,206,113.0,7.5,101.0,2.0,12.0
8249-1901,88,97,118.0,20.0,300.0,2.5,178.0
8249-12702,170,122,129.0,2.5,345.0,4.0,144.0
8248-12702,463,500,123.0,1.5,124.0,0.5,1.0
8249-3702,176,185,127.0,7.5,130.0,4.0,3.0
8249-3704,176,163,302.0,4.0,310.0,2.0,8.0
8249-6104,328,37,184.0,4.9999999999999964,,,
8249-9102,234,6,205.0,2.0,,,
8249-6101,316,286,115.0,3.0,120.0,2.5,5.0
8249-12705,692,0,104.0,20.0,,,
8248-12703,682,658,82.0,5.0,80.0,3.0,2.0
8248-12704,676,671,45.0,1.5,48.0,0.5,3.0
8250-1902,98,71,257.0,2.0,171.0,0.5,86.0
8249-9101,371,241,268.0,3.0,268.0,1.5,0.0
8250-3701,193,36,91.0,2.5,,,
8250-3704,144,154,339.0,6.0,344.0,2.5,5.0
8250-12701,461,130,189.0,3.0,180.0,4.000000000000008,9.0
8250-12702,358,384,330.0,4.5,328.0,1.5,2.0
8249-12703,659,655,344.0,1.0,343.0,0.5,1.0
8250-6103,239,163,49.0,7.5,46.0,2.5,3.0
8249-12704,673,672,75.0,1.5,77.0,1.0,2.0
8250-6101,312,321,137.0,4.5,149.0,2.0,12.0
8250-6102,323,318,263.0,4.5,260.0,1.5,3.0
8252-12701,180,246,95.0,36.5,351.0,44.0,104.0
8250-6104,318,305,41.0,2.0,46.0,1.5,5.0
8250-9102,478,141,308.0,3.0,320.0,0.5,12.0
8252-3702,193,5,49.0,4.5,,,
8252-3704,175,98,40.0,5.5,217.0,17.0,177.0
8250-12703,623,620,134.0,30.0,128.0,5.0,6.0
8250-12704,634,645,212.0,0.5,210.0,0.5,2.0
8252-12703,246,335,180.0,4.500000000000006,181.0,1.9999999999999993,1.0
8252-3701,193,177,248.0,1.5,246.0,1.0,2.0
8252-3703,196,194,293.0,5.0,284.0,2.5,9.0
8252-6104,153,168,133.0,4.0,136.0,2.0,3.0
8252-6101,326,251,146.0,11.5,146.0,4.0,0.0
8253-12701,209,224,234.0,4.0,231.0,1.5,3.0
8252-12702,676,629,257.0,2.5,258.0,0.5,1.0
8252-6102,320,322,126.0,2.0,125.0,1.0,1.0
8252-9101,286,307,301.0,2.0,291.0,0.5,10.0
8252-6103,330,330,310.0,2.0,321.0,1.0,11.0
8253-1902,101,32,19.0,10.5,,,
8252-12704,676,593,180.0,3.499999999999999,175.0,2.0,5.0
8253-3701,173,1,354.0,2.0,,,
8252-9102,270,476,10.0,10.5,354.0,2.5,16.0
8253-12702,445,217,0.0,0.5,8.0,1.0,8.0
8253-12705,303,172,270.0,0.5,288.0,3.5,18.0
8253-12704,369,156,28.0,2.5,36.0,3.0,8.0
8253-3702,189,175,359.0,1.5000000000000038,357.0,1.0,2.0
8253-3703,190,191,313.0,4.0,308.0,3.0,5.0
8252-12705,688,688,71.0,3.0,71.0,2.0,0.0
8253-6102,286,7,72.0,89.5,,,
8253-6103,322,1,319.0,22.0,,,
8253-6101,222,174,307.0,6.0,305.0,2.5,2.0
8254-12702,165,176,282.0,24.5,260.0,4.0,22.0
8253-12703,657,386,173.0,2.0,167.0,1.0,6.0
8254-1901,92,97,68.0,89.5,43.0,10.5,25.0
8254-3703,96,21,299.0,10.0,,,
8254-3701,188,21,57.0,7.5,,,
8253-6104,326,309,34.0,3.5,34.0,2.5,0.0
8254-3702,191,4,257.0,11.0,,,
8253-9101,472,200,207.0,3.5,74.0,2.5,133.0
8254-12703,299,316,156.0,6.0,163.0,2.5,7.0
8254-6101,170,17,348.0,66.0,,,
8254-12705,427,172,208.0,2.5,215.0,2.5,7.0
8254-6104,149,35,225.0,11.5,,,
8253-9102,432,438,310.0,4.5,308.0,2.5,2.0
8254-12704,393,343,290.0,4.0,285.0,1.5,5.0
8254-3704,169,169,64.0,2.0,65.0,1.5,1.0
8254-12701,597,335,127.0,2.0,127.0,2.0,0.0
8254-9102,171,147,293.0,12.5,281.0,4.5,12.0
8255-1901,101,90,357.0,2.5,4.0,2.5,7.0
8254-6103,319,240,103.0,0.5,105.0,0.5,2.0
8254-6102,326,298,208.0,3.5,208.0,2.5,0.0
8255-3704,99,108,143.0,18.0,142.0,2.5,1.0
8255-3701,138,125,192.0,57.5,149.0,19.0,43.0
8255-12703,345,190,75.0,5.5,68.0,0.5,7.0
8255-6103,313,10,55.0,17.5,,,
8255-6101,296,106,38.0,20.5,131.0,3.0,93.0
8255-9102,106,144,327.0,23.0,318.0,3.5,9.0
8255-12704,329,396,142.0,3.0,141.0,1.0,1.0
8255-12701,435,340,280.0,3.0,282.0,1.0,2.0
8255-6102,327,84,322.0,4.5,332.0,6.0,10.0
8255-9101,327,1,277.0,0.5,,,
8254-9101,471,433,156.0,0.5,154.0,0.5,2.0
8256-1901,106,0,235.0,14.5,,,
8256-12701,232,190,77.0,4.5,87.0,3.0,10.0
8256-3702,175,1,136.0,6.0,,,
8256-3701,204,27,188.0,2.0,,,
8440-6103,321,159,59.0,5.0,14.0,1.0,45.0
8440-9102,280,247,283.0,5.0,287.0,4.0,4.0
8440-12705,637,365,176.0,2.0,180.0,0.5,4.0
8440-12701,680,649,78.0,3.5,75.0,1.5,3.0
8441-3702,185,0,311.0,3.0,,,
8440-12704,588,466,212.0,1.5,213.0,1.5,1.0
8441-3701,123,157,345.0,14.5,348.0,6.0,3.0
8441-12702,321,481,141.0,10.5,139.0,2.5,2.0
8441-3704,191,191,34.0,3.0,33.0,1.5,1.0
8441-12703,694,119,226.0,1.0,219.0,1.5,7.0
8441-6101,330,8,65.0,8.0,,,
8441-12701,405,437,115.0,1.5,113.0,1.0,2.0
8441-9101,196,133,39.0,16.5,44.0,4.0,5.0
8441-6103,244,197,295.0,11.5,293.0,7.5,2.0
8442-1901,59,87,303.0,15.5,83.0,7.0,140.0
8442-1902,68,85,89.0,89.5,283.0,6.5,166.0
8441-12704,682,320,291.0,0.5,290.0,0.5,1.0
8442-12701,271,271,273.0,3.0,287.0,1.5,14.0
8441-6104,323,323,342.0,1.5,343.0,1.0,1.0
8442-3703,159,89,169.0,4.0,169.0,3.5,0.0
8442-3701,183,183,287.0,2.5,287.0,2.0,0.0
8442-3704,165,103,74.0,6.0,71.0,2.0,3.0
8441-9102,485,426,300.0,2.0,300.0,0.5,0.0
8441-12705,620,604,13.0,5.5,13.0,2.5,0.0
8442-6104,196,1,347.0,7.0,,,
8442-12702,358,400,239.0,8.5,241.0,3.0,2.0
8442-6103,270,92,0.0,2.5000000000000053,345.0,0.5,15.0
8442-6102,175,298,261.0,5.0,267.0,4.0,6.0
8443-1902,90,33,90.0,4.0,,,
8442-6101,273,242,138.0,2.0,141.0,1.5,3.0
8443-3703,192,9,323.0,3.0,,,
8443-3701,188,120,268.0,1.5,246.0,1.0,22.0
8443-3704,156,174,102.0,8.5,85.0,2.0,17.0
8442-12704,658,660,231.0,5.5,234.0,2.0,3.0
8442-9101,420,440,249.0,43.5,280.0,14.5,31.0
8443-6104,323,87,59.0,2.0,47.0,2.0,12.0
8442-12703,663,658,97.0,4.0,95.0,3.0,2.0
8442-9102,469,405,165.0,4.0,164.0,1.5,1.0
8443-12702,436,357,312.0,2.5,313.0,1.5,1.0
8442-12705,654,654,272.0,3.0,274.0,1.5,2.0
8443-12701,424,512,246.0,7.0,281.0,3.5,35.0
8443-6102,321,266,51.0,2.5,47.0,2.0,4.0
8444-1902,88,66,98.0,8.5,98.0,10.0,0.0
8444-1901,89,89,102.0,13.5,98.0,5.0,4.0
8443-9102,224,197,126.0,13.0,130.0,0.5,4.0
8443-12705,606,528,310.0,1.5,309.0,1.0,1.0
8444-12704,140,145,24.0,12.0,28.0,4.0,4.0
8444-3702,143,125,344.0,16.0,334.0,6.0,10.0
8444-6101,104,35,18.0,29.000000000000004,,,
8444-3701,191,181,99.0,6.0,285.0,1.5,174.0
8443-9101,438,346,310.0,1.0,311.0,1.0,1.0
8443-12703,626,596,242.0,0.5,241.0,0.5,1.0
8444-3704,172,122,273.0,9.5,280.0,4.0,7.0
8444-6103,282,2,266.0,1.5,,,
8445-1901,75,0,160.0,7.0,,,
8444-12701,517,449,342.0,4.5,349.0,4.5,7.0
8444-9101,304,184,358.0,2.0000000000000036,2.0,1.0000000000000049,4.0
8444-6102,322,321,330.0,1.5,328.0,1.0,2.0
8445-3702,168,61,190.0,7.5,205.0,1.5,15.0
8444-12702,469,464,45.0,15.5,35.0,2.0,10.0
8444-6104,325,258,162.0,5.0,163.0,4.0,1.0
8445-3704,174,2,261.0,3.0,,,
8445-3703,163,185,303.0,89.5,201.0,9.0,102.0
8445-6101,319,4,23.0,3.0,,,
8445-12704,382,213,349.0,2.5,345.0,2.0,4.0
8444-9102,489,477,91.0,2.0,89.0,0.5,2.0
8445-6104,315,168,149.0,89.5,145.0,88.0,4.0
8444-12703,681,677,354.0,1.5,353.0,0.5,1.0
8445-12702,560,287,130.0,1.0,134.0,3.0,4.0
8445-6103,315,258,308.0,2.0,311.0,1.5,3.0
8445-12703,478,495,216.0,7.0,245.0,4.5,29.0
8445-9102,292,262,310.0,2.0,305.0,1.5,5.0
8446-3702,122,13,23.0,15.5,,,
8446-1901,102,91,302.0,20.0,269.0,13.5,33.0
8446-1902,99,91,299.0,4.0,108.0,2.5,169.0
8445-9101,450,278,214.0,3.5,215.0,2.5,1.0
8446-12702,283,298,258.0,7.0,258.0,1.5,0.0
8445-12701,671,671,206.0,1.0,207.0,0.5,1.0
8446-6101,149,118,274.0,30.0,267.0,10.0,7.0
8446-6102,279,9,33.0,89.5,,,
8446-3703,194,195,110.0,4.5,101.0,5.0,9.0
8446-3704,196,156,266.0,3.0,266.0,1.5,0.0
8447-1902,88,61,78.0,4.0,157.0,7.0,79.0
8447-1901,97,100,167.0,89.5,266.0,8.0,99.0
8446-12701,465,478,102.0,11.0,103.0,3.5,1.0
8446-6104,324,227,45.0,16.5,24.0,13.5,21.0
8447-3702,197,0,260.0,25.5,,,
8447-12703,255,275,0.0,89.5,165.0,3.0,165.0
8447-3701,198,198,5.0,5.0000000000000036,2.0,1.5,3.0
8447-3703,187,100,304.0,7.5,295.0,2.0,9.0
8447-3704,174,163,123.0,6.0,123.0,3.0,0.0
8447-12704,619,49,352.0,21.0,,,
8446-9102,431,404,109.0,9.0,88.0,3.5,21.0
8447-9101,294,45,209.0,12.0,,,
8447-12702,302,477,70.0,8.5,77.0,3.0,7.0
8446-9101,493,444,349.0,1.0,348.0,0.5,1.0
8446-12704,683,671,344.0,1.5,345.0,0.5,1.0
8446-12705,653,572,243.0,8.0,234.0,5.0,9.0
8448-1902,97,0,255.0,7.0,,,
8447-6101,285,243,2.0,1.0,359.0,0.5,3.0
8448-1901,81,93,46.0,89.5,37.0,22.0,9.0
8447-9102,306,148,74.0,14.5,65.0,0.5,9.0
8448-12701,408,10,192.0,0.5,,,
8448-3701,135,101,14.0,16.5,223.0,11.5,151.0
8448-3702,135,155,331.0,8.5,337.0,4.0,6.0
8448-3704,114,150,139.0,89.5,94.0,7.5,45.0
8448-3703,167,160,32.0,6.0,49.0,0.5,17.0
8448-6102,164,186,243.0,15.5,242.0,2.5,1.0
8449-1901,102,2,59.0,5.0,,,
8448-6103,237,164,35.0,2.5,33.0,1.0,2.0
8449-1902,88,66,251.0,24.0,243.0,8.5,8.0
8448-12703,375,402,131.0,1.5,129.0,0.5,2.0
8449-3704,171,1,104.0,17.0,,,
8448-6104,261,285,279.0,5.0,280.0,3.0,1.0
8448-12702,480,471,208.0,5.5,205.0,2.0,3.0
8449-3701,185,180,306.0,2.0,311.0,2.0,5.0
8449-3703,146,166,112.0,29.5,159.0,11.0,47.0
8449-6104,148,85,76.0,9.5,85.0,8.0,9.0
8449-6101,199,230,108.0,37.0,127.0,12.0,19.0
8449-6102,199,186,87.0,20.5,88.0,3.5,1.0
8449-12701,450,417,349.0,16.5,352.0,6.499999999999999,3.0
8448-12705,649,564,105.0,7.5,95.0,4.5,10.0
8449-6103,332,158,159.0,1.0,160.0,1.0,1.0
8450-1901,84,63,157.0,14.5,161.0,10.5,4.0
8449-9101,347,166,261.0,8.0,285.0,9.5,24.0
8450-1902,94,94,163.0,3.5,164.0,2.0,1.0
8450-3701,185,0,4.0,6.0,,,
8450-12701,279,292,134.0,8.0,127.0,2.5,7.0
8450-3702,182,1,3.0,12.500000000000004,,,
8450-12703,269,204,243.0,6.5,240.0,2.5,3.0
8450-3704,144,4,190.0,4.0,,,
8449-12705,614,523,222.0,1.0,224.0,0.5,2.0
8449-12704,668,673,87.0,5.0,91.0,2.0,4.0
8449-12702,689,658,269.0,6.0,269.0,2.0,0.0
8450-12704,666,21,72.0,2.5,,,
8449-9102,452,488,129.0,5.0,136.0,2.5,7.0
8451-3701,85,93,138.0,7.5,137.0,3.5,1.0
8450-6103,323,133,188.0,1.5,204.0,1.0,16.0
8451-9102,113,119,166.0,20.500000000000004,133.0,2.5,33.0
8451-12705,251,213,309.0,5.0,308.0,2.0,1.0
8450-6101,326,323,36.0,2.5,33.0,1.5,3.0
8451-6104,286,94,65.0,89.5,83.0,2.0,18.0
8450-6102,320,316,5.0,12.999999999999996,6.0,4.5,1.0
8450-9102,302,266,171.0,4.0,168.0,1.5,3.0
8452-1901,96,79,324.0,18.5,299.0,6.0,25.0
8451-12703,309,319,197.0,7.5,175.0,2.5,22.0
8452-3702,181,16,122.0,8.0,,,
8450-12705,679,476,231.0,1.0,229.0,1.0,2.0
8452-3703,187,87,78.0,3.0,76.0,1.5,2.0
8450-9101,469,422,70.0,4.5,72.0,2.0,2.0
8452-3704,174,172,106.0,3.5,107.0,2.0,1.0
8452-6103,318,2,53.0,18.0,,,
8452-6101,236,224,288.0,7.5,283.0,3.5,5.0
8452-12704,327,372,166.0,2.5,177.0,1.0,11.0
8453-1901,93,92,317.0,5.5,8.0,65.5,51.0
8452-6104,218,265,337.0,6.0,332.0,2.0,5.0
8453-1902,93,101,133.0,5.5,129.0,3.0,4.0
8452-6102,303,292,55.0,2.0,61.0,0.5,6.0
8453-3701,196,4,87.0,2.0,,,
8453-3703,193,60,146.0,88.0,129.0,9.5,17.0
8453-3702,178,170,357.0,2.0,358.0,1.0,1.0
8453-6101,210,97,144.0,13.0,150.0,9.5,6.0
8453-3704,178,166,319.0,6.5,268.0,18.0,51.0
8453-6104,125,122,344.0,11.0,344.0,0.5,0.0
8453-12702,381,431,192.0,7.5,196.0,1.0,4.0
8454-1902,95,5,169.0,35.5,,,
8452-12703,660,643,293.0,1.5,294.0,1.0,1.0
8453-6102,216,250,155.0,89.5,70.0,11.5,85.0
8452-9102,482,479,238.0,2.5,241.0,1.0,3.0
8453-12703,447,428,212.0,1.5,212.0,0.5,0.0
8453-9101,143,210,200.0,15.0,213.0,3.0,13.0
8454-12704,316,4,201.0,39.5,,,
8454-3704,107,140,24.0,20.5,11.0,5.0,13.0
8454-3702,133,180,13.0,7.0,11.0,2.0,2.0
8454-6103,323,11,197.0,65.5,,,
8454-6102,215,108,257.0,21.0,93.0,0.5,164.0
8454-9101,254,49,112.0,1.5,,,
8455-1901,88,0,249.0,29.5,,,
8453-12701,674,665,72.0,2.5,76.0,2.0,4.0
8455-1902,89,94,243.0,42.5,8.0,3.5,125.0
8453-12705,616,650,207.0,2.0,208.0,1.0,1.0
8455-3703,171,1,32.0,3.5,,,
8455-12702,311,151,141.0,3.5,111.0,0.5,30.0
8454-12702,432,492,116.0,4.0,119.0,1.5,3.0
8454-6104,320,320,353.0,7.999999999999999,359.0,3.500000000000005,6.0
8455-6103,159,0,26.0,15.5,,,
8455-3704,153,169,239.0,29.5,225.0,3.5,14.0
8455-3701,193,193,9.0,4.0,10.0,2.5,1.0
8455-6102,152,115,238.0,7.5,242.0,2.0,4.0
8456-1901,95,14,91.0,5.5,,,
8455-6104,287,0,321.0,34.0,,,
8455-12703,585,18,26.0,89.5,,,
8454-9102,477,345,345.0,1.0,345.0,0.5,0.0
8456-1902,92,91,240.0,3.5,131.0,7.5,109.0
8455-6101,325,304,103.0,4.5,106.0,3.0,3.0
8456-3703,172,51,81.0,7.5,118.0,89.5,37.0
8456-3701,195,111,2.0,1.0,349.0,2.5,13.0
8454-12703,665,665,170.0,2.5,170.0,1.5,0.0
8456-6102,281,208,267.0,2.5,271.0,0.5,4.0
8456-6101,325,294,51.0,2.5,44.0,6.0,7.0
8256-3703,209,36,85.0,1.0,,,
8256-12704,298,89,19.0,0.5,202.0,0.5,177.0
8255-12705,545,516,301.0,3.0,301.0,1.0,0.0
8256-3704,175,115,157.0,2.5,159.0,2.5,2.0
8256-12702,303,277,154.0,21.0,126.0,6.5,28.0
8256-6103,343,1,134.0,82.0,,,
8256-9101,389,18,278.0,0.5,,,
8256-6104,337,71,154.0,3.0,27.0,19.5,127.0
8256-12703,422,317,51.0,2.0,52.0,1.0,1.0
8257-1902,105,105,102.0,2.0,100.0,1.5,2.0
8256-12705,695,237,21.0,13.5,265.0,1.5,116.0
8257-3701,196,180,180.0,7.4999999999999964,188.0,1.0,8.0
8257-3704,167,182,276.0,25.5,276.0,8.0,0.0
8257-3703,204,198,204.0,2.5,209.0,2.0,5.0
8257-12704,673,7,161.0,5.5,,,
8257-6104,167,6,349.0,0.5,,,
8257-6102,326,295,258.0,8.0,257.0,3.0,1.0
8257-12703,481,480,245.0,1.5,246.0,0.5,1.0
8257-6101,332,333,19.0,2.5,20.0,1.5,1.0
8257-9101,278,328,264.0,3.0,266.0,1.0,2.0
8258-1901,95,95,208.0,4.5,210.0,3.5,2.0
8257-12701,672,669,81.0,4.5,85.0,0.5,4.0
8257-12705,567,624,356.0,1.0,357.0,0.5,1.0
8258-1902,98,98,117.0,4.5,120.0,2.5,3.0
8258-12703,360,393,136.0,2.0,137.0,1.0,1.0
8257-9102,468,416,303.0,1.0,302.0,1.0,1.0
8258-12702,400,444,243.0,5.5,242.0,2.0,1.0
8258-3701,172,187,306.0,7.0,307.0,3.0,1.0
8258-3704,137,168,301.0,7.0,285.0,3.0,16.0
8258-12705,382,272,17.0,3.5,18.0,2.5,1.0
8258-6104,137,69,76.0,4.0,264.0,0.5,172.0
8258-6103,313,17,38.0,2.5,,,
8258-12701,609,597,62.0,3.5,65.0,1.5,3.0
8258-6102,318,181,294.0,3.0,299.0,0.5,5.0
8258-6101,316,310,245.0,13.0,251.0,4.5,6.0
8259-1902,100,99,85.0,5.5,90.0,3.0,5.0
8259-12705,325,0,306.0,23.5,,,
8259-3703,197,8,88.0,9.0,,,
8259-6102,144,113,235.0,5.0,238.0,4.0,3.0
8258-12704,668,660,63.0,0.5,62.0,0.5,1.0
8259-12701,340,372,41.0,14.5,46.0,8.5,5.0
8259-6101,220,313,67.0,9.0,65.0,2.5,2.0
8259-12702,418,460,189.0,2.0,185.0,1.5,4.0
8258-9101,466,450,238.0,2.5,231.0,0.5,7.0
8259-6103,335,232,140.0,4.0,134.0,1.0,6.0
8260-1902,93,0,87.0,40.5,,,
8260-1901,81,84,267.0,89.5,103.0,10.5,164.0
8259-9101,268,407,248.0,11.0,232.0,2.0,16.0
8260-3702,189,0,16.0,6.0,,,
8259-12704,624,616,229.0,15.0,242.0,5.0,13.0
8260-3704,188,75,302.0,7.0,228.0,11.5,74.0
8259-9102,491,481,162.0,3.5,161.0,1.5,1.0
8260-3703,184,184,197.0,21.5,198.0,4.0,1.0
8260-12702,501,422,242.0,30.0,118.0,21.0,124.0
8260-12705,336,390,302.0,9.0,300.0,2.0,2.0
8260-6103,198,173,218.0,6.0,226.0,0.5,8.0
8260-6101,243,323,65.0,6.0,67.0,1.5,2.0
8260-6102,251,210,133.0,0.5,132.0,0.5,1.0
8260-9102,325,2,318.0,13.0,,,
8260-12701,670,671,49.0,5.0,47.0,2.5,2.0
8260-12704,586,607,31.0,5.0,32.0,1.5,1.0
8260-6104,291,320,269.0,6.0,266.0,1.5,3.0
8260-12703,625,641,293.0,9.0,296.0,2.0,3.0
8261-1902,97,7,47.0,3.0,,,
8261-1901,102,102,311.0,11.0,302.0,5.5,9.0
8261-6104,129,55,78.0,15.5,15.0,40.5,63.0
8261-6101,326,3,84.0,9.0,,,
8261-12704,274,265,5.0,6.000000000000004,13.0,4.0,8.0
8261-3701,191,189,175.0,2.5,174.0,1.0,1.0
8260-9101,472,471,77.0,1.5,76.0,1.0,1.0
8261-9101,390,47,225.0,5.5,,,
8261-6103,308,137,337.0,4.5,333.0,2.5,4.0
8261-9102,175,167,348.0,16.0,334.0,4.5,14.0
8261-6102,328,326,172.0,3.5,173.0,2.0,1.0
8262-1902,86,99,87.0,89.5,344.0,47.5,103.0
8262-12702,187,167,244.0,25.5,245.0,4.0,1.0
8261-12703,496,609,210.0,89.5,229.0,5.5,19.0
8262-3701,173,191,224.0,6.5,243.0,7.0,19.0
8262-3704,101,93,1.0,29.0,352.0,7.5,9.0
8262-3702,199,198,220.0,7.0,218.0,2.5,2.0
8262-3703,197,168,105.0,3.5,105.0,1.0,0.0
8262-6102,294,25,154.0,7.0,,,
8262-12705,341,315,143.0,2.0,143.0,0.5,0.0
8262-6103,325,18,336.0,1.0,,,
8261-12705,658,646,177.0,3.000000000000004,178.0,0.5,1.0
8262-6101,193,232,347.0,17.000000000000004,314.0,5.0,33.0
8262-12704,453,494,125.0,3.0,127.0,1.0,2.0
8262-6104,328,57,55.0,2.0,55.0,0.5,0.0
8263-3702,166,3,23.0,12.5,,,
8263-3701,129,88,95.0,5.5,105.0,4.0,10.0
8263-3703,132,99,140.0,10.5,145.0,3.5,5.0
8263-12704,219,243,25.0,13.5,27.0,4.0,2.0
8263-3704,171,65,80.0,11.0,77.0,10.0,3.0
8263-9101,123,86,292.0,10.5,298.0,6.5,6.0
8263-6103,283,77,51.0,2.0,40.0,3.0,11.0
8262-9101,486,454,197.0,1.5,195.0,0.5,2.0
8263-6102,253,278,340.0,13.5,329.0,4.0,11.0
8262-9102,488,487,268.0,2.5,275.0,2.0,7.0
8263-6101,317,318,62.0,9.0,66.0,2.0,4.0
8309-12702,172,9,146.0,89.5,,,
8455-9101,368,429,200.0,10.0,188.0,1.0,12.0
8458-1901,66,93,267.0,89.5,159.0,6.0,108.0
8458-12701,300,209,320.0,5.5,335.0,2.5,15.0
8456-9101,380,358,193.0,6.5,194.0,1.5,1.0
8456-12702,482,529,48.0,16.5,68.0,1.5,20.0
8458-6103,137,0,208.0,89.5,,,
8458-12703,372,212,353.0,2.5,1.0,0.5,8.0
8458-12702,417,254,111.0,12.0,106.0,2.0,5.0
8458-6101,160,146,280.0,6.5,288.0,1.5,8.0
8458-3701,147,172,322.0,9.0,184.0,6.4999999999999964,138.0
8456-9102,435,430,123.0,5.5,131.0,2.5,8.0
8458-9101,186,1,234.0,80.0,,,
8456-12704,635,567,115.0,8.5,112.0,5.0,3.0
8456-12703,616,631,107.0,3.0,106.0,1.5,1.0
8458-6102,326,86,332.0,12.5,309.0,32.0,23.0
8459-1901,96,96,98.0,11.0,96.0,3.5,2.0
8458-6104,328,65,119.0,9.0,98.0,9.5,21.0
8459-1902,100,100,267.0,89.5,307.0,11.5,40.0
8459-12701,488,1,206.0,42.5,,,
8458-12704,508,471,346.0,7.5,340.0,2.5,6.0
8459-3702,190,190,255.0,2.0,257.0,1.0,2.0
8459-3704,165,164,260.0,19.0,257.0,5.0,3.0
8459-6103,285,9,234.0,0.5,,,
8458-9102,309,289,103.0,30.5,85.0,3.5,18.0
8461-1902,86,54,279.0,10.0,94.0,22.5,175.0
8461-1901,93,83,310.0,17.0,261.0,0.5,49.0
8459-6101,260,260,286.0,4.0,287.0,1.5,1.0
8461-3701,189,3,116.0,20.0,,,
8459-12703,406,419,44.0,4.0,49.0,1.5,5.0
8461-9101,287,0,92.0,9.0,,,
8459-9101,459,292,328.0,13.5,64.0,3.0,96.0
8459-12704,516,479,220.0,6.5,216.0,3.0,4.0
8461-12701,668,21,255.0,11.5,,,
8461-6102,265,137,267.0,8.5,267.0,4.0,0.0
8459-9102,419,423,221.0,23.0,196.0,8.0,25.0
8462-1901,94,4,307.0,7.5,,,
8459-12702,652,648,205.0,14.5,202.0,6.0,3.0
8461-6103,311,231,24.0,3.5,20.0,1.5,4.0
8461-6101,325,324,314.0,4.5,308.0,1.0,6.0
8461-12702,401,486,7.0,14.500000000000002,352.0,3.0,15.0
8461-12704,466,371,51.0,10.0,54.0,2.5,3.0
8461-9102,358,132,297.0,18.0,304.0,14.0,7.0
8462-1902,72,72,358.0,12.000000000000007,19.0,9.5,21.0
8462-3702,159,2,242.0,12.5,,,
8462-6103,281,24,327.0,1.5,,,
8462-3701,185,177,243.0,2.5,244.0,2.0,1.0
8462-9101,261,234,321.0,3.0,319.0,4.5,2.0
8464-1902,95,94,198.0,8.5,179.0,5.000000000000005,19.0
8462-12703,451,407,157.0,5.0,163.0,2.5,6.0
8464-12702,261,229,43.0,3.0,44.0,2.0,1.0
8464-3703,97,1,148.0,6.0,,,
8462-12701,473,463,127.0,6.0,129.0,2.5,2.0
8462-9102,303,318,37.0,5.5,42.0,3.0,5.0
8462-12704,545,505,311.0,26.5,349.0,5.5,38.0
8464-12704,339,382,220.0,5.0,212.0,2.0,8.0
8464-3702,190,190,57.0,5.0,36.0,7.5,21.0
8462-12705,597,506,17.0,0.5,17.0,1.0,0.0
8464-6103,127,186,177.0,43.0,222.0,3.5,45.0
8465-1901,92,35,156.0,10.5,,,
8462-12702,679,668,30.0,6.0,36.0,5.0,6.0
8464-9101,359,80,121.0,3.0,33.0,0.5,88.0
8465-12702,249,219,265.0,10.5,254.0,6.0,11.0
8464-6104,316,295,128.0,4.5,128.0,2.5,0.0
8465-6101,82,0,93.0,89.5,,,
8465-3704,174,5,347.0,1.5,,,
8465-3702,120,113,76.0,89.5,119.0,17.0,43.0
8465-3701,192,192,287.0,11.0,311.0,5.5,24.0
8465-12703,260,247,81.0,2.0,85.0,1.0,4.0
8465-12704,239,228,266.0,5.0,92.0,2.0,174.0
8464-12701,660,619,272.0,2.5,271.0,2.0,1.0
8465-3703,142,172,142.0,2.5,146.0,2.0,4.0
8465-6104,170,1,359.0,2.000000000000005,,,
8464-12705,633,612,23.0,13.0,9.0,3.5,14.0
8466-1901,93,68,122.0,6.5,248.0,89.5,126.0
8466-1902,95,35,264.0,2.0,,,
8466-12703,150,152,67.0,43.5,58.0,8.5,9.0
8464-9102,478,471,248.0,5.0,246.0,2.0,2.0
8465-6103,310,159,134.0,2.0,136.0,3.5,2.0
8465-6102,222,312,102.0,8.0,103.0,2.0,1.0
8465-9101,235,278,310.0,3.0,310.0,2.0,0.0
8466-3701,192,43,132.0,8.5,,,
8466-3703,185,0,108.0,5.0,,,
8466-6102,148,21,1.0,4.000000000000001,,,
8466-12705,255,231,177.0,12.999999999999996,171.0,2.5,6.0
8466-6101,226,3,1.0,25.0,,,
8466-3704,156,86,332.0,5.5,333.0,0.5,1.0
8466-6103,260,3,310.0,28.0,,,
8479-3703,173,0,133.0,13.5,,,
8466-6104,318,13,209.0,15.0,,,
8481-1902,90,90,242.0,2.5,238.0,1.5,4.0
8481-3703,127,10,184.0,4.0,,,
8465-12705,657,586,311.0,1.0,308.0,1.0,3.0
8481-3704,128,21,73.0,89.5,,,
8465-9102,482,436,289.0,2.5,293.0,1.5,4.0
8481-3701,108,150,303.0,8.5,296.0,2.0,7.0
8481-12705,192,235,295.0,4.0,306.0,3.0,11.0
8481-6104,156,1,350.0,0.5,,,
8466-9102,240,414,342.0,17.500000000000007,334.0,3.5,8.0
8466-9101,351,362,271.0,3.5,272.0,2.0,1.0
8466-12704,552,570,161.0,4.5,165.0,1.5,4.0
8263-6104,305,232,186.0,1.0,187.0,1.0,1.0
8309-6102,121,3,331.0,38.5,,,
8309-3701,187,2,174.0,4.0,,,
8263-9102,479,78,340.0,6.5,7.0,0.5,27.0
8309-3704,186,9,346.0,3.0,,,
8309-12703,220,67,354.0,3.000000000000004,10.0,0.5,16.0
8309-12701,253,205,186.0,2.0,189.0,1.5,3.0
8263-12703,652,616,284.0,4.0,286.0,0.5,2.0
8309-6103,172,117,208.0,35.50000000000001,181.0,5.500000000000008,27.0
8310-1901,91,46,245.0,9.5,,,
8263-12705,668,666,62.0,1.5,63.0,0.5,1.0
8310-1902,82,96,40.0,7.5,47.0,4.0,7.0
8309-12704,670,7,192.0,30.999999999999996,,,
8309-6104,257,218,110.0,10.5,113.0,4.5,3.0
8310-3702,182,35,75.0,6.0,,,
8310-12705,254,224,323.0,9.5,331.0,6.5,8.0
8310-3701,190,102,58.0,3.0,62.0,3.0,4.0
8310-3703,197,45,358.0,14.000000000000005,,,
8310-12704,681,39,301.0,2.5,,,
8310-6102,220,48,140.0,0.5,,,
8309-9102,400,330,237.0,2.5,235.0,1.0,2.0
8310-12702,399,298,147.0,4.5,149.0,1.5,2.0
8310-6101,318,2,350.0,19.500000000000004,,,
8310-3704,188,195,36.0,89.5,231.0,7.0,165.0
8310-6103,181,126,134.0,89.5,92.0,11.5,42.0
8310-6104,324,13,341.0,3.0,,,
8310-9102,303,1,212.0,89.5,,,
8311-1902,95,0,168.0,3.5,,,
8311-1901,99,69,336.0,4.5,154.0,7.5,178.0
8311-12704,152,98,179.0,19.0,211.0,6.0,32.0
8311-12702,255,57,265.0,2.5,270.0,4.5,5.0
8310-12701,550,628,289.0,10.5,297.0,3.5,8.0
8311-3702,159,182,48.0,13.0,56.0,4.5,8.0
8311-3703,193,165,231.0,2.0,232.0,1.5,1.0
8311-6101,293,20,138.0,6.5,,,
8311-6103,301,41,196.0,6.5,,,
8311-3704,188,188,154.0,1.5,154.0,1.0,0.0
8312-1901,96,45,56.0,13.0,,,
8311-9101,119,152,151.0,17.0,144.0,4.0,7.0
8312-1902,90,5,210.0,3.5,,,
8311-12701,432,464,5.0,2.5,6.0,1.5,1.0
8311-12705,437,457,308.0,7.5,310.0,1.5,2.0
8311-9102,463,0,196.0,37.0,,,
8311-6104,322,322,85.0,3.0,83.0,2.0,2.0
8312-3703,156,1,148.0,8.0,,,
8312-3702,186,109,355.0,4.0,346.0,4.5,9.0
8312-3704,180,2,300.0,9.5,,,
8311-12703,530,559,217.0,1.5,218.0,0.5,1.0
8312-6104,160,128,256.0,8.5,257.0,3.0,1.0
8312-6103,242,119,62.0,15.5,74.0,10.5,12.0
8312-9101,467,0,235.0,3.0,,,
8312-6102,319,187,249.0,2.0,250.0,1.5,1.0
8312-12704,648,251,149.0,1.0,144.0,2.5,5.0
8312-12705,561,351,80.0,4.5,81.0,5.5,1.0
8312-9102,477,67,359.0,4.500000000000006,45.0,0.5,46.0
8313-1901,93,96,155.0,89.5,234.0,7.5,79.0
8313-6102,290,55,116.0,1.0,38.0,9.0,78.0
8312-12702,665,636,87.0,2.5,83.0,1.0,4.0
8313-6104,155,184,232.0,28.0,249.0,5.0,17.0
8313-12701,648,632,227.0,1.5,228.0,1.0,1.0
8313-12702,661,677,324.0,2.5,331.0,1.0,7.0
8313-9101,464,460,68.0,1.5,69.0,1.0,1.0
8313-12704,665,591,230.0,1.0,228.0,0.5,2.0
8314-1901,84,0,243.0,10.0,,,
8313-12703,675,656,207.0,3.5,205.0,2.0,2.0
8313-9102,475,474,139.0,1.5,139.0,1.0,0.0
8313-12705,658,602,191.0,1.0,191.0,0.5,0.0
8314-3703,189,9,207.0,7.0,,,
8314-6103,210,25,196.0,5.0,,,
8314-6102,180,62,100.0,11.5,74.0,15.5,26.0
8314-6104,194,6,7.0,12.000000000000005,,,
8314-3702,186,171,16.0,7.0,190.0,4.0,174.0
8314-12702,678,504,22.0,0.5,35.0,1.5,13.0
8315-1902,96,3,146.0,3.0,,,
8314-12701,680,680,46.0,11.0,54.0,5.5,8.0
8314-12703,673,620,41.0,1.0,38.0,0.5,3.0
8315-12701,392,7,193.0,1.5,,,
8314-9102,479,10,232.0,10.5,,,
8315-3703,189,48,207.0,9.0,,,
8314-12705,505,425,139.0,1.0,138.0,0.5,1.0
8315-12704,235,251,7.0,3.0,5.0,1.5,2.0
8315-6102,257,3,316.0,29.0,,,
8315-3701,179,164,17.0,7.5,21.0,3.0,4.0
8315-12702,669,16,147.0,32.0,,,
8315-6104,311,0,276.0,2.5,,,
8314-12704,668,668,317.0,2.0,317.0,0.5,0.0
8315-6103,315,166,134.0,3.0,131.0,1.5,3.0
8317-12702,367,14,159.0,2.5,,,
8315-9101,343,118,265.0,3.5,262.0,1.5,3.0
8315-12703,438,486,239.0,1.5,239.0,0.5,0.0
8315-9102,271,173,123.0,4.5,126.0,3.0,3.0
8317-12701,481,37,236.0,1.0,,,
8317-3702,198,1,226.0,6.5,,,
8317-3701,150,133,223.0,28.5,61.0,7.5,162.0
8317-3703,160,24,118.0,3.0,,,
8317-6103,276,12,42.0,0.5,,,
8317-6101,150,162,313.0,9.0,306.0,2.0,7.0
8317-12705,272,286,214.0,10.5,218.0,3.5,4.0
8317-12703,412,250,335.0,3.0,339.0,0.5,4.0
8317-6104,153,223,157.0,21.0,132.0,3.5,25.0
8481-6102,298,104,236.0,4.5,225.0,6.5,11.0
8481-9101,398,24,321.0,3.0,,,
8466-12702,676,677,40.0,2.0,41.0,1.0,1.0
8482-1902,100,70,215.0,5.5,217.0,4.5,2.0
8481-6103,265,298,293.0,0.5,206.0,0.5,87.0
8481-12701,491,406,35.0,0.5,36.0,0.5,1.0
8482-6101,285,1,167.0,10.5,,,
8482-3703,190,158,239.0,2.0,236.0,0.5,3.0
8482-3704,190,190,257.0,1.5,259.0,1.0,2.0
8482-6103,242,0,279.0,24.0,,,
8482-12702,636,16,36.0,0.5,,,
8482-6102,306,2,122.0,20.0,,,
8483-1902,99,19,147.0,3.5,,,
8483-12702,175,72,283.0,26.0,293.0,10.0,10.0
8482-9102,276,161,117.0,2.5,118.0,1.5,1.0
8483-3702,186,8,317.0,3.0,,,
8482-12704,677,146,311.0,20.5,250.0,3.5,61.0
8483-3704,142,115,201.0,11.0,204.0,4.5,3.0
8483-3701,195,191,129.0,3.0,131.0,2.0,2.0
8483-12705,234,232,303.0,14.0,319.0,6.0,16.0
8483-12701,334,312,152.0,17.5,157.0,2.0,5.0
8483-6104,237,0,80.0,89.5,,,
8483-12703,488,92,108.0,4.5,70.0,3.0,38.0
8483-6102,310,5,42.0,0.5,,,
8483-6103,189,200,23.0,10.5,18.0,3.0,5.0
8482-12705,647,577,243.0,1.0,243.0,0.5,0.0
8484-12701,242,4,310.0,12.5,,,
8483-6101,301,307,284.0,1.0,282.0,1.5,2.0
8482-12703,691,682,183.0,1.5,184.0,1.0,1.0
8483-12704,369,426,132.0,23.5,133.0,3.5,1.0
8483-9101,403,34,89.0,4.5,,,
8483-9102,193,205,153.0,10.0,158.0,3.5,5.0
8484-12704,286,169,248.0,3.0,245.0,0.5,3.0
8484-3701,187,189,239.0,7.0,240.0,3.0,1.0
8484-3702,185,137,359.0,1.5000000000000038,357.0,1.5,2.0
8484-3703,191,159,341.0,2.0,347.0,2.5,6.0
8484-12702,407,324,156.0,3.0,157.0,1.0,1.0
8484-6101,271,176,83.0,3.0,95.0,4.0,12.0
8485-3701,124,84,331.0,89.5,95.0,89.5,124.0
8485-3704,96,101,62.0,18.0,71.0,1.5,9.0
8484-6103,312,309,164.0,6.5,167.0,2.5,3.0
8485-3702,190,193,116.0,8.0,126.0,5.0,10.0
8485-12705,228,267,227.0,8.0,227.0,2.5,0.0
8485-6102,111,186,134.0,23.0,118.0,3.5,16.0
8485-12704,333,343,186.0,20.000000000000007,151.0,4.5,35.0
8485-6101,173,202,169.0,9.0,171.0,3.5,2.0
8485-12702,422,388,320.0,6.0,305.0,2.0,15.0
8486-3702,99,13,225.0,10.5,,,
8485-9101,438,4,269.0,32.5,,,
8486-1901,97,76,62.0,7.0,272.0,13.5,150.0
8485-12701,480,535,267.0,10.0,268.0,4.0,1.0
8485-6103,218,311,94.0,4.0,83.0,1.0,11.0
8486-3703,171,0,44.0,23.5,,,
8484-12703,676,672,297.0,2.0,300.0,1.5,3.0
8484-12705,676,664,108.0,11.0,98.0,3.5,10.0
8486-3704,140,113,233.0,5.0,226.0,3.0,7.0
8486-12704,335,259,87.0,11.0,95.0,5.0,8.0
8486-12705,384,187,308.0,6.5,303.0,1.0,5.0
8486-6103,313,0,81.0,15.5,,,
8486-6104,261,54,166.0,5.5,235.0,12.5,69.0
8486-12702,344,372,89.0,20.0,104.0,2.5,15.0
8486-6102,255,212,209.0,7.0,204.0,4.0,5.0
8486-6101,296,199,244.0,2.5,249.0,2.0,5.0
8485-9102,488,488,178.0,2.0000000000000036,179.0,1.0000000000000036,1.0
8487-1902,75,33,326.0,7.5,,,
8486-9101,376,175,140.0,8.0,142.0,8.5,2.0
8487-3701,193,0,123.0,10.0,,,
8487-3702,201,5,166.0,4.5,,,
8487-6101,199,85,325.0,22.5,303.0,0.5,22.0
8487-3704,185,120,142.0,14.5,150.0,8.5,8.0
8487-12702,563,5,316.0,0.5,,,
8486-9102,461,327,153.0,6.5,156.0,4.5,3.0
8487-12704,283,247,86.0,7.0,98.0,3.5,12.0
8488-12701,171,68,350.0,35.0,345.0,17.500000000000004,5.0
8486-12701,670,643,50.0,0.5,51.0,0.5,1.0
8487-9102,309,71,192.0,8.0,151.0,35.5,41.0
8487-6103,265,141,94.0,21.5,148.0,89.5,54.0
8488-3703,123,0,104.0,22.0,,,
8487-12703,451,373,350.0,4.0,4.0,2.5,14.0
8488-3704,138,15,108.0,36.5,,,
8488-3701,116,162,319.0,11.0,310.0,3.5,9.0
8487-12701,447,504,178.0,13.999999999999996,181.0,3.000000000000005,3.0
8488-6102,245,2,64.0,89.5,,,
8488-12704,245,230,185.0,30.999999999999996,205.0,11.5,20.0
8546-1901,98,2,195.0,5.0,,,
8488-9101,170,153,285.0,13.0,279.0,4.0,6.0
8488-6104,161,183,80.0,16.5,68.0,3.5,12.0
8488-12702,354,302,46.0,2.5,48.0,2.0,2.0
8488-12703,675,2,303.0,22.5,,,
8546-1902,92,92,159.0,3.0,159.0,3.0,0.0
8546-3702,184,4,252.0,89.5,,,
8488-9102,219,221,204.0,5.5,207.0,3.0,3.0
8487-12705,609,621,261.0,8.5,272.0,4.0,11.0
8546-3704,171,80,136.0,5.0,310.0,5.0,174.0
8546-12704,294,242,120.0,3.5,119.0,2.0,1.0
8546-9101,104,97,98.0,31.0,93.0,5.5,5.0
8546-12701,613,43,233.0,4.0,,,
8547-3701,52,0,267.0,29.5,,,
8546-6104,273,2,161.0,2.0,,,
8547-1901,79,54,334.0,7.0,342.0,1.0,8.0
8318-1901,91,66,244.0,4.0,50.0,0.5,166.0
8318-1902,99,25,42.0,6.0,,,
8317-6102,320,325,141.0,1.5,141.0,0.5,0.0
8318-3701,194,15,327.0,2.5,,,
8318-3702,140,109,77.0,9.0,73.0,7.5,4.0
8317-9101,360,346,131.0,3.5,133.0,2.0,2.0
8317-12704,619,545,257.0,1.0,254.0,0.5,3.0
8318-6103,118,48,220.0,22.5,,,
8318-12701,684,126,13.0,2.0,59.0,2.0,46.0
8318-3703,182,182,228.0,4.0,226.0,2.0,2.0
8318-3704,167,99,114.0,3.5,299.0,0.5,175.0
8317-9102,488,488,223.0,6.5,236.0,5.5,13.0
8318-6101,312,306,26.0,3.0,30.0,1.0,4.0
8318-12704,580,548,261.0,4.0,259.0,2.5,2.0
8318-6104,300,294,180.0,3.499999999999999,178.0,2.499999999999998,2.0
8318-12705,614,632,188.0,4.0,185.0,1.0,3.0
8318-12703,659,653,306.0,1.0,303.0,0.5,3.0
8319-12703,668,5,123.0,22.5,,,
8319-3703,194,181,279.0,2.5,278.0,1.0,1.0
8319-3704,163,166,169.0,10.5,177.0,0.5,8.0
8318-9101,434,463,257.0,6.0,246.0,2.5,11.0
8319-9102,321,22,209.0,38.500000000000014,,,
8319-12702,523,370,86.0,2.5,85.0,2.0,1.0
8318-9102,469,457,305.0,5.0,303.0,2.5,2.0
8319-12705,307,276,338.0,3.5,340.0,1.0,2.0
8320-3701,178,12,121.0,2.0,,,
8320-3703,197,17,295.0,1.0,,,
8320-12701,219,318,311.0,7.5,306.0,2.5,5.0
8320-3702,183,168,280.0,4.0,269.0,3.0,11.0
8320-6103,212,0,46.0,3.0,,,
8320-12702,323,246,111.0,3.0,130.0,9.0,19.0
8320-3704,179,181,52.0,9.5,57.0,4.0,5.0
8319-12704,672,672,245.0,2.0,244.0,1.0,1.0
8320-6101,328,278,354.0,1.5,354.0,1.5,0.0
8320-12704,448,412,163.0,3.5,166.0,1.5,3.0
8320-6104,271,294,181.0,8.000000000000004,176.0,1.5,5.0
8321-1901,95,0,201.0,30.5,,,
8321-1902,98,0,142.0,22.5,,,
8321-3701,182,0,247.0,8.0,,,
8321-3702,153,22,180.0,18.500000000000007,,,
8321-12704,657,1,104.0,7.5,,,
8321-6103,198,17,241.0,18.5,,,
8321-6101,317,0,77.0,3.5,,,
8320-9101,453,465,91.0,5.5,95.0,2.0,4.0
8321-6102,329,0,186.0,7.500000000000001,,,
8320-9102,491,491,248.0,1.5,249.0,0.5,1.0
8320-12705,675,674,336.0,1.5,337.0,0.5,1.0
8321-12703,522,444,226.0,3.0,224.0,2.0,2.0
8321-6104,283,220,7.0,4.0,8.0,2.0,1.0
8321-9101,474,0,175.0,7.500000000000005,,,
8321-12701,671,665,287.0,3.0,292.0,2.0,5.0
8322-1902,86,0,19.0,6.0,,,
8322-1901,98,97,80.0,3.0,72.0,2.0,8.0
8321-9102,423,193,53.0,3.0,66.0,1.5,13.0
8321-12705,684,680,159.0,6.0,161.0,2.5,2.0
8322-3703,176,9,3.0,4.9999999999999964,,,
8322-3704,95,73,101.0,21.5,329.0,4.5,132.0
8322-12702,514,173,35.0,5.0,18.0,3.5,17.0
8322-6104,159,81,301.0,7.0,288.0,5.0,13.0
8322-12703,535,472,232.0,8.0,213.0,5.0,19.0
8322-6103,308,313,93.0,5.0,96.0,3.0,3.0
8323-12702,253,261,114.0,62.0,138.0,4.5,24.0
8322-9102,301,283,1.0,5.500000000000002,6.0,2.0,5.0
8322-12701,674,666,260.0,7.0,253.0,4.0,7.0
8323-1902,97,24,252.0,2.5,,,
8322-12705,682,555,40.0,1.0,40.0,0.5,0.0
8323-1901,96,52,226.0,2.0,196.0,1.5,30.0
8322-12704,665,665,4.0,1.0,5.0,1.0,1.0
8323-3701,97,40,72.0,17.5,,,
8322-9101,442,452,269.0,10.0,266.0,7.0,3.0
8323-3704,134,58,341.0,11.0,347.0,9.5,6.0
8323-6102,261,7,87.0,11.5,,,
8323-3703,191,137,354.0,3.0,355.0,2.0,1.0
8323-6104,158,89,22.0,28.5,11.0,10.0,11.0
8323-12704,269,363,126.0,5.5,126.0,3.0,0.0
8323-12701,486,602,176.0,16.0,181.0,2.499999999999999,5.0
8324-1902,94,38,284.0,13.0,,,
8323-6103,220,220,242.0,2.5,38.0,3.5,156.0
8323-9102,187,181,290.0,11.0,271.0,3.0,19.0
8324-3701,186,54,247.0,6.5,267.0,4.5,20.0
8323-12703,571,598,235.0,7.0,226.0,2.0,9.0
8324-3702,117,147,28.0,16.0,28.0,3.0,0.0
8323-12705,553,297,230.0,1.5,231.0,1.0,1.0
8324-3704,185,62,61.0,7.0,63.0,8.0,2.0
8324-6103,170,179,352.0,3.0,351.0,2.0,1.0
8324-12701,489,203,58.0,1.0,63.0,2.0,5.0
8324-6104,182,203,276.0,2.0,282.0,0.5,6.0
8325-1901,80,23,192.0,11.499999999999998,,,
8325-1902,90,30,235.0,6.0,,,
8324-12704,351,394,230.0,10.0,237.0,0.5,7.0
8324-12703,505,361,193.0,6.0,196.0,3.0,3.0
8325-3701,121,174,158.0,15.5,142.0,1.5,16.0
8325-3702,141,149,285.0,10.5,272.0,7.0,13.0
8326-3702,192,11,270.0,3.0,,,
8325-12705,370,393,84.0,6.0,83.0,1.5,1.0
8325-12702,375,513,219.0,24.5,221.0,4.5,2.0
8325-9101,309,178,167.0,2.0,167.0,1.0,0.0
8324-9101,477,473,259.0,3.0,258.0,1.0,1.0
8325-12701,462,484,128.0,3.5,135.0,2.0,7.0
8326-3704,180,2,201.0,5.5,,,
8488-12705,588,406,97.0,0.5,97.0,1.0,0.0
8546-6101,237,232,155.0,6.0,161.0,3.0,6.0
8547-6101,166,0,229.0,8.5,,,
8546-6102,264,173,51.0,4.0,52.0,3.5,1.0
8547-6104,139,103,267.0,43.5,111.0,2.5,156.0
8547-12705,216,242,149.0,33.0,131.0,3.0,18.0
8547-12704,284,212,331.0,6.5,322.0,3.0,9.0
8547-9102,213,84,132.0,3.0,142.0,8.0,10.0
8548-1902,93,93,332.0,39.0,321.0,6.0,11.0
8547-6103,258,263,346.0,6.5,351.0,1.0,5.0
8548-12701,257,230,317.0,2.5,319.0,0.5,2.0
8547-6102,324,322,43.0,2.0,42.0,1.5,1.0
8548-3702,143,194,186.0,26.0,184.0,5.499999999999997,2.0
8548-3704,178,179,273.0,8.5,277.0,3.5,4.0
8548-12705,442,57,198.0,7.5,214.0,6.5,16.0
8546-12705,664,667,81.0,3.0,79.0,1.0,2.0
8548-6101,297,2,239.0,9.5,,,
8547-12701,627,496,203.0,1.0,199.0,1.0,4.0
8548-9101,339,3,9.0,55.50000000000001,,,
8548-6104,204,154,65.0,6.5,59.0,2.5,6.0
8549-1901,77,98,66.0,17.5,63.0,10.5,3.0
8548-6102,291,300,303.0,6.5,308.0,2.0,5.0
8549-3701,128,2,275.0,6.5,,,
8548-6103,295,315,334.0,12.0,330.0,3.5,4.0
8549-1902,79,93,320.0,13.0,303.0,4.5,17.0
8549-3704,96,34,216.0,3.5,,,
8548-12702,666,539,317.0,6.5,317.0,3.0,0.0
8548-12704,563,588,269.0,4.5,261.0,1.5,8.0
8549-12704,319,322,108.0,6.5,105.0,4.0,3.0
8548-12703,665,638,115.0,5.0,110.0,3.5,5.0
8549-3702,165,183,357.0,10.999999999999996,352.0,3.0,5.0
8549-3703,185,156,145.0,5.0,153.0,3.0,8.0
8549-6101,321,1,108.0,35.0,,,
8549-12703,425,410,254.0,6.5,249.0,2.0,5.0
8549-6102,227,210,263.0,2.5,260.0,1.0,3.0
8550-1902,80,5,197.0,5.5,,,
8549-12705,581,410,121.0,0.5,146.0,0.5,25.0
8549-6103,271,289,137.0,11.5,122.0,3.0,15.0
8550-3702,166,1,186.0,3.0,,,
8549-6104,257,299,163.0,11.0,218.0,4.5,55.0
8549-12702,612,605,79.0,1.0,82.0,0.5,3.0
8550-3701,168,155,280.0,3.0,281.0,1.5,1.0
8550-3703,167,56,19.0,3.0,12.0,5.0,7.0
8549-9102,421,441,133.0,5.5,126.0,1.5,7.0
8550-6102,291,115,102.0,6.5,99.0,4.0,3.0
8550-9101,193,154,96.0,20.5,108.0,3.0,12.0
8550-6104,219,226,313.0,1.5,314.0,0.5,1.0
8550-12702,639,394,203.0,0.5,203.0,0.5,0.0
8551-1902,80,99,231.0,89.5,282.0,28.5,51.0
8550-6103,322,321,240.0,3.0,242.0,1.0,2.0
8551-12703,176,187,104.0,9.0,102.0,4.5,2.0
8551-3702,188,7,31.0,20.0,,,
8550-12703,678,530,125.0,43.0,146.0,89.5,21.0
8551-3703,188,43,249.0,11.0,,,
8551-3701,126,180,281.0,13.5,280.0,3.5,1.0
8550-12701,677,575,270.0,3.0,271.0,0.5,1.0
8551-6104,78,108,34.0,10.5,18.0,4.0,16.0
8551-12701,355,422,223.0,2.0,218.0,1.0,5.0
8552-1901,96,0,147.0,6.5,,,
8550-12704,669,669,196.0,3.0,195.0,2.5,1.0
8550-12705,688,688,136.0,1.0,134.0,0.5,2.0
8551-12702,421,424,186.0,4.5,185.0,1.0,1.0
8552-1902,90,35,319.0,6.0,,,
8551-9101,130,175,23.0,3.0,257.0,0.5,126.0
8551-9102,167,150,307.0,11.0,298.0,6.5,9.0
8552-6103,240,26,205.0,9.5,,,
8552-3701,196,142,334.0,38.5,288.0,85.5,46.0
8552-6102,136,190,284.0,10.5,294.0,2.0,10.0
8552-6104,299,0,350.0,6.0,,,
8552-3704,178,178,287.0,15.0,289.0,7.5,2.0
8551-12704,477,460,39.0,1.5,39.0,0.5,0.0
8553-1902,97,22,250.0,3.5,,,
8553-12701,160,138,314.0,12.0,321.0,3.5,7.0
8552-12702,274,430,308.0,13.5,273.0,3.0,35.0
8553-3701,188,0,138.0,89.5,,,
8552-12704,328,406,4.0,3.5,2.0,1.4999999999999993,2.0
8553-6104,209,30,204.0,2.5,,,
8553-3704,112,157,130.0,7.0,142.0,1.0,12.0
8553-3703,169,130,182.0,1.4999999999999993,184.0,1.0,2.0
8553-6101,284,0,104.0,9.0,,,
8553-6103,325,8,325.0,4.5,,,
8552-12701,574,396,7.0,1.0,9.0,1.5,2.0
8554-1902,95,75,251.0,4.5,225.0,6.0,26.0
8552-12705,516,478,267.0,8.5,275.0,3.0,8.0
8554-3702,180,1,332.0,2.5,,,
8553-9101,219,184,299.0,5.5,299.0,1.0,0.0
8552-9101,462,450,69.0,3.0,69.0,1.5,0.0
8554-3701,190,152,111.0,4.5,285.0,5.0,174.0
8554-3703,192,51,254.0,7.0,227.0,6.5,27.0
8554-6102,168,0,156.0,89.5,,,
8553-12703,383,430,33.0,28.0,60.0,5.5,27.0
8554-6103,234,8,152.0,3.5,,,
8554-9102,182,26,63.0,12.0,,,
8554-6104,259,161,268.0,1.5,268.0,1.5,0.0
8555-12704,291,2,306.0,89.5,,,
8555-1901,75,76,287.0,8.0,293.0,5.0,6.0
8554-6101,292,288,265.0,13.5,269.0,4.0,4.0
8555-3702,142,0,258.0,17.0,,,
8555-12702,262,240,181.0,2.500000000000006,182.0,1.0,1.0
8555-12703,258,252,36.0,2.5,37.0,1.0,1.0
8555-1902,96,83,256.0,6.5,262.0,4.0,6.0
8554-12701,516,519,312.0,1.5,308.0,1.0,4.0
8554-12705,537,424,168.0,2.5,165.0,1.5,3.0
8554-12703,534,503,279.0,2.0,289.0,0.5,10.0
8555-6103,138,9,166.0,0.5,,,
8555-3701,195,135,152.0,2.5,172.0,3.5,20.0
8555-3703,169,100,103.0,3.0,96.0,1.5,7.0
8554-12702,636,532,216.0,4.5,223.0,2.5,7.0
8561-1902,81,46,26.0,3.0,,,
8554-9101,443,395,133.0,5.5,134.0,3.0,1.0
8555-6104,323,37,322.0,25.0,,,
8561-1901,75,79,23.0,11.5,24.0,2.5,1.0
8555-6102,221,145,42.0,5.0,39.0,1.5,3.0
8555-9101,449,4,91.0,10.0,,,
8561-3701,191,9,274.0,6.5,,,
8555-9102,292,222,248.0,5.0,248.0,1.5,0.0
8561-3703,181,108,262.0,5.5,224.0,14.5,38.0
8561-12703,270,236,162.0,28.5,179.0,2.0000000000000036,17.0
8561-6101,317,29,235.0,5.0,,,
8555-12705,592,532,250.0,1.0,249.0,1.0,1.0
8561-6102,159,204,119.0,6.5,113.0,2.0,6.0
8561-12701,377,285,345.0,5.0,344.0,1.5,1.0
8561-6103,191,178,351.0,4.0,350.0,2.0,1.0
8562-1901,86,37,39.0,12.5,,,
8561-6104,254,94,159.0,1.5,149.0,1.0,10.0
8562-1902,94,5,193.0,3.0,,,
8562-3701,185,45,132.0,3.0,,,
8562-12701,207,249,0.0,89.5,9.0,5.0,9.0
8561-12702,456,503,269.0,6.5,269.0,3.5,0.0
8562-3704,166,89,183.0,6.999999999999997,356.0,2.5000000000000036,173.0
8562-3703,167,174,68.0,4.0,69.0,2.0,1.0
8562-6104,185,0,229.0,6.0,,,
8562-12703,289,275,164.0,0.5,105.0,0.5,59.0
8561-12705,619,474,148.0,2.0,162.0,0.5,14.0
8562-12702,389,411,255.0,15.5,251.0,2.5,4.0
8562-6102,291,248,130.0,2.5,130.0,1.5,0.0
8563-12702,136,194,262.0,19.5,275.0,4.5,13.0
8562-6103,299,300,106.0,4.5,102.0,2.0,4.0
8563-12703,240,276,189.0,8.000000000000007,184.0,1.5,5.0
8563-3701,167,189,131.0,11.5,140.0,4.0,9.0
8563-3703,187,146,321.0,1.5,314.0,1.5,7.0
8563-3702,173,181,163.0,5.5,168.0,1.0,5.0
8563-6101,145,142,23.0,5.5,27.0,0.5,4.0
8563-3704,158,193,137.0,37.0,143.0,8.5,6.0
8562-12704,676,425,204.0,8.5,206.0,8.5,2.0
8562-12705,667,525,229.0,1.0,228.0,0.5,1.0
8562-9102,455,455,141.0,2.0,140.0,0.5,1.0
8563-12704,379,389,342.0,8.5,345.0,4.5,3.0
8563-6102,164,212,124.0,14.0,129.0,3.0,5.0
8564-1902,88,50,281.0,11.5,288.0,8.0,7.0
8564-1901,93,97,22.0,33.5,16.0,7.0,6.0
8563-12701,554,530,175.0,1.5,179.0,1.5000000000000038,4.0
8563-6103,244,285,259.0,12.0,267.0,3.0,8.0
8563-9102,265,244,192.0,19.500000000000004,191.0,3.0,1.0
8563-6104,300,281,210.0,2.5,209.0,1.0,1.0
8564-3702,115,125,184.0,8.000000000000004,177.0,3.000000000000004,7.0
8564-6101,247,0,186.0,22.000000000000004,,,
8564-12702,358,282,133.0,5.0,136.0,0.5,3.0
8564-3701,184,193,85.0,7.0,89.0,4.0,4.0
8564-12703,387,349,53.0,4.5,47.0,2.5,6.0
8564-6102,254,162,317.0,12.5,307.0,4.5,10.0
8563-12705,683,683,324.0,1.0,324.0,1.0,0.0
8565-1901,80,0,222.0,5.5,,,
8564-6104,279,220,326.0,62.50000000000001,355.0,6.499999999999999,29.0
8565-12701,179,181,253.0,6.0,208.0,8.5,45.0
8565-12702,321,94,330.0,37.0,99.0,2.0,129.0
8564-12705,610,322,85.0,3.0,96.0,4.0,11.0
8564-9102,256,286,3.0,3.500000000000008,0.0,1.4999999999999978,3.0
8565-12705,245,222,359.0,4.999999999999999,4.0,1.5,5.0
8564-9101,402,273,275.0,14.5,285.0,5.0,10.0
8565-6103,159,52,321.0,5.0,318.0,5.5,3.0
8565-3701,152,172,337.0,3.0,342.0,2.0,5.0
8564-12704,672,481,57.0,2.5,56.0,4.0,1.0
8565-3704,181,162,154.0,42.5,167.0,16.999999999999996,13.0
8565-6102,153,219,36.0,13.0,42.0,2.0,6.0
8566-1902,96,1,162.0,6.5,,,
8566-12703,153,85,248.0,18.0,247.0,13.0,1.0
8566-3701,95,93,300.0,8.0,301.0,4.5,1.0
8566-12701,298,5,183.0,23.5,,,
8566-6101,153,18,0.0,17.000000000000004,,,
8566-3702,206,53,158.0,7.5,97.0,24.5,61.0
8565-9102,177,262,170.0,8.999999999999998,184.0,1.5,14.0
8566-3703,108,126,196.0,6.5,187.0,5.5,9.0
8565-9101,278,265,207.0,20.0,205.0,4.5,2.0
8566-3704,102,174,0.0,9.999999999999996,339.0,1.5,21.0
8567-1901,94,22,305.0,12.0,,,
8566-6102,226,69,303.0,4.0,295.0,1.0,8.0
8567-1902,93,93,258.0,5.0,257.0,2.5,1.0
8567-3703,177,24,99.0,2.0,,,
8567-3702,163,98,167.0,1.5,163.0,2.5,4.0
8566-12702,358,388,177.0,5.999999999999999,171.0,2.0,6.0
8567-3704,152,47,195.0,2.5,,,
8567-3701,180,179,245.0,2.0,244.0,1.5,1.0
8566-9102,296,209,62.0,0.5,193.0,0.5,131.0
8565-12704,636,624,242.0,6.0,256.0,0.5,14.0
8568-12701,129,17,60.0,9.5,,,
8567-12705,531,22,28.0,9.5,,,
8566-9101,448,182,77.0,4.0,75.0,1.0,2.0
8567-6104,305,0,121.0,35.0,,,
8567-6103,316,117,138.0,11.5,179.0,27.000000000000004,41.0
8326-3703,183,2,257.0,11.0,,,
8325-12703,538,469,262.0,1.5,261.0,0.5,1.0
8326-6101,256,10,129.0,2.0,,,
8326-6103,319,13,255.0,5.0,,,
8325-9102,457,298,304.0,7.5,312.0,2.5,8.0
8326-6104,324,0,187.0,5.0,,,
8327-1901,80,87,88.0,20.0,91.0,7.5,3.0
8326-12705,319,419,128.0,27.5,117.0,9.5,11.0
8327-12701,254,233,280.0,4.0,283.0,0.5,3.0
8326-12703,437,498,318.0,5.0,325.0,1.5,7.0
8327-3701,184,104,21.0,2.0,18.0,2.0,3.0
8327-6101,215,29,32.0,4.0,,,
8327-6102,322,48,208.0,3.5,,,
8327-3703,183,192,137.0,9.5,126.0,3.0,11.0
8327-12705,686,11,147.0,4.0,,,
8327-6104,295,76,230.0,3.5,237.0,5.5,7.0
8328-1902,98,83,271.0,2.5,252.0,2.0,19.0
8328-3703,99,2,288.0,29.0,,,
8327-12704,430,408,282.0,3.0,280.0,0.5,2.0
8327-6103,328,290,292.0,2.0,287.0,0.5,5.0
8327-9102,259,188,103.0,6.5,105.0,3.0,2.0
8328-3701,117,150,73.0,5.5,68.0,2.5,5.0
8328-3702,174,2,45.0,0.5,,,
8328-12705,244,275,286.0,13.5,273.0,2.5,13.0
8328-12701,303,233,13.0,3.0,11.0,1.0,2.0
8328-6101,172,21,318.0,0.5,,,
8328-3704,185,184,332.0,44.0,320.0,9.0,12.0
8328-6103,313,1,196.0,4.0,,,
8329-3704,13,21,,,,,
8329-3701,101,124,164.0,25.5,166.0,1.0,2.0
8329-12703,154,186,72.0,9.0,62.0,2.0,10.0
8328-9102,207,173,112.0,6.5,109.0,3.5,3.0
8329-3702,145,92,132.0,20.0,147.0,4.5,15.0
8329-3703,180,4,255.0,43.0,,,
8328-12702,560,359,266.0,2.5,262.0,1.5,4.0
8329-6101,299,3,187.0,23.5,,,
8328-9101,303,346,242.0,3.0,232.0,1.5,10.0
8329-9102,110,107,327.0,6.5,336.0,5.5,9.0
8329-9101,318,48,29.0,4.5,,,
8329-6102,251,141,215.0,0.5,193.0,0.5,22.0
8330-1901,89,26,316.0,5.0,,,
8330-3701,186,9,164.0,12.0,,,
8329-6103,323,302,153.0,1.5,151.0,1.0,2.0
8329-6104,317,325,262.0,3.5,268.0,2.5,6.0
8330-3704,160,170,41.0,4.5,36.0,2.5,5.0
8330-12702,258,315,177.0,8.000000000000002,250.0,0.5,73.0
8330-6104,314,0,174.0,9.5,,,
8330-6103,317,115,352.0,3.5,357.0,3.5000000000000036,5.0
8329-12704,604,669,64.0,3.5,60.0,2.0,4.0
8329-12701,693,691,225.0,2.0,224.0,1.0,1.0
8330-12704,432,442,227.0,3.5,227.0,2.0,0.0
8330-12701,561,570,95.0,3.5,87.0,1.0,8.0
8331-1901,96,96,344.0,6.5,343.0,3.5,1.0
8330-9102,376,316,129.0,1.5,130.0,1.5,1.0
8331-1902,95,93,288.0,4.0,277.0,2.5,11.0
8331-12703,199,292,129.0,29.0,116.0,4.0,13.0
8331-12701,666,8,205.0,34.99999999999999,,,
8330-9101,467,460,249.0,3.0,248.0,1.0,1.0
8330-12703,668,644,293.0,2.5,296.0,1.0,3.0
8331-12702,424,315,332.0,1.5,330.0,2.0,2.0
8331-3704,169,105,65.0,5.5,61.0,1.5,4.0
8331-3703,188,126,274.0,6.5,279.0,8.5,5.0
8331-6104,323,161,120.0,6.5,129.0,4.5,9.0
8331-9101,474,9,34.0,23.0,,,
8331-9102,485,3,45.0,0.5,,,
8332-3701,195,116,258.0,18.0,297.0,31.0,39.0
8332-3704,99,80,304.0,8.0,136.0,0.5,168.0
8332-6101,227,14,18.0,2.0,,,
8331-12705,683,437,174.0,2.0,176.0,1.5,2.0
8332-3702,195,195,80.0,3.5,82.0,1.5,2.0
8331-12704,676,581,234.0,1.5,235.0,1.0,1.0
8332-12704,341,350,218.0,0.5,277.0,0.5,59.0
8332-12702,420,353,51.0,0.5,47.0,0.5,4.0
8333-3703,53,4,356.0,17.999999999999996,,,
8333-12702,157,54,305.0,14.5,330.0,10.5,25.0
8333-1902,97,97,130.0,36.0,133.0,8.5,3.0
8332-6103,300,212,192.0,3.5,190.0,3.0,2.0
8333-3704,152,3,214.0,6.0,,,
8332-6104,291,217,35.0,3.5,36.0,1.5,1.0
8333-6104,160,0,117.0,89.5,,,
8333-9102,130,3,353.0,89.5,,,
8333-6101,324,6,286.0,18.0,,,
8332-9102,334,317,198.0,3.0,196.0,0.5,2.0
8332-12701,669,677,308.0,9.5,316.0,3.5,8.0
8333-9101,447,3,169.0,36.0,,,
8334-1901,95,2,127.0,11.0,,,
8332-12705,679,641,214.0,2.0,214.0,0.5,0.0
8333-6102,320,299,120.0,0.5,118.0,0.5,2.0
8333-12703,470,424,118.0,3.0,119.0,1.0,1.0
8334-1902,85,76,190.0,34.0,101.0,10.5,89.0
8334-3701,173,0,256.0,14.5,,,
8334-3703,161,53,84.0,5.5,272.0,7.5,172.0
8334-3704,133,107,96.0,8.5,95.0,3.0,1.0
8334-12704,313,344,287.0,4.5,292.0,2.5,5.0
8334-12702,471,257,318.0,15.0,334.0,2.5,16.0
8334-9101,122,29,304.0,89.5,,,
8334-6104,123,130,197.0,39.50000000000001,8.0,5.0,171.0
8334-6103,226,102,55.0,5.0,47.0,5.0,8.0
8334-6102,224,172,156.0,10.5,143.0,4.5,13.0
8334-6101,324,84,279.0,2.0,288.0,0.5,9.0
8568-3701,189,26,138.0,6.0,,,
8568-1901,98,85,34.0,2.5,326.0,2.5,68.0
8568-3702,191,0,317.0,3.0,,,
8567-12704,489,455,297.0,3.5,299.0,2.0,2.0
8568-12704,420,59,1.0,0.5,54.0,0.5,53.0
8568-3703,195,193,235.0,12.0,254.0,12.0,19.0
8568-6102,287,16,105.0,5.0,,,
8569-1901,96,0,184.0,89.5,,,
8567-9102,373,319,299.0,3.0,298.0,2.0,1.0
8567-9101,402,343,252.0,89.5,0.0,59.5,108.0
8569-1902,92,26,174.0,4.5,,,
8568-6101,226,224,201.0,3.5,193.0,1.0,8.0
8566-12704,697,683,359.0,4.000000000000005,353.0,1.5,6.0
8569-3702,200,1,198.0,3.5,,,
8568-6104,308,287,117.0,1.5,119.0,0.5,2.0
8569-3701,146,143,293.0,2.0,295.0,1.5,2.0
8569-3703,181,113,57.0,2.5,57.0,1.5,0.0
8569-6101,120,188,132.0,21.0,117.0,4.0,15.0
8569-12703,315,339,351.0,8.0,348.0,2.5,3.0
8569-6103,270,170,88.0,2.5,86.0,2.0,2.0
8569-6104,214,235,316.0,3.5,319.0,2.0,3.0
8569-12704,331,350,206.0,5.0,207.0,3.0,1.0
8568-9101,484,411,187.0,1.5,182.0,1.0000000000000049,5.0
8570-1902,101,26,143.0,4.0,,,
8570-1901,98,98,185.0,12.499999999999996,178.0,9.999999999999996,7.0
8569-12701,567,503,111.0,3.0,115.0,2.5,4.0
8568-12705,689,680,282.0,2.5,284.0,1.5,2.0
8569-9101,275,372,72.0,6.0,75.0,2.0,3.0
8570-3703,187,3,88.0,2.0,,,
8569-9102,314,313,118.0,13.5,121.0,5.0,3.0
8570-3704,195,20,160.0,4.0,,,
8570-3701,189,189,35.0,8.5,32.0,6.5,3.0
8570-6103,187,148,141.0,13.0,155.0,0.5,14.0
8570-12705,364,368,143.0,4.0,140.0,1.5,3.0
8570-6101,302,170,208.0,5.5,207.0,2.5,1.0
8570-12703,438,448,0.0,12.500000000000002,357.0,2.5,3.0
8588-1901,79,85,119.0,13.0,117.0,1.0,2.0
8570-6102,314,312,202.0,5.0,205.0,2.5,3.0
8588-1902,99,81,323.0,3.0,277.0,5.5,46.0
8570-12704,434,560,160.0,15.5,142.0,4.0,18.0
8570-6104,331,331,184.0,3.000000000000008,182.0,1.0,2.0
8570-12701,584,623,358.0,15.0,345.0,4.0,13.0
8570-12702,582,634,148.0,9.0,144.0,3.0,4.0
8588-12701,394,292,301.0,2.0,302.0,0.5,1.0
8588-6103,125,44,268.0,13.5,,,
8588-3703,127,115,327.0,9.0,335.0,7.5,8.0
8570-9102,427,420,166.0,0.5,148.0,0.5,18.0
8588-3701,195,160,46.0,0.5,40.0,3.0,6.0
8588-6102,321,14,158.0,2.0,,,
8588-3702,194,194,93.0,1.5,94.0,1.0,1.0
8589-1901,93,49,4.0,7.499999999999997,,,
8588-6104,258,184,40.0,2.0,36.0,1.0,4.0
8589-6103,135,34,51.0,8.0,,,
8589-3701,159,100,20.0,2.0,18.0,2.0,2.0
8589-3702,177,84,171.0,2.5,175.0,1.5,4.0
8589-3704,182,53,148.0,6.0,139.0,12.5,9.0
8589-12701,282,229,308.0,23.5,302.0,7.0,6.0
8588-12705,489,492,37.0,4.5,37.0,1.5,0.0
8588-9101,324,300,292.0,1.0,293.0,0.5,1.0
8588-12704,556,462,195.0,1.0,193.0,0.5,2.0
8591-1901,88,5,293.0,6.0,,,
8589-12702,309,338,190.0,0.5,127.0,1.0,63.0
8591-1902,92,0,30.0,4.5,,,
8588-12702,663,676,123.0,11.5,131.0,3.5,8.0
8591-12703,166,111,240.0,9.0,241.0,3.5,1.0
8591-3701,191,20,332.0,11.0,,,
8589-9102,240,209,54.0,7.0,54.0,1.5,0.0
8589-9101,299,191,347.0,1.5,345.0,1.0,2.0
8591-3704,162,1,214.0,19.5,,,
8589-12704,390,420,39.0,5.0,41.0,1.0,2.0
8591-12704,255,190,16.0,6.0,18.0,4.5,2.0
8592-1901,92,0,329.0,4.5,,,
8591-3703,167,182,304.0,13.0,291.0,6.5,13.0
8592-1902,91,85,128.0,7.5,3.0,6.5,125.0
8591-12702,257,362,228.0,8.0,216.0,2.0,12.0
8592-3701,205,19,320.0,2.5,,,
8591-6101,283,132,203.0,9.0,166.0,0.5,37.0
8591-12701,362,365,309.0,23.5,221.0,3.0,88.0
8592-3704,89,101,60.0,89.5,260.0,3.0,160.0
8592-12701,196,230,305.0,26.0,289.0,3.0,16.0
8592-3702,150,161,58.0,19.5,116.0,9.0,58.0
8592-6104,111,105,213.0,12.5,211.0,4.0,2.0
8592-3703,185,189,252.0,7.0,250.0,3.0,2.0
8591-6104,316,316,273.0,2.5,274.0,1.0,1.0
8593-1902,95,33,136.0,5.5,,,
8592-12704,496,111,244.0,8.5,110.0,1.0,134.0
8591-9102,366,355,143.0,3.5,142.0,3.5,1.0
8592-9102,336,5,236.0,6.5,,,
8593-1901,78,83,98.0,37.5,293.0,4.0,165.0
8593-3704,115,5,163.0,3.5,,,
8592-6101,324,331,251.0,4.5,251.0,1.0,0.0
8592-6102,326,312,193.0,2.0,195.0,1.0,2.0
8593-3703,190,189,357.0,6.5,28.0,5.0,31.0
8595-12701,333,1,255.0,89.5,,,
8593-12703,411,323,100.0,1.5,102.0,1.0,2.0
8593-6103,309,202,250.0,6.0,194.0,0.5,56.0
8593-9101,469,3,50.0,2.0,,,
8593-6104,296,243,119.0,1.5,125.0,1.0,6.0
8595-1902,75,65,104.0,15.5,331.0,24.5,133.0
8592-9101,478,465,42.0,1.5,40.0,1.0,2.0
8335-1902,95,3,74.0,9.5,,,
8334-12703,584,478,165.0,2.0,162.0,1.5,3.0
8334-12705,546,409,51.0,15.5,50.0,5.5,1.0
8335-3702,118,99,350.0,8.0,335.0,4.0,15.0
8335-3704,110,102,258.0,8.0,252.0,6.5,6.0
8334-9102,287,177,43.0,11.5,45.0,4.0,2.0
8335-3701,196,197,181.0,9.000000000000004,175.0,3.5,6.0
8334-12701,685,667,121.0,3.0,124.0,1.0,3.0
8335-6103,271,6,146.0,81.0,,,
8335-12703,345,274,122.0,9.5,123.0,6.0,1.0
8335-9101,377,3,288.0,89.5,,,
8335-12701,372,402,282.0,1.5,276.0,0.5,6.0
8336-1901,92,0,50.0,49.5,,,
8336-3702,113,13,15.0,27.0,,,
8336-3701,139,67,204.0,89.5,218.0,6.0,14.0
8335-6102,321,321,266.0,12.5,277.0,2.5,11.0
8336-12701,418,103,25.0,4.5,29.0,2.5,4.0
8336-3703,176,65,333.0,4.0,327.0,2.0,6.0
8336-3704,167,8,204.0,4.0,,,
8335-12704,581,431,124.0,7.0,123.0,3.5,1.0
8336-6104,315,8,312.0,10.5,,,
8336-6103,319,10,220.0,5.0,,,
8335-9102,449,468,177.0,18.5,168.0,3.5,9.0
8336-6102,301,132,341.0,8.0,345.0,7.0,4.0
8336-12702,682,358,103.0,2.0,106.0,1.0,3.0
8337-1901,91,87,102.0,6.0,97.0,2.0,5.0
8336-9101,256,310,275.0,18.5,255.0,2.5,20.0
8336-12703,674,425,315.0,2.0,320.0,3.5,5.0
8337-3702,117,0,78.0,89.5,,,
8337-12703,251,273,267.0,6.5,265.0,2.0,2.0
8337-12701,335,395,355.0,4.0,1.0,1.4999999999999993,6.0
8336-9102,393,434,14.0,5.0,20.0,2.0,6.0
8337-3703,182,182,51.0,4.0,52.0,3.0,1.0
8336-12705,656,635,226.0,6.0,221.0,2.5,5.0
8337-6103,277,181,201.0,5.5,138.0,1.0,63.0
8337-9101,201,168,10.0,31.500000000000007,6.0,13.500000000000005,4.0
8337-6101,319,319,331.0,3.0,337.0,2.0,6.0
8338-12705,125,14,111.0,13.0,,,
8337-6102,320,298,199.0,1.5,198.0,0.5,1.0
8338-1902,92,53,143.0,1.5,3.0,3.500000000000006,140.0
8338-1901,79,94,155.0,89.5,356.0,9.5,159.0
8337-6104,325,306,175.0,1.0,174.0,0.5,1.0
8337-9102,315,245,318.0,15.0,324.0,8.5,6.0
8337-12702,615,568,56.0,7.0,54.0,3.0,2.0
8338-3703,189,9,320.0,20.5,,,
8337-12705,646,563,236.0,11.0,229.0,2.5,7.0
8338-9102,134,2,201.0,3.0,,,
8338-3702,182,182,281.0,16.5,274.0,4.5,7.0
8338-3704,144,156,59.0,3.0,60.0,2.5,1.0
8338-6104,110,206,202.0,11.0,209.0,2.5,7.0
8338-12703,492,400,45.0,11.5,21.0,12.0,24.0
8338-6101,285,273,239.0,3.0,248.0,2.0,9.0
8341-3704,169,42,112.0,2.0,,,
8338-6102,307,307,88.0,6.0,88.0,4.0,0.0
8338-9101,318,284,204.0,9.0,201.0,4.5,3.0
8341-3702,150,193,192.0,5.5,195.0,3.0,3.0
8341-12701,310,385,24.0,3.5,19.0,2.0,5.0
8341-12703,341,301,224.0,11.5,233.0,4.5,9.0
8338-12701,664,667,254.0,10.5,265.0,2.5,11.0
8341-6103,150,111,215.0,8.5,212.0,3.5,3.0
8341-6104,325,5,256.0,3.5,,,
8341-6101,332,263,338.0,2.5,342.0,1.5,4.0
8341-6102,250,290,265.0,5.5,263.0,2.0,2.0
8438-3701,127,84,318.0,6.0,314.0,4.0,4.0
8438-12703,362,44,306.0,89.5,,,
8438-3703,188,8,352.0,3.0,,,
8438-3704,187,45,61.0,6.0,,,
8438-12705,282,217,158.0,2.5,161.0,1.0,3.0
8438-6101,282,0,81.0,8.0,,,
8341-9101,365,450,350.0,4.0,350.0,1.0,0.0
8341-9102,373,344,342.0,4.5,342.0,2.5,0.0
8341-12705,681,691,84.0,8.0,84.0,4.0,0.0
8341-12704,693,693,123.0,4.5,120.0,3.0,3.0
8438-6104,190,223,165.0,9.5,175.0,3.0,10.0
8438-6102,276,307,44.0,3.5,42.0,1.5,2.0
8439-1902,97,80,83.0,21.5,251.0,3.5,168.0
8438-9102,405,266,248.0,4.5,260.0,0.5,12.0
8439-3701,193,80,221.0,2.0,144.0,0.5,77.0
8439-3702,191,99,297.0,1.0,292.0,1.0,5.0
8439-12704,341,353,194.0,2.5,190.0,1.5,4.0
8438-12702,674,674,88.0,2.0,88.0,1.0,0.0
8439-6103,231,271,200.0,1.5,198.0,1.5,2.0
8439-6101,302,319,224.0,5.0,226.0,2.0,2.0
8439-12701,582,569,337.0,7.0,336.0,3.5,1.0
8439-9101,204,244,99.0,15.0,85.0,2.5,14.0
8439-6102,328,326,136.0,1.5,140.0,1.0,4.0
8440-12702,204,0,248.0,89.5,,,
8440-1901,103,78,12.0,15.999999999999998,20.0,2.0,8.0
8439-12703,678,635,191.0,1.0,188.0,0.5,3.0
8439-12702,685,662,329.0,1.0,328.0,0.5,1.0
8439-9102,308,362,55.0,6.5,38.0,3.0,17.0
8439-12705,685,454,103.0,12.0,109.0,1.0,6.0
8440-1902,97,97,320.0,14.0,327.0,0.5,7.0
8440-6101,188,9,158.0,9.5,,,
8440-3701,201,88,43.0,7.0,45.0,6.5,2.0
8440-3704,153,91,337.0,16.5,345.0,16.500000000000007,8.0
8440-6102,156,178,239.0,30.5,232.0,6.0,7.0
8440-3703,197,194,283.0,14.0,281.0,12.5,2.0
8440-6103,321,159,59.0,5.0,14.0,1.0,45.0
8440-12703,457,486,141.0,5.5,141.0,2.0,0.0
8595-3701,190,7,303.0,11.5,,,
8595-9101,54,0,326.0,12.5,,,
8593-9102,389,327,348.0,20.5,3.0,5.000000000000002,15.0
8593-12705,546,399,212.0,1.0,213.0,0.5,1.0
8595-3704,121,119,349.0,7.5,356.0,1.5,7.0
8595-6101,245,1,77.0,43.0,,,
8595-3702,189,189,42.0,3.5,42.0,0.5,0.0
8595-12704,665,56,255.0,8.5,190.0,11.0,65.0
8595-9102,280,33,19.0,4.0,,,
8595-6102,249,238,136.0,8.5,135.0,4.0,1.0
8593-12701,668,660,38.0,1.5,37.0,0.5,1.0
8596-1901,89,0,154.0,24.5,,,
8595-12702,503,467,303.0,4.0,312.0,1.5,9.0
8595-6103,319,321,247.0,4.5,241.0,2.0,6.0
8596-1902,95,94,130.0,4.5,123.0,2.0,7.0
8596-12701,467,23,9.0,43.0,,,
8596-12703,225,264,247.0,15.5,238.0,2.5,9.0
8596-3703,193,2,86.0,3.5,,,
8596-3702,121,94,77.0,1.5,75.0,3.5,2.0
8595-12705,562,578,172.0,4.0,172.0,1.5,0.0
8596-3701,191,190,141.0,16.5,91.0,0.5,50.0
8596-3704,189,66,168.0,6.0,212.0,2.0,44.0
8596-12705,368,375,111.0,9.5,105.0,3.0,6.0
8596-6103,176,314,86.0,14.5,94.0,3.0,8.0
8596-9102,474,10,329.0,2.5,,,
8596-6102,239,300,245.0,3.5,245.0,1.5,0.0
8596-6101,314,293,88.0,1.5,91.0,1.0,3.0
8596-6104,318,268,227.0,3.5,225.0,1.0,2.0
8597-1902,101,44,123.0,4.0,,,
8597-3701,116,0,47.0,89.5,,,
8597-1901,104,103,189.0,11.999999999999998,263.0,7.0,74.0
8597-3702,87,53,293.0,10.0,291.0,7.0,2.0
8597-6101,242,4,219.0,5.5,,,
8596-12704,671,639,281.0,2.0,281.0,0.5,0.0
8596-12702,686,664,147.0,1.0,147.0,0.5,0.0
8597-3703,195,158,137.0,2.5,174.0,2.5,37.0
8597-6104,101,221,85.0,13.5,73.0,2.5,12.0
8597-9102,168,79,286.0,14.5,279.0,9.5,7.0
8597-12701,512,581,355.0,3.5,356.0,1.5,1.0
8597-12705,375,410,1.0,10.5,1.0,1.5000000000000049,0.0
8597-9101,421,26,36.0,3.5,,,
8598-1902,95,54,329.0,3.0,111.0,8.0,142.0
8597-6103,329,327,227.0,3.5,227.0,2.0,0.0
8598-3701,191,48,192.0,19.5,,,
8598-3704,176,0,142.0,5.5,,,
8597-12702,601,550,88.0,0.5,85.0,0.5,3.0
8598-3703,153,122,299.0,14.5,298.0,8.0,1.0
8598-12704,209,278,312.0,18.0,299.0,4.5,13.0
8598-3702,162,181,11.0,19.5,335.0,4.0,36.0
8598-6102,296,6,87.0,2.0,,,
8598-9101,231,46,221.0,14.5,,,
8597-12704,693,640,29.0,1.0,31.0,1.0,2.0
8597-12703,685,670,191.0,1.5,193.0,0.5,2.0
8600-1901,97,97,226.0,12.5,213.0,3.0,13.0
8600-1902,107,92,41.0,5.5,219.0,3.0,178.0
8600-3702,189,30,216.0,1.5,,,
8598-12702,438,516,58.0,3.5,57.0,1.0,1.0
8600-3701,174,150,247.0,12.5,254.0,7.0,7.0
8598-6104,329,315,52.0,2.0,53.0,0.5,1.0
8598-12701,585,477,37.0,6.0,35.0,3.0,2.0
8600-6101,314,6,36.0,10.5,,,
8600-3704,178,178,209.0,3.5,209.0,2.0,0.0
8600-12703,623,25,220.0,8.5,,,
8600-6102,159,125,294.0,7.0,302.0,4.0,8.0
8600-9101,160,2,254.0,1.5,,,
8601-1901,98,3,200.0,9.5,,,
8600-12705,359,339,230.0,8.0,231.0,1.5,1.0
8600-6104,108,202,44.0,8.0,44.0,2.0,0.0
8601-1902,84,82,146.0,13.0,268.0,6.0,122.0
8601-3701,189,0,157.0,8.0,,,
8601-3704,146,33,20.0,6.5,,,
8600-12702,504,517,254.0,2.0,253.0,0.5,1.0
8600-6103,274,247,76.0,2.5,77.0,0.5,1.0
8601-3702,197,41,147.0,2.0,,,
8601-6102,215,18,345.0,17.0,,,
8601-12701,311,201,156.0,5.5,20.0,1.0,136.0
8600-12704,632,510,290.0,5.5,301.0,2.5,11.0
8601-6101,322,50,89.0,1.5,78.0,0.5,11.0
8600-12701,689,634,284.0,3.5,284.0,2.0,0.0
8602-1901,99,34,134.0,2.5,,,
8601-6103,258,234,35.0,2.0,35.0,1.0,0.0
8601-6104,326,108,169.0,7.0,252.0,3.0,83.0
8602-1902,100,0,315.0,15.0,,,
8601-9101,231,276,97.0,5.5,98.0,3.0,1.0
8601-9102,478,9,119.0,3.5,,,
8602-3702,107,0,6.0,16.5,,,
8602-3703,139,0,59.0,89.5,,,
8602-3704,140,0,174.0,9.5,,,
8602-6101,90,54,123.0,14.0,118.0,7.5,5.0
8601-12703,678,301,173.0,0.5,319.0,0.5,146.0
8602-6102,156,91,148.0,17.0,147.0,7.5,1.0
8602-3701,201,201,27.0,3.5,26.0,2.0,1.0
8601-12705,562,509,308.0,1.5,309.0,0.5,1.0
8602-12704,684,23,102.0,18.5,,,
8603-1901,101,8,271.0,10.5,,,
8602-6104,327,64,125.0,2.0,121.0,2.5,4.0
8602-9102,315,25,346.0,2.0,,,
8602-6103,333,219,172.0,2.5,172.0,3.0,0.0
8603-3701,187,2,348.0,2.0,,,
8603-3703,186,4,104.0,2.0,,,
8440-12705,637,365,176.0,2.0,180.0,0.5,4.0
8440-12704,588,466,212.0,1.5,213.0,1.5,1.0
8440-9102,280,247,283.0,5.0,287.0,4.0,4.0
8440-12701,680,649,78.0,3.5,75.0,1.5,3.0
8441-1901,101,93,155.0,5.5,161.0,5.5,6.0
8441-3702,185,0,311.0,3.0,,,
8441-3701,123,157,345.0,14.5,348.0,6.0,3.0
8441-12702,321,481,141.0,10.5,139.0,2.5,2.0
8441-6101,330,8,65.0,8.0,,,
8441-12701,405,437,115.0,1.5,113.0,1.0,2.0
8441-3704,191,191,34.0,3.0,33.0,1.5,1.0
8441-6103,244,197,295.0,11.5,293.0,7.5,2.0
8441-12703,694,119,226.0,1.0,219.0,1.5,7.0
8441-9101,196,133,39.0,16.5,44.0,4.0,5.0
8441-12704,682,320,291.0,0.5,290.0,0.5,1.0
8442-1901,59,87,303.0,15.5,83.0,7.0,140.0
8441-6104,323,323,342.0,1.5,343.0,1.0,1.0
8442-1902,68,85,89.0,89.5,283.0,6.5,166.0
8442-12701,271,271,273.0,3.0,287.0,1.5,14.0
8441-12705,620,604,13.0,5.5,13.0,2.5,0.0
8442-3703,159,89,169.0,4.0,169.0,3.5,0.0
8442-3701,183,183,287.0,2.5,287.0,2.0,0.0
8442-12702,358,400,239.0,8.5,241.0,3.0,2.0
8442-3704,165,103,74.0,6.0,71.0,2.0,3.0
8441-9102,485,426,300.0,2.0,300.0,0.5,0.0
8442-6104,196,1,347.0,7.0,,,
8442-6101,273,242,138.0,2.0,141.0,1.5,3.0
8442-6103,270,92,0.0,2.5000000000000053,345.0,0.5,15.0
8442-6102,175,298,261.0,5.0,267.0,4.0,6.0
8443-1902,90,33,90.0,4.0,,,
8442-12703,663,658,97.0,4.0,95.0,3.0,2.0
8442-12704,658,660,231.0,5.5,234.0,2.0,3.0
8442-12705,654,654,272.0,3.0,274.0,1.5,2.0
8443-3701,188,120,268.0,1.5,246.0,1.0,22.0
8443-3703,192,9,323.0,3.0,,,
8442-9101,420,440,249.0,43.5,280.0,14.5,31.0
8442-9102,469,405,165.0,4.0,164.0,1.5,1.0
8443-12702,436,357,312.0,2.5,313.0,1.5,1.0
8443-3704,156,174,102.0,8.5,85.0,2.0,17.0
8443-12701,424,512,246.0,7.0,281.0,3.5,35.0
8443-6104,323,87,59.0,2.0,47.0,2.0,12.0
8443-9102,224,197,126.0,13.0,130.0,0.5,4.0
8444-12704,140,145,24.0,12.0,28.0,4.0,4.0
8443-6102,321,266,51.0,2.5,47.0,2.0,4.0
8444-1901,89,89,102.0,13.5,98.0,5.0,4.0
8444-1902,88,66,98.0,8.5,98.0,10.0,0.0
8443-12705,606,528,310.0,1.5,309.0,1.0,1.0
8443-12703,626,596,242.0,0.5,241.0,0.5,1.0
8444-6101,104,35,18.0,29.000000000000004,,,
8443-9101,438,346,310.0,1.0,311.0,1.0,1.0
8444-3702,143,125,344.0,16.0,334.0,6.0,10.0
8444-3701,191,181,99.0,6.0,285.0,1.5,174.0
8444-3704,172,122,273.0,9.5,280.0,4.0,7.0
8444-6103,282,2,266.0,1.5,,,
8444-12701,517,449,342.0,4.5,349.0,4.5,7.0
8444-12702,469,464,45.0,15.5,35.0,2.0,10.0
8445-1901,75,0,160.0,7.0,,,
8444-9101,304,184,358.0,2.0000000000000036,2.0,1.0000000000000049,4.0
8444-6102,322,321,330.0,1.5,328.0,1.0,2.0
8444-6104,325,258,162.0,5.0,163.0,4.0,1.0
8445-3702,168,61,190.0,7.5,205.0,1.5,15.0
8445-3704,174,2,261.0,3.0,,,
8444-12703,681,677,354.0,1.5,353.0,0.5,1.0
8445-3703,163,185,303.0,89.5,201.0,9.0,102.0
8445-12704,382,213,349.0,2.5,345.0,2.0,4.0
8445-6101,319,4,23.0,3.0,,,
8445-12702,560,287,130.0,1.0,134.0,3.0,4.0
8444-9102,489,477,91.0,2.0,89.0,0.5,2.0
8445-12703,478,495,216.0,7.0,245.0,4.5,29.0
8445-6103,315,258,308.0,2.0,311.0,1.5,3.0
8445-6104,315,168,149.0,89.5,145.0,88.0,4.0
8446-1901,102,91,302.0,20.0,269.0,13.5,33.0
8446-3702,122,13,23.0,15.5,,,
8445-9102,292,262,310.0,2.0,305.0,1.5,5.0
8446-1902,99,91,299.0,4.0,108.0,2.5,169.0
8446-12702,283,298,258.0,7.0,258.0,1.5,0.0
8445-12701,671,671,206.0,1.0,207.0,0.5,1.0
8445-9101,450,278,214.0,3.5,215.0,2.5,1.0
8446-6101,149,118,274.0,30.0,267.0,10.0,7.0
8446-6102,279,9,33.0,89.5,,,
8446-3704,196,156,266.0,3.0,266.0,1.5,0.0
8446-3703,194,195,110.0,4.5,101.0,5.0,9.0
8446-12701,465,478,102.0,11.0,103.0,3.5,1.0
8447-1901,97,100,167.0,89.5,266.0,8.0,99.0
8447-1902,88,61,78.0,4.0,157.0,7.0,79.0
8446-6104,324,227,45.0,16.5,24.0,13.5,21.0
8447-3702,197,0,260.0,25.5,,,
8447-12703,255,275,0.0,89.5,165.0,3.0,165.0
8446-12705,653,572,243.0,8.0,234.0,5.0,9.0
8447-3703,187,100,304.0,7.5,295.0,2.0,9.0
8447-3701,198,198,5.0,5.0000000000000036,2.0,1.5,3.0
8447-12704,619,49,352.0,21.0,,,
8446-12704,683,671,344.0,1.5,345.0,0.5,1.0
8446-9102,431,404,109.0,9.0,88.0,3.5,21.0
8446-9101,493,444,349.0,1.0,348.0,0.5,1.0
8447-12702,302,477,70.0,8.5,77.0,3.0,7.0
8447-3704,174,163,123.0,6.0,123.0,3.0,0.0
8447-9101,294,45,209.0,12.0,,,
8448-1902,97,0,255.0,7.0,,,
8448-1901,81,93,46.0,89.5,37.0,22.0,9.0
8603-3702,199,10,160.0,2.0,,,
8603-3704,161,18,355.0,2.0,,,
8602-12701,700,476,204.0,1.0,212.0,1.0,8.0
8602-12702,689,419,83.0,43.0,217.0,3.5,134.0
8603-12705,524,2,81.0,1.0,,,
8603-12702,686,6,40.0,6.5,,,
8603-6102,259,4,197.0,3.5,,,
8602-9101,439,452,136.0,6.0,139.0,2.5,3.0
8604-1902,89,1,320.0,6.5,,,
8604-3701,184,0,339.0,18.0,,,
8604-3702,120,42,338.0,9.5,,,
8602-12705,688,655,215.0,2.0,216.0,1.5,1.0
8603-6104,262,195,235.0,2.5,238.0,1.0,3.0
8603-6103,186,281,179.0,4.500000000000006,179.0,1.999999999999998,0.0
8604-3704,185,0,169.0,89.5,,,
8603-12703,595,411,292.0,1.5,294.0,2.0,2.0
8606-12704,146,7,302.0,19.5,,,
8604-6101,174,97,207.0,14.0,246.0,89.5,39.0
8606-12703,341,4,78.0,25.0,,,
8606-1901,95,96,250.0,30.5,254.0,6.5,4.0
8604-9101,473,2,113.0,1.0,,,
8606-1902,98,85,0.0,89.5,278.0,11.5,82.0
8603-12704,680,606,252.0,1.5,256.0,1.0,4.0
8604-6103,328,215,69.0,11.5,281.0,3.0,148.0
8603-9102,491,491,58.0,3.5,58.0,1.5,0.0
8606-3704,112,52,262.0,32.0,293.0,10.0,31.0
8606-3703,196,77,333.0,6.0,336.0,6.0,3.0
8606-3702,193,176,105.0,7.0,98.0,3.0,7.0
8606-6101,149,151,13.0,6.0,5.0,1.5,8.0
8606-3701,194,194,234.0,1.5,235.0,0.5,1.0
8606-12705,350,305,193.0,3.5,195.0,1.5,2.0
8604-12703,690,495,261.0,0.5,255.0,1.5,6.0
8606-6102,297,0,319.0,16.0,,,
8606-6104,288,3,208.0,15.5,,,
8604-12702,556,592,130.0,2.5,133.0,1.0,3.0
8609-1901,87,6,31.0,3.5,,,
8604-9102,412,490,349.0,5.0,352.0,1.0,3.0
8609-3701,180,2,44.0,11.0,,,
8609-3703,182,60,256.0,4.5,260.0,4.0,4.0
8604-12704,678,672,50.0,2.5,51.0,1.0,1.0
8609-6103,205,216,19.0,6.0,25.0,3.0,6.0
8609-12705,303,195,164.0,3.0,157.0,1.0,7.0
8609-6104,317,74,83.0,2.0,69.0,3.5,14.0
8609-9101,218,205,140.0,1.5,146.0,2.0,6.0
8606-9102,332,448,67.0,7.0,70.0,1.0,3.0
8609-12703,345,328,141.0,2.0,141.0,0.5,0.0
8610-1902,92,30,142.0,10.0,,,
8610-1901,75,91,122.0,34.5,141.0,8.5,19.0
8610-12705,255,6,61.0,0.5,,,
8609-12704,474,431,25.0,2.0,23.0,1.0,2.0
8610-3704,181,135,334.0,23.5,141.0,18.5,167.0
8610-3702,175,182,7.0,5.500000000000004,6.0,3.0,1.0
8610-3701,180,185,24.0,9.5,127.0,17.0,103.0
8610-3703,184,185,271.0,11.5,271.0,4.5,0.0
8610-6104,310,5,235.0,2.5,,,
8610-12701,473,592,187.0,3.5,187.0,0.5,0.0
8609-12701,665,655,281.0,1.5,279.0,1.5,2.0
8609-12702,640,639,316.0,2.5,313.0,1.0,3.0
8610-9102,318,10,269.0,8.0,,,
8610-12703,592,386,222.0,1.5,201.0,2.5,21.0
8610-6103,304,301,227.0,6.5,228.0,2.5,1.0
8611-1901,95,0,43.0,3.0,,,
8610-12702,658,475,107.0,2.5,112.0,1.0,5.0
8610-12704,547,442,292.0,16.5,258.0,5.5,34.0
8611-1902,92,91,136.0,4.0,136.0,2.0,0.0
8611-3703,154,0,329.0,3.5,,,
8611-3701,200,96,234.0,3.0,241.0,4.0,7.0
8611-3702,200,175,304.0,3.5,299.0,3.0,5.0
8611-6102,289,235,303.0,5.0,307.0,3.5,4.0
8611-12703,459,417,78.0,1.0,77.0,0.5,1.0
8611-6103,285,278,156.0,4.5,152.0,2.0,4.0
8612-1901,97,47,14.0,6.0,,,
8611-9102,314,289,227.0,2.5,228.0,1.5,1.0
8612-3702,119,0,30.0,49.00000000000001,,,
8612-1902,93,95,24.0,2.0,23.0,1.5,1.0
8612-3701,195,100,198.0,5.0,198.0,3.0,0.0
8612-3703,194,19,318.0,10.0,,,
8612-12704,352,387,79.0,1.0,77.0,1.0,2.0
8611-12704,671,617,95.0,2.5,96.0,1.0,1.0
8612-12703,427,458,242.0,5.5,238.0,2.0,4.0
8611-9101,479,473,193.0,3.0,191.0,1.5,2.0
8611-12701,685,686,22.0,4.0,23.0,2.0,1.0
8612-6101,320,99,197.0,1.0,198.0,0.5,1.0
8611-12705,671,639,64.0,8.0,74.0,3.5,10.0
8612-6103,327,0,269.0,24.5,,,
8612-12705,396,456,135.0,1.0,143.0,0.5,8.0
8612-6102,306,110,336.0,34.5,351.0,2.5,15.0
8612-9102,154,111,226.0,11.0,220.0,5.5,6.0
8613-12704,212,2,191.0,53.50000000000001,,,
8613-3703,154,4,188.0,3.0,,,
8613-1902,75,97,277.0,21.0,269.0,4.5,8.0
8613-3702,181,30,199.0,38.0,,,
8612-12702,659,654,316.0,1.5,315.0,1.0,1.0
8612-6104,327,324,27.0,2.0,29.0,1.5,2.0
8614-1902,94,71,120.0,4.5,228.0,11.0,108.0
8613-9101,269,209,189.0,2.0,187.0,1.0,2.0
8612-9101,381,364,161.0,6.5,171.0,2.0,10.0
8613-6101,278,291,250.0,3.5,250.0,1.5,0.0
8613-12701,416,330,167.0,3.5,167.0,1.5,0.0
8614-3704,173,5,35.0,6.0,,,
8613-9102,461,134,305.0,1.5,312.0,0.5,7.0
8614-12701,483,155,120.0,0.5,99.0,0.5,21.0
8614-6103,255,5,7.0,13.000000000000002,,,
8614-3703,193,187,36.0,15.0,32.0,1.5,4.0
8614-6104,164,100,202.0,11.5,210.0,7.0,8.0
8614-12705,660,5,81.0,89.5,,,
8614-6101,183,287,322.0,3.5,321.0,0.5,1.0
8615-1901,92,97,261.0,24.5,242.0,5.0,19.0
8614-12704,456,400,112.0,1.5,111.0,0.5,1.0
8615-1902,90,90,83.0,9.0,258.0,3.5,175.0
8614-9101,477,4,344.0,5.0,,,
8613-12702,610,654,295.0,1.5,293.0,0.5,2.0
8615-6101,112,7,187.0,7.000000000000001,,,
8615-3702,186,9,9.0,11.999999999999998,,,
8615-3704,171,14,60.0,2.5,,,
8615-6103,93,36,207.0,10.5,,,
8615-3701,189,189,73.0,5.5,75.0,2.5,2.0
8615-3703,185,188,269.0,5.5,265.0,4.0,4.0
8615-12701,350,365,175.0,5.0,170.0,2.0,5.0
8616-12701,80,35,67.0,30.0,,,
8615-12703,680,6,99.0,33.0,,,
8614-9102,484,481,155.0,1.0,155.0,0.5,0.0
8614-12702,670,666,78.0,6.0,80.0,2.5,2.0
8616-1901,94,94,284.0,30.0,264.0,7.0,20.0
8616-1902,94,92,222.0,2.5,190.0,1.0,32.0
8615-12705,460,446,119.0,3.5,112.0,2.0,7.0
8615-6102,308,300,173.0,6.0,168.0,2.0,5.0
8615-6104,314,231,8.0,1.0,1.0,1.5000000000000049,7.0
8616-3702,140,0,138.0,89.5,,,
8615-9101,280,268,5.0,1.0,5.0,0.5,0.0
8616-3701,184,59,40.0,2.0,45.0,1.5,5.0
8615-12702,512,594,40.0,4.0,50.0,2.0,10.0
8617-1902,93,8,126.0,22.0,,,
8616-3704,164,148,246.0,6.0,242.0,3.0,4.0
8616-6101,228,77,190.0,3.0,193.0,7.0,3.0
8616-6103,282,15,337.0,8.5,,,
8617-3701,145,13,185.0,3.5,,,
8617-3704,44,75,,,205.0,1.0,
8616-9101,173,177,175.0,3.5,179.0,0.5,4.0
8617-3702,168,0,58.0,11.5,,,
8615-9102,442,421,102.0,2.5,99.0,1.0,3.0
8616-6102,171,284,320.0,15.0,346.0,3.0,26.0
8617-6103,173,2,220.0,29.000000000000004,,,
8616-6104,252,236,150.0,1.5,153.0,0.5,3.0
8618-12705,175,25,346.0,61.000000000000014,,,
8618-1901,86,96,117.0,89.5,314.0,7.0,163.0
8618-12703,95,136,336.0,89.5,65.0,4.5,89.0
8617-6104,314,71,110.0,4.0,133.0,7.0,23.0
8618-3701,167,7,130.0,7.0,,,
8618-3703,68,79,344.0,12.0,336.0,5.5,8.0
8617-9102,478,9,225.0,7.5,,,
8617-9101,283,256,308.0,2.5,308.0,1.0,0.0
8617-12701,381,447,47.0,3.0,55.0,0.5,8.0
8616-9102,469,471,89.0,5.5,91.0,2.0,2.0
8618-12701,371,235,129.0,8.0,119.0,6.0,10.0
8616-12702,658,642,320.0,0.5,320.0,0.5,0.0
8616-12704,660,640,351.0,0.5,351.0,0.5,0.0
8618-6104,278,55,47.0,5.0,49.0,2.0,2.0
8618-6102,320,196,108.0,4.0,324.0,6.5,144.0
8619-3702,191,80,335.0,5.0,338.0,2.0,3.0
8618-9102,203,245,35.0,4.0,37.0,2.0,2.0
8618-9101,411,83,250.0,5.0,201.0,19.5,49.0
8619-6101,297,12,211.0,2.5,,,
8619-3703,201,178,73.0,1.5,72.0,1.0,1.0
8618-12704,387,565,352.0,3.5,335.0,0.5,17.0
8619-6103,243,69,263.0,6.5,292.0,3.0,29.0
8620-1902,96,46,11.0,2.5,,,
8619-9101,281,34,241.0,32.0,,,
8619-6104,321,93,302.0,2.5,93.0,2.0,151.0
8621-1902,94,5,246.0,5.0,,,
8620-6104,231,34,118.0,30.5,,,
8619-12702,374,429,124.0,1.5,112.0,0.5,12.0
8619-12703,431,398,323.0,4.0,317.0,1.5,6.0
8620-3703,193,178,310.0,3.5,311.0,2.5,1.0
8619-12701,671,250,275.0,2.5,232.0,2.5,43.0
8620-12704,274,258,145.0,6.0,146.0,2.0,1.0
8621-3704,127,163,106.0,6.5,110.0,1.5,4.0
8621-3703,137,182,46.0,7.5,40.0,1.0,6.0
8622-1901,79,0,348.0,11.5,,,
8622-1902,84,4,116.0,3.0,,,
8622-3702,108,10,154.0,7.5,,,
8622-3701,152,0,294.0,9.5,,,
8621-9102,465,43,89.0,89.5,,,
8621-12705,391,231,187.0,1.0,187.0,0.5,0.0
8622-12703,203,161,282.0,1.0,293.0,1.5,11.0
8622-6101,133,0,4.0,11.000000000000002,,,
8622-3704,142,79,349.0,12.000000000000005,191.0,5.5,158.0
8622-6102,86,57,31.0,20.5,44.0,7.0,13.0
8622-3703,172,128,203.0,31.499999999999996,337.0,4.5,134.0
8623-1901,80,3,191.0,2.5,,,
8620-12705,666,349,18.0,8.5,354.0,0.5,24.0
8622-6103,152,171,307.0,9.5,313.0,2.5,6.0
8623-12705,124,152,335.0,63.50000000000001,357.0,12.500000000000007,22.0
8623-3702,122,72,129.0,5.0,319.0,8.0,170.0
8622-12701,681,70,284.0,1.0,51.0,5.5,127.0
8623-3703,187,0,6.0,5.0,,,
8623-3701,184,174,254.0,7.0,251.0,6.5,3.0
8622-12705,357,454,15.0,7.0,23.0,0.5,8.0
8621-12704,687,492,215.0,0.5,224.0,1.5,9.0
8622-12704,499,439,107.0,1.5,106.0,1.0,1.0
8447-6101,285,243,2.0,1.0,359.0,0.5,3.0
8448-12701,408,10,192.0,0.5,,,
8447-9102,306,148,74.0,14.5,65.0,0.5,9.0
8448-3701,135,101,14.0,16.5,223.0,11.5,151.0
8448-3702,135,155,331.0,8.5,337.0,4.0,6.0
8448-3703,167,160,32.0,6.0,49.0,0.5,17.0
8448-3704,114,150,139.0,89.5,94.0,7.5,45.0
8448-6102,164,186,243.0,15.5,242.0,2.5,1.0
8448-12703,375,402,131.0,1.5,129.0,0.5,2.0
8448-6103,237,164,35.0,2.5,33.0,1.0,2.0
8449-1901,102,2,59.0,5.0,,,
8449-1902,88,66,251.0,24.0,243.0,8.5,8.0
8448-12702,480,471,208.0,5.5,205.0,2.0,3.0
8448-6104,261,285,279.0,5.0,280.0,3.0,1.0
8449-3704,171,1,104.0,17.0,,,
8449-3703,146,166,112.0,29.5,159.0,11.0,47.0
8449-3701,185,180,306.0,2.0,311.0,2.0,5.0
8448-12705,649,564,105.0,7.5,95.0,4.5,10.0
8449-12701,450,417,349.0,16.5,352.0,6.499999999999999,3.0
8449-6102,199,186,87.0,20.5,88.0,3.5,1.0
8449-6104,148,85,76.0,9.5,85.0,8.0,9.0
8449-6101,199,230,108.0,37.0,127.0,12.0,19.0
8449-6103,332,158,159.0,1.0,160.0,1.0,1.0
8449-9101,347,166,261.0,8.0,285.0,9.5,24.0
8449-12705,614,523,222.0,1.0,224.0,0.5,2.0
8450-1901,84,63,157.0,14.5,161.0,10.5,4.0
8450-12703,269,204,243.0,6.5,240.0,2.5,3.0
8450-1902,94,94,163.0,3.5,164.0,2.0,1.0
8450-3701,185,0,4.0,6.0,,,
8449-12702,689,658,269.0,6.0,269.0,2.0,0.0
8449-12704,668,673,87.0,5.0,91.0,2.0,4.0
8450-12701,279,292,134.0,8.0,127.0,2.5,7.0
8450-3702,182,1,3.0,12.500000000000004,,,
8450-3704,144,4,190.0,4.0,,,
8450-12704,666,21,72.0,2.5,,,
8449-9102,452,488,129.0,5.0,136.0,2.5,7.0
8451-3701,85,93,138.0,7.5,137.0,3.5,1.0
8450-6103,323,133,188.0,1.5,204.0,1.0,16.0
8451-12705,251,213,309.0,5.0,308.0,2.0,1.0
8450-6101,326,323,36.0,2.5,33.0,1.5,3.0
8450-9102,302,266,171.0,4.0,168.0,1.5,3.0
8450-6102,320,316,5.0,12.999999999999996,6.0,4.5,1.0
8451-6104,286,94,65.0,89.5,83.0,2.0,18.0
8451-9102,113,119,166.0,20.500000000000004,133.0,2.5,33.0
8451-12703,309,319,197.0,7.5,175.0,2.5,22.0
8450-12705,679,476,231.0,1.0,229.0,1.0,2.0
8452-3702,181,16,122.0,8.0,,,
8452-1901,96,79,324.0,18.5,299.0,6.0,25.0
8452-3703,187,87,78.0,3.0,76.0,1.5,2.0
8452-3704,174,172,106.0,3.5,107.0,2.0,1.0
8450-9101,469,422,70.0,4.5,72.0,2.0,2.0
8452-6103,318,2,53.0,18.0,,,
8452-6101,236,224,288.0,7.5,283.0,3.5,5.0
8452-12704,327,372,166.0,2.5,177.0,1.0,11.0
8452-6104,218,265,337.0,6.0,332.0,2.0,5.0
8452-6102,303,292,55.0,2.0,61.0,0.5,6.0
8453-1901,93,92,317.0,5.5,8.0,65.5,51.0
8453-3701,196,4,87.0,2.0,,,
8453-1902,93,101,133.0,5.5,129.0,3.0,4.0
8453-3703,193,60,146.0,88.0,129.0,9.5,17.0
8453-3702,178,170,357.0,2.0,358.0,1.0,1.0
8452-9102,482,479,238.0,2.5,241.0,1.0,3.0
8453-6101,210,97,144.0,13.0,150.0,9.5,6.0
8453-12702,381,431,192.0,7.5,196.0,1.0,4.0
8453-3704,178,166,319.0,6.5,268.0,18.0,51.0
8452-12703,660,643,293.0,1.5,294.0,1.0,1.0
8453-6104,125,122,344.0,11.0,344.0,0.5,0.0
8453-12703,447,428,212.0,1.5,212.0,0.5,0.0
8454-1902,95,5,169.0,35.5,,,
8453-6102,216,250,155.0,89.5,70.0,11.5,85.0
8453-9101,143,210,200.0,15.0,213.0,3.0,13.0
8454-12704,316,4,201.0,39.5,,,
8454-3704,107,140,24.0,20.5,11.0,5.0,13.0
8454-3702,133,180,13.0,7.0,11.0,2.0,2.0
8454-6102,215,108,257.0,21.0,93.0,0.5,164.0
8453-12705,616,650,207.0,2.0,208.0,1.0,1.0
8454-6103,323,11,197.0,65.5,,,
8453-12701,674,665,72.0,2.5,76.0,2.0,4.0
8454-9101,254,49,112.0,1.5,,,
8455-1901,88,0,249.0,29.5,,,
8455-1902,89,94,243.0,42.5,8.0,3.5,125.0
8455-3703,171,1,32.0,3.5,,,
8455-12702,311,151,141.0,3.5,111.0,0.5,30.0
8454-12702,432,492,116.0,4.0,119.0,1.5,3.0
8454-6104,320,320,353.0,7.999999999999999,359.0,3.500000000000005,6.0
8455-3701,193,193,9.0,4.0,10.0,2.5,1.0
8455-3704,153,169,239.0,29.5,225.0,3.5,14.0
8455-6103,159,0,26.0,15.5,,,
8455-6102,152,115,238.0,7.5,242.0,2.0,4.0
8455-12703,585,18,26.0,89.5,,,
8454-9102,477,345,345.0,1.0,345.0,0.5,0.0
8456-1901,95,14,91.0,5.5,,,
8455-6104,287,0,321.0,34.0,,,
8456-1902,92,91,240.0,3.5,131.0,7.5,109.0
8455-6101,325,304,103.0,4.5,106.0,3.0,3.0
8454-12703,665,665,170.0,2.5,170.0,1.5,0.0
8456-3703,172,51,81.0,7.5,118.0,89.5,37.0
8456-3701,195,111,2.0,1.0,349.0,2.5,13.0
8455-9101,368,429,200.0,10.0,188.0,1.0,12.0
8456-6102,281,208,267.0,2.5,271.0,0.5,4.0
8623-3704,177,177,239.0,5.0,241.0,2.0,2.0
8623-6103,296,18,334.0,13.0,,,
8623-6102,317,72,31.0,9.0,255.0,15.5,136.0
8623-6104,166,245,139.0,2.0,141.0,0.5,2.0
8624-12701,312,0,233.0,89.5,,,
8623-12703,382,417,118.0,3.0,134.0,2.0,16.0
8623-6101,283,264,237.0,2.0,239.0,1.0,2.0
8623-12702,496,397,133.0,1.5,134.0,1.0,1.0
8624-3704,159,8,259.0,4.5,,,
8623-9102,444,63,98.0,7.5,357.0,19.5,101.0
8624-12704,320,121,93.0,4.0,93.0,10.0,0.0
8624-3702,186,85,11.0,1.0,21.0,3.0,10.0
8624-3701,182,180,308.0,1.5,146.0,5.0,162.0
8624-6102,210,87,239.0,5.0,239.0,6.0,0.0
8624-3703,184,156,245.0,6.0,245.0,4.0,0.0
8624-12705,227,301,229.0,20.5,210.0,4.5,19.0
8624-6103,156,126,226.0,8.5,236.0,8.5,10.0
8625-1902,99,0,359.0,7.9999999999999964,,,
8623-9101,474,437,15.0,6.5,23.0,4.0,8.0
8625-3701,195,27,334.0,1.0,,,
8625-3704,196,7,218.0,2.5,,,
8624-12702,424,427,323.0,2.5,328.0,0.5,5.0
8625-3703,191,94,304.0,5.5,330.0,11.0,26.0
8624-12703,488,419,133.0,3.5,138.0,2.0,5.0
8625-6102,186,132,340.0,31.0,339.0,5.5,1.0
8625-12705,433,115,40.0,6.0,36.0,10.0,4.0
8626-1901,91,1,121.0,14.5,,,
8625-6101,287,286,55.0,86.0,58.0,5.0,3.0
8626-12705,255,44,213.0,0.5,,,
8625-6104,295,224,250.0,3.0,247.0,2.5,3.0
8625-12701,649,239,63.0,1.5,63.0,1.0,0.0
8624-9102,475,472,220.0,2.0,223.0,0.5,3.0
8625-12702,456,433,64.0,2.5,66.0,0.5,2.0
8626-3702,180,183,187.0,2.5,189.0,1.5,2.0
8626-3703,171,174,32.0,5.0,42.0,3.0,10.0
8626-3704,166,153,83.0,1.5,95.0,2.5,12.0
8625-9101,450,371,181.0,1.9999999999999993,188.0,1.5,7.0
8626-6103,312,105,225.0,1.5,211.0,4.5,14.0
8625-9102,480,452,94.0,3.0,98.0,1.0,4.0
8626-12702,656,230,6.0,2.5,349.0,6.0,17.0
8651-6101,150,67,206.0,2.5,237.0,17.0,31.0
8626-6102,283,252,291.0,6.5,300.0,0.5,9.0
8651-3702,164,145,148.0,4.5,150.0,2.5,2.0
8625-12703,680,669,271.0,0.5,272.0,0.5,1.0
8626-12703,501,488,239.0,3.0,240.0,1.0,1.0
8626-6104,309,297,274.0,1.5,276.0,1.5,2.0
8652-6101,138,20,29.0,14.0,,,
8652-3704,191,13,4.0,18.000000000000007,,,
8652-3701,166,70,252.0,1.5,60.0,1.5,168.0
8652-3703,194,73,189.0,2.5,3.0,3.0,174.0
8652-12702,289,226,286.0,3.5,282.0,0.5,4.0
8652-12704,377,17,25.0,7.0,,,
8626-9101,431,418,191.0,3.5,189.0,1.5,2.0
8651-9101,291,351,27.0,7.5,6.0,3.5,21.0
8652-6102,250,138,139.0,15.5,312.0,1.0,173.0
8652-6104,164,148,148.0,7.5,150.0,2.5,2.0
8654-1902,98,0,80.0,89.5,,,
8654-1901,96,93,49.0,8.0,46.0,4.5,3.0
8654-3702,185,47,124.0,4.0,,,
8652-6103,322,306,358.0,2.999999999999998,1.0,1.4999999999999993,3.0
8652-9101,254,259,62.0,7.5,57.0,3.5,5.0
8654-3701,188,187,165.0,6.0,164.0,3.0,1.0
8654-3704,184,184,210.0,7.0,205.0,4.0,5.0
8654-6103,171,12,60.0,21.0,,,
8652-9102,441,257,329.0,5.0,33.0,0.5,64.0
8652-12705,603,480,83.0,0.5,83.0,1.5,0.0
8654-6104,300,1,305.0,89.5,,,
8654-12705,342,383,0.0,89.5,203.0,5.5,157.0
8654-12701,463,329,25.0,0.5,15.0,2.0,10.0
8654-9101,345,0,47.0,8.5,,,
8654-6102,233,274,326.0,6.5,325.0,1.0,1.0
8654-6101,307,307,73.0,1.5,74.0,0.5,1.0
8655-1901,91,62,87.0,5.0,91.0,7.0,4.0
8655-1902,90,52,21.0,11.5,237.0,11.5,144.0
8652-12703,681,667,77.0,1.0,78.0,0.5,1.0
8655-3702,180,2,359.0,4.5,,,
8655-3703,164,0,271.0,5.5,,,
8655-12705,280,131,169.0,10.500000000000005,158.0,0.5,11.0
8654-9102,284,314,123.0,3.5,119.0,2.5,4.0
8654-12704,604,591,312.0,3.0,311.0,0.5,1.0
8655-6103,126,28,260.0,11.5,,,
8655-12703,242,272,53.0,12.0,71.0,1.5,18.0
8655-3701,182,182,212.0,3.5,217.0,3.0,5.0
8655-3704,137,148,75.0,12.5,73.0,4.5,2.0
8655-9101,271,9,180.0,89.5,,,
8655-6104,301,2,22.0,2.0,,,
8656-1901,97,97,346.0,18.000000000000004,342.0,7.5,4.0
8656-3701,159,3,264.0,89.5,,,
8655-12702,422,443,334.0,5.0,337.0,2.0,3.0
8655-6102,295,301,321.0,19.0,309.0,4.0,12.0
8655-9102,240,205,196.0,7.0,188.0,3.0,8.0
8656-12704,234,228,85.0,12.0,99.0,3.5,14.0
8656-3703,181,181,38.0,8.5,28.0,4.0,10.0
8656-6102,189,216,25.0,13.0,31.0,6.0,6.0
8655-12701,651,569,5.0,5.5,3.0,3.5000000000000018,2.0
8656-9102,415,37,151.0,2.0,,,
8657-1901,106,30,308.0,3.5,,,
8655-12704,649,636,316.0,2.0,318.0,1.0,2.0
8656-6101,306,306,325.0,3.0,154.0,1.5,171.0
8657-1902,98,98,73.0,6.0,91.0,4.5,18.0
8456-6101,325,294,51.0,2.5,44.0,6.0,7.0
8458-12701,300,209,320.0,5.5,335.0,2.5,15.0
8456-12702,482,529,48.0,16.5,68.0,1.5,20.0
8458-1901,66,93,267.0,89.5,159.0,6.0,108.0
8456-9101,380,358,193.0,6.5,194.0,1.5,1.0
8458-12702,417,254,111.0,12.0,106.0,2.0,5.0
8458-6103,137,0,208.0,89.5,,,
8456-12703,616,631,107.0,3.0,106.0,1.5,1.0
8456-9102,435,430,123.0,5.5,131.0,2.5,8.0
8456-12704,635,567,115.0,8.5,112.0,5.0,3.0
8458-3701,147,172,322.0,9.0,184.0,6.4999999999999964,138.0
8458-6101,160,146,280.0,6.5,288.0,1.5,8.0
8458-12703,372,212,353.0,2.5,1.0,0.5,8.0
8458-9101,186,1,234.0,80.0,,,
8458-6102,326,86,332.0,12.5,309.0,32.0,23.0
8458-6104,328,65,119.0,9.0,98.0,9.5,21.0
8459-1901,96,96,98.0,11.0,96.0,3.5,2.0
8459-1902,100,100,267.0,89.5,307.0,11.5,40.0
8459-12701,488,1,206.0,42.5,,,
8458-12704,508,471,346.0,7.5,340.0,2.5,6.0
8458-9102,309,289,103.0,30.5,85.0,3.5,18.0
8459-3702,190,190,255.0,2.0,257.0,1.0,2.0
8459-3704,165,164,260.0,19.0,257.0,5.0,3.0
8459-6103,285,9,234.0,0.5,,,
8459-6101,260,260,286.0,4.0,287.0,1.5,1.0
8459-12703,406,419,44.0,4.0,49.0,1.5,5.0
8461-1901,93,83,310.0,17.0,261.0,0.5,49.0
8461-1902,86,54,279.0,10.0,94.0,22.5,175.0
8459-12704,516,479,220.0,6.5,216.0,3.0,4.0
8461-3701,189,3,116.0,20.0,,,
8459-9101,459,292,328.0,13.5,64.0,3.0,96.0
8461-12701,668,21,255.0,11.5,,,
8461-9101,287,0,92.0,9.0,,,
8459-9102,419,423,221.0,23.0,196.0,8.0,25.0
8459-12702,652,648,205.0,14.5,202.0,6.0,3.0
8461-6102,265,137,267.0,8.5,267.0,4.0,0.0
8461-12702,401,486,7.0,14.500000000000002,352.0,3.0,15.0
8461-12704,466,371,51.0,10.0,54.0,2.5,3.0
8461-6101,325,324,314.0,4.5,308.0,1.0,6.0
8461-6103,311,231,24.0,3.5,20.0,1.5,4.0
8462-1901,94,4,307.0,7.5,,,
8462-1902,72,72,358.0,12.000000000000007,19.0,9.5,21.0
8462-3702,159,2,242.0,12.5,,,
8461-9102,358,132,297.0,18.0,304.0,14.0,7.0
8462-6103,281,24,327.0,1.5,,,
8462-3701,185,177,243.0,2.5,244.0,2.0,1.0
8462-9101,261,234,321.0,3.0,319.0,4.5,2.0
8462-12701,473,463,127.0,6.0,129.0,2.5,2.0
8462-12703,451,407,157.0,5.0,163.0,2.5,6.0
8462-9102,303,318,37.0,5.5,42.0,3.0,5.0
8464-12702,261,229,43.0,3.0,44.0,2.0,1.0
8462-12704,545,505,311.0,26.5,349.0,5.5,38.0
8464-1902,95,94,198.0,8.5,179.0,5.000000000000005,19.0
8464-3703,97,1,148.0,6.0,,,
8462-12705,597,506,17.0,0.5,17.0,1.0,0.0
8464-12704,339,382,220.0,5.0,212.0,2.0,8.0
8464-3702,190,190,57.0,5.0,36.0,7.5,21.0
8464-6103,127,186,177.0,43.0,222.0,3.5,45.0
8462-12702,679,668,30.0,6.0,36.0,5.0,6.0
8465-1901,92,35,156.0,10.5,,,
8464-9101,359,80,121.0,3.0,33.0,0.5,88.0
8465-12702,249,219,265.0,10.5,254.0,6.0,11.0
8464-6104,316,295,128.0,4.5,128.0,2.5,0.0
8464-12701,660,619,272.0,2.5,271.0,2.0,1.0
8465-12704,239,228,266.0,5.0,92.0,2.0,174.0
8465-12703,260,247,81.0,2.0,85.0,1.0,4.0
8465-3702,120,113,76.0,89.5,119.0,17.0,43.0
8465-6101,82,0,93.0,89.5,,,
8465-3704,174,5,347.0,1.5,,,
8465-3701,192,192,287.0,11.0,311.0,5.5,24.0
8465-6104,170,1,359.0,2.000000000000005,,,
8465-3703,142,172,142.0,2.5,146.0,2.0,4.0
8464-9102,478,471,248.0,5.0,246.0,2.0,2.0
8464-12705,633,612,23.0,13.0,9.0,3.5,14.0
8466-12703,150,152,67.0,43.5,58.0,8.5,9.0
8465-6103,310,159,134.0,2.0,136.0,3.5,2.0
8466-1901,93,68,122.0,6.5,248.0,89.5,126.0
8465-6102,222,312,102.0,8.0,103.0,2.0,1.0
8465-9101,235,278,310.0,3.0,310.0,2.0,0.0
8466-1902,95,35,264.0,2.0,,,
8466-3703,185,0,108.0,5.0,,,
8466-3701,192,43,132.0,8.5,,,
8466-6102,148,21,1.0,4.000000000000001,,,
8466-6101,226,3,1.0,25.0,,,
8466-12705,255,231,177.0,12.999999999999996,171.0,2.5,6.0
8465-12705,657,586,311.0,1.0,308.0,1.0,3.0
8466-3704,156,86,332.0,5.5,333.0,0.5,1.0
8466-6103,260,3,310.0,28.0,,,
8479-3703,173,0,133.0,13.5,,,
8466-6104,318,13,209.0,15.0,,,
8465-9102,482,436,289.0,2.5,293.0,1.5,4.0
8481-3703,127,10,184.0,4.0,,,
8481-1902,90,90,242.0,2.5,238.0,1.5,4.0
8481-3704,128,21,73.0,89.5,,,
8481-12705,192,235,295.0,4.0,306.0,3.0,11.0
8481-3701,108,150,303.0,8.5,296.0,2.0,7.0
8466-12704,552,570,161.0,4.5,165.0,1.5,4.0
8481-6104,156,1,350.0,0.5,,,
8466-9102,240,414,342.0,17.500000000000007,334.0,3.5,8.0
8466-9101,351,362,271.0,3.5,272.0,2.0,1.0
8657-3703,178,0,47.0,30.5,,,
8657-12703,276,203,23.0,7.5,29.0,1.5,6.0
8657-3701,168,79,102.0,9.5,56.0,21.0,46.0
8657-3702,168,201,130.0,13.5,129.0,4.0,1.0
8657-3704,162,91,79.0,12.5,97.0,9.5,18.0
8710-1902,96,0,2.0,7.0000000000000036,,,
8657-6103,319,49,133.0,89.5,,,
8657-12702,392,420,347.0,4.0,351.0,2.0,4.0
8657-12701,446,500,153.0,4.0,145.0,1.5,8.0
8656-12705,638,580,205.0,1.5,208.0,1.0,3.0
8656-12702,660,651,314.0,1.0,320.0,0.5,6.0
8710-3701,161,1,64.0,5.0,,,
8710-12702,357,117,187.0,5.0,324.0,3.5,137.0
8657-6102,267,256,350.0,4.5,347.0,2.5,3.0
8710-3704,188,0,304.0,19.5,,,
8657-6101,317,317,246.0,3.5,247.0,2.0,1.0
8657-12704,536,491,164.0,43.5,312.0,3.5,148.0
8710-3702,184,161,115.0,3.0,115.0,2.0,0.0
8710-6103,122,137,40.0,18.0,55.0,1.0,15.0
8710-6101,261,237,215.0,14.0,218.0,10.5,3.0
8711-12703,153,86,108.0,9.0,107.0,5.0,1.0
8711-1902,83,73,27.0,10.0,208.0,3.5,179.0
8710-12703,375,522,253.0,37.0,259.0,6.5,6.0
8710-6104,272,171,11.0,4.5,356.0,15.500000000000004,15.0
8711-12701,262,202,101.0,0.5,100.0,0.5,1.0
8710-9102,279,224,351.0,11.500000000000007,358.0,2.999999999999998,7.0
8711-3702,133,11,105.0,1.5,,,
8710-6102,332,328,132.0,3.0,132.0,3.0,0.0
8711-3703,134,8,148.0,18.0,,,
8711-12702,278,295,48.0,34.5,63.0,8.0,15.0
8710-9101,376,293,232.0,1.5,231.0,1.0,1.0
8711-6101,238,0,9.0,89.5,,,
8711-3701,178,170,178.0,89.5,205.0,6.0,27.0
8711-3704,158,165,125.0,11.5,137.0,4.0,12.0
8710-12704,616,499,33.0,12.0,44.0,10.5,11.0
8711-6104,269,2,248.0,6.0,,,
8711-9102,193,65,251.0,8.0,260.0,6.5,9.0
8711-12705,385,242,56.0,30.5,42.0,11.5,14.0
8712-1901,91,90,243.0,2.5,251.0,1.0,8.0
8712-1902,96,93,155.0,6.0,176.0,8.0,21.0
8711-9101,474,0,164.0,1.5,,,
8712-3701,186,0,216.0,27.0,,,
8712-3702,187,100,201.0,6.5,213.0,7.5,12.0
8712-3703,168,121,200.0,3.5,199.0,2.0,1.0
8711-6102,317,314,162.0,1.5,159.0,0.5,3.0
8712-9102,102,0,219.0,89.5,,,
8712-6103,168,158,198.0,10.0,208.0,3.5,10.0
8712-12702,283,429,74.0,13.0,91.0,2.5,17.0
8712-12701,399,399,59.0,3.5,55.0,1.0,4.0
8712-9101,172,234,225.0,28.5,200.0,2.5,25.0
8712-12703,673,74,1.0,3.500000000000006,353.0,0.5,8.0
8713-1901,97,20,276.0,4.5,,,
8712-6104,248,272,122.0,1.0,132.0,2.5,10.0
8712-6102,289,320,251.0,4.0,255.0,1.0,4.0
8713-1902,78,98,340.0,18.5,328.0,8.0,12.0
8713-3703,163,26,142.0,89.5,,,
8713-3704,102,46,262.0,26.5,,,
8713-12702,265,245,143.0,9.5,153.0,3.5,10.0
8713-3701,186,189,140.0,16.5,169.0,11.0,29.0
8712-12705,555,513,22.0,0.5,24.0,0.5,2.0
8712-12704,673,512,184.0,1.5,184.0,1.5,0.0
8713-12704,221,292,230.0,8.5,237.0,3.5,7.0
8714-12701,217,1,183.0,37.0,,,
8713-9101,303,10,275.0,13.5,,,
8714-3701,111,17,4.0,2.0,,,
8714-3702,194,5,102.0,11.0,,,
8714-12704,235,222,76.0,24.5,101.0,4.5,25.0
8713-12701,459,553,258.0,1.5,261.0,0.5,3.0
8713-12703,413,473,5.0,6.500000000000004,7.0,2.5,2.0
8713-6102,295,279,108.0,2.5,108.0,1.5,0.0
8714-3703,172,174,198.0,10.0,186.0,2.0,12.0
8714-9101,188,85,190.0,11.000000000000007,180.0,20.500000000000004,10.0
8714-12705,276,233,295.0,3.0,296.0,0.5,1.0
8715-12702,199,11,297.0,13.0,,,
8714-6104,254,173,94.0,27.5,69.0,6.0,25.0
8714-9102,327,1,94.0,89.5,,,
8713-12705,483,542,118.0,9.5,121.0,2.5,3.0
8715-1901,97,97,159.0,4.5,157.0,3.5,2.0
8715-12703,294,0,128.0,89.5,,,
8715-3704,109,12,78.0,6.5,,,
8714-6102,322,315,303.0,2.0,303.0,0.5,0.0
8715-3703,181,58,280.0,5.5,125.0,8.5,155.0
8713-9102,489,489,210.0,3.5,209.0,2.0,1.0
8715-6102,160,125,214.0,10.5,216.0,3.5,2.0
8715-6101,272,104,273.0,2.5,278.0,1.0,5.0
8716-12701,167,157,211.0,47.49999999999999,136.0,16.5,75.0
8715-6103,217,132,227.0,4.0,224.0,1.5,3.0
8715-12705,318,273,158.0,2.0,160.0,1.0,2.0
8716-1901,90,24,230.0,89.5,,,
8716-12702,213,126,136.0,22.5,102.0,21.5,34.0
8716-12704,181,136,302.0,9.0,306.0,2.0,4.0
8716-1902,90,57,306.0,2.5,309.0,3.5,3.0
8715-12704,266,519,264.0,89.5,249.0,2.0,15.0
8716-3704,91,91,117.0,13.5,103.0,2.5,14.0
8716-6102,170,138,314.0,7.5,316.0,5.5,2.0
8716-6101,183,106,180.0,11.000000000000004,183.0,5.0000000000000036,3.0
8717-1901,89,31,351.0,9.000000000000007,,,
8716-6104,318,3,185.0,81.0,,,
8717-1902,55,48,290.0,80.0,,,
8716-12703,344,435,311.0,6.5,318.0,3.5,7.0
8466-12702,676,677,40.0,2.0,41.0,1.0,1.0
8481-6102,298,104,236.0,4.5,225.0,6.5,11.0
8481-9101,398,24,321.0,3.0,,,
8482-1902,100,70,215.0,5.5,217.0,4.5,2.0
8481-6103,265,298,293.0,0.5,206.0,0.5,87.0
8481-12701,491,406,35.0,0.5,36.0,0.5,1.0
8482-3703,190,158,239.0,2.0,236.0,0.5,3.0
8482-12702,636,16,36.0,0.5,,,
8482-3704,190,190,257.0,1.5,259.0,1.0,2.0
8482-6101,285,1,167.0,10.5,,,
8482-6103,242,0,279.0,24.0,,,
8482-6102,306,2,122.0,20.0,,,
8483-1902,99,19,147.0,3.5,,,
8482-12704,677,146,311.0,20.5,250.0,3.5,61.0
8482-9102,276,161,117.0,2.5,118.0,1.5,1.0
8483-12702,175,72,283.0,26.0,293.0,10.0,10.0
8483-3702,186,8,317.0,3.0,,,
8483-12705,234,232,303.0,14.0,319.0,6.0,16.0
8483-3704,142,115,201.0,11.0,204.0,4.5,3.0
8483-3701,195,191,129.0,3.0,131.0,2.0,2.0
8483-12703,488,92,108.0,4.5,70.0,3.0,38.0
8483-12701,334,312,152.0,17.5,157.0,2.0,5.0
8483-6104,237,0,80.0,89.5,,,
8483-6102,310,5,42.0,0.5,,,
8482-12705,647,577,243.0,1.0,243.0,0.5,0.0
8483-12704,369,426,132.0,23.5,133.0,3.5,1.0
8482-12703,691,682,183.0,1.5,184.0,1.0,1.0
8483-6101,301,307,284.0,1.0,282.0,1.5,2.0
8484-12701,242,4,310.0,12.5,,,
8483-6103,189,200,23.0,10.5,18.0,3.0,5.0
8483-9101,403,34,89.0,4.5,,,
8483-9102,193,205,153.0,10.0,158.0,3.5,5.0
8484-3702,185,137,359.0,1.5000000000000038,357.0,1.5,2.0
8484-3703,191,159,341.0,2.0,347.0,2.5,6.0
8484-3701,187,189,239.0,7.0,240.0,3.0,1.0
8484-12704,286,169,248.0,3.0,245.0,0.5,3.0
8484-6101,271,176,83.0,3.0,95.0,4.0,12.0
8484-12702,407,324,156.0,3.0,157.0,1.0,1.0
8485-3701,124,84,331.0,89.5,95.0,89.5,124.0
8484-6103,312,309,164.0,6.5,167.0,2.5,3.0
8485-3704,96,101,62.0,18.0,71.0,1.5,9.0
8485-12705,228,267,227.0,8.0,227.0,2.5,0.0
8485-3702,190,193,116.0,8.0,126.0,5.0,10.0
8485-6101,173,202,169.0,9.0,171.0,3.5,2.0
8485-12704,333,343,186.0,20.000000000000007,151.0,4.5,35.0
8485-6102,111,186,134.0,23.0,118.0,3.5,16.0
8485-12702,422,388,320.0,6.0,305.0,2.0,15.0
8485-12701,480,535,267.0,10.0,268.0,4.0,1.0
8484-12705,676,664,108.0,11.0,98.0,3.5,10.0
8484-12703,676,672,297.0,2.0,300.0,1.5,3.0
8485-6103,218,311,94.0,4.0,83.0,1.0,11.0
8485-9101,438,4,269.0,32.5,,,
8486-3702,99,13,225.0,10.5,,,
8486-1901,97,76,62.0,7.0,272.0,13.5,150.0
8486-3703,171,0,44.0,23.5,,,
8486-3704,140,113,233.0,5.0,226.0,3.0,7.0
8486-12704,335,259,87.0,11.0,95.0,5.0,8.0
8486-12705,384,187,308.0,6.5,303.0,1.0,5.0
8486-12702,344,372,89.0,20.0,104.0,2.5,15.0
8486-6103,313,0,81.0,15.5,,,
8486-6104,261,54,166.0,5.5,235.0,12.5,69.0
8486-6102,255,212,209.0,7.0,204.0,4.0,5.0
8486-6101,296,199,244.0,2.5,249.0,2.0,5.0
8485-9102,488,488,178.0,2.0000000000000036,179.0,1.0000000000000036,1.0
8487-1902,75,33,326.0,7.5,,,
8487-3701,193,0,123.0,10.0,,,
8486-9101,376,175,140.0,8.0,142.0,8.5,2.0
8487-3702,201,5,166.0,4.5,,,
8487-12702,563,5,316.0,0.5,,,
8487-12704,283,247,86.0,7.0,98.0,3.5,12.0
8486-12701,670,643,50.0,0.5,51.0,0.5,1.0
8486-9102,461,327,153.0,6.5,156.0,4.5,3.0
8487-3704,185,120,142.0,14.5,150.0,8.5,8.0
8487-6101,199,85,325.0,22.5,303.0,0.5,22.0
8487-6103,265,141,94.0,21.5,148.0,89.5,54.0
8487-12703,451,373,350.0,4.0,4.0,2.5,14.0
8488-12701,171,68,350.0,35.0,345.0,17.500000000000004,5.0
8487-12701,447,504,178.0,13.999999999999996,181.0,3.000000000000005,3.0
8487-9102,309,71,192.0,8.0,151.0,35.5,41.0
8488-3703,123,0,104.0,22.0,,,
8488-3704,138,15,108.0,36.5,,,
8488-3701,116,162,319.0,11.0,310.0,3.5,9.0
8488-6102,245,2,64.0,89.5,,,
8488-12704,245,230,185.0,30.999999999999996,205.0,11.5,20.0
8488-6104,161,183,80.0,16.5,68.0,3.5,12.0
8488-9101,170,153,285.0,13.0,279.0,4.0,6.0
8488-12702,354,302,46.0,2.5,48.0,2.0,2.0
8488-12703,675,2,303.0,22.5,,,
8487-12705,609,621,261.0,8.5,272.0,4.0,11.0
8546-1901,98,2,195.0,5.0,,,
8488-9102,219,221,204.0,5.5,207.0,3.0,3.0
8546-1902,92,92,159.0,3.0,159.0,3.0,0.0
8546-3702,184,4,252.0,89.5,,,
8546-3704,171,80,136.0,5.0,310.0,5.0,174.0
8546-12704,294,242,120.0,3.5,119.0,2.0,1.0
8546-9101,104,97,98.0,31.0,93.0,5.5,5.0
8546-6104,273,2,161.0,2.0,,,
8488-12705,588,406,97.0,0.5,97.0,1.0,0.0
8546-12701,613,43,233.0,4.0,,,
8547-3701,52,0,267.0,29.5,,,
8715-9101,436,417,321.0,3.5,320.0,1.5,1.0
8717-12702,324,9,196.0,34.0,,,
8715-9102,462,465,184.0,3.0,184.0,1.5,0.0
8716-6103,286,253,77.0,1.5,77.0,0.5,0.0
8715-12701,665,659,226.0,1.5,222.0,1.5,4.0
8717-6103,116,3,258.0,3.0,,,
8717-6104,121,9,226.0,89.5,,,
8717-6101,173,67,18.0,4.0,13.0,13.0,5.0
8716-12705,429,471,305.0,8.5,311.0,3.0,6.0
8716-9101,467,168,20.0,2.5,306.0,2.5,74.0
8717-3704,172,172,130.0,5.5,131.0,2.0,1.0
8718-1901,108,90,322.0,6.0,325.0,7.0,3.0
8718-1902,79,80,34.0,12.0,37.0,9.5,3.0
8718-3701,159,31,234.0,12.5,,,
8718-3703,120,92,215.0,20.0,209.0,15.5,6.0
8717-6102,258,253,227.0,2.0,226.0,0.5,1.0
8718-6101,230,69,77.0,24.5,6.0,5.500000000000002,71.0
8717-9102,450,20,254.0,41.5,,,
8717-12703,417,413,357.0,16.5,352.0,3.0,5.0
8718-6102,169,93,200.0,3.5,203.0,2.5,3.0
8718-12704,238,302,212.0,89.5,10.0,9.0,158.0
8716-9102,467,478,36.0,4.5,35.0,2.5,1.0
8718-6104,151,103,333.0,12.5,327.0,5.0,6.0
8718-6103,315,10,100.0,32.5,,,
8719-1901,94,0,127.0,12.0,,,
8719-1902,93,44,120.0,3.5,,,
8718-12705,229,391,0.0,89.5,241.0,7.0,119.0
8718-9102,169,147,0.0,89.5,352.0,18.499999999999996,8.0
8719-3701,192,0,162.0,16.5,,,
8719-3704,175,0,316.0,9.0,,,
8719-3702,126,125,172.0,31.999999999999996,199.0,2.0,27.0
8719-12703,259,66,94.0,0.5,113.0,6.5,19.0
8719-12705,132,204,236.0,89.5,259.0,5.5,23.0
8719-3703,93,145,75.0,13.0,75.0,4.5,0.0
8717-9101,466,459,55.0,3.5,50.0,1.5,5.0
8719-6101,151,139,3.0,11.000000000000007,7.0,3.5,4.0
8719-12701,282,256,278.0,2.5,282.0,1.5,4.0
8720-12705,230,0,283.0,0.5,,,
8720-1901,104,103,229.0,8.5,267.0,4.5,38.0
8720-1902,95,95,137.0,8.5,136.0,7.0,1.0
8720-3704,108,7,20.0,5.0,,,
8720-12703,339,14,314.0,4.5,,,
8720-12701,266,147,89.0,4.0,161.0,0.5,72.0
8720-3701,151,143,296.0,3.0,300.0,0.5,4.0
8719-6102,254,266,268.0,13.0,267.0,3.5,1.0
8720-3703,190,108,188.0,19.0,223.0,1.5,35.0
8720-9102,188,12,176.0,3.0,,,
8720-6104,85,156,51.0,4.5,317.0,4.0,94.0
8719-9101,427,186,144.0,89.5,209.0,16.0,65.0
8720-6101,305,63,338.0,89.5,240.0,5.0,98.0
8721-1902,94,0,63.0,14.0,,,
8721-3702,119,30,70.0,6.5,,,
8720-6102,206,244,198.0,14.5,198.0,3.0,0.0
8721-6101,58,128,95.0,11.5,86.0,3.0,9.0
8721-12703,240,104,336.0,2.0,113.0,0.5,137.0
8720-6103,227,272,216.0,17.5,205.0,3.0,11.0
8721-3703,187,81,154.0,3.5,154.0,4.0,0.0
8721-12704,429,36,70.0,18.0,,,
8721-12702,265,267,321.0,8.0,328.0,0.5,7.0
8719-12702,602,589,5.0,7.0,0.0,4.000000000000001,5.0
8721-9101,184,166,328.0,7.0,328.0,4.5,0.0
8721-12705,303,284,0.0,15.000000000000002,354.0,4.0,6.0
8721-12701,685,5,83.0,26.0,,,
8722-3703,173,159,201.0,40.5,31.0,6.0,170.0
8721-6103,320,293,131.0,2.0,129.0,1.5,2.0
8722-6101,212,100,175.0,3.0,175.0,3.5,0.0
8722-6102,285,1,132.0,33.0,,,
8722-12701,546,26,188.0,64.0,,,
8722-6104,328,3,268.0,11.5,,,
8722-9101,374,19,169.0,78.0,,,
8722-6103,323,255,24.0,4.5,28.0,1.5,4.0
8723-1901,104,84,345.0,5.5,340.0,2.0,5.0
8722-9102,352,52,28.0,5.5,0.0,4.000000000000001,28.0
8722-12703,404,498,92.0,15.0,116.0,0.5,24.0
8723-1902,98,80,267.0,6.5,293.0,5.0,26.0
8723-3701,137,14,198.0,2.0,,,
8723-3704,129,50,314.0,5.0,71.0,11.5,117.0
8723-12702,344,235,326.0,2.5,327.0,2.5,1.0
8723-6102,308,27,42.0,3.5,,,
8723-9101,290,0,147.0,33.5,,,
8723-6103,318,13,246.0,8.5,,,
8724-1901,95,2,27.0,5.5,,,
8723-9102,471,27,223.0,5.5,,,
8722-12705,686,686,214.0,3.0,213.0,1.5,1.0
8723-6101,319,313,24.0,7.5,24.0,4.0,0.0
8722-12704,691,658,104.0,3.0,105.0,1.5,1.0
8724-3701,180,2,241.0,5.0,,,
8724-12704,201,122,74.0,18.0,62.0,3.5,12.0
8724-3703,151,0,228.0,6.5,,,
8724-6104,172,23,251.0,4.5,,,
8724-3704,117,62,336.0,12.0,346.0,7.5,10.0
8723-12703,644,573,175.0,1.5,173.0,0.5,2.0
8724-6101,317,1,78.0,3.0,,,
8723-12701,670,671,178.0,1.0,179.0,0.5,1.0
8724-12703,663,15,353.0,27.0,,,
8723-12704,667,631,125.0,2.0,124.0,1.0,1.0
8724-9102,185,159,226.0,11.0,223.0,2.5,3.0
8723-12705,681,681,70.0,1.0,70.0,1.0,0.0
8725-1902,101,41,14.0,77.0,,,
8725-12703,280,18,235.0,89.5,,,
8725-1901,105,105,161.0,11.5,167.0,6.5,6.0
8725-12702,188,200,19.0,8.0,17.0,1.0,2.0
8724-9101,220,302,208.0,10.5,205.0,2.5,3.0
8725-3702,178,0,214.0,24.0,,,
8725-6101,184,5,2.0,6.9999999999999964,,,
8725-3704,171,56,120.0,13.0,115.0,16.5,5.0
8725-3701,125,178,124.0,34.0,151.0,4.5,27.0
8725-3703,186,157,133.0,3.5,136.0,0.5,3.0
8725-6103,320,8,71.0,14.5,,,
8724-12701,661,654,222.0,1.5,222.0,1.0,0.0
8725-12701,357,361,138.0,3.0,137.0,0.5,1.0
8726-1901,100,58,309.0,9.0,205.0,1.0,104.0
8726-3701,189,39,164.0,8.0,,,
8725-9102,281,204,98.0,7.0,95.0,1.5,3.0
8726-6104,183,0,26.0,5.5,,,
8726-12704,264,162,273.0,17.0,221.0,20.0,52.0
8726-12705,170,220,117.0,28.0,61.0,0.5,56.0
8725-12705,419,399,287.0,1.5,286.0,1.0,1.0
8726-6103,194,83,102.0,5.0,102.0,0.5,0.0
8727-1901,93,4,310.0,12.0,,,
8726-6102,256,173,39.0,7.5,48.0,2.0,9.0
8727-1902,90,0,46.0,17.0,,,
8726-12703,352,358,98.0,31.5,137.0,8.0,39.0
8727-3704,139,38,263.0,89.5,,,
8726-9101,473,5,51.0,5.0,,,
8727-6102,98,80,290.0,24.0,277.0,6.5,13.0
8726-12702,396,469,41.0,4.0,40.0,1.0,1.0
8727-3703,184,97,220.0,13.0,235.0,10.0,15.0
8727-6101,283,45,268.0,10.0,,,
8728-1901,88,16,288.0,89.5,,,
8727-6104,147,171,103.0,36.0,87.0,3.5,16.0
8727-12704,277,355,6.0,11.500000000000002,25.0,3.5,19.0
8728-3702,177,26,307.0,2.0,,,
8728-3703,179,8,342.0,40.50000000000001,,,
8727-9102,273,248,312.0,28.0,331.0,15.5,19.0
8728-3701,182,160,185.0,3.0,206.0,1.0,21.0
8726-12701,683,683,208.0,8.5,220.0,9.5,12.0
8728-6102,90,4,190.0,30.000000000000007,,,
8728-3704,167,26,107.0,17.0,,,
8728-6101,185,23,6.0,6.0,,,
8727-9101,421,320,51.0,1.0,42.0,1.5,9.0
8728-12702,591,52,25.0,0.5,260.0,3.0,125.0
8728-12704,312,351,293.0,45.0,321.0,10.0,28.0
8728-6103,66,66,256.0,21.0,261.0,6.5,5.0
8931-1901,95,1,28.0,10.0,,,
8728-9101,156,164,355.0,45.0,13.0,9.000000000000004,18.0
8931-1902,92,1,320.0,5.5,,,
8727-12701,667,663,192.0,3.5,192.0,2.0,0.0
8727-12702,667,662,172.0,3.5,172.0,1.5,0.0
8931-12703,309,0,336.0,7.5,,,
8727-12705,662,662,196.0,17.0,199.0,12.0,3.0
8728-9102,210,239,269.0,4.5,269.0,1.5,0.0
8931-3702,164,1,188.0,6.5,,,
8931-3701,191,0,216.0,19.0,,,
8931-12705,395,6,0.0,16.0,,,
8931-3704,169,0,277.0,89.5,,,
8931-6101,222,4,204.0,5.0,,,
8931-3703,186,125,180.0,7.4999999999999964,179.0,7.0,1.0
8931-6104,220,35,161.0,6.5,,,
8931-6103,316,23,227.0,14.0,,,
8728-12701,652,650,323.0,7.0,323.0,5.5,0.0
8931-12704,661,1,103.0,2.0,,,
8932-1902,106,9,208.0,1.5,,,
8932-12702,404,0,247.0,3.5,,,
8931-12701,485,430,133.0,5.5,137.0,2.0,4.0
8932-3703,137,0,101.0,8.0,,,
8932-3704,136,0,291.0,6.5,,,
8932-3702,144,0,79.0,89.5,,,
8932-12705,313,0,165.0,89.5,,,
8932-6102,193,0,193.0,14.0,,,
8932-3701,193,198,162.0,6.0,165.0,3.0,3.0
8933-12703,204,0,54.0,8.5,,,
8931-9101,473,190,131.0,11.0,96.0,10.5,35.0
8932-12703,630,17,302.0,3.5,,,
8933-1901,97,3,323.0,5.5,,,
8932-6101,328,9,40.0,3.0,,,
8933-1902,104,1,293.0,3.5,,,
8933-3701,151,2,283.0,21.0,,,
8932-6104,341,75,99.0,2.0,101.0,3.0,2.0
8933-12701,221,208,271.0,5.5,268.0,0.5,3.0
8933-3703,194,11,311.0,2.0,,,
8933-9101,142,0,174.0,23.000000000000007,,,
8931-12702,672,671,290.0,7.5,290.0,4.5,0.0
8934-1901,88,2,70.0,6.5,,,
8934-1902,80,0,184.0,7.5,,,
8933-6102,289,3,110.0,4.5,,,
8933-6101,314,0,312.0,11.5,,,
8933-6103,320,8,30.0,3.5,,,
8932-12704,615,340,195.0,4.5,232.0,2.0,37.0
8934-3704,141,0,247.0,10.0,,,
8934-6103,138,0,183.0,7.500000000000002,,,
8934-3703,195,3,108.0,2.0,,,
8934-6101,199,0,88.0,7.5,,,
8932-9102,432,433,49.0,5.5,44.0,1.5,5.0
8934-12703,141,328,262.0,16.5,261.0,2.0,1.0
8934-3701,180,189,12.0,12.0,1.0,0.5,11.0
8932-12701,705,676,298.0,4.0,290.0,1.5,8.0
8934-9102,234,0,111.0,89.5,,,
8934-6104,330,6,305.0,2.0,,,
8934-6102,318,124,343.0,5.5,335.0,7.5,8.0
8546-6102,264,173,51.0,4.0,52.0,3.5,1.0
8546-6101,237,232,155.0,6.0,161.0,3.0,6.0
8547-1901,79,54,334.0,7.0,342.0,1.0,8.0
8547-6101,166,0,229.0,8.5,,,
8547-6104,139,103,267.0,43.5,111.0,2.5,156.0
8547-12704,284,212,331.0,6.5,322.0,3.0,9.0
8547-12705,216,242,149.0,33.0,131.0,3.0,18.0
8547-9102,213,84,132.0,3.0,142.0,8.0,10.0
8548-1902,93,93,332.0,39.0,321.0,6.0,11.0
8547-6103,258,263,346.0,6.5,351.0,1.0,5.0
8548-12701,257,230,317.0,2.5,319.0,0.5,2.0
8547-6102,324,322,43.0,2.0,42.0,1.5,1.0
8546-12705,664,667,81.0,3.0,79.0,1.0,2.0
8548-12705,442,57,198.0,7.5,214.0,6.5,16.0
8548-3702,143,194,186.0,26.0,184.0,5.499999999999997,2.0
8548-6101,297,2,239.0,9.5,,,
8547-12701,627,496,203.0,1.0,199.0,1.0,4.0
8548-3704,178,179,273.0,8.5,277.0,3.5,4.0
8548-6104,204,154,65.0,6.5,59.0,2.5,6.0
8548-9101,339,3,9.0,55.50000000000001,,,
8548-6102,291,300,303.0,6.5,308.0,2.0,5.0
8548-12702,666,539,317.0,6.5,317.0,3.0,0.0
8548-6103,295,315,334.0,12.0,330.0,3.5,4.0
8549-1901,77,98,66.0,17.5,63.0,10.5,3.0
8548-12704,563,588,269.0,4.5,261.0,1.5,8.0
8549-3701,128,2,275.0,6.5,,,
8549-1902,79,93,320.0,13.0,303.0,4.5,17.0
8549-3704,96,34,216.0,3.5,,,
8549-12704,319,322,108.0,6.5,105.0,4.0,3.0
8548-12703,665,638,115.0,5.0,110.0,3.5,5.0
8549-12703,425,410,254.0,6.5,249.0,2.0,5.0
8549-3702,165,183,357.0,10.999999999999996,352.0,3.0,5.0
8549-6101,321,1,108.0,35.0,,,
8549-3703,185,156,145.0,5.0,153.0,3.0,8.0
8549-6102,227,210,263.0,2.5,260.0,1.0,3.0
8549-6103,271,289,137.0,11.5,122.0,3.0,15.0
8549-12702,612,605,79.0,1.0,82.0,0.5,3.0
8549-6104,257,299,163.0,11.0,218.0,4.5,55.0
8549-12705,581,410,121.0,0.5,146.0,0.5,25.0
8550-1902,80,5,197.0,5.5,,,
8550-3702,166,1,186.0,3.0,,,
8550-3703,167,56,19.0,3.0,12.0,5.0,7.0
8549-9102,421,441,133.0,5.5,126.0,1.5,7.0
8550-3701,168,155,280.0,3.0,281.0,1.5,1.0
8550-6102,291,115,102.0,6.5,99.0,4.0,3.0
8550-9101,193,154,96.0,20.5,108.0,3.0,12.0
8550-12702,639,394,203.0,0.5,203.0,0.5,0.0
8550-6104,219,226,313.0,1.5,314.0,0.5,1.0
8550-6103,322,321,240.0,3.0,242.0,1.0,2.0
8550-12703,678,530,125.0,43.0,146.0,89.5,21.0
8550-12701,677,575,270.0,3.0,271.0,0.5,1.0
8551-1902,80,99,231.0,89.5,282.0,28.5,51.0
8550-12704,669,669,196.0,3.0,195.0,2.5,1.0
8551-3702,188,7,31.0,20.0,,,
8551-12703,176,187,104.0,9.0,102.0,4.5,2.0
8551-3703,188,43,249.0,11.0,,,
8551-12701,355,422,223.0,2.0,218.0,1.0,5.0
8551-6104,78,108,34.0,10.5,18.0,4.0,16.0
8551-3701,126,180,281.0,13.5,280.0,3.5,1.0
8550-12705,688,688,136.0,1.0,134.0,0.5,2.0
8552-1902,90,35,319.0,6.0,,,
8552-1901,96,0,147.0,6.5,,,
8551-9101,130,175,23.0,3.0,257.0,0.5,126.0
8551-12702,421,424,186.0,4.5,185.0,1.0,1.0
8551-9102,167,150,307.0,11.0,298.0,6.5,9.0
8552-6103,240,26,205.0,9.5,,,
8552-3701,196,142,334.0,38.5,288.0,85.5,46.0
8552-3704,178,178,287.0,15.0,289.0,7.5,2.0
8551-12704,477,460,39.0,1.5,39.0,0.5,0.0
8552-6102,136,190,284.0,10.5,294.0,2.0,10.0
8552-6104,299,0,350.0,6.0,,,
8553-1902,97,22,250.0,3.5,,,
8552-12702,274,430,308.0,13.5,273.0,3.0,35.0
8552-12704,328,406,4.0,3.5,2.0,1.4999999999999993,2.0
8553-3701,188,0,138.0,89.5,,,
8553-12701,160,138,314.0,12.0,321.0,3.5,7.0
8553-3703,169,130,182.0,1.4999999999999993,184.0,1.0,2.0
8552-12701,574,396,7.0,1.0,9.0,1.5,2.0
8553-3704,112,157,130.0,7.0,142.0,1.0,12.0
8553-6101,284,0,104.0,9.0,,,
8553-6104,209,30,204.0,2.5,,,
8552-12705,516,478,267.0,8.5,275.0,3.0,8.0
8553-6103,325,8,325.0,4.5,,,
8554-1902,95,75,251.0,4.5,225.0,6.0,26.0
8554-3702,180,1,332.0,2.5,,,
8553-9101,219,184,299.0,5.5,299.0,1.0,0.0
8553-12703,383,430,33.0,28.0,60.0,5.5,27.0
8554-3701,190,152,111.0,4.5,285.0,5.0,174.0
8552-9101,462,450,69.0,3.0,69.0,1.5,0.0
8554-6102,168,0,156.0,89.5,,,
8554-3703,192,51,254.0,7.0,227.0,6.5,27.0
8554-6103,234,8,152.0,3.5,,,
8554-9102,182,26,63.0,12.0,,,
8554-6104,259,161,268.0,1.5,268.0,1.5,0.0
8554-6101,292,288,265.0,13.5,269.0,4.0,4.0
8554-12701,516,519,312.0,1.5,308.0,1.0,4.0
8555-12704,291,2,306.0,89.5,,,
8555-12702,262,240,181.0,2.500000000000006,182.0,1.0,1.0
8554-12705,537,424,168.0,2.5,165.0,1.5,3.0
8554-12703,534,503,279.0,2.0,289.0,0.5,10.0
8935-1901,95,0,175.0,78.0,,,
8935-12701,284,0,88.0,27.0,,,
8934-12704,628,1,252.0,2.0,,,
8934-9101,334,0,267.0,9.5,,,
8934-12705,679,0,125.0,3.5,,,
8935-1902,94,0,176.0,5.499999999999999,,,
8935-12702,284,0,182.0,25.5,,,
8935-3704,135,0,71.0,11.5,,,
8935-3702,185,2,260.0,3.0,,,
8935-3701,183,0,89.0,15.0,,,
8935-6101,149,0,175.0,18.999999999999993,,,
8935-3703,176,86,255.0,32.0,276.0,40.0,21.0
8935-6103,313,0,150.0,5.0,,,
8935-12704,285,265,154.0,9.5,170.0,4.5,16.0
8935-9101,391,2,157.0,2.0,,,
8935-9102,480,0,205.0,3.0,,,
8936-1902,100,70,141.0,3.5,190.0,5.0,49.0
8936-12702,413,11,330.0,11.5,,,
8934-12701,624,663,164.0,2.5,164.0,1.0,0.0
8936-3701,177,2,331.0,14.0,,,
8936-6103,91,1,45.0,0.5,,,
8936-3702,179,56,174.0,2.5,189.0,1.0,15.0
8935-6104,321,315,96.0,5.0,86.0,2.5,10.0
8935-12703,594,286,331.0,1.5,335.0,1.0,4.0
8936-6101,298,22,121.0,4.0,,,
8936-12701,672,21,126.0,89.5,,,
8936-9101,261,123,177.0,3.4999999999999982,182.0,13.0,5.0
8937-1901,98,53,294.0,13.0,80.0,20.5,146.0
8937-12702,379,14,189.0,81.0,,,
8937-1902,95,76,198.0,3.0,22.0,10.0,176.0
8937-12703,205,154,22.0,11.5,59.0,0.5,37.0
8936-12705,570,231,25.0,1.5,25.0,0.5,0.0
8936-9102,332,158,87.0,2.0,91.0,0.5,4.0
8937-3701,192,8,332.0,2.0,,,
8937-3702,183,0,260.0,10.0,,,
8936-6104,305,320,252.0,23.0,262.0,7.0,10.0
8937-3704,197,0,87.0,10.0,,,
8937-6101,203,43,162.0,7.0,,,
8936-12703,612,549,14.0,19.500000000000004,14.0,6.5,0.0
8937-3703,195,189,246.0,4.5,245.0,3.5,1.0
8937-6104,325,7,7.0,3.5,,,
8936-12704,594,621,102.0,30.0,147.0,4.0,45.0
8937-12705,686,0,335.0,18.0,,,
8938-1901,92,3,348.0,3.0,,,
8937-6103,169,205,62.0,22.0,28.0,6.5,34.0
8938-1902,81,42,52.0,4.5,,,
8938-3704,66,1,245.0,35.5,,,
8938-6103,231,0,56.0,11.5,,,
8938-6102,163,91,150.0,10.0,318.0,11.0,168.0
8938-6104,284,0,244.0,3.5,,,
8938-12701,341,315,98.0,2.5,100.0,1.0,2.0
8938-9102,360,46,26.0,6.5,,,
8938-9101,195,203,359.0,5.500000000000006,358.0,2.0000000000000036,1.0
8939-1901,94,0,69.0,17.5,,,
8937-12704,586,593,220.0,8.0,215.0,2.0,5.0
8939-12701,389,87,278.0,4.5,266.0,1.5,12.0
8939-1902,84,93,205.0,12.0,198.0,5.0,7.0
8939-12705,153,81,119.0,2.0,110.0,5.5,9.0
8938-12705,381,391,285.0,7.5,292.0,4.0,7.0
8938-12703,467,399,298.0,2.0,297.0,1.0,1.0
8938-12704,540,284,87.0,2.5,89.0,1.0,2.0
8939-12702,348,138,285.0,0.5,275.0,2.5,10.0
8939-6103,190,0,307.0,54.0,,,
8939-3701,189,143,9.0,11.0,354.0,4.999999999999998,15.0
8939-3702,192,190,235.0,2.5,238.0,0.5,3.0
8939-3704,169,156,262.0,89.5,293.0,0.5,31.0
8939-3703,159,190,354.0,23.500000000000007,335.0,4.0,19.0
8940-1901,99,0,120.0,5.5,,,
8939-6101,206,127,17.0,6.0,18.0,3.0,1.0
8939-9102,378,7,112.0,3.0,,,
8940-3702,204,19,301.0,11.5,,,
8940-1902,107,107,89.0,4.0,91.0,0.5,2.0
8938-12702,669,667,128.0,1.5,127.0,0.5,1.0
8940-12703,232,210,109.0,4.0,105.0,5.0,4.0
8940-6101,111,134,356.0,8.000000000000007,347.0,7.5,9.0
8939-6102,275,315,100.0,27.0,120.0,5.5,20.0
8940-12705,231,247,66.0,3.0,71.0,2.5,5.0
8940-3704,169,178,357.0,39.50000000000001,13.0,10.0,16.0
8940-3703,209,207,194.0,1.5,195.0,1.0,1.0
8940-6103,303,1,201.0,18.5,,,
8940-12704,546,0,101.0,27.0,,,
8941-1902,103,6,218.0,3.0,,,
8939-12703,685,386,268.0,1.5,266.0,2.0,2.0
8940-9102,481,9,246.0,5.0,,,
8941-3701,197,107,152.0,4.0,46.0,26.0,106.0
8941-3704,170,54,273.0,5.0,287.0,21.0,14.0
8941-3702,174,200,86.0,22.0,100.0,3.0,14.0
8941-3703,173,127,209.0,11.5,203.0,7.0,6.0
8940-6104,331,333,149.0,1.5,154.0,0.5,5.0
8940-9101,355,370,200.0,1.0,200.0,0.5,0.0
8941-12703,290,378,125.0,13.5,136.0,2.5,11.0
8941-6101,164,216,89.0,9.0,93.0,1.5,4.0
8941-12702,375,402,273.0,8.5,282.0,3.0,9.0
8941-6102,172,172,264.0,5.5,262.0,0.5,2.0
8941-12704,372,370,17.0,25.000000000000007,3.0,4.000000000000008,14.0
8941-9101,298,14,69.0,15.0,,,
8942-1901,90,60,120.0,3.5,122.0,3.0,2.0
8941-12701,521,464,65.0,4.0,57.0,5.0,8.0
8942-3702,150,7,46.0,6.0,,,
8941-6103,257,230,34.0,14.0,29.0,4.0,5.0
8555-1901,75,76,287.0,8.0,293.0,5.0,6.0
8555-3702,142,0,258.0,17.0,,,
8555-1902,96,83,256.0,6.5,262.0,4.0,6.0
8554-12702,636,532,216.0,4.5,223.0,2.5,7.0
8555-12703,258,252,36.0,2.5,37.0,1.0,1.0
8555-6103,138,9,166.0,0.5,,,
8554-9101,443,395,133.0,5.5,134.0,3.0,1.0
8555-3703,169,100,103.0,3.0,96.0,1.5,7.0
8555-3701,195,135,152.0,2.5,172.0,3.5,20.0
8555-6102,221,145,42.0,5.0,39.0,1.5,3.0
8555-6104,323,37,322.0,25.0,,,
8561-1901,75,79,23.0,11.5,24.0,2.5,1.0
8561-1902,81,46,26.0,3.0,,,
8555-9101,449,4,91.0,10.0,,,
8561-3701,191,9,274.0,6.5,,,
8555-9102,292,222,248.0,5.0,248.0,1.5,0.0
8561-3703,181,108,262.0,5.5,224.0,14.5,38.0
8561-12703,270,236,162.0,28.5,179.0,2.0000000000000036,17.0
8561-6101,317,29,235.0,5.0,,,
8561-12701,377,285,345.0,5.0,344.0,1.5,1.0
8561-6102,159,204,119.0,6.5,113.0,2.0,6.0
8555-12705,592,532,250.0,1.0,249.0,1.0,1.0
8561-6103,191,178,351.0,4.0,350.0,2.0,1.0
8561-6104,254,94,159.0,1.5,149.0,1.0,10.0
8562-1901,86,37,39.0,12.5,,,
8562-1902,94,5,193.0,3.0,,,
8561-12702,456,503,269.0,6.5,269.0,3.5,0.0
8562-3701,185,45,132.0,3.0,,,
8562-12701,207,249,0.0,89.5,9.0,5.0,9.0
8562-3704,166,89,183.0,6.999999999999997,356.0,2.5000000000000036,173.0
8562-12703,289,275,164.0,0.5,105.0,0.5,59.0
8561-12705,619,474,148.0,2.0,162.0,0.5,14.0
8562-3703,167,174,68.0,4.0,69.0,2.0,1.0
8562-6104,185,0,229.0,6.0,,,
8562-12702,389,411,255.0,15.5,251.0,2.5,4.0
8562-6102,291,248,130.0,2.5,130.0,1.5,0.0
8563-12702,136,194,262.0,19.5,275.0,4.5,13.0
8562-6103,299,300,106.0,4.5,102.0,2.0,4.0
8563-12703,240,276,189.0,8.000000000000007,184.0,1.5,5.0
8562-12704,676,425,204.0,8.5,206.0,8.5,2.0
8563-3701,167,189,131.0,11.5,140.0,4.0,9.0
8562-12705,667,525,229.0,1.0,228.0,0.5,1.0
8563-3703,187,146,321.0,1.5,314.0,1.5,7.0
8563-3702,173,181,163.0,5.5,168.0,1.0,5.0
8563-12704,379,389,342.0,8.5,345.0,4.5,3.0
8562-9102,455,455,141.0,2.0,140.0,0.5,1.0
8563-3704,158,193,137.0,37.0,143.0,8.5,6.0
8563-6101,145,142,23.0,5.5,27.0,0.5,4.0
8563-6102,164,212,124.0,14.0,129.0,3.0,5.0
8563-12701,554,530,175.0,1.5,179.0,1.5000000000000038,4.0
8563-6103,244,285,259.0,12.0,267.0,3.0,8.0
8563-9102,265,244,192.0,19.500000000000004,191.0,3.0,1.0
8563-6104,300,281,210.0,2.5,209.0,1.0,1.0
8564-1901,93,97,22.0,33.5,16.0,7.0,6.0
8564-1902,88,50,281.0,11.5,288.0,8.0,7.0
8564-12702,358,282,133.0,5.0,136.0,0.5,3.0
8564-3702,115,125,184.0,8.000000000000004,177.0,3.000000000000004,7.0
8564-6101,247,0,186.0,22.000000000000004,,,
8563-12705,683,683,324.0,1.0,324.0,1.0,0.0
8564-12703,387,349,53.0,4.5,47.0,2.5,6.0
8564-3701,184,193,85.0,7.0,89.0,4.0,4.0
8564-6102,254,162,317.0,12.5,307.0,4.5,10.0
8564-6104,279,220,326.0,62.50000000000001,355.0,6.499999999999999,29.0
8565-1901,80,0,222.0,5.5,,,
8564-12705,610,322,85.0,3.0,96.0,4.0,11.0
8565-12701,179,181,253.0,6.0,208.0,8.5,45.0
8565-12702,321,94,330.0,37.0,99.0,2.0,129.0
8564-12704,672,481,57.0,2.5,56.0,4.0,1.0
8565-12705,245,222,359.0,4.999999999999999,4.0,1.5,5.0
8564-9102,256,286,3.0,3.500000000000008,0.0,1.4999999999999978,3.0
8565-6103,159,52,321.0,5.0,318.0,5.5,3.0
8565-3701,152,172,337.0,3.0,342.0,2.0,5.0
8565-3704,181,162,154.0,42.5,167.0,16.999999999999996,13.0
8564-9101,402,273,275.0,14.5,285.0,5.0,10.0
8565-6102,153,219,36.0,13.0,42.0,2.0,6.0
8566-1902,96,1,162.0,6.5,,,
8566-12701,298,5,183.0,23.5,,,
8566-12703,153,85,248.0,18.0,247.0,13.0,1.0
8566-3701,95,93,300.0,8.0,301.0,4.5,1.0
8565-9102,177,262,170.0,8.999999999999998,184.0,1.5,14.0
8566-6101,153,18,0.0,17.000000000000004,,,
8566-3702,206,53,158.0,7.5,97.0,24.5,61.0
8565-9101,278,265,207.0,20.0,205.0,4.5,2.0
8566-3703,108,126,196.0,6.5,187.0,5.5,9.0
8566-3704,102,174,0.0,9.999999999999996,339.0,1.5,21.0
8567-1901,94,22,305.0,12.0,,,
8566-6102,226,69,303.0,4.0,295.0,1.0,8.0
8567-1902,93,93,258.0,5.0,257.0,2.5,1.0
8566-12702,358,388,177.0,5.999999999999999,171.0,2.0,6.0
8565-12704,636,624,242.0,6.0,256.0,0.5,14.0
8567-3704,152,47,195.0,2.5,,,
8567-3703,177,24,99.0,2.0,,,
8567-3702,163,98,167.0,1.5,163.0,2.5,4.0
8567-3701,180,179,245.0,2.0,244.0,1.5,1.0
8566-9102,296,209,62.0,0.5,193.0,0.5,131.0
8567-12705,531,22,28.0,9.5,,,
8566-9101,448,182,77.0,4.0,75.0,1.0,2.0
8568-12701,129,17,60.0,9.5,,,
8568-1901,98,85,34.0,2.5,326.0,2.5,68.0
8567-6103,316,117,138.0,11.5,179.0,27.000000000000004,41.0
8942-3701,211,47,102.0,1.0,,,
8941-6104,261,255,63.0,16.5,61.0,4.5,2.0
8942-12701,477,92,194.0,3.5,182.0,2.0,12.0
8942-3704,80,172,3.0,8.500000000000005,1.0,2.5000000000000004,2.0
8942-3703,194,199,171.0,24.999999999999996,200.0,28.0,29.0
8942-6101,331,54,35.0,14.5,41.0,11.5,6.0
8941-9102,489,464,77.0,2.5,79.0,1.0,2.0
8942-6103,221,312,225.0,12.0,227.0,2.5,2.0
8942-6102,291,297,46.0,9.0,44.0,3.0,2.0
8942-6104,338,281,137.0,3.0,136.0,2.0,1.0
8941-12705,690,680,36.0,7.5,31.0,3.0,5.0
8943-1902,99,46,239.0,8.0,,,
8942-9101,284,335,188.0,8.0,187.0,2.0,1.0
8943-1901,85,87,67.0,3.5,66.0,0.5,1.0
8943-12705,277,0,162.0,1.5,,,
8942-12705,528,477,309.0,15.0,289.0,4.5,20.0
8942-9102,320,269,334.0,10.0,337.0,4.0,3.0
8943-3703,158,27,203.0,4.0,,,
8944-12701,123,13,352.0,10.000000000000005,,,
8943-6104,210,0,287.0,31.5,,,
8943-6101,304,10,106.0,10.0,,,
8943-3702,188,169,253.0,2.0,250.0,1.0,3.0
8943-9102,254,36,80.0,2.5,,,
8943-12701,430,426,55.0,2.0,55.0,1.0,0.0
8943-6102,238,142,143.0,6.5,127.0,1.0,16.0
8944-1902,79,14,6.0,11.500000000000005,,,
8943-6103,210,200,305.0,32.5,332.0,4.0,27.0
8944-1901,97,97,321.0,45.5,316.0,10.5,5.0
8943-12703,477,444,172.0,7.499999999999998,173.0,2.5,1.0
8943-9101,301,303,51.0,5.0,38.0,0.5,13.0
8943-12702,517,539,93.0,7.5,90.0,3.0,3.0
8942-12702,702,702,262.0,1.0,263.0,1.0,1.0
8944-3701,114,156,159.0,16.5,155.0,4.0,4.0
8944-12702,295,234,199.0,5.0,200.0,1.5,1.0
8944-6101,130,179,171.0,22.0,180.0,2.499999999999999,9.0
8944-6103,207,196,341.0,4.5,338.0,2.0,3.0
8944-12705,336,306,113.0,3.5,111.0,0.5,2.0
8945-1901,97,82,173.0,7.499999999999998,160.0,4.0,13.0
8945-1902,102,4,122.0,2.0,,,
8944-6104,205,264,277.0,89.5,246.0,5.5,31.0
8945-12704,191,179,87.0,43.0,70.0,9.0,17.0
8945-3701,194,2,95.0,3.0,,,
8945-3703,160,101,119.0,4.0,124.0,2.0,5.0
8945-12703,291,264,329.0,0.5,341.0,0.5,12.0
8944-9101,346,306,252.0,20.0,272.0,5.5,20.0
8945-6102,291,64,260.0,1.5,262.0,4.0,2.0
8946-12703,181,30,341.0,8.5,,,
8945-6104,340,120,209.0,8.5,207.0,2.5,2.0
8945-6101,304,246,148.0,4.0,147.0,1.5,1.0
8944-9102,460,475,348.0,15.999999999999996,1.0,4.5,13.0
8945-9101,155,197,307.0,6.0,315.0,1.5,8.0
8944-12703,689,665,249.0,6.0,241.0,3.0,8.0
8944-12704,692,683,214.0,1.0,214.0,0.5,0.0
8946-12704,158,138,112.0,26.5,75.0,9.0,37.0
8945-6103,336,257,359.0,2.499999999999998,359.0,0.5,0.0
8946-1902,101,48,356.0,3.0,,,
8946-1901,94,64,83.0,4.5,142.0,5.5,59.0
8946-12705,235,28,340.0,8.0,,,
8946-3702,92,95,248.0,28.5,213.0,3.5,35.0
8946-6104,153,10,58.0,43.5,,,
8946-3701,192,115,186.0,20.000000000000007,156.0,16.5,30.0
8946-12701,675,4,85.0,5.5,,,
8946-3704,178,177,230.0,3.0,226.0,1.5,4.0
8945-12702,681,667,293.0,3.5,291.0,1.5,2.0
8947-1901,97,97,125.0,5.5,114.0,4.0,11.0
8946-6103,176,270,176.0,18.000000000000004,188.0,3.5,12.0
8947-3704,127,25,102.0,6.0,,,
8946-6101,253,239,249.0,4.5,253.0,2.5,4.0
8947-3702,184,19,186.0,1.5,,,
8946-6102,307,189,192.0,2.0,12.0,1.5,180.0
8945-12705,683,676,18.0,3.5,17.0,2.0,1.0
8947-6102,161,8,287.0,89.5,,,
8947-6101,211,2,351.0,30.500000000000004,,,
8948-1901,103,103,336.0,3.0,348.0,3.5,12.0
8947-6103,182,202,219.0,5.0,221.0,1.5,2.0
8946-9101,401,397,11.0,5.5,13.0,2.0,2.0
8948-3703,111,117,174.0,15.500000000000004,157.0,8.5,17.0
8947-12702,519,254,101.0,89.5,130.0,20.5,29.0
8948-3701,146,174,346.0,30.000000000000007,342.0,4.5,4.0
8948-3704,175,40,37.0,3.5,,,
8947-12701,450,405,281.0,0.5,280.0,0.5,1.0
8948-6102,270,0,93.0,89.5,,,
8948-6104,279,0,157.0,89.5,,,
8948-6103,216,237,262.0,13.0,310.0,0.5,48.0
8949-12704,190,0,1.0,21.0,,,
8949-12701,364,52,326.0,9.5,19.0,24.0,53.0
8948-6101,319,259,202.0,4.0,198.0,3.0,4.0
8947-9101,476,473,155.0,5.0,154.0,2.5,1.0
8949-12705,218,0,185.0,13.999999999999998,,,
8949-1902,98,1,261.0,3.5,,,
8947-9102,477,476,335.0,2.5,334.0,1.5,1.0
8948-12704,484,480,168.0,9.0,162.0,4.0,6.0
8947-12704,659,644,119.0,6.0,112.0,3.5,7.0
8949-3701,174,0,164.0,15.0,,,
8949-3702,198,0,220.0,6.0,,,
8949-3703,167,0,274.0,32.5,,,
8949-6104,154,0,333.0,30.0,,,
8949-3704,180,0,248.0,89.5,,,
8949-6103,264,0,272.0,21.0,,,
8948-12701,602,615,258.0,2.5,261.0,1.0,3.0
8567-6104,305,0,121.0,35.0,,,
8568-3701,189,26,138.0,6.0,,,
8567-12704,489,455,297.0,3.5,299.0,2.0,2.0
8568-3702,191,0,317.0,3.0,,,
8568-12704,420,59,1.0,0.5,54.0,0.5,53.0
8568-6102,287,16,105.0,5.0,,,
8568-3703,195,193,235.0,12.0,254.0,12.0,19.0
8566-12704,697,683,359.0,4.000000000000005,353.0,1.5,6.0
8567-9102,373,319,299.0,3.0,298.0,2.0,1.0
8567-9101,402,343,252.0,89.5,0.0,59.5,108.0
8568-6101,226,224,201.0,3.5,193.0,1.0,8.0
8569-1902,92,26,174.0,4.5,,,
8569-1901,96,0,184.0,89.5,,,
8569-3702,200,1,198.0,3.5,,,
8569-3701,146,143,293.0,2.0,295.0,1.5,2.0
8568-6104,308,287,117.0,1.5,119.0,0.5,2.0
8569-3703,181,113,57.0,2.5,57.0,1.5,0.0
8569-6101,120,188,132.0,21.0,117.0,4.0,15.0
8569-12703,315,339,351.0,8.0,348.0,2.5,3.0
8569-12704,331,350,206.0,5.0,207.0,3.0,1.0
8568-9101,484,411,187.0,1.5,182.0,1.0000000000000049,5.0
8568-12705,689,680,282.0,2.5,284.0,1.5,2.0
8569-6103,270,170,88.0,2.5,86.0,2.0,2.0
8569-6104,214,235,316.0,3.5,319.0,2.0,3.0
8569-12701,567,503,111.0,3.0,115.0,2.5,4.0
8570-1902,101,26,143.0,4.0,,,
8570-1901,98,98,185.0,12.499999999999996,178.0,9.999999999999996,7.0
8569-9102,314,313,118.0,13.5,121.0,5.0,3.0
8569-9101,275,372,72.0,6.0,75.0,2.0,3.0
8570-3703,187,3,88.0,2.0,,,
8570-3704,195,20,160.0,4.0,,,
8570-3701,189,189,35.0,8.5,32.0,6.5,3.0
8570-6103,187,148,141.0,13.0,155.0,0.5,14.0
8570-12705,364,368,143.0,4.0,140.0,1.5,3.0
8570-6101,302,170,208.0,5.5,207.0,2.5,1.0
8570-12703,438,448,0.0,12.500000000000002,357.0,2.5,3.0
8570-6102,314,312,202.0,5.0,205.0,2.5,3.0
8570-12701,584,623,358.0,15.0,345.0,4.0,13.0
8570-12704,434,560,160.0,15.5,142.0,4.0,18.0
8570-6104,331,331,184.0,3.000000000000008,182.0,1.0,2.0
8588-1901,79,85,119.0,13.0,117.0,1.0,2.0
8588-1902,99,81,323.0,3.0,277.0,5.5,46.0
8570-12702,582,634,148.0,9.0,144.0,3.0,4.0
8588-6103,125,44,268.0,13.5,,,
8588-3701,195,160,46.0,0.5,40.0,3.0,6.0
8588-3703,127,115,327.0,9.0,335.0,7.5,8.0
8588-12701,394,292,301.0,2.0,302.0,0.5,1.0
8570-9102,427,420,166.0,0.5,148.0,0.5,18.0
8588-6102,321,14,158.0,2.0,,,
8588-3702,194,194,93.0,1.5,94.0,1.0,1.0
8589-1901,93,49,4.0,7.499999999999997,,,
8588-6104,258,184,40.0,2.0,36.0,1.0,4.0
8589-3701,159,100,20.0,2.0,18.0,2.0,2.0
8588-12705,489,492,37.0,4.5,37.0,1.5,0.0
8588-12704,556,462,195.0,1.0,193.0,0.5,2.0
8589-3702,177,84,171.0,2.5,175.0,1.5,4.0
8589-12701,282,229,308.0,23.5,302.0,7.0,6.0
8589-6103,135,34,51.0,8.0,,,
8588-9101,324,300,292.0,1.0,293.0,0.5,1.0
8589-3704,182,53,148.0,6.0,139.0,12.5,9.0
8589-12702,309,338,190.0,0.5,127.0,1.0,63.0
8591-1901,88,5,293.0,6.0,,,
8591-1902,92,0,30.0,4.5,,,
8588-12702,663,676,123.0,11.5,131.0,3.5,8.0
8591-12703,166,111,240.0,9.0,241.0,3.5,1.0
8589-12704,390,420,39.0,5.0,41.0,1.0,2.0
8591-3701,191,20,332.0,11.0,,,
8589-9102,240,209,54.0,7.0,54.0,1.5,0.0
8589-9101,299,191,347.0,1.5,345.0,1.0,2.0
8591-3704,162,1,214.0,19.5,,,
8592-1901,92,0,329.0,4.5,,,
8591-12704,255,190,16.0,6.0,18.0,4.5,2.0
8591-3703,167,182,304.0,13.0,291.0,6.5,13.0
8591-12702,257,362,228.0,8.0,216.0,2.0,12.0
8592-1902,91,85,128.0,7.5,3.0,6.5,125.0
8591-12701,362,365,309.0,23.5,221.0,3.0,88.0
8591-6101,283,132,203.0,9.0,166.0,0.5,37.0
8592-3701,205,19,320.0,2.5,,,
8592-12701,196,230,305.0,26.0,289.0,3.0,16.0
8592-3704,89,101,60.0,89.5,260.0,3.0,160.0
8592-3702,150,161,58.0,19.5,116.0,9.0,58.0
8591-6104,316,316,273.0,2.5,274.0,1.0,1.0
8592-6104,111,105,213.0,12.5,211.0,4.0,2.0
8592-3703,185,189,252.0,7.0,250.0,3.0,2.0
8592-12704,496,111,244.0,8.5,110.0,1.0,134.0
8591-9102,366,355,143.0,3.5,142.0,3.5,1.0
8593-1902,95,33,136.0,5.5,,,
8593-1901,78,83,98.0,37.5,293.0,4.0,165.0
8593-3704,115,5,163.0,3.5,,,
8592-9102,336,5,236.0,6.5,,,
8592-6101,324,331,251.0,4.5,251.0,1.0,0.0
8592-6102,326,312,193.0,2.0,195.0,1.0,2.0
8593-3703,190,189,357.0,6.5,28.0,5.0,31.0
8593-12703,411,323,100.0,1.5,102.0,1.0,2.0
8595-12701,333,1,255.0,89.5,,,
8593-6103,309,202,250.0,6.0,194.0,0.5,56.0
8593-9101,469,3,50.0,2.0,,,
8592-9101,478,465,42.0,1.5,40.0,1.0,2.0
8593-6104,296,243,119.0,1.5,125.0,1.0,6.0
8595-1902,75,65,104.0,15.5,331.0,24.5,133.0
8950-12702,201,0,181.0,30.5,,,
8950-1902,97,11,39.0,4.0,,,
8949-6102,329,4,75.0,6.0,,,
8949-9102,284,1,285.0,8.5,,,
8950-1901,86,90,225.0,5.5,224.0,0.5,1.0
8950-12701,178,69,260.0,11.5,264.0,4.5,4.0
8948-9101,437,440,245.0,84.5,219.0,13.5,26.0
8950-3704,119,0,178.0,43.50000000000001,,,
8950-3701,144,0,41.0,44.5,,,
8950-3702,173,0,205.0,6.5,,,
8950-3703,188,0,15.0,5.5,,,
8950-6101,173,0,40.0,43.5,,,
8949-12703,531,505,88.0,8.5,101.0,5.0,13.0
8951-1902,94,2,228.0,10.5,,,
8950-6103,324,9,193.0,1.5,,,
8951-3702,171,0,175.0,14.000000000000004,,,
8951-12703,196,3,309.0,31.0,,,
8950-6104,310,2,33.0,4.0,,,
8950-9101,200,102,202.0,6.5,214.0,5.0,12.0
8951-3704,126,0,219.0,13.5,,,
8951-3703,193,2,310.0,5.5,,,
8951-6103,157,0,4.0,11.500000000000002,,,
8950-12703,686,19,6.0,1.5,,,
8950-9102,476,1,223.0,1.5,,,
8950-12704,674,6,198.0,1.5,,,
8951-6102,256,0,101.0,2.5,,,
8951-6104,285,0,11.0,12.5,,,
8951-6101,316,0,149.0,2.0,,,
8952-1901,97,21,150.0,3.0,,,
8952-1902,86,1,160.0,9.0,,,
8951-12701,372,264,77.0,1.5,74.0,1.0,3.0
8951-12702,586,20,358.0,1.0,,,
8951-9102,447,1,173.0,1.5,,,
8952-3701,185,39,267.0,2.0,,,
8952-6101,203,4,342.0,8.0,,,
8952-3704,171,54,64.0,8.0,105.0,8.5,41.0
8952-3702,154,137,152.0,4.0,154.0,2.5,2.0
8952-3703,197,197,160.0,2.5,163.0,1.0,3.0
8952-12704,666,15,73.0,44.5,,,
8952-12705,389,349,95.0,2.5,97.0,0.5,2.0
8952-12702,509,345,221.0,0.5,252.0,0.5,31.0
8977-1901,77,51,188.0,84.0,269.0,0.5,81.0
8977-1902,85,2,51.0,5.0,,,
8952-6103,326,314,174.0,3.5,168.0,2.0,6.0
8952-12701,612,423,338.0,1.0,338.0,1.0,0.0
8952-9101,469,125,155.0,3.5,159.0,2.5,4.0
8977-3702,144,3,224.0,3.0,,,
8977-12703,338,267,351.0,1.5,353.0,1.0,2.0
8977-12704,279,439,168.0,10.5,224.0,9.0,56.0
8977-6101,219,99,99.0,5.5,103.0,6.5,4.0
8977-3704,185,182,119.0,25.0,187.0,13.000000000000002,68.0
8952-12703,608,609,344.0,1.5,344.0,1.0,0.0
8952-9102,495,495,320.0,1.5,320.0,0.5,0.0
8978-1902,93,34,88.0,3.0,,,
8977-6102,312,312,189.0,3.5,189.0,1.5,0.0
8978-3702,174,22,291.0,17.5,,,
8978-3703,192,39,110.0,3.0,,,
8978-12702,290,282,304.0,0.5,310.0,1.0,6.0
8977-12705,574,475,131.0,89.5,310.0,12.0,179.0
8977-9101,415,261,168.0,1.0,168.0,1.0,0.0
8977-9102,345,358,185.0,4.0,189.0,1.5,4.0
8978-3701,193,192,160.0,2.5,165.0,1.5,5.0
8977-12702,639,672,130.0,9.0,125.0,3.5,5.0
8979-12702,268,0,194.0,89.5,,,
8978-6102,257,170,276.0,4.0,278.0,3.0,2.0
8979-3701,109,77,163.0,46.5,186.0,7.0,23.0
8978-9102,361,241,39.0,3.0,40.0,1.0,1.0
8978-6103,318,317,312.0,2.5,311.0,1.5,1.0
8978-12703,576,514,214.0,11.5,210.0,3.5,4.0
8978-12705,538,483,260.0,1.5,261.0,0.5,1.0
8979-3704,177,152,216.0,7.5,222.0,2.5,6.0
8978-12704,541,538,188.0,1.0,188.0,0.5,0.0
8979-12705,426,235,94.0,2.5,94.0,1.5,0.0
8979-3702,187,187,7.0,1.5,7.0,1.0,0.0
8979-12703,319,432,44.0,8.5,47.0,3.0,3.0
8979-6103,174,110,194.0,3.5,189.0,1.5,5.0
8978-9101,466,461,84.0,2.5,84.0,1.5,0.0
8979-6101,267,266,163.0,3.5,165.0,3.0,2.0
8980-12702,261,2,79.0,89.5,,,
8980-1901,98,71,65.0,2.5,73.0,2.0,8.0
8980-1902,93,51,179.0,4.500000000000006,5.0,3.000000000000008,174.0
8980-3701,187,35,154.0,38.0,,,
8979-12701,560,609,238.0,2.0,240.0,0.5,2.0
8980-6102,257,8,160.0,3.5,,,
8979-6104,314,314,229.0,2.5,231.0,1.5,2.0
8979-6102,323,323,131.0,2.5,131.0,1.5,0.0
8980-3704,164,167,351.0,12.0,9.0,6.5,18.0
8980-6103,318,1,288.0,2.0,,,
8981-12701,197,1,291.0,42.5,,,
8981-1902,91,64,289.0,11.5,93.0,11.5,164.0
8980-12703,652,107,66.0,14.5,32.0,5.0,34.0
8981-3701,174,22,85.0,4.0,,,
8979-9101,473,460,28.0,1.0,29.0,1.0,1.0
8980-6104,319,311,62.0,1.5,62.0,0.5,0.0
8981-12702,298,253,217.0,22.0,225.0,4.0,8.0
8980-9101,347,345,76.0,1.5,76.0,1.0,0.0
8980-12705,548,560,41.0,16.5,38.0,2.5,3.0
8981-3702,197,197,304.0,4.0,313.0,3.0,9.0
8981-12704,302,277,122.0,28.0,110.0,13.5,12.0
8981-3703,173,197,68.0,6.0,55.0,3.5,13.0
8593-12705,546,399,212.0,1.0,213.0,0.5,1.0
8595-3701,190,7,303.0,11.5,,,
8593-9102,389,327,348.0,20.5,3.0,5.000000000000002,15.0
8595-3704,121,119,349.0,7.5,356.0,1.5,7.0
8595-6101,245,1,77.0,43.0,,,
8595-9101,54,0,326.0,12.5,,,
8595-3702,189,189,42.0,3.5,42.0,0.5,0.0
8593-12701,668,660,38.0,1.5,37.0,0.5,1.0
8595-9102,280,33,19.0,4.0,,,
8595-6102,249,238,136.0,8.5,135.0,4.0,1.0
8595-12704,665,56,255.0,8.5,190.0,11.0,65.0
8595-12702,503,467,303.0,4.0,312.0,1.5,9.0
8596-1901,89,0,154.0,24.5,,,
8595-6103,319,321,247.0,4.5,241.0,2.0,6.0
8596-12701,467,23,9.0,43.0,,,
8596-1902,95,94,130.0,4.5,123.0,2.0,7.0
8596-12703,225,264,247.0,15.5,238.0,2.5,9.0
8596-3702,121,94,77.0,1.5,75.0,3.5,2.0
8596-3703,193,2,86.0,3.5,,,
8595-12705,562,578,172.0,4.0,172.0,1.5,0.0
8596-3701,191,190,141.0,16.5,91.0,0.5,50.0
8596-3704,189,66,168.0,6.0,212.0,2.0,44.0
8596-12705,368,375,111.0,9.5,105.0,3.0,6.0
8596-6102,239,300,245.0,3.5,245.0,1.5,0.0
8596-6101,314,293,88.0,1.5,91.0,1.0,3.0
8596-6103,176,314,86.0,14.5,94.0,3.0,8.0
8596-9102,474,10,329.0,2.5,,,
8596-6104,318,268,227.0,3.5,225.0,1.0,2.0
8597-1902,101,44,123.0,4.0,,,
8597-1901,104,103,189.0,11.999999999999998,263.0,7.0,74.0
8596-12702,686,664,147.0,1.0,147.0,0.5,0.0
8597-3701,116,0,47.0,89.5,,,
8597-3702,87,53,293.0,10.0,291.0,7.0,2.0
8596-12704,671,639,281.0,2.0,281.0,0.5,0.0
8597-6101,242,4,219.0,5.5,,,
8597-3703,195,158,137.0,2.5,174.0,2.5,37.0
8597-12701,512,581,355.0,3.5,356.0,1.5,1.0
8597-6104,101,221,85.0,13.5,73.0,2.5,12.0
8597-9102,168,79,286.0,14.5,279.0,9.5,7.0
8597-12705,375,410,1.0,10.5,1.0,1.5000000000000049,0.0
8597-9101,421,26,36.0,3.5,,,
8597-12702,601,550,88.0,0.5,85.0,0.5,3.0
8597-6103,329,327,227.0,3.5,227.0,2.0,0.0
8598-1902,95,54,329.0,3.0,111.0,8.0,142.0
8598-3701,191,48,192.0,19.5,,,
8598-3704,176,0,142.0,5.5,,,
8598-3703,153,122,299.0,14.5,298.0,8.0,1.0
8598-3702,162,181,11.0,19.5,335.0,4.0,36.0
8598-12704,209,278,312.0,18.0,299.0,4.5,13.0
8597-12703,685,670,191.0,1.5,193.0,0.5,2.0
8598-6102,296,6,87.0,2.0,,,
8597-12704,693,640,29.0,1.0,31.0,1.0,2.0
8598-9101,231,46,221.0,14.5,,,
8600-1901,97,97,226.0,12.5,213.0,3.0,13.0
8600-1902,107,92,41.0,5.5,219.0,3.0,178.0
8598-6104,329,315,52.0,2.0,53.0,0.5,1.0
8598-12702,438,516,58.0,3.5,57.0,1.0,1.0
8598-12701,585,477,37.0,6.0,35.0,3.0,2.0
8600-3702,189,30,216.0,1.5,,,
8600-12703,623,25,220.0,8.5,,,
8600-3701,174,150,247.0,12.5,254.0,7.0,7.0
8600-12705,359,339,230.0,8.0,231.0,1.5,1.0
8600-6102,159,125,294.0,7.0,302.0,4.0,8.0
8600-6101,314,6,36.0,10.5,,,
8600-3704,178,178,209.0,3.5,209.0,2.0,0.0
8600-9101,160,2,254.0,1.5,,,
8601-1901,98,3,200.0,9.5,,,
8600-6104,108,202,44.0,8.0,44.0,2.0,0.0
8600-12702,504,517,254.0,2.0,253.0,0.5,1.0
8601-1902,84,82,146.0,13.0,268.0,6.0,122.0
8601-3701,189,0,157.0,8.0,,,
8600-6103,274,247,76.0,2.5,77.0,0.5,1.0
8601-3704,146,33,20.0,6.5,,,
8601-3702,197,41,147.0,2.0,,,
8600-12704,632,510,290.0,5.5,301.0,2.5,11.0
8600-12701,689,634,284.0,3.5,284.0,2.0,0.0
8601-12701,311,201,156.0,5.5,20.0,1.0,136.0
8601-6102,215,18,345.0,17.0,,,
8601-6101,322,50,89.0,1.5,78.0,0.5,11.0
8601-6104,326,108,169.0,7.0,252.0,3.0,83.0
8601-6103,258,234,35.0,2.0,35.0,1.0,0.0
8601-9102,478,9,119.0,3.5,,,
8602-1901,99,34,134.0,2.5,,,
8601-9101,231,276,97.0,5.5,98.0,3.0,1.0
8602-1902,100,0,315.0,15.0,,,
8601-12703,678,301,173.0,0.5,319.0,0.5,146.0
8602-3702,107,0,6.0,16.5,,,
8602-3703,139,0,59.0,89.5,,,
8602-3704,140,0,174.0,9.5,,,
8601-12705,562,509,308.0,1.5,309.0,0.5,1.0
8602-6101,90,54,123.0,14.0,118.0,7.5,5.0
8602-12704,684,23,102.0,18.5,,,
8602-6102,156,91,148.0,17.0,147.0,7.5,1.0
8602-3701,201,201,27.0,3.5,26.0,2.0,1.0
8602-9102,315,25,346.0,2.0,,,
8602-6104,327,64,125.0,2.0,121.0,2.5,4.0
8603-1901,101,8,271.0,10.5,,,
8602-12702,689,419,83.0,43.0,217.0,3.5,134.0
8602-6103,333,219,172.0,2.5,172.0,3.0,0.0
8602-12701,700,476,204.0,1.0,212.0,1.0,8.0
8980-12704,586,556,84.0,9.0,79.0,3.0,5.0
8981-6103,268,202,139.0,2.0,136.0,0.5,3.0
8982-1902,88,88,19.0,11.5,28.0,2.0,9.0
8981-6104,250,235,209.0,3.5,201.0,2.0,8.0
8982-3702,179,4,75.0,2.5,,,
8981-6101,322,322,331.0,1.5,330.0,1.0,1.0
8982-3701,186,180,240.0,1.0,241.0,0.5,1.0
8982-6101,216,88,152.0,2.5,152.0,5.0,0.0
8981-9102,263,241,230.0,28.0,202.0,7.5,28.0
8981-9101,395,308,314.0,1.5,315.0,1.0,1.0
8983-1902,95,6,192.0,4.5,,,
8981-12703,653,626,240.0,1.0,239.0,0.5,1.0
8982-6104,309,186,26.0,1.5,31.0,2.0,5.0
8983-3702,156,0,149.0,14.0,,,
8982-12704,603,194,314.0,5.0,320.0,1.5,6.0
8983-3703,192,157,5.0,2.0,2.0,2.0,3.0
8982-9102,369,387,91.0,9.0,95.0,2.5,4.0
8982-9101,388,364,238.0,4.5,205.0,2.0,33.0
8983-6103,199,103,212.0,13.5,204.0,1.5,8.0
8983-3704,185,183,45.0,1.0,51.0,1.5,6.0
8983-6101,164,193,159.0,11.0,158.0,3.5,1.0
8982-12705,614,451,208.0,3.0,200.0,0.5,8.0
8983-12703,619,76,132.0,1.0,116.0,3.5,16.0
8984-1901,96,3,138.0,2.0,,,
8984-3702,102,0,164.0,15.0,,,
8982-12703,659,605,22.0,4.0,30.0,5.0,8.0
8984-3701,190,0,33.0,4.0,,,
8983-6104,289,191,236.0,5.0,237.0,2.0,1.0
8983-9102,331,7,77.0,5.0,,,
8984-3703,191,5,336.0,3.0,,,
8984-3704,159,132,185.0,1.5,186.0,1.0,1.0
8984-6102,227,11,101.0,28.5,,,
8983-9101,342,242,213.0,2.0,213.0,0.5,0.0
8983-12701,681,674,288.0,1.5,289.0,0.5,1.0
8984-6103,184,202,25.0,6.5,25.0,2.5,0.0
8984-6101,199,223,201.0,5.0,204.0,3.5,3.0
8983-12705,636,626,298.0,2.0,295.0,1.0,3.0
8984-9101,477,7,141.0,8.5,,,
8984-12702,358,465,234.0,36.5,235.0,5.0,1.0
8985-1901,94,97,90.0,28.5,57.0,11.5,33.0
8984-12704,584,330,240.0,3.0,234.0,4.5,6.0
8985-1902,95,79,39.0,4.0,37.0,10.0,2.0
8985-3702,193,40,32.0,12.5,,,
8984-9102,471,299,216.0,2.0,221.0,1.5,5.0
8985-3703,160,179,294.0,4.5,314.0,2.0,20.0
8985-12705,266,260,131.0,4.5,134.0,1.5,3.0
8985-3704,129,182,26.0,21.0,23.0,4.0,3.0
8985-12704,338,311,138.0,21.0,129.0,3.5,9.0
8984-12705,658,658,311.0,1.5,311.0,0.5,0.0
8985-6103,276,288,245.0,9.0,246.0,3.0,1.0
8985-6102,303,317,110.0,3.5,112.0,1.5,2.0
8985-9101,344,60,158.0,3.5,166.0,5.5,8.0
8985-6104,314,298,109.0,4.0,105.0,1.0,4.0
8986-1902,99,33,61.0,27.0,,,
8986-12703,215,233,286.0,13.5,320.0,5.5,34.0
8986-1901,101,101,256.0,3.0,254.0,1.0,2.0
8985-12702,662,627,253.0,0.5,253.0,0.5,0.0
8986-12701,660,1,222.0,18.5,,,
8986-12704,399,88,29.0,0.5,271.0,0.5,118.0
8985-12701,675,675,97.0,8.0,98.0,2.5,1.0
8985-12703,679,669,71.0,2.0,72.0,1.5,1.0
8986-3701,191,134,225.0,14.5,226.0,8.0,1.0
8986-12702,662,110,286.0,2.5,324.0,0.5,38.0
8986-6103,272,2,266.0,9.5,,,
8985-9102,428,421,55.0,1.5,53.0,0.5,2.0
8986-3702,183,196,161.0,10.0,163.0,4.0,2.0
8987-1902,96,10,54.0,3.5,,,
8987-1901,82,96,140.0,89.5,198.0,89.5,58.0
8987-3702,139,109,327.0,3.5,330.0,1.5,3.0
8986-12705,420,411,272.0,2.5,271.0,2.0,1.0
8987-3704,128,93,170.0,14.500000000000007,175.0,3.0,5.0
8986-9102,275,227,270.0,7.5,272.0,3.5,2.0
8986-6104,271,312,205.0,15.0,204.0,5.5,1.0
8986-6101,323,323,205.0,2.0,205.0,1.5,0.0
8987-12703,250,288,246.0,9.5,243.0,2.0,3.0
8987-3701,179,197,296.0,5.0,299.0,2.5,3.0
8987-3703,190,187,224.0,3.5,227.0,3.0,3.0
8986-9101,367,241,104.0,3.0,105.0,2.5,1.0
8987-6102,220,143,21.0,9.5,358.0,14.999999999999998,23.0
8988-1902,82,17,18.0,22.0,,,
8988-1901,90,73,193.0,34.0,213.0,13.0,20.0
8988-3701,127,120,4.0,27.500000000000007,341.0,4.0,23.0
8987-9102,267,146,56.0,4.0,55.0,3.0,1.0
8988-3704,183,167,337.0,13.5,322.0,5.5,15.0
8988-12702,318,239,3.0,39.50000000000001,1.0,16.000000000000007,2.0
8987-9101,298,364,214.0,46.0,197.0,3.5,17.0
8988-6103,318,87,44.0,4.0,273.0,0.5,131.0
8988-12703,275,377,265.0,7.5,264.0,3.5,1.0
8988-6101,255,246,275.0,14.0,269.0,4.0,6.0
8987-12702,639,582,222.0,4.0,221.0,2.5,1.0
8988-6102,314,311,226.0,3.5,228.0,1.0,2.0
8988-12704,453,369,338.0,2.5,333.0,1.5,5.0
8989-1901,93,93,15.0,5.5,16.0,4.0,1.0
8989-1902,92,92,95.0,11.5,97.0,12.0,2.0
8988-9102,355,60,196.0,2.0,200.0,2.5,4.0
8988-6104,310,313,151.0,2.5,154.0,1.5,3.0
8988-9101,336,297,3.0,2.0,3.0,1.0,0.0
8989-12701,280,192,129.0,4.0,302.0,0.5,173.0
8989-3701,193,147,39.0,4.0,44.0,2.5,5.0
8989-6103,181,8,97.0,9.5,,,
8603-3701,187,2,348.0,2.0,,,
8603-3702,199,10,160.0,2.0,,,
8603-3703,186,4,104.0,2.0,,,
8603-3704,161,18,355.0,2.0,,,
8603-12702,686,6,40.0,6.5,,,
8602-9101,439,452,136.0,6.0,139.0,2.5,3.0
8603-12705,524,2,81.0,1.0,,,
8602-12705,688,655,215.0,2.0,216.0,1.5,1.0
8603-6102,259,4,197.0,3.5,,,
8604-1902,89,1,320.0,6.5,,,
8604-3702,120,42,338.0,9.5,,,
8604-3701,184,0,339.0,18.0,,,
8603-6104,262,195,235.0,2.5,238.0,1.0,3.0
8603-6103,186,281,179.0,4.500000000000006,179.0,1.999999999999998,0.0
8603-12703,595,411,292.0,1.5,294.0,2.0,2.0
8604-3704,185,0,169.0,89.5,,,
8604-6101,174,97,207.0,14.0,246.0,89.5,39.0
8603-12704,680,606,252.0,1.5,256.0,1.0,4.0
8606-12704,146,7,302.0,19.5,,,
8604-9101,473,2,113.0,1.0,,,
8606-12703,341,4,78.0,25.0,,,
8603-9102,491,491,58.0,3.5,58.0,1.5,0.0
8604-6103,328,215,69.0,11.5,281.0,3.0,148.0
8606-1901,95,96,250.0,30.5,254.0,6.5,4.0
8606-1902,98,85,0.0,89.5,278.0,11.5,82.0
8604-12702,556,592,130.0,2.5,133.0,1.0,3.0
8606-3704,112,52,262.0,32.0,293.0,10.0,31.0
8604-12703,690,495,261.0,0.5,255.0,1.5,6.0
8606-3703,196,77,333.0,6.0,336.0,6.0,3.0
8606-3701,194,194,234.0,1.5,235.0,0.5,1.0
8606-3702,193,176,105.0,7.0,98.0,3.0,7.0
8604-9102,412,490,349.0,5.0,352.0,1.0,3.0
8606-12705,350,305,193.0,3.5,195.0,1.5,2.0
8606-6101,149,151,13.0,6.0,5.0,1.5,8.0
8604-12704,678,672,50.0,2.5,51.0,1.0,1.0
8606-6102,297,0,319.0,16.0,,,
8606-6104,288,3,208.0,15.5,,,
8609-1901,87,6,31.0,3.5,,,
8609-3701,180,2,44.0,11.0,,,
8609-3703,182,60,256.0,4.5,260.0,4.0,4.0
8609-12705,303,195,164.0,3.0,157.0,1.0,7.0
8609-6104,317,74,83.0,2.0,69.0,3.5,14.0
8609-6103,205,216,19.0,6.0,25.0,3.0,6.0
8609-12703,345,328,141.0,2.0,141.0,0.5,0.0
8606-9102,332,448,67.0,7.0,70.0,1.0,3.0
8609-9101,218,205,140.0,1.5,146.0,2.0,6.0
8610-1902,92,30,142.0,10.0,,,
8610-1901,75,91,122.0,34.5,141.0,8.5,19.0
8609-12704,474,431,25.0,2.0,23.0,1.0,2.0
8610-12705,255,6,61.0,0.5,,,
8610-3701,180,185,24.0,9.5,127.0,17.0,103.0
8609-12701,665,655,281.0,1.5,279.0,1.5,2.0
8610-3702,175,182,7.0,5.500000000000004,6.0,3.0,1.0
8610-3704,181,135,334.0,23.5,141.0,18.5,167.0
8609-12702,640,639,316.0,2.5,313.0,1.0,3.0
8610-3703,184,185,271.0,11.5,271.0,4.5,0.0
8610-12701,473,592,187.0,3.5,187.0,0.5,0.0
8610-6104,310,5,235.0,2.5,,,
8610-9102,318,10,269.0,8.0,,,
8610-12703,592,386,222.0,1.5,201.0,2.5,21.0
8610-12704,547,442,292.0,16.5,258.0,5.5,34.0
8611-1901,95,0,43.0,3.0,,,
8610-12702,658,475,107.0,2.5,112.0,1.0,5.0
8611-1902,92,91,136.0,4.0,136.0,2.0,0.0
8610-6103,304,301,227.0,6.5,228.0,2.5,1.0
8611-3703,154,0,329.0,3.5,,,
8611-3701,200,96,234.0,3.0,241.0,4.0,7.0
8611-3702,200,175,304.0,3.5,299.0,3.0,5.0
8611-12703,459,417,78.0,1.0,77.0,0.5,1.0
8611-6102,289,235,303.0,5.0,307.0,3.5,4.0
8611-6103,285,278,156.0,4.5,152.0,2.0,4.0
8611-9102,314,289,227.0,2.5,228.0,1.5,1.0
8612-1901,97,47,14.0,6.0,,,
8611-12704,671,617,95.0,2.5,96.0,1.0,1.0
8611-12701,685,686,22.0,4.0,23.0,2.0,1.0
8612-1902,93,95,24.0,2.0,23.0,1.5,1.0
8612-3702,119,0,30.0,49.00000000000001,,,
8611-9101,479,473,193.0,3.0,191.0,1.5,2.0
8611-12705,671,639,64.0,8.0,74.0,3.5,10.0
8612-3701,195,100,198.0,5.0,198.0,3.0,0.0
8612-3703,194,19,318.0,10.0,,,
8612-12703,427,458,242.0,5.5,238.0,2.0,4.0
8612-12704,352,387,79.0,1.0,77.0,1.0,2.0
8612-12705,396,456,135.0,1.0,143.0,0.5,8.0
8612-6103,327,0,269.0,24.5,,,
8612-6102,306,110,336.0,34.5,351.0,2.5,15.0
8612-6101,320,99,197.0,1.0,198.0,0.5,1.0
8612-9102,154,111,226.0,11.0,220.0,5.5,6.0
8613-3703,154,4,188.0,3.0,,,
8613-1902,75,97,277.0,21.0,269.0,4.5,8.0
8612-12702,659,654,316.0,1.5,315.0,1.0,1.0
8613-3702,181,30,199.0,38.0,,,
8613-12704,212,2,191.0,53.50000000000001,,,
8612-6104,327,324,27.0,2.0,29.0,1.5,2.0
8612-9101,381,364,161.0,6.5,171.0,2.0,10.0
8613-12701,416,330,167.0,3.5,167.0,1.5,0.0
8613-6101,278,291,250.0,3.5,250.0,1.5,0.0
8614-1902,94,71,120.0,4.5,228.0,11.0,108.0
8613-9101,269,209,189.0,2.0,187.0,1.0,2.0
8614-3704,173,5,35.0,6.0,,,
8989-3703,185,142,144.0,2.5,147.0,2.5,3.0
8989-3704,181,185,278.0,30.0,289.0,6.5,11.0
8989-12705,466,95,162.0,11.5,310.0,7.5,148.0
8990-1901,93,0,180.0,20.500000000000004,,,
8988-12705,681,667,115.0,6.0,123.0,2.5,8.0
8989-6102,202,289,71.0,60.00000000000001,6.0,4.5,65.0
8989-6101,249,276,161.0,7.0,161.0,2.5,0.0
8990-1902,90,94,266.0,25.5,293.0,21.0,27.0
8990-3703,94,31,33.0,13.5,,,
8990-3702,130,18,116.0,1.5,,,
8989-6104,273,286,257.0,2.0,258.0,0.5,1.0
8990-12701,301,148,333.0,9.0,335.0,3.0,2.0
8990-12704,253,175,156.0,6.0,176.0,3.5,20.0
8989-12702,526,570,174.0,3.5,171.0,1.0,3.0
8990-6101,320,1,87.0,31.0,,,
8990-6102,318,2,303.0,3.0,,,
8991-12702,204,5,292.0,54.5,,,
8991-1901,94,19,305.0,4.5,,,
8989-9102,443,382,132.0,2.0,130.0,1.5,2.0
8989-9101,450,397,295.0,3.5,294.0,1.0,1.0
8991-1902,90,0,19.0,2.5,,,
8990-9101,250,231,74.0,3.0,80.0,2.5,6.0
8990-6103,314,219,169.0,7.0,196.0,0.5,27.0
8991-3702,189,5,1.0,8.5,,,
8990-6104,296,310,215.0,10.0,215.0,3.0,0.0
8991-3701,173,59,48.0,2.5,40.0,0.5,8.0
8990-12703,524,490,58.0,5.0,54.0,1.0,4.0
8991-3703,138,152,306.0,24.5,323.0,6.0,17.0
8991-3704,176,164,0.0,89.5,355.0,10.000000000000002,5.0
8991-12704,455,159,218.0,5.0,241.0,3.5,23.0
8990-9102,460,452,144.0,2.0,144.0,1.0,0.0
8992-1901,94,1,63.0,16.5,,,
8991-6104,198,222,164.0,4.5,169.0,1.0,5.0
8991-6103,305,234,66.0,7.5,265.0,2.0,161.0
8991-6101,275,302,207.0,3.5,206.0,1.5,1.0
8992-12705,316,30,197.0,5.0,,,
8991-9101,255,276,104.0,10.0,88.0,2.0,16.0
8992-12701,282,243,301.0,4.0,310.0,2.5,9.0
8991-12701,512,572,110.0,6.5,109.0,2.0,1.0
8992-3701,187,57,92.0,3.5,147.0,5.5,55.0
8991-12705,449,542,48.0,3.5,50.0,1.0,2.0
8992-3703,145,114,39.0,10.5,32.0,6.5,7.0
8992-3702,190,187,1.0,6.4999999999999964,0.0,4.000000000000001,1.0
8993-1901,96,2,97.0,7.0,,,
8992-6104,318,7,93.0,5.0,,,
8992-6102,304,154,47.0,1.0,58.0,4.0,11.0
8993-1902,101,1,336.0,5.0,,,
8992-6103,261,250,12.0,2.5,15.0,0.5,3.0
8992-12702,520,519,352.0,2.0,352.0,0.5,0.0
8992-6101,322,317,29.0,1.5,24.0,1.5,5.0
8993-3704,150,4,183.0,21.5,,,
8992-9102,475,104,304.0,3.0,304.0,1.0,0.0
8993-6104,113,94,340.0,25.0,285.0,18.5,55.0
8993-3702,187,193,41.0,9.5,35.0,4.0,6.0
8993-6102,152,171,229.0,6.5,235.0,4.0,6.0
8994-1902,93,17,175.0,5.999999999999998,,,
8992-9101,429,424,335.0,11.0,334.0,3.0,1.0
8993-12703,358,395,299.0,21.5,286.0,8.0,13.0
8994-1901,96,87,113.0,7.5,112.0,4.5,1.0
8992-12704,671,670,37.0,2.5,40.0,1.0,3.0
8994-3703,153,0,94.0,4.0,,,
8994-3702,180,1,298.0,4.0,,,
8994-12702,272,259,259.0,9.0,255.0,2.0,4.0
8994-9101,182,48,140.0,5.5,,,
8994-6103,186,82,297.0,4.0,290.0,3.5,7.0
8994-3704,184,181,305.0,4.0,307.0,3.0,2.0
8993-9102,479,407,326.0,2.0,326.0,1.5,0.0
8994-6104,220,186,176.0,28.000000000000007,154.0,9.5,22.0
8994-6101,316,308,226.0,9.0,227.0,8.5,1.0
8993-12705,684,684,346.0,1.5,345.0,0.5,1.0
8993-12702,684,683,76.0,0.5,76.0,0.5,0.0
8995-1902,101,27,97.0,3.5,,,
8994-12703,565,473,18.0,2.0,17.0,1.0,1.0
8995-1901,102,52,2.0,6.5000000000000036,335.0,12.5,27.0
8995-3701,189,4,37.0,3.0,,,
8995-12704,395,26,44.0,26.5,,,
8995-3703,113,48,10.0,14.000000000000002,,,
8995-3704,192,7,19.0,4.5,,,
8995-12701,630,0,144.0,5.5,,,
8994-12705,594,617,288.0,2.0,288.0,0.5,0.0
8995-12703,602,14,124.0,37.0,,,
8994-12701,638,619,104.0,1.0,104.0,1.0,0.0
8995-6103,176,2,196.0,78.5,,,
8995-6102,239,4,83.0,4.5,,,
8994-9102,472,356,303.0,4.5,301.0,3.0,2.0
8996-1902,81,3,323.0,3.0,,,
8996-1901,101,4,120.0,4.0,,,
8995-9101,233,137,352.0,3.0,351.0,6.5,1.0
8995-6101,291,143,82.0,5.5,87.0,1.5,5.0
8995-12702,507,480,258.0,21.5,254.0,5.5,4.0
8996-12704,164,176,63.0,34.5,87.0,7.0,24.0
8996-3702,166,3,224.0,3.5,,,
8995-9102,173,202,126.0,38.0,109.0,9.5,17.0
8996-3704,190,42,348.0,5.0,,,
8996-3701,170,89,66.0,2.0,164.0,4.0,98.0
8997-1902,100,38,11.0,2.5,,,
8996-3703,186,157,37.0,2.0,35.0,2.0,2.0
8997-12703,127,83,201.0,12.0,187.0,8.0,14.0
8997-1901,91,86,277.0,12.5,292.0,5.0,15.0
8996-12701,382,321,322.0,1.0,322.0,0.5,0.0
8613-9102,461,134,305.0,1.5,312.0,0.5,7.0
8614-12701,483,155,120.0,0.5,99.0,0.5,21.0
8614-3703,193,187,36.0,15.0,32.0,1.5,4.0
8614-6103,255,5,7.0,13.000000000000002,,,
8614-12705,660,5,81.0,89.5,,,
8614-6104,164,100,202.0,11.5,210.0,7.0,8.0
8614-12704,456,400,112.0,1.5,111.0,0.5,1.0
8614-6101,183,287,322.0,3.5,321.0,0.5,1.0
8613-12702,610,654,295.0,1.5,293.0,0.5,2.0
8615-1901,92,97,261.0,24.5,242.0,5.0,19.0
8614-9101,477,4,344.0,5.0,,,
8615-1902,90,90,83.0,9.0,258.0,3.5,175.0
8615-3702,186,9,9.0,11.999999999999998,,,
8615-3704,171,14,60.0,2.5,,,
8615-3701,189,189,73.0,5.5,75.0,2.5,2.0
8614-12702,670,666,78.0,6.0,80.0,2.5,2.0
8615-6101,112,7,187.0,7.000000000000001,,,
8615-6103,93,36,207.0,10.5,,,
8615-12701,350,365,175.0,5.0,170.0,2.0,5.0
8615-3703,185,188,269.0,5.5,265.0,4.0,4.0
8615-12703,680,6,99.0,33.0,,,
8616-12701,80,35,67.0,30.0,,,
8614-9102,484,481,155.0,1.0,155.0,0.5,0.0
8616-1901,94,94,284.0,30.0,264.0,7.0,20.0
8615-12705,460,446,119.0,3.5,112.0,2.0,7.0
8616-1902,94,92,222.0,2.5,190.0,1.0,32.0
8615-12702,512,594,40.0,4.0,50.0,2.0,10.0
8615-6104,314,231,8.0,1.0,1.0,1.5000000000000049,7.0
8615-6102,308,300,173.0,6.0,168.0,2.0,5.0
8615-9101,280,268,5.0,1.0,5.0,0.5,0.0
8616-3702,140,0,138.0,89.5,,,
8616-3701,184,59,40.0,2.0,45.0,1.5,5.0
8616-3704,164,148,246.0,6.0,242.0,3.0,4.0
8616-6101,228,77,190.0,3.0,193.0,7.0,3.0
8616-6103,282,15,337.0,8.5,,,
8617-1902,93,8,126.0,22.0,,,
8615-9102,442,421,102.0,2.5,99.0,1.0,3.0
8616-9101,173,177,175.0,3.5,179.0,0.5,4.0
8617-3701,145,13,185.0,3.5,,,
8616-6102,171,284,320.0,15.0,346.0,3.0,26.0
8617-3704,44,75,,,205.0,1.0,
8616-6104,252,236,150.0,1.5,153.0,0.5,3.0
8617-3702,168,0,58.0,11.5,,,
8617-6103,173,2,220.0,29.000000000000004,,,
8618-12703,95,136,336.0,89.5,65.0,4.5,89.0
8616-12702,658,642,320.0,0.5,320.0,0.5,0.0
8617-6104,314,71,110.0,4.0,133.0,7.0,23.0
8616-12704,660,640,351.0,0.5,351.0,0.5,0.0
8617-9102,478,9,225.0,7.5,,,
8618-12705,175,25,346.0,61.000000000000014,,,
8617-9101,283,256,308.0,2.5,308.0,1.0,0.0
8618-3701,167,7,130.0,7.0,,,
8616-9102,469,471,89.0,5.5,91.0,2.0,2.0
8618-3703,68,79,344.0,12.0,336.0,5.5,8.0
8618-1901,86,96,117.0,89.5,314.0,7.0,163.0
8617-12701,381,447,47.0,3.0,55.0,0.5,8.0
8618-12701,371,235,129.0,8.0,119.0,6.0,10.0
8618-6104,278,55,47.0,5.0,49.0,2.0,2.0
8619-3702,191,80,335.0,5.0,338.0,2.0,3.0
8618-9102,203,245,35.0,4.0,37.0,2.0,2.0
8618-6102,320,196,108.0,4.0,324.0,6.5,144.0
8618-9101,411,83,250.0,5.0,201.0,19.5,49.0
8619-3703,201,178,73.0,1.5,72.0,1.0,1.0
8618-12704,387,565,352.0,3.5,335.0,0.5,17.0
8619-6101,297,12,211.0,2.5,,,
8620-1902,96,46,11.0,2.5,,,
8619-6103,243,69,263.0,6.5,292.0,3.0,29.0
8619-9101,281,34,241.0,32.0,,,
8619-12702,374,429,124.0,1.5,112.0,0.5,12.0
8619-12703,431,398,323.0,4.0,317.0,1.5,6.0
8619-6104,321,93,302.0,2.5,93.0,2.0,151.0
8620-6104,231,34,118.0,30.5,,,
8621-1902,94,5,246.0,5.0,,,
8619-12701,671,250,275.0,2.5,232.0,2.5,43.0
8620-3703,193,178,310.0,3.5,311.0,2.5,1.0
8620-12704,274,258,145.0,6.0,146.0,2.0,1.0
8621-3704,127,163,106.0,6.5,110.0,1.5,4.0
8621-3703,137,182,46.0,7.5,40.0,1.0,6.0
8622-1901,79,0,348.0,11.5,,,
8622-1902,84,4,116.0,3.0,,,
8622-12703,203,161,282.0,1.0,293.0,1.5,11.0
8621-9102,465,43,89.0,89.5,,,
8621-12705,391,231,187.0,1.0,187.0,0.5,0.0
8622-3702,108,10,154.0,7.5,,,
8622-3701,152,0,294.0,9.5,,,
8620-12705,666,349,18.0,8.5,354.0,0.5,24.0
8622-6101,133,0,4.0,11.000000000000002,,,
8622-6102,86,57,31.0,20.5,44.0,7.0,13.0
8622-3704,142,79,349.0,12.000000000000005,191.0,5.5,158.0
8622-3703,172,128,203.0,31.499999999999996,337.0,4.5,134.0
8622-12701,681,70,284.0,1.0,51.0,5.5,127.0
8623-1901,80,3,191.0,2.5,,,
8622-6103,152,171,307.0,9.5,313.0,2.5,6.0
8622-12705,357,454,15.0,7.0,23.0,0.5,8.0
8623-12705,124,152,335.0,63.50000000000001,357.0,12.500000000000007,22.0
8621-12704,687,492,215.0,0.5,224.0,1.5,9.0
8623-3703,187,0,6.0,5.0,,,
8623-3702,122,72,129.0,5.0,319.0,8.0,170.0
8622-12704,499,439,107.0,1.5,106.0,1.0,1.0
8623-3701,184,174,254.0,7.0,251.0,6.5,3.0
8996-12702,387,322,286.0,1.0,286.0,0.5,0.0
8996-12703,415,361,262.0,10.5,285.0,8.5,23.0
8995-12705,686,637,3.0,1.0,3.0,0.5,0.0
8997-3702,152,123,192.0,36.500000000000014,359.0,12.000000000000002,167.0
8997-3704,188,105,134.0,10.5,285.0,12.5,151.0
8996-6102,274,297,177.0,13.0,185.0,4.0,8.0
8998-1901,102,8,277.0,4.0,,,
8997-6103,225,182,168.0,3.0,162.0,0.5,6.0
8997-6102,251,233,91.0,2.5,91.0,0.5,0.0
8996-12705,620,495,216.0,1.0,215.0,0.5,1.0
8997-6104,320,219,187.0,1.5,179.0,1.0000000000000036,8.0
8998-3702,194,34,107.0,3.0,,,
8998-3701,114,148,46.0,16.0,28.0,2.5,18.0
8998-3704,139,29,74.0,16.5,,,
8998-3703,167,68,0.0,4.000000000000001,295.0,89.5,65.0
8997-12704,649,321,88.0,1.5,84.0,0.5,4.0
8997-12702,612,456,115.0,36.5,215.0,2.0,100.0
8998-12701,461,303,227.0,2.0,224.0,1.5,3.0
8998-6101,327,6,329.0,4.5,,,
8998-6102,219,117,258.0,6.5,252.0,9.0,6.0
8998-9101,195,82,299.0,39.5,262.0,17.0,37.0
8999-12702,258,28,64.0,3.5,,,
8998-6104,202,225,155.0,18.5,158.0,3.5,3.0
8998-6103,224,225,227.0,16.0,206.0,5.0,21.0
8998-12703,503,481,226.0,8.5,224.0,4.0,2.0
8999-1902,90,5,223.0,6.0,,,
8998-12702,613,456,303.0,2.0,304.0,0.5,1.0
8999-12705,242,2,231.0,7.0,,,
8999-1901,91,93,308.0,8.5,293.0,5.5,15.0
8998-9102,309,354,74.0,10.5,70.0,3.0,4.0
8999-3702,173,19,273.0,89.5,,,
8999-3704,107,138,206.0,24.000000000000004,205.0,5.0,1.0
8999-3701,192,192,71.0,14.0,67.0,7.0,4.0
8998-12704,673,655,292.0,3.5,288.0,2.0,4.0
8999-6101,237,124,297.0,13.5,310.0,11.5,13.0
8998-12705,676,676,171.0,2.0,172.0,0.5,1.0
8999-6102,243,202,89.0,4.5,88.0,1.5,1.0
9000-3703,156,0,113.0,8.0,,,
9000-1901,103,101,24.0,10.5,137.0,1.0,113.0
8999-6103,267,224,303.0,0.5,303.0,0.5,0.0
9000-3704,105,0,184.0,12.0,,,
8999-12704,540,447,336.0,7.5,355.0,4.5,19.0
9000-3701,183,164,77.0,12.5,77.0,6.5,0.0
8999-12703,574,538,112.0,4.0,117.0,1.5,5.0
9001-12701,191,2,27.0,89.5,,,
8999-12701,633,605,173.0,5.5,173.0,2.5,0.0
9000-12703,497,193,72.0,24.5,359.0,1.0,73.0
9000-6101,335,50,269.0,3.0,294.0,78.0,25.0
9000-12704,665,0,341.0,5.5,,,
8999-9102,446,378,52.0,5.5,63.0,4.5,11.0
9001-3701,176,0,4.0,7.999999999999998,,,
9000-6103,214,215,223.0,22.0,240.0,3.5,17.0
9001-12703,296,1,67.0,29.5,,,
9001-3702,175,0,109.0,2.0,,,
9001-3703,185,28,182.0,3.500000000000008,,,
9001-12705,243,87,50.0,21.5,24.0,0.5,26.0
9000-6102,272,321,236.0,9.0,227.0,2.5,9.0
9001-12702,298,160,309.0,8.0,301.0,2.0,8.0
9001-3704,187,187,209.0,2.5,210.0,1.5,1.0
9001-6102,149,196,232.0,44.00000000000001,217.0,7.0,15.0
9001-12704,270,316,46.0,77.0,34.0,18.0,12.0
9001-6101,225,217,216.0,17.5,213.0,6.5,3.0
9000-12702,640,655,89.0,4.5,92.0,1.5,3.0
9001-9102,162,218,97.0,39.0,58.0,10.0,39.0
9002-12703,372,19,7.0,1.0,,,
9001-6103,291,260,43.0,22.5,36.0,6.0,7.0
9002-1901,97,97,154.0,5.5,149.0,4.5,5.0
9002-3701,158,18,32.0,5.5,,,
9001-6104,316,288,271.0,6.5,275.0,4.0,4.0
9002-1902,90,94,202.0,89.5,288.0,27.0,86.0
9001-9101,352,216,266.0,4.5,263.0,3.0,3.0
9002-3702,108,62,274.0,34.5,274.0,7.0,0.0
9002-3703,187,0,175.0,83.0,,,
9002-3704,165,94,173.0,3.0,172.0,1.5,1.0
9002-6103,302,46,352.0,4.0,,,
9002-6101,281,53,193.0,3.0,196.0,3.5,3.0
9002-12702,674,108,38.0,38.0,252.0,2.0,146.0
9024-1902,95,95,279.0,17.0,290.0,4.0,11.0
9024-12702,258,107,204.0,4.0,194.0,3.0,10.0
9002-12704,384,433,327.0,1.5,326.0,1.5,1.0
9002-12701,645,373,37.0,4.0,32.0,0.5,5.0
9024-6104,283,0,77.0,46.5,,,
9024-9102,220,206,251.0,3.5,250.0,1.0,1.0
9025-1901,90,96,116.0,89.5,63.0,18.5,53.0
9024-6102,320,323,243.0,2.5,244.0,1.0,1.0
9025-12703,600,3,224.0,2.0,,,
9002-12705,622,635,234.0,6.5,224.0,3.5,10.0
9024-9101,388,365,145.0,2.5,146.0,1.5,1.0
9024-12704,510,507,185.0,3.5,178.0,1.0000000000000036,7.0
9025-3701,126,175,42.0,7.0,205.0,1.5,163.0
9025-3702,189,184,190.0,6.0,187.0,2.5,3.0
9025-12701,642,185,269.0,14.0,183.0,3.500000000000008,86.0
9025-6102,172,12,253.0,3.0,,,
9025-3704,129,65,356.0,4.0000000000000036,1.0,5.999999999999997,5.0
9025-3703,191,166,308.0,2.0,290.0,2.0,18.0
9024-12701,595,639,32.0,0.5,30.0,0.5,2.0
9026-1901,94,6,191.0,1.5,,,
9024-12705,670,597,355.0,2.5,355.0,1.0,0.0
9025-6103,291,205,291.0,1.5,292.0,0.5,1.0
9026-3701,158,186,93.0,89.5,55.0,5.5,38.0
9026-3702,190,76,118.0,6.0,31.0,4.5,87.0
9026-3704,157,140,294.0,12.0,118.0,2.0,176.0
9025-6104,320,320,342.0,3.0,340.0,1.5,2.0
9025-12705,572,599,196.0,2.5,189.0,1.5,7.0
9025-12704,671,605,191.0,0.5,190.0,0.5,1.0
9026-12704,646,3,358.0,80.0,,,
9026-12701,660,99,351.0,1.5,353.0,0.5,2.0
9026-6103,221,163,308.0,1.5,312.0,1.5,4.0
9025-9102,478,472,51.0,10.0,42.0,3.5,9.0
9026-6104,289,182,84.0,2.0,84.0,1.5,0.0
9026-6102,305,278,147.0,22.0,131.0,11.5,16.0
9027-1902,98,81,228.0,89.5,60.0,6.0,168.0
9026-9102,476,77,151.0,4.0,22.0,8.0,129.0
9027-3702,99,131,292.0,9.0,284.0,3.0,8.0
9026-12702,555,558,249.0,5.5,250.0,2.0,1.0
9027-3704,182,22,279.0,9.0,,,
9026-12705,678,537,214.0,1.0,213.0,0.5,1.0
9027-6101,147,90,243.0,5.0,240.0,13.0,3.0
9027-3703,198,198,338.0,89.5,144.0,4.0,166.0
9026-9101,460,447,114.0,3.5,112.0,2.5,2.0
9027-6104,156,242,178.0,3.000000000000004,245.0,13.5,67.0
9028-1901,93,13,138.0,10.0,,,
9027-6103,279,267,53.0,6.5,58.0,1.0,5.0
9027-9101,250,310,351.0,3.5,348.0,1.0,3.0
9028-12703,277,236,55.0,3.5,55.0,1.5,0.0
9028-3701,135,7,325.0,4.0,,,
9028-1902,91,54,110.0,5.5,320.0,0.5,150.0
9028-3702,130,35,341.0,5.5,,,
9027-12702,556,620,94.0,4.5,100.0,1.5,6.0
9027-12701,673,676,100.0,1.5,100.0,0.5,0.0
9027-9102,432,408,68.0,11.0,77.0,3.5,9.0
9028-6103,227,2,255.0,3.5,,,
9027-12704,679,639,46.0,3.0,49.0,4.0,3.0
9027-12705,627,646,90.0,89.5,133.0,12.0,43.0
9028-12705,342,314,251.0,3.0,251.0,0.5,0.0
9029-1901,95,0,275.0,18.5,,,
9029-3701,137,0,37.0,13.0,,,
9029-3703,193,1,72.0,8.0,,,
9029-3704,175,8,33.0,2.5,,,
9029-3702,194,68,84.0,1.5,85.0,0.5,1.0
9029-6101,322,17,83.0,1.5,,,
9029-12701,515,238,179.0,3.500000000000005,171.0,2.0,8.0
9029-6104,133,107,317.0,15.5,306.0,6.0,11.0
9028-12702,674,657,223.0,1.0,222.0,1.0,1.0
9028-12704,649,628,305.0,1.0,307.0,0.5,2.0
9029-12703,671,0,63.0,20.0,,,
9028-9102,457,392,13.0,1.5,15.0,0.5,2.0
9029-6103,281,88,354.0,3.5,351.0,4.5,3.0
9030-1901,82,2,192.0,8.0,,,
9030-1902,91,68,162.0,6.5,157.0,14.0,5.0
9030-3701,190,2,80.0,4.5,,,
9029-9101,477,143,122.0,4.5,124.0,2.0,2.0
9030-12703,474,36,166.0,0.5,,,
9030-3703,189,140,91.0,2.5,96.0,1.0,5.0
9030-3702,181,186,356.0,6.000000000000005,359.0,2.499999999999998,3.0
9030-6101,220,0,74.0,89.5,,,
9030-3704,185,105,189.0,1.5,190.0,1.0,1.0
9030-12702,365,325,326.0,4.5,323.0,2.0,3.0
9029-12702,688,662,262.0,6.0,264.0,5.0,2.0
9030-6102,241,0,113.0,44.5,,,
9030-12705,618,9,67.0,39.5,,,
9030-9101,268,0,349.0,18.500000000000004,,,
9031-1901,97,1,60.0,8.5,,,
9029-12704,671,655,248.0,1.0,248.0,0.5,0.0
9029-12705,686,686,197.0,4.5,172.0,0.5,25.0
9031-3701,176,38,174.0,1.5,,,
9031-1902,90,93,192.0,8.0,188.0,4.5,4.0
9031-12704,207,154,2.0,5.500000000000002,18.0,2.5,16.0
9031-3702,106,81,93.0,12.5,57.0,26.5,36.0
9030-9102,218,291,265.0,1.0,263.0,1.0,2.0
9031-3703,167,69,347.0,8.5,320.0,7.5,27.0
9031-3704,166,87,118.0,5.5,196.0,0.5,78.0
9030-12704,548,542,291.0,2.0,290.0,1.0,1.0
9031-6103,141,98,338.0,6.0,339.0,11.0,1.0
9031-12703,411,293,165.0,6.0,168.0,1.5,3.0
9031-9101,320,12,86.0,10.0,,,
9031-6102,188,209,205.0,13.5,204.0,5.0,1.0
9031-12705,350,255,337.0,2.0,337.0,2.0,0.0
9031-6104,203,283,22.0,8.0,19.0,2.0,3.0
9031-9102,447,8,136.0,10.0,,,
9031-12701,427,503,81.0,5.5,91.0,2.5,10.0
9032-3702,190,62,160.0,0.5,236.0,3.0,76.0
9032-3703,146,128,15.0,2.0,12.0,2.0,3.0
9032-3701,194,170,138.0,18.5,130.0,3.0,8.0
9032-12703,387,69,95.0,3.0,80.0,3.5,15.0
9032-6102,290,95,5.0,17.000000000000007,350.0,1.5,15.0
9033-12703,132,15,265.0,12.5,,,
9032-12705,387,275,68.0,1.5,69.0,0.5,1.0
9032-6104,265,182,326.0,8.5,44.0,18.5,78.0
9033-12704,260,0,132.0,29.5,,,
9032-12702,489,388,28.0,3.0,33.0,1.5,5.0
9033-1901,91,91,23.0,89.5,332.0,17.5,51.0
9032-12704,411,359,209.0,6.5,217.0,2.0,8.0
9033-3701,138,24,83.0,2.5,,,
9033-12702,421,0,346.0,38.0,,,
9033-1902,86,90,66.0,4.0,63.0,1.5,3.0
9032-9102,217,302,36.0,5.5,34.0,2.5,2.0
9033-12701,378,111,92.0,3.0,87.0,1.5,5.0
9033-6103,169,4,145.0,9.5,,,
9033-3702,155,137,31.0,5.0,32.0,2.5,1.0
8623-3704,177,177,239.0,5.0,241.0,2.0,2.0
8623-6103,296,18,334.0,13.0,,,
8623-6102,317,72,31.0,9.0,255.0,15.5,136.0
8624-12701,312,0,233.0,89.5,,,
8623-6104,166,245,139.0,2.0,141.0,0.5,2.0
8623-12703,382,417,118.0,3.0,134.0,2.0,16.0
8623-6101,283,264,237.0,2.0,239.0,1.0,2.0
8623-12702,496,397,133.0,1.5,134.0,1.0,1.0
8623-9102,444,63,98.0,7.5,357.0,19.5,101.0
8624-3704,159,8,259.0,4.5,,,
8624-3702,186,85,11.0,1.0,21.0,3.0,10.0
8624-3701,182,180,308.0,1.5,146.0,5.0,162.0
8624-12704,320,121,93.0,4.0,93.0,10.0,0.0
8624-3703,184,156,245.0,6.0,245.0,4.0,0.0
8624-6102,210,87,239.0,5.0,239.0,6.0,0.0
8623-9101,474,437,15.0,6.5,23.0,4.0,8.0
8624-12705,227,301,229.0,20.5,210.0,4.5,19.0
8624-6103,156,126,226.0,8.5,236.0,8.5,10.0
8625-1902,99,0,359.0,7.9999999999999964,,,
8624-12702,424,427,323.0,2.5,328.0,0.5,5.0
8625-3701,195,27,334.0,1.0,,,
8624-12703,488,419,133.0,3.5,138.0,2.0,5.0
8625-3704,196,7,218.0,2.5,,,
8625-3703,191,94,304.0,5.5,330.0,11.0,26.0
8625-12705,433,115,40.0,6.0,36.0,10.0,4.0
8625-6102,186,132,340.0,31.0,339.0,5.5,1.0
8625-6101,287,286,55.0,86.0,58.0,5.0,3.0
8625-6104,295,224,250.0,3.0,247.0,2.5,3.0
8625-12702,456,433,64.0,2.5,66.0,0.5,2.0
8625-12701,649,239,63.0,1.5,63.0,1.0,0.0
8624-9102,475,472,220.0,2.0,223.0,0.5,3.0
8626-1901,91,1,121.0,14.5,,,
8626-12705,255,44,213.0,0.5,,,
8626-3704,166,153,83.0,1.5,95.0,2.5,12.0
8625-9101,450,371,181.0,1.9999999999999993,188.0,1.5,7.0
8626-3702,180,183,187.0,2.5,189.0,1.5,2.0
8626-3703,171,174,32.0,5.0,42.0,3.0,10.0
8625-12703,680,669,271.0,0.5,272.0,0.5,1.0
8625-9102,480,452,94.0,3.0,98.0,1.0,4.0
8651-6101,150,67,206.0,2.5,237.0,17.0,31.0
8626-6103,312,105,225.0,1.5,211.0,4.5,14.0
8626-6102,283,252,291.0,6.5,300.0,0.5,9.0
8626-12702,656,230,6.0,2.5,349.0,6.0,17.0
8651-3702,164,145,148.0,4.5,150.0,2.5,2.0
8626-12703,501,488,239.0,3.0,240.0,1.0,1.0
8652-3704,191,13,4.0,18.000000000000007,,,
8652-3701,166,70,252.0,1.5,60.0,1.5,168.0
8652-3703,194,73,189.0,2.5,3.0,3.0,174.0
8626-6104,309,297,274.0,1.5,276.0,1.5,2.0
8652-12704,377,17,25.0,7.0,,,
8652-12702,289,226,286.0,3.5,282.0,0.5,4.0
8652-6101,138,20,29.0,14.0,,,
8651-9101,291,351,27.0,7.5,6.0,3.5,21.0
8626-9101,431,418,191.0,3.5,189.0,1.5,2.0
8652-6104,164,148,148.0,7.5,150.0,2.5,2.0
8652-6102,250,138,139.0,15.5,312.0,1.0,173.0
8654-1902,98,0,80.0,89.5,,,
8654-1901,96,93,49.0,8.0,46.0,4.5,3.0
8652-9101,254,259,62.0,7.5,57.0,3.5,5.0
8652-6103,322,306,358.0,2.999999999999998,1.0,1.4999999999999993,3.0
8654-3702,185,47,124.0,4.0,,,
8652-12705,603,480,83.0,0.5,83.0,1.5,0.0
8652-9102,441,257,329.0,5.0,33.0,0.5,64.0
8654-3701,188,187,165.0,6.0,164.0,3.0,1.0
8654-12701,463,329,25.0,0.5,15.0,2.0,10.0
8654-3704,184,184,210.0,7.0,205.0,4.0,5.0
8654-12705,342,383,0.0,89.5,203.0,5.5,157.0
8654-6103,171,12,60.0,21.0,,,
8652-12703,681,667,77.0,1.0,78.0,0.5,1.0
8654-6104,300,1,305.0,89.5,,,
8654-9101,345,0,47.0,8.5,,,
8654-6102,233,274,326.0,6.5,325.0,1.0,1.0
8654-6101,307,307,73.0,1.5,74.0,0.5,1.0
8655-1901,91,62,87.0,5.0,91.0,7.0,4.0
8654-12704,604,591,312.0,3.0,311.0,0.5,1.0
8655-1902,90,52,21.0,11.5,237.0,11.5,144.0
8654-9102,284,314,123.0,3.5,119.0,2.5,4.0
8655-12705,280,131,169.0,10.500000000000005,158.0,0.5,11.0
8655-12703,242,272,53.0,12.0,71.0,1.5,18.0
8655-3703,164,0,271.0,5.5,,,
8655-3702,180,2,359.0,4.5,,,
8655-3701,182,182,212.0,3.5,217.0,3.0,5.0
8655-6103,126,28,260.0,11.5,,,
8655-3704,137,148,75.0,12.5,73.0,4.5,2.0
8655-9101,271,9,180.0,89.5,,,
8655-12702,422,443,334.0,5.0,337.0,2.0,3.0
8655-6104,301,2,22.0,2.0,,,
8656-3701,159,3,264.0,89.5,,,
8656-1901,97,97,346.0,18.000000000000004,342.0,7.5,4.0
8655-9102,240,205,196.0,7.0,188.0,3.0,8.0
8655-6102,295,301,321.0,19.0,309.0,4.0,12.0
8656-12704,234,228,85.0,12.0,99.0,3.5,14.0
8656-3703,181,181,38.0,8.5,28.0,4.0,10.0
8655-12701,651,569,5.0,5.5,3.0,3.5000000000000018,2.0
8656-6102,189,216,25.0,13.0,31.0,6.0,6.0
8656-9102,415,37,151.0,2.0,,,
8655-12704,649,636,316.0,2.0,318.0,1.0,2.0
8657-1901,106,30,308.0,3.5,,,
8656-6101,306,306,325.0,3.0,154.0,1.5,171.0
8657-1902,98,98,73.0,6.0,91.0,4.5,18.0
9033-3704,182,173,117.0,1.5,112.0,1.0,5.0
9032-9101,418,375,114.0,3.5,112.0,1.5,2.0
9033-6104,316,3,218.0,44.0,,,
9032-12701,675,638,86.0,1.5,89.0,0.5,3.0
9033-6101,216,192,170.0,4.0,174.0,1.5,4.0
9033-6102,257,183,200.0,2.0,203.0,1.0,3.0
9034-3701,143,0,199.0,89.5,,,
9034-3703,117,0,261.0,8.5,,,
9033-9101,443,11,7.0,18.0,,,
9034-6101,115,53,196.0,13.999999999999998,319.0,89.5,123.0
9034-6102,144,120,234.0,26.0,229.0,4.0,5.0
9034-6103,168,76,126.0,2.5,125.0,4.5,1.0
9034-3702,174,187,298.0,6.0,291.0,2.5,7.0
9034-6104,278,28,65.0,7.0,,,
9035-1901,66,31,24.0,11.0,,,
9034-9102,385,1,219.0,37.5,,,
9035-12703,93,98,177.0,9.500000000000005,171.0,4.0,6.0
9035-12702,116,195,131.0,23.0,123.0,2.5,8.0
9035-1902,66,79,40.0,13.0,23.0,2.5,17.0
9033-9102,454,458,297.0,6.0,292.0,2.5,5.0
9035-3701,99,115,131.0,30.0,133.0,3.5,2.0
9035-3702,94,92,37.0,9.5,39.0,3.5,2.0
9035-12704,164,172,69.0,28.0,55.0,2.0,14.0
9035-3703,115,114,49.0,26.0,104.0,9.0,55.0
9034-12703,443,491,258.0,2.0,257.0,1.0,1.0
9033-12705,665,638,286.0,2.5,284.0,1.5,2.0
9034-12705,635,247,195.0,3.0,202.0,3.0,7.0
9035-12701,367,388,327.0,6.0,311.0,3.0,16.0
9035-3704,185,176,209.0,4.0,210.0,4.0,1.0
9035-6103,237,1,213.0,6.5,,,
9035-6104,124,144,158.0,13.0,170.0,5.0,12.0
9036-1902,87,24,30.0,8.0,,,
9035-6102,164,257,30.0,4.5,36.0,1.0,6.0
9035-9102,147,139,123.0,17.5,100.0,2.5,23.0
9036-3702,199,6,269.0,5.5,,,
9036-3704,155,61,248.0,5.0,193.0,0.5,55.0
9034-12701,656,641,86.0,7.5,81.0,3.0,5.0
9036-6103,150,139,98.0,12.5,117.0,0.5,19.0
9037-1901,95,2,301.0,88.5,,,
9036-12702,291,241,290.0,3.5,295.0,1.0,5.0
9036-12705,230,221,286.0,6.0,291.0,3.0,5.0
9035-9101,468,166,262.0,2.5,299.0,4.0,37.0
9037-1902,100,89,227.0,8.5,238.0,7.5,11.0
9036-9101,446,92,1.0,2.0,359.0,1.5,2.0
9036-12701,392,412,29.0,13.0,26.0,4.0,3.0
9037-6102,246,0,75.0,31.5,,,
9037-3701,184,93,157.0,21.5,7.0,31.000000000000004,150.0
9036-12704,330,403,335.0,5.0,342.0,2.5,7.0
9037-12701,353,298,14.0,15.000000000000002,0.0,4.000000000000001,14.0
9037-3702,193,125,256.0,6.5,277.0,19.5,21.0
9037-6101,173,227,58.0,35.5,52.0,6.5,6.0
9037-12705,362,226,254.0,0.5,277.0,0.5,23.0
9038-12701,189,5,70.0,0.5,,,
9037-6103,317,112,140.0,7.5,154.0,3.5,14.0
9038-1901,93,76,79.0,7.5,71.0,6.5,8.0
9037-6104,325,95,167.0,4.5,237.0,7.5,70.0
9038-12705,222,118,97.0,89.5,100.0,16.0,3.0
9038-12704,246,163,176.0,51.0,179.0,20.5,3.0
9037-9101,376,156,338.0,19.000000000000004,347.0,15.5,9.0
9038-3701,161,185,306.0,13.0,295.0,4.5,11.0
9038-3703,190,5,275.0,89.5,,,
9038-3704,181,0,245.0,1.5,,,
9038-3702,186,185,73.0,5.5,61.0,5.0,12.0
9038-6102,296,6,357.0,1.5,,,
9039-1901,96,0,223.0,10.5,,,
9038-9101,226,192,43.0,89.5,63.0,39.5,20.0
9039-12705,278,1,224.0,8.0,,,
9037-12702,687,654,310.0,53.0,343.0,9.5,33.0
9037-12703,666,654,70.0,1.0,71.0,0.5,1.0
9039-12702,386,38,57.0,3.0,,,
9038-9102,287,213,202.0,16.0,199.0,5.5,3.0
9039-1902,83,78,13.0,3.0,165.0,3.5,152.0
9039-3703,152,48,127.0,5.0,,,
9039-12703,461,2,237.0,11.5,,,
9039-3704,164,28,334.0,11.0,,,
9039-12701,583,0,239.0,5.5,,,
9039-6103,244,20,290.0,3.5,,,
9038-12702,672,422,349.0,1.5,349.0,0.5,0.0
9040-1901,100,90,249.0,17.0,96.0,12.0,153.0
9040-1902,92,92,340.0,3.5,343.0,2.0,3.0
9039-12704,352,334,138.0,2.0,138.0,1.0,0.0
9038-12703,595,587,205.0,3.5,203.0,0.5,2.0
9040-3703,157,70,108.0,89.5,308.0,18.0,160.0
9040-3704,125,108,353.0,7.999999999999997,356.0,3.999999999999998,3.0
9040-12704,236,195,151.0,3.0,158.0,2.0,7.0
9039-9101,258,279,344.0,1.5,335.0,3.5,9.0
9040-6103,286,28,175.0,1.5,,,
9039-6102,316,309,271.0,1.5,268.0,1.0,3.0
9039-9102,470,107,262.0,1.0,102.0,0.5,160.0
9041-1901,103,37,110.0,3.5,,,
9041-1902,94,1,76.0,5.5,,,
9041-12705,244,40,265.0,0.5,,,
9041-3703,186,9,329.0,1.5,,,
9040-9102,287,229,231.0,2.0,235.0,0.5,4.0
9041-12704,394,18,266.0,3.5,,,
9040-6101,323,323,60.0,1.0,60.0,1.0,0.0
9040-6104,307,307,257.0,1.5,257.0,1.0,0.0
9041-3702,188,188,221.0,2.5,221.0,1.5,0.0
9041-3704,167,167,294.0,1.5,294.0,0.5,0.0
9040-12701,608,374,243.0,2.5,240.0,1.0,3.0
8657-12703,276,203,23.0,7.5,29.0,1.5,6.0
8657-3701,168,79,102.0,9.5,56.0,21.0,46.0
8657-3703,178,0,47.0,30.5,,,
8657-12702,392,420,347.0,4.0,351.0,2.0,4.0
8657-3702,168,201,130.0,13.5,129.0,4.0,1.0
8656-12702,660,651,314.0,1.0,320.0,0.5,6.0
8657-3704,162,91,79.0,12.5,97.0,9.5,18.0
8657-12701,446,500,153.0,4.0,145.0,1.5,8.0
8656-12705,638,580,205.0,1.5,208.0,1.0,3.0
8710-1902,96,0,2.0,7.0000000000000036,,,
8657-6103,319,49,133.0,89.5,,,
8710-3701,161,1,64.0,5.0,,,
8710-3704,188,0,304.0,19.5,,,
8657-6102,267,256,350.0,4.5,347.0,2.5,3.0
8657-12704,536,491,164.0,43.5,312.0,3.5,148.0
8657-6101,317,317,246.0,3.5,247.0,2.0,1.0
8710-12702,357,117,187.0,5.0,324.0,3.5,137.0
8710-3702,184,161,115.0,3.0,115.0,2.0,0.0
8710-6103,122,137,40.0,18.0,55.0,1.0,15.0
8710-6101,261,237,215.0,14.0,218.0,10.5,3.0
8710-6104,272,171,11.0,4.5,356.0,15.500000000000004,15.0
8711-12703,153,86,108.0,9.0,107.0,5.0,1.0
8710-12703,375,522,253.0,37.0,259.0,6.5,6.0
8710-6102,332,328,132.0,3.0,132.0,3.0,0.0
8711-12701,262,202,101.0,0.5,100.0,0.5,1.0
8710-9102,279,224,351.0,11.500000000000007,358.0,2.999999999999998,7.0
8711-1902,83,73,27.0,10.0,208.0,3.5,179.0
8711-3702,133,11,105.0,1.5,,,
8711-3703,134,8,148.0,18.0,,,
8711-12702,278,295,48.0,34.5,63.0,8.0,15.0
8710-9101,376,293,232.0,1.5,231.0,1.0,1.0
8710-12704,616,499,33.0,12.0,44.0,10.5,11.0
8711-6101,238,0,9.0,89.5,,,
8711-3701,178,170,178.0,89.5,205.0,6.0,27.0
8711-3704,158,165,125.0,11.5,137.0,4.0,12.0
8711-12705,385,242,56.0,30.5,42.0,11.5,14.0
8711-6104,269,2,248.0,6.0,,,
8711-9102,193,65,251.0,8.0,260.0,6.5,9.0
8712-1901,91,90,243.0,2.5,251.0,1.0,8.0
8712-1902,96,93,155.0,6.0,176.0,8.0,21.0
8711-9101,474,0,164.0,1.5,,,
8712-3701,186,0,216.0,27.0,,,
8711-6102,317,314,162.0,1.5,159.0,0.5,3.0
8712-3702,187,100,201.0,6.5,213.0,7.5,12.0
8712-3703,168,121,200.0,3.5,199.0,2.0,1.0
8712-12702,283,429,74.0,13.0,91.0,2.5,17.0
8712-6103,168,158,198.0,10.0,208.0,3.5,10.0
8712-12701,399,399,59.0,3.5,55.0,1.0,4.0
8712-9102,102,0,219.0,89.5,,,
8712-12703,673,74,1.0,3.500000000000006,353.0,0.5,8.0
8712-6102,289,320,251.0,4.0,255.0,1.0,4.0
8712-6104,248,272,122.0,1.0,132.0,2.5,10.0
8712-9101,172,234,225.0,28.5,200.0,2.5,25.0
8713-1901,97,20,276.0,4.5,,,
8712-12705,555,513,22.0,0.5,24.0,0.5,2.0
8713-1902,78,98,340.0,18.5,328.0,8.0,12.0
8713-12702,265,245,143.0,9.5,153.0,3.5,10.0
8713-3703,163,26,142.0,89.5,,,
8713-12704,221,292,230.0,8.5,237.0,3.5,7.0
8712-12704,673,512,184.0,1.5,184.0,1.5,0.0
8713-3704,102,46,262.0,26.5,,,
8713-3701,186,189,140.0,16.5,169.0,11.0,29.0
8714-12701,217,1,183.0,37.0,,,
8714-3701,111,17,4.0,2.0,,,
8713-9101,303,10,275.0,13.5,,,
8713-12703,413,473,5.0,6.500000000000004,7.0,2.5,2.0
8713-12701,459,553,258.0,1.5,261.0,0.5,3.0
8714-3702,194,5,102.0,11.0,,,
8714-12704,235,222,76.0,24.5,101.0,4.5,25.0
8713-6102,295,279,108.0,2.5,108.0,1.5,0.0
8714-12705,276,233,295.0,3.0,296.0,0.5,1.0
8713-12705,483,542,118.0,9.5,121.0,2.5,3.0
8714-3703,172,174,198.0,10.0,186.0,2.0,12.0
8714-9101,188,85,190.0,11.000000000000007,180.0,20.500000000000004,10.0
8714-9102,327,1,94.0,89.5,,,
8715-12702,199,11,297.0,13.0,,,
8714-6104,254,173,94.0,27.5,69.0,6.0,25.0
8715-12703,294,0,128.0,89.5,,,
8715-3704,109,12,78.0,6.5,,,
8715-1901,97,97,159.0,4.5,157.0,3.5,2.0
8714-6102,322,315,303.0,2.0,303.0,0.5,0.0
8713-9102,489,489,210.0,3.5,209.0,2.0,1.0
8715-3703,181,58,280.0,5.5,125.0,8.5,155.0
8715-6102,160,125,214.0,10.5,216.0,3.5,2.0
8715-12705,318,273,158.0,2.0,160.0,1.0,2.0
8715-6101,272,104,273.0,2.5,278.0,1.0,5.0
8715-6103,217,132,227.0,4.0,224.0,1.5,3.0
8716-12701,167,157,211.0,47.49999999999999,136.0,16.5,75.0
8716-12702,213,126,136.0,22.5,102.0,21.5,34.0
8716-1901,90,24,230.0,89.5,,,
8715-12704,266,519,264.0,89.5,249.0,2.0,15.0
8716-1902,90,57,306.0,2.5,309.0,3.5,3.0
8716-12704,181,136,302.0,9.0,306.0,2.0,4.0
8716-3704,91,91,117.0,13.5,103.0,2.5,14.0
8716-6101,183,106,180.0,11.000000000000004,183.0,5.0000000000000036,3.0
8716-6102,170,138,314.0,7.5,316.0,5.5,2.0
8715-9101,436,417,321.0,3.5,320.0,1.5,1.0
8716-6104,318,3,185.0,81.0,,,
8715-9102,462,465,184.0,3.0,184.0,1.5,0.0
8715-12701,665,659,226.0,1.5,222.0,1.5,4.0
9041-6103,321,41,163.0,33.0,,,
9042-12705,141,12,136.0,0.5,,,
9041-12703,406,409,215.0,1.5,217.0,0.5,2.0
9042-3701,178,0,163.0,24.0,,,
9041-6102,244,271,162.0,5.0,164.0,1.5,2.0
9042-3703,183,11,219.0,8.0,,,
9042-12701,191,218,134.0,10.5,142.0,3.0,8.0
9042-3704,166,6,211.0,3.5,,,
9042-12704,415,2,279.0,3.5,,,
9042-6104,183,1,130.0,89.5,,,
9042-6103,245,66,292.0,2.0,298.0,0.5,6.0
9041-9101,452,330,197.0,1.5,196.0,1.5,1.0
9042-6101,313,56,0.0,4.000000000000006,355.0,4.0,5.0
9041-12702,593,639,17.0,1.5,17.0,1.0,0.0
9042-12702,369,400,295.0,2.5,294.0,0.5,1.0
9042-6102,163,270,183.0,2.500000000000006,181.0,1.0000000000000049,2.0
9043-12701,309,17,344.0,0.5,,,
9043-1902,99,16,231.0,4.5,,,
9043-1901,101,69,117.0,6.0,111.0,2.5,6.0
9041-9102,465,465,238.0,2.5,235.0,1.5,3.0
9043-3703,192,11,213.0,16.5,,,
9043-12703,319,10,53.0,22.0,,,
9043-12705,342,2,281.0,2.5,,,
9043-6101,211,2,300.0,3.5,,,
9043-12702,535,43,321.0,25.0,,,
9044-1902,90,4,257.0,2.5,,,
9042-12703,667,512,38.0,1.5,41.0,0.5,3.0
9042-9101,441,432,350.0,1.5,351.0,0.5,1.0
9044-1901,98,64,165.0,3.0,254.0,2.5,89.0
9044-3702,94,4,0.0,14.999999999999996,,,
9044-3701,182,19,188.0,2.0,,,
9042-9102,449,428,329.0,1.5,328.0,1.0,1.0
9043-9102,463,36,50.0,5.0,,,
9044-12702,473,23,173.0,0.5,,,
9043-6102,299,290,121.0,1.5,121.0,1.0,0.0
9043-12704,426,386,171.0,5.5,178.0,2.499999999999998,7.0
9043-6104,327,257,248.0,3.0,246.0,1.0,2.0
9044-6102,270,8,344.0,3.5,,,
9044-12704,389,128,275.0,2.5,275.0,0.5,0.0
9044-9102,259,3,197.0,3.0,,,
9044-6104,294,3,172.0,35.0,,,
9044-12701,423,310,88.0,1.0,90.0,0.5,2.0
9045-1902,92,92,313.0,2.5,313.0,1.0,0.0
9045-3701,186,76,154.0,3.0,167.0,4.0,13.0
9044-6101,312,312,264.0,3.0,263.0,1.5,1.0
9044-9101,289,226,350.0,3.0,351.0,0.5,1.0
9045-3702,172,188,180.0,11.0,188.0,2.5,8.0
9045-12705,462,10,78.0,18.0,,,
9045-3703,177,185,80.0,1.0,47.0,0.5,33.0
9045-6102,225,2,19.0,40.49999999999999,,,
9045-3704,189,173,253.0,2.0,252.0,0.5,1.0
9045-6103,225,35,293.0,28.0,,,
9045-12701,665,5,43.0,43.49999999999999,,,
9045-6101,244,174,302.0,2.0,307.0,1.0,5.0
9045-6104,266,14,217.0,7.5,,,
9046-12701,197,4,321.0,84.0,,,
9046-1901,104,63,211.0,3.0,239.0,5.0,28.0
9045-12703,464,458,232.0,3.5,233.0,1.5,1.0
9046-3702,194,5,170.0,1.5,,,
9045-12704,481,449,72.0,6.0,77.0,2.5,5.0
9046-6102,52,4,123.0,56.0,,,
9046-12704,284,88,225.0,2.0,180.0,0.5,45.0
9046-6104,79,14,41.0,0.5,,,
9046-3701,170,195,84.0,14.5,87.0,3.5,3.0
9046-12703,304,129,102.0,0.5,264.0,0.5,162.0
9045-9102,473,171,333.0,10.5,93.0,0.5,120.0
9046-3704,196,188,7.0,5.5,4.0,3.0,3.0
9045-9101,430,400,133.0,1.5,127.0,0.5,6.0
9046-9102,354,0,326.0,40.0,,,
9045-12702,661,664,108.0,3.0,109.0,1.0,1.0
9046-9101,390,39,331.0,36.50000000000001,,,
9047-3701,161,17,109.0,6.5,,,
9047-12704,333,38,113.0,0.5,,,
9047-3703,168,25,261.0,29.0,,,
9047-12702,281,237,24.0,4.5,28.0,1.5,4.0
9046-12705,469,491,66.0,9.0,74.0,0.5,8.0
9047-6103,191,4,319.0,74.0,,,
9047-3704,115,111,164.0,6.5,164.0,2.5,0.0
9047-12705,273,210,79.0,0.5,17.0,0.5,62.0
9047-9101,132,101,104.0,15.5,97.0,0.5,7.0
9047-12701,674,25,127.0,30.5,,,
9048-3703,98,18,43.0,0.5,,,
9047-9102,165,158,215.0,8.0,216.0,3.0,1.0
9048-12705,127,59,358.0,5.500000000000005,2.0,2.000000000000005,4.0
9048-1901,96,95,265.0,9.5,286.0,8.0,21.0
9048-3704,193,6,141.0,89.5,,,
9049-1902,87,4,78.0,7.5,,,
9048-6102,287,19,224.0,6.0,,,
9046-12702,669,667,138.0,1.5,137.0,1.0,1.0
9047-6104,331,276,171.0,1.0,179.0,0.5,8.0
9049-1901,98,98,177.0,6.500000000000006,179.0,5.000000000000005,2.0
9048-12703,251,228,173.0,4.0,178.0,1.5,5.0
9049-3703,161,33,67.0,2.0,,,
9048-9101,295,162,344.0,4.5,351.0,4.0,7.0
9048-6104,251,249,101.0,3.5,102.0,1.0,1.0
9049-12704,403,73,168.0,4.0,158.0,4.0,10.0
9049-6103,163,100,163.0,8.0,164.0,6.0,1.0
9049-3704,145,166,221.0,24.5,223.0,5.0,2.0
9047-12703,661,567,253.0,1.0,251.0,0.5,2.0
9049-3701,185,158,179.0,4.5,179.0,1.5000000000000038,0.0
8716-12703,344,435,311.0,6.5,318.0,3.5,7.0
8717-1901,89,31,351.0,9.000000000000007,,,
8717-1902,55,48,290.0,80.0,,,
8716-6103,286,253,77.0,1.5,77.0,0.5,0.0
8717-12702,324,9,196.0,34.0,,,
8717-6103,116,3,258.0,3.0,,,
8717-6104,121,9,226.0,89.5,,,
8716-12705,429,471,305.0,8.5,311.0,3.0,6.0
8717-6101,173,67,18.0,4.0,13.0,13.0,5.0
8716-9101,467,168,20.0,2.5,306.0,2.5,74.0
8717-3704,172,172,130.0,5.5,131.0,2.0,1.0
8718-1902,79,80,34.0,12.0,37.0,9.5,3.0
8718-1901,108,90,322.0,6.0,325.0,7.0,3.0
8718-3701,159,31,234.0,12.5,,,
8717-6102,258,253,227.0,2.0,226.0,0.5,1.0
8717-9102,450,20,254.0,41.5,,,
8716-9102,467,478,36.0,4.5,35.0,2.5,1.0
8718-3703,120,92,215.0,20.0,209.0,15.5,6.0
8717-12703,417,413,357.0,16.5,352.0,3.0,5.0
8718-12704,238,302,212.0,89.5,10.0,9.0,158.0
8718-6102,169,93,200.0,3.5,203.0,2.5,3.0
8718-6101,230,69,77.0,24.5,6.0,5.500000000000002,71.0
8718-12705,229,391,0.0,89.5,241.0,7.0,119.0
8718-6103,315,10,100.0,32.5,,,
8718-6104,151,103,333.0,12.5,327.0,5.0,6.0
8719-1901,94,0,127.0,12.0,,,
8719-1902,93,44,120.0,3.5,,,
8718-9102,169,147,0.0,89.5,352.0,18.499999999999996,8.0
8717-9101,466,459,55.0,3.5,50.0,1.5,5.0
8719-3701,192,0,162.0,16.5,,,
8719-12703,259,66,94.0,0.5,113.0,6.5,19.0
8719-12705,132,204,236.0,89.5,259.0,5.5,23.0
8719-3704,175,0,316.0,9.0,,,
8719-3702,126,125,172.0,31.999999999999996,199.0,2.0,27.0
8719-3703,93,145,75.0,13.0,75.0,4.5,0.0
8719-12701,282,256,278.0,2.5,282.0,1.5,4.0
8719-6101,151,139,3.0,11.000000000000007,7.0,3.5,4.0
8720-12705,230,0,283.0,0.5,,,
8720-1901,104,103,229.0,8.5,267.0,4.5,38.0
8720-1902,95,95,137.0,8.5,136.0,7.0,1.0
8720-12703,339,14,314.0,4.5,,,
8720-3704,108,7,20.0,5.0,,,
8720-12701,266,147,89.0,4.0,161.0,0.5,72.0
8720-3701,151,143,296.0,3.0,300.0,0.5,4.0
8719-6102,254,266,268.0,13.0,267.0,3.5,1.0
8720-3703,190,108,188.0,19.0,223.0,1.5,35.0
8719-9101,427,186,144.0,89.5,209.0,16.0,65.0
8720-9102,188,12,176.0,3.0,,,
8720-6104,85,156,51.0,4.5,317.0,4.0,94.0
8720-6101,305,63,338.0,89.5,240.0,5.0,98.0
8720-6102,206,244,198.0,14.5,198.0,3.0,0.0
8721-1902,94,0,63.0,14.0,,,
8719-12702,602,589,5.0,7.0,0.0,4.000000000000001,5.0
8721-3702,119,30,70.0,6.5,,,
8720-6103,227,272,216.0,17.5,205.0,3.0,11.0
8721-12703,240,104,336.0,2.0,113.0,0.5,137.0
8721-6101,58,128,95.0,11.5,86.0,3.0,9.0
8721-12704,429,36,70.0,18.0,,,
8721-3703,187,81,154.0,3.5,154.0,4.0,0.0
8721-12702,265,267,321.0,8.0,328.0,0.5,7.0
8721-12701,685,5,83.0,26.0,,,
8721-9101,184,166,328.0,7.0,328.0,4.5,0.0
8721-12705,303,284,0.0,15.000000000000002,354.0,4.0,6.0
8722-3703,173,159,201.0,40.5,31.0,6.0,170.0
8722-6101,212,100,175.0,3.0,175.0,3.5,0.0
8721-6103,320,293,131.0,2.0,129.0,1.5,2.0
8722-12701,546,26,188.0,64.0,,,
8722-6102,285,1,132.0,33.0,,,
8722-6104,328,3,268.0,11.5,,,
8722-6103,323,255,24.0,4.5,28.0,1.5,4.0
8722-9101,374,19,169.0,78.0,,,
8722-12703,404,498,92.0,15.0,116.0,0.5,24.0
8722-9102,352,52,28.0,5.5,0.0,4.000000000000001,28.0
8723-3701,137,14,198.0,2.0,,,
8723-1901,104,84,345.0,5.5,340.0,2.0,5.0
8723-1902,98,80,267.0,6.5,293.0,5.0,26.0
8723-12702,344,235,326.0,2.5,327.0,2.5,1.0
8723-3704,129,50,314.0,5.0,71.0,11.5,117.0
8723-6102,308,27,42.0,3.5,,,
8723-6103,318,13,246.0,8.5,,,
8722-12704,691,658,104.0,3.0,105.0,1.5,1.0
8722-12705,686,686,214.0,3.0,213.0,1.5,1.0
8723-9101,290,0,147.0,33.5,,,
8724-1901,95,2,27.0,5.5,,,
8723-6101,319,313,24.0,7.5,24.0,4.0,0.0
8723-12703,644,573,175.0,1.5,173.0,0.5,2.0
8724-12704,201,122,74.0,18.0,62.0,3.5,12.0
8724-3703,151,0,228.0,6.5,,,
8724-3701,180,2,241.0,5.0,,,
8723-9102,471,27,223.0,5.5,,,
8723-12701,670,671,178.0,1.0,179.0,0.5,1.0
8723-12704,667,631,125.0,2.0,124.0,1.0,1.0
8724-3704,117,62,336.0,12.0,346.0,7.5,10.0
8724-6104,172,23,251.0,4.5,,,
8724-6101,317,1,78.0,3.0,,,
8724-12703,663,15,353.0,27.0,,,
8724-9102,185,159,226.0,11.0,223.0,2.5,3.0
8725-12703,280,18,235.0,89.5,,,
8723-12705,681,681,70.0,1.0,70.0,1.0,0.0
8725-1902,101,41,14.0,77.0,,,
9049-6102,161,205,250.0,5.5,248.0,2.0,2.0
9050-1902,93,0,329.0,2.5,,,
9050-1901,105,21,261.0,2.0,,,
9049-6104,253,132,140.0,3.5,155.0,0.5,15.0
9050-12703,137,84,281.0,1.5,300.0,0.5,19.0
9049-9101,186,175,298.0,2.0,296.0,1.0,2.0
9050-3701,158,56,121.0,5.0,110.0,2.5,11.0
9048-12701,488,532,180.0,6.5000000000000036,196.0,3.0,16.0
9050-3702,111,112,78.0,14.0,79.0,4.0,1.0
9085-1901,77,35,53.0,24.5,,,
9050-6101,283,11,337.0,0.5,,,
9049-12702,475,506,353.0,1.5,351.0,0.5,2.0
9085-6102,128,3,222.0,89.5,,,
9050-12702,668,10,41.0,12.0,,,
9085-12704,291,72,154.0,2.0,164.0,5.0,10.0
9085-3702,125,79,239.0,7.0,236.0,2.0,3.0
9085-12703,341,106,66.0,3.5,71.0,4.0,5.0
9050-12705,398,309,231.0,1.5,233.0,1.5,2.0
9085-12705,277,239,7.0,6.0,26.0,1.0,19.0
9085-6104,169,16,17.0,3.5,,,
9085-6101,267,190,308.0,3.5,310.0,1.0,2.0
9050-9101,454,421,248.0,3.5,253.0,1.5,5.0
9050-9102,494,486,157.0,2.5,155.0,1.0,2.0
9085-9101,285,189,195.0,2.5,197.0,1.5,2.0
9086-1901,84,2,39.0,7.0,,,
9085-6103,316,310,38.0,3.5,38.0,1.5,0.0
9086-1902,102,5,11.0,3.5,,,
9085-9102,305,310,92.0,8.5,81.0,6.0,11.0
9086-3701,146,0,58.0,10.0,,,
9050-12704,655,565,20.0,1.5,22.0,0.5,2.0
9086-3702,156,0,42.0,12.0,,,
9086-12705,197,210,216.0,16.5,209.0,4.5,7.0
9086-12704,311,276,146.0,5.5,149.0,1.5,3.0
9086-3704,175,24,108.0,9.5,,,
9085-12701,619,629,79.0,3.0,78.0,1.0,1.0
9086-3703,169,160,319.0,28.5,320.0,4.0,1.0
9086-9102,250,4,238.0,89.5,,,
9086-6101,198,106,23.0,0.5,1.0,0.5,22.0
9086-6102,132,142,329.0,12.0,342.0,3.5,13.0
9086-6104,318,2,69.0,4.5,,,
9087-1902,90,0,65.0,9.0,,,
9087-1901,99,24,255.0,2.0,,,
9086-12703,429,424,277.0,1.0,277.0,0.5,0.0
9086-12702,470,496,8.0,5.5,352.0,2.5,16.0
9087-3702,121,52,125.0,11.0,306.0,10.5,179.0
9086-12701,586,508,35.0,1.0,34.0,0.5,1.0
9087-12702,215,180,281.0,22.5,279.0,5.5,2.0
9087-3704,175,101,41.0,2.0,42.0,2.0,1.0
9087-12703,279,338,226.0,27.0,229.0,5.0,3.0
9087-9102,258,78,8.0,4.0,8.0,3.5,0.0
9088-1901,93,99,42.0,8.0,38.0,4.5,4.0
9088-1902,89,0,185.0,7.500000000000001,,,
9088-3702,165,0,41.0,2.5,,,
9087-6104,292,264,161.0,10.0,164.0,6.5,3.0
9088-3703,118,64,100.0,5.5,98.0,4.5,2.0
9088-12701,349,389,316.0,2.0,314.0,0.5,2.0
9087-12701,668,578,109.0,1.5,107.0,1.0,2.0
9088-6102,250,215,318.0,2.5,312.0,1.5,6.0
9087-9101,471,464,132.0,1.5,133.0,0.5,1.0
9088-6104,320,137,98.0,2.0,99.0,1.5,1.0
9089-1901,98,1,82.0,9.0,,,
9087-12704,623,644,50.0,2.0,54.0,0.5,4.0
9089-1902,99,1,0.0,29.000000000000007,,,
9089-3701,193,5,194.0,2.0,,,
9087-12705,676,678,341.0,1.5,342.0,1.0,1.0
9088-9101,385,351,312.0,12.5,317.0,1.5,5.0
9088-9102,378,286,349.0,0.5,341.0,0.5,8.0
9088-12705,675,553,195.0,1.0,196.0,1.0,1.0
9089-3702,170,174,123.0,5.0,121.0,3.0,2.0
9089-3703,194,194,140.0,11.0,142.0,3.0,2.0
9088-12702,673,667,113.0,1.5,112.0,1.5,1.0
9089-3704,129,141,253.0,6.5,258.0,3.0,5.0
9089-6103,253,21,210.0,4.0,,,
9088-12704,682,676,98.0,2.0,99.0,1.0,1.0
9089-6102,278,1,173.0,20.000000000000007,,,
9090-1902,89,91,90.0,6.5,93.0,3.0,3.0
9089-12703,600,290,57.0,2.5,118.0,0.5,61.0
9089-9101,207,192,30.0,7.0,25.0,3.5,5.0
9089-6101,318,249,207.0,2.0,211.0,1.5,4.0
9090-12702,228,195,345.0,17.5,358.0,2.5,13.0
9089-6104,329,325,156.0,1.5,155.0,0.5,1.0
9089-12704,648,469,158.0,1.0,159.0,1.0,1.0
9090-3702,191,130,241.0,2.0,236.0,2.0,5.0
9089-12702,644,643,205.0,2.5,204.0,1.0,1.0
9090-6102,159,97,270.0,11.5,269.0,10.5,1.0
9090-3704,196,195,212.0,12.5,206.0,2.0,6.0
9090-12703,366,332,113.0,5.0,122.0,5.0,9.0
9089-9102,349,411,291.0,11.0,279.0,2.5,12.0
9090-6104,321,31,9.0,2.5,,,
9090-6101,242,205,197.0,13.0,184.0,8.500000000000007,13.0
9091-1901,98,17,155.0,29.5,,,
9091-1902,95,36,123.0,2.0,,,
9091-3701,139,21,188.0,0.5,,,
9091-12701,300,50,161.0,1.5,171.0,2.0,10.0
9091-12702,397,13,342.0,0.5,,,
9091-3703,184,3,42.0,6.5,,,
9091-12703,245,209,269.0,9.0,263.0,3.0,6.0
9090-12705,633,425,149.0,0.5,150.0,0.5,1.0
9091-9102,221,88,106.0,3.0,102.0,2.5,4.0
9091-6101,293,189,345.0,0.5,349.0,0.5,4.0
8725-12702,188,200,19.0,8.0,17.0,1.0,2.0
8724-9101,220,302,208.0,10.5,205.0,2.5,3.0
8725-1901,105,105,161.0,11.5,167.0,6.5,6.0
8725-3702,178,0,214.0,24.0,,,
8725-6101,184,5,2.0,6.9999999999999964,,,
8725-3701,125,178,124.0,34.0,151.0,4.5,27.0
8725-3704,171,56,120.0,13.0,115.0,16.5,5.0
8725-12701,357,361,138.0,3.0,137.0,0.5,1.0
8725-3703,186,157,133.0,3.5,136.0,0.5,3.0
8725-6103,320,8,71.0,14.5,,,
8726-1901,100,58,309.0,9.0,205.0,1.0,104.0
8724-12701,661,654,222.0,1.5,222.0,1.0,0.0
8725-12705,419,399,287.0,1.5,286.0,1.0,1.0
8725-9102,281,204,98.0,7.0,95.0,1.5,3.0
8726-3701,189,39,164.0,8.0,,,
8726-12704,264,162,273.0,17.0,221.0,20.0,52.0
8726-12705,170,220,117.0,28.0,61.0,0.5,56.0
8726-6104,183,0,26.0,5.5,,,
8726-6103,194,83,102.0,5.0,102.0,0.5,0.0
8727-1901,93,4,310.0,12.0,,,
8726-6102,256,173,39.0,7.5,48.0,2.0,9.0
8726-12703,352,358,98.0,31.5,137.0,8.0,39.0
8727-1902,90,0,46.0,17.0,,,
8726-9101,473,5,51.0,5.0,,,
8727-3704,139,38,263.0,89.5,,,
8726-12702,396,469,41.0,4.0,40.0,1.0,1.0
8727-3703,184,97,220.0,13.0,235.0,10.0,15.0
8727-6102,98,80,290.0,24.0,277.0,6.5,13.0
8727-6101,283,45,268.0,10.0,,,
8727-12704,277,355,6.0,11.500000000000002,25.0,3.5,19.0
8727-6104,147,171,103.0,36.0,87.0,3.5,16.0
8728-1901,88,16,288.0,89.5,,,
8726-12701,683,683,208.0,8.5,220.0,9.5,12.0
8728-3702,177,26,307.0,2.0,,,
8727-9102,273,248,312.0,28.0,331.0,15.5,19.0
8727-9101,421,320,51.0,1.0,42.0,1.5,9.0
8728-3701,182,160,185.0,3.0,206.0,1.0,21.0
8728-3703,179,8,342.0,40.50000000000001,,,
8728-3704,167,26,107.0,17.0,,,
8727-12701,667,663,192.0,3.5,192.0,2.0,0.0
8728-6102,90,4,190.0,30.000000000000007,,,
8728-12702,591,52,25.0,0.5,260.0,3.0,125.0
8728-12704,312,351,293.0,45.0,321.0,10.0,28.0
8727-12702,667,662,172.0,3.5,172.0,1.5,0.0
8728-6101,185,23,6.0,6.0,,,
8728-6103,66,66,256.0,21.0,261.0,6.5,5.0
8727-12705,662,662,196.0,17.0,199.0,12.0,3.0
8931-1901,95,1,28.0,10.0,,,
8931-1902,92,1,320.0,5.5,,,
8728-9101,156,164,355.0,45.0,13.0,9.000000000000004,18.0
8931-12703,309,0,336.0,7.5,,,
8931-3701,191,0,216.0,19.0,,,
8931-3702,164,1,188.0,6.5,,,
8728-9102,210,239,269.0,4.5,269.0,1.5,0.0
8931-12705,395,6,0.0,16.0,,,
8931-3704,169,0,277.0,89.5,,,
8728-12701,652,650,323.0,7.0,323.0,5.5,0.0
8931-6101,222,4,204.0,5.0,,,
8931-3703,186,125,180.0,7.4999999999999964,179.0,7.0,1.0
8931-6104,220,35,161.0,6.5,,,
8931-6103,316,23,227.0,14.0,,,
8931-12704,661,1,103.0,2.0,,,
8932-1902,106,9,208.0,1.5,,,
8931-12701,485,430,133.0,5.5,137.0,2.0,4.0
8932-3702,144,0,79.0,89.5,,,
8932-12705,313,0,165.0,89.5,,,
8932-12702,404,0,247.0,3.5,,,
8932-3703,137,0,101.0,8.0,,,
8932-3704,136,0,291.0,6.5,,,
8932-3701,193,198,162.0,6.0,165.0,3.0,3.0
8931-9101,473,190,131.0,11.0,96.0,10.5,35.0
8932-6102,193,0,193.0,14.0,,,
8932-12703,630,17,302.0,3.5,,,
8932-6101,328,9,40.0,3.0,,,
8933-1901,97,3,323.0,5.5,,,
8933-12703,204,0,54.0,8.5,,,
8933-1902,104,1,293.0,3.5,,,
8931-12702,672,671,290.0,7.5,290.0,4.5,0.0
8933-3701,151,2,283.0,21.0,,,
8932-6104,341,75,99.0,2.0,101.0,3.0,2.0
8933-3703,194,11,311.0,2.0,,,
8933-12701,221,208,271.0,5.5,268.0,0.5,3.0
8932-12704,615,340,195.0,4.5,232.0,2.0,37.0
8933-9101,142,0,174.0,23.000000000000007,,,
8933-6101,314,0,312.0,11.5,,,
8933-6102,289,3,110.0,4.5,,,
8934-1901,88,2,70.0,6.5,,,
8933-6103,320,8,30.0,3.5,,,
8934-1902,80,0,184.0,7.5,,,
8934-3704,141,0,247.0,10.0,,,
8934-3703,195,3,108.0,2.0,,,
8932-12701,705,676,298.0,4.0,290.0,1.5,8.0
8934-6101,199,0,88.0,7.5,,,
8932-9102,432,433,49.0,5.5,44.0,1.5,5.0
8934-12703,141,328,262.0,16.5,261.0,2.0,1.0
8934-6103,138,0,183.0,7.500000000000002,,,
8934-3701,180,189,12.0,12.0,1.0,0.5,11.0
8934-12704,628,1,252.0,2.0,,,
8934-9102,234,0,111.0,89.5,,,
8934-6104,330,6,305.0,2.0,,,
9092-12704,309,3,30.0,56.0,,,
9090-9102,486,369,78.0,89.5,235.0,3.5,157.0
9091-12705,510,217,113.0,1.0,61.0,0.5,52.0
9090-12704,671,671,299.0,2.0,300.0,1.0,1.0
9091-6104,322,264,341.0,1.5,339.0,1.5,2.0
9090-9101,481,475,173.0,1.5,176.0,0.5,3.0
9092-3701,196,5,326.0,4.5,,,
9091-12704,447,411,244.0,1.5,244.0,0.5,0.0
9091-9101,296,417,32.0,4.5,31.0,3.0,1.0
9092-6104,321,4,57.0,17.5,,,
9092-12703,329,348,40.0,3.5,40.0,2.0,0.0
9093-1901,97,65,27.0,19.0,39.0,11.5,12.0
9092-6102,208,261,124.0,8.5,118.0,2.5,6.0
9093-1902,75,93,155.0,89.5,108.0,18.0,47.0
9093-12701,328,152,251.0,3.0,250.0,1.0,1.0
9092-9102,360,151,118.0,1.5,116.0,2.0,2.0
9093-6101,229,66,343.0,6.0,357.0,0.5,14.0
9093-3701,185,185,60.0,4.5,50.0,0.5,10.0
9093-3702,178,181,127.0,10.0,125.0,3.5,2.0
9093-6104,130,130,168.0,27.5,112.0,6.0,56.0
9093-9101,269,28,175.0,4.0000000000000036,,,
9093-6102,245,227,91.0,1.5,92.0,1.0,1.0
9092-12705,683,448,263.0,0.5,265.0,0.5,2.0
9093-12703,619,239,185.0,0.5,213.0,7.5,28.0
9094-1901,109,4,77.0,3.0,,,
9093-12704,474,438,343.0,6.0,348.0,2.0,5.0
9093-6103,281,258,273.0,5.5,268.0,1.0,5.0
9093-12702,486,505,197.0,7.0,191.0,2.5,6.0
9094-1902,76,101,339.0,0.5,350.0,0.5,11.0
9094-12701,220,211,48.0,12.0,54.0,1.0,6.0
9094-12703,327,146,275.0,3.5,289.0,2.5,14.0
9094-3702,166,6,327.0,42.0,,,
9093-9102,293,275,285.0,9.0,288.0,4.0,3.0
9094-12704,419,86,139.0,0.5,204.0,0.5,65.0
9094-12705,265,253,227.0,19.0,243.0,2.0,16.0
9094-6103,316,0,148.0,25.5,,,
9095-1901,99,99,138.0,8.5,145.0,5.5,7.0
9095-3702,104,0,313.0,19.5,,,
9095-1902,100,94,84.0,4.0,80.0,3.0,4.0
9095-12702,287,142,272.0,0.5,273.0,2.0,1.0
9093-12705,669,669,9.0,4.5,6.0,1.5,3.0
9094-6101,322,253,179.0,3.000000000000005,187.0,2.5,8.0
9095-12701,343,264,114.0,2.5,112.0,0.5,2.0
9095-3703,194,101,305.0,3.5,136.0,2.5,169.0
9095-6103,216,5,56.0,9.5,,,
9095-3704,189,73,31.0,5.5,27.0,0.5,4.0
9095-3701,192,192,91.0,3.5,89.0,1.5,2.0
9095-6104,125,130,300.0,5.5,316.0,2.5,16.0
9181-1901,90,0,83.0,9.0,,,
9095-12705,359,336,95.0,3.5,92.0,1.5,3.0
9181-12701,248,28,280.0,0.5,,,
9095-12703,395,407,88.0,1.5,84.0,0.5,4.0
9181-3701,132,117,224.0,7.5,223.0,4.0,1.0
9181-3704,188,12,297.0,33.0,,,
9095-9101,226,265,239.0,16.0,245.0,1.0,6.0
9181-12703,378,10,104.0,42.5,,,
9181-6102,155,40,305.0,16.0,,,
9095-6102,323,249,14.0,1.5,8.0,0.5,6.0
9181-3703,165,192,149.0,17.0,149.0,6.0,0.0
9181-6103,293,2,86.0,89.5,,,
9181-9101,150,118,39.0,20.5,46.0,6.5,7.0
9181-9102,163,132,350.0,4.5,342.0,1.0,8.0
9181-12705,333,288,96.0,3.0,92.0,1.0,4.0
9095-12704,635,584,312.0,1.0,311.0,0.5,1.0
9182-12704,223,109,220.0,2.0,219.0,0.5,1.0
9182-1902,94,94,53.0,3.5,51.0,1.0,2.0
9182-12701,422,2,7.0,5.5,,,
9181-6104,267,268,297.0,89.5,295.0,8.5,2.0
9182-3702,177,0,301.0,89.5,,,
9095-9102,481,480,100.0,2.0,98.0,1.0,2.0
9182-12705,246,226,27.0,8.0,31.0,2.5,4.0
9183-12701,190,0,276.0,10.5,,,
9182-3703,190,113,191.0,3.0,170.0,2.0,21.0
9182-3701,177,195,332.0,5.5,334.0,2.0,2.0
9183-1901,91,0,87.0,28.0,,,
9182-6103,314,33,125.0,2.5,,,
9182-12703,427,315,238.0,1.5,236.0,1.0,2.0
9183-12703,229,140,281.0,6.0,288.0,3.5,7.0
9183-6102,246,13,211.0,23.5,,,
9182-12702,411,441,350.0,1.5,348.0,1.0,2.0
9182-6104,305,240,51.0,1.0,47.0,2.5,4.0
9183-6103,314,19,331.0,2.0,,,
9183-3704,184,179,47.0,3.5,46.0,1.0,1.0
9184-1902,95,13,45.0,1.0,,,
9184-3701,98,43,165.0,4.5,,,
9184-1901,96,78,17.0,89.5,138.0,83.5,121.0
9184-3702,192,14,258.0,1.5,,,
9184-3703,161,51,0.0,19.000000000000007,271.0,89.5,89.0
9182-9102,410,372,229.0,2.0,224.0,0.5,5.0
9183-9101,352,244,277.0,2.0,272.0,1.5,5.0
9184-3704,169,184,178.0,5.500000000000001,180.0,2.000000000000005,2.0
9184-6103,254,167,34.0,3.0,37.0,0.5,3.0
9184-6104,196,171,115.0,3.5,116.0,2.0,1.0
9184-12705,381,299,285.0,2.5,286.0,2.0,1.0
9184-6102,281,238,159.0,2.5,149.0,0.5,10.0
9185-12702,254,8,224.0,0.5,,,
9184-9101,456,15,241.0,20.0,,,
9183-12704,607,482,210.0,1.5,210.0,1.0,0.0
9185-3701,195,2,267.0,36.5,,,
9183-12702,631,550,238.0,2.0,238.0,1.5,0.0
8934-12705,679,0,125.0,3.5,,,
8935-12701,284,0,88.0,27.0,,,
8934-6102,318,124,343.0,5.5,335.0,7.5,8.0
8934-9101,334,0,267.0,9.5,,,
8935-12702,284,0,182.0,25.5,,,
8935-1901,95,0,175.0,78.0,,,
8935-1902,94,0,176.0,5.499999999999999,,,
8935-3704,135,0,71.0,11.5,,,
8935-6101,149,0,175.0,18.999999999999993,,,
8935-3701,183,0,89.0,15.0,,,
8935-3702,185,2,260.0,3.0,,,
8935-3703,176,86,255.0,32.0,276.0,40.0,21.0
8935-6103,313,0,150.0,5.0,,,
8935-12704,285,265,154.0,9.5,170.0,4.5,16.0
8934-12701,624,663,164.0,2.5,164.0,1.0,0.0
8935-9101,391,2,157.0,2.0,,,
8936-12702,413,11,330.0,11.5,,,
8935-9102,480,0,205.0,3.0,,,
8935-12703,594,286,331.0,1.5,335.0,1.0,4.0
8936-1902,100,70,141.0,3.5,190.0,5.0,49.0
8935-6104,321,315,96.0,5.0,86.0,2.5,10.0
8936-3701,177,2,331.0,14.0,,,
8936-6103,91,1,45.0,0.5,,,
8936-12701,672,21,126.0,89.5,,,
8936-3702,179,56,174.0,2.5,189.0,1.0,15.0
8936-6101,298,22,121.0,4.0,,,
8936-9101,261,123,177.0,3.4999999999999982,182.0,13.0,5.0
8937-12702,379,14,189.0,81.0,,,
8937-12703,205,154,22.0,11.5,59.0,0.5,37.0
8936-9102,332,158,87.0,2.0,91.0,0.5,4.0
8936-12705,570,231,25.0,1.5,25.0,0.5,0.0
8936-6104,305,320,252.0,23.0,262.0,7.0,10.0
8937-1901,98,53,294.0,13.0,80.0,20.5,146.0
8937-1902,95,76,198.0,3.0,22.0,10.0,176.0
8937-3701,192,8,332.0,2.0,,,
8936-12703,612,549,14.0,19.500000000000004,14.0,6.5,0.0
8937-3702,183,0,260.0,10.0,,,
8937-3704,197,0,87.0,10.0,,,
8937-6101,203,43,162.0,7.0,,,
8937-12705,686,0,335.0,18.0,,,
8936-12704,594,621,102.0,30.0,147.0,4.0,45.0
8937-3703,195,189,246.0,4.5,245.0,3.5,1.0
8938-1901,92,3,348.0,3.0,,,
8938-1902,81,42,52.0,4.5,,,
8937-6104,325,7,7.0,3.5,,,
8937-6103,169,205,62.0,22.0,28.0,6.5,34.0
8938-3704,66,1,245.0,35.5,,,
8938-6103,231,0,56.0,11.5,,,
8938-6102,163,91,150.0,10.0,318.0,11.0,168.0
8938-6104,284,0,244.0,3.5,,,
8938-12701,341,315,98.0,2.5,100.0,1.0,2.0
8937-12704,586,593,220.0,8.0,215.0,2.0,5.0
8938-9101,195,203,359.0,5.500000000000006,358.0,2.0000000000000036,1.0
8939-1901,94,0,69.0,17.5,,,
8938-9102,360,46,26.0,6.5,,,
8938-12704,540,284,87.0,2.5,89.0,1.0,2.0
8939-12705,153,81,119.0,2.0,110.0,5.5,9.0
8938-12703,467,399,298.0,2.0,297.0,1.0,1.0
8938-12705,381,391,285.0,7.5,292.0,4.0,7.0
8939-12701,389,87,278.0,4.5,266.0,1.5,12.0
8939-1902,84,93,205.0,12.0,198.0,5.0,7.0
8939-12702,348,138,285.0,0.5,275.0,2.5,10.0
8939-3701,189,143,9.0,11.0,354.0,4.999999999999998,15.0
8939-3703,159,190,354.0,23.500000000000007,335.0,4.0,19.0
8939-3704,169,156,262.0,89.5,293.0,0.5,31.0
8939-6103,190,0,307.0,54.0,,,
8939-3702,192,190,235.0,2.5,238.0,0.5,3.0
8939-6101,206,127,17.0,6.0,18.0,3.0,1.0
8938-12702,669,667,128.0,1.5,127.0,0.5,1.0
8940-1901,99,0,120.0,5.5,,,
8939-9102,378,7,112.0,3.0,,,
8940-3702,204,19,301.0,11.5,,,
8940-1902,107,107,89.0,4.0,91.0,0.5,2.0
8939-6102,275,315,100.0,27.0,120.0,5.5,20.0
8940-12703,232,210,109.0,4.0,105.0,5.0,4.0
8939-12703,685,386,268.0,1.5,266.0,2.0,2.0
8940-6101,111,134,356.0,8.000000000000007,347.0,7.5,9.0
8940-12705,231,247,66.0,3.0,71.0,2.5,5.0
8940-3704,169,178,357.0,39.50000000000001,13.0,10.0,16.0
8940-6103,303,1,201.0,18.5,,,
8940-3703,209,207,194.0,1.5,195.0,1.0,1.0
8940-12704,546,0,101.0,27.0,,,
8941-1902,103,6,218.0,3.0,,,
8940-9102,481,9,246.0,5.0,,,
8941-3701,197,107,152.0,4.0,46.0,26.0,106.0
8940-6104,331,333,149.0,1.5,154.0,0.5,5.0
8940-9101,355,370,200.0,1.0,200.0,0.5,0.0
8941-3702,174,200,86.0,22.0,100.0,3.0,14.0
8941-12703,290,378,125.0,13.5,136.0,2.5,11.0
8941-3704,170,54,273.0,5.0,287.0,21.0,14.0
8941-3703,173,127,209.0,11.5,203.0,7.0,6.0
8941-12704,372,370,17.0,25.000000000000007,3.0,4.000000000000008,14.0
8941-12702,375,402,273.0,8.5,282.0,3.0,9.0
8941-6101,164,216,89.0,9.0,93.0,1.5,4.0
8941-12701,521,464,65.0,4.0,57.0,5.0,8.0
8941-6102,172,172,264.0,5.5,262.0,0.5,2.0
8941-9101,298,14,69.0,15.0,,,
8941-6103,257,230,34.0,14.0,29.0,4.0,5.0
8942-1901,90,60,120.0,3.5,122.0,3.0,2.0
8942-3702,150,7,46.0,6.0,,,
9185-1902,99,105,167.0,3.5,166.0,2.0,1.0
9185-3703,193,38,144.0,5.5,,,
9185-6101,237,8,122.0,2.0,,,
9185-12704,335,0,115.0,36.0,,,
9185-12703,460,12,146.0,2.0,,,
9185-6103,258,0,251.0,3.5,,,
9185-6102,126,170,335.0,21.5,348.0,4.0,13.0
9184-12701,663,601,48.0,1.5,47.0,0.5,1.0
9186-1902,99,2,177.0,4.999999999999999,,,
9186-1901,72,89,85.0,11.5,55.0,17.0,30.0
9184-9102,468,469,98.0,6.5,97.0,3.0,1.0
9186-12704,397,15,289.0,5.5,,,
9185-6104,260,266,76.0,9.0,71.0,2.5,5.0
9185-9102,441,71,159.0,3.5,158.0,2.5,1.0
9186-3704,169,42,285.0,6.5,,,
9186-12703,261,200,306.0,8.5,309.0,8.0,3.0
9186-12701,274,252,239.0,4.0,240.0,2.0,1.0
9186-3703,195,138,181.0,5.000000000000002,187.0,4.0,6.0
9186-6104,154,60,243.0,5.0,271.0,4.5,28.0
9187-12701,167,55,124.0,89.5,56.0,1.0,68.0
9185-9101,378,416,204.0,0.5,160.0,0.5,44.0
9187-1901,93,23,188.0,2.0,,,
9187-1902,88,0,127.0,89.5,,,
9185-12701,665,657,276.0,3.5,280.0,1.5,4.0
9186-9102,332,58,58.0,3.0,51.0,0.5,7.0
9186-6101,329,329,241.0,1.0,241.0,0.5,0.0
9186-6102,315,315,72.0,4.0,72.0,1.5,0.0
9187-3704,122,123,345.0,57.00000000000001,335.0,5.5,10.0
9187-3702,138,171,44.0,3.0,39.0,1.5,5.0
9187-3701,181,181,218.0,7.5,219.0,5.0,1.0
9187-6104,179,128,69.0,4.0,54.0,5.5,15.0
9186-9101,470,450,241.0,1.0,243.0,0.5,2.0
9186-12705,655,646,15.0,2.5,16.0,0.5,1.0
9187-12703,497,401,289.0,6.0,292.0,2.5,3.0
9187-6101,311,266,72.0,8.0,89.0,1.0,17.0
9188-1902,79,0,345.0,14.500000000000002,,,
9187-12705,491,444,249.0,12.5,237.0,1.5,12.0
9188-12701,222,260,242.0,27.5,242.0,8.0,0.0
9188-3702,183,2,269.0,12.5,,,
9187-9102,269,427,227.0,72.5,7.0,26.500000000000004,140.0
9187-12702,648,660,182.0,9.0,172.0,0.5,10.0
9188-3701,188,187,64.0,21.0,52.0,6.5,12.0
9188-3704,183,64,286.0,3.0,290.0,4.0,4.0
9188-3703,162,121,299.0,18.0,359.0,52.00000000000001,60.0
9188-6101,228,22,324.0,8.5,,,
9187-12704,670,668,103.0,2.0,105.0,1.5,2.0
9187-9101,470,469,110.0,1.5,107.0,1.0,3.0
9188-12705,448,336,23.0,5.5,16.0,3.0,7.0
9189-1901,86,1,269.0,8.5,,,
9188-6104,277,112,352.0,2.5,355.0,5.5,3.0
9189-12701,172,122,58.0,9.0,89.0,1.0,31.0
9189-1902,87,21,178.0,27.500000000000004,,,
9188-6102,266,272,96.0,1.5,97.0,1.0,1.0
9188-6103,300,293,7.0,2.0,6.0,1.0,1.0
9189-3703,147,0,194.0,89.5,,,
9188-12702,602,592,345.0,5.0,335.0,2.0,10.0
9189-3701,185,1,354.0,3.0,,,
9188-12704,578,565,204.0,3.5,205.0,1.0,1.0
9189-6101,119,7,229.0,37.0,,,
9189-6103,143,0,126.0,89.5,,,
9188-9101,348,390,108.0,4.5,110.0,1.5,2.0
9188-12703,666,666,85.0,2.0,85.0,0.5,0.0
9189-3704,94,179,217.0,14.0,214.0,2.0,3.0
9188-9102,376,402,250.0,2.5,247.0,1.0,3.0
9189-6104,134,105,79.0,7.5,75.0,4.5,4.0
9190-1902,90,0,204.0,89.5,,,
9190-3701,153,11,273.0,0.5,,,
9190-1901,100,100,314.0,9.5,309.0,4.0,5.0
9190-3702,108,153,248.0,10.5,245.0,2.0,3.0
9190-12705,183,196,45.0,9.5,44.0,3.5,1.0
9190-3704,126,158,255.0,19.5,259.0,7.0,4.0
9190-6103,127,60,72.0,89.5,40.0,16.0,32.0
9190-3703,124,188,263.0,27.0,242.0,7.0,21.0
9190-6104,155,0,40.0,11.0,,,
9190-6101,301,158,24.0,39.5,143.0,15.5,119.0
9190-12704,378,456,169.0,11.0,164.0,2.0,5.0
9190-12701,421,462,214.0,18.5,218.0,2.5,4.0
9189-12705,670,651,238.0,10.0,240.0,6.0,2.0
9189-9101,482,481,310.0,2.0,313.0,1.0,3.0
9190-9101,273,201,27.0,2.5,31.0,1.5,4.0
9189-12704,698,696,133.0,1.0,130.0,0.5,3.0
9190-9102,325,177,70.0,7.0,74.0,4.0,4.0
9191-3704,180,29,240.0,10.5,,,
9191-3701,158,159,18.0,5.0,25.0,1.5,7.0
9191-6104,310,2,188.0,6.5,,,
9191-12704,635,48,181.0,86.5,,,
9192-12705,228,7,334.0,9.5,,,
9192-1901,92,82,59.0,5.5,57.0,3.0,2.0
9192-3702,72,0,280.0,22.5,,,
9190-12703,690,690,129.0,1.0,130.0,0.5,1.0
9191-6102,265,238,305.0,2.0,306.0,1.0,1.0
9192-3701,184,7,178.0,2.999999999999998,,,
9192-1902,104,104,250.0,7.0,250.0,2.0,0.0
9191-6101,291,265,44.0,4.5,41.0,3.0,3.0
9192-3703,128,121,202.0,36.0,1.0,4.000000000000008,159.0
9191-9101,297,349,133.0,3.5,136.0,1.0,3.0
9192-3704,168,125,236.0,89.5,191.0,4.5,45.0
9192-6103,320,3,330.0,89.5,,,
9191-12702,624,623,213.0,2.0,215.0,1.5,2.0
9192-9101,210,128,327.0,89.5,254.0,27.5,73.0
8942-3701,211,47,102.0,1.0,,,
8941-6104,261,255,63.0,16.5,61.0,4.5,2.0
8942-3704,80,172,3.0,8.500000000000005,1.0,2.5000000000000004,2.0
8942-12701,477,92,194.0,3.5,182.0,2.0,12.0
8941-12705,690,680,36.0,7.5,31.0,3.0,5.0
8942-3703,194,199,171.0,24.999999999999996,200.0,28.0,29.0
8942-6101,331,54,35.0,14.5,41.0,11.5,6.0
8941-9102,489,464,77.0,2.5,79.0,1.0,2.0
8942-6103,221,312,225.0,12.0,227.0,2.5,2.0
8942-6102,291,297,46.0,9.0,44.0,3.0,2.0
8942-12705,528,477,309.0,15.0,289.0,4.5,20.0
8943-1901,85,87,67.0,3.5,66.0,0.5,1.0
8943-1902,99,46,239.0,8.0,,,
8942-9102,320,269,334.0,10.0,337.0,4.0,3.0
8942-6104,338,281,137.0,3.0,136.0,2.0,1.0
8943-12705,277,0,162.0,1.5,,,
8942-9101,284,335,188.0,8.0,187.0,2.0,1.0
8943-3703,158,27,203.0,4.0,,,
8943-6104,210,0,287.0,31.5,,,
8943-6101,304,10,106.0,10.0,,,
8942-12702,702,702,262.0,1.0,263.0,1.0,1.0
8943-3702,188,169,253.0,2.0,250.0,1.0,3.0
8943-6102,238,142,143.0,6.5,127.0,1.0,16.0
8943-6103,210,200,305.0,32.5,332.0,4.0,27.0
8944-12701,123,13,352.0,10.000000000000005,,,
8943-12701,430,426,55.0,2.0,55.0,1.0,0.0
8944-1902,79,14,6.0,11.500000000000005,,,
8943-9102,254,36,80.0,2.5,,,
8943-12703,477,444,172.0,7.499999999999998,173.0,2.5,1.0
8944-1901,97,97,321.0,45.5,316.0,10.5,5.0
8943-12702,517,539,93.0,7.5,90.0,3.0,3.0
8943-9101,301,303,51.0,5.0,38.0,0.5,13.0
8944-3701,114,156,159.0,16.5,155.0,4.0,4.0
8944-12702,295,234,199.0,5.0,200.0,1.5,1.0
8944-6101,130,179,171.0,22.0,180.0,2.499999999999999,9.0
8944-6103,207,196,341.0,4.5,338.0,2.0,3.0
8944-12705,336,306,113.0,3.5,111.0,0.5,2.0
8944-6104,205,264,277.0,89.5,246.0,5.5,31.0
8945-1902,102,4,122.0,2.0,,,
8945-1901,97,82,173.0,7.499999999999998,160.0,4.0,13.0
8945-12704,191,179,87.0,43.0,70.0,9.0,17.0
8944-9101,346,306,252.0,20.0,272.0,5.5,20.0
8945-3701,194,2,95.0,3.0,,,
8945-3703,160,101,119.0,4.0,124.0,2.0,5.0
8945-12703,291,264,329.0,0.5,341.0,0.5,12.0
8944-12703,689,665,249.0,6.0,241.0,3.0,8.0
8944-12704,692,683,214.0,1.0,214.0,0.5,0.0
8945-6102,291,64,260.0,1.5,262.0,4.0,2.0
8944-9102,460,475,348.0,15.999999999999996,1.0,4.5,13.0
8945-9101,155,197,307.0,6.0,315.0,1.5,8.0
8945-6101,304,246,148.0,4.0,147.0,1.5,1.0
8946-12703,181,30,341.0,8.5,,,
8945-6104,340,120,209.0,8.5,207.0,2.5,2.0
8945-6103,336,257,359.0,2.499999999999998,359.0,0.5,0.0
8946-1902,101,48,356.0,3.0,,,
8946-12704,158,138,112.0,26.5,75.0,9.0,37.0
8946-1901,94,64,83.0,4.5,142.0,5.5,59.0
8946-12705,235,28,340.0,8.0,,,
8946-3702,92,95,248.0,28.5,213.0,3.5,35.0
8946-3701,192,115,186.0,20.000000000000007,156.0,16.5,30.0
8946-6104,153,10,58.0,43.5,,,
8946-3704,178,177,230.0,3.0,226.0,1.5,4.0
8946-12701,675,4,85.0,5.5,,,
8945-12705,683,676,18.0,3.5,17.0,2.0,1.0
8945-12702,681,667,293.0,3.5,291.0,1.5,2.0
8947-3704,127,25,102.0,6.0,,,
8946-6101,253,239,249.0,4.5,253.0,2.5,4.0
8947-3702,184,19,186.0,1.5,,,
8946-6103,176,270,176.0,18.000000000000004,188.0,3.5,12.0
8947-1901,97,97,125.0,5.5,114.0,4.0,11.0
8946-6102,307,189,192.0,2.0,12.0,1.5,180.0
8947-6102,161,8,287.0,89.5,,,
8947-6101,211,2,351.0,30.500000000000004,,,
8947-6103,182,202,219.0,5.0,221.0,1.5,2.0
8946-9101,401,397,11.0,5.5,13.0,2.0,2.0
8948-1901,103,103,336.0,3.0,348.0,3.5,12.0
8947-12702,519,254,101.0,89.5,130.0,20.5,29.0
8947-12701,450,405,281.0,0.5,280.0,0.5,1.0
8948-3704,175,40,37.0,3.5,,,
8948-3703,111,117,174.0,15.500000000000004,157.0,8.5,17.0
8948-3701,146,174,346.0,30.000000000000007,342.0,4.5,4.0
8948-6102,270,0,93.0,89.5,,,
8947-9102,477,476,335.0,2.5,334.0,1.5,1.0
8947-9101,476,473,155.0,5.0,154.0,2.5,1.0
8948-6104,279,0,157.0,89.5,,,
8948-6103,216,237,262.0,13.0,310.0,0.5,48.0
8948-6101,319,259,202.0,4.0,198.0,3.0,4.0
8948-12704,484,480,168.0,9.0,162.0,4.0,6.0
8947-12704,659,644,119.0,6.0,112.0,3.5,7.0
8949-12704,190,0,1.0,21.0,,,
8949-12705,218,0,185.0,13.999999999999998,,,
8949-1902,98,1,261.0,3.5,,,
8949-3701,174,0,164.0,15.0,,,
8949-12701,364,52,326.0,9.5,19.0,24.0,53.0
8949-3703,167,0,274.0,32.5,,,
8949-3704,180,0,248.0,89.5,,,
8949-3702,198,0,220.0,6.0,,,
8948-12701,602,615,258.0,2.5,261.0,1.0,3.0
8949-6104,154,0,333.0,30.0,,,
8949-6103,264,0,272.0,21.0,,,
9193-1901,81,26,237.0,7.5,,,
9191-12703,646,616,188.0,1.5,190.0,0.5,2.0
9193-12703,130,94,353.0,12.999999999999996,348.0,6.5,5.0
9192-6101,304,310,99.0,5.0,95.0,2.5,4.0
9193-3702,184,3,101.0,5.0,,,
9192-6104,311,301,192.0,6.5,195.0,2.5,3.0
9192-6102,331,301,139.0,1.5,140.0,0.5,1.0
9193-3703,191,23,255.0,1.5,,,
9192-12703,623,596,277.0,1.0,278.0,1.0,1.0
9193-3701,176,180,43.0,9.5,44.0,4.0,1.0
9193-6103,276,12,189.0,3.0,,,
9192-12701,572,580,329.0,1.5,325.0,0.5,4.0
9193-6101,302,60,272.0,8.0,4.0,32.50000000000001,92.0
9192-9102,469,389,0.0,0.9999999999999978,3.0,0.5,3.0
9193-6104,188,191,302.0,19.5,312.0,3.5,10.0
9194-1902,92,0,322.0,12.0,,,
9193-12705,590,166,30.0,2.0,27.0,0.5,3.0
9193-9102,178,217,49.0,10.5,53.0,3.0,4.0
9193-12702,485,583,256.0,22.5,271.0,8.0,15.0
9194-6102,239,73,357.0,16.5,330.0,1.5,27.0
9194-12705,215,216,80.0,7.5,96.0,1.0,16.0
9194-9102,183,6,174.0,79.5,,,
9194-12704,264,265,94.0,6.5,91.0,3.0,3.0
9194-9101,203,125,124.0,0.5,160.0,11.0,36.0
9194-6103,317,75,100.0,3.5,110.0,1.5,10.0
9194-6104,175,270,267.0,13.5,263.0,3.0,4.0
9195-3701,191,1,52.0,89.5,,,
9193-9101,479,396,203.0,2.0,202.0,0.5,1.0
9195-3702,192,110,64.0,4.0,93.0,1.5,29.0
9194-12702,513,521,294.0,42.0,279.0,2.0,15.0
9195-12701,321,357,211.0,26.5,209.0,4.0,2.0
9195-6101,220,7,308.0,7.5,,,
9195-3703,194,170,345.0,9.5,348.0,5.5,3.0
9194-12701,432,656,36.0,0.5,345.0,1.5,51.0
9195-12702,355,340,16.0,2.0,18.0,0.5,2.0
9195-3704,189,189,93.0,7.0,91.0,2.0,2.0
9195-12705,365,277,197.0,1.5,218.0,2.0,21.0
9196-12702,166,34,27.0,0.5,,,
9195-12703,364,372,170.0,31.999999999999996,171.0,2.0,1.0
9196-1901,93,67,249.0,3.0,47.0,10.0,158.0
9196-3701,175,2,290.0,4.5,,,
9196-1902,98,98,205.0,6.0,198.0,5.0,7.0
9196-12705,287,0,35.0,13.5,,,
9194-12703,670,661,327.0,1.5,328.0,0.5,1.0
9196-3702,180,149,194.0,4.0,192.0,1.0,2.0
9195-6104,334,338,352.0,3.0,352.0,1.5,0.0
9196-3703,181,170,273.0,2.5,269.0,1.0,4.0
9196-6102,266,27,325.0,2.0,,,
9196-12704,305,215,151.0,1.5,152.0,1.0,1.0
9484-1901,91,54,6.0,3.5,331.0,5.5,35.0
9196-6101,251,241,303.0,2.5,305.0,1.0,2.0
9484-1902,98,97,82.0,89.5,91.0,20.0,9.0
9195-12704,686,668,133.0,4.5,121.0,2.5,12.0
9196-6103,315,315,160.0,1.5,160.0,1.5,0.0
9196-12703,473,459,236.0,2.5,238.0,1.0,2.0
9484-3704,191,0,120.0,89.5,,,
9196-9102,410,290,92.0,4.5,99.0,2.5,7.0
9484-12704,293,253,354.0,2.0,353.0,1.0,1.0
9484-3701,197,183,29.0,5.0,28.0,4.0,1.0
9196-9101,377,382,118.0,2.5,118.0,1.0,0.0
9484-3702,191,178,336.0,2.0,332.0,1.5,4.0
9484-6104,234,3,46.0,23.5,,,
9196-12701,654,616,59.0,1.5,53.0,0.5,6.0
9485-1902,91,8,78.0,2.0,,,
9484-6102,187,291,185.0,5.0000000000000036,180.0,2.5000000000000053,5.0
9485-3701,94,100,293.0,3.5,276.0,2.5,17.0
9484-12701,479,480,23.0,16.0,20.0,8.5,3.0
9485-3702,105,106,227.0,10.5,225.0,2.5,2.0
9484-6103,315,315,169.0,3.5,171.0,2.0,2.0
9485-6103,158,2,30.0,2.5,,,
9485-3703,167,160,232.0,13.5,224.0,2.5,8.0
9484-9102,369,345,41.0,14.5,35.0,4.0,6.0
9484-12703,677,671,69.0,2.5,66.0,1.5,3.0
9485-9101,437,18,71.0,7.0,,,
9485-6101,313,169,123.0,1.0,123.0,0.5,0.0
9484-9101,480,480,236.0,1.0,236.0,0.5,0.0
9485-6104,321,288,207.0,3.0,202.0,1.5,5.0
9485-12701,683,210,62.0,2.0,58.0,2.5,4.0
9486-1902,97,2,181.0,8.000000000000004,,,
9486-1901,98,61,278.0,34.5,285.0,14.0,7.0
9486-12703,163,193,95.0,89.5,79.0,8.5,16.0
9485-9102,384,336,243.0,13.0,233.0,6.0,10.0
9486-3703,137,73,127.0,9.0,115.0,11.0,12.0
9486-12705,320,91,192.0,36.50000000000001,289.0,89.5,97.0
9486-3704,189,67,26.0,5.0,15.0,10.5,11.0
9486-3701,188,155,94.0,89.5,44.0,9.5,50.0
9486-3702,157,177,166.0,9.0,165.0,4.5,1.0
9485-12703,658,644,132.0,3.0,134.0,1.5,2.0
9485-12705,670,670,327.0,1.0,327.0,0.5,0.0
9486-6101,326,5,86.0,8.0,,,
9486-12704,346,386,213.0,16.0,218.0,2.5,5.0
9487-1901,100,5,142.0,2.5,,,
9487-1902,101,0,262.0,3.0,,,
9486-9102,152,208,71.0,10.0,66.0,2.5,5.0
9486-6102,318,162,292.0,3.0,294.0,2.5,2.0
9487-3701,183,4,221.0,3.5,,,
9486-12701,673,653,28.0,1.5,26.0,0.5,2.0
9487-3702,196,100,259.0,8.0,250.0,6.0,9.0
9487-3703,98,168,75.0,7.0,85.0,2.5,10.0
9486-12702,686,682,348.0,2.5,349.0,1.5,1.0
8949-6102,329,4,75.0,6.0,,,
8950-12702,201,0,181.0,30.5,,,
8950-12701,178,69,260.0,11.5,264.0,4.5,4.0
8949-9102,284,1,285.0,8.5,,,
8950-1902,97,11,39.0,4.0,,,
8948-9101,437,440,245.0,84.5,219.0,13.5,26.0
8950-1901,86,90,225.0,5.5,224.0,0.5,1.0
8950-3701,144,0,41.0,44.5,,,
8950-3704,119,0,178.0,43.50000000000001,,,
8950-3702,173,0,205.0,6.5,,,
8950-3703,188,0,15.0,5.5,,,
8950-6101,173,0,40.0,43.5,,,
8950-6103,324,9,193.0,1.5,,,
8950-6104,310,2,33.0,4.0,,,
8951-12703,196,3,309.0,31.0,,,
8949-12703,531,505,88.0,8.5,101.0,5.0,13.0
8950-9101,200,102,202.0,6.5,214.0,5.0,12.0
8950-12704,674,6,198.0,1.5,,,
8950-12703,686,19,6.0,1.5,,,
8951-1902,94,2,228.0,10.5,,,
8951-3704,126,0,219.0,13.5,,,
8951-3702,171,0,175.0,14.000000000000004,,,
8951-3703,193,2,310.0,5.5,,,
8950-9102,476,1,223.0,1.5,,,
8951-6103,157,0,4.0,11.500000000000002,,,
8951-6102,256,0,101.0,2.5,,,
8951-6101,316,0,149.0,2.0,,,
8951-6104,285,0,11.0,12.5,,,
8951-12702,586,20,358.0,1.0,,,
8951-12701,372,264,77.0,1.5,74.0,1.0,3.0
8952-1901,97,21,150.0,3.0,,,
8952-1902,86,1,160.0,9.0,,,
8952-3701,185,39,267.0,2.0,,,
8951-9102,447,1,173.0,1.5,,,
8952-3704,171,54,64.0,8.0,105.0,8.5,41.0
8952-3702,154,137,152.0,4.0,154.0,2.5,2.0
8952-6101,203,4,342.0,8.0,,,
8952-3703,197,197,160.0,2.5,163.0,1.0,3.0
8952-12704,666,15,73.0,44.5,,,
8952-12705,389,349,95.0,2.5,97.0,0.5,2.0
8952-12702,509,345,221.0,0.5,252.0,0.5,31.0
8977-1901,77,51,188.0,84.0,269.0,0.5,81.0
8952-12701,612,423,338.0,1.0,338.0,1.0,0.0
8952-6103,326,314,174.0,3.5,168.0,2.0,6.0
8977-1902,85,2,51.0,5.0,,,
8952-9101,469,125,155.0,3.5,159.0,2.5,4.0
8977-3702,144,3,224.0,3.0,,,
8977-12703,338,267,351.0,1.5,353.0,1.0,2.0
8952-12703,608,609,344.0,1.5,344.0,1.0,0.0
8977-3704,185,182,119.0,25.0,187.0,13.000000000000002,68.0
8977-6101,219,99,99.0,5.5,103.0,6.5,4.0
8977-12704,279,439,168.0,10.5,224.0,9.0,56.0
8952-9102,495,495,320.0,1.5,320.0,0.5,0.0
8978-1902,93,34,88.0,3.0,,,
8977-6102,312,312,189.0,3.5,189.0,1.5,0.0
8978-12702,290,282,304.0,0.5,310.0,1.0,6.0
8977-9101,415,261,168.0,1.0,168.0,1.0,0.0
8977-12705,574,475,131.0,89.5,310.0,12.0,179.0
8977-12702,639,672,130.0,9.0,125.0,3.5,5.0
8978-3702,174,22,291.0,17.5,,,
8977-9102,345,358,185.0,4.0,189.0,1.5,4.0
8978-3701,193,192,160.0,2.5,165.0,1.5,5.0
8978-3703,192,39,110.0,3.0,,,
8979-12702,268,0,194.0,89.5,,,
8978-6102,257,170,276.0,4.0,278.0,3.0,2.0
8978-12705,538,483,260.0,1.5,261.0,0.5,1.0
8978-12703,576,514,214.0,11.5,210.0,3.5,4.0
8978-12704,541,538,188.0,1.0,188.0,0.5,0.0
8979-3701,109,77,163.0,46.5,186.0,7.0,23.0
8978-6103,318,317,312.0,2.5,311.0,1.5,1.0
8978-9102,361,241,39.0,3.0,40.0,1.0,1.0
8979-12703,319,432,44.0,8.5,47.0,3.0,3.0
8979-6103,174,110,194.0,3.5,189.0,1.5,5.0
8979-3702,187,187,7.0,1.5,7.0,1.0,0.0
8979-3704,177,152,216.0,7.5,222.0,2.5,6.0
8978-9101,466,461,84.0,2.5,84.0,1.5,0.0
8979-12705,426,235,94.0,2.5,94.0,1.5,0.0
8979-6101,267,266,163.0,3.5,165.0,3.0,2.0
8980-12702,261,2,79.0,89.5,,,
8980-1901,98,71,65.0,2.5,73.0,2.0,8.0
8979-12701,560,609,238.0,2.0,240.0,0.5,2.0
8979-6102,323,323,131.0,2.5,131.0,1.5,0.0
8979-6104,314,314,229.0,2.5,231.0,1.5,2.0
8980-1902,93,51,179.0,4.500000000000006,5.0,3.000000000000008,174.0
8980-3701,187,35,154.0,38.0,,,
8980-6102,257,8,160.0,3.5,,,
8980-3704,164,167,351.0,12.0,9.0,6.5,18.0
8981-12701,197,1,291.0,42.5,,,
8980-6103,318,1,288.0,2.0,,,
8980-12703,652,107,66.0,14.5,32.0,5.0,34.0
8981-1902,91,64,289.0,11.5,93.0,11.5,164.0
8979-9101,473,460,28.0,1.0,29.0,1.0,1.0
8981-3701,174,22,85.0,4.0,,,
8980-6104,319,311,62.0,1.5,62.0,0.5,0.0
8980-9101,347,345,76.0,1.5,76.0,1.0,0.0
8981-12702,298,253,217.0,22.0,225.0,4.0,8.0
8981-3702,197,197,304.0,4.0,313.0,3.0,9.0
8980-12705,548,560,41.0,16.5,38.0,2.5,3.0
8981-12704,302,277,122.0,28.0,110.0,13.5,12.0
8980-12704,586,556,84.0,9.0,79.0,3.0,5.0
9486-9101,454,255,123.0,5.0,138.0,2.0,15.0
9487-3704,183,190,87.0,14.5,87.0,3.5,0.0
9487-12703,392,291,258.0,4.5,257.0,2.0,1.0
9487-12705,685,17,195.0,18.0,,,
9487-6103,185,278,203.0,46.00000000000001,191.0,3.5,12.0
9487-6102,284,302,195.0,12.0,192.0,3.5,3.0
9487-6104,253,279,336.0,5.5,334.0,2.5,2.0
9488-1901,95,84,339.0,8.0,106.0,11.0,127.0
9487-12704,545,518,211.0,15.0,223.0,5.5,12.0
9488-12704,260,232,301.0,12.5,300.0,4.0,1.0
9488-3704,132,14,238.0,34.0,,,
9488-3702,166,107,352.0,4.0,354.0,2.5,2.0
9488-3703,109,90,340.0,10.0,338.0,4.5,2.0
9488-6102,253,42,182.0,20.500000000000007,,,
9487-9101,468,344,175.0,1.5,173.0,1.0,2.0
9487-12701,685,685,113.0,2.0,111.0,1.0,2.0
9487-9102,497,374,149.0,4.5,161.0,4.0,12.0
9488-12701,380,510,271.0,2.5,273.0,1.0,2.0
9488-6104,302,0,22.0,21.5,,,
9488-12703,382,470,189.0,25.000000000000004,179.0,1.4999999999999978,10.0
9488-6103,281,113,318.0,3.5,310.0,4.0,8.0
9489-1901,97,0,196.0,15.000000000000005,,,
9488-9101,268,245,322.0,12.5,318.0,5.5,4.0
9489-3702,195,17,89.0,9.5,,,
9489-3701,119,113,269.0,3.0,87.0,5.5,178.0
9488-12702,604,584,94.0,8.5,110.0,1.0,16.0
9488-12705,582,512,92.0,6.5,100.0,4.5,8.0
9489-12702,406,123,232.0,21.0,202.0,0.5,30.0
9489-12701,628,0,88.0,89.5,,,
9489-3703,193,193,267.0,89.5,280.0,7.0,13.0
9489-6103,307,0,51.0,5.5,,,
9489-6102,170,155,78.0,5.0,77.0,2.0,1.0
9490-1901,72,21,82.0,4.5,,,
9489-12704,418,360,154.0,3.0,151.0,2.5,3.0
9488-9102,474,474,275.0,15.0,259.0,7.0,16.0
9489-12703,385,478,1.0,8.000000000000004,358.0,1.0000000000000036,3.0
9490-1902,79,0,352.0,7.999999999999997,,,
9490-12701,230,226,294.0,4.0,351.0,1.5,57.0
9489-9102,485,72,287.0,19.5,85.0,12.0,158.0
9490-12703,221,217,56.0,11.0,64.0,2.5,8.0
9490-3701,180,75,37.0,4.0,31.0,4.5,6.0
9489-6104,331,330,82.0,3.0,82.0,1.5,0.0
9490-3702,177,114,31.0,11.0,43.0,8.0,12.0
9490-3704,168,125,65.0,8.5,46.0,5.0,19.0
9490-12704,284,302,7.0,12.999999999999998,15.0,3.5,8.0
9490-9101,181,1,128.0,26.0,,,
9490-9102,199,4,91.0,89.5,,,
9490-6103,293,12,309.0,37.50000000000001,,,
9489-12705,633,614,111.0,7.5,103.0,1.0,8.0
9491-1901,95,6,264.0,5.0,,,
9490-12702,488,417,252.0,22.5,261.0,10.0,9.0
9490-6104,200,201,114.0,15.5,96.0,5.5,18.0
9491-12705,189,2,6.0,12.499999999999998,,,
9491-1902,96,96,0.0,3.499999999999999,356.0,1.5,4.0
9490-6101,320,320,183.0,2.0,186.0,1.0,3.0
9490-6102,313,295,194.0,2.0,194.0,0.5,0.0
9490-12705,684,97,303.0,1.5,281.0,3.0,22.0
9491-12703,207,200,268.0,7.5,260.0,1.0,8.0
9491-6102,127,45,279.0,13.5,,,
9491-6104,58,5,270.0,8.0,,,
9491-3702,129,125,33.0,9.0,39.0,4.5,6.0
9491-3703,189,79,264.0,2.0,270.0,2.0,6.0
9491-3704,191,140,347.0,1.5,322.0,2.0,25.0
9492-1901,85,0,294.0,5.0,,,
9491-6103,83,217,333.0,38.5,294.0,6.5,39.0
9492-12702,168,138,345.0,1.0,0.0,3.000000000000004,15.0
9492-3701,163,0,178.0,5.000000000000007,,,
9491-9101,199,191,161.0,9.5,153.0,3.5,8.0
9492-3702,147,42,300.0,2.5,,,
9491-12704,407,336,257.0,5.5,251.0,2.5,6.0
9492-3703,190,34,199.0,7.0,,,
9491-6101,298,322,109.0,2.0,112.0,1.0,3.0
9491-12701,576,347,114.0,0.5,110.0,0.5,4.0
9492-3704,152,0,5.0,3.5,,,
9492-6104,201,13,23.0,3.0,,,
9492-12703,380,393,77.0,7.5,80.0,1.0,3.0
9493-1901,76,1,157.0,6.5,,,
9492-6103,275,213,166.0,5.0,168.0,3.5,2.0
9492-6101,325,316,352.0,4.5,358.0,3.4999999999999982,6.0
9492-6102,325,319,242.0,4.5,243.0,1.0,1.0
9493-3701,191,39,295.0,18.0,,,
9493-12704,302,295,177.0,8.999999999999996,182.0,3.0000000000000004,5.0
9493-12703,662,9,257.0,9.5,,,
9493-3702,122,179,90.0,9.0,78.0,5.0,12.0
9492-12701,576,613,235.0,2.5,241.0,1.0,6.0
9492-12705,642,572,352.0,1.0,355.0,0.5,3.0
9492-9102,480,428,38.0,89.5,37.0,21.0,1.0
9493-6104,167,136,119.0,14.0,128.0,4.5,9.0
9493-12705,457,295,232.0,14.5,187.0,13.000000000000004,45.0
9493-6102,192,235,272.0,3.5,271.0,0.5,1.0
9492-12704,682,665,349.0,1.0,348.0,0.5,1.0
9493-9101,187,181,102.0,13.5,108.0,5.5,6.0
9493-6101,306,285,152.0,2.0,153.0,0.5,1.0
9494-1902,100,38,330.0,6.5,,,
9493-12701,578,579,281.0,4.5,284.0,2.0,3.0
9493-6103,310,293,92.0,3.0,100.0,2.0,8.0
9494-1901,97,84,200.0,3.5,203.0,1.0,3.0
9494-12701,253,259,181.0,42.0,153.0,10.0,28.0
9494-3701,185,138,220.0,2.0,112.0,4.5,108.0
9494-12703,273,271,255.0,20.5,241.0,4.0,14.0
9494-3704,175,179,225.0,9.5,229.0,4.0,4.0
9493-9102,410,259,83.0,4.0,84.0,2.0,1.0
9494-6101,311,3,286.0,26.0,,,
9495-1902,86,99,58.0,89.5,54.0,12.5,4.0
9494-12705,331,308,161.0,14.5,183.0,6.000000000000002,22.0
9494-12702,319,394,353.0,34.0,340.0,6.5,13.0
9495-3701,183,53,76.0,9.5,80.0,11.5,4.0
9495-3704,146,109,111.0,20.5,96.0,10.5,15.0
9495-3703,169,128,83.0,4.5,80.0,2.5,3.0
9494-12704,452,485,205.0,2.0,200.0,1.0,5.0
9495-6101,290,85,358.0,8.000000000000007,160.0,10.0,162.0
9495-6103,178,242,148.0,10.0,137.0,2.5,11.0
9495-6104,326,7,194.0,2.5,,,
9495-12705,435,280,134.0,7.5,136.0,4.0,2.0
9496-1902,58,20,117.0,5.0,,,
9496-1901,104,105,90.0,23.0,78.0,6.0,12.0
9495-6102,313,309,111.0,3.5,109.0,2.0,2.0
9495-12703,454,461,318.0,21.5,295.0,3.5,23.0
9496-12702,223,179,334.0,5.0,333.0,3.0,1.0
9494-9102,485,485,149.0,4.0,146.0,2.0,3.0
9496-3703,108,57,111.0,12.5,109.0,9.0,2.0
9495-9102,271,305,289.0,22.5,330.0,2.5,41.0
9497-1902,82,2,261.0,5.0,,,
9496-3701,179,174,286.0,9.5,105.0,1.0,179.0
9496-3702,199,170,42.0,42.0,60.0,22.5,18.0
9496-12705,356,223,219.0,5.0,215.0,3.5,4.0
9496-12703,414,238,72.0,0.5,71.0,0.5,1.0
9497-3704,113,3,335.0,3.0,,,
9496-12701,444,404,342.0,2.5,342.0,1.0,0.0
9496-6102,259,246,348.0,11.5,336.0,4.0,12.0
9497-6103,197,0,344.0,19.500000000000007,,,
9497-3703,136,147,147.0,4.0,139.0,1.5,8.0
9497-12701,299,219,310.0,2.5,312.0,1.0,2.0
9496-6104,284,272,34.0,6.0,32.0,2.5,2.0
9497-3702,186,135,312.0,11.5,89.0,7.0,137.0
9497-6102,320,18,269.0,2.0,,,
9498-1901,92,5,29.0,7.0,,,
9496-9102,353,335,179.0,1.999999999999998,179.0,1.0000000000000036,0.0
9496-9101,373,379,143.0,1.5,144.0,0.5,1.0
9498-1902,87,92,123.0,7.0,117.0,3.5,6.0
9497-9101,127,277,356.0,11.000000000000007,348.0,3.0,8.0
9497-9102,261,144,75.0,2.0,81.0,6.5,6.0
9498-12703,206,166,114.0,3.0,115.0,1.0,1.0
9498-3704,186,0,287.0,8.0,,,
9498-3701,187,92,182.0,3.5000000000000004,182.0,2.000000000000006,0.0
9498-3702,123,112,59.0,3.5,20.0,2.5,39.0
9498-6104,187,29,274.0,4.0,,,
9498-12704,176,332,239.0,21.5,266.0,3.5,27.0
9499-1901,79,69,191.0,24.499999999999996,184.0,1.5,7.0
9498-6102,303,137,303.0,4.5,299.0,3.0,4.0
9498-9101,436,10,190.0,5.5,,,
9499-3701,136,98,129.0,6.5,132.0,3.0,3.0
9499-3704,184,29,86.0,3.0,,,
9498-9102,463,52,289.0,3.0,302.0,0.5,13.0
9497-12703,608,576,183.0,1.0,185.0,1.0,2.0
9498-12705,450,411,193.0,4.0,191.0,2.5,2.0
9499-12702,280,292,289.0,15.0,279.0,5.5,10.0
9499-6103,251,124,339.0,7.0,338.0,1.5,1.0
9499-12701,438,487,243.0,14.0,252.0,3.0,9.0
9499-6102,327,326,42.0,3.5,42.0,2.0,0.0
9498-12701,663,666,11.0,5.0,9.0,2.0,2.0
9500-12703,263,254,33.0,2.0,29.0,0.5,4.0
9499-6104,327,316,17.0,1.5,15.0,0.5,2.0
9500-12705,347,8,235.0,0.5,,,
9499-12705,602,426,346.0,0.5,346.0,0.5,0.0
9500-3704,174,74,287.0,3.0,48.0,6.5,121.0
9500-6101,116,139,349.0,5.5,347.0,1.0,2.0
9499-9101,483,366,8.0,2.5,7.0,1.5,1.0
9501-1901,97,67,322.0,4.5,308.0,9.5,14.0
9501-1902,93,55,122.0,10.0,94.0,21.5,28.0
9501-3701,194,11,167.0,3.5,,,
9499-12703,693,678,348.0,1.5,349.0,1.0,1.0
9500-6104,114,278,52.0,25.5,59.0,2.5,7.0
9501-3702,192,14,290.0,3.0,,,
9500-9101,181,281,272.0,23.5,252.0,2.5,20.0
9500-9102,292,222,251.0,5.0,250.0,2.5,1.0
9501-3703,137,123,19.0,19.999999999999996,23.0,5.5,4.0
9500-12701,603,554,247.0,2.5,245.0,1.5,2.0
9502-12701,199,0,243.0,89.5,,,
9501-6101,172,236,277.0,89.5,298.0,3.0,21.0
9502-1902,93,0,321.0,35.0,,,
9502-1901,72,84,6.0,50.0,177.0,2.5,171.0
9500-12704,674,569,237.0,1.5,237.0,1.0,0.0
9501-6102,241,188,215.0,2.5,215.0,2.0,0.0
9500-12702,691,664,331.0,1.5,330.0,1.0,1.0
9501-9101,310,186,87.0,4.0,87.0,3.5,0.0
9501-12704,390,459,29.0,3.5,25.0,1.0,4.0
9502-3701,191,118,30.0,3.5,205.0,4.5,175.0
9502-3704,190,63,111.0,6.5,107.0,11.5,4.0
9502-3703,190,112,220.0,3.5,113.0,3.0,107.0
9502-12702,346,382,18.0,89.5,82.0,29.5,64.0
9502-9101,443,46,54.0,3.0,,,
9503-1901,83,96,117.0,20.5,123.0,6.0,6.0
9502-6101,308,175,182.0,2.499999999999999,184.0,1.5,2.0
9502-12704,452,256,14.0,2.0,12.0,2.0,2.0
9501-9102,483,458,308.0,1.5,308.0,1.0,0.0
9503-1902,77,51,232.0,36.5,43.0,44.5,171.0
9503-12702,286,229,94.0,6.5,96.0,2.0,2.0
9503-3702,141,65,14.0,5.5,349.0,11.0,25.0
9503-6101,293,6,167.0,2.0,,,
8981-3703,173,197,68.0,6.0,55.0,3.5,13.0
8981-6103,268,202,139.0,2.0,136.0,0.5,3.0
8982-1902,88,88,19.0,11.5,28.0,2.0,9.0
8981-6104,250,235,209.0,3.5,201.0,2.0,8.0
8981-6101,322,322,331.0,1.5,330.0,1.0,1.0
8982-3702,179,4,75.0,2.5,,,
8981-9102,263,241,230.0,28.0,202.0,7.5,28.0
8982-6101,216,88,152.0,2.5,152.0,5.0,0.0
8982-3701,186,180,240.0,1.0,241.0,0.5,1.0
8981-12703,653,626,240.0,1.0,239.0,0.5,1.0
8981-9101,395,308,314.0,1.5,315.0,1.0,1.0
8982-12704,603,194,314.0,5.0,320.0,1.5,6.0
8983-1902,95,6,192.0,4.5,,,
8982-6104,309,186,26.0,1.5,31.0,2.0,5.0
8983-3702,156,0,149.0,14.0,,,
8982-12705,614,451,208.0,3.0,200.0,0.5,8.0
8983-3703,192,157,5.0,2.0,2.0,2.0,3.0
8982-9102,369,387,91.0,9.0,95.0,2.5,4.0
8983-3704,185,183,45.0,1.0,51.0,1.5,6.0
8982-9101,388,364,238.0,4.5,205.0,2.0,33.0
8983-6101,164,193,159.0,11.0,158.0,3.5,1.0
8982-12703,659,605,22.0,4.0,30.0,5.0,8.0
8983-12703,619,76,132.0,1.0,116.0,3.5,16.0
8983-6103,199,103,212.0,13.5,204.0,1.5,8.0
8984-1901,96,3,138.0,2.0,,,
8983-9102,331,7,77.0,5.0,,,
8984-3702,102,0,164.0,15.0,,,
8984-3701,190,0,33.0,4.0,,,
8983-6104,289,191,236.0,5.0,237.0,2.0,1.0
8984-3703,191,5,336.0,3.0,,,
8983-9101,342,242,213.0,2.0,213.0,0.5,0.0
8984-6102,227,11,101.0,28.5,,,
8984-3704,159,132,185.0,1.5,186.0,1.0,1.0
8983-12705,636,626,298.0,2.0,295.0,1.0,3.0
8983-12701,681,674,288.0,1.5,289.0,0.5,1.0
8984-6101,199,223,201.0,5.0,204.0,3.5,3.0
8984-12702,358,465,234.0,36.5,235.0,5.0,1.0
8984-6103,184,202,25.0,6.5,25.0,2.5,0.0
8984-12704,584,330,240.0,3.0,234.0,4.5,6.0
8984-9101,477,7,141.0,8.5,,,
8985-1901,94,97,90.0,28.5,57.0,11.5,33.0
8985-1902,95,79,39.0,4.0,37.0,10.0,2.0
8985-3702,193,40,32.0,12.5,,,
8985-12705,266,260,131.0,4.5,134.0,1.5,3.0
8984-9102,471,299,216.0,2.0,221.0,1.5,5.0
8985-3703,160,179,294.0,4.5,314.0,2.0,20.0
8985-3704,129,182,26.0,21.0,23.0,4.0,3.0
8984-12705,658,658,311.0,1.5,311.0,0.5,0.0
8985-12704,338,311,138.0,21.0,129.0,3.5,9.0
8985-6102,303,317,110.0,3.5,112.0,1.5,2.0
8985-9101,344,60,158.0,3.5,166.0,5.5,8.0
8985-6103,276,288,245.0,9.0,246.0,3.0,1.0
8985-12702,662,627,253.0,0.5,253.0,0.5,0.0
8985-6104,314,298,109.0,4.0,105.0,1.0,4.0
8985-12701,675,675,97.0,8.0,98.0,2.5,1.0
8986-1902,99,33,61.0,27.0,,,
8985-12703,679,669,71.0,2.0,72.0,1.5,1.0
8986-12701,660,1,222.0,18.5,,,
8986-1901,101,101,256.0,3.0,254.0,1.0,2.0
8986-12703,215,233,286.0,13.5,320.0,5.5,34.0
8986-12702,662,110,286.0,2.5,324.0,0.5,38.0
8985-9102,428,421,55.0,1.5,53.0,0.5,2.0
8986-12704,399,88,29.0,0.5,271.0,0.5,118.0
8986-3701,191,134,225.0,14.5,226.0,8.0,1.0
8986-6103,272,2,266.0,9.5,,,
8986-3702,183,196,161.0,10.0,163.0,4.0,2.0
8987-1902,96,10,54.0,3.5,,,
8987-1901,82,96,140.0,89.5,198.0,89.5,58.0
8986-6104,271,312,205.0,15.0,204.0,5.5,1.0
8986-6101,323,323,205.0,2.0,205.0,1.5,0.0
8986-12705,420,411,272.0,2.5,271.0,2.0,1.0
8986-9102,275,227,270.0,7.5,272.0,3.5,2.0
8987-3702,139,109,327.0,3.5,330.0,1.5,3.0
8986-9101,367,241,104.0,3.0,105.0,2.5,1.0
8987-3701,179,197,296.0,5.0,299.0,2.5,3.0
8987-12703,250,288,246.0,9.5,243.0,2.0,3.0
8987-3703,190,187,224.0,3.5,227.0,3.0,3.0
8987-3704,128,93,170.0,14.500000000000007,175.0,3.0,5.0
8988-1902,82,17,18.0,22.0,,,
8987-6102,220,143,21.0,9.5,358.0,14.999999999999998,23.0
8988-1901,90,73,193.0,34.0,213.0,13.0,20.0
8987-9102,267,146,56.0,4.0,55.0,3.0,1.0
8988-12702,318,239,3.0,39.50000000000001,1.0,16.000000000000007,2.0
8988-3701,127,120,4.0,27.500000000000007,341.0,4.0,23.0
8987-9101,298,364,214.0,46.0,197.0,3.5,17.0
8988-3704,183,167,337.0,13.5,322.0,5.5,15.0
8988-12703,275,377,265.0,7.5,264.0,3.5,1.0
8987-12702,639,582,222.0,4.0,221.0,2.5,1.0
8988-6101,255,246,275.0,14.0,269.0,4.0,6.0
8988-12704,453,369,338.0,2.5,333.0,1.5,5.0
8988-6103,318,87,44.0,4.0,273.0,0.5,131.0
8988-6102,314,311,226.0,3.5,228.0,1.0,2.0
8988-9102,355,60,196.0,2.0,200.0,2.5,4.0
8989-1901,93,93,15.0,5.5,16.0,4.0,1.0
8988-6104,310,313,151.0,2.5,154.0,1.5,3.0
8989-1902,92,92,95.0,11.5,97.0,12.0,2.0
8989-12701,280,192,129.0,4.0,302.0,0.5,173.0
8988-9101,336,297,3.0,2.0,3.0,1.0,0.0
8989-6103,181,8,97.0,9.5,,,
8989-3701,193,147,39.0,4.0,44.0,2.5,5.0
9503-12704,319,238,212.0,4.5,212.0,1.5,0.0
9503-3704,163,182,208.0,5.0,347.0,1.0,139.0
9503-3701,193,193,340.0,2.5,338.0,0.5,2.0
9502-9102,373,430,10.0,3.5,4.0,1.5,6.0
9503-6103,325,75,122.0,5.0,222.0,3.5,100.0
9503-6104,211,182,286.0,7.5,277.0,3.0,9.0
9503-9101,239,153,320.0,3.5,207.0,46.5,113.0
9502-12703,690,555,338.0,2.5,341.0,0.5,3.0
9504-1901,107,106,230.0,8.0,237.0,3.0,7.0
9504-1902,108,108,16.0,2.0,13.0,1.0,3.0
9504-3701,148,82,181.0,3.999999999999999,181.0,3.500000000000008,0.0
9503-12705,590,536,202.0,6.0,204.0,4.0,2.0
9504-3702,195,198,266.0,5.0,265.0,3.0,1.0
9504-6101,298,3,103.0,6.0,,,
9504-3704,191,195,10.0,4.5,19.0,1.5,9.0
9504-12701,385,374,277.0,2.5,276.0,1.0,1.0
9503-9102,402,457,199.0,7.5,196.0,2.0,3.0
9503-12703,690,682,353.0,11.0,339.0,3.5,14.0
9504-12705,398,459,102.0,89.5,112.0,7.5,10.0
9504-6104,194,160,100.0,42.5,100.0,6.0,0.0
9504-9101,213,132,255.0,8.0,247.0,5.0,8.0
9505-1902,103,0,258.0,89.5,,,
9504-6102,293,275,342.0,21.0,310.0,7.5,32.0
9504-6103,332,332,117.0,4.5,118.0,2.5,1.0
9505-3701,184,11,142.0,13.5,,,
9505-3704,163,0,304.0,29.5,,,
9504-12704,573,535,346.0,1.5,344.0,0.5,2.0
9505-12703,314,195,197.0,5.5,197.0,3.0,0.0
9505-6103,231,26,349.0,9.0,,,
9505-3702,181,200,279.0,15.5,277.0,3.5,2.0
9504-12702,653,659,139.0,13.5,153.0,4.0,14.0
9505-6101,322,56,159.0,1.5,123.0,11.0,36.0
9505-6102,194,188,129.0,6.5,167.0,10.0,38.0
9505-12705,338,339,347.0,7.0,346.0,2.5,1.0
9506-1902,99,75,23.0,7.5,205.0,7.0,178.0
9506-3704,174,2,148.0,89.5,,,
9505-6104,241,267,180.0,7.000000000000002,167.0,4.0,13.0
9505-12701,565,392,274.0,0.5,274.0,0.5,0.0
9506-3703,196,167,26.0,7.0,29.0,2.5,3.0
9506-12705,374,59,34.0,3.0,39.0,7.0,5.0
9506-12702,345,265,158.0,0.5,172.0,2.0,14.0
9506-6103,269,10,355.0,73.5,,,
9507-1901,103,3,72.0,7.0,,,
9507-1902,75,6,183.0,4.000000000000002,,,
9506-6101,257,226,9.0,12.999999999999998,5.0,7.5,4.0
9507-3701,170,57,310.0,1.5,310.0,3.5,0.0
9506-12704,417,434,89.0,5.5,91.0,1.5,2.0
9507-3704,120,148,119.0,8.5,130.0,3.5,11.0
9507-6103,276,9,323.0,35.0,,,
9506-6102,327,322,351.0,3.5,348.0,1.5,3.0
9505-12704,692,639,67.0,5.5,70.0,2.0,3.0
9506-12701,559,582,133.0,1.5,132.0,1.5,1.0
9506-9102,364,380,207.0,2.5,211.0,1.0,4.0
9507-6102,285,265,273.0,12.5,276.0,6.5,3.0
9507-9102,319,170,39.0,2.5,36.0,2.0,3.0
9508-1902,80,75,237.0,8.0,237.0,3.5,0.0
9506-9101,468,455,288.0,1.0,288.0,1.0,0.0
9508-3703,172,184,332.0,12.0,336.0,3.5,4.0
9507-12705,654,352,44.0,2.5,34.0,2.0,10.0
9508-6102,328,5,130.0,39.50000000000001,,,
9508-3704,200,200,194.0,2.0,194.0,1.0,0.0
9508-12703,691,19,205.0,2.0,,,
9508-6103,249,181,71.0,4.0,69.0,1.0,2.0
9508-6101,222,308,358.0,4.5,5.0,2.0,7.0
9508-6104,234,205,7.0,7.500000000000007,7.0,2.5,0.0
9509-1902,101,33,259.0,9.5,,,
9508-12705,509,436,79.0,1.5,77.0,0.5,2.0
9508-12704,436,552,106.0,3.0,104.0,0.5,2.0
9509-1901,97,98,9.0,9.0,8.0,4.0,1.0
9508-12702,563,432,319.0,1.0,318.0,0.5,1.0
9508-9101,278,281,324.0,26.5,312.0,3.5,12.0
9508-12701,577,588,126.0,1.0,124.0,0.5,2.0
9509-3703,83,0,87.0,26.0,,,
9509-12701,260,328,155.0,20.0,155.0,2.0,0.0
9508-9102,397,253,40.0,1.0,38.0,0.5,2.0
9509-3704,190,61,17.0,3.0,108.0,31.5,91.0
9509-6101,156,152,250.0,28.0,252.0,3.5,2.0
9509-3702,192,199,68.0,25.0,57.0,9.0,11.0
9509-12702,388,421,132.0,25.5,143.0,3.5,11.0
9510-1902,93,9,218.0,12.0,,,
9509-9102,221,238,70.0,5.0,73.0,0.5,3.0
9510-3701,110,26,127.0,6.0,,,
9509-9101,301,209,11.0,3.0,16.0,1.5,5.0
9510-3703,136,0,307.0,11.5,,,
9509-6104,297,330,276.0,5.0,281.0,2.0,5.0
9510-12704,386,0,251.0,1.5,,,
9509-12704,417,522,309.0,10.5,323.0,5.5,14.0
9510-12705,501,0,270.0,24.0,,,
9511-1902,92,0,350.0,3.0,,,
9511-1901,90,90,275.0,8.0,271.0,5.0,4.0
9510-6102,223,131,114.0,2.5,112.0,0.5,2.0
9510-12702,386,306,85.0,13.5,88.0,3.0,3.0
9509-12703,687,536,69.0,0.5,67.0,0.5,2.0
9511-3703,186,36,178.0,2.0000000000000036,,,
9510-9101,302,245,353.0,4.0,351.0,0.5,2.0
9511-3701,184,149,61.0,2.5,56.0,1.0,5.0
9510-12703,421,429,345.0,3.0,347.0,0.5,2.0
9511-3704,152,187,150.0,5.0,233.0,8.0,83.0
9511-6102,218,87,101.0,3.5,170.0,9.5,69.0
9511-6101,304,75,189.0,5.0,171.0,0.5,18.0
8989-3703,185,142,144.0,2.5,147.0,2.5,3.0
8988-12705,681,667,115.0,6.0,123.0,2.5,8.0
8989-12705,466,95,162.0,11.5,310.0,7.5,148.0
8989-3704,181,185,278.0,30.0,289.0,6.5,11.0
8990-1901,93,0,180.0,20.500000000000004,,,
8989-6101,249,276,161.0,7.0,161.0,2.5,0.0
8989-6102,202,289,71.0,60.00000000000001,6.0,4.5,65.0
8990-3703,94,31,33.0,13.5,,,
8990-3702,130,18,116.0,1.5,,,
8989-12702,526,570,174.0,3.5,171.0,1.0,3.0
8990-1902,90,94,266.0,25.5,293.0,21.0,27.0
8989-6104,273,286,257.0,2.0,258.0,0.5,1.0
8990-12701,301,148,333.0,9.0,335.0,3.0,2.0
8990-12704,253,175,156.0,6.0,176.0,3.5,20.0
8990-6102,318,2,303.0,3.0,,,
8990-6101,320,1,87.0,31.0,,,
8989-9101,450,397,295.0,3.5,294.0,1.0,1.0
8989-9102,443,382,132.0,2.0,130.0,1.5,2.0
8991-12702,204,5,292.0,54.5,,,
8991-1901,94,19,305.0,4.5,,,
8990-6103,314,219,169.0,7.0,196.0,0.5,27.0
8990-9101,250,231,74.0,3.0,80.0,2.5,6.0
8990-6104,296,310,215.0,10.0,215.0,3.0,0.0
8991-1902,90,0,19.0,2.5,,,
8990-12703,524,490,58.0,5.0,54.0,1.0,4.0
8991-3702,189,5,1.0,8.5,,,
8991-3701,173,59,48.0,2.5,40.0,0.5,8.0
8991-3703,138,152,306.0,24.5,323.0,6.0,17.0
8991-12704,455,159,218.0,5.0,241.0,3.5,23.0
8991-3704,176,164,0.0,89.5,355.0,10.000000000000002,5.0
8990-9102,460,452,144.0,2.0,144.0,1.0,0.0
8991-6104,198,222,164.0,4.5,169.0,1.0,5.0
8991-6103,305,234,66.0,7.5,265.0,2.0,161.0
8991-6101,275,302,207.0,3.5,206.0,1.5,1.0
8991-12701,512,572,110.0,6.5,109.0,2.0,1.0
8992-1901,94,1,63.0,16.5,,,
8991-9101,255,276,104.0,10.0,88.0,2.0,16.0
8992-12705,316,30,197.0,5.0,,,
8992-12701,282,243,301.0,4.0,310.0,2.5,9.0
8991-12705,449,542,48.0,3.5,50.0,1.0,2.0
8992-3701,187,57,92.0,3.5,147.0,5.5,55.0
8992-3703,145,114,39.0,10.5,32.0,6.5,7.0
8992-3702,190,187,1.0,6.4999999999999964,0.0,4.000000000000001,1.0
8992-6104,318,7,93.0,5.0,,,
8992-6102,304,154,47.0,1.0,58.0,4.0,11.0
8992-6103,261,250,12.0,2.5,15.0,0.5,3.0
8992-6101,322,317,29.0,1.5,24.0,1.5,5.0
8993-1901,96,2,97.0,7.0,,,
8993-1902,101,1,336.0,5.0,,,
8992-12702,520,519,352.0,2.0,352.0,0.5,0.0
8992-9102,475,104,304.0,3.0,304.0,1.0,0.0
8993-3704,150,4,183.0,21.5,,,
8993-6104,113,94,340.0,25.0,285.0,18.5,55.0
8993-3702,187,193,41.0,9.5,35.0,4.0,6.0
8992-9101,429,424,335.0,11.0,334.0,3.0,1.0
8993-6102,152,171,229.0,6.5,235.0,4.0,6.0
8993-12703,358,395,299.0,21.5,286.0,8.0,13.0
8992-12704,671,670,37.0,2.5,40.0,1.0,3.0
8994-1902,93,17,175.0,5.999999999999998,,,
8994-1901,96,87,113.0,7.5,112.0,4.5,1.0
8994-3703,153,0,94.0,4.0,,,
8994-3702,180,1,298.0,4.0,,,
8994-12702,272,259,259.0,9.0,255.0,2.0,4.0
8994-3704,184,181,305.0,4.0,307.0,3.0,2.0
8994-6103,186,82,297.0,4.0,290.0,3.5,7.0
8993-9102,479,407,326.0,2.0,326.0,1.5,0.0
8993-12702,684,683,76.0,0.5,76.0,0.5,0.0
8994-9101,182,48,140.0,5.5,,,
8994-6104,220,186,176.0,28.000000000000007,154.0,9.5,22.0
8993-12705,684,684,346.0,1.5,345.0,0.5,1.0
8994-6101,316,308,226.0,9.0,227.0,8.5,1.0
8994-12703,565,473,18.0,2.0,17.0,1.0,1.0
8995-1901,102,52,2.0,6.5000000000000036,335.0,12.5,27.0
8995-1902,101,27,97.0,3.5,,,
8994-12701,638,619,104.0,1.0,104.0,1.0,0.0
8994-12705,594,617,288.0,2.0,288.0,0.5,0.0
8995-3703,113,48,10.0,14.000000000000002,,,
8995-12701,630,0,144.0,5.5,,,
8995-3701,189,4,37.0,3.0,,,
8995-12704,395,26,44.0,26.5,,,
8995-3704,192,7,19.0,4.5,,,
8995-12703,602,14,124.0,37.0,,,
8995-6103,176,2,196.0,78.5,,,
8994-9102,472,356,303.0,4.5,301.0,3.0,2.0
8995-6102,239,4,83.0,4.5,,,
8995-9101,233,137,352.0,3.0,351.0,6.5,1.0
8995-6101,291,143,82.0,5.5,87.0,1.5,5.0
8995-12702,507,480,258.0,21.5,254.0,5.5,4.0
8995-9102,173,202,126.0,38.0,109.0,9.5,17.0
8996-1902,81,3,323.0,3.0,,,
8996-1901,101,4,120.0,4.0,,,
8996-12704,164,176,63.0,34.5,87.0,7.0,24.0
8996-3702,166,3,224.0,3.5,,,
8996-3704,190,42,348.0,5.0,,,
8996-3701,170,89,66.0,2.0,164.0,4.0,98.0
8996-12701,382,321,322.0,1.0,322.0,0.5,0.0
8996-12702,387,322,286.0,1.0,286.0,0.5,0.0
8996-3703,186,157,37.0,2.0,35.0,2.0,2.0
8997-12703,127,83,201.0,12.0,187.0,8.0,14.0
8997-1902,100,38,11.0,2.5,,,
9512-1902,95,95,174.0,6.5000000000000036,173.0,3.5,1.0
9511-12702,477,397,154.0,5.5,154.0,2.5,0.0
9512-6101,284,31,72.0,12.5,,,
9512-3703,196,132,2.0,14.5,17.0,3.5,15.0
9511-12701,555,391,56.0,1.5,56.0,0.5,0.0
9511-6103,313,310,128.0,5.0,125.0,3.5,3.0
9510-12701,682,671,134.0,3.5,137.0,2.0,3.0
9511-9101,323,279,280.0,1.5,279.0,0.5,1.0
9512-6102,272,71,186.0,3.0,199.0,5.0,13.0
9513-3701,125,42,163.0,7.5,,,
9513-1901,96,82,149.0,5.5,339.0,5.5,170.0
9513-1902,93,95,325.0,20.5,342.0,6.0,17.0
9513-3704,154,1,197.0,6.5,,,
9512-9101,324,317,276.0,2.0,275.0,1.0,1.0
9511-12703,673,604,11.0,7.0,11.0,2.0,0.0
9513-3703,187,187,67.0,2.0,63.0,1.5,4.0
9512-12705,484,493,116.0,13.0,127.0,3.5,11.0
9513-12703,582,11,109.0,23.0,,,
9513-12705,314,322,58.0,5.5,61.0,2.5,3.0
9513-6103,318,61,46.0,3.0,139.0,3.0,93.0
9513-12704,414,404,294.0,6.5,302.0,2.0,8.0
9513-6101,318,314,275.0,12.5,294.0,5.5,19.0
9513-6104,320,143,297.0,3.5,104.0,3.0,167.0
9512-12704,659,632,205.0,9.0,221.0,4.5,16.0
9514-12702,130,239,329.0,14.0,124.0,0.5,155.0
9513-9102,303,132,346.0,8.5,349.0,4.5,3.0
9513-9101,196,305,254.0,4.5,260.0,1.5,6.0
9514-3701,138,32,103.0,19.5,,,
9514-1901,87,87,145.0,1.0,145.0,1.5,0.0
9514-1902,74,105,240.0,89.5,26.0,4.5,146.0
9514-12705,178,218,225.0,6.0,219.0,2.5,6.0
9514-3703,140,72,327.0,26.5,20.0,23.000000000000004,53.0
9514-6103,185,27,23.0,89.5,,,
9514-6102,255,23,98.0,5.5,,,
9514-3702,203,202,102.0,5.0,107.0,2.5,5.0
9514-3704,187,174,146.0,2.0,157.0,1.5,11.0
9514-12701,394,411,177.0,3.5,176.0,1.5,1.0
9862-12701,271,1,231.0,6.5,,,
9513-12702,676,668,270.0,1.5,269.0,1.0,1.0
9862-3701,155,0,2.0,11.500000000000007,,,
9862-12702,282,1,270.0,3.0,,,
9862-3703,135,1,206.0,14.0,,,
9862-3702,193,1,208.0,5.0,,,
9862-6101,259,5,38.0,4.0,,,
9514-9102,489,70,57.0,7.5,54.0,3.5,3.0
9862-12703,291,145,126.0,4.0,153.0,0.5,27.0
9862-6103,321,0,317.0,3.0,,,
9862-9102,270,0,136.0,12.0,,,
9862-6104,325,2,74.0,6.5,,,
9863-1901,94,8,221.0,6.0,,,
9863-3701,116,0,22.0,18.500000000000004,,,
9514-12703,606,525,210.0,12.0,203.0,4.5,7.0
9514-9101,437,371,190.0,4.5,187.0,3.0,3.0
9863-3702,192,0,0.0,3.5000000000000004,,,
9863-3703,195,11,50.0,2.0,,,
9514-12704,683,604,73.0,3.0,78.0,2.5,5.0
9863-12705,389,0,261.0,3.5,,,
9863-12701,327,194,114.0,17.5,150.0,3.0,36.0
9863-12702,574,4,306.0,5.5,,,
9863-6103,304,0,215.0,8.5,,,
9863-6104,325,1,327.0,8.5,,,
9864-1901,69,0,124.0,7.5,,,
9863-12704,574,8,332.0,4.5,,,
9862-9101,464,323,319.0,10.5,313.0,3.5,6.0
9864-6102,173,42,354.0,5.0,,,
9863-9101,284,209,246.0,4.5,245.0,1.5,1.0
9863-6101,325,278,188.0,3.0,184.0,1.5,4.0
9864-12705,366,42,10.0,1.5,,,
9864-3702,186,95,265.0,22.0,185.0,5.0,80.0
9864-6103,190,63,74.0,5.0,61.0,8.0,13.0
9864-3704,188,127,329.0,6.0,327.0,3.0,2.0
9864-12704,363,109,177.0,2.499999999999998,183.0,0.5,6.0
9864-9101,182,64,333.0,7.5,300.0,8.0,33.0
9865-1902,95,46,88.0,21.5,,,
9864-9102,125,69,222.0,89.5,27.0,7.5,165.0
9864-12702,613,0,124.0,42.5,,,
9863-9102,426,311,140.0,5.0,136.0,3.0,4.0
9864-12703,369,317,124.0,4.5,117.0,1.5,7.0
9865-12703,280,0,305.0,40.5,,,
9865-3702,78,137,336.0,19.5,345.0,4.0,9.0
9865-3701,92,145,322.0,29.500000000000007,340.0,4.5,18.0
9865-3704,187,63,4.0,2.5,247.0,8.0,117.0
9865-3703,188,92,155.0,1.5,155.0,2.5,0.0
9865-6103,303,25,111.0,10.0,,,
9866-1901,85,0,172.0,12.0,,,
9865-6104,298,4,21.0,2.0,,,
9865-6101,225,242,74.0,9.0,65.0,3.5,9.0
9866-3703,178,26,284.0,4.5,,,
9866-1902,94,93,12.0,3.5,73.0,2.5,61.0
9865-12704,537,215,308.0,2.5,323.0,5.5,15.0
9866-3701,158,90,329.0,3.0,151.0,2.0,178.0
9866-3704,183,30,245.0,5.0,,,
9866-12705,427,9,164.0,67.0,,,
9865-12701,570,387,69.0,3.5,71.0,2.0,2.0
9866-6102,242,184,178.0,3.000000000000004,180.0,1.4999999999999978,2.0
9865-9102,461,475,14.0,4.5,19.0,1.5,5.0
9867-1901,86,23,72.0,20.5,,,
9866-12702,457,451,48.0,2.0,49.0,1.0,1.0
9867-1902,101,4,280.0,2.5,,,
9866-6103,257,308,218.0,25.5,231.0,4.5,13.0
8996-12703,415,361,262.0,10.5,285.0,8.5,23.0
8997-1901,91,86,277.0,12.5,292.0,5.0,15.0
8995-12705,686,637,3.0,1.0,3.0,0.5,0.0
8997-3702,152,123,192.0,36.500000000000014,359.0,12.000000000000002,167.0
8996-6102,274,297,177.0,13.0,185.0,4.0,8.0
8997-3704,188,105,134.0,10.5,285.0,12.5,151.0
8996-12705,620,495,216.0,1.0,215.0,0.5,1.0
8997-6103,225,182,168.0,3.0,162.0,0.5,6.0
8997-6102,251,233,91.0,2.5,91.0,0.5,0.0
8998-1901,102,8,277.0,4.0,,,
8997-6104,320,219,187.0,1.5,179.0,1.0000000000000036,8.0
8998-3701,114,148,46.0,16.0,28.0,2.5,18.0
8998-3702,194,34,107.0,3.0,,,
8997-12704,649,321,88.0,1.5,84.0,0.5,4.0
8997-12702,612,456,115.0,36.5,215.0,2.0,100.0
8998-3703,167,68,0.0,4.000000000000001,295.0,89.5,65.0
8998-3704,139,29,74.0,16.5,,,
8998-12701,461,303,227.0,2.0,224.0,1.5,3.0
8998-6101,327,6,329.0,4.5,,,
8998-9101,195,82,299.0,39.5,262.0,17.0,37.0
8998-6102,219,117,258.0,6.5,252.0,9.0,6.0
8998-12703,503,481,226.0,8.5,224.0,4.0,2.0
8998-6103,224,225,227.0,16.0,206.0,5.0,21.0
8998-12702,613,456,303.0,2.0,304.0,0.5,1.0
8998-6104,202,225,155.0,18.5,158.0,3.5,3.0
8999-1902,90,5,223.0,6.0,,,
8999-12702,258,28,64.0,3.5,,,
8999-1901,91,93,308.0,8.5,293.0,5.5,15.0
8999-12705,242,2,231.0,7.0,,,
8999-3702,173,19,273.0,89.5,,,
8998-9102,309,354,74.0,10.5,70.0,3.0,4.0
8998-12704,673,655,292.0,3.5,288.0,2.0,4.0
8999-3704,107,138,206.0,24.000000000000004,205.0,5.0,1.0
8998-12705,676,676,171.0,2.0,172.0,0.5,1.0
8999-3701,192,192,71.0,14.0,67.0,7.0,4.0
8999-6101,237,124,297.0,13.5,310.0,11.5,13.0
8999-6102,243,202,89.0,4.5,88.0,1.5,1.0
9000-1901,103,101,24.0,10.5,137.0,1.0,113.0
8999-6103,267,224,303.0,0.5,303.0,0.5,0.0
8999-12704,540,447,336.0,7.5,355.0,4.5,19.0
9000-3704,105,0,184.0,12.0,,,
9000-3703,156,0,113.0,8.0,,,
8999-12701,633,605,173.0,5.5,173.0,2.5,0.0
8999-12703,574,538,112.0,4.0,117.0,1.5,5.0
9000-3701,183,164,77.0,12.5,77.0,6.5,0.0
9000-12703,497,193,72.0,24.5,359.0,1.0,73.0
8999-9102,446,378,52.0,5.5,63.0,4.5,11.0
9000-12704,665,0,341.0,5.5,,,
9001-12701,191,2,27.0,89.5,,,
9000-6101,335,50,269.0,3.0,294.0,78.0,25.0
9001-3701,176,0,4.0,7.999999999999998,,,
9001-12703,296,1,67.0,29.5,,,
9001-3702,175,0,109.0,2.0,,,
9000-6103,214,215,223.0,22.0,240.0,3.5,17.0
9001-12705,243,87,50.0,21.5,24.0,0.5,26.0
9001-12702,298,160,309.0,8.0,301.0,2.0,8.0
9001-3703,185,28,182.0,3.500000000000008,,,
9000-6102,272,321,236.0,9.0,227.0,2.5,9.0
9001-12704,270,316,46.0,77.0,34.0,18.0,12.0
9001-6102,149,196,232.0,44.00000000000001,217.0,7.0,15.0
9000-12702,640,655,89.0,4.5,92.0,1.5,3.0
9001-3704,187,187,209.0,2.5,210.0,1.5,1.0
9001-6101,225,217,216.0,17.5,213.0,6.5,3.0
9001-9102,162,218,97.0,39.0,58.0,10.0,39.0
9001-6103,291,260,43.0,22.5,36.0,6.0,7.0
9002-1901,97,97,154.0,5.5,149.0,4.5,5.0
9001-9101,352,216,266.0,4.5,263.0,3.0,3.0
9001-6104,316,288,271.0,6.5,275.0,4.0,4.0
9002-1902,90,94,202.0,89.5,288.0,27.0,86.0
9002-12703,372,19,7.0,1.0,,,
9002-3701,158,18,32.0,5.5,,,
9002-3702,108,62,274.0,34.5,274.0,7.0,0.0
9002-3703,187,0,175.0,83.0,,,
9002-3704,165,94,173.0,3.0,172.0,1.5,1.0
9002-6103,302,46,352.0,4.0,,,
9002-6101,281,53,193.0,3.0,196.0,3.5,3.0
9002-12702,674,108,38.0,38.0,252.0,2.0,146.0
9002-12704,384,433,327.0,1.5,326.0,1.5,1.0
9024-12702,258,107,204.0,4.0,194.0,3.0,10.0
9002-12701,645,373,37.0,4.0,32.0,0.5,5.0
9024-1902,95,95,279.0,17.0,290.0,4.0,11.0
9024-6104,283,0,77.0,46.5,,,
9024-9102,220,206,251.0,3.5,250.0,1.0,1.0
9002-12705,622,635,234.0,6.5,224.0,3.5,10.0
9024-6102,320,323,243.0,2.5,244.0,1.0,1.0
9025-12703,600,3,224.0,2.0,,,
9025-1901,90,96,116.0,89.5,63.0,18.5,53.0
9024-12704,510,507,185.0,3.5,178.0,1.0000000000000036,7.0
9024-9101,388,365,145.0,2.5,146.0,1.5,1.0
9025-3701,126,175,42.0,7.0,205.0,1.5,163.0
9024-12701,595,639,32.0,0.5,30.0,0.5,2.0
9025-12701,642,185,269.0,14.0,183.0,3.500000000000008,86.0
9025-6102,172,12,253.0,3.0,,,
9025-3704,129,65,356.0,4.0000000000000036,1.0,5.999999999999997,5.0
9025-3702,189,184,190.0,6.0,187.0,2.5,3.0
9024-12705,670,597,355.0,2.5,355.0,1.0,0.0
9025-3703,191,166,308.0,2.0,290.0,2.0,18.0
9026-1901,94,6,191.0,1.5,,,
9025-6103,291,205,291.0,1.5,292.0,0.5,1.0
9025-6104,320,320,342.0,3.0,340.0,1.5,2.0
9867-12703,252,268,338.0,28.5,335.0,5.0,3.0
9865-12702,652,608,167.0,6.5,158.0,3.0,9.0
9866-12703,624,375,131.0,3.0,131.0,1.5,0.0
9867-12701,289,340,304.0,14.5,275.0,3.0,29.0
9867-3703,95,174,301.0,9.0,298.0,2.0,3.0
9867-6103,184,7,7.0,78.5,,,
9866-12701,599,604,359.0,2.5000000000000053,359.0,0.5,0.0
9867-12705,658,10,47.0,39.00000000000001,,,
9867-3704,192,199,226.0,4.5,226.0,2.0,0.0
9868-12701,151,44,348.0,12.500000000000004,,,
9868-1901,95,3,302.0,89.5,,,
9868-12703,144,73,5.0,14.0,357.0,10.500000000000002,8.0
9867-6102,334,175,259.0,2.5,258.0,1.0,1.0
9868-1902,75,71,193.0,13.0,189.0,10.000000000000007,4.0
9867-6101,278,263,155.0,2.0,156.0,1.0,1.0
9868-3701,108,63,282.0,9.5,283.0,14.5,1.0
9867-6104,324,274,349.0,1.5,349.0,1.0,0.0
9867-9102,315,254,29.0,3.0,22.0,1.0,7.0
9868-3702,168,132,132.0,7.5,121.0,6.5,11.0
9867-12702,591,621,167.0,5.5,171.0,2.5,4.0
9868-12705,260,307,140.0,2.0,143.0,1.0,3.0
9868-6104,201,6,225.0,89.5,,,
9868-3703,182,155,291.0,89.5,316.0,3.5,25.0
9868-9101,140,58,272.0,19.0,286.0,11.5,14.0
9869-12701,125,74,285.0,14.5,289.0,9.5,4.0
9867-12704,683,678,95.0,2.5,98.0,1.0,3.0
9867-9101,449,487,98.0,3.5,97.0,1.0,1.0
9869-12704,165,0,201.0,89.5,,,
9869-1901,97,16,243.0,7.5,,,
9868-6101,263,310,109.0,3.0,108.0,1.5,1.0
9868-12704,661,160,330.0,4.0,152.0,0.5,178.0
9868-6103,325,225,315.0,2.0,307.0,2.0,8.0
9869-1902,78,78,262.0,89.5,79.0,6.0,177.0
9868-6102,322,319,26.0,1.5,28.0,1.5,2.0
9869-3701,186,18,126.0,7.0,,,
9869-3702,193,22,87.0,3.0,,,
9870-1901,99,27,202.0,1.5,,,
9869-6104,250,1,58.0,6.0,,,
9869-3704,161,129,344.0,19.500000000000004,18.0,13.5,34.0
9869-12705,239,269,117.0,18.0,125.0,5.0,8.0
9870-1902,71,33,126.0,15.5,,,
9869-6103,268,185,214.0,3.5,213.0,2.5,1.0
9870-3703,163,46,230.0,89.5,,,
9870-3704,153,0,30.0,10.5,,,
9870-3701,188,30,341.0,37.5,,,
9868-9102,483,483,175.0,1.5,176.0,0.5,1.0
9870-12702,279,294,137.0,13.0,111.0,4.5,26.0
9869-12702,415,471,70.0,1.5,71.0,1.0,1.0
9870-6101,286,66,246.0,6.0,253.0,10.5,7.0
9870-12705,282,331,304.0,89.5,316.0,7.0,12.0
9869-9102,470,376,148.0,15.5,134.0,9.0,14.0
9871-1901,94,94,215.0,39.5,213.0,12.5,2.0
9871-1902,98,98,281.0,33.0,296.0,11.0,15.0
9870-6104,276,244,30.0,12.5,0.0,0.5,30.0
9870-6103,327,243,356.0,2.0,356.0,2.0,0.0
9870-12703,522,528,273.0,2.0,272.0,1.0,1.0
9869-12703,681,628,183.0,0.5,183.0,0.5,0.0
9871-6102,169,29,297.0,2.5,,,
9871-3702,168,161,214.0,2.5,211.0,1.5,3.0
9871-3701,154,188,214.0,19.0,208.0,4.5,6.0
9871-3703,165,184,291.0,13.0,278.0,4.5,13.0
9870-9101,472,467,56.0,2.0,56.0,1.0,0.0
9871-9102,181,1,163.0,5.5,,,
9871-12701,595,382,236.0,13.5,168.0,5.5,68.0
9871-6101,321,322,251.0,5.0,245.0,2.0,6.0
9871-6103,260,275,98.0,6.5,97.0,3.0,1.0
9872-1901,88,88,116.0,11.0,122.0,10.0,6.0
9872-12702,178,190,276.0,14.0,268.0,3.0,8.0
9871-6104,324,299,55.0,2.5,322.0,4.0,93.0
9871-9101,269,311,112.0,8.0,103.0,3.5,9.0
9872-1902,84,51,210.0,8.0,201.0,5.0,9.0
9871-12703,590,583,32.0,89.5,227.0,57.00000000000001,165.0
9872-3703,168,0,350.0,7.0,,,
9872-12705,285,195,244.0,3.0,243.0,1.5,1.0
9871-12702,681,681,35.0,0.5,31.0,0.5,4.0
9871-12705,673,655,48.0,2.0,51.0,1.0,3.0
9872-3702,174,177,351.0,89.5,213.0,6.5,138.0
9872-3701,187,186,139.0,15.0,283.0,2.5,144.0
9873-12701,232,1,309.0,8.5,,,
9873-1902,98,1,136.0,4.0,,,
9873-12702,213,54,164.0,14.500000000000005,159.0,22.499999999999996,5.0
9872-6102,207,244,159.0,16.0,159.0,5.0,0.0
9872-12704,452,389,221.0,57.5,272.0,10.0,51.0
9873-3702,145,0,182.0,28.5,,,
9872-6104,248,260,226.0,26.5,221.0,3.0,5.0
9873-3703,165,0,243.0,3.0,,,
9873-3704,132,0,80.0,36.0,,,
9872-6101,328,321,139.0,4.0,143.0,2.5,4.0
9874-12702,109,1,0.0,89.5,,,
9873-6102,197,2,268.0,14.5,,,
9873-12703,445,1,254.0,5.0,,,
9874-12701,146,26,47.0,89.5,,,
9874-1901,93,5,309.0,7.0,,,
9874-12703,200,2,196.0,10.5,,,
9873-12705,503,0,195.0,11.5,,,
9874-1902,96,10,45.0,2.5,,,
9872-12701,655,619,127.0,8.5,125.0,3.0,2.0
9873-6103,318,4,31.0,11.0,,,
9874-3701,189,13,267.0,4.5,,,
9874-3702,187,0,105.0,2.5,,,
9874-3703,181,9,167.0,3.0,,,
9874-6102,106,0,218.0,11.5,,,
9874-6103,121,0,60.0,27.0,,,
9874-3704,184,2,101.0,6.0,,,
9872-9101,465,462,166.0,2.0,168.0,1.0,2.0
9874-6104,171,0,261.0,17.0,,,
9875-12702,129,0,127.0,32.0,,,
9872-9102,471,452,297.0,1.5,295.0,1.0,2.0
9875-1901,97,3,312.0,6.0,,,
9874-6101,314,0,136.0,14.0,,,
9874-12705,488,7,288.0,32.5,,,
9875-1902,102,22,229.0,37.0,,,
9875-12701,233,2,325.0,12.0,,,
9875-12703,259,0,167.0,11.000000000000004,,,
9875-3702,150,4,74.0,8.0,,,
9875-3703,193,2,170.0,3.0,,,
9874-9101,423,0,228.0,3.0,,,
9875-3704,167,0,72.0,23.5,,,
9875-9101,231,3,159.0,9.0,,,
9874-9102,459,0,98.0,3.0,,,
9875-6104,273,17,208.0,8.0,,,
9876-12701,336,3,101.0,20.5,,,
9876-3701,188,49,96.0,18.5,,,
9876-12704,222,0,325.0,23.5,,,
9875-6101,179,200,345.0,2.5,350.0,1.0,5.0
9876-3704,184,4,132.0,8.5,,,
9875-12705,651,6,43.0,3.0,,,
9876-6103,229,4,208.0,11.5,,,
9876-6102,239,0,120.0,5.0,,,
9876-3703,189,163,204.0,14.0,200.0,10.0,4.0
9876-3702,178,187,205.0,22.0,223.0,2.0,18.0
9876-12702,542,7,185.0,2.5,,,
9877-1901,99,4,282.0,5.5,,,
9877-1902,101,0,22.0,24.499999999999996,,,
9877-3701,125,0,327.0,11.5,,,
9877-3702,149,29,329.0,4.0,,,
9877-12702,240,1,44.0,8.0,,,
9877-12703,233,0,351.0,24.5,,,
9876-12703,676,3,82.0,13.0,,,
9875-12704,603,399,3.0,1.0,12.0,1.5,9.0
9876-9102,475,0,150.0,2.0,,,
9877-3703,148,0,182.0,7.4999999999999964,,,
9877-3704,145,0,228.0,10.5,,,
9877-6101,70,81,274.0,10.5,283.0,2.5,9.0
9877-6104,132,0,278.0,18.0,,,
9877-6102,176,5,22.0,4.0,,,
9877-9101,135,0,143.0,31.5,,,
9876-6101,322,302,269.0,7.5,256.0,5.0,13.0
9877-12701,586,1,212.0,2.5,,,
9877-6103,285,4,175.0,5.500000000000005,,,
9878-1902,91,1,254.0,5.0,,,
9878-1901,101,0,35.0,3.0,,,
9878-3701,190,0,331.0,7.5,,,
9876-12705,528,488,116.0,13.5,103.0,4.5,13.0
9877-9102,400,1,315.0,7.0,,,
9878-12703,194,223,129.0,28.0,142.0,6.0,13.0
9878-3704,95,95,177.0,12.5,179.0,3.4999999999999982,2.0
9878-3702,176,192,133.0,4.5,132.0,1.0,1.0
9878-6104,293,6,329.0,7.0,,,
9878-3703,198,189,111.0,1.5,110.0,2.5,1.0
9878-6102,313,6,128.0,89.5,,,
9878-9101,139,137,334.0,20.0,326.0,4.0,8.0
9879-1901,99,2,8.0,10.999999999999998,,,
9878-6101,323,322,112.0,1.0,113.0,0.5,1.0
9879-3701,85,95,358.0,15.500000000000007,32.0,2.0,34.0
9878-9102,216,249,317.0,7.0,320.0,3.0,3.0
9878-12704,484,382,101.0,4.0,105.0,2.0,4.0
9879-12701,363,131,222.0,4.0,224.0,1.5,2.0
9878-12705,458,384,261.0,2.5,260.0,1.5,1.0
9879-3702,204,74,188.0,7.0,171.0,28.500000000000007,17.0
9878-12702,578,560,282.0,3.0,285.0,1.5,3.0
9879-6103,216,0,119.0,9.0,,,
9879-3704,113,148,94.0,6.5,81.0,3.0,13.0
9879-3703,197,197,74.0,7.0,77.0,4.0,3.0
9880-12703,321,0,199.0,28.999999999999996,,,
9880-3701,181,3,185.0,8.500000000000007,,,
9879-12703,433,365,72.0,3.5,76.0,2.0,4.0
9878-12701,676,676,263.0,4.0,262.0,2.5,1.0
9880-3702,174,0,141.0,3.5,,,
9880-3704,100,0,299.0,33.0,,,
9879-6101,306,270,280.0,8.5,268.0,10.5,12.0
9880-12702,519,0,301.0,5.5,,,
9880-3703,181,2,99.0,5.0,,,
9879-6102,327,321,294.0,2.5,295.0,1.5,1.0
9879-12704,508,480,86.0,3.5,87.0,2.0,1.0
9880-9101,139,0,266.0,89.5,,,
9880-6102,272,0,264.0,4.5,,,
9880-6101,279,0,237.0,8.0,,,
9880-6104,206,0,296.0,13.0,,,
9880-12705,403,111,257.0,1.5,252.0,0.5,5.0
9880-12704,584,3,355.0,3.5,,,
9880-6103,303,37,122.0,2.5,,,
9880-9102,296,0,285.0,20.0,,,
9881-1901,94,77,250.0,5.5,244.0,5.0,6.0
9881-1902,91,80,276.0,17.5,351.0,8.0,75.0
9881-3704,188,32,274.0,3.0,,,
9879-12705,639,599,268.0,10.5,259.0,5.0,9.0
9881-3703,189,137,55.0,2.5,248.0,3.0,167.0
9881-3702,184,184,243.0,3.0,243.0,3.0,0.0
9881-6103,305,138,23.0,11.5,22.0,0.5,1.0
9025-12704,671,605,191.0,0.5,190.0,0.5,1.0
9026-3701,158,186,93.0,89.5,55.0,5.5,38.0
9026-3702,190,76,118.0,6.0,31.0,4.5,87.0
9025-12705,572,599,196.0,2.5,189.0,1.5,7.0
9026-12704,646,3,358.0,80.0,,,
9026-12701,660,99,351.0,1.5,353.0,0.5,2.0
9026-3704,157,140,294.0,12.0,118.0,2.0,176.0
9025-9102,478,472,51.0,10.0,42.0,3.5,9.0
9026-6103,221,163,308.0,1.5,312.0,1.5,4.0
9026-12702,555,558,249.0,5.5,250.0,2.0,1.0
9026-6104,289,182,84.0,2.0,84.0,1.5,0.0
9026-6102,305,278,147.0,22.0,131.0,11.5,16.0
9027-1902,98,81,228.0,89.5,60.0,6.0,168.0
9026-12705,678,537,214.0,1.0,213.0,0.5,1.0
9026-9102,476,77,151.0,4.0,22.0,8.0,129.0
9027-3702,99,131,292.0,9.0,284.0,3.0,8.0
9027-3704,182,22,279.0,9.0,,,
9027-3703,198,198,338.0,89.5,144.0,4.0,166.0
9027-6101,147,90,243.0,5.0,240.0,13.0,3.0
9026-9101,460,447,114.0,3.5,112.0,2.5,2.0
9027-6104,156,242,178.0,3.000000000000004,245.0,13.5,67.0
9027-6103,279,267,53.0,6.5,58.0,1.0,5.0
9027-9101,250,310,351.0,3.5,348.0,1.0,3.0
9027-12702,556,620,94.0,4.5,100.0,1.5,6.0
9028-12703,277,236,55.0,3.5,55.0,1.5,0.0
9027-12701,673,676,100.0,1.5,100.0,0.5,0.0
9028-1901,93,13,138.0,10.0,,,
9028-1902,91,54,110.0,5.5,320.0,0.5,150.0
9028-3701,135,7,325.0,4.0,,,
9028-3702,130,35,341.0,5.5,,,
9027-12704,679,639,46.0,3.0,49.0,4.0,3.0
9027-12705,627,646,90.0,89.5,133.0,12.0,43.0
9028-6103,227,2,255.0,3.5,,,
9027-9102,432,408,68.0,11.0,77.0,3.5,9.0
9029-1901,95,0,275.0,18.5,,,
9028-12705,342,314,251.0,3.0,251.0,0.5,0.0
9029-3701,137,0,37.0,13.0,,,
9029-3702,194,68,84.0,1.5,85.0,0.5,1.0
9029-3703,193,1,72.0,8.0,,,
9028-12702,674,657,223.0,1.0,222.0,1.0,1.0
9029-12701,515,238,179.0,3.500000000000005,171.0,2.0,8.0
9029-3704,175,8,33.0,2.5,,,
9029-12703,671,0,63.0,20.0,,,
9028-9102,457,392,13.0,1.5,15.0,0.5,2.0
9029-6101,322,17,83.0,1.5,,,
9028-12704,649,628,305.0,1.0,307.0,0.5,2.0
9029-6104,133,107,317.0,15.5,306.0,6.0,11.0
9029-6103,281,88,354.0,3.5,351.0,4.5,3.0
9030-1901,82,2,192.0,8.0,,,
9030-1902,91,68,162.0,6.5,157.0,14.0,5.0
9030-3701,190,2,80.0,4.5,,,
9029-9101,477,143,122.0,4.5,124.0,2.0,2.0
9030-12703,474,36,166.0,0.5,,,
9029-12702,688,662,262.0,6.0,264.0,5.0,2.0
9030-12702,365,325,326.0,4.5,323.0,2.0,3.0
9029-12704,671,655,248.0,1.0,248.0,0.5,0.0
9030-3703,189,140,91.0,2.5,96.0,1.0,5.0
9030-6101,220,0,74.0,89.5,,,
9030-3702,181,186,356.0,6.000000000000005,359.0,2.499999999999998,3.0
9030-12705,618,9,67.0,39.5,,,
9030-6102,241,0,113.0,44.5,,,
9030-3704,185,105,189.0,1.5,190.0,1.0,1.0
9029-12705,686,686,197.0,4.5,172.0,0.5,25.0
9031-1901,97,1,60.0,8.5,,,
9030-9101,268,0,349.0,18.500000000000004,,,
9031-1902,90,93,192.0,8.0,188.0,4.5,4.0
9031-3701,176,38,174.0,1.5,,,
9031-3702,106,81,93.0,12.5,57.0,26.5,36.0
9030-12704,548,542,291.0,2.0,290.0,1.0,1.0
9031-12704,207,154,2.0,5.500000000000002,18.0,2.5,16.0
9031-3703,167,69,347.0,8.5,320.0,7.5,27.0
9031-3704,166,87,118.0,5.5,196.0,0.5,78.0
9030-9102,218,291,265.0,1.0,263.0,1.0,2.0
9031-6103,141,98,338.0,6.0,339.0,11.0,1.0
9031-12705,350,255,337.0,2.0,337.0,2.0,0.0
9031-9101,320,12,86.0,10.0,,,
9031-6102,188,209,205.0,13.5,204.0,5.0,1.0
9031-12703,411,293,165.0,6.0,168.0,1.5,3.0
9031-6104,203,283,22.0,8.0,19.0,2.0,3.0
9031-9102,447,8,136.0,10.0,,,
9031-12701,427,503,81.0,5.5,91.0,2.5,10.0
9032-3702,190,62,160.0,0.5,236.0,3.0,76.0
9032-12703,387,69,95.0,3.0,80.0,3.5,15.0
9032-3701,194,170,138.0,18.5,130.0,3.0,8.0
9032-3703,146,128,15.0,2.0,12.0,2.0,3.0
9032-6102,290,95,5.0,17.000000000000007,350.0,1.5,15.0
9032-12705,387,275,68.0,1.5,69.0,0.5,1.0
9032-6104,265,182,326.0,8.5,44.0,18.5,78.0
9032-12702,489,388,28.0,3.0,33.0,1.5,5.0
9033-12703,132,15,265.0,12.5,,,
9032-12704,411,359,209.0,6.5,217.0,2.0,8.0
9033-12702,421,0,346.0,38.0,,,
9032-9102,217,302,36.0,5.5,34.0,2.5,2.0
9033-12701,378,111,92.0,3.0,87.0,1.5,5.0
9033-1901,91,91,23.0,89.5,332.0,17.5,51.0
9033-12704,260,0,132.0,29.5,,,
9033-3701,138,24,83.0,2.5,,,
9033-1902,86,90,66.0,4.0,63.0,1.5,3.0
9033-6103,169,4,145.0,9.5,,,
9032-9101,418,375,114.0,3.5,112.0,1.5,2.0
9881-6101,318,223,179.0,2.9999999999999996,178.0,1.999999999999998,1.0
9881-12702,443,421,255.0,3.0,254.0,0.5,1.0
9881-12703,678,75,94.0,0.5,97.0,2.0,3.0
9882-1902,96,1,76.0,3.0,,,
9882-3702,184,63,49.0,13.0,356.0,0.5,53.0
9881-9102,370,400,134.0,9.0,111.0,2.5,23.0
9882-3701,190,183,314.0,1.5,309.0,3.0,5.0
9882-3703,186,113,117.0,4.0,113.0,3.5,4.0
9882-12703,432,302,106.0,1.5,105.0,1.5,1.0
9881-12704,665,554,114.0,3.0,112.0,3.5,2.0
9881-12701,630,641,189.0,3.0,190.0,2.0,1.0
9881-12705,676,638,133.0,2.0,131.0,1.5,2.0
9882-6101,183,126,217.0,9.5,223.0,8.0,6.0
9882-3704,187,154,174.0,2.5,26.0,2.5,148.0
9882-12704,514,513,91.0,6.5,89.0,3.5,2.0
9882-12701,608,533,109.0,3.0,105.0,2.0,4.0
9883-1901,86,51,297.0,21.5,63.0,18.5,126.0
9882-6104,318,115,179.0,4.5,203.0,5.5,24.0
9883-1902,71,88,165.0,12.0,164.0,4.0,1.0
9882-9102,441,78,213.0,7.5,356.0,3.5,143.0
9883-3702,154,1,109.0,5.5,,,
9882-12702,637,619,191.0,2.5,194.0,1.0,3.0
9883-3703,190,26,249.0,4.0,,,
9882-12705,652,590,317.0,1.5,317.0,1.0,0.0
9883-3701,184,184,178.0,3.999999999999998,187.0,2.0,9.0
9883-6102,80,79,178.0,32.0,198.0,4.0,20.0
9883-3704,139,109,130.0,12.0,125.0,6.0,5.0
9882-9101,476,311,49.0,6.0,36.0,1.0,13.0
9883-12703,336,320,249.0,1.0,251.0,1.0,2.0
9883-6101,315,19,329.0,9.0,,,
9883-6103,308,4,78.0,3.0,,,
9883-12702,676,214,235.0,4.0,170.0,2.5,65.0
9883-6104,318,6,305.0,8.5,,,
9883-12701,539,415,9.0,7.0,24.0,1.5,15.0
9884-3702,174,15,225.0,25.0,,,
9884-3703,182,1,136.0,11.0,,,
9884-6102,167,1,73.0,5.5,,,
9884-3701,195,104,14.0,2.0,249.0,2.0,125.0
9883-12705,436,491,146.0,25.5,123.0,5.0,23.0
9884-9102,103,16,12.0,3.0,,,
9884-12705,243,223,91.0,2.5,85.0,1.5,6.0
9884-3704,196,164,38.0,2.0,30.0,0.5,8.0
9884-12701,361,196,114.0,2.0,111.0,0.5,3.0
9884-6104,217,178,321.0,2.0,323.0,1.0,2.0
9884-6103,264,229,316.0,3.0,319.0,1.0,3.0
9885-12701,148,156,13.0,11.500000000000005,14.0,3.5,1.0
9885-1902,92,0,312.0,4.5,,,
9885-1901,94,97,9.0,10.500000000000005,110.0,5.5,101.0
9885-12702,196,168,228.0,7.5,240.0,3.5,12.0
9884-6101,327,327,230.0,0.5,257.0,0.5,27.0
9885-12704,192,118,345.0,21.0,328.0,13.0,17.0
9884-9101,284,313,332.0,3.5,340.0,0.5,8.0
9885-3701,193,0,207.0,5.0,,,
9883-9102,475,484,169.0,3.0,169.0,1.5,0.0
9885-3702,145,83,310.0,7.5,312.0,4.0,2.0
9885-3703,190,121,325.0,2.0,328.0,2.5,3.0
9885-3704,189,121,98.0,3.0,102.0,3.0,4.0
9885-6102,315,3,203.0,16.5,,,
9885-6101,156,175,64.0,11.5,51.0,2.0,13.0
9885-12703,691,19,204.0,50.5,,,
9884-12702,679,527,341.0,1.0,338.0,1.0,3.0
9885-6103,212,218,130.0,8.5,136.0,3.0,6.0
9885-6104,299,197,153.0,1.5,150.0,1.5,3.0
9886-1901,95,59,181.0,3.5000000000000004,197.0,2.0,16.0
9885-12705,442,392,129.0,1.0,130.0,1.0,1.0
9885-9102,238,297,267.0,9.0,275.0,2.0,8.0
9886-1902,94,94,136.0,3.5,135.0,2.5,1.0
9886-12702,286,152,121.0,10.0,96.0,0.5,25.0
9886-3701,193,125,303.0,89.5,43.0,42.0,100.0
9885-9101,350,354,341.0,13.5,342.0,3.5,1.0
9886-6104,116,95,110.0,7.0,115.0,2.0,5.0
9886-6102,173,199,91.0,20.0,27.0,26.5,64.0
9886-3704,190,190,88.0,3.0,86.0,2.0,2.0
9887-1902,106,23,155.0,7.0,,,
9886-12704,417,386,1.0,9.000000000000009,347.0,4.5,14.0
9887-12704,420,4,8.0,2.0,,,
9887-12702,527,0,202.0,89.5,,,
9887-12701,348,308,75.0,2.5,79.0,1.5,4.0
9887-3701,195,195,89.0,3.5,88.0,1.5,1.0
9887-12703,555,7,209.0,44.5,,,
9887-3702,193,105,176.0,1.5,172.0,2.0,4.0
9886-12701,664,621,88.0,2.5,91.0,1.0,3.0
9887-3703,198,196,167.0,1.5,165.0,0.5,2.0
9887-3704,197,103,193.0,20.0,195.0,21.0,2.0
9886-9101,452,436,131.0,8.0,130.0,3.5,1.0
9887-6101,289,4,211.0,22.5,,,
9887-6103,182,138,42.0,13.0,42.0,9.0,0.0
9888-1901,103,6,223.0,7.0,,,
9887-6102,333,2,86.0,17.0,,,
9886-12703,687,632,283.0,3.5,286.0,2.0,3.0
9887-12705,455,369,130.0,2.5,127.0,0.5,3.0
9886-12705,684,684,215.0,2.0,220.0,1.0,5.0
9888-3704,172,2,276.0,5.5,,,
9888-6104,237,9,0.0,27.5,,,
9888-3701,190,189,33.0,1.5,30.0,1.5,3.0
9888-6103,278,22,314.0,16.5,,,
9887-6104,328,247,345.0,9.5,317.0,5.5,28.0
9888-6101,322,2,147.0,5.5,,,
9889-1901,87,96,161.0,17.5,165.0,3.5,4.0
9889-1902,96,96,61.0,5.5,62.0,2.0,1.0
9033-3702,155,137,31.0,5.0,32.0,2.5,1.0
9032-12701,675,638,86.0,1.5,89.0,0.5,3.0
9033-3704,182,173,117.0,1.5,112.0,1.0,5.0
9033-6104,316,3,218.0,44.0,,,
9033-6101,216,192,170.0,4.0,174.0,1.5,4.0
9033-6102,257,183,200.0,2.0,203.0,1.0,3.0
9034-3701,143,0,199.0,89.5,,,
9033-9101,443,11,7.0,18.0,,,
9034-3703,117,0,261.0,8.5,,,
9034-6101,115,53,196.0,13.999999999999998,319.0,89.5,123.0
9034-3702,174,187,298.0,6.0,291.0,2.5,7.0
9034-6102,144,120,234.0,26.0,229.0,4.0,5.0
9034-6103,168,76,126.0,2.5,125.0,4.5,1.0
9034-6104,278,28,65.0,7.0,,,
9035-12703,93,98,177.0,9.500000000000005,171.0,4.0,6.0
9034-9102,385,1,219.0,37.5,,,
9035-1901,66,31,24.0,11.0,,,
9035-12702,116,195,131.0,23.0,123.0,2.5,8.0
9033-9102,454,458,297.0,6.0,292.0,2.5,5.0
9033-12705,665,638,286.0,2.5,284.0,1.5,2.0
9034-12705,635,247,195.0,3.0,202.0,3.0,7.0
9034-12703,443,491,258.0,2.0,257.0,1.0,1.0
9035-12704,164,172,69.0,28.0,55.0,2.0,14.0
9035-1902,66,79,40.0,13.0,23.0,2.5,17.0
9035-3702,94,92,37.0,9.5,39.0,3.5,2.0
9035-3701,99,115,131.0,30.0,133.0,3.5,2.0
9035-3703,115,114,49.0,26.0,104.0,9.0,55.0
9035-6103,237,1,213.0,6.5,,,
9035-3704,185,176,209.0,4.0,210.0,4.0,1.0
9035-6104,124,144,158.0,13.0,170.0,5.0,12.0
9035-12701,367,388,327.0,6.0,311.0,3.0,16.0
9036-1902,87,24,30.0,8.0,,,
9035-9102,147,139,123.0,17.5,100.0,2.5,23.0
9035-6102,164,257,30.0,4.5,36.0,1.0,6.0
9034-12701,656,641,86.0,7.5,81.0,3.0,5.0
9036-3702,199,6,269.0,5.5,,,
9036-3704,155,61,248.0,5.0,193.0,0.5,55.0
9036-6103,150,139,98.0,12.5,117.0,0.5,19.0
9036-12702,291,241,290.0,3.5,295.0,1.0,5.0
9035-9101,468,166,262.0,2.5,299.0,4.0,37.0
9036-12705,230,221,286.0,6.0,291.0,3.0,5.0
9037-1901,95,2,301.0,88.5,,,
9037-1902,100,89,227.0,8.5,238.0,7.5,11.0
9036-9101,446,92,1.0,2.0,359.0,1.5,2.0
9036-12701,392,412,29.0,13.0,26.0,4.0,3.0
9036-12704,330,403,335.0,5.0,342.0,2.5,7.0
9037-3701,184,93,157.0,21.5,7.0,31.000000000000004,150.0
9037-12701,353,298,14.0,15.000000000000002,0.0,4.000000000000001,14.0
9037-3702,193,125,256.0,6.5,277.0,19.5,21.0
9037-6102,246,0,75.0,31.5,,,
9037-12705,362,226,254.0,0.5,277.0,0.5,23.0
9037-6101,173,227,58.0,35.5,52.0,6.5,6.0
9038-12701,189,5,70.0,0.5,,,
9037-6103,317,112,140.0,7.5,154.0,3.5,14.0
9037-6104,325,95,167.0,4.5,237.0,7.5,70.0
9038-1901,93,76,79.0,7.5,71.0,6.5,8.0
9037-9101,376,156,338.0,19.000000000000004,347.0,15.5,9.0
9038-12705,222,118,97.0,89.5,100.0,16.0,3.0
9038-12704,246,163,176.0,51.0,179.0,20.5,3.0
9038-3703,190,5,275.0,89.5,,,
9038-3701,161,185,306.0,13.0,295.0,4.5,11.0
9038-3704,181,0,245.0,1.5,,,
9038-3702,186,185,73.0,5.5,61.0,5.0,12.0
9037-12702,687,654,310.0,53.0,343.0,9.5,33.0
9038-6102,296,6,357.0,1.5,,,
9037-12703,666,654,70.0,1.0,71.0,0.5,1.0
9038-9101,226,192,43.0,89.5,63.0,39.5,20.0
9039-12702,386,38,57.0,3.0,,,
9039-1901,96,0,223.0,10.5,,,
9038-9102,287,213,202.0,16.0,199.0,5.5,3.0
9039-12705,278,1,224.0,8.0,,,
9038-12702,672,422,349.0,1.5,349.0,0.5,0.0
9039-12703,461,2,237.0,11.5,,,
9039-1902,83,78,13.0,3.0,165.0,3.5,152.0
9039-3703,152,48,127.0,5.0,,,
9039-3704,164,28,334.0,11.0,,,
9039-12701,583,0,239.0,5.5,,,
9038-12703,595,587,205.0,3.5,203.0,0.5,2.0
9039-6103,244,20,290.0,3.5,,,
9040-1901,100,90,249.0,17.0,96.0,12.0,153.0
9040-1902,92,92,340.0,3.5,343.0,2.0,3.0
9040-3703,157,70,108.0,89.5,308.0,18.0,160.0
9039-12704,352,334,138.0,2.0,138.0,1.0,0.0
9040-12704,236,195,151.0,3.0,158.0,2.0,7.0
9040-3704,125,108,353.0,7.999999999999997,356.0,3.999999999999998,3.0
9039-9101,258,279,344.0,1.5,335.0,3.5,9.0
9040-6103,286,28,175.0,1.5,,,
9039-6102,316,309,271.0,1.5,268.0,1.0,3.0
9039-9102,470,107,262.0,1.0,102.0,0.5,160.0
9041-1902,94,1,76.0,5.5,,,
9041-1901,103,37,110.0,3.5,,,
9041-12705,244,40,265.0,0.5,,,
9041-3703,186,9,329.0,1.5,,,
9040-9102,287,229,231.0,2.0,235.0,0.5,4.0
9040-6101,323,323,60.0,1.0,60.0,1.0,0.0
9041-12704,394,18,266.0,3.5,,,
9040-6104,307,307,257.0,1.5,257.0,1.0,0.0
9040-12701,608,374,243.0,2.5,240.0,1.0,3.0
9041-3702,188,188,221.0,2.5,221.0,1.5,0.0
9041-3704,167,167,294.0,1.5,294.0,0.5,0.0
9889-3704,183,62,343.0,2.0,317.0,3.0,26.0
9888-12702,468,360,217.0,4.5,214.0,2.0,3.0
9889-12703,382,0,232.0,43.5,,,
9889-12701,309,222,172.0,1.5,171.0,1.0,1.0
9889-6104,131,0,132.0,35.5,,,
9889-12704,255,214,346.0,4.5,352.0,2.5,6.0
9888-9101,402,338,228.0,3.5,230.0,0.5,2.0
9889-6101,149,139,213.0,15.0,194.0,7.0,19.0
9889-12702,405,251,130.0,2.0,152.0,0.5,22.0
9889-6102,216,282,215.0,32.5,213.0,4.5,2.0
9890-1901,97,97,271.0,6.0,58.0,8.0,147.0
9889-9102,390,9,291.0,10.0,,,
9888-12701,691,651,276.0,0.5,269.0,1.0,7.0
9889-9101,453,4,54.0,2.5,,,
9890-3704,99,17,291.0,2.0,,,
9890-3702,190,6,341.0,3.0,,,
9890-1902,95,95,65.0,12.0,65.0,5.5,0.0
9890-3703,184,4,96.0,6.5,,,
9888-12704,682,681,341.0,2.5,344.0,1.0,3.0
9888-12705,686,668,254.0,2.0,254.0,0.5,0.0
9890-12701,340,278,303.0,1.5,303.0,0.5,0.0
9890-12703,587,0,12.0,13.5,,,
9890-12704,333,289,199.0,2.0,198.0,1.0,1.0
9891-12701,142,4,139.0,89.5,,,
9890-6103,192,2,257.0,0.5,,,
9890-12705,295,362,348.0,9.0,328.0,2.5,20.0
9891-12702,229,4,106.0,1.0,,,
9890-6104,316,3,184.0,3.0,,,
9891-12705,254,1,25.0,52.50000000000001,,,
9891-1902,96,96,71.0,2.0,72.0,1.0,1.0
9891-3701,191,1,75.0,26.0,,,
9891-3704,142,34,329.0,3.5,,,
9890-9101,295,96,175.0,2.5,171.0,3.0,4.0
9890-9102,467,8,61.0,73.0,,,
9890-6102,312,309,110.0,3.0,107.0,1.0,3.0
9891-3702,188,180,292.0,0.5,284.0,3.0,8.0
9891-6104,216,12,146.0,10.0,,,
9891-12704,356,163,234.0,2.5,248.0,9.5,14.0
9891-6102,153,114,21.0,11.0,11.0,5.0,10.0
9891-9101,282,1,67.0,71.0,,,
9892-1901,93,2,3.0,5.000000000000008,,,
9891-9102,368,4,195.0,2.0,,,
9891-6101,311,182,174.0,2.0,172.0,1.0,2.0
9890-12702,660,632,42.0,1.5,42.0,0.5,0.0
9892-12701,243,238,220.0,6.5,217.0,3.5,3.0
9892-3703,173,92,20.0,4.0,21.0,5.0,1.0
9892-12702,385,131,5.0,16.000000000000004,343.0,2.0,22.0
9892-6101,317,1,345.0,14.5,,,
9892-6104,270,43,70.0,3.0,,,
9893-1902,97,5,206.0,10.5,,,
9892-9102,223,202,333.0,21.500000000000004,19.0,6.5,46.0
9892-12705,300,336,24.0,3.5,35.0,2.0,11.0
9893-3701,176,106,60.0,6.0,58.0,5.0,2.0
9892-6102,320,320,227.0,5.0,129.0,1.0,98.0
9893-3703,198,68,295.0,1.5,120.0,5.0,175.0
9892-9101,312,259,75.0,5.0,70.0,3.0,5.0
9893-12704,207,205,72.0,11.5,56.0,6.5,16.0
9893-6102,125,67,272.0,7.0,256.0,4.0,16.0
9892-12703,516,484,119.0,3.5,117.0,1.5,2.0
9892-12704,521,442,152.0,4.0,158.0,2.0,6.0
9893-12702,323,392,183.0,6.999999999999997,186.0,2.0,3.0
9893-3704,204,161,71.0,3.0,70.0,3.0,1.0
9893-9102,182,103,309.0,8.5,311.0,3.0,2.0
9893-6104,182,151,140.0,15.5,133.0,6.0,7.0
9893-6103,326,182,245.0,2.0,240.0,1.5,5.0
9893-12701,472,543,115.0,3.5,116.0,1.5,1.0
9893-9101,470,0,21.0,14.0,,,
9894-1902,102,105,289.0,13.5,309.0,6.5,20.0
9893-12703,511,452,156.0,1.5,156.0,0.5,0.0
9894-3701,193,130,154.0,2.5,156.0,3.0,2.0
9894-12702,293,295,354.0,3.0,358.0,1.0,4.0
9894-3703,193,193,34.0,3.5,31.0,3.0,3.0
9894-9101,186,1,133.0,37.5,,,
9894-3704,178,90,283.0,5.5,141.0,6.0,142.0
9894-6101,215,215,202.0,3.0,204.0,1.0,2.0
9894-12703,353,524,115.0,5.5,112.0,1.5,3.0
9894-6103,258,293,201.0,18.0,177.0,3.999999999999998,24.0
9894-12705,413,406,94.0,4.0,97.0,2.5,3.0
9894-6104,330,339,66.0,3.0,65.0,1.5,1.0
9894-9102,195,399,317.0,8.0,300.0,0.5,17.0
9894-12704,611,559,13.0,2.0,14.0,1.5,1.0
9894-12701,664,658,101.0,29.5,92.0,5.5,9.0
9041-6103,321,41,163.0,33.0,,,
9041-12703,406,409,215.0,1.5,217.0,0.5,2.0
9042-12705,141,12,136.0,0.5,,,
9041-6102,244,271,162.0,5.0,164.0,1.5,2.0
9042-12701,191,218,134.0,10.5,142.0,3.0,8.0
9042-3701,178,0,163.0,24.0,,,
9042-3704,166,6,211.0,3.5,,,
9042-12704,415,2,279.0,3.5,,,
9042-3703,183,11,219.0,8.0,,,
9041-9101,452,330,197.0,1.5,196.0,1.5,1.0
9041-12702,593,639,17.0,1.5,17.0,1.0,0.0
9042-6104,183,1,130.0,89.5,,,
9042-12702,369,400,295.0,2.5,294.0,0.5,1.0
9042-6101,313,56,0.0,4.000000000000006,355.0,4.0,5.0
9041-9102,465,465,238.0,2.5,235.0,1.5,3.0
9042-6103,245,66,292.0,2.0,298.0,0.5,6.0
9042-6102,163,270,183.0,2.500000000000006,181.0,1.0000000000000049,2.0
9043-12701,309,17,344.0,0.5,,,
9043-1902,99,16,231.0,4.5,,,
9043-1901,101,69,117.0,6.0,111.0,2.5,6.0
9043-12703,319,10,53.0,22.0,,,
9043-12705,342,2,281.0,2.5,,,
9043-3703,192,11,213.0,16.5,,,
9043-6101,211,2,300.0,3.5,,,
9042-12703,667,512,38.0,1.5,41.0,0.5,3.0
9043-12702,535,43,321.0,25.0,,,
9042-9101,441,432,350.0,1.5,351.0,0.5,1.0
9044-1901,98,64,165.0,3.0,254.0,2.5,89.0
9044-1902,90,4,257.0,2.5,,,
9042-9102,449,428,329.0,1.5,328.0,1.0,1.0
9043-12704,426,386,171.0,5.5,178.0,2.499999999999998,7.0
9044-3702,94,4,0.0,14.999999999999996,,,
9044-3701,182,19,188.0,2.0,,,
9043-9102,463,36,50.0,5.0,,,
9043-6102,299,290,121.0,1.5,121.0,1.0,0.0
9043-6104,327,257,248.0,3.0,246.0,1.0,2.0
9044-12702,473,23,173.0,0.5,,,
9044-12704,389,128,275.0,2.5,275.0,0.5,0.0
9044-6102,270,8,344.0,3.5,,,
9044-9102,259,3,197.0,3.0,,,
9044-6104,294,3,172.0,35.0,,,
9044-12701,423,310,88.0,1.0,90.0,0.5,2.0
9045-1902,92,92,313.0,2.5,313.0,1.0,0.0
9044-6101,312,312,264.0,3.0,263.0,1.5,1.0
9044-9101,289,226,350.0,3.0,351.0,0.5,1.0
9045-3701,186,76,154.0,3.0,167.0,4.0,13.0
9045-3702,172,188,180.0,11.0,188.0,2.5,8.0
9045-12701,665,5,43.0,43.49999999999999,,,
9045-12705,462,10,78.0,18.0,,,
9045-6102,225,2,19.0,40.49999999999999,,,
9045-3703,177,185,80.0,1.0,47.0,0.5,33.0
9045-3704,189,173,253.0,2.0,252.0,0.5,1.0
9045-6103,225,35,293.0,28.0,,,
9045-6101,244,174,302.0,2.0,307.0,1.0,5.0
9045-6104,266,14,217.0,7.5,,,
9045-12703,464,458,232.0,3.5,233.0,1.5,1.0
9046-12701,197,4,321.0,84.0,,,
9045-12704,481,449,72.0,6.0,77.0,2.5,5.0
9046-1901,104,63,211.0,3.0,239.0,5.0,28.0
9046-3702,194,5,170.0,1.5,,,
9046-6102,52,4,123.0,56.0,,,
9046-12704,284,88,225.0,2.0,180.0,0.5,45.0
9045-12702,661,664,108.0,3.0,109.0,1.0,1.0
9046-12703,304,129,102.0,0.5,264.0,0.5,162.0
9046-6104,79,14,41.0,0.5,,,
9046-3701,170,195,84.0,14.5,87.0,3.5,3.0
9045-9102,473,171,333.0,10.5,93.0,0.5,120.0
9045-9101,430,400,133.0,1.5,127.0,0.5,6.0
9046-3704,196,188,7.0,5.5,4.0,3.0,3.0
9046-9102,354,0,326.0,40.0,,,
9047-3701,161,17,109.0,6.5,,,
9046-9101,390,39,331.0,36.50000000000001,,,
9047-12704,333,38,113.0,0.5,,,
9047-3703,168,25,261.0,29.0,,,
9046-12705,469,491,66.0,9.0,74.0,0.5,8.0
9047-6103,191,4,319.0,74.0,,,
9047-12702,281,237,24.0,4.5,28.0,1.5,4.0
9047-3704,115,111,164.0,6.5,164.0,2.5,0.0
9047-12705,273,210,79.0,0.5,17.0,0.5,62.0
9047-12701,674,25,127.0,30.5,,,
9047-9101,132,101,104.0,15.5,97.0,0.5,7.0
9048-3703,98,18,43.0,0.5,,,
9048-12705,127,59,358.0,5.500000000000005,2.0,2.000000000000005,4.0
9046-12702,669,667,138.0,1.5,137.0,1.0,1.0
9048-1901,96,95,265.0,9.5,286.0,8.0,21.0
9047-9102,165,158,215.0,8.0,216.0,3.0,1.0
9048-3704,193,6,141.0,89.5,,,
9047-6104,331,276,171.0,1.0,179.0,0.5,8.0
9048-12703,251,228,173.0,4.0,178.0,1.5,5.0
9048-6102,287,19,224.0,6.0,,,
9049-1902,87,4,78.0,7.5,,,
9049-1901,98,98,177.0,6.500000000000006,179.0,5.000000000000005,2.0
9049-3703,161,33,67.0,2.0,,,
9047-12703,661,567,253.0,1.0,251.0,0.5,2.0
9048-6104,251,249,101.0,3.5,102.0,1.0,1.0
9048-9101,295,162,344.0,4.5,351.0,4.0,7.0
9049-12704,403,73,168.0,4.0,158.0,4.0,10.0
9049-3701,185,158,179.0,4.5,179.0,1.5000000000000038,0.0
9049-3704,145,166,221.0,24.5,223.0,5.0,2.0
9049-6103,163,100,163.0,8.0,164.0,6.0,1.0
9049-6102,161,205,250.0,5.5,248.0,2.0,2.0
9048-12701,488,532,180.0,6.5000000000000036,196.0,3.0,16.0
9050-12703,137,84,281.0,1.5,300.0,0.5,19.0
9050-1901,105,21,261.0,2.0,,,
9050-1902,93,0,329.0,2.5,,,
9049-9101,186,175,298.0,2.0,296.0,1.0,2.0
9049-6104,253,132,140.0,3.5,155.0,0.5,15.0
9050-3701,158,56,121.0,5.0,110.0,2.5,11.0
9050-3702,111,112,78.0,14.0,79.0,4.0,1.0
9049-12702,475,506,353.0,1.5,351.0,0.5,2.0
9050-6101,283,11,337.0,0.5,,,
9050-12702,668,10,41.0,12.0,,,
9085-1901,77,35,53.0,24.5,,,
9050-12705,398,309,231.0,1.5,233.0,1.5,2.0
9085-3702,125,79,239.0,7.0,236.0,2.0,3.0
9085-12704,291,72,154.0,2.0,164.0,5.0,10.0
9085-12703,341,106,66.0,3.5,71.0,4.0,5.0
9085-6102,128,3,222.0,89.5,,,
9085-12705,277,239,7.0,6.0,26.0,1.0,19.0
9085-6104,169,16,17.0,3.5,,,
9085-6101,267,190,308.0,3.5,310.0,1.0,2.0
9050-9101,454,421,248.0,3.5,253.0,1.5,5.0
9050-12704,655,565,20.0,1.5,22.0,0.5,2.0
9050-9102,494,486,157.0,2.5,155.0,1.0,2.0
9085-9101,285,189,195.0,2.5,197.0,1.5,2.0
9086-1901,84,2,39.0,7.0,,,
9085-6103,316,310,38.0,3.5,38.0,1.5,0.0
9086-1902,102,5,11.0,3.5,,,
9086-3701,146,0,58.0,10.0,,,
9085-9102,305,310,92.0,8.5,81.0,6.0,11.0
9085-12701,619,629,79.0,3.0,78.0,1.0,1.0
9086-3702,156,0,42.0,12.0,,,
9086-12705,197,210,216.0,16.5,209.0,4.5,7.0
9086-3704,175,24,108.0,9.5,,,
9086-12704,311,276,146.0,5.5,149.0,1.5,3.0
9086-3703,169,160,319.0,28.5,320.0,4.0,1.0
9086-6102,132,142,329.0,12.0,342.0,3.5,13.0
9086-6101,198,106,23.0,0.5,1.0,0.5,22.0
9086-9102,250,4,238.0,89.5,,,
9086-12703,429,424,277.0,1.0,277.0,0.5,0.0
9086-6104,318,2,69.0,4.5,,,
9086-12702,470,496,8.0,5.5,352.0,2.5,16.0
9087-1901,99,24,255.0,2.0,,,
9087-1902,90,0,65.0,9.0,,,
9086-12701,586,508,35.0,1.0,34.0,0.5,1.0
9087-12702,215,180,281.0,22.5,279.0,5.5,2.0
9087-3702,121,52,125.0,11.0,306.0,10.5,179.0
9087-3704,175,101,41.0,2.0,42.0,2.0,1.0
9087-12703,279,338,226.0,27.0,229.0,5.0,3.0
9087-9102,258,78,8.0,4.0,8.0,3.5,0.0
9087-6104,292,264,161.0,10.0,164.0,6.5,3.0
9088-1901,93,99,42.0,8.0,38.0,4.5,4.0
9088-1902,89,0,185.0,7.500000000000001,,,
9088-3702,165,0,41.0,2.5,,,
9088-12701,349,389,316.0,2.0,314.0,0.5,2.0
9088-3703,118,64,100.0,5.5,98.0,4.5,2.0
9087-12701,668,578,109.0,1.5,107.0,1.0,2.0
9087-9101,471,464,132.0,1.5,133.0,0.5,1.0
9087-12704,623,644,50.0,2.0,54.0,0.5,4.0
9087-12705,676,678,341.0,1.5,342.0,1.0,1.0
9088-6102,250,215,318.0,2.5,312.0,1.5,6.0
9088-6104,320,137,98.0,2.0,99.0,1.5,1.0
9089-1901,98,1,82.0,9.0,,,
9089-1902,99,1,0.0,29.000000000000007,,,
9088-12702,673,667,113.0,1.5,112.0,1.5,1.0
9089-3701,193,5,194.0,2.0,,,
9088-9102,378,286,349.0,0.5,341.0,0.5,8.0
9088-9101,385,351,312.0,12.5,317.0,1.5,5.0
9088-12704,682,676,98.0,2.0,99.0,1.0,1.0
9088-12705,675,553,195.0,1.0,196.0,1.0,1.0
9089-3702,170,174,123.0,5.0,121.0,3.0,2.0
9089-3703,194,194,140.0,11.0,142.0,3.0,2.0
9089-3704,129,141,253.0,6.5,258.0,3.0,5.0
9089-6102,278,1,173.0,20.000000000000007,,,
9089-6103,253,21,210.0,4.0,,,
9089-12703,600,290,57.0,2.5,118.0,0.5,61.0
9089-6101,318,249,207.0,2.0,211.0,1.5,4.0
9089-9101,207,192,30.0,7.0,25.0,3.5,5.0
9089-12702,644,643,205.0,2.5,204.0,1.0,1.0
9090-12702,228,195,345.0,17.5,358.0,2.5,13.0
9089-12704,648,469,158.0,1.0,159.0,1.0,1.0
9089-6104,329,325,156.0,1.5,155.0,0.5,1.0
9090-1902,89,91,90.0,6.5,93.0,3.0,3.0
9090-3702,191,130,241.0,2.0,236.0,2.0,5.0
9090-6102,159,97,270.0,11.5,269.0,10.5,1.0
9090-12703,366,332,113.0,5.0,122.0,5.0,9.0
9089-9102,349,411,291.0,11.0,279.0,2.5,12.0
9090-6104,321,31,9.0,2.5,,,
9090-3704,196,195,212.0,12.5,206.0,2.0,6.0
9090-6101,242,205,197.0,13.0,184.0,8.500000000000007,13.0
9091-1901,98,17,155.0,29.5,,,
9091-12701,300,50,161.0,1.5,171.0,2.0,10.0
9091-1902,95,36,123.0,2.0,,,
9091-12702,397,13,342.0,0.5,,,
9090-12705,633,425,149.0,0.5,150.0,0.5,1.0
9091-3701,139,21,188.0,0.5,,,
9091-12703,245,209,269.0,9.0,263.0,3.0,6.0
9091-3703,184,3,42.0,6.5,,,
9090-12704,671,671,299.0,2.0,300.0,1.0,1.0
9090-9101,481,475,173.0,1.5,176.0,0.5,3.0
9090-9102,486,369,78.0,89.5,235.0,3.5,157.0
9091-12705,510,217,113.0,1.0,61.0,0.5,52.0
9091-9102,221,88,106.0,3.0,102.0,2.5,4.0
9091-6101,293,189,345.0,0.5,349.0,0.5,4.0
9091-12704,447,411,244.0,1.5,244.0,0.5,0.0
9092-12704,309,3,30.0,56.0,,,
9092-3701,196,5,326.0,4.5,,,
9091-6104,322,264,341.0,1.5,339.0,1.5,2.0
9092-6104,321,4,57.0,17.5,,,
9091-9101,296,417,32.0,4.5,31.0,3.0,1.0
9092-12703,329,348,40.0,3.5,40.0,2.0,0.0
9092-6102,208,261,124.0,8.5,118.0,2.5,6.0
9092-9102,360,151,118.0,1.5,116.0,2.0,2.0
9093-1902,75,93,155.0,89.5,108.0,18.0,47.0
9093-12701,328,152,251.0,3.0,250.0,1.0,1.0
9093-1901,97,65,27.0,19.0,39.0,11.5,12.0
9093-3701,185,185,60.0,4.5,50.0,0.5,10.0
9093-6101,229,66,343.0,6.0,357.0,0.5,14.0
9093-3702,178,181,127.0,10.0,125.0,3.5,2.0
9093-12703,619,239,185.0,0.5,213.0,7.5,28.0
9092-12705,683,448,263.0,0.5,265.0,0.5,2.0
9093-12704,474,438,343.0,6.0,348.0,2.0,5.0
9093-6104,130,130,168.0,27.5,112.0,6.0,56.0
9093-6102,245,227,91.0,1.5,92.0,1.0,1.0
9093-12702,486,505,197.0,7.0,191.0,2.5,6.0
9093-9101,269,28,175.0,4.0000000000000036,,,
9093-6103,281,258,273.0,5.5,268.0,1.0,5.0
9094-1901,109,4,77.0,3.0,,,
9094-1902,76,101,339.0,0.5,350.0,0.5,11.0
9094-3702,166,6,327.0,42.0,,,
9094-12701,220,211,48.0,12.0,54.0,1.0,6.0
9093-9102,293,275,285.0,9.0,288.0,4.0,3.0
9094-12703,327,146,275.0,3.5,289.0,2.5,14.0
9094-12704,419,86,139.0,0.5,204.0,0.5,65.0
9094-6103,316,0,148.0,25.5,,,
9094-12705,265,253,227.0,19.0,243.0,2.0,16.0
9093-12705,669,669,9.0,4.5,6.0,1.5,3.0
9095-12702,287,142,272.0,0.5,273.0,2.0,1.0
9095-1901,99,99,138.0,8.5,145.0,5.5,7.0
9095-3702,104,0,313.0,19.5,,,
9094-6101,322,253,179.0,3.000000000000005,187.0,2.5,8.0
9095-1902,100,94,84.0,4.0,80.0,3.0,4.0
9095-3701,192,192,91.0,3.5,89.0,1.5,2.0
9095-12701,343,264,114.0,2.5,112.0,0.5,2.0
9095-3704,189,73,31.0,5.5,27.0,0.5,4.0
9095-6103,216,5,56.0,9.5,,,
9095-3703,194,101,305.0,3.5,136.0,2.5,169.0
9095-6104,125,130,300.0,5.5,316.0,2.5,16.0
9095-12703,395,407,88.0,1.5,84.0,0.5,4.0
9181-1901,90,0,83.0,9.0,,,
9181-12701,248,28,280.0,0.5,,,
9095-12705,359,336,95.0,3.5,92.0,1.5,3.0
9095-6102,323,249,14.0,1.5,8.0,0.5,6.0
9181-3701,132,117,224.0,7.5,223.0,4.0,1.0
9181-3704,188,12,297.0,33.0,,,
9095-9101,226,265,239.0,16.0,245.0,1.0,6.0
9181-12703,378,10,104.0,42.5,,,
9181-6102,155,40,305.0,16.0,,,
9095-12704,635,584,312.0,1.0,311.0,0.5,1.0
9181-12705,333,288,96.0,3.0,92.0,1.0,4.0
9181-3703,165,192,149.0,17.0,149.0,6.0,0.0
9181-9101,150,118,39.0,20.5,46.0,6.5,7.0
9181-9102,163,132,350.0,4.5,342.0,1.0,8.0
9181-6103,293,2,86.0,89.5,,,
9181-6104,267,268,297.0,89.5,295.0,8.5,2.0
9182-1902,94,94,53.0,3.5,51.0,1.0,2.0
9182-12704,223,109,220.0,2.0,219.0,0.5,1.0
9182-12701,422,2,7.0,5.5,,,
9182-3702,177,0,301.0,89.5,,,
9182-3701,177,195,332.0,5.5,334.0,2.0,2.0
9095-9102,481,480,100.0,2.0,98.0,1.0,2.0
9182-6103,314,33,125.0,2.5,,,
9182-3703,190,113,191.0,3.0,170.0,2.0,21.0
9183-12701,190,0,276.0,10.5,,,
9182-12705,246,226,27.0,8.0,31.0,2.5,4.0
9182-12703,427,315,238.0,1.5,236.0,1.0,2.0
9183-1901,91,0,87.0,28.0,,,
9182-6104,305,240,51.0,1.0,47.0,2.5,4.0
9182-12702,411,441,350.0,1.5,348.0,1.0,2.0
9183-12703,229,140,281.0,6.0,288.0,3.5,7.0
9183-6102,246,13,211.0,23.5,,,
9183-6103,314,19,331.0,2.0,,,
9183-3704,184,179,47.0,3.5,46.0,1.0,1.0
9184-1902,95,13,45.0,1.0,,,
9184-3701,98,43,165.0,4.5,,,
9184-1901,96,78,17.0,89.5,138.0,83.5,121.0
9183-9101,352,244,277.0,2.0,272.0,1.5,5.0
9182-9102,410,372,229.0,2.0,224.0,0.5,5.0
9184-3702,192,14,258.0,1.5,,,
9184-3703,161,51,0.0,19.000000000000007,271.0,89.5,89.0
9184-3704,169,184,178.0,5.500000000000001,180.0,2.000000000000005,2.0
9183-12702,631,550,238.0,2.0,238.0,1.5,0.0
9183-12704,607,482,210.0,1.5,210.0,1.0,0.0
9184-6103,254,167,34.0,3.0,37.0,0.5,3.0
9184-12705,381,299,285.0,2.5,286.0,2.0,1.0
9184-6104,196,171,115.0,3.5,116.0,2.0,1.0
9184-6102,281,238,159.0,2.5,149.0,0.5,10.0
9185-12702,254,8,224.0,0.5,,,
9184-9101,456,15,241.0,20.0,,,
9185-1902,99,105,167.0,3.5,166.0,2.0,1.0
9185-3701,195,2,267.0,36.5,,,
9185-3703,193,38,144.0,5.5,,,
9185-12704,335,0,115.0,36.0,,,
9185-12703,460,12,146.0,2.0,,,
9185-6101,237,8,122.0,2.0,,,
9184-12701,663,601,48.0,1.5,47.0,0.5,1.0
9185-6102,126,170,335.0,21.5,348.0,4.0,13.0
9185-6103,258,0,251.0,3.5,,,
9184-9102,468,469,98.0,6.5,97.0,3.0,1.0
9186-12704,397,15,289.0,5.5,,,
9186-1901,72,89,85.0,11.5,55.0,17.0,30.0
9185-9102,441,71,159.0,3.5,158.0,2.5,1.0
9186-12703,261,200,306.0,8.5,309.0,8.0,3.0
9186-12701,274,252,239.0,4.0,240.0,2.0,1.0
9186-1902,99,2,177.0,4.999999999999999,,,
9185-6104,260,266,76.0,9.0,71.0,2.5,5.0
9185-12701,665,657,276.0,3.5,280.0,1.5,4.0
9186-3704,169,42,285.0,6.5,,,
9186-6104,154,60,243.0,5.0,271.0,4.5,28.0
9186-3703,195,138,181.0,5.000000000000002,187.0,4.0,6.0
9187-12701,167,55,124.0,89.5,56.0,1.0,68.0
9185-9101,378,416,204.0,0.5,160.0,0.5,44.0
9187-1901,93,23,188.0,2.0,,,
9186-6102,315,315,72.0,4.0,72.0,1.5,0.0
9186-6101,329,329,241.0,1.0,241.0,0.5,0.0
9186-9102,332,58,58.0,3.0,51.0,0.5,7.0
9187-1902,88,0,127.0,89.5,,,
9187-3702,138,171,44.0,3.0,39.0,1.5,5.0
9187-3704,122,123,345.0,57.00000000000001,335.0,5.5,10.0
9187-3701,181,181,218.0,7.5,219.0,5.0,1.0
9187-12703,497,401,289.0,6.0,292.0,2.5,3.0
9186-9101,470,450,241.0,1.0,243.0,0.5,2.0
9187-6104,179,128,69.0,4.0,54.0,5.5,15.0
9187-12705,491,444,249.0,12.5,237.0,1.5,12.0
9186-12705,655,646,15.0,2.5,16.0,0.5,1.0
9188-12701,222,260,242.0,27.5,242.0,8.0,0.0
9187-12704,670,668,103.0,2.0,105.0,1.5,2.0
9187-6101,311,266,72.0,8.0,89.0,1.0,17.0
9188-1902,79,0,345.0,14.500000000000002,,,
9187-9102,269,427,227.0,72.5,7.0,26.500000000000004,140.0
9188-3703,162,121,299.0,18.0,359.0,52.00000000000001,60.0
9188-3701,188,187,64.0,21.0,52.0,6.5,12.0
9188-3704,183,64,286.0,3.0,290.0,4.0,4.0
9188-3702,183,2,269.0,12.5,,,
9187-12702,648,660,182.0,9.0,172.0,0.5,10.0
9188-6101,228,22,324.0,8.5,,,
9187-9101,470,469,110.0,1.5,107.0,1.0,3.0
9188-12705,448,336,23.0,5.5,16.0,3.0,7.0
9188-6104,277,112,352.0,2.5,355.0,5.5,3.0
9188-12704,578,565,204.0,3.5,205.0,1.0,1.0
9188-6102,266,272,96.0,1.5,97.0,1.0,1.0
9189-1901,86,1,269.0,8.5,,,
9188-6103,300,293,7.0,2.0,6.0,1.0,1.0
9188-12703,666,666,85.0,2.0,85.0,0.5,0.0
9189-1902,87,21,178.0,27.500000000000004,,,
9189-12701,172,122,58.0,9.0,89.0,1.0,31.0
9189-3703,147,0,194.0,89.5,,,
9189-6101,119,7,229.0,37.0,,,
9189-3701,185,1,354.0,3.0,,,
9188-12702,602,592,345.0,5.0,335.0,2.0,10.0
9189-3704,94,179,217.0,14.0,214.0,2.0,3.0
9188-9102,376,402,250.0,2.5,247.0,1.0,3.0
9189-6103,143,0,126.0,89.5,,,
9189-6104,134,105,79.0,7.5,75.0,4.5,4.0
9188-9101,348,390,108.0,4.5,110.0,1.5,2.0
9190-1902,90,0,204.0,89.5,,,
9190-3701,153,11,273.0,0.5,,,
9190-12705,183,196,45.0,9.5,44.0,3.5,1.0
9190-1901,100,100,314.0,9.5,309.0,4.0,5.0
9190-3702,108,153,248.0,10.5,245.0,2.0,3.0
9190-6103,127,60,72.0,89.5,40.0,16.0,32.0
9190-12701,421,462,214.0,18.5,218.0,2.5,4.0
9190-3704,126,158,255.0,19.5,259.0,7.0,4.0
9189-9101,482,481,310.0,2.0,313.0,1.0,3.0
9190-12704,378,456,169.0,11.0,164.0,2.0,5.0
9190-6104,155,0,40.0,11.0,,,
9190-3703,124,188,263.0,27.0,242.0,7.0,21.0
9190-6101,301,158,24.0,39.5,143.0,15.5,119.0
9190-9101,273,201,27.0,2.5,31.0,1.5,4.0
9190-9102,325,177,70.0,7.0,74.0,4.0,4.0
9191-3701,158,159,18.0,5.0,25.0,1.5,7.0
9191-3704,180,29,240.0,10.5,,,
9189-12705,670,651,238.0,10.0,240.0,6.0,2.0
9191-12704,635,48,181.0,86.5,,,
9189-12704,698,696,133.0,1.0,130.0,0.5,3.0
9191-6104,310,2,188.0,6.5,,,
9192-12705,228,7,334.0,9.5,,,
9191-6102,265,238,305.0,2.0,306.0,1.0,1.0
9191-6101,291,265,44.0,4.5,41.0,3.0,3.0
9190-12703,690,690,129.0,1.0,130.0,0.5,1.0
9192-3702,72,0,280.0,22.5,,,
9192-1901,92,82,59.0,5.5,57.0,3.0,2.0
9192-1902,104,104,250.0,7.0,250.0,2.0,0.0
9192-3701,184,7,178.0,2.999999999999998,,,
9191-12702,624,623,213.0,2.0,215.0,1.5,2.0
9191-12703,646,616,188.0,1.5,190.0,0.5,2.0
9191-9101,297,349,133.0,3.5,136.0,1.0,3.0
9192-3703,128,121,202.0,36.0,1.0,4.000000000000008,159.0
9192-3704,168,125,236.0,89.5,191.0,4.5,45.0
9192-6103,320,3,330.0,89.5,,,
9192-9101,210,128,327.0,89.5,254.0,27.5,73.0
9193-12703,130,94,353.0,12.999999999999996,348.0,6.5,5.0
9193-1901,81,26,237.0,7.5,,,
9192-6101,304,310,99.0,5.0,95.0,2.5,4.0
9192-6104,311,301,192.0,6.5,195.0,2.5,3.0
9192-6102,331,301,139.0,1.5,140.0,0.5,1.0
9192-12701,572,580,329.0,1.5,325.0,0.5,4.0
9192-12703,623,596,277.0,1.0,278.0,1.0,1.0
9193-3702,184,3,101.0,5.0,,,
9193-3703,191,23,255.0,1.5,,,
9193-3701,176,180,43.0,9.5,44.0,4.0,1.0
9193-6101,302,60,272.0,8.0,4.0,32.50000000000001,92.0
9193-12705,590,166,30.0,2.0,27.0,0.5,3.0
9193-6103,276,12,189.0,3.0,,,
9193-9102,178,217,49.0,10.5,53.0,3.0,4.0
9192-9102,469,389,0.0,0.9999999999999978,3.0,0.5,3.0
9193-6104,188,191,302.0,19.5,312.0,3.5,10.0
9194-1902,92,0,322.0,12.0,,,
9193-12702,485,583,256.0,22.5,271.0,8.0,15.0
9194-6102,239,73,357.0,16.5,330.0,1.5,27.0
9194-12705,215,216,80.0,7.5,96.0,1.0,16.0
9193-9101,479,396,203.0,2.0,202.0,0.5,1.0
9194-12704,264,265,94.0,6.5,91.0,3.0,3.0
9194-6103,317,75,100.0,3.5,110.0,1.5,10.0
9194-9102,183,6,174.0,79.5,,,
9194-9101,203,125,124.0,0.5,160.0,11.0,36.0
9194-6104,175,270,267.0,13.5,263.0,3.0,4.0
9194-12702,513,521,294.0,42.0,279.0,2.0,15.0
9195-3701,191,1,52.0,89.5,,,
9195-3702,192,110,64.0,4.0,93.0,1.5,29.0
9194-12701,432,656,36.0,0.5,345.0,1.5,51.0
9195-3703,194,170,345.0,9.5,348.0,5.5,3.0
9195-12701,321,357,211.0,26.5,209.0,4.0,2.0
9195-6101,220,7,308.0,7.5,,,
9195-12702,355,340,16.0,2.0,18.0,0.5,2.0
9195-12703,364,372,170.0,31.999999999999996,171.0,2.0,1.0
9195-3704,189,189,93.0,7.0,91.0,2.0,2.0
9194-12703,670,661,327.0,1.5,328.0,0.5,1.0
9195-12705,365,277,197.0,1.5,218.0,2.0,21.0
9196-12702,166,34,27.0,0.5,,,
9196-1901,93,67,249.0,3.0,47.0,10.0,158.0
9196-1902,98,98,205.0,6.0,198.0,5.0,7.0
9196-3701,175,2,290.0,4.5,,,
9196-12705,287,0,35.0,13.5,,,
9196-12704,305,215,151.0,1.5,152.0,1.0,1.0
9195-6104,334,338,352.0,3.0,352.0,1.5,0.0
9196-3702,180,149,194.0,4.0,192.0,1.0,2.0
9196-6102,266,27,325.0,2.0,,,
9196-6101,251,241,303.0,2.5,305.0,1.0,2.0
9196-3703,181,170,273.0,2.5,269.0,1.0,4.0
9196-12703,473,459,236.0,2.5,238.0,1.0,2.0
9196-6103,315,315,160.0,1.5,160.0,1.5,0.0
9195-12704,686,668,133.0,4.5,121.0,2.5,12.0
9484-1901,91,54,6.0,3.5,331.0,5.5,35.0
9484-1902,98,97,82.0,89.5,91.0,20.0,9.0
9196-12701,654,616,59.0,1.5,53.0,0.5,6.0
9196-9101,377,382,118.0,2.5,118.0,1.0,0.0
9484-3701,197,183,29.0,5.0,28.0,4.0,1.0
9484-12704,293,253,354.0,2.0,353.0,1.0,1.0
9484-3704,191,0,120.0,89.5,,,
9484-3702,191,178,336.0,2.0,332.0,1.5,4.0
9196-9102,410,290,92.0,4.5,99.0,2.5,7.0
9484-6104,234,3,46.0,23.5,,,
9484-6102,187,291,185.0,5.0000000000000036,180.0,2.5000000000000053,5.0
9485-1902,91,8,78.0,2.0,,,
9485-3701,94,100,293.0,3.5,276.0,2.5,17.0
9484-6103,315,315,169.0,3.5,171.0,2.0,2.0
9484-12701,479,480,23.0,16.0,20.0,8.5,3.0
9485-3702,105,106,227.0,10.5,225.0,2.5,2.0
9484-9102,369,345,41.0,14.5,35.0,4.0,6.0
9485-6103,158,2,30.0,2.5,,,
9485-3703,167,160,232.0,13.5,224.0,2.5,8.0
9484-9101,480,480,236.0,1.0,236.0,0.5,0.0
9485-6101,313,169,123.0,1.0,123.0,0.5,0.0
9484-12703,677,671,69.0,2.5,66.0,1.5,3.0
9485-9101,437,18,71.0,7.0,,,
9485-12701,683,210,62.0,2.0,58.0,2.5,4.0
9485-6104,321,288,207.0,3.0,202.0,1.5,5.0
9486-1902,97,2,181.0,8.000000000000004,,,
9486-12703,163,193,95.0,89.5,79.0,8.5,16.0
9486-1901,98,61,278.0,34.5,285.0,14.0,7.0
9486-12705,320,91,192.0,36.50000000000001,289.0,89.5,97.0
9486-3701,188,155,94.0,89.5,44.0,9.5,50.0
9486-3702,157,177,166.0,9.0,165.0,4.5,1.0
9486-3703,137,73,127.0,9.0,115.0,11.0,12.0
9485-9102,384,336,243.0,13.0,233.0,6.0,10.0
9486-3704,189,67,26.0,5.0,15.0,10.5,11.0
9485-12703,658,644,132.0,3.0,134.0,1.5,2.0
9485-12705,670,670,327.0,1.0,327.0,0.5,0.0
9486-6101,326,5,86.0,8.0,,,
9486-12704,346,386,213.0,16.0,218.0,2.5,5.0
9486-12701,673,653,28.0,1.5,26.0,0.5,2.0
9487-1901,100,5,142.0,2.5,,,
9486-6102,318,162,292.0,3.0,294.0,2.5,2.0
9486-9102,152,208,71.0,10.0,66.0,2.5,5.0
9487-1902,101,0,262.0,3.0,,,
9486-12702,686,682,348.0,2.5,349.0,1.5,1.0
9487-3701,183,4,221.0,3.5,,,
9487-3702,196,100,259.0,8.0,250.0,6.0,9.0
9487-12705,685,17,195.0,18.0,,,
9486-9101,454,255,123.0,5.0,138.0,2.0,15.0
9487-3703,98,168,75.0,7.0,85.0,2.5,10.0
9487-3704,183,190,87.0,14.5,87.0,3.5,0.0
9487-12703,392,291,258.0,4.5,257.0,2.0,1.0
9487-6102,284,302,195.0,12.0,192.0,3.5,3.0
9487-6104,253,279,336.0,5.5,334.0,2.5,2.0
9487-6103,185,278,203.0,46.00000000000001,191.0,3.5,12.0
9487-12701,685,685,113.0,2.0,111.0,1.0,2.0
9488-12704,260,232,301.0,12.5,300.0,4.0,1.0
9487-12704,545,518,211.0,15.0,223.0,5.5,12.0
9487-9101,468,344,175.0,1.5,173.0,1.0,2.0
9488-3702,166,107,352.0,4.0,354.0,2.5,2.0
9488-1901,95,84,339.0,8.0,106.0,11.0,127.0
9488-3703,109,90,340.0,10.0,338.0,4.5,2.0
9488-3704,132,14,238.0,34.0,,,
9488-6102,253,42,182.0,20.500000000000007,,,
9488-12702,604,584,94.0,8.5,110.0,1.0,16.0
9487-9102,497,374,149.0,4.5,161.0,4.0,12.0
9488-12701,380,510,271.0,2.5,273.0,1.0,2.0
9488-6104,302,0,22.0,21.5,,,
9488-6103,281,113,318.0,3.5,310.0,4.0,8.0
9488-12703,382,470,189.0,25.000000000000004,179.0,1.4999999999999978,10.0
9489-1901,97,0,196.0,15.000000000000005,,,
9488-9101,268,245,322.0,12.5,318.0,5.5,4.0
9488-12705,582,512,92.0,6.5,100.0,4.5,8.0
9489-3702,195,17,89.0,9.5,,,
9489-12701,628,0,88.0,89.5,,,
9489-12702,406,123,232.0,21.0,202.0,0.5,30.0
9489-3701,119,113,269.0,3.0,87.0,5.5,178.0
9489-6102,170,155,78.0,5.0,77.0,2.0,1.0
9489-3703,193,193,267.0,89.5,280.0,7.0,13.0
9489-6103,307,0,51.0,5.5,,,
9489-9102,485,72,287.0,19.5,85.0,12.0,158.0
9488-9102,474,474,275.0,15.0,259.0,7.0,16.0
9489-6104,331,330,82.0,3.0,82.0,1.5,0.0
9490-12703,221,217,56.0,11.0,64.0,2.5,8.0
9489-12704,418,360,154.0,3.0,151.0,2.5,3.0
9490-1902,79,0,352.0,7.999999999999997,,,
9489-12703,385,478,1.0,8.000000000000004,358.0,1.0000000000000036,3.0
9490-1901,72,21,82.0,4.5,,,
9490-12701,230,226,294.0,4.0,351.0,1.5,57.0
9490-12704,284,302,7.0,12.999999999999998,15.0,3.5,8.0
9490-3701,180,75,37.0,4.0,31.0,4.5,6.0
9490-12702,488,417,252.0,22.5,261.0,10.0,9.0
9490-3704,168,125,65.0,8.5,46.0,5.0,19.0
9490-9101,181,1,128.0,26.0,,,
9490-6103,293,12,309.0,37.50000000000001,,,
9490-3702,177,114,31.0,11.0,43.0,8.0,12.0
9490-9102,199,4,91.0,89.5,,,
9490-6104,200,201,114.0,15.5,96.0,5.5,18.0
9491-1901,95,6,264.0,5.0,,,
9490-12705,684,97,303.0,1.5,281.0,3.0,22.0
9489-12705,633,614,111.0,7.5,103.0,1.0,8.0
9491-1902,96,96,0.0,3.499999999999999,356.0,1.5,4.0
9491-12705,189,2,6.0,12.499999999999998,,,
9491-12703,207,200,268.0,7.5,260.0,1.0,8.0
9491-3702,129,125,33.0,9.0,39.0,4.5,6.0
9491-3703,189,79,264.0,2.0,270.0,2.0,6.0
9490-6102,313,295,194.0,2.0,194.0,0.5,0.0
9491-6104,58,5,270.0,8.0,,,
9490-6101,320,320,183.0,2.0,186.0,1.0,3.0
9491-6102,127,45,279.0,13.5,,,
9491-6103,83,217,333.0,38.5,294.0,6.5,39.0
9491-12701,576,347,114.0,0.5,110.0,0.5,4.0
9491-3704,191,140,347.0,1.5,322.0,2.0,25.0
9492-12702,168,138,345.0,1.0,0.0,3.000000000000004,15.0
9492-1901,85,0,294.0,5.0,,,
9491-9101,199,191,161.0,9.5,153.0,3.5,8.0
9491-6101,298,322,109.0,2.0,112.0,1.0,3.0
9492-3702,147,42,300.0,2.5,,,
9492-3704,152,0,5.0,3.5,,,
9492-3703,190,34,199.0,7.0,,,
9492-3701,163,0,178.0,5.000000000000007,,,
9491-12704,407,336,257.0,5.5,251.0,2.5,6.0
9492-6104,201,13,23.0,3.0,,,
9492-6101,325,316,352.0,4.5,358.0,3.4999999999999982,6.0
9492-6103,275,213,166.0,5.0,168.0,3.5,2.0
9492-6102,325,319,242.0,4.5,243.0,1.0,1.0
9493-1901,76,1,157.0,6.5,,,
9492-12705,642,572,352.0,1.0,355.0,0.5,3.0
9493-12703,662,9,257.0,9.5,,,
9492-12703,380,393,77.0,7.5,80.0,1.0,3.0
9493-3701,191,39,295.0,18.0,,,
9493-12704,302,295,177.0,8.999999999999996,182.0,3.0000000000000004,5.0
9493-3702,122,179,90.0,9.0,78.0,5.0,12.0
9493-12705,457,295,232.0,14.5,187.0,13.000000000000004,45.0
9493-6104,167,136,119.0,14.0,128.0,4.5,9.0
9492-12701,576,613,235.0,2.5,241.0,1.0,6.0
9493-6101,306,285,152.0,2.0,153.0,0.5,1.0
9493-6103,310,293,92.0,3.0,100.0,2.0,8.0
9493-9101,187,181,102.0,13.5,108.0,5.5,6.0
9493-6102,192,235,272.0,3.5,271.0,0.5,1.0
9492-9102,480,428,38.0,89.5,37.0,21.0,1.0
9494-1902,100,38,330.0,6.5,,,
9492-12704,682,665,349.0,1.0,348.0,0.5,1.0
9494-1901,97,84,200.0,3.5,203.0,1.0,3.0
9493-9102,410,259,83.0,4.0,84.0,2.0,1.0
9494-12701,253,259,181.0,42.0,153.0,10.0,28.0
9494-12703,273,271,255.0,20.5,241.0,4.0,14.0
9493-12701,578,579,281.0,4.5,284.0,2.0,3.0
9494-12705,331,308,161.0,14.5,183.0,6.000000000000002,22.0
9494-3701,185,138,220.0,2.0,112.0,4.5,108.0
9494-3704,175,179,225.0,9.5,229.0,4.0,4.0
9494-6101,311,3,286.0,26.0,,,
9495-1902,86,99,58.0,89.5,54.0,12.5,4.0
9494-12704,452,485,205.0,2.0,200.0,1.0,5.0
9495-3701,183,53,76.0,9.5,80.0,11.5,4.0
9494-12702,319,394,353.0,34.0,340.0,6.5,13.0
9495-12705,435,280,134.0,7.5,136.0,4.0,2.0
9495-6104,326,7,194.0,2.5,,,
9495-3704,146,109,111.0,20.5,96.0,10.5,15.0
9495-6103,178,242,148.0,10.0,137.0,2.5,11.0
9495-12703,454,461,318.0,21.5,295.0,3.5,23.0
9495-3703,169,128,83.0,4.5,80.0,2.5,3.0
9494-9102,485,485,149.0,4.0,146.0,2.0,3.0
9496-1902,58,20,117.0,5.0,,,
9495-6101,290,85,358.0,8.000000000000007,160.0,10.0,162.0
9496-1901,104,105,90.0,23.0,78.0,6.0,12.0
9496-12702,223,179,334.0,5.0,333.0,3.0,1.0
9496-3701,179,174,286.0,9.5,105.0,1.0,179.0
9496-3703,108,57,111.0,12.5,109.0,9.0,2.0
9495-6102,313,309,111.0,3.5,109.0,2.0,2.0
9495-9102,271,305,289.0,22.5,330.0,2.5,41.0
9496-12705,356,223,219.0,5.0,215.0,3.5,4.0
9496-3702,199,170,42.0,42.0,60.0,22.5,18.0
9497-1902,82,2,261.0,5.0,,,
9496-12701,444,404,342.0,2.5,342.0,1.0,0.0
9496-6102,259,246,348.0,11.5,336.0,4.0,12.0
9497-3704,113,3,335.0,3.0,,,
9496-12703,414,238,72.0,0.5,71.0,0.5,1.0
9496-6104,284,272,34.0,6.0,32.0,2.5,2.0
9497-3703,136,147,147.0,4.0,139.0,1.5,8.0
9497-6103,197,0,344.0,19.500000000000007,,,
9497-6102,320,18,269.0,2.0,,,
9497-3702,186,135,312.0,11.5,89.0,7.0,137.0
9496-9101,373,379,143.0,1.5,144.0,0.5,1.0
9497-12701,299,219,310.0,2.5,312.0,1.0,2.0
9498-1901,92,5,29.0,7.0,,,
9497-9102,261,144,75.0,2.0,81.0,6.5,6.0
9496-9102,353,335,179.0,1.999999999999998,179.0,1.0000000000000036,0.0
9498-12703,206,166,114.0,3.0,115.0,1.0,1.0
9497-9101,127,277,356.0,11.000000000000007,348.0,3.0,8.0
9498-3702,123,112,59.0,3.5,20.0,2.5,39.0
9498-1902,87,92,123.0,7.0,117.0,3.5,6.0
9498-3701,187,92,182.0,3.5000000000000004,182.0,2.000000000000006,0.0
9498-12704,176,332,239.0,21.5,266.0,3.5,27.0
9498-3704,186,0,287.0,8.0,,,
9498-6104,187,29,274.0,4.0,,,
9498-6102,303,137,303.0,4.5,299.0,3.0,4.0
9498-9101,436,10,190.0,5.5,,,
9499-1901,79,69,191.0,24.499999999999996,184.0,1.5,7.0
9499-12702,280,292,289.0,15.0,279.0,5.5,10.0
9497-12703,608,576,183.0,1.0,185.0,1.0,2.0
9498-12701,663,666,11.0,5.0,9.0,2.0,2.0
9499-3701,136,98,129.0,6.5,132.0,3.0,3.0
9499-3704,184,29,86.0,3.0,,,
9498-9102,463,52,289.0,3.0,302.0,0.5,13.0
9498-12705,450,411,193.0,4.0,191.0,2.5,2.0
9499-12701,438,487,243.0,14.0,252.0,3.0,9.0
9499-6103,251,124,339.0,7.0,338.0,1.5,1.0
9499-6102,327,326,42.0,3.5,42.0,2.0,0.0
9499-6104,327,316,17.0,1.5,15.0,0.5,2.0
9500-3704,174,74,287.0,3.0,48.0,6.5,121.0
9499-9101,483,366,8.0,2.5,7.0,1.5,1.0
9500-12703,263,254,33.0,2.0,29.0,0.5,4.0
9500-6101,116,139,349.0,5.5,347.0,1.0,2.0
9499-12705,602,426,346.0,0.5,346.0,0.5,0.0
9500-12705,347,8,235.0,0.5,,,
9500-12701,603,554,247.0,2.5,245.0,1.5,2.0
9500-6104,114,278,52.0,25.5,59.0,2.5,7.0
9501-1901,97,67,322.0,4.5,308.0,9.5,14.0
9501-1902,93,55,122.0,10.0,94.0,21.5,28.0
9500-9101,181,281,272.0,23.5,252.0,2.5,20.0
9501-3701,194,11,167.0,3.5,,,
9499-12703,693,678,348.0,1.5,349.0,1.0,1.0
9500-12704,674,569,237.0,1.5,237.0,1.0,0.0
9501-3702,192,14,290.0,3.0,,,
9500-9102,292,222,251.0,5.0,250.0,2.5,1.0
9502-12701,199,0,243.0,89.5,,,
9501-3703,137,123,19.0,19.999999999999996,23.0,5.5,4.0
9501-6102,241,188,215.0,2.5,215.0,2.0,0.0
9501-12704,390,459,29.0,3.5,25.0,1.0,4.0
9501-6101,172,236,277.0,89.5,298.0,3.0,21.0
9502-1902,93,0,321.0,35.0,,,
9501-9101,310,186,87.0,4.0,87.0,3.5,0.0
9502-1901,72,84,6.0,50.0,177.0,2.5,171.0
9500-12702,691,664,331.0,1.5,330.0,1.0,1.0
9502-3701,191,118,30.0,3.5,205.0,4.5,175.0
9502-3704,190,63,111.0,6.5,107.0,11.5,4.0
9502-12702,346,382,18.0,89.5,82.0,29.5,64.0
9502-3703,190,112,220.0,3.5,113.0,3.0,107.0
9502-6101,308,175,182.0,2.499999999999999,184.0,1.5,2.0
9502-12704,452,256,14.0,2.0,12.0,2.0,2.0
9502-9101,443,46,54.0,3.0,,,
9503-1902,77,51,232.0,36.5,43.0,44.5,171.0
9503-1901,83,96,117.0,20.5,123.0,6.0,6.0
9501-9102,483,458,308.0,1.5,308.0,1.0,0.0
9503-12702,286,229,94.0,6.5,96.0,2.0,2.0
9503-12704,319,238,212.0,4.5,212.0,1.5,0.0
9503-3702,141,65,14.0,5.5,349.0,11.0,25.0
9503-6101,293,6,167.0,2.0,,,
9503-3704,163,182,208.0,5.0,347.0,1.0,139.0
9503-3701,193,193,340.0,2.5,338.0,0.5,2.0
9502-9102,373,430,10.0,3.5,4.0,1.5,6.0
9503-6103,325,75,122.0,5.0,222.0,3.5,100.0
9503-6104,211,182,286.0,7.5,277.0,3.0,9.0
9502-12703,690,555,338.0,2.5,341.0,0.5,3.0
9503-9101,239,153,320.0,3.5,207.0,46.5,113.0
9504-1901,107,106,230.0,8.0,237.0,3.0,7.0
9504-3701,148,82,181.0,3.999999999999999,181.0,3.500000000000008,0.0
9504-1902,108,108,16.0,2.0,13.0,1.0,3.0
9503-12703,690,682,353.0,11.0,339.0,3.5,14.0
9504-12701,385,374,277.0,2.5,276.0,1.0,1.0
9503-12705,590,536,202.0,6.0,204.0,4.0,2.0
9504-3704,191,195,10.0,4.5,19.0,1.5,9.0
9504-3702,195,198,266.0,5.0,265.0,3.0,1.0
9504-6101,298,3,103.0,6.0,,,
9504-12705,398,459,102.0,89.5,112.0,7.5,10.0
9504-6102,293,275,342.0,21.0,310.0,7.5,32.0
9503-9102,402,457,199.0,7.5,196.0,2.0,3.0
9504-9101,213,132,255.0,8.0,247.0,5.0,8.0
9504-6103,332,332,117.0,4.5,118.0,2.5,1.0
9504-6104,194,160,100.0,42.5,100.0,6.0,0.0
9505-3701,184,11,142.0,13.5,,,
9505-1902,103,0,258.0,89.5,,,
9504-12704,573,535,346.0,1.5,344.0,0.5,2.0
9505-3704,163,0,304.0,29.5,,,
9505-3702,181,200,279.0,15.5,277.0,3.5,2.0
9505-12705,338,339,347.0,7.0,346.0,2.5,1.0
9505-6101,322,56,159.0,1.5,123.0,11.0,36.0
9505-12703,314,195,197.0,5.5,197.0,3.0,0.0
9505-12701,565,392,274.0,0.5,274.0,0.5,0.0
9505-6103,231,26,349.0,9.0,,,
9504-12702,653,659,139.0,13.5,153.0,4.0,14.0
9505-6102,194,188,129.0,6.5,167.0,10.0,38.0
9506-1902,99,75,23.0,7.5,205.0,7.0,178.0
9506-3704,174,2,148.0,89.5,,,
9505-12704,692,639,67.0,5.5,70.0,2.0,3.0
9505-6104,241,267,180.0,7.000000000000002,167.0,4.0,13.0
9506-12702,345,265,158.0,0.5,172.0,2.0,14.0
9506-12705,374,59,34.0,3.0,39.0,7.0,5.0
9506-3703,196,167,26.0,7.0,29.0,2.5,3.0
9506-6103,269,10,355.0,73.5,,,
9506-6102,327,322,351.0,3.5,348.0,1.5,3.0
9506-12704,417,434,89.0,5.5,91.0,1.5,2.0
9507-1901,103,3,72.0,7.0,,,
9507-1902,75,6,183.0,4.000000000000002,,,
9506-6101,257,226,9.0,12.999999999999998,5.0,7.5,4.0
9506-12701,559,582,133.0,1.5,132.0,1.5,1.0
9507-3704,120,148,119.0,8.5,130.0,3.5,11.0
9507-3701,170,57,310.0,1.5,310.0,3.5,0.0
9507-6103,276,9,323.0,35.0,,,
9507-6102,285,265,273.0,12.5,276.0,6.5,3.0
9506-9101,468,455,288.0,1.0,288.0,1.0,0.0
9507-9102,319,170,39.0,2.5,36.0,2.0,3.0
9507-12705,654,352,44.0,2.5,34.0,2.0,10.0
9508-1902,80,75,237.0,8.0,237.0,3.5,0.0
9506-9102,364,380,207.0,2.5,211.0,1.0,4.0
9508-3703,172,184,332.0,12.0,336.0,3.5,4.0
9508-12703,691,19,205.0,2.0,,,
9508-6102,328,5,130.0,39.50000000000001,,,
9508-12702,563,432,319.0,1.0,318.0,0.5,1.0
9508-6101,222,308,358.0,4.5,5.0,2.0,7.0
9508-3704,200,200,194.0,2.0,194.0,1.0,0.0
9508-6104,234,205,7.0,7.500000000000007,7.0,2.5,0.0
9508-6103,249,181,71.0,4.0,69.0,1.0,2.0
9508-9101,278,281,324.0,26.5,312.0,3.5,12.0
9509-1902,101,33,259.0,9.5,,,
9508-9102,397,253,40.0,1.0,38.0,0.5,2.0
9508-12701,577,588,126.0,1.0,124.0,0.5,2.0
9508-12704,436,552,106.0,3.0,104.0,0.5,2.0
9508-12705,509,436,79.0,1.5,77.0,0.5,2.0
9509-12701,260,328,155.0,20.0,155.0,2.0,0.0
9509-3703,83,0,87.0,26.0,,,
9509-1901,97,98,9.0,9.0,8.0,4.0,1.0
9509-12702,388,421,132.0,25.5,143.0,3.5,11.0
9509-3702,192,199,68.0,25.0,57.0,9.0,11.0
9509-3704,190,61,17.0,3.0,108.0,31.5,91.0
9509-6101,156,152,250.0,28.0,252.0,3.5,2.0
9509-9102,221,238,70.0,5.0,73.0,0.5,3.0
9509-9101,301,209,11.0,3.0,16.0,1.5,5.0
9509-12704,417,522,309.0,10.5,323.0,5.5,14.0
9510-1902,93,9,218.0,12.0,,,
9510-3701,110,26,127.0,6.0,,,
9510-3703,136,0,307.0,11.5,,,
9510-12704,386,0,251.0,1.5,,,
9509-6104,297,330,276.0,5.0,281.0,2.0,5.0
9510-6102,223,131,114.0,2.5,112.0,0.5,2.0
9510-12702,386,306,85.0,13.5,88.0,3.0,3.0
9510-12705,501,0,270.0,24.0,,,
9511-1902,92,0,350.0,3.0,,,
9511-1901,90,90,275.0,8.0,271.0,5.0,4.0
9510-9101,302,245,353.0,4.0,351.0,0.5,2.0
9510-12703,421,429,345.0,3.0,347.0,0.5,2.0
9509-12703,687,536,69.0,0.5,67.0,0.5,2.0
9511-3703,186,36,178.0,2.0000000000000036,,,
9511-3704,152,187,150.0,5.0,233.0,8.0,83.0
9511-6102,218,87,101.0,3.5,170.0,9.5,69.0
9511-6101,304,75,189.0,5.0,171.0,0.5,18.0
9511-3701,184,149,61.0,2.5,56.0,1.0,5.0
9511-12701,555,391,56.0,1.5,56.0,0.5,0.0
9512-1902,95,95,174.0,6.5000000000000036,173.0,3.5,1.0
9511-9101,323,279,280.0,1.5,279.0,0.5,1.0
9512-6101,284,31,72.0,12.5,,,
9510-12701,682,671,134.0,3.5,137.0,2.0,3.0
9511-12702,477,397,154.0,5.5,154.0,2.5,0.0
9511-6103,313,310,128.0,5.0,125.0,3.5,3.0
9512-3703,196,132,2.0,14.5,17.0,3.5,15.0
9512-6102,272,71,186.0,3.0,199.0,5.0,13.0
9513-1901,96,82,149.0,5.5,339.0,5.5,170.0
9513-1902,93,95,325.0,20.5,342.0,6.0,17.0
9512-12705,484,493,116.0,13.0,127.0,3.5,11.0
9512-9101,324,317,276.0,2.0,275.0,1.0,1.0
9513-3701,125,42,163.0,7.5,,,
9511-12703,673,604,11.0,7.0,11.0,2.0,0.0
9513-12703,582,11,109.0,23.0,,,
9513-3704,154,1,197.0,6.5,,,
9512-12704,659,632,205.0,9.0,221.0,4.5,16.0
9513-3703,187,187,67.0,2.0,63.0,1.5,4.0
9513-12705,314,322,58.0,5.5,61.0,2.5,3.0
9513-6103,318,61,46.0,3.0,139.0,3.0,93.0
9513-12704,414,404,294.0,6.5,302.0,2.0,8.0
9513-6104,320,143,297.0,3.5,104.0,3.0,167.0
9513-9102,303,132,346.0,8.5,349.0,4.5,3.0
9513-6101,318,314,275.0,12.5,294.0,5.5,19.0
9514-12702,130,239,329.0,14.0,124.0,0.5,155.0
9513-12702,676,668,270.0,1.5,269.0,1.0,1.0
9513-9101,196,305,254.0,4.5,260.0,1.5,6.0
9514-3701,138,32,103.0,19.5,,,
9514-1902,74,105,240.0,89.5,26.0,4.5,146.0
9514-1901,87,87,145.0,1.0,145.0,1.5,0.0
9514-3703,140,72,327.0,26.5,20.0,23.000000000000004,53.0
9514-6103,185,27,23.0,89.5,,,
9514-12701,394,411,177.0,3.5,176.0,1.5,1.0
9514-6102,255,23,98.0,5.5,,,
9514-3702,203,202,102.0,5.0,107.0,2.5,5.0
9514-12705,178,218,225.0,6.0,219.0,2.5,6.0
9862-3701,155,0,2.0,11.500000000000007,,,
9514-3704,187,174,146.0,2.0,157.0,1.5,11.0
9862-12701,271,1,231.0,6.5,,,
9862-12702,282,1,270.0,3.0,,,
9862-3703,135,1,206.0,14.0,,,
9862-3702,193,1,208.0,5.0,,,
9862-12703,291,145,126.0,4.0,153.0,0.5,27.0
9514-9102,489,70,57.0,7.5,54.0,3.5,3.0
9862-6103,321,0,317.0,3.0,,,
9862-6104,325,2,74.0,6.5,,,
9862-6101,259,5,38.0,4.0,,,
9863-1901,94,8,221.0,6.0,,,
9862-9102,270,0,136.0,12.0,,,
9514-12703,606,525,210.0,12.0,203.0,4.5,7.0
9863-12701,327,194,114.0,17.5,150.0,3.0,36.0
9863-12705,389,0,261.0,3.5,,,
9863-3701,116,0,22.0,18.500000000000004,,,
9863-12702,574,4,306.0,5.5,,,
9514-9101,437,371,190.0,4.5,187.0,3.0,3.0
9863-12704,574,8,332.0,4.5,,,
9863-3702,192,0,0.0,3.5000000000000004,,,
9862-9101,464,323,319.0,10.5,313.0,3.5,6.0
9863-3703,195,11,50.0,2.0,,,
9514-12704,683,604,73.0,3.0,78.0,2.5,5.0
9863-6103,304,0,215.0,8.5,,,
9864-1901,69,0,124.0,7.5,,,
9863-6104,325,1,327.0,8.5,,,
9863-9101,284,209,246.0,4.5,245.0,1.5,1.0
9864-3702,186,95,265.0,22.0,185.0,5.0,80.0
9863-6101,325,278,188.0,3.0,184.0,1.5,4.0
9864-12704,363,109,177.0,2.499999999999998,183.0,0.5,6.0
9864-12705,366,42,10.0,1.5,,,
9864-6102,173,42,354.0,5.0,,,
9864-12702,613,0,124.0,42.5,,,
9864-6103,190,63,74.0,5.0,61.0,8.0,13.0
9864-9102,125,69,222.0,89.5,27.0,7.5,165.0
9864-3704,188,127,329.0,6.0,327.0,3.0,2.0
9864-9101,182,64,333.0,7.5,300.0,8.0,33.0
9865-1902,95,46,88.0,21.5,,,
9864-12703,369,317,124.0,4.5,117.0,1.5,7.0
9863-9102,426,311,140.0,5.0,136.0,3.0,4.0
9865-12703,280,0,305.0,40.5,,,
9865-3701,92,145,322.0,29.500000000000007,340.0,4.5,18.0
9865-3703,188,92,155.0,1.5,155.0,2.5,0.0
9865-3704,187,63,4.0,2.5,247.0,8.0,117.0
9865-3702,78,137,336.0,19.5,345.0,4.0,9.0
9865-12704,537,215,308.0,2.5,323.0,5.5,15.0
9865-6103,303,25,111.0,10.0,,,
9865-6104,298,4,21.0,2.0,,,
9865-12701,570,387,69.0,3.5,71.0,2.0,2.0
9866-1901,85,0,172.0,12.0,,,
9865-6101,225,242,74.0,9.0,65.0,3.5,9.0
9866-3701,158,90,329.0,3.0,151.0,2.0,178.0
9866-1902,94,93,12.0,3.5,73.0,2.5,61.0
9866-3703,178,26,284.0,4.5,,,
9866-12705,427,9,164.0,67.0,,,
9866-3704,183,30,245.0,5.0,,,
9865-9102,461,475,14.0,4.5,19.0,1.5,5.0
9866-12702,457,451,48.0,2.0,49.0,1.0,1.0
9866-6102,242,184,178.0,3.000000000000004,180.0,1.4999999999999978,2.0
9866-12701,599,604,359.0,2.5000000000000053,359.0,0.5,0.0
9867-1901,86,23,72.0,20.5,,,
9865-12702,652,608,167.0,6.5,158.0,3.0,9.0
9867-1902,101,4,280.0,2.5,,,
9866-12703,624,375,131.0,3.0,131.0,1.5,0.0
9867-3703,95,174,301.0,9.0,298.0,2.0,3.0
9867-12705,658,10,47.0,39.00000000000001,,,
9867-12703,252,268,338.0,28.5,335.0,5.0,3.0
9866-6103,257,308,218.0,25.5,231.0,4.5,13.0
9867-12701,289,340,304.0,14.5,275.0,3.0,29.0
9867-6103,184,7,7.0,78.5,,,
9867-3704,192,199,226.0,4.5,226.0,2.0,0.0
9867-6101,278,263,155.0,2.0,156.0,1.0,1.0
9868-12701,151,44,348.0,12.500000000000004,,,
9868-12703,144,73,5.0,14.0,357.0,10.500000000000002,8.0
9867-12702,591,621,167.0,5.5,171.0,2.5,4.0
9868-1901,95,3,302.0,89.5,,,
9868-1902,75,71,193.0,13.0,189.0,10.000000000000007,4.0
9867-6104,324,274,349.0,1.5,349.0,1.0,0.0
9868-3701,108,63,282.0,9.5,283.0,14.5,1.0
9867-12704,683,678,95.0,2.5,98.0,1.0,3.0
9867-6102,334,175,259.0,2.5,258.0,1.0,1.0
9867-9102,315,254,29.0,3.0,22.0,1.0,7.0
9868-12705,260,307,140.0,2.0,143.0,1.0,3.0
9868-3703,182,155,291.0,89.5,316.0,3.5,25.0
9868-3702,168,132,132.0,7.5,121.0,6.5,11.0
9868-6104,201,6,225.0,89.5,,,
9868-9101,140,58,272.0,19.0,286.0,11.5,14.0
9868-6101,263,310,109.0,3.0,108.0,1.5,1.0
9868-6103,325,225,315.0,2.0,307.0,2.0,8.0
9869-12701,125,74,285.0,14.5,289.0,9.5,4.0
9868-6102,322,319,26.0,1.5,28.0,1.5,2.0
9867-9101,449,487,98.0,3.5,97.0,1.0,1.0
9869-1901,97,16,243.0,7.5,,,
9868-12704,661,160,330.0,4.0,152.0,0.5,178.0
9869-12704,165,0,201.0,89.5,,,
9869-1902,78,78,262.0,89.5,79.0,6.0,177.0
9869-3701,186,18,126.0,7.0,,,
9869-3702,193,22,87.0,3.0,,,
9869-3704,161,129,344.0,19.500000000000004,18.0,13.5,34.0
9869-12705,239,269,117.0,18.0,125.0,5.0,8.0
9869-6104,250,1,58.0,6.0,,,
9870-1901,99,27,202.0,1.5,,,
9870-1902,71,33,126.0,15.5,,,
9868-9102,483,483,175.0,1.5,176.0,0.5,1.0
9869-6103,268,185,214.0,3.5,213.0,2.5,1.0
9870-3701,188,30,341.0,37.5,,,
9870-12702,279,294,137.0,13.0,111.0,4.5,26.0
9870-3704,153,0,30.0,10.5,,,
9870-3703,163,46,230.0,89.5,,,
9869-12702,415,471,70.0,1.5,71.0,1.0,1.0
9870-12705,282,331,304.0,89.5,316.0,7.0,12.0
9869-9102,470,376,148.0,15.5,134.0,9.0,14.0
9870-6101,286,66,246.0,6.0,253.0,10.5,7.0
9870-6103,327,243,356.0,2.0,356.0,2.0,0.0
9870-6104,276,244,30.0,12.5,0.0,0.5,30.0
9869-12703,681,628,183.0,0.5,183.0,0.5,0.0
9871-1902,98,98,281.0,33.0,296.0,11.0,15.0
9871-1901,94,94,215.0,39.5,213.0,12.5,2.0
9871-3701,154,188,214.0,19.0,208.0,4.5,6.0
9870-12703,522,528,273.0,2.0,272.0,1.0,1.0
9870-9101,472,467,56.0,2.0,56.0,1.0,0.0
9871-6102,169,29,297.0,2.5,,,
9871-3703,165,184,291.0,13.0,278.0,4.5,13.0
9871-3702,168,161,214.0,2.5,211.0,1.5,3.0
9871-9102,181,1,163.0,5.5,,,
9871-12703,590,583,32.0,89.5,227.0,57.00000000000001,165.0
9871-12701,595,382,236.0,13.5,168.0,5.5,68.0
9871-12705,673,655,48.0,2.0,51.0,1.0,3.0
9871-6104,324,299,55.0,2.5,322.0,4.0,93.0
9871-9101,269,311,112.0,8.0,103.0,3.5,9.0
9872-12702,178,190,276.0,14.0,268.0,3.0,8.0
9871-6101,321,322,251.0,5.0,245.0,2.0,6.0
9872-1901,88,88,116.0,11.0,122.0,10.0,6.0
9871-6103,260,275,98.0,6.5,97.0,3.0,1.0
9872-1902,84,51,210.0,8.0,201.0,5.0,9.0
9871-12702,681,681,35.0,0.5,31.0,0.5,4.0
9872-3703,168,0,350.0,7.0,,,
9872-3702,174,177,351.0,89.5,213.0,6.5,138.0
9872-3701,187,186,139.0,15.0,283.0,2.5,144.0
9872-12705,285,195,244.0,3.0,243.0,1.5,1.0
9872-12704,452,389,221.0,57.5,272.0,10.0,51.0
9873-12701,232,1,309.0,8.5,,,
9872-6104,248,260,226.0,26.5,221.0,3.0,5.0
9873-12702,213,54,164.0,14.500000000000005,159.0,22.499999999999996,5.0
9873-1902,98,1,136.0,4.0,,,
9872-6101,328,321,139.0,4.0,143.0,2.5,4.0
9872-6102,207,244,159.0,16.0,159.0,5.0,0.0
9873-3702,145,0,182.0,28.5,,,
9873-3703,165,0,243.0,3.0,,,
9873-3704,132,0,80.0,36.0,,,
9874-12701,146,26,47.0,89.5,,,
9873-6102,197,2,268.0,14.5,,,
9874-12702,109,1,0.0,89.5,,,
9873-12703,445,1,254.0,5.0,,,
9873-12705,503,0,195.0,11.5,,,
9874-1901,93,5,309.0,7.0,,,
9874-12703,200,2,196.0,10.5,,,
9873-6103,318,4,31.0,11.0,,,
9874-1902,96,10,45.0,2.5,,,
9872-12701,655,619,127.0,8.5,125.0,3.0,2.0
9874-3701,189,13,267.0,4.5,,,
9874-6102,106,0,218.0,11.5,,,
9874-3702,187,0,105.0,2.5,,,
9874-3703,181,9,167.0,3.0,,,
9874-6103,121,0,60.0,27.0,,,
9874-3704,184,2,101.0,6.0,,,
9872-9102,471,452,297.0,1.5,295.0,1.0,2.0
9872-9101,465,462,166.0,2.0,168.0,1.0,2.0
9874-6104,171,0,261.0,17.0,,,
9874-6101,314,0,136.0,14.0,,,
9875-12702,129,0,127.0,32.0,,,
9874-12705,488,7,288.0,32.5,,,
9875-12701,233,2,325.0,12.0,,,
9875-12703,259,0,167.0,11.000000000000004,,,
9875-1901,97,3,312.0,6.0,,,
9875-1902,102,22,229.0,37.0,,,
9874-9101,423,0,228.0,3.0,,,
9875-3703,193,2,170.0,3.0,,,
9875-3704,167,0,72.0,23.5,,,
9875-3702,150,4,74.0,8.0,,,
9874-9102,459,0,98.0,3.0,,,
9875-6101,179,200,345.0,2.5,350.0,1.0,5.0
9875-6104,273,17,208.0,8.0,,,
9875-9101,231,3,159.0,9.0,,,
9876-12701,336,3,101.0,20.5,,,
9876-12704,222,0,325.0,23.5,,,
9876-3701,188,49,96.0,18.5,,,
9876-3704,184,4,132.0,8.5,,,
9876-12702,542,7,185.0,2.5,,,
9875-12705,651,6,43.0,3.0,,,
9876-12703,676,3,82.0,13.0,,,
9876-6102,239,0,120.0,5.0,,,
9876-6103,229,4,208.0,11.5,,,
9876-3703,189,163,204.0,14.0,200.0,10.0,4.0
9876-3702,178,187,205.0,22.0,223.0,2.0,18.0
9877-1901,99,4,282.0,5.5,,,
9877-1902,101,0,22.0,24.499999999999996,,,
9877-12703,233,0,351.0,24.5,,,
9877-12702,240,1,44.0,8.0,,,
9877-3701,125,0,327.0,11.5,,,
9876-9102,475,0,150.0,2.0,,,
9875-12704,603,399,3.0,1.0,12.0,1.5,9.0
9877-3702,149,29,329.0,4.0,,,
9876-12705,528,488,116.0,13.5,103.0,4.5,13.0
9877-3704,145,0,228.0,10.5,,,
9877-3703,148,0,182.0,7.4999999999999964,,,
9877-6101,70,81,274.0,10.5,283.0,2.5,9.0
9877-9101,135,0,143.0,31.5,,,
9877-6102,176,5,22.0,4.0,,,
9876-6101,322,302,269.0,7.5,256.0,5.0,13.0
9877-6104,132,0,278.0,18.0,,,
9877-6103,285,4,175.0,5.500000000000005,,,
9878-1902,91,1,254.0,5.0,,,
9878-1901,101,0,35.0,3.0,,,
9877-12701,586,1,212.0,2.5,,,
9877-9102,400,1,315.0,7.0,,,
9878-3701,190,0,331.0,7.5,,,
9878-12703,194,223,129.0,28.0,142.0,6.0,13.0
9878-3704,95,95,177.0,12.5,179.0,3.4999999999999982,2.0
9878-3702,176,192,133.0,4.5,132.0,1.0,1.0
9878-6102,313,6,128.0,89.5,,,
9878-3703,198,189,111.0,1.5,110.0,2.5,1.0
9878-6104,293,6,329.0,7.0,,,
9878-9101,139,137,334.0,20.0,326.0,4.0,8.0
9878-12704,484,382,101.0,4.0,105.0,2.0,4.0
9878-6101,323,322,112.0,1.0,113.0,0.5,1.0
9879-1901,99,2,8.0,10.999999999999998,,,
9878-12705,458,384,261.0,2.5,260.0,1.5,1.0
9879-3701,85,95,358.0,15.500000000000007,32.0,2.0,34.0
9879-12701,363,131,222.0,4.0,224.0,1.5,2.0
9878-9102,216,249,317.0,7.0,320.0,3.0,3.0
9878-12701,676,676,263.0,4.0,262.0,2.5,1.0
9879-3702,204,74,188.0,7.0,171.0,28.500000000000007,17.0
9878-12702,578,560,282.0,3.0,285.0,1.5,3.0
9879-3704,113,148,94.0,6.5,81.0,3.0,13.0
9879-6103,216,0,119.0,9.0,,,
9879-3703,197,197,74.0,7.0,77.0,4.0,3.0
9879-12704,508,480,86.0,3.5,87.0,2.0,1.0
9879-6101,306,270,280.0,8.5,268.0,10.5,12.0
9879-12703,433,365,72.0,3.5,76.0,2.0,4.0
9880-12702,519,0,301.0,5.5,,,
9880-12703,321,0,199.0,28.999999999999996,,,
9880-3702,174,0,141.0,3.5,,,
9880-3701,181,3,185.0,8.500000000000007,,,
9880-3704,100,0,299.0,33.0,,,
9880-3703,181,2,99.0,5.0,,,
9880-12704,584,3,355.0,3.5,,,
9880-12705,403,111,257.0,1.5,252.0,0.5,5.0
9880-6101,279,0,237.0,8.0,,,
9880-9101,139,0,266.0,89.5,,,
9880-6103,303,37,122.0,2.5,,,
9879-6102,327,321,294.0,2.5,295.0,1.5,1.0
9880-6104,206,0,296.0,13.0,,,
9880-6102,272,0,264.0,4.5,,,
9880-9102,296,0,285.0,20.0,,,
9881-1901,94,77,250.0,5.5,244.0,5.0,6.0
9881-1902,91,80,276.0,17.5,351.0,8.0,75.0
9879-12705,639,599,268.0,10.5,259.0,5.0,9.0
9881-3703,189,137,55.0,2.5,248.0,3.0,167.0
9881-3704,188,32,274.0,3.0,,,
9881-3702,184,184,243.0,3.0,243.0,3.0,0.0
9881-12703,678,75,94.0,0.5,97.0,2.0,3.0
9881-12702,443,421,255.0,3.0,254.0,0.5,1.0
9881-6103,305,138,23.0,11.5,22.0,0.5,1.0
9881-6101,318,223,179.0,2.9999999999999996,178.0,1.999999999999998,1.0
9882-1902,96,1,76.0,3.0,,,
9881-12701,630,641,189.0,3.0,190.0,2.0,1.0
9881-9102,370,400,134.0,9.0,111.0,2.5,23.0
9881-12705,676,638,133.0,2.0,131.0,1.5,2.0
9882-3702,184,63,49.0,13.0,356.0,0.5,53.0
9882-12703,432,302,106.0,1.5,105.0,1.5,1.0
9881-12704,665,554,114.0,3.0,112.0,3.5,2.0
9882-3703,186,113,117.0,4.0,113.0,3.5,4.0
9882-3701,190,183,314.0,1.5,309.0,3.0,5.0
9882-3704,187,154,174.0,2.5,26.0,2.5,148.0
9882-6101,183,126,217.0,9.5,223.0,8.0,6.0
9882-12704,514,513,91.0,6.5,89.0,3.5,2.0
9882-6104,318,115,179.0,4.5,203.0,5.5,24.0
9882-12701,608,533,109.0,3.0,105.0,2.0,4.0
9882-12702,637,619,191.0,2.5,194.0,1.0,3.0
9883-1901,86,51,297.0,21.5,63.0,18.5,126.0
9882-9102,441,78,213.0,7.5,356.0,3.5,143.0
9883-1902,71,88,165.0,12.0,164.0,4.0,1.0
9883-3702,154,1,109.0,5.5,,,
9883-3703,190,26,249.0,4.0,,,
9883-12703,336,320,249.0,1.0,251.0,1.0,2.0
9883-6102,80,79,178.0,32.0,198.0,4.0,20.0
9882-9101,476,311,49.0,6.0,36.0,1.0,13.0
9882-12705,652,590,317.0,1.5,317.0,1.0,0.0
9883-3704,139,109,130.0,12.0,125.0,6.0,5.0
9883-6101,315,19,329.0,9.0,,,
9883-12702,676,214,235.0,4.0,170.0,2.5,65.0
9883-3701,184,184,178.0,3.999999999999998,187.0,2.0,9.0
9883-6103,308,4,78.0,3.0,,,
9883-12705,436,491,146.0,25.5,123.0,5.0,23.0
9883-12701,539,415,9.0,7.0,24.0,1.5,15.0
9883-6104,318,6,305.0,8.5,,,
9884-3702,174,15,225.0,25.0,,,
9884-3703,182,1,136.0,11.0,,,
9884-3701,195,104,14.0,2.0,249.0,2.0,125.0
9884-6102,167,1,73.0,5.5,,,
9884-12705,243,223,91.0,2.5,85.0,1.5,6.0
9884-3704,196,164,38.0,2.0,30.0,0.5,8.0
9884-9102,103,16,12.0,3.0,,,
9884-12701,361,196,114.0,2.0,111.0,0.5,3.0
9884-6104,217,178,321.0,2.0,323.0,1.0,2.0
9885-12701,148,156,13.0,11.500000000000005,14.0,3.5,1.0
9885-12702,196,168,228.0,7.5,240.0,3.5,12.0
9884-9101,284,313,332.0,3.5,340.0,0.5,8.0
9884-6103,264,229,316.0,3.0,319.0,1.0,3.0
9885-1902,92,0,312.0,4.5,,,
9885-1901,94,97,9.0,10.500000000000005,110.0,5.5,101.0
9884-6101,327,327,230.0,0.5,257.0,0.5,27.0
9885-3701,193,0,207.0,5.0,,,
9885-12704,192,118,345.0,21.0,328.0,13.0,17.0
9885-12703,691,19,204.0,50.5,,,
9883-9102,475,484,169.0,3.0,169.0,1.5,0.0
9885-3703,190,121,325.0,2.0,328.0,2.5,3.0
9885-3702,145,83,310.0,7.5,312.0,4.0,2.0
9885-3704,189,121,98.0,3.0,102.0,3.0,4.0
9885-6102,315,3,203.0,16.5,,,
9885-12705,442,392,129.0,1.0,130.0,1.0,1.0
9885-6101,156,175,64.0,11.5,51.0,2.0,13.0
9884-12702,679,527,341.0,1.0,338.0,1.0,3.0
9885-6104,299,197,153.0,1.5,150.0,1.5,3.0
9886-12702,286,152,121.0,10.0,96.0,0.5,25.0
9885-6103,212,218,130.0,8.5,136.0,3.0,6.0
9885-9102,238,297,267.0,9.0,275.0,2.0,8.0
9886-1901,95,59,181.0,3.5000000000000004,197.0,2.0,16.0
9886-1902,94,94,136.0,3.5,135.0,2.5,1.0
9886-3701,193,125,303.0,89.5,43.0,42.0,100.0
9886-6104,116,95,110.0,7.0,115.0,2.0,5.0
9885-9101,350,354,341.0,13.5,342.0,3.5,1.0
9886-6102,173,199,91.0,20.0,27.0,26.5,64.0
9886-3704,190,190,88.0,3.0,86.0,2.0,2.0
9886-12704,417,386,1.0,9.000000000000009,347.0,4.5,14.0
9887-1902,106,23,155.0,7.0,,,
9887-12704,420,4,8.0,2.0,,,
9886-12703,687,632,283.0,3.5,286.0,2.0,3.0
9887-12701,348,308,75.0,2.5,79.0,1.5,4.0
9886-9101,452,436,131.0,8.0,130.0,3.5,1.0
9887-3701,195,195,89.0,3.5,88.0,1.5,1.0
9887-12702,527,0,202.0,89.5,,,
9887-12703,555,7,209.0,44.5,,,
9887-3702,193,105,176.0,1.5,172.0,2.0,4.0
9886-12701,664,621,88.0,2.5,91.0,1.0,3.0
9887-6101,289,4,211.0,22.5,,,
9887-3704,197,103,193.0,20.0,195.0,21.0,2.0
9887-3703,198,196,167.0,1.5,165.0,0.5,2.0
9887-6102,333,2,86.0,17.0,,,
9888-1901,103,6,223.0,7.0,,,
9887-6103,182,138,42.0,13.0,42.0,9.0,0.0
9886-12705,684,684,215.0,2.0,220.0,1.0,5.0
9887-12705,455,369,130.0,2.5,127.0,0.5,3.0
9888-3704,172,2,276.0,5.5,,,
9888-3701,190,189,33.0,1.5,30.0,1.5,3.0
9887-6104,328,247,345.0,9.5,317.0,5.5,28.0
9888-6101,322,2,147.0,5.5,,,
9888-6103,278,22,314.0,16.5,,,
9888-6104,237,9,0.0,27.5,,,
9889-1901,87,96,161.0,17.5,165.0,3.5,4.0
9888-12702,468,360,217.0,4.5,214.0,2.0,3.0
9889-12701,309,222,172.0,1.5,171.0,1.0,1.0
9889-12703,382,0,232.0,43.5,,,
9888-9101,402,338,228.0,3.5,230.0,0.5,2.0
9888-12701,691,651,276.0,0.5,269.0,1.0,7.0
9889-1902,96,96,61.0,5.5,62.0,2.0,1.0
9889-6104,131,0,132.0,35.5,,,
9889-12704,255,214,346.0,4.5,352.0,2.5,6.0
9888-12705,686,668,254.0,2.0,254.0,0.5,0.0
9888-12704,682,681,341.0,2.5,344.0,1.0,3.0
9889-6101,149,139,213.0,15.0,194.0,7.0,19.0
9889-3704,183,62,343.0,2.0,317.0,3.0,26.0
9889-12702,405,251,130.0,2.0,152.0,0.5,22.0
9889-9101,453,4,54.0,2.5,,,
9890-1901,97,97,271.0,6.0,58.0,8.0,147.0
9889-9102,390,9,291.0,10.0,,,
9890-1902,95,95,65.0,12.0,65.0,5.5,0.0
9889-6102,216,282,215.0,32.5,213.0,4.5,2.0
9890-3704,99,17,291.0,2.0,,,
9890-12701,340,278,303.0,1.5,303.0,0.5,0.0
9890-3702,190,6,341.0,3.0,,,
9890-3703,184,4,96.0,6.5,,,
9890-12703,587,0,12.0,13.5,,,
9890-12704,333,289,199.0,2.0,198.0,1.0,1.0
9890-6103,192,2,257.0,0.5,,,
9890-12705,295,362,348.0,9.0,328.0,2.5,20.0
9891-12702,229,4,106.0,1.0,,,
9891-12701,142,4,139.0,89.5,,,
9890-9101,295,96,175.0,2.5,171.0,3.0,4.0
9891-1902,96,96,71.0,2.0,72.0,1.0,1.0
9890-6104,316,3,184.0,3.0,,,
9890-9102,467,8,61.0,73.0,,,
9891-3701,191,1,75.0,26.0,,,
9891-12705,254,1,25.0,52.50000000000001,,,
9891-3704,142,34,329.0,3.5,,,
9891-12704,356,163,234.0,2.5,248.0,9.5,14.0
9891-6104,216,12,146.0,10.0,,,
9891-9101,282,1,67.0,71.0,,,
9890-6102,312,309,110.0,3.0,107.0,1.0,3.0
9891-6102,153,114,21.0,11.0,11.0,5.0,10.0
9891-3702,188,180,292.0,0.5,284.0,3.0,8.0
9891-6101,311,182,174.0,2.0,172.0,1.0,2.0
9892-1901,93,2,3.0,5.000000000000008,,,
9891-9102,368,4,195.0,2.0,,,
9892-12701,243,238,220.0,6.5,217.0,3.5,3.0
9892-12702,385,131,5.0,16.000000000000004,343.0,2.0,22.0
9890-12702,660,632,42.0,1.5,42.0,0.5,0.0
9892-6101,317,1,345.0,14.5,,,
9892-3703,173,92,20.0,4.0,21.0,5.0,1.0
9892-6104,270,43,70.0,3.0,,,
9892-12705,300,336,24.0,3.5,35.0,2.0,11.0
9892-9102,223,202,333.0,21.500000000000004,19.0,6.5,46.0
9892-9101,312,259,75.0,5.0,70.0,3.0,5.0
9892-12703,516,484,119.0,3.5,117.0,1.5,2.0
9892-12704,521,442,152.0,4.0,158.0,2.0,6.0
9893-1902,97,5,206.0,10.5,,,
9892-6102,320,320,227.0,5.0,129.0,1.0,98.0
9893-3701,176,106,60.0,6.0,58.0,5.0,2.0
9893-3703,198,68,295.0,1.5,120.0,5.0,175.0
9893-6102,125,67,272.0,7.0,256.0,4.0,16.0
9893-12702,323,392,183.0,6.999999999999997,186.0,2.0,3.0
9893-12704,207,205,72.0,11.5,56.0,6.5,16.0
9893-3704,204,161,71.0,3.0,70.0,3.0,1.0
9893-9102,182,103,309.0,8.5,311.0,3.0,2.0
9893-6104,182,151,140.0,15.5,133.0,6.0,7.0
9893-9101,470,0,21.0,14.0,,,
9893-6103,326,182,245.0,2.0,240.0,1.5,5.0
9894-12702,293,295,354.0,3.0,358.0,1.0,4.0
9893-12701,472,543,115.0,3.5,116.0,1.5,1.0
9893-12703,511,452,156.0,1.5,156.0,0.5,0.0
9894-3701,193,130,154.0,2.5,156.0,3.0,2.0
9894-1902,102,105,289.0,13.5,309.0,6.5,20.0
9894-3704,178,90,283.0,5.5,141.0,6.0,142.0
9894-9101,186,1,133.0,37.5,,,
9894-3703,193,193,34.0,3.5,31.0,3.0,3.0
9894-12705,413,406,94.0,4.0,97.0,2.5,3.0
9894-6101,215,215,202.0,3.0,204.0,1.0,2.0
9894-12703,353,524,115.0,5.5,112.0,1.5,3.0
9894-12704,611,559,13.0,2.0,14.0,1.5,1.0
9894-12701,664,658,101.0,29.5,92.0,5.5,9.0
9894-6103,258,293,201.0,18.0,177.0,3.999999999999998,24.0
9894-6104,330,339,66.0,3.0,65.0,1.5,1.0
9894-9102,195,399,317.0,8.0,300.0,0.5,17.0
