plateifu,mangaid,mngtarg1,drp3qual,z,logMstar,ba,phi,Re_arcsec,sersic_n,dapdone,dapqual,adist_mpc,inc,kpc_per_arcsec,n_star,n_gas,pa_star,e_pa_star,pa_gas,e_pa_gas,dpa,merger,ttype,sig1re,group,Re_kpc,med_eg,gas_resid,D_lo_0.5,D_mid_0.5,D_hi_0.5,D_lo_1.0,D_mid_1.0,D_hi_1.0,D_lo_1.5,D_mid_1.5,D_hi_1.5,Vs_1,Vc_star,log_sig1re,twist,resid_ratio,disturb
10214-9102,1-153556,2048,0,0.146782,11.053550914010899,0.761167,46.1996,4.62734,4.42962,True,0,370.7119140625,41.44720369112185,1.7972620768780259,295,107,41.0,0.5,234.0,1.5,167.0,False,1.1443276405334473,199.8238525390625,CR,8.316542698820765,8.246207319138195,43.31021651775345,143.79955500912004,61.442069709070694,-93.31737778249664,-86.60041283826884,-222.2109695632215,-357.82152628817425,-33.98172913716627,-109.697379614167,-185.4130300911678,53.76620978612158,194.3565806525091,2.3006473277728583,125.0,5.252137721208757,0.8127899661869937
10218-1902,1-382697,4224,0,0.0364051,10.243181962438763,0.614132,19.9269,3.07868,5.11867,True,0,104.43698120117188,53.656373036406436,0.5063247730010754,98,75,202.0,3.5,19.0,2.5,177.0,False,-1.6885102987289429,145.90621948242188,CR,1.5588119521429507,5.024247890539527,18.137799554502152,,,,35.616698219758035,-15.528432157345144,-66.67356253444835,12.314384350448409,-17.384311875987347,-47.08300810242311,82.59511026961586,202.59470957666366,2.1640738047743717,3.0,3.610052678462573,0.40331839270268144
10495-6101,1-548290,1040,0,0.0520024,10.805005793024174,0.845295,26.3664,6.79471,6.0,True,0,146.44061279296875,33.046365372749115,0.7099641255209539,326,120,70.0,1.5,266.0,0.5,164.0,False,-0.9645308256149292,182.4074249267578,CR,4.824000343318481,8.192469288322517,70.6158145624037,123.86109207943373,122.45636088166354,117.35289584000189,-30.249572516052332,31.144322857596997,92.53821823124636,427.624945487031,423.59609735289877,419.56724921876656,268.2294446110805,322.59333645305156,2.2610425123865285,25.0,8.619600767140982,0.8088975387276873
10500-12704,1-231628,2080,0,0.058176,10.274880302137658,0.609221,18.6967,5.00307,1.57602,True,0,162.63601684570312,54.03273984328058,0.7884816600795784,330,446,17.0,1.5,224.0,0.5,153.0,False,3.7919139862060547,99.94081115722656,CR,3.9448289390943367,2.2795817030411705,46.52165531399643,-16.160506668636543,-32.54549628094227,-63.93251107927853,-45.958186551686296,-65.3742610353667,-84.7903355190471,-56.927182548508156,-71.90474936201186,-86.88231617551554,133.52278879439257,171.95121559277135,1.9997428700182933,150.0,20.40797890767955,0.9636706770464732
10510-3704,1-189376,1552,0,0.01941,9.562159581042156,0.844699,7.70407,4.09955,2.7579,True,0,56.831443786621094,33.112088768756806,0.27552661464961437,179,177,193.0,10.5,17.0,3.5,176.0,False,1.583787441253662,60.26576614379883,CR,1.1295351330868266,2.7450084661106926,5.0674074292377,161.11313332906047,272.2664919552229,347.4060422838511,53.09966206699859,31.993658878569374,10.887655690140166,20.198645183399037,4.188790500241537,-11.821064182915974,54.1316756592646,89.32500488891098,1.7800706820109276,4.0,1.8460443717383261,0.25012778170952266
10515-3704,1-78353,1088,4096,0.0302519,10.573891112762007,0.675462,59.1535,9.79208,3.54734,True,0,87.42686462402344,48.81613859049424,0.4238574006623787,192,173,234.0,2.5,30.0,3.0,156.0,False,1.015946388244629,128.93948364257812,CR,4.150445575878066,7.49039510697992,40.25493909372955,40.297123006217795,19.722490457465124,-4.854869748524235,101.2729272739304,102.74390325978503,104.21487924563966,,,,63.06258346047989,130.19761479076635,2.110385926681446,,5.374207704506536,
10516-12703,1-78765,2336,2,0.0432109,9.633476535401764,0.632403,132.487,5.03934,1.50596,True,0,122.95917510986328,52.24285190433521,0.5961229031120485,132,304,115.0,3.5,309.0,2.0,166.0,False,3.0391831398010254,69.02339172363281,CR,3.004065990568671,4.595733758146681,11.522220229602102,-26.380801868490963,-51.310689787164414,-136.31410704825345,-35.89005514936158,-94.51046902090448,-153.13088289244737,-31.703545887191094,-95.6074565321984,-159.51136717720573,56.36660001326803,99.22699887618047,1.838996296170571,3.0,2.5071557309378734,0.28757765196194074
10517-6101,1-78715,2080,0,0.0542183,10.340378668274829,0.683101,69.5691,2.46504,6.0,True,1,152.28126525878906,48.19206872482157,0.7382804077413122,141,172,246.0,4.0,64.0,3.0,178.0,False,-0.38726601004600525,222.53778076171875,CR,1.8198907362986443,12.389217272260748,32.57917670656003,,,,-76.13337750678566,-127.87117879830552,-179.60898008982542,-136.31891035670657,-145.8668347446909,-155.41475913267521,132.06696571673533,307.1866157136439,2.3474037527706466,1.0,2.6296396286070682,0.1997031532594165
11012-12703,1-245560,2080,0,0.04196732,9.72144324617555,0.62850684,141.51295,6.1267486,0.8123295,True,1,119.5973892211914,52.5461048225223,0.5798245051941575,316,229,303.0,7.5,127.0,0.5,176.0,False,3.4281387329101562,48.03694152832031,CR,3.552438975443997,2.8674046731330876,10.366858435064223,-5.728650192378772,-3.2400697955548847,-26.802886198503867,-9.434519242544436,-24.48674463924901,-39.5389700359536,-20.031993260011912,-47.85679783765666,-75.6816024153014,42.922084412922274,60.21113911496577,1.6815753484465679,152.0,3.615415198349667,0.7384603286938743
11012-6104,1-245301,4288,0,0.039540492,10.430371877942077,0.58037686,179.17375,5.7637296,5.381576,True,0,113.0078125,56.216070611838475,0.5478773357226123,312,216,180.0,9.500000000000004,354.0,0.5,174.0,False,-0.43067821860313416,168.0951690673828,CR,3.1578168170735577,7.9827447606805,34.891613924640296,83.29715111744765,90.47146359387813,32.3202192127914,155.00969671800902,75.78213500993981,-3.4454266981294634,133.3070647614694,24.874539759031485,-83.5579852434065,66.84013224051459,197.42872078870306,2.2255552323120114,0.0,4.370879311649933,0.32436895494220336
11017-3704,1-319646,4288,0,0.02890861,9.958698068562569,0.46455252,90.770134,4.087705,2.6695607,True,0,83.67964935302734,64.66297014008688,0.4056903883679639,140,151,271.0,4.0,88.0,2.0,177.0,False,1.3928718566894531,118.74398803710938,CR,1.6583426289836678,5.32241744756596,18.28903727928279,40.8206567023534,24.71469789810788,-7.415821102024721,13.25665945294068,-6.594658310957418,-26.44597607485549,1.361607346498707,-12.2623061918525,-25.88621973020368,127.59331120315706,187.44652618210014,2.074611630689294,3.0,3.4362275149324684,0.3801702445545333
11020-1901,1-244115,1168,0,0.025058512,9.826533467077875,0.47738665,106.791794,3.537801,2.4866,True,0,72.8716812133789,63.74221465582173,0.3532918801769884,95,81,280.0,15.0,107.0,2.0,173.0,False,0.016951829195022583,133.68263244628906,CR,1.2498763669820299,2.8970166057129445,14.83094261995485,,,,109.08601521815622,28.074714370899063,-52.93658647635808,36.04250975907787,-41.144865624313056,-118.332241007704,45.02556125881557,152.53609017500767,2.1260749889921633,1.0,5.119384745916917,0.3972340174569474
11020-3703,1-244629,1168,0,0.03741112,10.482975530843387,0.43340355,77.600174,4.4791923,5.0160856,True,0,107.19407653808594,66.89443040025022,0.5196915483956679,159,71,257.0,2.0,67.0,2.0,170.0,False,3.954944133758545,144.63282775878906,CR,2.327798381948953,9.553176145078814,57.42957605403983,-30.648488090771558,-27.69550498691699,-54.17635376052962,-90.73469729919569,-107.2602027055213,-123.78570811184687,-112.78364506643238,-131.2419341987233,-149.70022333101417,136.23995166118695,210.41738405151824,2.160266877304328,13.0,6.011568841805966,0.7149288354171581
11748-3704,1-605740,4112,4096,0.022722792,10.107255839580056,0.6396139,24.398117,5.178476,4.825517,True,0,66.26553344726562,51.67883894164022,0.32126437201255925,195,106,32.0,3.0,232.0,4.5,160.0,False,2.073988914489746,121.12266540527344,CR,1.6636598401221097,6.2317605953705115,17.153444764827732,-43.71117820068064,-198.07602533217346,-343.4762331685994,-76.22416603124486,-127.70670771540779,-179.18924939957066,-45.903507420524264,-61.74972097407971,-77.59593452763521,44.98256995696285,143.64661786158098,2.0832254192734476,47.0,2.752584041429767,0.5860069198710387
11750-3703,1-283580,1168,0,0.023385841,9.577346826987402,0.370143,37.095688,4.8529634,1.2184758,True,0,68.1446533203125,71.46523005399605,0.33037460224153864,152,81,33.0,7.0,217.0,3.5,176.0,False,3.866008758544922,57.02035140991211,CR,1.603295852967745,5.374032787711269,19.773017080819887,6.698285775271299,37.94616996450259,61.266480731736976,-21.28728741067816,-39.956579002846446,-58.62587059501475,-31.549997637836633,-34.856165911936614,-38.162334186036595,50.72686584793734,103.19415196407016,1.7560298894889697,142.0,3.6793629406271187,0.7397086577022882
11759-1902,1-225,4288,4096,0.026602052,9.608643683632732,0.4516902,4.4235535,3.6276271,2.997066,True,0,77.21681213378906,65.5845376239682,0.3743576693412576,90,52,4.0,6.500000000000005,191.0,7.5,173.0,False,1.8931396007537842,68.87789154052734,CR,1.3580300263951852,4.8772025350697845,9.746707610769086,,,,1.9345099645008461,-12.224654759494472,-26.383819483489784,-19.773953799415647,-30.04384723325998,-40.31374066710431,78.32925468565018,105.09741186829619,1.8380798442189792,28.0,1.998421747033236,0.4448474482975544
11835-12703,1-82991,4288,0,0.027615206,9.80863877523569,0.86527634,135.49158,4.843437,1.6496437,True,0,80.06005096435547,30.772614283261184,0.3881420801784623,542,64,144.0,3.0,316.0,7.5,172.0,False,0.5793368816375732,47.51237487792969,CR,1.8799417123933309,4.347588082738309,9.53044118384298,40.69268445794833,36.401786771626554,5.955968863783403,-39.01545119006247,-60.07874971413182,-81.14204823820116,,,,41.585250962185846,66.51549339762437,1.6768067389143173,,2.1921214711399877,
11838-3704,1-586725,1040,4096,0.0234129,10.056067837910957,0.6219516,173.65297,3.7882662,2.737856,True,0,68.22127532958984,53.05404863737036,0.3307460762252562,184,180,0.0,8.499999999999996,173.0,1.0,173.0,False,-1.2185747623443604,139.71253967285156,CR,1.2529541813467615,1.8438801825867746,6.8215904873719975,116.14394243198609,122.03565724152033,45.56526519791022,151.56273899639558,79.02568215591052,2.2074520111437588,89.10672379935862,10.683630280688051,-67.73946323798249,51.3781789738486,149.69636949561215,2.145235387261802,2.0,3.6995844696383724,0.3749606825509161
11942-3702,1-135190,4288,0,0.03049852,10.15424973342847,0.6792144,69.40367,5.108996,3.648158,True,0,88.11351013183594,48.51025345617378,0.4271863520249778,185,162,247.0,4.0,72.0,2.0,175.0,False,-1.1330783367156982,105.08323669433594,CR,2.1824933637502038,3.5207740767970863,13.259911307710677,63.17410445933126,44.3538953718231,2.731738522634273,36.12308308085774,4.03785429768107,-28.047374485495602,19.673064112735513,2.1903124182665374,-15.292439276202423,86.10935105435574,151.1317484393604,2.0215334411300314,2.0,3.7661920414312595,0.37959031218054573
11946-3701,1-211561,4672,0,0.03047918,9.947504105221379,0.561535,61.955704,3.8572702,3.8185256,True,0,88.05967712402344,57.6200807096603,0.42692536223815,172,137,241.0,6.5,62.0,3.0,179.0,False,0.32775503396987915,102.95263671875,CR,1.6467664773854211,6.884423215975553,19.475831913138073,26.60676980284677,-60.29858326992388,-143.89523916490063,-23.01246218205872,-33.015494140516914,-43.018526098975144,-32.92492748978832,-34.007458125553356,-35.08998876131838,48.35532474522646,130.22203779169223,2.012637473807276,3.0,2.828970750656889,0.3246146889989777
11962-12701,1-566344,2208,4096,0.120112106,10.830913440548624,0.7994346,20.670227,10.166574,6.0,True,0,312.5919494628906,37.81697265321281,1.5154885370431004,191,59,239.0,0.5,65.0,0.5,174.0,False,-0.7802283763885498,241.11141967773438,CR,15.407326358000422,11.38986319269492,43.47750534217766,397.3751693317184,232.6099087172619,73.25160322984944,-366.3762503075078,-400.50038280886463,-434.6245153102215,,,,318.09175211224584,459.3945811082566,2.38221778020564,15.0,3.8172104973185883,0.611179916647008
11969-6102,1-364559,1040,4096,0.031877123,10.495283446632548,0.7446139,34.130447,5.5097256,3.8302972,True,0,91.94430541992188,42.94215618240876,0.44575857167691785,302,302,229.0,1.0,46.0,1.0,177.0,False,2.299437999725342,131.9894256591797,CR,2.4560074137877494,3.5782498760466375,27.630447140097935,55.7091461452322,1.7763564472478395,-76.03857854310723,-24.880926608875658,-75.10884108588667,-125.3367555628977,-328.1584275588679,-447.1870816721974,-566.215735785527,47.3299242133749,152.21572495996193,2.1205391390708312,169.0,7.721776873398489,0.9255818982464418
11974-3704,1-337237,2080,4096,0.039766036,9.598427790551476,0.83241284,174.61884,2.4972968,4.150327,True,0,113.62186431884766,34.44279200941583,0.5508543429494878,150,112,11.0,8.5,204.0,3.5,167.0,False,-0.16930635273456573,53.90144729614258,CR,1.3756467879138583,4.611147820326603,3.2763104863987156,,,,-33.97017853318782,-53.77163986222797,-69.09058593565884,-53.24140096026923,-53.73422902059931,-54.22705708092937,52.17788367250236,88.11240822754664,1.7316004264908158,12.0,0.7105195092545651,0.30722654714162145
12068-6102,1-27327,1040,4098,0.05659264,10.868069896535014,0.5382533,54.18354,6.573623,3.0824475,True,0,158.5051727294922,59.33476795605559,0.7684547626588795,273,170,37.0,1.0,227.0,1.0,170.0,False,-0.4844962954521179,211.04246520996094,CR,5.051531902273951,8.564023865125105,26.0158612223523,71.05639822076127,234.8596798407582,-148.45679567123096,42.59084955055874,-154.3962579523479,-370.6366264492002,-230.63991716277758,-559.0050339889564,-887.3701508151354,57.6587372828746,152.5217952846803,2.3243698512729387,11.0,3.037808118248659,0.48982661004954
12084-6102,1-636700,4288,4096,0.025712311,9.475585904268819,0.43514445,125.451614,4.862489,4.2914195,True,1,74.71414184570312,66.7696802636888,0.36222438139155355,176,129,264.0,11.0,97.0,11.0,167.0,False,2.5635058879852295,61.31721878051758,CR,1.7613120700482339,5.278319918408332,9.787052667736976,-4.5949098869844685,-30.3422758080406,-85.84063599001058,-16.13231483442643,-72.8336474756983,-118.07968710286269,-33.33717691261997,-45.696042628986326,-58.054908345352665,42.89662489217274,85.34976579058736,1.7875824479490214,21.0,1.85419846068903,0.41886844381536525
12094-1901,1-40810,2080,4096,0.04427569,9.933820068804074,0.7876265,130.8576,3.1505935,2.1495588,True,0,125.82965087890625,38.965955102885076,0.610039362353303,100,86,297.0,6.0,133.0,9.0,164.0,False,1.1160168647766113,68.98512268066406,CR,1.9219860497744612,3.8274289208959353,7.818501609603888,-32.32925919923377,-79.38620328278527,-77.20800733884496,-68.75396455270287,-37.571138674360235,-6.388312796017586,-68.93576333536706,-43.38379723952542,-17.831831143683758,75.04555146420077,103.98399375985018,1.8387554409641114,176.0,2.0427555341181125,0.5879138161516081
12484-1901,1-409368,4240,4160,0.02615431,9.659281495497142,0.45237347,114.352104,3.694008,2.888184,True,0,75.95806884765625,65.53559849628847,0.36825510968003794,92,84,285.0,9.0,95.0,7.5,170.0,False,4.313611030578613,73.35163879394531,CR,1.3603373211989376,2.8242649452854867,19.185989306275786,,,,-21.822621115257967,-42.980659077120805,-59.990355537015425,-36.78754814513163,-34.945331295138665,-33.10311444514569,65.22357209923926,106.48772640604912,1.8654098211270436,14.0,6.79326822304782,0.7398659274986239
12624-3701,1-415754,2336,4098,0.043922607,9.692226042406052,0.56811094,27.931915,4.847346,0.5,True,0,124.87861633300781,57.13186772200284,0.6054286167627094,114,81,112.0,4.0,279.0,4.0,167.0,False,-0.28200361132621765,75.72970581054688,CR,2.9347219837502525,4.996881200001365,12.59021740300614,38.4031063713087,18.369838801148333,-3.7605248527111463,-4.091624608064965,-17.16921005352826,-30.246795498991556,44.44498682923912,47.5626024342633,50.68021803928748,80.64334023290351,115.57602351052071,1.8792662697111269,40.0,2.519615115725125,0.5485767083431627
12679-9101,1-97311,2080,4098,0.12733087,11.019865207526733,0.79754126,153.30554,4.526932,2.4482164,True,1,328.6837463378906,38.00310305554734,1.5935037698294572,211,76,116.0,5.5,321.0,1.0,155.0,False,-0.40036770701408386,195.110595703125,CR,7.213683207761605,8.188896186268904,36.558610548359,45.01653347128351,0.47695016151088043,-143.21185242663637,-35.18743613293835,-117.33544667969382,-199.48345722644927,252.81688295976411,217.57752350877834,182.3381640577926,79.56079355592429,204.75587262482722,2.290280854891431,35.0,4.464412506493888,0.7015609027286309
7957-6102,1-561039,1168,0,0.0256566,9.969858369034851,0.375966,36.334,5.6189,1.21981,True,0,74.5572509765625,71.03923801600796,0.3614637529935481,213,135,34.0,4.0,217.0,1.5,177.0,False,3.7531001567840576,79.07083129882812,CR,2.0310286816954473,5.1457783863490745,17.72722894689453,19.909038255968284,0.4584997252847681,-73.94193913724483,-4.698542925808107,-46.30786032327139,-87.91717772073467,-49.06764677817024,-88.83856935087368,-128.60949192357714,45.55640945159845,101.82206366962038,1.8980163047086696,125.0,3.4450043542337596,0.6985924353227962
7960-3703,1-547295,2080,0,0.0405781,9.533583967386882,0.714246,125.614,2.98015,5.552,True,1,115.8299560546875,45.588078120728305,0.5615594737762883,127,86,295.0,19.0,126.0,5.5,169.0,False,1.5184046030044556,76.47321319580078,CR,1.6735314657744058,5.337754567638023,9.437916313679375,,,,-32.82883561664659,-41.00925689508441,-49.18967817352226,-49.3683216870639,-54.10766389579113,-58.847006104518336,48.43401479748851,92.16895103402001,1.8835093384416848,4.0,1.7681435506420613,0.2362388928206338
7972-6102,1-113518,4160,0,0.0299975,9.572702031682269,0.549709,63.9858,6.41199,0.804472,True,0,86.71813201904297,58.493608453065235,0.4204213680309494,132,184,220.0,7.5,46.0,0.5,174.0,False,4.18801212310791,54.1951789855957,CR,2.6957376076007677,3.3699318320613294,110.69446279447189,2.5242656965488575,-16.173731396674256,-45.43797156515907,-35.520159374743585,-95.89474378728553,-148.239069756498,-41.60297035748629,-93.88956388457402,-146.17615741166173,49.65943652240041,85.59717260049447,1.7339606549318167,8.0,32.84768603961997,0.759750727372808
7975-6104,1-114465,2080,64,0.0788547,10.649001706942979,0.867381,100.761,4.04488,2.40243,True,0,215.17369079589844,30.52447959610816,1.043191491126846,328,206,250.0,11.5,88.0,3.5,162.0,False,0.18369492888450623,119.43346405029297,CR,4.2195843986291575,3.54926132374241,13.333148166637496,68.51402226223405,45.704827347868736,-20.52010645126032,90.64737816247985,35.46359169075205,-19.720194780975735,124.54175972897836,67.05228928589754,9.562818842816696,47.440703827021764,133.84750228448127,2.0771260287712305,7.0,3.7565980496974976,0.5340980577180152
7980-1902,1-115650,1552,2,0.0268433,10.135612814169132,0.797075,102.31,3.34116,6.0,True,0,77.89446258544922,38.04882595099017,0.3776430114410066,92,59,99.0,4.5,290.0,6.0,169.0,False,-0.9951125383377075,104.7045669555664,CR,1.2617657241062334,6.464630290971668,17.087935507127696,-5.8046786821819225,-55.92510411505614,-52.4743227038863,-116.33279224584854,-118.46702877461443,-120.60126530338033,-114.68377906989775,-61.79604332400532,-8.908307578112838,127.30553382639242,178.2408827285812,2.0199656249486164,7.0,2.6432966369310025,0.41218447747110165
7992-3701,1-22347,2080,0,0.0437936,9.955318707771447,0.867903,157.323,2.35543,2.42972,True,0,124.53093719482422,30.462659832580275,0.6037430207344315,160,67,334.0,5.5,130.0,14.5,156.0,False,-1.2122892141342163,101.22352600097656,CR,1.422074423328502,10.458174218631964,22.373457830011642,,,,398.96298982014304,472.8844032259639,546.805816631785,-3.9846291233752815,-20.18977250438509,-36.39491588539489,59.14082631340842,141.94680503411337,2.0052814613673164,85.0,2.139327320647592,0.5445270110875207
8075-3704,1-119687,2080,4096,0.0399585,9.78454312106777,0.765275,152.455,3.05018,1.21671,True,0,114.14558410644531,41.069735958937144,0.5533934081304389,169,52,156.0,6.5,315.0,1.5,159.0,False,0.34706559777259827,53.585777282714844,CR,1.6879495056113023,5.19863569493308,17.472364041188648,,,,-56.18714339827643,-95.21991270742653,-75.08009168741454,-81.58872586894441,-111.73359752273416,-24.170241321813833,60.301868993317605,79.36126244030058,1.7290495347060086,158.0,3.3609518086097707,0.7039101203113942
8077-6102,1-36833,1168,0,0.0220271,9.562134585847543,0.314032,149.975,6.97125,1.76928,True,0,64.2906494140625,75.6940258446044,0.31168986403354276,215,267,141.0,4.5,333.0,3.5,168.0,False,2.6248364448547363,50.855796813964844,CR,2.172867964643835,5.113699648337512,17.786142509239248,-8.695107237500935,-26.123057293593167,-51.40102305458527,-22.269534433874206,-27.895844185317365,-29.810438272804785,3.75959575642078,1.330135878657844,-1.0993239991051091,55.246652202743014,82.09784128491196,1.7063404632731527,2.0,3.478135935305001,0.3440964850200519
8093-3704,1-40992,1040,4096,0.0236139,10.153253728763753,0.676102,168.699,3.87641,3.47934,True,0,68.790283203125,48.764057515038026,0.3335047042427451,199,83,336.0,4.5,167.0,4.5,169.0,False,-0.3821566104888916,176.83238220214844,CR,1.2928009705736194,10.888391931953535,46.0812229734998,135.63059194443574,75.59921447819455,-3.005355030843661,107.61505154898823,58.43991959302169,9.264787637055175,48.210912254040515,23.54639350247312,-1.1181252490942502,61.94068660798,219.9022251399491,2.247561797577248,51.0,4.23214219891074,0.722753007784855
8146-1902,1-201364,4288,0,0.0277225,9.638564128859297,0.686904,3.00069,3.25005,1.98051,True,0,80.36074829101562,47.879356450553324,0.38959990195684135,93,90,181.0,5.500000000000001,5.0,4.500000000000004,176.0,False,0.1905198097229004,75.32075500488281,CR,1.2662191613548321,4.2730369523686305,9.039358974069437,12.616694828662892,21.144428488285346,13.431348781285926,18.463554092592894,7.837873223544167,-2.7878076455045577,-4.1210131480401495,-8.58639956102171,-13.051785974003266,81.92127656753728,121.2298358482899,1.8769146646745665,10.0,2.1154413300963237,0.3869328457969647
8149-3703,1-145920,4672,4096,0.0266886,9.392593202509863,0.7048,108.43,3.03509,4.22596,True,0,77.4599609375,46.388591224908176,0.3755364880071024,198,81,106.0,7.5,301.0,9.5,165.0,False,0.10602463781833649,53.0291862487793,CR,1.1397870393854763,4.994896548970166,6.549818260429744,,,,-51.18334322911018,-80.17631097279606,-91.55896136631821,-92.66115829301707,-93.39067948495612,-82.97762194910226,51.43132538855515,81.97270834816187,1.7245149627705265,26.0,1.3113020852814594,0.3722182904773138
8247-6103,1-217050,1024,64,0.0273577,10.506291214893626,0.766516,59.3991,6.40087,3.35213,True,0,79.33806610107422,40.95517313376302,0.38464179878573485,332,241,62.0,1.0,239.0,1.5,177.0,False,-2.053615093231201,175.38731384277344,CR,2.4620421505936467,6.651080388561834,36.18409113284592,-5.854115231944168,85.81246457675809,64.64795300932327,35.78883996077587,-12.560314129281792,-60.90946821933944,-75.23401893911084,-144.18006987756286,-213.12612081601486,138.9157248283034,230.07922666365386,2.2439981766735024,5.0,5.440332851046779,0.5782220649524259
8256-12704,1-558912,1024,0,0.12611,11.211286107836402,0.510732,175.094,8.60511,6.0,True,0,325.98138427734375,61.338474275021596,1.5804023488468124,298,89,341.0,0.5,158.0,0.5,177.0,False,-1.1886872053146362,240.57167053222656,CR,13.599536056085194,6.334753988333881,34.84105975035314,245.97546690302718,296.27625269645256,-229.1855096482814,86.99388917582209,-104.22499323473176,-295.4438756452856,,,,105.11649877172601,304.1935789475131,2.381244483951812,,5.499986236958315,
8258-6104,1-256283,2080,0,0.061473,10.552350590580089,0.580616,109.702,3.95189,6.0,True,0,171.1875,56.19814602839641,0.8299404203493869,137,69,104.0,4.0,276.0,0.5,172.0,False,-1.5116993188858032,253.073486328125,CR,3.2798332477745387,7.066520429645953,35.73964410208599,51.00014561767454,-27.848941961602034,-196.32482357131232,202.18652359440617,125.84183064369621,49.497137692986264,255.09667669783056,196.88011251997554,138.66354834212052,119.17684586437427,307.0388862119019,2.4032466479454926,27.0,5.057601468489155,0.7102304002516316
8311-1901,1-523154,4224,0,0.0281846,9.884489494829575,0.84485,26.225,3.23161,4.3151,True,0,81.65489959716797,33.09544805301759,0.39587412454332566,99,69,24.0,4.5,206.0,7.5,178.0,False,-1.3576027154922485,98.91642761230469,CR,1.2793107796154566,7.17710465666852,12.465275134204386,80.59346497277318,108.0881596014848,112.27084684214128,1.5611844822400813,-21.995941052877082,-45.55306658799425,-97.63790955135343,-114.87873410963779,-132.11955866792212,82.22010428185423,145.98513127381096,1.995268423335451,20.0,1.7368111140224807,0.39407879216796415
8314-3702,1-199775,4288,0,0.0301584,9.905111259788315,0.764885,161.036,4.08416,3.50664,True,0,87.16643524169922,41.10568731732307,0.42259480338724187,186,171,344.0,7.0,170.0,4.0,174.0,False,-0.8224405646324158,78.59479522705078,CR,1.7259447922020377,3.405054928960163,6.023608097226213,87.92148987019141,54.74678722943524,13.17820624528198,41.70661627107851,12.515546510131738,-16.675523250815004,24.994603059467455,14.084822630843147,3.1750422022188216,45.81779167530244,116.19760278901794,1.8953937867644082,9.0,1.7690193617715604,0.33491586065896045
8318-1901,1-284321,1168,0,0.0244567,9.792538764335696,0.600477,117.086,2.86511,4.52246,True,0,71.17314910888672,54.69936909068336,0.3450571641563726,91,66,296.0,4.0,130.0,0.5,166.0,False,-0.8822381496429443,130.53128051757812,CR,0.9886267315960647,5.705177191546577,15.362908277277189,,,,86.03565639045331,27.36758256033789,-31.300491269777456,-112.03489273102703,-176.82752181126878,-241.6201508915105,62.78723680011968,166.36628383830484,2.1157145984811634,7.0,2.6928012507728205,0.41990052685381773
8318-3704,1-575704,1168,0,0.0247632,9.91895144829258,0.620028,62.4558,4.06623,3.76429,True,0,72.03851318359375,53.20257445994304,0.3492525675819592,167,99,66.0,3.5,241.0,0.5,175.0,False,0.5456040501594543,95.71142578125,CR,1.4201412678787901,7.255324834100396,24.884178818372185,540.7451057590266,1145.2006621552327,1721.2159194065248,168.79462578155687,198.22071611089146,227.64680644022604,-73.81540453327209,-76.88876183532197,-79.96211913737189,68.45476848711982,140.35145640124387,1.9809637858181395,2.0,3.429781489784617,0.33175080600770623
8323-6103,1-405760,1040,0,0.0232315,9.857637601744099,0.370433,122.821,5.6741,1.3499,True,0,67.70751190185547,71.44397587969449,0.3282552808390627,220,220,298.0,2.5,142.0,3.5,156.0,False,3.4595327377319336,98.39724731445312,CR,1.8625532890089256,5.60144687072634,27.80228453670108,-38.10208253963205,68.83647602958864,213.42282670068775,-1.15975013574744,51.99099119928819,105.14173253432382,3.293954607612884,42.89831144167631,82.50266827573977,75.72862549628002,141.30766452226172,1.9929829491136064,151.0,4.963411271826623,0.8202013053393096
8334-3703,1-261224,1168,2,0.0250682,9.794006779788786,0.456411,99.3748,4.74091,3.4938,True,0,72.89900207519531,65.24638469239271,0.35342433545287144,161,53,96.0,5.5,268.0,7.5,172.0,False,3.345247268676758,87.4533462524414,CR,1.6755529661918729,7.55805776829663,26.0981596392171,-10.222842506707323,46.246571589356975,89.55545910882229,-19.509808840153973,-8.680780539412902,2.1482477613281947,-48.726111872161326,-48.871047332272674,-49.01598279238404,106.41193821711089,143.5248562587396,1.9417764316668025,45.0,3.4530246313662247,0.6483840528426515
8444-3701,1-419257,1040,0,0.0231736,9.994122622623689,0.536161,75.0134,5.27503,1.82791,True,0,67.5434799194336,59.487907045945306,0.3274600313468862,191,181,81.0,6.0,255.0,1.5,174.0,False,2.0770819187164307,118.00371551513672,CR,1.7273614891557654,2.446336609089462,13.414543899279943,114.06410855656189,83.75397371684907,20.36612645287406,58.22952716523841,0.6241665383663135,-56.981194088505795,-1.484982305838785,-27.36499622932647,-53.24501015281415,57.26817371207148,155.4544916338886,2.0718956819020353,5.0,5.483523342387824,0.5797652748289691
8446-1902,1-418253,1552,0,0.0266073,10.182503100253506,0.725481,53.6168,3.64385,4.87074,True,0,77.23155212402344,44.622631839641315,0.37442913083050805,99,91,241.0,4.0,72.0,2.5,169.0,False,-2.3353819847106934,148.55287170410156,CR,1.3643635883767469,5.727734825774566,15.139859597882875,72.66174050979996,75.61448290211234,-43.26549012149388,96.46840547502343,25.818055031048466,-44.83229541292647,1.1396804873938096,-72.10782146130575,-145.35532341000533,52.60476246163932,167.06704948133532,2.1718810516508933,3.0,2.643254280864076,0.29838012109774315
8448-3703,1-487379,4160,2,0.138746,11.091677507131081,0.823161,118.199,4.36044,2.53021,True,0,353.5801696777344,35.41655370213505,1.7142050362879675,167,160,328.0,6.0,131.0,0.5,163.0,False,1.832633376121521,182.4169464111328,CR,7.4746882084315045,2.4388963021946632,23.850635666882297,-95.77224772313315,-165.8137926686406,-339.69929320649175,-148.87100167236207,-282.5821443074934,-416.2932869426247,-205.81148478497542,-349.60752230978045,-493.40355983458534,130.88618862898446,250.68208165456838,2.2610651815306393,4.0,9.779274192765016,0.6359302508453251
8465-12704,1-576537,2336,0,0.0558079,10.33697177927909,0.34077,93.2834,5.29701,2.04436,True,0,156.4520263671875,73.64454684782132,0.7585008282012236,239,228,274.0,5.0,88.0,2.0,174.0,False,2.5390396118164062,124.79595184326172,CR,4.0177864719901635,5.268530146845987,12.443514463607043,-11.318243206972399,-53.13048755198929,-101.70530718122885,-27.97838074582523,-46.77253163716635,-65.56668252850747,-29.897780800113157,-37.823617127092795,-45.749453454072444,166.74529482437214,222.55068011460315,2.0962004978412154,35.0,2.3618569348144227,0.5055732484076434
8554-3701,1-419380,1168,0,0.0235125,9.656898942807697,0.684283,71.0088,4.84438,2.66647,True,0,68.50326538085938,48.09502231776834,0.3321132025731787,190,152,69.0,4.5,255.0,5.0,174.0,False,1.9977260828018188,63.93941879272461,CR,1.6088825562814555,5.826474615985516,9.794922083237406,8.062173633328895,-21.08233087831189,-55.57383273325737,-21.190404876513423,-28.92590465727175,-31.792980514254353,-39.665626419819944,-40.783241434451895,-41.90085644908385,73.54644095309975,97.77134079651664,1.8057686842306369,10.0,1.6811061111231922,0.32983408036486594
8562-3704,1-92908,1040,0,0.0473438,10.707342750626136,0.804927,87.9134,4.37835,6.0,True,1,134.0596923828125,37.27272450123256,0.6499397295252335,166,89,177.0,6.999999999999997,4.0,2.500000000000004,173.0,False,-1.2437061071395874,216.4429168701172,CR,2.845663614766806,9.579290142364055,57.1599704374983,652.0358902897514,1390.5732860808705,1997.7308897046737,168.90505821170416,90.0652662989461,11.225474386188043,86.8841542258032,4.005168834119358,-78.87381655756444,125.93166206687012,278.38817916072696,2.335343378023714,5.0,5.967036136081781,0.6090862624832901
8619-6104,1-114124,2080,0,0.0772846,10.700504692004627,0.684858,34.3697,6.03248,4.88053,True,0,211.27484130859375,48.047765090200585,1.024289335406524,321,93,238.0,2.5,87.0,2.0,151.0,False,-0.6709116101264954,159.91917419433594,CR,6.179004930053146,6.817618317730277,10.511607415004526,26.2832297358086,-164.75644827914326,-551.2308381371505,-54.62078132838046,-265.2863902407882,-463.39885859367496,,,,41.830418321671985,199.04269721835354,2.2039005384651817,90.0,1.5418298480669497,0.4766749233309743
8622-3704,1-118383,2080,0,0.0402731,9.734989342179276,0.616459,175.442,2.83003,5.71928,True,0,115.00112915039062,53.47752774703645,0.5575412075515405,142,79,11.0,12.000000000000004,169.0,5.5,158.0,False,-1.057821273803711,85.5062026977539,CR,1.5778583436070859,6.116371074916332,9.100765032473383,,,,15.887570064352575,14.847751985479329,13.807933906606076,26.2017493913342,28.58232746437238,30.962905537410567,44.67560026261894,109.55886720349594,1.9319976199878195,3.0,1.4879353984581252,0.16720728159157033
8626-3703,1-24440,4672,2,0.0294194,10.008727886652384,0.786118,151.613,4.97005,1.41324,True,0,85.10597229003906,39.110766853533256,0.41260539710340005,171,174,328.0,5.0,138.0,3.0,170.0,False,2.787571430206299,75.58247375488281,CR,2.0506694538737533,3.0341786489057583,13.872299561439267,-29.828025571275166,-51.068890642085414,-115.79813926584642,-47.23422855370882,-88.49913770605751,-117.74504700200593,-95.85732153884236,-127.03091467216073,-155.9447450074786,64.16632194604483,94.0352932929685,1.8784211019302135,175.0,4.57201146229216,0.8193461508217347
8652-3703,1-26587,1040,8,0.0426293,10.813083700297454,0.65888,168.688,4.55039,4.45641,True,0,121.38818359375,50.15315938039612,0.5885065213128612,194,73,171.0,2.5,357.0,3.0,174.0,False,-1.8616293668746948,205.70729064941406,CR,2.6779341895168307,8.360579707685824,39.06775209352338,33.53847468473167,41.487031324797705,-35.10293945489813,114.53002697956734,48.458296666133336,-17.61343364730066,184.89021149934086,123.84691093442096,62.80361036950104,169.75671192896542,279.10960820485013,2.3132496841726033,22.0,4.672852058046724,0.6851950145474561
8712-6104,1-567968,4160,0,0.0323748,10.036668810300096,0.659479,80.5749,5.42333,3.16281,True,0,93.32408905029297,50.105262144836054,0.4524479514866667,248,272,58.0,1.0,228.0,2.5,170.0,False,2.4999284744262695,97.28829956054688,CR,2.453774548736184,3.6085927268414464,37.34311408215798,-34.54289896121888,-14.213447028047607,-48.92011386883356,-1.2133271963944585,-32.628584962757365,-64.04384272912026,-5.171172034533348,-111.05779279658796,-216.94441355864248,88.78964073326568,130.98780438091103,1.9880606127057705,173.0,10.34838700538088,0.9558465046787764
8715-3703,1-379124,2080,0,0.0545403,10.36406108258761,0.812346,83.2462,2.94652,4.06068,True,0,153.12741088867188,36.52698191916535,0.7423826375170945,181,58,260.0,5.5,55.0,8.5,155.0,False,-0.549690306186676,162.47837829589844,CR,2.1874452890968694,8.729581065697083,14.88758244053518,-9.170648348495304,-31.411411983655558,-189.43716754399256,-44.6055440826767,-152.89206270887394,-261.17858133507116,-104.36756279904075,-164.6191663511909,-224.870769903341,85.2575050041606,201.46979262044576,2.210795575705358,157.0,1.7054177432449746,0.5247994810096721
8937-1902,1-201392,1040,0,0.0226821,9.996942688106225,0.588133,157.066,2.92907,2.51036,True,1,66.15010833740234,55.63328148617932,0.3207047752885064,95,76,162.0,3.0,338.0,10.0,176.0,False,-0.6324552297592163,116.24015045166016,CR,0.9393667361543053,5.085400409200642,20.99939241633027,,,,277.820502757555,357.80569545470837,437.7908881518618,-84.72186386858951,-118.80550248559734,-152.88914110260524,88.95025049945468,161.52637576707102,2.065356163405274,4.0,4.129348866676773,0.4738932138082881
8939-12702,1-384038,4096,0,0.0930921,10.819023786844214,0.564813,118.404,11.4148,6.0,True,0,249.87142944335938,57.37694540688709,1.2114108751253676,348,138,75.0,0.5,265.0,2.5,170.0,False,0.519866943359375,201.21188354492188,CR,13.828012857381045,4.967599915734228,23.52723925724216,58.05222404859715,63.81044379857754,37.89164032082844,12.17279607064371,22.509213800881543,-379.8039539445974,,,,49.025098687361634,49.025098687361634,2.3036536265110237,,4.736138106195446,
8946-6102,1-279532,1168,0,0.0247756,10.00850649029981,0.522688,167.899,5.82981,2.00745,True,0,72.0735092163086,60.470694003281466,0.34942223313640636,307,189,168.0,2.0,348.0,1.5,180.0,False,1.8729944229125977,86.82965087890625,CR,2.037065228960953,5.296733875073105,17.103557925972382,62.42409706713926,41.02842558398925,19.54378663236214,12.477238382941694,8.22724253795374,3.9772466929657733,-3.265753177560556,-5.368981037288907,-7.472208897017258,146.98694586917262,170.84195506165005,1.9386680548327753,4.0,3.2290763193641325,0.39055988047495477
8978-12702,1-634093,2048,0,0.133016,10.882806766104322,0.801932,36.0051,5.4455,1.70642,True,0,341.16632080078125,37.57030517835736,1.654020998580236,290,282,56.0,0.5,230.0,1.0,174.0,False,3.458991765975952,106.4452133178711,CR,9.006971347768676,3.9210146624554705,35.459418299968746,-13.958064979324464,-49.30363936124774,-127.34250192127126,36.97566987215329,11.813897091005662,-13.347875690141953,-128.49707791331673,-196.95918140983687,-265.4212849063569,51.64985428560395,114.62258760986525,2.027126136639767,172.0,9.043429151005233,0.9441987103876701
8980-1902,1-236099,1552,0,0.0204592,9.618199811654703,0.721158,3.20493,2.78822,3.70974,True,0,59.827545166015625,44.99589016393341,0.2900521240368306,93,51,181.0,4.500000000000006,355.0,3.000000000000008,174.0,False,3.8628275394439697,72.72612762451172,CR,0.8087291332819718,6.208981989743273,22.50605499301353,,,,-8.613464898360629,-15.463541045022687,-22.31361719168473,-106.69567806660747,-115.67723997191469,-124.65880187722193,88.10188265284788,122.6578146631022,1.8616904637424931,2.0,3.6247576543452182,0.3657014232916569
8981-1902,1-404060,1168,0,0.0223856,9.077244322745349,0.538724,72.4969,3.07009,2.2675,True,0,65.30874633789062,59.30029638366541,0.3166257372072168,91,64,251.0,11.5,87.0,11.5,164.0,False,3.5787911415100098,54.85663986206055,CR,0.9720695095425043,4.686956462703403,4.46262359924699,,,,-40.61169435947054,-63.9176908467335,-86.37319271632681,-43.7482213074926,-60.66752296709647,-77.58682462670032,50.282477657599905,78.59805667184202,1.739229202210224,3.0,0.9521367725001184,0.14868876307305182
8989-12701,1-174952,2208,0,0.1138,10.922784086385166,0.472851,87.5086,9.67466,6.0,True,0,298.2956237792969,64.06780545959899,1.4461779942330615,280,192,51.0,4.0,238.0,0.5,173.0,False,2.7001090049743652,165.74769592285156,CR,13.99128039368683,5.673683534033671,109.76457104521542,59.38711287971947,-65.0411987237522,-245.4798104202255,55.5056791682518,-1.1176427778120788,-57.74096472387597,145.04821894689388,120.18525247276749,95.32228599864108,89.64459389135399,210.68128636093823,2.2194474999428953,12.0,19.346262509495126,0.788708028623103
9035-12701,1-247727,2080,0,0.039943,9.441077417225415,0.711286,105.251,5.60917,1.63217,True,0,114.10340881347656,45.83999449302026,0.5531889365400784,367,388,33.0,6.0,229.0,3.0,164.0,False,6.032070636749268,62.14722442626953,CR,3.1029307871725114,3.503919795577758,7.777397615019427,-20.5251335183185,-0.8139619968915381,-36.19660061899106,-37.35030613431647,-69.29027378547083,-134.9037922382545,-17.949646540671466,-105.27214260213238,-192.59463866359332,49.89653266232163,71.71642475169902,1.793421737269336,160.0,2.219627750850678,0.5951875442321302
9039-1902,1-263219,2080,0,0.0616178,10.533759352099315,0.672816,165.491,2.1218,5.90852,True,0,171.5615234375,49.031073888131814,0.831753737144943,83,78,347.0,3.0,195.0,3.5,152.0,False,-2.187065362930298,273.5128479003906,CR,1.7648150794741402,7.452139862880213,10.721175054485625,,,,-103.09954282313313,-210.56609154627156,-318.03264026940997,-275.6934699311407,-351.72312589580474,-427.7527818604688,211.45106950531127,409.4892427528948,2.436977731551316,11.0,1.4386706706739059,0.3185303137532437
9039-9102,1-593805,1040,0,0.0317065,10.612548638459819,0.754036,106.753,7.0015,5.07326,True,0,91.47088623046875,42.09620459487594,0.44346337067745123,470,107,278.0,1.0,78.0,0.5,160.0,False,0.24964465200901031,168.94427490234375,CR,3.104908789798175,3.2343061014999788,170.56818794515598,-162.57882551686606,-276.77051154313506,-382.96787282130765,1463.5273842313466,1459.8605574606763,1456.1937306900063,,,,251.72609745395937,295.4744716509074,2.2277434792097695,13.0,52.73718151354052,0.8136942675159236
9046-1901,1-633776,1168,0,0.0326322,10.36688782372249,0.534862,146.853,3.51426,3.02486,True,0,94.03706359863281,59.582910253209974,0.4559045496398472,104,63,149.0,3.0,301.0,5.0,152.0,False,1.0831303596496582,182.0410614013672,CR,1.6021671226173295,11.697883615450785,54.628772242726065,3.480070425471254,-77.8448356370554,139.41085664796466,-153.8816699239443,-85.63427061607727,-5.499367416568219,34.17813588154306,189.5392732044521,344.90041052736115,71.00637867461293,217.75997100832348,2.2601693590218583,146.0,4.6699705723325335,0.8014861995753715
9095-3703,1-318434,1152,0,0.0319131,10.253437358211718,0.806617,52.8568,4.25813,5.81156,True,0,92.04411315917969,37.1039407140698,0.44624245325164585,194,101,235.0,3.5,44.0,2.5,169.0,False,-2.2283570766448975,168.67723083496094,CR,1.9001583774644308,8.010838001013344,21.9885186452997,65.86396657245002,-137.13315513792378,-604.1662089717014,-159.52782517901244,-371.4020002266377,-583.276175274263,-484.4943847141848,-715.7450353108244,-946.995685907464,59.60263923138055,199.9926819678581,2.227056462612166,158.0,2.7448462498577832,0.6514409845089251
9187-6104,1-96461,2080,0,0.041871,9.92606552135068,0.574472,118.254,3.47705,4.3783,True,0,119.33657836914062,56.657803576639125,0.578560058501597,179,128,111.0,4.0,306.0,5.5,165.0,False,0.42407092452049255,78.59932708740234,CR,2.011682251412978,6.47382464590535,11.306827186899369,-27.38395422212136,-123.46589929564924,-139.7922126049884,-87.19911648805778,-69.08173716466094,-44.56721224715766,-62.251611350349535,-21.47162698945322,19.308357371443083,77.23797323753033,118.63694990159566,1.8954188279289887,170.0,1.7465451731150703,0.5444582055516238
9196-1901,1-24547,4288,0,0.0300519,10.169665618790413,0.570124,109.473,3.1957,3.62058,True,0,86.86972045898438,56.98203874932611,0.42115628952676587,93,67,291.0,3.0,133.0,10.0,158.0,False,-0.9468048214912415,161.40773010253906,CR,1.3458891544406857,8.851537561748632,15.91324445861879,,,,36.60267484698442,-31.778579177821445,-100.1598332026274,-133.14893080561384,-211.97606933686657,-290.80320786811933,104.6204084064562,207.46633373186765,2.2079243300173172,149.0,1.7977943772601592,0.5330659746795627
9495-6101,1-298482,1168,0,0.0155937,9.247916828948654,0.638762,174.125,6.16673,1.68447,True,0,45.86890411376953,51.74566259017419,0.22237872251856944,290,85,2.0,8.000000000000007,200.0,10.0,162.0,False,2.0356380939483643,33.65694808959961,CR,1.3713495395169377,6.141060670637555,14.409366908682461,12.722397484011733,-8.412041990440954,-10.50075563950339,-0.5193188784997381,-11.360520705452448,4.052488516380019,,,,51.508655161406516,79.44383637643101,1.5270747329132086,59.0,2.346397093514874,0.5454804592278053
9502-3701,1-556703,4160,0,0.0184405,9.897411539786017,0.658912,153.225,4.54851,3.80801,True,0,54.05613327026367,50.150601330156796,0.2620715295730419,191,118,330.0,3.5,155.0,4.5,175.0,False,-0.8034688234329224,109.00879669189453,CR,1.1920349729782769,8.068582975614046,18.331705060704543,15.410186318552084,12.378511557184554,-53.17809843415454,8.28261958049607,-38.659038629972,-85.60069684044012,-73.98352171067434,-126.89538257596399,-179.8072434412537,54.23090091341065,141.65623540804435,2.0374615456525405,10.0,2.271985690189849,0.40390815443894
9513-6104,1-42583,1040,0,0.0323373,10.397195859345285,0.726547,60.608,6.05029,5.412,True,0,93.22018432617188,44.530240502237994,0.4519442071688085,320,143,243.0,3.5,76.0,3.0,167.0,False,-1.8570830821990967,169.93991088867188,CR,2.7343935171913705,8.13392119644972,19.574718659872254,122.71016013472727,123.27496603333606,68.43406344200436,166.094839091761,110.95602044330246,55.81720179484396,93.03540492130577,23.768024650613143,-45.49935562007941,79.10792584249482,198.05587335468445,2.23029538618627,137.0,2.4065537625833153,0.5945977824958717
9866-3701,1-271717,2080,0,0.0493778,10.143058539941677,0.716497,28.0314,2.93538,3.77822,True,0,139.48239135742188,45.39583386240421,0.6762297160395263,158,90,31.0,3.0,209.0,2.0,178.0,False,-0.5538973212242126,111.43037414550781,CR,1.9849911838681047,5.239728458864272,16.08600896516739,,,,-2.2370628133818493,-39.60586562392418,-76.97466843446652,5.453457498617157,-7.650889252605717,-20.75523600382861,55.46173137199599,156.39616834048044,2.0470035887349343,8.0,3.0700081295155672,0.46345443107651174
9881-3703,1-458301,1168,0,0.0264207,10.037386652582377,0.724021,120.628,3.97837,3.17501,True,0,76.70713806152344,44.74894527556538,0.3718866997098457,189,137,125.0,2.5,292.0,3.0,167.0,False,0.6418703198432922,107.89625549316406,CR,1.479502889524659,7.22858008686512,13.179196964981646,63.32969981084873,-7.283869892811722,-63.14622921385092,36.24412864614748,16.720143247622705,-2.80384215090207,22.704903287456066,23.84114881829038,24.9773943491247,49.45133025383827,134.12542070229725,2.033006372886111,20.0,1.8232068824870944,0.40951089093339627
9893-3703,1-326103,1040,0,0.0375402,10.707739603048942,0.630998,64.9333,4.4911,3.25621,True,0,107.54735565185547,52.35232687313683,0.521404293871725,198,68,245.0,1.5,60.0,5.0,175.0,False,-0.6050224900245667,270.7311706542969,CR,2.3416788242073046,9.836814135125614,47.326589288406936,-6.958351488381225,38.905006689231804,-106.93029420380323,25.6012682369924,-75.11480007650083,-175.83086838999407,-110.33770919287149,-196.97006167317602,-283.6024141534806,127.55079510157411,331.90575912998474,2.4325382611780526,35.0,4.81117042960196,0.7200794212471495
12678-1902,1-96680,4096,4098,0.027905166,9.666895858227104,0.68921,41.318954,3.3042126,1.6415198,True,0,80.87249755859375,47.68906460137646,0.39208093241903796,92,92,31.0,6.0,24.0,4.0,7.0,False,2.1671934127807617,65.03926849365234,CO,1.2955187571187337,1.1525360663188877,7.26732581473995,24.6069225713294,20.371954063716416,3.1724581021720692,17.291040995907405,-1.5131092543828153,-20.317259504673036,13.01962529548117,5.027471163289447,-2.964682968902269,49.91632310075103,94.73444339894975,1.8131756480387053,6.0,6.305508371595897,0.6407368089958324
9029-6103,1-135227,4672,0,0.0304491,9.72121191469626,0.672214,8.02206,5.6132,2.85661,True,0,87.97594451904297,49.079888088020816,0.42651941511365526,281,88,6.0,3.5,9.0,4.5,3.0,False,2.069166660308838,64.7585678100586,CO,2.3941387809159695,4.916277102234027,10.346858635621299,16.828633501075657,4.4526615529531615,-8.135858798718203,9.1088286398992,3.5194725476840234,-1.6881411287978791,,,,116.9446870375789,133.48588470057743,1.8112972354014956,59.0,2.1046125798969992,0.520789101203114
8250-3704,1-217171,2336,0,0.0407695,9.58715062191261,0.702263,14.1189,2.2866,0.82019,True,0,116.3497543334961,46.60193415186629,0.5640795269461243,144,154,21.0,6.0,16.0,2.5,5.0,False,2.0844480991363525,60.102027893066406,CO,1.2898242463150078,5.2283993341791835,6.444021720018535,,,,-4.193990775961277,-8.502728940416306,-12.811467104871348,-1.4073148280944134,1.7896276211772832,4.986570070448991,89.44045332888409,119.46517221830777,1.7788891257117352,5.0,1.2325037374044028,0.2201973735944012
11835-6104,1-559745,4288,0,0.026856858,9.603789194631505,0.42424372,178.68211,6.7810507,1.9951257,True,0,77.93253326416016,67.55119592787688,0.37782758329988847,289,124,352.0,0.5,358.0,5.0,6.0,False,1.9816104173660278,68.18299102783203,CO,2.5620679982150167,4.915131362497627,10.977948252446161,16.82397533976733,19.713075484692375,8.896470324608034,17.658211825373822,14.876305324845566,-0.47519303246132166,29.544167250763497,11.993916777732966,-11.880596860832526,115.468917623477,124.00503781221256,1.8336760487906503,59.0,2.233500478991819,0.536221199968546
8483-3704,1-93503,4160,0,0.0328625,9.587842243507227,0.488664,153.55,4.74634,1.44342,True,0,94.67460632324219,62.93149348485661,0.45899544399167197,142,115,159.0,11.0,156.0,4.5,3.0,False,2.0131452083587646,60.45802307128906,CO,2.1785484356354323,2.8074907814283696,16.007027247399765,6.3325340985714496,15.337412619617158,4.4171933622257615,27.552644906245753,18.28138216014995,1.1095630480028453,9.372606892036199,-12.64589260000195,-34.664392092040096,65.1597297809811,83.91963731758284,1.7814539419938429,6.0,5.7015422288424595,0.616045450971141
7975-3701,1-114082,2080,64,0.0402683,9.63094018261928,0.425806,145.97,4.73158,0.912644,True,1,114.98807525634766,67.43912408453912,0.5574779204873026,151,154,330.0,6.0,328.0,3.0,2.0,False,1.855222463607788,59.27971267700195,CO,2.6377513790193112,2.079451512390035,12.129134197560456,14.22061071384767,2.75458792757067,-21.426935644343214,6.639508093729893,-6.450242025842501,-17.33428799557774,-5.1027153375041525,-14.630796651758999,-24.158877966013858,44.15435710593199,70.04233327837392,1.7729060899932862,4.0,5.832852617765409,0.5649425965243375
9893-3704,1-325913,4224,0,0.0313472,10.213637271141508,0.694682,105.218,5.12011,2.37716,True,0,90.47329711914062,47.235425685579216,0.4386269221844734,204,161,109.0,3.0,110.0,3.0,1.0,False,-1.3790457248687744,101.84386444091797,CO,2.2458180905459444,4.261283559259571,15.530370702629128,33.07101917588517,34.397811788288465,17.292984615332212,15.660133086687445,-1.6195201778248844,-18.899173442337233,15.084792595899696,0.24891098023759609,-14.58697063542451,91.5005571603144,142.6374814844124,2.007934870157819,2.0,3.644528810781051,0.3672446331682001
7958-3703,1-177250,1168,2,0.0302212,10.231308994119322,0.684304,106.536,4.29007,2.75958,True,0,87.34136199951172,48.0932969520791,0.42344287224103816,197,134,102.0,2.5,111.0,2.5,9.0,False,-1.005768358707428,116.59595489501953,CO,1.8165995629151106,7.343739275142741,12.605261539148065,39.63283571627037,69.06744047917445,84.7475814283998,-10.255183095076273,-17.26904014491896,-24.28289719476165,-14.156816497535743,-22.15487260818947,-30.1529287188432,162.83595562615128,207.78679677102465,2.0666834835512504,17.0,1.716463652490312,0.3806420539435401
11967-1901,1-335441,4224,28672,0.031182118,10.046504646132288,0.6537327,96.7874,3.5770705,5.990107,True,0,90.01465606689453,50.563564483179086,0.4364033676159996,90,88,96.0,4.0,98.0,2.0,2.0,False,-1.4380558729171753,110.10987091064453,CO,1.5610456123998475,1.7083025206405693,10.161972298150165,39.286268621210596,27.899390706979045,1.3450879295495095,40.27770290743889,21.610471906938375,2.9432409064378513,40.25188666086654,26.071503926609466,11.89112119235238,144.1729355710304,189.49607172173359,2.0418262534846274,3.0,5.948578881883103,0.539120861838484
8258-1901,1-277213,1168,0,0.021032,9.313650018823289,0.704367,149.314,2.88093,0.924546,True,0,61.46002197265625,46.42505197988393,0.2979665949363644,95,95,152.0,4.5,150.0,3.5,2.0,False,0.1985020637512207,54.057334899902344,CO,0.8584209023500203,1.0483211266925176,3.3469616207355974,,,,1.8877985166106153,-14.59955181159634,-31.086902139803303,-18.38555355473435,-31.43284865499196,-44.48014375524957,51.576072101006766,77.97367851550464,1.7328546305821424,1.0,3.192687369847591,0.2537154989384289
11978-3702,1-294674,2080,0,0.03857534,9.478878181188325,0.7429109,157.75844,2.2773263,1.8384157,True,0,110.37640380859375,43.09371145614492,0.5351199063807695,131,157,355.0,11.500000000000004,354.0,4.0,1.0,False,1.172912359237671,53.047096252441406,CO,1.218642636454464,4.320850524087409,2.7874988334644826,,,,3.774642617915769,-4.153563530678585,-12.081769679272936,-0.06142696238433093,-6.806139407664895,-13.550851852945458,61.330942453716034,85.80512013333424,1.72466161602141,1.0,0.6451273465548129,0.04692537548163875
9881-1901,1-458316,4672,0,0.0282062,9.564075163953653,0.754962,112.66,2.83708,2.06957,True,0,81.7153549194336,42.012364617990386,0.3961672202166283,94,77,290.0,5.5,296.0,5.0,6.0,False,0.9920608401298523,57.128761291503906,CO,1.1239580971321919,4.554305492767574,6.083194818548501,,,,-7.741243678023438,2.0583935685632126,11.858030815149851,-8.49814669352202,-1.1540075711229394,6.190131551276131,72.70657860660869,100.9860697886991,1.7568548074651216,4.0,1.3357019699729995,0.19457222615396713
11982-3703,1-96410,1168,0,0.026870152,10.016672766997011,0.5640439,12.934479,4.908755,0.95793164,True,1,77.96986389160156,57.43403175039926,0.3780085672889684,175,175,204.0,4.0,197.0,2.5,7.0,False,0.433905690908432,82.07256317138672,CO,1.8555514447225603,2.7280135995241706,13.24001893009322,19.550853273376905,-10.240435277841963,-34.53427545305974,10.739041954036766,0.7299088131124373,-1.8740200243752037,0.25695613518841187,9.429983573940962,18.603011012693518,79.6765379359368,118.27427680418397,1.9141979968911003,3.0,4.853355178435543,0.4835653062829284
9869-6103,1-135534,4672,0,0.0302344,9.905737071294956,0.552468,148.649,4.40832,1.3718,True,0,87.37812805175781,58.290305445832686,0.42362111909233113,268,185,146.0,3.5,147.0,2.5,1.0,False,1.146540880203247,72.48434448242188,CO,1.8674574517171052,3.1610710307393735,11.585073084662875,8.054527787736923,-7.307546074259784,-55.675784195735034,-0.10859289988102419,-32.788957472292225,-65.46932204470342,-18.691413817363344,-48.09058881536824,-77.48976381337314,43.360817551269506,89.72277790119841,1.8602442156869334,1.0,3.6649202033125876,0.31544389400015727
9192-1901,1-37421,4672,2,0.0315504,9.734704642282773,0.549413,108.808,3.21444,1.64404,True,0,91.03758239746094,58.515402754178986,0.44136265441425737,92,82,121.0,5.5,123.0,3.0,2.0,False,0.42400655150413513,82.91650390625,CO,1.4187337708553656,2.8096779604042967,9.65386627927397,-7.836297447928296,13.073832857426087,-21.36408212396502,3.897633975235173,-15.103644383170971,-34.10492274157713,-11.575504212848127,-37.39547733039153,-63.21545044793493,48.495053917371365,94.29932255689084,1.9186409822033845,9.0,3.43593337575415,0.5123849964614295
8482-3703,1-542327,1040,0,0.0565856,10.85155430212281,0.578243,121.323,5.27346,6.0,True,0,158.4867706298828,56.375891262545835,0.7683655467623618,190,158,301.0,2.0,304.0,0.5,3.0,False,-0.3851059377193451,206.31390380859375,CO,4.051944976229445,3.906348818530031,31.51995194159352,-23.138131695596222,-167.12489476761948,-400.5394525966793,-99.2207206507091,-209.91971568923648,-320.61871072776387,-62.97179022000633,-128.39839785364927,-193.8250054872922,108.93728177306483,239.28367973918094,2.3145284967268034,4.0,8.068903573607274,0.6220413619564362
9186-9102,1-547579,2080,0,0.0903013,10.822269446520195,0.584406,126.581,4.6976,3.77704,True,0,243.1620635986328,55.91369720708294,1.1788829515944428,332,58,122.0,3.0,129.0,0.5,7.0,False,-0.620503306388855,187.09756469726562,CO,5.537920553410055,8.510275507254528,39.023027826337895,66.6688018158044,85.4818749737681,-18.816178257707836,-2.5313961378096703,-105.76665183309876,-209.00190752838785,-235.2789410952817,-364.1624570766219,-493.04597305796204,80.88035642099736,209.1997970519218,2.272068134665042,,4.585401235608996,
9492-12702,1-297860,2080,0,0.11571,10.924851247348053,0.568,156.758,5.30281,6.0,True,1,302.64404296875,57.1401196211109,1.4672597253755226,168,138,15.0,1.0,0.0,3.000000000000004,15.0,False,-0.6112393736839294,179.73594665527344,CO,7.780599544318576,5.5418527675355325,25.386906484823886,91.96096647427562,66.39852411420435,17.66881595142764,6.509593380460409,-15.068460985878545,-36.6465153522175,20.3533805358492,-1.1133969825526144,-22.58017450095444,305.7039745570146,349.86678596152456,2.2546349434017054,50.0,4.58094206932774,0.7396791696154754
9187-6101,1-96483,1040,2,0.041727,10.714354072848396,0.792008,105.427,5.61078,5.77962,True,0,118.9465560913086,38.54285955760392,0.5766691771392922,311,266,108.0,8.0,91.0,1.0,17.0,False,-1.4000557661056519,217.0664520263672,CO,3.235563885709598,9.415472157882846,32.95634612142743,318.44238655455,253.7378146112007,181.6141792542403,229.74380231363781,156.05913470521728,127.12970128869404,-641.8947236613718,-893.0455221022088,-847.1039427387412,59.94642442535174,250.35854006995893,2.3365927077213238,16.0,3.5002329749162535,0.5827042541479909
8149-12705,1-218116,1040,4096,0.0470305,10.80614129290905,0.826337,103.686,8.49835,5.00679,True,1,133.22206115722656,35.084861117000216,0.6458787787463474,648,187,191.0,4.0,204.0,0.5,13.0,False,-0.9499351978302002,210.9403533935547,CO,5.488903919359021,7.98650905507915,53.166810721596924,41.16642144055155,52.39830214429741,-65.78635154683754,185.09075463229533,82.66552512567826,-19.75970438093874,-377.64932634226705,-704.8791449209465,-1032.108963499626,119.1525639936772,253.49413385017817,2.324159669259298,21.0,6.657077623643916,0.7583746166548715
9038-12702,1-199742,4096,0,0.0331128,10.877046367430593,0.79638,8.41345,8.93979,4.12665,True,0,95.36711120605469,38.1168967306123,0.46235280240589854,672,422,11.0,1.5,11.0,0.5,0.0,False,-1.3873003721237183,217.08177185058594,CO,4.133336959420228,3.9338903103735716,19.966068491594598,126.22532536565102,92.32038294059612,21.340197930287292,105.57897775470856,65.47389356175773,25.36880936880694,85.87187092387548,41.13946423551153,-3.592942452852418,276.28673970494276,345.18733259239224,2.336623357691812,2.0,5.075400409346587,0.44903475662499015
9499-6104,1-604912,1088,0,0.0278268,10.437961318849405,0.550942,149.891,6.48956,3.26262,True,0,80.6529769897461,58.40278789448301,0.39101666666841506,327,316,343.0,1.5,345.0,0.5,2.0,False,1.6750701665878296,167.66415405273438,CO,2.5375261193446796,2.880929710981442,41.106123712303955,94.6562677674281,81.49941951263617,55.01308762192912,77.79015196062446,64.43272061058593,51.07528926054739,34.277959001874045,19.647141628318767,5.016324254763478,129.32558482529024,220.93568866339467,2.224440222050724,6.0,14.268353565037307,0.7132676731933633
8443-6104,1-627945,1040,0,0.0303522,10.509492851297221,0.556374,121.677,5.9634,5.73935,True,0,87.70616912841797,58.00198029743388,0.4252115071116386,323,87,121.0,2.0,133.0,2.0,12.0,False,0.8228322863578796,166.47232055664062,CO,2.5357063015095456,7.000380240626932,16.86723186369436,-38.303043161103794,-208.14202760101048,-379.0358869966466,-192.2246362358289,-270.1247619731464,-348.02488771046393,-148.14535230242953,-173.2737188938156,-198.4020854852017,63.840883251034384,188.20156559686654,2.2213420334649854,108.0,2.409473669130833,0.5833529920578753
8936-3702,1-121235,2080,0,0.0609332,10.484069103617877,0.582379,6.43665,3.35647,6.0,True,0,169.79202270507812,56.06591598602317,0.8231749555068285,179,56,186.0,2.5,171.0,1.0,15.0,False,1.1573805809020996,170.55299377441406,CO,2.7629620429100044,10.005980492492402,33.18372199290418,81.22915784711356,86.10946940803848,84.5802779921284,66.74257844544204,89.97930831047196,113.21603817550185,73.13397873128588,67.26709904691089,61.400219362535886,185.8230490416516,263.05787344783215,2.2318593471283283,35.0,3.3163888354371966,0.5966226311236927
12087-3702,1-117763,1040,4098,0.073033586,10.957441965128972,0.5592274,150.3365,5.1817536,2.2204337,True,0,200.6453857421875,57.790970821616675,0.9727562805931272,172,89,333.0,2.5,330.0,1.5,3.0,False,-1.3415874242782593,225.1495819091797,CO,5.040583358886048,9.597746582243174,48.28663182735927,33.730834846155375,-5.56667909353973,-108.82666233012515,-105.18493757218552,-194.30939131412134,-283.4338450560572,-149.22641457865612,-211.4193292157575,-273.6122438528589,175.02080678477307,294.0836865544334,2.3524711448379043,40.0,5.031038422778796,0.7461075725406936
8134-3701,1-378237,4672,0,0.127436,11.106812815808624,0.648959,153.421,4.9013,3.01519,True,1,328.9161071777344,50.94232762764884,1.5946302869705606,112,76,346.0,0.5,331.0,0.5,15.0,False,-1.1931041479110718,267.5704345703125,CO,7.815761425528809,10.156602634768577,453.97062005947527,221.1856024926196,197.59908503583924,141.63234736841608,642.784704049328,618.3888875868302,593.9930711243325,1343.7385977989923,1324.3282176554587,1304.9178375119247,310.1903297157352,423.8388512616975,2.427438123997387,41.0,44.69709374130883,0.8974404340646378
11754-9102,1-52855,2048,4096,0.13020562,11.022724069169492,0.652452,70.517235,4.9308352,4.2843666,True,0,335.0164794921875,50.66535280022667,1.6242057265496477,193,81,72.0,10.5,79.0,0.5,7.0,False,-0.7595159411430359,236.91293334960938,CO,8.008690768512578,10.889861968652932,126.11533290123722,216.9869758383402,138.08597493074416,56.86343864274606,-1.6757363083265917,-112.70695522761054,-194.18485243886485,205.98142902048335,207.92423347236908,209.86703792425482,106.12215016603268,282.3192682960331,2.37458877000537,1.0,11.580985439876756,0.5145179680742313
9046-3701,1-295681,2592,0,0.0421715,9.517119328647466,0.866867,107.121,2.98742,6.0,True,0,120.15003967285156,30.585243626417146,0.5825038301925195,170,195,96.0,14.5,93.0,3.5,3.0,False,1.0877083539962769,57.0027961730957,CO,1.7401835923937368,2.4995196039948544,2.658137371976362,10.054028408411535,5.783533378981315,-5.114641396579487,4.470092465284917,-2.831290148155191,-10.132672761595297,31.28552769223185,24.23818547902179,17.190843265811736,106.24569269236935,123.29032326728328,1.7558961597560212,5.0,1.0634593014305618,0.2171109538413148
7962-6102,1-178233,2080,0,0.0434744,9.709655734879533,0.822803,84.3085,3.30011,0.5,True,0,123.67020416259766,35.453777818520614,0.5995700692363682,126,142,358.0,19.500000000000004,347.0,5.0,11.0,False,1.2013312578201294,61.867576599121094,CO,1.9786471811876312,3.545727514304536,11.776463211703533,19.349089367000595,18.30980836571539,-0.15843714050718719,12.366882323179693,5.252323535473589,-6.1796674683987876,29.07412106267673,13.995518711686307,-1.0830836393041139,89.46451922565758,102.46389272511576,1.7914631047020455,32.0,3.3213108351371394,0.5846308091531022
9509-1901,1-218245,1168,0,0.0254242,9.517705136266773,0.795606,163.33,3.06252,0.784423,True,0,73.90258026123047,38.19258863765701,0.3582898197994008,97,98,351.0,9.0,352.0,4.0,1.0,False,1.430321216583252,61.94951248168945,CO,1.097269738932061,0.5233229289281981,3.7672955945879982,32.611895215485596,35.843376225851884,18.344786032137236,35.62734912456699,25.126133728288252,12.404376571485408,25.265738427876368,5.308968972502332,-14.647800482871693,80.49269565476692,99.29984191002808,1.792037892998681,1.0,7.198797121891224,0.4743945112841079
8091-12702,1-39759,2080,0,0.133168,10.941803017634696,0.459955,169.67,7.38823,0.9811,True,0,341.49774169921875,64.99247039120225,1.6556277724379174,193,247,195.0,4.5,203.0,0.5,8.0,False,2.734657049179077,150.5906982421875,CO,12.232158777158995,5.3463647533480145,89.28182316451137,14.225909482995691,16.51540414792347,1.3865430426356657,-56.267780816905,-85.58923718501678,-114.91069355312861,-14.68005973938594,-30.22726495063728,-45.774470161888615,248.25103266428854,312.5498363036871,2.177798146985196,77.0,16.699538337447155,0.9178363607769129
11867-12703,1-53660,4096,4096,0.103498355,10.851388189474848,0.48229074,123.81261,8.793844,6.0,True,0,274.50189208984375,63.38988794007175,1.3308227277560976,420,328,128.0,2.5,129.0,0.5,1.0,False,3.091419219970703,162.01963806152344,CO,11.703047459541592,4.409816304148106,51.077830551616294,-17.475702983975193,-75.34001630071718,-241.45792024098608,-40.16142044072889,-131.83161189309288,-223.50180334545686,-124.39375911457232,-194.96168873992508,-265.5296183652778,51.83072588636447,137.55063178289768,2.209567657659057,126.0,11.582756974155542,0.9324624518361249
11757-12704,1-272819,1040,0,0.051353477,10.865632804519342,0.5071046,104.505745,14.024224,5.5019054,True,0,144.7242889404297,61.60103975963584,0.7016431526716982,688,598,280.0,0.5,277.0,1.0,3.0,False,3.114788293838501,175.64244079589844,CO,9.840000741134094,5.0386771349837645,29.483620560116556,-42.856802034442204,-37.74688699589972,-41.27513160466328,0.8114627733038848,-4.521765184881615,-9.854993143067114,-49.77469726004982,-56.76117319558667,-63.74764913112351,262.3438308334581,275.95644594132716,2.2446294635998796,34.0,5.8514605659907115,0.7615003538570417
8334-6101,1-261147,4096,2,0.0190065,10.026079530994727,0.799797,79.6146,5.91167,6.0,True,0,55.67716979980469,37.78126037932703,0.26993053644403997,324,84,261.0,2.0,252.0,0.5,9.0,False,-1.373221516609192,108.75927734375,CO,1.5957402543801378,7.92458479051612,23.55096728681035,-57.64142362777861,-59.151734081762385,-53.57001096428384,-17.063154400495698,-18.999270256850963,-20.935386113206235,-55.02435982649122,-54.69443562504335,-54.36451142359548,160.008352530765,189.8469660921817,2.0364663132344734,105.0,2.971886592089388,0.638859400802076
8447-3703,1-260823,2336,2,0.0509796,10.14870134688285,0.821864,64.3796,2.54807,2.20377,True,0,143.73422241210938,35.55125702279475,0.6968431746903151,187,100,236.0,7.5,245.0,2.0,9.0,False,-0.8355569839477539,118.13418579101562,CO,1.7756051881331512,2.6165822023942553,8.976158497998686,,,,115.62805212235018,71.48454032609594,27.341028529841665,72.73143392406782,32.62349392187751,-7.484446080312786,48.28275068581921,140.03960011614362,2.0723755923807774,3.0,3.4304897777662853,0.37708382480144687
9863-6101,1-455924,1040,0,0.0230878,10.05508003379995,0.838787,127.225,5.97739,6.0,True,0,67.30035400390625,33.758036882916905,0.32628132364608686,325,278,172.0,3.0,176.0,1.5,4.0,False,-1.0866658687591553,100.18081665039062,CO,1.950310721148883,4.6210237912219405,8.893017162310375,70.35278044647765,47.793599964100686,25.234419481723737,19.545336612317037,10.102975125417691,0.6606136385183251,29.873874598954462,25.4627320292413,21.05158945952814,148.46373249237647,179.1900183810544,2.0007845676341174,6.0,1.924469027665142,0.31048989541558547
11011-3702,1-321127,1168,0,0.025556073,9.879394585124846,0.65388304,1.7195435,4.989942,6.0,True,0,74.27410888671875,50.551607266099225,0.36009104140500614,184,88,184.0,4.499999999999998,159.0,7.0,25.0,False,0.12078773975372314,103.3869857788086,CO,1.7968334113305793,8.695779431912815,27.693509268193566,-31.22355526664914,39.595894234717974,118.09230735367659,43.91814776277776,86.17170074162249,128.42525372046723,28.114110298244725,36.50413531296451,44.89416032768427,90.13315336753811,142.87147775731918,2.014465873765967,54.0,3.1847069587069563,0.6256290791853425
12078-1902,1-35371,1552,4096,0.022330577,9.769464988580232,0.6965885,115.23129,2.988433,3.5294242,True,0,65.15254974365234,47.07666920994441,0.3158684747489225,94,93,291.0,10.0,301.0,2.5,10.0,False,-0.16443970799446106,99.68072509765625,CO,0.9439517735993467,0.5133627978220271,6.349029325047223,,,,27.791816785114626,-3.47150778616375,-34.73483235744214,-25.178509243686307,-78.50030933970037,-131.82210943571437,61.8346888846165,115.92072092401817,1.9986111884720528,5.0,12.367529069078175,0.6831603365573642
10502-12701,1-230783,1040,4096,0.0276261,9.956181401466408,0.58366,74.7057,4.06426,2.52009,True,0,80.09059143066406,55.969742081449866,0.388290144537401,383,269,77.0,2.0,62.0,2.5,15.0,False,-0.4516560137271881,111.65601348876953,CO,1.5781121028375775,8.682279030047617,19.168986836137922,-8.97615103496396,-15.005319487164947,9.28781693230191,-63.92544791771504,-40.45926919660558,-16.99309047549616,-61.84740798094434,-34.781830013189435,-7.716252045434514,156.5750217737192,202.79333120699735,2.0478821179552473,3.0,2.207828931758346,0.25208382480144687
8328-1902,1-592574,1168,0,0.0274285,10.141296096902925,0.577347,95.6716,2.92828,4.61915,True,0,79.53662109375,56.4429347874732,0.385604420554753,98,83,269.0,2.5,288.0,2.0,19.0,False,-0.1801355481147766,136.30075073242188,CO,1.1291577126220722,4.295570142639109,16.898617319548748,,,,26.517628103127844,73.32991478396549,120.14220146480315,16.336236351198636,33.74126157380051,51.14628679640238,138.45309140654493,203.71343244414635,2.1344982478966714,15.0,3.933963771609277,0.618895966029724
9494-1901,1-384818,4096,0,0.0154535,9.965749046950636,0.642953,155.402,4.7995,2.75191,True,0,45.464229583740234,51.41641360816544,0.2204168050330217,97,84,160.0,3.5,157.0,1.0,3.0,False,0.23111504316329956,105.64795684814453,CO,1.0578904557559876,4.519566945299852,51.30589413624059,46.736240241827396,5.044379065049492,-13.601103348297745,-100.78801845121819,-108.51760094802836,-71.35365242779226,-112.7738629122074,-58.887568693942974,-4.955368153094026,88.37919922104992,139.47736735863532,2.023861102541606,157.0,11.351949148490085,0.9460957773059684
10496-3702,1-548653,1168,0,0.0248709,10.002675680534987,0.524647,111.511,4.97475,1.94614,True,0,72.34243774414062,60.328135304412996,0.3507260354317425,190,191,110.0,2.5,110.0,1.0,0.0,False,0.2003360241651535,116.22122955322266,CO,1.7447743447640611,3.4100828770351743,18.448521964884613,37.33454574949799,10.349728445065494,-67.32730032442223,34.3021658390209,-6.594105607427801,-47.49037705387651,15.82968425964208,-19.22337543290428,-54.27643512545064,92.15519773739723,155.62297577047818,2.0652854657108697,1.0,5.409992258289129,0.4095796964692931
10214-3702,1-153317,1168,0,0.0336851,10.363704093194816,0.679511,177.675,5.04224,3.78455,True,0,96.94890594482422,48.486020852646476,0.47002155970652404,184,57,181.0,2.000000000000005,161.0,1.5,20.0,False,-0.3569340109825134,182.05735778808594,CO,2.369961509214624,10.477776193375004,37.753925555024196,16.37353125355697,64.61048733404094,138.27661313511413,-106.44074018546617,-41.848289613334174,22.74416095879791,,,,230.06495111877297,306.23900869177186,2.2602082354929367,,3.6032384027152284,
9037-12705,1-569199,2080,0,0.0568419,10.44753322374535,0.750519,28.9789,3.71073,4.67093,True,0,159.15650939941406,42.41347606316122,0.771612531944744,362,226,286.0,0.5,263.0,0.5,23.0,False,-0.19898231327533722,202.93898010253906,CO,2.86324577066332,7.409084465691058,341.98686203353185,,,,579.2718140818233,554.8173965158002,539.4201274765684,-343.5415220423756,-375.78654393748843,-383.3213502160435,83.966422826836,159.13143912748697,2.307365473437998,161.0,46.157776121618845,0.9825823700558307
11824-6101,1-83393,1024,0,0.028574273,10.519899049561221,0.74183154,95.93545,7.2998347,4.8034053,True,0,82.7450942993164,43.18955954171733,0.40115953761007267,318,164,275.0,1.0,275.0,1.5,0.0,False,-0.1151934564113617,202.6478271484375,CO,2.9283983128819635,5.645860137628059,25.86526803928249,139.03612305211263,100.49089883077522,60.955964076531636,43.954726049606336,26.209706891343092,8.464687733079822,,,,309.32916454056885,360.01134449075033,2.306741951465313,67.0,4.581280337941389,0.7555535896831014
10841-6103,1-77488,2048,4096,0.08748508,10.8015313998931,0.83446604,79.49262,3.529228,2.486096,True,0,236.34646606445312,34.22350371762014,1.1458400022993753,258,95,259.0,1.5,254.0,0.5,5.0,False,-1.0372127294540405,169.2845916748047,CO,4.043930619635019,4.983631788448484,21.243544920937822,77.86721753396968,43.91143116994954,3.076693106145476,43.523519270147254,29.599220159358392,15.674921048569539,-34.915874644495936,-46.67262477804323,-58.42937491159055,286.2245264308275,339.7833972400721,2.2286174303171995,5.0,4.262663419512261,0.5164936698906974
11975-9102,1-325063,1040,0,0.055056237,10.888046376025203,0.8370191,50.186462,7.082542,4.977135,True,0,154.4818115234375,33.94914149561553,0.7489489570914727,491,482,231.0,1.0,231.0,0.5,0.0,False,-1.3095442056655884,184.01698303222656,CO,5.304462444456553,4.8082967302524535,20.95519835075155,29.847582075511195,-97.58065568270122,-248.99652054194306,-87.80692781836235,-170.9712511595878,-254.13557450081325,-131.18818977564231,-179.83985089925935,-228.49151202287638,77.89985582197744,203.0428873425706,2.264857906144431,1.0,4.35813335289965,0.35865377054336717
9866-6102,1-272266,2080,0,0.0949428,10.845080047441586,0.818984,175.354,3.19551,2.50213,True,0,254.29629516601562,35.84884248344804,1.2328632295195312,242,184,182.0,3.000000000000004,180.0,1.4999999999999978,2.0,False,-1.1170023679733276,182.25599670410156,CO,3.939626778561957,6.969197275350522,17.235869061028833,62.18155107016301,49.04293934357044,7.749877244042048,31.18359934411198,7.986138281605197,-15.211322780901584,18.401614995605623,-2.5261876660541205,-23.453990327713864,328.32864276762433,387.36459324342127,2.2606818266616484,5.0,2.47314983061115,0.35137021310057404
12075-1902,1-34050,4096,4096,0.027876662,9.03530087169993,0.5741281,170.57779,3.704157,1.9742231,True,0,80.79265594482422,56.68347994112205,0.39169384935226464,94,57,184.0,12.0,186.0,8.000000000000007,2.0,False,3.7863502502441406,48.67364501953125,CO,1.4508955139351365,4.663235961578002,7.317511137509581,16.277304678395065,25.555347608621048,-1.845884103186472,18.978461452505694,8.664046820195447,-4.837646661920177,13.141051832557405,-7.837119421161037,-28.81529067487948,50.25899318043881,65.12457877301348,1.6872938704389846,74.0,1.5691916938797565,0.47025634976802705
12651-3701,1-272871,1168,4098,0.021188196,9.19776922974486,0.5656516,2.3562622,3.9311292,1.23013,True,0,61.904781341552734,57.3146716238861,0.300122849204791,148,187,181.0,14.499999999999996,183.0,3.000000000000004,2.0,False,3.4861485958099365,61.86149597167969,CO,1.1798216960961507,1.382287625339812,5.842497707378018,23.929235892500742,13.4561893470472,-20.450398967422984,29.058117593779535,5.10085377983748,-18.856410034104563,19.869753886181,-0.036694823180217544,-19.94314353254145,51.19895490063902,87.02417883488613,1.7914204181629554,8.0,4.226687413150891,0.5699359125579933
12518-3704,1-2880,1168,4096,0.018817492,9.107074231412069,0.5889475,20.748993,4.8546605,1.2231777,True,0,55.1360969543457,55.571905678936325,0.2673073412644862,193,185,210.0,9.0,221.0,4.0,11.0,False,3.707284688949585,49.27692794799805,CO,1.2976863909967211,2.7440544212299485,7.886510520879331,-16.09946651823617,-53.441853789840685,-115.35748250521597,-55.097776753879735,-88.89324025246952,-112.38998124047406,-84.50201497414146,-93.90125809115668,-103.30050120817188,41.39831434193911,67.33628412844703,1.6926436249514243,173.0,2.874035755218155,0.6796119367775418
9868-6102,1-321256,1552,0,0.0363898,10.508805694426487,0.737703,149.587,6.72751,3.79829,True,0,104.3949966430664,43.554714718387096,0.5061212261194268,322,319,334.0,1.5,332.0,1.5,2.0,False,2.1807234287261963,116.32682800292969,CO,3.4049356099307047,3.989742694031116,12.109859809048377,9.226244731293287,-23.651045799706978,-56.52833633070721,-26.82630859792871,-43.99278118429062,-61.15925377065252,-35.269900821533156,-43.63677149897277,-52.00364217641236,109.16497265758117,153.11418311484906,2.0656798859235295,2.0,3.035248319939384,0.29162734921758277
9875-12704,1-404293,2048,0,0.0623405,10.59803393507947,0.747793,100.943,6.95531,5.04382,True,0,173.42636108398438,42.65815097748114,0.8407947251855803,603,399,357.0,1.0,348.0,1.5,9.0,False,1.8257204294204712,125.8400650024414,CO,5.847987960030518,7.16221848766261,14.865318916520616,17.10143665590718,-12.836093990161196,-45.367015814971246,7.473857410997729,-2.8697900890959565,-13.213437589189642,94.07668757221433,87.7249655893714,81.37324360652845,228.7531261100054,258.27882589861025,2.09981893394926,3.0,2.0755187714710326,0.23665172603601478
11945-6104,1-95290,1040,0,0.028986778,10.41370018674354,0.7078416,165.48763,6.0246606,2.9279149,True,1,83.89804077148438,46.13190219893444,0.40674917984301273,321,311,144.0,1.5,147.0,1.5,3.0,False,2.316906213760376,125.4323959350586,CO,2.450525757882513,2.9796636438199497,15.88812247578814,32.30378981683398,-24.181668954670723,-92.31228589217032,-53.25936028980312,-106.35610601137431,-159.4528517329455,-8.467538987829581,-22.475545394108174,-36.48355180038676,40.54154101405513,146.93705488628285,2.098409717984316,7.0,5.332186573723287,0.6143449712982622
8623-12703,1-178686,2080,0,0.0521779,9.899297831324162,0.450889,66.0474,8.51095,1.13798,True,0,146.90432739257812,65.64192230902579,0.7122122773411624,382,417,62.0,3.0,46.0,2.0,16.0,False,-0.10610568523406982,159.07432556152344,CO,6.061603081836766,2.1905467619113725,42.71595855233697,-45.2192175609833,-80.4219130034249,-143.60556074697948,-117.7490099488499,-187.50760871480298,-257.26620748075607,-75.89098889004904,-104.22663793644305,-132.5622869828371,74.06688861890244,133.25069457323522,2.2016000906036592,168.0,19.500135443383527,0.9733722576079264
9894-3701,1-294356,1040,0,0.0232843,10.129351474618957,0.477112,23.3593,4.6623,2.1025,True,0,67.85707092285156,63.76193724032019,0.32898036343418524,193,130,206.0,2.5,204.0,3.0,2.0,False,0.34328705072402954,112.13916015625,CO,1.533805148439202,6.2015036834492445,22.46579279751571,15.783810793385586,91.53377084664974,125.01581448760159,61.475361117952446,75.15646299419554,88.83756487043864,15.069833908560206,-1.1949680860173695,-17.45977008059496,102.90225677307441,166.74255535566635,2.049757299213233,12.0,3.6226363708326224,0.5695722261539671
12487-3702,1-386913,2336,4096,0.048023228,10.150570528173867,0.530446,160.64212,2.6395695,2.4633129,True,0,135.87400817871094,59.9054708806402,0.6587357807222805,138,115,168.0,3.5,162.0,1.0,6.0,False,0.4485056400299072,124.01551055908203,CO,1.7387788753532194,4.862840683703595,13.350361991590342,,,,0.07538042572794465,-24.14270248319662,-48.36078539212116,-28.20694494392863,-44.112455860604165,-60.01796677727968,116.63709791337074,194.311647150297,2.09347600555707,4.0,2.745383379786679,0.3504364236848313
8453-3702,1-147521,1552,0,0.0253024,10.050375888973697,0.459684,0.560577,5.04954,4.86239,True,0,73.55931854248047,65.0118887195231,0.35662564002488906,178,170,3.0,2.0,2.0,1.0,1.0,False,1.1762222051620483,108.90274047851562,CO,1.8007954343312784,2.5850539282378087,8.722731081272169,9.501188897273295,-23.634815317841525,-67.8287964400025,-6.971949196159037,-22.580091502171086,-38.18823380818312,-13.012141745975429,-23.35357839650344,-33.69501504703144,163.8815508021236,202.30956187950306,2.0370388086788416,1.0,3.374293660178424,0.2706908075804042
12093-6104,1-579533,2304,4098,0.045961868,9.976210083383203,0.495805,154.86652,3.2847974,3.2352638,True,0,130.36024475097656,62.417075872054475,0.6320043012806101,179,85,346.0,5.5,333.0,3.5,13.0,False,1.508180022239685,106.17650604248047,CO,2.076006085635365,5.167923482893617,14.241976496599497,,,,-37.220849193025835,-78.22441770653421,-119.22798622004255,,,,89.81957738283096,153.1331845008772,2.026028429882166,10.0,2.755841208512853,0.462550129747582
10504-3703,1-300968,1040,0,0.0230389,10.038003845201851,0.485722,174.077,4.88858,4.58405,True,0,67.16177368164062,63.14317367141926,0.3256094672844174,184,147,352.0,2.5,349.0,2.5,3.0,False,1.8428025245666504,126.05765533447266,CO,1.5917679295772573,3.1145788864201895,15.124141982075844,-2.744485158110154,-54.24438176135543,-124.97832066651212,-30.37840865607216,-56.77131367823455,-83.16421870039694,-42.32553856179374,-58.93833193432206,-75.55112530685038,121.09207251892707,176.38749774225465,2.100569225010996,3.0,4.85591874009623,0.4851085161594716
9486-3704,1-72128,4624,0,0.0129214,9.197451484852584,0.638744,151.261,4.53077,1.12212,True,0,38.131736755371094,51.74707396420833,0.18486787663471252,189,67,334.0,5.0,345.0,10.5,11.0,False,1.0029895305633545,35.47654724121094,CO,0.8375938294202565,5.961666752222046,6.928847654509445,8.452609305209961,5.344512486532596,-7.344083354185701,25.233562210595508,25.975084225245894,26.716606239896272,-21.645497033598613,-29.748524481154366,-37.85155192871012,52.388322098109306,63.850405931039326,1.5499413454590898,33.0,1.1622333052961924,0.3786860108516159
9193-12703,1-109270,4672,0,0.0252266,9.148778434465797,0.684278,3.17703,2.7424,0.864366,True,0,73.34564971923828,48.09543311297952,0.35558974433754514,130,94,7.0,12.999999999999996,12.0,6.5,5.0,False,2.8306314945220947,37.14120864868164,CO,0.9751693148712838,4.586279947680943,3.8618076252902296,,,,21.518456677165553,21.300640144176114,16.127176858083285,22.996445954968948,15.06534042473355,7.13423489449816,45.92539247237149,55.52956267825256,1.5698560324385518,4.0,0.8420348668953269,0.18376975701816464
11941-6101,1-135579,2048,0,0.034046546,9.283441220869722,0.6721243,114.0828,3.7541277,1.8373038,True,1,97.94679260253906,49.087158842418766,0.47485945074509234,144,52,288.0,17.5,294.0,9.5,6.0,False,3.0165934562683105,37.93581008911133,CO,1.7826830176489368,3.232473831476769,9.985344011132305,-7.9870327902000495,-10.414745974135743,-23.16961132497219,-14.96567857349887,-25.823799801227068,-38.7288168411559,,,,50.519439253325835,61.541013656954924,1.5790493625130289,65.0,3.0890718786021725,0.626621844774711
11757-3702,1-270170,2080,0,0.066791825,10.529989084779318,0.6584836,17.351974,4.3129086,3.4115255,True,0,184.8416290283203,50.184840375439364,0.8961375059150323,181,155,23.0,2.5,23.0,1.0,0.0,False,1.1394388675689697,133.37510681152344,CO,3.8649591560434935,2.9609217115280426,19.620586978462747,3.896553217345974,-18.532768741077142,-52.898797009195064,-17.124645550016762,-35.53768559546465,-53.95072564091251,-34.889371916508225,-49.82035368539249,-64.75133545427676,141.907990726548,200.71376047982253,2.125074780231114,7.0,6.626513258378977,0.6652708972241881
8319-3703,1-234362,2080,0,0.0688838,10.54411271234267,0.689943,81.5,3.78917,3.27652,True,0,190.1646270751953,47.628469017666845,0.9219441286914757,194,181,261.0,2.5,262.0,1.0,1.0,False,0.992544949054718,137.51683044433594,CO,3.4934030341138786,1.5589845014517008,15.524374859651882,65.6908124134047,42.79726209669428,2.292836350157655,23.73925204329396,2.1865903959252733,-19.366071251443373,10.07763140890258,-7.341014313941648,-24.759660036785842,223.80812836324407,273.12823587756554,2.1383558539611496,1.0,9.95800461466797,0.505258708814972
8254-12705,1-256131,2080,0,0.0578862,10.467961612032987,0.650254,165.023,4.52279,6.0,True,0,161.88111877441406,50.83975073470841,0.784821810951537,427,172,152.0,2.5,145.0,2.5,7.0,False,1.2185206413269043,131.6642303466797,CO,3.5495842383535017,6.405542347387026,17.541047692979323,115.98885621615761,113.38713979331881,110.78542337048012,-47.26479340485597,-82.58066140321654,-117.89652940157706,-76.14572806729268,-93.29361012647846,-110.4414921856642,73.18525199438915,154.84102535412032,2.119467804779336,12.0,2.7384172551969366,0.47235000393174487
11957-12703,1-151637,2080,4096,0.052107435,10.287921636857217,0.38769156,69.529976,5.2575364,1.9797183,True,0,146.71815490722656,70.18585625860393,0.7113096876617164,266,246,68.0,4.5,71.0,1.5,3.0,False,2.971186399459839,114.48567199707031,CO,3.7397365745541054,3.8501540005518278,22.149338682987043,19.899517710583467,3.1582159362683413,-35.70908251244881,14.685974604400736,-7.008860601358378,-28.703695807117523,26.767707905875895,13.655279803320877,0.5428517007658635,118.16660777522009,173.27618602375156,2.058751137663037,35.0,5.752844867974752,0.7632892977903594
8080-9102,1-38075,2080,17472,0.0537907,10.309432135092466,0.393761,112.897,4.41692,3.17273,True,0,151.1566162109375,69.74608649664917,0.7328279552928597,193,157,296.0,3.0,295.0,1.0,1.0,False,2.761929512023926,138.59326171875,CO,3.236842452292138,4.3079497455672575,17.901599189209072,5.714691837055222,-65.76440902199992,-193.12886371164808,-40.08646530399908,-81.69041515729823,-123.2943650105974,-57.519850830515175,-87.73531008435009,-117.95076933818498,93.06739528882778,170.3324807218489,2.1417421157772116,2.0,4.155480041899106,0.396565620822521
8990-12704,1-174895,2080,16640,0.05184,10.265772692438707,0.361821,11.3821,7.13809,2.12423,True,0,146.01133728027344,72.07704898789574,0.707882939105754,253,175,204.0,6.0,184.0,3.5,20.0,False,3.1923649311065674,112.444580078125,CO,5.052932128801391,5.809429239264133,21.028136590137926,39.00880920582038,8.509980553537071,-36.35748921880763,50.46016348745065,30.83256444205178,11.204965396652934,58.72856770144719,49.1555510604835,39.58253441951979,136.43635607601308,194.7284615893896,2.050938526922471,23.0,3.619656204436619,0.6189844302901628
9884-3704,1-196637,1040,0,0.0291777,10.22508432097251,0.668641,140.22,4.16624,4.57824,True,0,84.43126678466797,49.36896076763626,0.40933433250616175,196,164,322.0,2.0,330.0,0.5,8.0,False,-1.4782390594482422,130.0614013671875,CO,1.7053850694604713,3.8184472353563113,20.963263243176705,-2.7502696175813917,-122.6878450718341,-205.63797407906912,2.9371188246222832,2.0088160100498595,1.0805131954774359,-4.742441037951384,9.711147014637227,24.164735067225802,42.73427746526307,148.43488713662265,2.114148429071833,1.0,5.4899968366907546,0.4172957458520091
10217-3702,1-556959,2336,0,0.0518635,10.194761250652373,0.631217,179.12,2.95279,6.0,True,0,146.07345581054688,52.33527164636482,0.7081840982390237,149,64,180.0,4.500000000000006,180.0,1.0000000000000036,0.0,False,-0.42429032921791077,149.53172302246094,CO,2.0911189234392067,6.272235622139305,26.861338900138872,106.91146040785051,118.32890300599354,104.48787353322864,105.96176806294743,90.85821319339351,75.75465832383959,54.03789487004443,32.046727874815865,10.0555608795873,157.98906992442917,226.4110285479865,2.1747333376243105,10.0,4.2825780978835635,0.5968093890068412
8977-6101,1-121277,2080,0,0.0541615,10.290753386067953,0.654242,87.4059,3.7656,3.60922,True,0,152.13194274902344,50.52305040047463,0.7375564717849923,219,99,81.0,5.5,77.0,6.5,4.0,False,-1.5515964031219482,131.34518432617188,CO,2.777342650153567,9.897151890379309,16.618098236276005,64.85724048970555,66.53494548795605,70.40539060312832,73.67865122722816,85.68932293708578,97.69999464694337,66.52187990575801,68.46657764438874,70.41127538301949,150.52929088227086,208.06394201701175,2.1184141543287134,18.0,1.6790788320051857,0.37924628450106157
8341-9102,1-259245,1168,0,0.0244724,9.593153099376849,0.561655,18.3587,6.94866,0.770856,True,0,71.21749114990234,57.61118804516176,0.34527214043769955,373,344,18.0,4.5,18.0,2.5,0.0,False,4.67429256439209,50.336463928222656,CO,2.3991787113738257,1.4782822455761955,9.50297455013541,9.825881945904626,3.5728715742166814,-13.88251303302008,14.606283230638319,5.154483000939697,-4.297317228758912,8.715868014744183,-0.5842396195651348,-9.884347253874456,78.34914471263632,93.93083960534575,1.701882703655737,3.0,6.4283898278379175,0.5499233309742864
7815-9101,1-113375,4288,0,0.028215,9.679288863783018,0.570455,124.763,8.96766,0.687496,True,0,81.739990234375,56.95738570950822,0.3962866555938487,445,435,121.0,3.5,125.0,1.5,4.0,False,4.382171630859375,49.055335998535156,CO,3.553763989902733,1.8249995274997826,13.529729173806567,-6.801245617895517,-7.037715507717562,-27.37534878187054,-9.355318553160524,-23.966121152020197,-45.538694038359665,-13.480254195823004,-30.177387198127775,-46.87452020043255,50.25426606774866,67.16418282980163,1.69068625470633,1.0,7.4135521516227785,0.47593772116065114
9490-3702,1-383025,2080,0,0.038299,9.505859198955271,0.564649,139.018,4.41215,1.53018,True,0,109.62185668945312,57.3891203996662,0.5314617587167578,177,114,329.0,11.0,317.0,8.0,12.0,False,4.075955390930176,47.23255920410156,CO,2.344888998722143,3.4016168994312013,6.745550532042243,-13.297651610400463,-10.312086427817132,-46.51181529739918,-35.640040124504125,-43.01422067660139,-61.702322293822746,-52.02579637563447,-87.1015047387055,-122.17721310177649,42.425604528782735,59.69886404609096,1.6742414776137104,1.0,1.9830423976227878,0.12408586930879925
7990-3703,1-24357,1168,0,0.0285483,9.678965190187466,0.620406,87.919,4.6951,1.98261,True,0,82.6724624633789,53.17340673424535,0.40080740853260666,170,183,283.0,7.0,276.0,3.5,7.0,False,3.2295398712158203,77.84544372558594,CO,1.8818308638014416,0.286354093232149,5.680530600282142,2.112885291324083,-5.146584253541582,-33.57278517987803,6.259938524879774,-14.959074004854184,-36.178086534588154,-7.752773441438945,-27.36790943133786,-46.98304542123677,80.79920664449482,115.0406218173373,1.891233198500244,6.0,19.837434611688618,0.7240701423291657
10504-12704,1-232143,1168,64,0.026589,9.735851898327544,0.64122,165.899,5.73598,1.4067,True,0,77.18013763427734,51.552713657825784,0.37417986635014633,473,603,344.0,3.5,345.0,2.0,1.0,False,3.1401736736297607,61.98862075805664,CO,2.146288229787112,2.090652482587057,7.2303182230449705,12.528638992465124,9.502216330840703,-11.15962243840642,12.602057997268862,-0.5206820664874277,-13.643422130243717,0.17675471479811466,-16.87262011445747,-33.92199494371306,97.07629742251144,114.4629070731164,1.7923119734409592,1.0,3.45840271554739,0.2876661162223795
8711-12703,1-379241,2336,0,0.0404722,9.563357661775694,0.647031,78.8986,3.63769,1.34925,True,0,115.542236328125,51.09480876607578,0.5601645691786623,153,86,72.0,9.0,73.0,5.0,1.0,False,2.8269894123077393,61.237823486328125,CO,2.037705051655528,3.068054298874065,7.453539891700791,16.48067926113878,15.24362707543205,-12.108230981024578,14.857768876956623,3.2729211349488914,-8.311926607058842,18.94340860869283,-0.9085304971466691,-20.760469602986188,76.76583430538732,94.93562630310818,1.7870197466134985,17.0,2.42940286110195,0.4701482267830463
10507-3702,1-280222,1168,0,0.0250354,9.560444673193187,0.363115,177.461,5.22976,1.16387,True,0,72.8064956665039,71.98166399334328,0.35297585172763235,142,140,359.0,4.000000000000001,357.0,3.000000000000008,2.0,False,3.637805223464966,60.46977233886719,CO,1.8459789903311026,2.035923040108329,8.958407688204044,16.828955270065602,11.428099173943961,-3.3161978114694413,4.769189215245262,-5.710351193569434,-16.189891602384137,4.190863277537138,-2.290852258907904,-8.772567795352947,114.4735820520984,134.83454265701027,1.7815383335445916,36.0,4.400170100598389,0.706436266415035
8440-3704,1-605571,1168,0,0.0240159,9.428034311293853,0.389349,13.559,4.45727,1.4204,True,0,69.92747497558594,70.06564427146944,0.33901796553608776,153,91,23.0,16.5,15.0,16.500000000000007,8.0,False,3.9158735275268555,57.807525634765625,CO,1.511094607245038,5.366803946983253,13.11130516470475,-12.778327778163769,-20.68683388171494,-65.72875533790919,-25.936005937320868,-48.14678901928407,-73.993924648932,-37.53849297992045,-68.4059838132489,-99.27347464657734,53.64171345340901,78.14838977101475,1.7619843804430004,37.0,2.4430378478935824,0.5306086341118188
9086-6102,1-318141,2336,0,0.0401896,9.515419450573553,0.408458,8.52762,3.78777,1.55839,True,0,114.77412414550781,68.68549582043043,0.5564406562310652,132,142,31.0,12.0,18.0,3.5,13.0,False,4.0492706298828125,61.43685531616211,CO,2.107669224452342,2.4407734378925263,8.677288096062028,,,,24.029352584450482,12.848467081777025,-0.9490887248690506,26.281770587876007,16.039969500030995,5.798168412186003,62.80200464399611,83.84128651903268,1.7884289779578613,5.0,3.555138695525296,0.46556774396477163
9085-6101,1-178403,2080,0,0.0668766,10.545566873074014,0.751823,50.0742,3.67338,2.89912,True,0,185.05784606933594,42.29605334505928,0.8971857557107662,267,190,232.0,3.5,230.0,1.0,2.0,False,0.4129147231578827,166.21055603027344,CO,3.295704211312814,4.344710479440689,20.777195850618046,14.170158682966177,-255.86099547930112,-625.6407848864457,-128.3749264108082,-251.5971014768528,-374.8192765428973,-202.82560396305377,-288.4802707169108,-374.13493747076785,60.18691563718517,199.1558387594212,2.2206586023609507,2.0,4.782181908077975,0.4366890776126445
10507-6101,1-280180,1040,0,0.0334189,10.642779986367342,0.744769,76.9496,6.27381,3.19064,True,0,96.21342468261719,42.92833330249539,0.46645584592534733,314,88,84.0,3.0,92.0,1.5,8.0,False,0.5091778635978699,174.87303161621094,CO,2.9264553507249036,6.949231775222645,25.0219735881926,152.59240078015424,120.78925364743472,61.612714729938205,118.3203632622184,66.6893702049276,15.058377147636845,,,,124.4811095089866,240.98335043194882,2.2427228390765586,79.0,3.6006819742878595,0.6972064952425887
8620-12705,1-114820,1040,0,0.0298338,10.615734428237468,0.733706,165.684,10.6338,2.19084,True,0,86.26184844970703,43.906071472333636,0.4182092428621539,666,349,342.0,8.5,6.0,0.5,24.0,False,0.1939356029033661,183.0093994140625,CO,4.447153446747572,2.7114291371623036,25.881902533135662,283.7627749881812,274.06200071791375,225.04168467277728,241.9350933939158,184.5218948762366,127.1086963585574,195.85415971044475,145.24572665556914,94.63729360069355,75.87932578995466,221.07358450979177,2.262473395789607,23.0,9.545483663358006,0.8103424549815208
8485-6103,1-209221,1168,0,0.0249941,9.821864490391434,0.349364,90.8325,6.2681,1.09331,True,0,72.69000244140625,73.00072158597219,0.3524110766347932,218,311,86.0,4.0,97.0,1.0,11.0,False,3.3138515949249268,99.56027221679688,CO,2.2089478694545472,2.1174076269242437,18.138036223768495,39.78729885861306,28.07024698693453,3.0269903582309543,26.76864035454665,13.138617833656989,-0.49140468723266295,25.78256580614082,14.927521986008802,4.07247816587679,144.31670503574173,182.3225454440017,1.998086075382228,0.0,8.566152304889867,0.4586282142014626
12673-6101,1-210388,4096,4162,0.031204717,10.002728853729414,0.35794088,158.06845,6.24346,1.5684648,True,0,90.07745361328125,72.36366726307351,0.43670781871228354,179,253,342.0,5.0,342.0,1.5,0.0,False,3.834388017654419,92.04524230957031,CO,2.7265677978173937,3.768717722838386,30.190081634308267,40.57909002012697,40.10056291162963,31.82940672471794,73.95641693405844,85.73494245218633,97.51346797031418,55.07671059681749,51.60877680722092,48.140843017624356,88.18388967373077,106.72065918662506,1.9640013453430232,1.0,8.010703866558304,0.4867401902964536
11022-12704,1-368603,1168,0,0.02686099,9.975721655034889,0.38611546,101.83812,6.0028944,2.302273,True,0,77.94413757324219,70.30025729028458,0.37788384257791635,342,420,100.0,2.0,99.0,1.0,1.0,False,4.160189151763916,97.07608032226562,CO,2.2683968024614556,2.0242035204010316,11.466789694695814,15.711557123780292,-14.042474444238813,-56.51552756326808,-12.087981347539218,-31.54993146143823,-51.011881575337256,-27.190216134948532,-39.28831214747249,-51.38640815999645,128.96494481087416,171.52291481801112,1.9871122323408046,1.0,5.664840308361896,0.423468585358182
11747-3701,1-585149,1552,4096,0.025571063,10.112798179396624,0.5631996,14.380035,4.154022,1.6179581,True,0,74.31633758544922,57.49667088584683,0.360295771913806,205,210,201.0,2.0,215.0,4.5,14.0,False,0.34446340799331665,107.87437438964844,CO,1.4966765630369325,3.4040713168021774,11.888894599196814,-37.63747431514575,-31.60300417521401,-20.29496668774012,-73.63424351013306,-68.60078197976468,-63.567320449396284,-48.044303950878174,-44.833743729024214,-41.6231835071703,99.6555068343069,158.32914263442711,2.032918290068236,147.0,3.4925515633336888,0.7197452229299364
10218-6102,1-382696,1168,0,0.0288874,10.135466595631524,0.571311,98.0621,5.33882,2.11439,True,0,83.6203842163086,56.89360768073515,0.4054030628770231,317,171,277.0,2.0,274.0,1.0,3.0,False,0.7230545282363892,104.06599426269531,CO,2.1643739801491084,4.101295951863715,16.119435720088987,40.52638119382075,23.078533851484046,3.5671868687761763,23.77711352152667,12.025456582422374,1.6854350234894686,13.36413639129968,13.774558283518026,14.184980175736374,202.04305848003597,227.30987835811354,2.017308837899006,2.0,3.9303273670762473,0.38884957143980503
9031-3703,1-569074,2080,0,0.0411215,9.824946766137128,0.540255,24.1963,4.51253,1.30292,True,0,117.30510711669922,59.18812199753666,0.5687112079419537,167,69,13.0,8.5,40.0,7.5,27.0,False,0.80617755651474,93.20465087890625,CO,2.5663263871743043,6.260751610787386,13.68244515583778,-34.85518197394477,-98.36859423001601,-126.80927112986781,-79.67710080343595,-82.9653382472647,-86.25357569109346,-36.40457609527741,-10.468051200910299,15.468473693456835,75.96512129762638,139.97481746894255,1.969437584034767,94.0,2.185431719134598,0.5507981442164033
8997-12703,1-149597,2080,0,0.0337039,9.32182204386524,0.289422,154.195,5.55382,0.695137,True,0,97.0008316040039,77.67158194316318,0.4702733024062335,127,83,159.0,12.0,173.0,8.0,14.0,False,2.601743459701538,54.04839324951172,CO,2.6118132723697878,6.136950941742006,14.775834943843412,29.470299736464515,33.24482949804682,19.23895015298608,61.181882042592,38.496902793790305,15.811923544988591,,,,57.048215296442926,94.88881439401925,1.732782787776047,22.0,2.40768340567005,0.4814913108437524
9087-9102,1-317951,4160,0,0.0323611,9.806199652506761,0.307995,172.436,6.97069,0.677468,True,0,93.2861328125,76.16928945251318,0.452263934453012,258,78,352.0,4.0,352.0,3.5,0.0,False,3.087296485900879,53.63338088989258,CO,3.152591685252266,4.094643234423647,14.027034836810916,7.519869005593408,-1.2745579630108497,-9.984193153014134,6.253381052890758,4.260056167982748,2.600096705111051,39.26823796794457,39.86324309290065,40.458248217856735,113.11508193694699,129.52868311126625,1.7294351744671628,,3.425703787545078,
8550-6102,1-211239,4672,0,0.0265494,9.426102799997928,0.356888,78.1366,6.50806,1.09597,True,0,77.06886291503906,72.44160374946117,0.3736403912876629,291,115,78.0,6.5,81.0,4.0,3.0,False,2.8403027057647705,60.50350570678711,CO,2.431674084923588,3.931117011670157,18.102857258063313,11.265856329709308,7.596711875038061,-2.397606477633717,29.55782645891986,26.966310380042028,24.374794301164204,34.41161716585454,26.29253128579865,18.173445405742772,95.28825420339071,108.0208904982754,1.7817805393632653,68.0,4.60501613264679,0.7625717543445781
7961-3702,1-547620,2080,0,0.0419759,9.903342889876836,0.805376,12.2544,3.07481,1.36518,True,0,119.62061309814453,37.227943534386135,0.5799370977269103,167,183,184.0,5.000000000000004,188.0,2.0,4.0,False,-0.007520198822021484,78.38094329833984,CO,1.7831963874616807,2.2112780695389853,5.868016790161332,3.665117386382417,-7.598896775302998,-23.795962609226574,-0.03608625948911114,-6.764709889200833,-13.493333518912552,-4.261544148550081,-8.599075023529569,-12.93660589850908,144.11063888056728,172.3308640052924,1.8942104858172386,2.0,2.6536765642435536,0.25767673193363216
8945-1901,1-279544,4608,8,0.0331186,9.770621553603656,0.784845,149.189,2.43629,3.67727,True,0,95.38314819335938,39.23263678415984,0.4624305519143894,97,82,187.0,7.499999999999998,200.0,4.0,13.0,False,-0.252000629901886,90.23226928710938,CO,1.126614929323508,5.294005368885172,9.307768412541101,,,,46.337424980240606,36.83989165330161,27.342358326362575,-15.999478378861516,-28.309330695949413,-40.61918301303731,64.23361794474567,133.526911459764,1.9553618797490906,6.0,1.7581713209522416,0.2904281670205237
7991-3702,1-23979,1168,64,0.0266298,9.950524034052464,0.740375,43.3663,4.33234,2.96698,True,0,77.29476928710938,43.31864874192586,0.374735616285958,185,112,237.0,2.5,242.0,3.0,5.0,False,-0.08945766091346741,95.09603881835938,CO,1.6234820998603072,5.41113682874762,14.404581220363374,16.664598800471733,10.0039255750772,-0.18005058084674747,42.36586231981781,39.928753620697876,37.49164492157795,74.52179914957046,70.85252027489985,67.18324140022922,65.02281975824421,119.05180892172186,1.97816242697782,8.0,2.662024945264088,0.4264173940394747
7990-1902,1-634828,1552,0,0.0300503,10.299099615848373,0.750973,57.8956,3.35966,6.0,True,0,86.86526489257812,42.37262240174369,0.42113468833125745,95,95,237.0,4.5,236.0,1.0,1.0,False,-1.7029521465301514,151.19198608398438,CO,1.4148693669989922,0.8330955144730096,10.915427677529546,51.59285548647126,-21.40995009036994,-133.15570829698592,1.7302926990103653,-72.81227715532302,-147.35484700965642,-65.59057515222013,-119.68501602471038,-173.7794568972006,48.200708837029715,183.42622545491488,2.1795287720399132,2.0,13.102252368306543,0.5755779665015334
7959-3701,1-177659,1552,4098,0.0329884,10.361297104481134,0.744422,15.5266,4.62486,4.7478,True,0,95.02298736572266,42.959254117398366,0.4606844429480093,178,167,200.0,2.5,192.0,2.0,8.0,False,-2.4782040119171143,127.32833099365234,CO,2.1306010528125303,6.280297033134791,16.257019821274962,53.98369742532866,27.566102466504777,9.973893757295931,-10.528836593207219,-16.746777147302282,-12.648566409999486,-60.56978283868801,-34.994033137623006,-9.418283436557985,152.06103068953058,203.0312545722709,2.104925046428737,1.0,2.5885749886515033,0.19815994338287332
10224-3704,1-108949,1040,4096,0.0249796,10.222729473781733,0.763916,37.2498,3.95365,5.28463,True,0,72.64910888671875,41.19490674014471,0.3522128190869762,194,55,201.0,2.5,189.0,1.0,12.0,False,-1.3100950717926025,151.31124877929688,CO,1.3925262121832236,7.96811669187534,14.63925182916141,72.35978684655075,77.67067339762983,62.536977993926136,39.937138153665835,8.041333113860627,-23.854471925944544,45.673812948569775,36.40147421128057,27.129135473991386,114.31390560906065,215.99804734664067,2.179871215539257,52.0,1.8372285943161784,0.48823425336164195
7964-9101,1-179503,2080,0,0.058071,10.28355449328967,0.608998,115.904,4.57859,1.13807,True,0,162.36256408691406,54.049795917744625,0.7871559236935975,282,317,295.0,2.0,298.0,0.5,3.0,False,4.147951126098633,98.54592895507812,CO,3.604064240664269,2.301926787261241,18.80920917782415,8.541185671033315,-5.970115812619653,-28.50944489752309,-26.10360129479965,-41.099845699603684,-56.09609010440772,-31.040875939663433,-38.35311055841838,-45.66534517717331,131.4048967032409,175.95650760365774,1.9936386877847734,0.0,8.171071852464408,0.45554179444837617
8325-12703,1-235398,1552,0,0.0280844,10.219835914662875,0.596415,89.8986,8.44428,2.17459,True,0,81.37440490722656,55.00758888595999,0.394514247911704,538,469,278.0,1.5,279.0,0.5,1.0,False,3.8857741355895996,108.42950439453125,CO,3.3313887733558434,2.9308321966150017,18.205267329465787,23.578162924945126,-0.08790531957914124,-23.753973564103408,-37.87099622579702,-48.57807095952351,-59.285145693249994,-9.515590430580268,-14.925545920049025,-20.3355014095178,167.3577768564414,201.30008324577543,2.0351474727212433,6.0,6.211637551440908,0.637650389242746
8989-3703,1-617323,1552,0,0.026442,10.213817807916978,0.629011,45.8796,7.24422,4.15308,True,0,76.76701354980469,52.50692178560281,0.3721769842686644,185,142,216.0,2.5,213.0,2.5,3.0,False,4.223546504974365,101.44037628173828,CO,2.696131952978744,3.50468770393796,14.720442389542766,89.9251775430312,101.7382850364744,82.69741081181802,22.769832062116755,-5.278219459304697,-33.326270980726136,,,,50.324159844694556,119.1794986955707,2.006210851507487,68.0,4.200215149841307,0.7347939765668003
10507-9101,1-174951,1168,0,0.023501,9.504081930264578,0.703944,86.9743,7.5758,0.98241,True,0,68.470703125,46.460651276950436,0.3319553363018946,419,416,73.0,5.5,73.0,2.5,0.0,False,6.686654090881348,59.6772346496582,CO,2.514827236755893,1.5009249036893897,7.978402760249963,13.87951154235175,8.344323634063452,-13.857823691986276,16.15259464842261,2.694915563893604,-10.7627635206354,-7.901238223229876,-27.272582572684584,-46.64392692213929,80.2347881292872,97.36602498949854,1.7758086903992767,2.0,5.315657525995093,0.45675080600770623
10506-6102,1-231892,1168,0,0.0236186,9.355700492781882,0.746101,9.69363,6.80143,0.819788,True,0,68.80358123779297,42.809483501669746,0.3335691749341341,301,233,170.0,7.0,177.0,3.500000000000008,7.0,False,5.577643871307373,58.25166702270508,CO,2.268747393472268,2.842331146903926,7.868219951745592,11.397101842221877,2.3881991823974644,-20.917332705605872,13.6370338505811,-2.8935398119959137,-19.389186098267203,-5.936895786516878,-18.34717244681528,-30.757449107113683,92.68290247149218,113.19216362563616,1.7653083583401623,12.0,2.7682277486619498,0.4831524730675474
8943-12703,1-394390,2080,0,0.0383426,9.42173880042281,0.715872,172.09,8.01303,1.39789,True,0,109.74093627929688,45.44926982494163,0.5320390728597294,477,444,188.0,7.499999999999998,187.0,2.5,1.0,False,6.451738357543945,53.464630126953125,CO,4.263245051997198,3.835793492416503,6.928873496399168,29.549214374908676,22.29812450363277,8.363574842247456,13.89636132816661,5.921047952188594,-2.054265423789421,22.690984407853914,15.527426080876088,8.363867753898264,76.5887756853391,92.1476718064005,1.7280665666822606,7.0,1.806372921299802,0.3180486750019659
8982-6101,1-457753,1168,0,0.0240711,9.841844807979454,0.438471,34.1429,6.1174,1.58305,True,1,70.08353424072266,66.53135033663129,0.3397745622041096,216,88,208.0,2.5,208.0,5.0,0.0,False,3.3388941287994385,83.35309600830078,CO,2.07853690682742,5.331052603194558,16.929294588839223,19.664306680281072,27.94102443186941,27.760448640337252,13.58598294480886,-1.2285685598211733,-16.043120064451205,-1.721243076025969,-8.291220703195037,-14.861198330364141,76.30287028177194,126.45779601297669,1.9209217355899342,84.0,3.1756007394664576,0.6447865062514744
8241-12702,1-460434,2336,0,0.0437638,9.849561288817617,0.437823,150.143,6.0605,2.09466,True,1,124.45061492919922,66.57777209813402,0.6033536074017044,224,153,157.0,10.0,152.0,4.0,5.0,False,3.553041934967041,87.0123291015625,CO,3.6566245376580295,6.703794782178038,10.95060074761648,1.1567150121367469,-7.433623435545004,-48.70641049584248,-4.066224456998591,-17.828022928396067,-31.589821399793536,-51.363570563132356,-78.73661687629806,-106.10966318946377,74.09625201877724,109.51399911831456,1.9395807937842593,18.0,1.6334928355397345,0.37615986474797514
9488-3702,1-384124,1168,0,0.0228872,9.75524200107877,0.428194,6.03163,5.21465,2.29066,True,0,66.73175811767578,67.2678665907041,0.32352469299941555,166,107,8.0,4.0,6.0,2.5,2.0,False,3.1846845149993896,86.9943618774414,CO,1.6870680403494023,5.05321986694854,16.271481757443965,10.623467121817527,12.57890149137997,5.144599797346615,14.963094990368155,12.346925239338672,9.730755488309196,-9.977552461873248,-17.4485685765887,-24.919584691304138,131.1597605445585,157.8558850500078,1.9394911068156175,34.0,3.220022517498281,0.5824880081780294
10500-6104,1-300493,4160,0,0.117511,10.819374132689859,0.803301,121.275,6.08398,2.17138,True,0,306.7264099121094,37.43452394513789,1.4870515988300221,304,321,121.0,3.0,122.0,1.0,1.0,False,3.449669361114502,103.01688385009766,CO,9.047192186249879,2.002641699876002,11.57849426934428,-2.7478825055767175,-9.993059687542791,-30.88790752157954,-19.11483313530514,-38.44755250374595,-57.78027187218676,-29.85527784621585,-43.427732263152194,-57.00018668008854,115.10200883081883,148.19642452105236,2.0129084088024176,1.0,5.781610494808525,0.4296414248643548
9513-3703,1-41982,2080,0,0.0862395,10.814763513438892,0.802416,118.025,6.83207,2.16694,True,0,233.3174285888672,37.5223468495232,1.1311548142118,187,187,113.0,2.0,117.0,1.5,4.0,False,3.8163206577301025,119.2039794921875,CO,7.728128871532012,3.5711156363071765,10.18224599465671,-1.7384441543348343,-12.626294215358053,-29.75319207421697,-3.8003130759649024,-10.69158781986894,-17.582862563772967,-1.1526831107157138,-6.79639728728771,-12.44011146385969,168.51403678456063,189.43503973562431,2.076290754084161,1.0,2.8512787127739103,0.22902414091373752
9024-12704,1-314449,2656,0,0.102298,10.803790220113932,0.796724,173.933,7.87269,2.08917,True,1,271.6916198730469,38.083216543185365,1.317198143572646,510,507,175.0,3.5,182.0,1.0000000000000036,7.0,False,2.986279249191284,96.21516418457031,CO,10.369892652922935,4.944973286668684,8.5634837447944,19.35048768681944,10.432325066764703,-2.260240235673237,23.006845619304578,17.58331829009039,12.159790960876204,-3.3713266532437856,-9.397550885725707,-15.423775118207631,165.58933588168165,179.7098993135454,1.9832435252880856,2.0,1.7317553095546494,0.14810883069906425
7965-9102,1-179636,2336,4096,0.0437869,9.79685868217593,0.634214,97.9501,5.6895,2.38993,True,0,124.51287078857422,52.10154262295842,0.6036554323252468,358,268,103.0,9.5,95.0,1.5,8.0,False,2.934415102005005,47.56110382080078,CO,3.434497582214491,2.83980280939637,6.475814550326736,10.551573449513327,8.094409116086503,-9.966353770043293,24.754719468937616,17.24248839685516,9.730257324772692,11.84302607237809,1.891685706507259,-8.059654659363584,69.53005618738929,83.53470769002273,1.677251925377265,12.0,2.2803747249279036,0.42296728788236215
11024-9101,1-159388,1552,2,0.021765385,9.612382446723137,0.6024987,104.50986,8.157182,1.1088548,True,0,63.546844482421875,54.545624696386284,0.30808379596418156,397,326,102.0,2.0,102.0,2.5,0.0,False,3.5694267749786377,46.344913482666016,CO,2.513095594930695,3.0675013063478334,9.775756062655129,9.805175566560393,5.870094946258699,-3.4362402291370424,2.5974507135781124,-5.313560148931408,-13.22457101144094,7.4584672384332835,2.982286830976643,-1.4938935764799968,100.78709032222173,114.92902234597507,1.6660020757484526,1.0,3.1868791848353415,0.25217228906188566
11012-6103,1-244967,2336,2,0.04075954,9.720705781691635,0.6528201,1.234787,3.5470073,1.0145137,True,0,116.32271575927734,50.63610978669226,0.5639484402391348,134,82,188.0,6.0,175.0,5.000000000000002,13.0,False,3.0394861698150635,53.707828521728516,CO,2.000329234351825,4.352251564435589,8.851316543317896,25.370337240758353,34.10427022940935,30.24326374384116,39.09703246854324,32.28825097514575,25.390331839530752,22.393475135138928,13.830736913530169,5.2679986919214095,99.92268146054042,111.45249407037073,1.730037593632338,13.0,2.033732750111782,0.3985708107258001
8655-1901,1-29748,1040,2,0.022108,9.93520940495841,0.833234,103.581,3.04512,5.86308,True,0,64.52046966552734,34.355232904079635,0.31280406405460465,91,62,93.0,5.0,89.0,7.0,4.0,False,-1.958778977394104,96.82095336914062,CO,0.9525259115339576,7.210455657754665,11.033088250626431,42.75713391393822,85.11511418158435,147.2119349933642,46.978471908043694,57.95630187559103,68.93413184313837,64.42217840573,89.33850392214106,114.25482943855212,116.09029716391542,156.7001581745153,1.9859693547035333,3.0,1.5301513211249862,0.17029370134465677
12484-3701,1-575184,1168,4096,0.026111374,9.756630708053217,0.8557001,99.06622,3.3161368,2.7855682,True,0,75.83729553222656,31.880051282197538,0.36766958412370526,191,93,94.0,5.5,88.0,4.5,6.0,False,-1.4140477180480957,108.2770004272461,CO,1.2192426381533148,7.266543919620835,12.099356667668456,57.5903600230999,35.155389465659695,-2.9697991464953715,29.60596297377042,11.471499054240647,-6.662964865289111,20.515033773773823,8.251584494794665,-4.011864784184477,144.63559916844056,187.35305987244925,2.0345362161053115,5.0,1.6650772088500354,0.24951836124872218
8248-1901,1-482004,4224,2,0.0299609,10.045276025493795,0.84932,112.031,3.3708,3.13069,True,0,86.61613464355469,32.59950934410592,0.4199268708002096,95,61,89.0,3.5,71.0,0.5,18.0,False,-0.773652970790863,103.20928955078125,CO,1.4154894960933464,8.366787606985842,14.53992218212496,31.20732382508216,22.07328494210579,13.269868365855606,13.014053327234508,14.886473263877749,16.758893200520987,-14.813747047381913,-15.493229968653766,-16.172712889925602,179.89701664819643,217.27134184364212,2.013718788561311,4.0,1.7378141845007353,0.23160926319100417
9025-3704,1-272470,2336,0,0.0504021,10.196350310232734,0.628382,9.18246,2.2895,6.0,True,0,142.20318603515625,52.55580469378268,0.6894205008720826,129,65,4.0,4.000000000000004,359.0,5.999999999999997,5.0,False,-0.6595790386199951,178.9459991455078,CO,1.5784282367466331,8.28819042889887,17.30778288896978,,,,-28.851293537081975,-57.0041505370548,-85.15700753702757,-38.77820273426084,-42.13593060684028,-45.49365847941976,135.61458117002866,269.9131819152506,2.252721992927461,22.0,2.08824628698465,0.4459974836832586
10520-3703,1-79747,1040,0,0.0292015,10.300358491819042,0.675436,79.4962,4.01103,4.39867,True,0,84.49772644042969,48.81825360848909,0.4096565380097128,188,92,255.0,4.5,273.0,2.0,18.0,False,-0.9849095940589905,169.61480712890625,CO,1.6431446636530982,6.502515643739279,14.685565702003368,68.40026760391402,80.03859441302423,1.2318394754653947,100.64630256236157,23.942826227984842,-52.76065010639183,24.655848572831456,-45.14727584061102,-114.95040025405353,75.2861116671705,204.34192675103168,2.2294637628598175,49.0,2.2584437326410516,0.5297534795942439
8456-3701,1-585869,1040,0,0.0261648,10.329338884534721,0.663324,176.254,4.6766,4.11537,True,0,75.98757934570312,49.797111048167906,0.3683981806119328,195,111,358.0,1.0,11.0,2.5,13.0,False,-0.0036242902278900146,165.8480987548828,CO,1.7228509314497649,9.572339840782039,33.454281393609776,79.86751929797136,132.6704703378698,181.2949820826894,-78.63407516435237,-69.403139624291,-60.17220408422962,-78.01736402631592,-61.85029318864639,-45.68322235097689,218.25243295261103,286.7066883255412,2.219710497230262,72.0,3.4948906902658226,0.6862565856727216
12092-12702,1-39672,1040,4096,0.039807778,10.689837807742677,0.6481808,27.48346,10.61997,4.7645345,True,0,113.73546600341797,51.00390748476542,0.5514050994582554,652,238,207.0,2.5,205.0,0.5,2.0,False,-1.1215176582336426,248.35292053222656,CO,5.85590561409369,6.7421898743812685,46.66877217332645,19.427902687286018,-11.904227151291764,-108.59577396302417,73.18079100741049,12.441847004049482,-48.29709699931153,87.95651278671265,46.41993473598155,4.883356685250426,105.59283832220393,223.58225567432018,2.395069271492798,9.0,6.921901198697589,0.6975701816466148
8327-3701,1-250810,2048,0,0.078144,10.778007909552077,0.634328,157.895,2.75934,6.0,True,0,213.4106903076172,52.092639822986946,1.0346442235616307,184,104,339.0,2.0,342.0,2.0,3.0,False,-1.1979573965072632,249.1419677734375,CO,2.85493519184255,7.346486112730596,38.70647752057627,,,,-90.70041865311033,-179.6011097606229,-268.50180086813555,-134.7138382989428,-197.29412182121965,-259.8744053434965,197.4812776079128,349.51471572869633,2.3964468902712563,1.0,5.268706280340271,0.401863647086577
9499-6103,1-218047,2080,0,0.0732575,10.67832987071773,0.672955,25.9436,3.2812,2.8381,True,0,201.2079620361328,49.019798306324475,0.9754837274328532,251,124,21.0,7.0,22.0,1.5,1.0,False,-1.1894466876983643,217.73031616210938,CO,3.200757206452678,8.240960251516139,23.16191659270806,17.449513102334052,-96.05759168520547,-344.0803197438909,9.501600356173984,-72.62975828124202,-154.76111691865808,29.502501148142677,-36.38768695564415,-102.27787505943097,91.84319590809312,265.1528000479379,2.3379189032040046,1.0,2.810584675304898,0.22593772116065108
9497-3703,1-229673,2080,0,0.0499033,10.122150319440806,0.67233,40.3773,2.99633,1.61775,True,0,140.87908935546875,49.070484505309615,0.6830010990178406,136,147,213.0,4.0,221.0,1.5,8.0,False,1.9924590587615967,115.76758575439453,CO,2.046496683020126,2.066773482146008,16.852629546410668,,,,-57.02618823531646,-104.07783325064226,-151.129478265968,-70.96819671536583,-97.9597380555408,-124.95127939571577,62.80255081238194,153.82261218930418,2.063586976501933,9.0,8.154076724901635,0.7207183297947629
8081-9101,1-37727,1168,0,0.0282047,10.17860289034059,0.651343,113.509,6.91535,1.79503,True,0,81.7111587524414,50.753391753056775,0.396146876624968,471,328,112.0,3.0,113.0,0.5,1.0,False,2.3790721893310547,114.63397216796875,CO,2.7394943032684727,3.617175378682487,21.211203504050456,42.38310026607274,8.597447602581747,-41.594644265572384,24.672615127297334,1.6130499402764074,-21.446515246744504,-52.82969184283907,-74.55201077387152,-96.27432970490398,109.55437035966837,174.7455640130046,2.05931334135461,1.0,5.864024074988696,0.43581426437052767
8077-6103,1-109056,2080,0,0.0473019,10.087255972759738,0.656239,154.544,3.709,2.72046,True,0,133.94769287109375,50.36399492470541,0.6493967405696451,205,241,156.0,5.5,155.0,1.5,1.0,False,2.0556907653808594,108.77605438232422,CO,2.408612510772814,2.9764166552051003,12.367791941726896,28.232587101799044,57.48395101771688,13.413109187803153,35.68900228698666,1.0945606753493369,-33.49988093628796,4.318139971814669,-37.147636524990716,-78.6134130217961,88.3892336715596,139.33044416963634,2.0365333016655676,0.0,4.155262308487066,0.3058504364236848
9894-3703,1-294332,1040,0,0.0229775,10.070444249972947,0.860733,147.692,4.51616,4.55335,True,0,66.98774719238281,31.302325885082848,0.32476576305574095,193,193,326.0,3.5,329.0,3.0,3.0,False,-1.511540174484253,107.7829360961914,CO,1.466694148481815,3.2814772531775365,10.902198029143335,35.668512914356974,-19.828533839597313,-114.6726238242778,-0.3752138607262461,-54.38802997872605,-93.26466896713379,-41.18978050280751,-72.71786745319476,-97.42332419538783,61.623170300081874,128.31091980068433,2.032550009961494,12.0,3.322344538145576,0.5232759298576708
8606-3703,1-546873,4288,0,0.0319881,10.142398852785737,0.855052,32.3598,3.96895,3.3692,True,0,92.25212860107422,31.95378005676506,0.447250940572771,196,77,27.0,6.0,24.0,6.0,3.0,False,-1.2762339115142822,112.24678039550781,CO,1.7751166205862994,5.741230407217521,11.6434857954716,33.43468230769131,9.947077960267853,-37.99665327607264,0.49963890048935017,-23.72913324874658,-47.9579053979825,-89.71940595561168,-139.9586000703833,-190.19779418515495,74.75561665860864,143.75674835826294,2.0501738928689646,11.0,2.028047120497747,0.3787154989384289
12514-6103,1-66643,4288,4096,0.029350435,9.973329476515183,0.8475944,157.68567,4.1027565,4.254705,True,0,84.91349792480469,32.7917326339857,0.411672255048115,336,181,67.0,7.0,69.0,4.5,2.0,False,-0.35153719782829285,84.22506713867188,CO,1.6889910202683116,4.259917561721214,6.550590651478932,6113.1047945281725,9472.661498557194,12793.811666305262,54.026034472933816,40.4175175663694,26.809000659804997,-8.281378197587419,-21.150667106069772,-34.01995601455213,56.49359131272092,116.8805374825231,1.9254413658442304,2.0,1.5377270936745955,0.12959031218054573
9090-1902,1-296716,4240,0,0.0249458,9.463451007573578,0.426119,90.0146,3.55669,1.14839,True,0,72.55375671386719,67.41667380142904,0.35175053870775663,89,91,90.0,6.5,87.0,3.0,3.0,False,2.9110655784606934,63.94736862182617,CO,1.251067623516491,1.0619651152012093,7.609122837012059,,,,19.047115027463683,5.679908071926389,-7.687298883610912,7.217001426487813,-2.957726295561726,-13.132454017611265,88.8106685620138,117.16407006343847,1.8058226783450428,1.0,7.165134455071406,0.4728513014075647
12082-3701,1-36363,2080,4096,0.03692516,9.388916816442148,0.45201853,75.614815,5.133426,1.3690549,True,0,105.86309051513672,65.56102115266667,0.5132387460627543,109,121,264.0,5.5,258.0,5.0,6.0,False,2.6657168865203857,59.07955551147461,CO,2.634673123245941,2.3927831936055135,10.985357638988983,10.130964877399686,5.8815935818327585,-11.740904819516453,5.429172033997922,-7.130643272445591,-19.690458578889107,7.133325919174312,-6.381313508992885,-19.895952937160093,96.72349968794923,117.07260689241478,1.7714372192120174,35.0,4.591037611909976,0.7092769521113471
8341-3702,1-259058,1168,0,0.024225,9.57437393561696,0.42258,164.781,4.59382,1.20638,True,0,70.51854705810547,67.67057480223299,0.3418835638573615,150,193,168.0,5.5,165.0,3.0,3.0,False,2.836618185043335,64.09849548339844,CO,1.5705515533192245,1.1832249532892432,7.0401824040317775,13.210542907598233,6.518398613072698,-19.93730957013365,6.795001004550788,-9.94515492861616,-26.6853108617831,-13.346461957715753,-28.34712599908848,-43.34779004046122,78.56893193270093,103.85638081794335,1.806847835900623,2.0,5.94999487160983,0.49687426279782965
11757-3701,1-270207,2336,0,0.042408355,9.703262524526796,0.8645127,88.82434,3.1794012,1.3932097,True,0,120.7907943725586,30.862208828180947,0.5856102966390516,168,124,81.0,7.5,76.0,3.5,5.0,False,1.0624603033065796,53.75017547607422,CO,1.8618900798665567,3.2739195631233926,6.68120031265218,-18.17924505666019,-16.38729450405749,-19.220677860224118,11.072077290249577,6.082348902824497,1.0926205153994206,-6.114166420174561,-8.690736282753123,-11.267306145331684,97.76977629883069,115.56333078050267,1.7303798864139934,2.0,2.0407344114093524,0.1866890776126445
8263-3704,1-258782,1168,0,0.0241444,9.55271444107593,0.831102,98.576,5.00609,1.71923,True,0,70.29074096679688,34.58217310139994,0.3407791287602966,171,65,100.0,11.0,103.0,10.0,3.0,False,0.8994603157043457,50.68644714355469,CO,1.7059709886956334,5.546526530773917,9.034584126317132,39.72080698814824,47.73359617622365,38.02169023911086,-2.4963292961014756,-2.0043061880743105,-29.932318825611876,,,,77.21988130852066,77.21988130852066,1.7048918505048067,,1.6288724260472471,
7978-3703,1-115376,4672,4096,0.0276988,9.629995399448626,0.832635,123.222,4.87127,0.968443,True,0,80.2943344116211,34.419122160555354,0.3892779183833811,194,112,178.0,7.499999999999997,180.0,5.500000000000008,2.0,False,1.6431330442428589,50.38799285888672,CO,1.8962778454834128,2.935269558162273,8.523319726279144,13.673068518401399,2.6010557722931487,-10.287563112213025,7.529842265595682,1.0927822043250512,-2.962930020658779,,,,102.74506968058493,117.50284187050573,1.702327059136261,14.0,2.9037604749375943,0.5099276558936856
11831-3704,1-152300,1168,0,0.025954017,9.682730058812899,0.85124785,51.92369,3.8606296,3.030973,True,0,75.39454650878906,32.38358396013845,0.3655230762851014,180,127,176.0,4.500000000000004,172.0,8.0,4.0,False,0.7514287233352661,64.03785705566406,CO,1.4111492077893206,4.412103218674425,8.994605142340669,-47.88480769199359,-65.15565779774586,-66.49272609090777,-59.78792743631547,-52.00418714708662,-44.22044685785777,-21.506642503679814,-14.181033173290729,-6.855423842901646,126.02148230620375,143.510613667399,1.8064367903854295,14.0,2.0386207431119465,0.40807580404183375
8097-3704,1-42273,4672,0,0.0257945,9.303163646175136,0.815846,149.18,2.52593,1.42713,True,0,74.94554901123047,36.17074523055044,0.3633462749890979,129,69,152.0,10.0,150.0,11.0,2.0,False,0.38114842772483826,56.39054870605469,CO,0.9177872563832119,4.045143175560352,5.316701266775105,,,,-16.231244325241313,-21.06790841463479,-24.491141269852786,-40.975536920078206,-48.29633410938993,-55.61713129870166,44.020013474176444,62.09331779735007,1.7512063204945838,6.0,1.314341924631286,0.24876150035385705
8240-1901,1-72808,1168,4160,0.0235329,9.580254208190675,0.82852,166.956,3.34929,1.67562,True,0,68.5610122680664,34.8553275371789,0.3323931673827733,107,106,19.0,5.5,18.0,3.0,1.0,False,0.6378702521324158,70.2181625366211,CO,1.1132811115834487,3.689110409860209,6.539644431905262,33.62768272168907,40.90589767609954,31.633684674909524,35.896125096926305,28.26941069232582,20.642696287725318,6.167666511577738,-3.7596760036602577,-13.68701851889825,101.48474374253084,128.5276821378185,1.846449460694028,4.0,1.7726887258310784,0.2393253125737202
8443-3701,1-422976,1040,0,0.0297475,10.389545261723935,0.6253,95.343,4.00749,4.03344,True,0,86.02122497558594,52.794943476905466,0.4170426673396537,188,120,272.0,1.5,294.0,1.0,22.0,False,-0.9113488793373108,159.5195770263672,CO,1.6712943189369889,6.848718736628321,73.68109092475125,-14.271858163578631,15.317987490791001,-10.87918123551965,-15.82898389789532,-29.684884241562308,-43.5407845852293,-148.92457725593422,-176.96727344733105,-205.00996963872785,174.43280175850177,239.81360058207818,2.2028139894169394,44.0,10.758375947122781,0.8705571282535189
8158-3701,1-583694,1040,0,0.0267252,10.356933673702363,0.666924,109.992,4.79039,3.14042,True,0,77.56277465820312,49.507483140269336,0.3760349429911289,182,97,108.0,1.0,114.0,2.0,6.0,False,-2.165235996246338,132.16033935546875,CO,1.801354030555274,3.304469165292114,25.36386177822763,-28.349522666709262,-36.20391392007155,-97.47341396204845,-19.178683239173637,-63.80122219598047,-108.4237611527873,0.27847114672280493,-36.75552812286406,-73.7895273924509,171.12459998013824,224.26365352637538,2.1211011451398836,34.0,7.675623680993094,0.807796650153338
8439-3702,1-585593,1024,0,0.0265918,10.444845471310462,0.638836,61.7281,4.17571,4.81065,True,0,77.18800354003906,51.739860032088835,0.37421800133742233,191,99,243.0,1.0,248.0,1.0,5.0,False,-1.1202049255371094,157.39248657226562,CO,1.5626258503646877,7.5272394230699025,27.605752823664965,-7.980147594027911,94.91825631863728,134.86679100295763,45.33184484456365,87.42312340978883,129.51440197501412,-69.28872444534717,-99.075586000559,-128.86244755577084,113.58169798518783,209.9302365348245,2.196983996650189,119.0,3.6674471571951486,0.7286113076983565
11872-6104,1-151055,4160,0,0.08257553,10.94828703635809,0.7481865,5.5113373,6.765536,6.0,True,0,224.35520935058594,42.62289794633095,1.0877047492135816,316,282,190.0,1.5,190.0,1.0,0.0,False,1.473480224609375,194.8991241455078,CO,7.358905638175458,6.018888260273585,15.109381907166943,76.09244616143702,59.532016738773926,18.030483530917166,-26.960800231108085,-57.27090504574397,-87.58100986037984,-34.04251378117677,-63.150272300673365,-92.25803082016996,298.34548883421746,352.33308400612157,2.2898098874520105,6.0,2.510327697374491,0.3814775497365731
11759-12701,1-55170,2048,4096,0.14797664,11.064296184394388,0.721855,172.79828,5.653007,6.0,True,0,373.23138427734375,44.93586203472745,1.8094768131710683,305,339,348.0,2.5,345.0,1.0,3.0,False,0.9586020708084106,204.3102569580078,CO,10.22898509119374,6.7181495199077235,23.761005910544817,49.248836227119554,40.16444306157996,17.362655695597645,3.1621385359175997,-13.918709127233678,-30.99955679038498,-20.672247258997853,-34.841579665892944,-49.01091207278803,281.8590438462832,319.955073946033,2.3102901700022307,5.0,3.536837910519024,0.4640245340882284
11956-3703,1-151695,4160,4096,0.077821136,10.914094490703196,0.7365048,87.959404,8.179986,5.3691196,True,0,212.60879516601562,43.660263427197535,1.0307565262069935,187,187,84.0,2.5,84.0,1.0,0.0,False,1.3088104724884033,191.86680603027344,CO,8.43157395378184,5.782524759598013,10.574652704084679,104.55469871048624,49.814425086821196,-5.6081256962020385,39.10241133292647,20.708697843416886,2.3149843539073056,,,,254.0919050794916,306.1778126662351,2.282999845997425,6.0,1.828725884231199,0.3027738460328694
10516-3702,1-60715,1168,0,0.0225089,9.649393280049168,0.453329,158.991,5.24894,0.969029,True,0,65.65870666503906,65.46715697165072,0.3183223927516881,170,174,338.0,4.5,332.0,2.0,6.0,False,3.985299587249756,67.68783569335938,CO,1.6708551402100458,1.8744595057127866,12.830943325200986,-0.8968190919932274,-12.30786180848222,-33.48439401062332,-16.776922549152395,-26.71165610334502,-36.64638965753765,-25.162498978518016,-34.32044024457758,-43.478381510637156,79.73061093914264,105.95475598919074,1.8305106278295924,6.0,6.845142979134062,0.6546256978847212
11962-12705,1-333721,2336,4096,0.046677545,9.667981069973434,0.4493352,149.26721,5.420819,1.5978174,True,1,132.27764892578125,65.75320800839235,0.6413001390422286,249,345,343.0,7.5,332.0,2.0,11.0,False,5.001884460449219,69.12509155273438,CO,3.4763719784227547,2.661357248315961,11.412802592375652,-4.34015762368233,-8.969341555485888,-25.44005543735901,-45.85467286898735,-63.31197367014889,-80.76927447131042,-30.843114955162964,-42.62892879587355,-54.414742636584116,104.52110661085248,131.36196208148363,1.8396357195145052,2.0,4.2883391921912715,0.41045450971140995
8603-6103,1-135058,4160,0,0.0270087,9.707382792961376,0.392703,2.68588,5.48034,0.8652,True,0,78.35883331298828,69.82266070110724,0.37989434425918384,186,281,181.0,4.500000000000006,181.0,1.999999999999998,0.0,False,4.1889214515686035,78.06977844238281,CO,2.0819501706173758,2.9219361008629043,7.291144541845144,9.751995279628035,-5.146229336355567,-31.589637159454018,3.158687557031368,-13.714181285241585,-30.58705012751452,-6.596230844148874,-17.32390012532811,-28.051569406507365,115.25198864490956,147.8191294600813,1.8924829468632518,1.0,2.4953127960915804,0.18890068412361405
8940-6104,1-584801,1040,4160,0.0256511,10.258814411932045,0.707567,25.7249,3.62949,3.36754,True,0,74.54176330566406,46.155117795307305,0.36138866664614727,331,333,211.0,1.5,206.0,0.5,5.0,False,-0.14814864099025726,121.05187225341797,CO,1.3116565517055252,5.724947292704162,22.23060640937045,40.10657751981825,31.4625832951859,15.25368815895601,6.39183003627917,-8.066472296859413,-22.524774629997985,-24.412377154212578,-31.443836834813744,-38.475296515414925,82.69709643907956,161.96439435097844,2.082971510861933,4.0,3.8831111052674667,0.46463395454902884
8611-3702,1-25659,1040,0,0.0290456,10.17636622516414,0.750616,48.0613,3.10332,6.0,True,0,84.0623550415039,42.404749938623056,0.4075457979040827,200,175,236.0,3.5,241.0,3.0,5.0,False,-0.642019510269165,125.67811584472656,CO,1.2647450255516979,6.545878062017599,11.13600728521202,52.357585819889984,-34.44589323702817,-82.27963272864187,-14.423088037571082,-43.27210806382183,-72.12112809007257,-1.957381947517283,18.165491105980387,38.28836415947807,47.45027467906557,165.01879264917778,2.0992596611759966,4.0,1.7012243704673642,0.2238932138082881
7990-3701,1-23894,1216,0,0.030415,10.183688273447988,0.721846,91.2139,5.00001,3.78586,True,0,87.88101959228516,44.9366375176555,0.42605920608195014,186,78,96.0,7.0,99.0,3.5,3.0,False,-0.5615603923797607,130.78497314453125,CO,2.130300291001811,7.161320967187207,17.074115948140367,121.35582984140562,110.19033741177175,77.68247034648176,121.84075606340826,92.67165249461932,63.50254892583034,,,,86.96043612134969,161.711644895967,2.116557847540917,32.0,2.3842131956343056,0.495124636313596
8138-6101,1-339010,4672,0,0.0313198,9.955613197242938,0.36191,163.521,5.57316,1.20949,True,0,90.39718627929688,72.0704853703108,0.4382579264201036,210,199,348.0,2.5,346.0,1.5,2.0,False,3.747589349746704,82.42072296142578,CO,2.4424815452074644,4.909140852141566,37.478041349985595,-6.11602686183454,-3.0600275338738196,4.304604742989877,22.29008804969581,26.726211442594263,31.162334835492718,40.43927813641066,46.67307883419151,52.90687953197236,121.96728301427079,153.77708248397957,1.9160364196617652,3.0,7.634338161969045,0.5761578988755209
8933-12701,1-456759,2080,0,0.0453141,9.987294363957316,0.370562,94.0036,5.1624,1.95953,True,1,128.62193298339844,71.43452278747432,0.6235767280110543,221,208,269.0,5.5,272.0,0.5,3.0,False,3.7281665802001953,83.99470520019531,CO,3.2191525006842667,5.435492699217411,17.667431467114703,2.567014623408721,-5.888581947981488,-17.85787759748495,4.837618448205946,-4.8073986420380725,-14.452415732282082,18.297951372333724,15.795859177702578,13.293766983071407,148.20350475012094,183.19409090760706,1.924251910171243,2.0,3.2503827058140318,0.3116890776126445
9878-12704,1-626306,1168,0,0.0246908,9.953708481578309,0.3454,65.8098,10.223,0.984072,True,0,71.83415985107422,73.29694991915831,0.3482618346681013,484,382,79.0,4.0,75.0,2.0,4.0,False,3.996931791305542,78.41954040527344,CO,3.560280735812,2.667499479307848,22.68176440390164,1.8207583293741436,-3.6871593714522106,-26.146646170107417,21.31165044799999,7.668729973881702,-5.974190500236582,47.76549115833149,35.27190857933847,22.77832600034545,101.1306557441442,122.27517474961314,1.8944242926946322,8.0,8.503006122343091,0.7134544310765117
8259-1902,1-257652,1168,0,0.0242111,9.502175757367258,0.664094,93.1823,2.68176,1.38777,True,0,70.47925567626953,49.73525412090616,0.3416930738627239,100,99,95.0,5.5,90.0,3.0,5.0,False,0.17648224532604218,74.30657958984375,CO,0.9163388177620985,2.4451539572608705,7.713510762513961,,,,25.221737456146105,16.152231153036514,7.082724849926933,10.040181459343845,2.548536633237592,-4.943108192868643,104.92085213621624,131.9574058672734,1.8710272707329663,0.0,3.154611487595182,0.21171463395454904
8624-3703,1-23679,4672,0,0.0288376,9.778573758092284,0.71018,139.362,4.26267,2.80514,True,0,83.4812240600586,45.93386979940514,0.4047283954008697,184,156,295.0,6.0,295.0,4.0,0.0,False,0.5820838809013367,74.81746673583984,CO,1.7252235892234251,5.191465893332622,9.81442542024226,32.53975080345775,9.407317926746577,-31.664714688446953,10.440477558509816,-14.175917561609376,-38.79231268172856,-17.007179035548987,-32.80256453828293,-48.59795004101686,62.082860126243645,107.20022901583626,1.874002999220761,6.0,1.8904921311044123,0.30894668553904225
10504-12701,1-605814,1168,0,0.0224683,9.550552423769672,0.733122,172.427,2.65844,4.01342,True,0,65.54348754882812,43.95723324185453,0.317763794713044,322,226,175.0,6.500000000000004,174.0,2.5,1.0,False,0.12291115522384644,71.21648406982422,CO,0.8447559824169447,3.349156569711396,4.638494573692748,,,,22.73143226541624,8.516755676964157,-5.697920911487941,9.158921592034057,-0.10439959587236765,-9.36772078377879,94.89387433267326,130.60607583956002,1.8525805289174835,6.0,1.38497394109361,0.25184792010694346
12490-3704,1-62475,2336,4098,0.04580513,9.932359493666867,0.79448044,89.99966,2.943762,5.987313,True,0,129.93988037109375,38.30244332108065,0.6299663172564269,151,99,90.0,9.0,98.0,6.0,8.0,False,1.4358716011047363,68.69071197509766,CO,1.8544709060194138,8.523269278835414,12.234760058499976,8.37991803735022,-4.877327533417894,-7.274277955753903,-0.0691070484777348,1.0500408442306457,2.1691887369390304,-24.926828220214784,-20.578420423184014,-16.23001262615324,98.88180215556318,127.09068366985807,1.836898017835943,14.0,1.4354538919567827,0.3432609892270189
11871-12702,1-456416,4112,0,0.020590598,9.91994839879931,0.80595917,149.9893,9.108828,3.72023,True,0,60.202232360839844,37.16971472691115,0.29186865881870394,683,239,291.0,2.5,286.0,5.0,5.0,False,1.351579189300537,70.98523712158203,CO,2.6585814117702578,6.5947592387409,12.862870021499665,27.236312316562074,7.428519652241089,-18.060781643446536,13.869871129497058,6.020210354879259,-1.8294504197385402,,,,86.64150780164435,106.22718255931717,1.8511680374052089,112.0,1.9504684789608029,0.5309821498781159
8334-3704,1-261360,2336,2,0.0461513,9.908744981581188,0.801133,97.748,2.63414,1.42129,True,0,130.86807250976562,37.64936629288251,0.6344663197316914,133,107,84.0,8.5,85.0,3.0,1.0,False,1.7284519672393799,65.91118621826172,CO,1.6712731114580377,2.221916761935301,5.482524017434095,,,,22.360137209029844,13.737742771265623,5.115348333501412,8.08914826521697,3.498023083426878,-1.093102098363191,120.28911776688079,145.88719722278978,1.8189591278047847,2.0,2.467474979872238,0.23915821341511365
8611-3701,1-25676,1040,0,0.0277941,10.350441856535062,0.806615,151.313,4.63472,5.66536,True,0,80.56136322021484,37.10414083265314,0.3905725105799474,200,96,306.0,3.0,299.0,4.0,7.0,False,-0.6426587700843811,154.40374755859375,CO,1.8101942262350939,8.021402588077445,17.41394350153862,23.277850830953923,-100.09556291558305,-229.89769311243768,68.88903551536112,44.21140390632776,19.53377229729448,116.16764631813078,108.45497793857999,100.7423095590292,50.24331153244343,187.61160709905525,2.188657836959993,6.0,2.170934984290866,0.3382676731933632
9188-3704,1-50971,1040,0,0.0299167,10.361183683038547,0.780774,91.9063,5.29578,6.0,True,0,86.49293518066406,39.620352503580285,0.41932958294906236,183,64,254.0,3.0,250.0,4.0,4.0,False,-0.31398022174835205,159.6536102294922,CO,2.2206772187899855,7.046371710942607,49.966190453319165,162.19075811668975,146.95856748153693,124.98139364476668,136.65167371821124,145.38809145039195,154.12450918257267,,,,122.30118015300397,219.12809378346358,2.2031787436397563,96.0,7.091052317850982,0.873378155225289
7958-6103,1-547106,1168,0,0.035661,10.44584696673378,0.811709,60.3419,5.5801,3.91261,True,0,102.39337921142578,36.59150599190299,0.49641711096735963,322,233,11.0,8.0,6.0,2.5,5.0,False,-1.1118711233139038,158.0071258544922,CO,2.7700571209089633,7.993713168082344,17.863133666946233,173.0448904973825,166.89887419518837,99.66843162050648,134.09094151876408,57.28906251672416,-19.51281648531577,95.46666479113672,52.49819228538247,9.529719779628243,58.37607494666644,191.673208688274,2.198676673343666,4.0,2.234647815269499,0.29333765825273256
9093-3701,1-559154,4224,0,0.0318292,10.249019709400816,0.803081,121.851,3.79115,6.0,True,0,91.81135559082031,37.45637143666294,0.44511401271642176,185,185,120.0,4.5,130.0,0.5,10.0,False,-1.8589836359024048,173.98699951171875,CO,1.6874939893098624,4.69346934329626,26.6251575351819,-2.023274405679735,-137.35352315774853,-392.86798167185,-69.24151633246069,-187.06960507598137,-304.8976938195021,-234.5279199675875,-354.9831732914742,-475.43842661536087,71.54357187237501,206.53181878661542,2.240516798562736,8.0,5.672809512053368,0.6455531965086105
8980-1901,1-236032,1168,0,0.0312752,10.257724161400079,0.792762,129.459,3.36288,6.0,True,0,90.27328491210938,38.46967098874857,0.4376572356408968,98,71,115.0,2.5,107.0,2.0,8.0,False,-1.7040431499481201,188.84397888183594,CO,1.471788764592059,8.916879589403415,26.6703771479894,88.50929239844587,120.68052762666248,115.21858095709534,172.2660540083137,143.2762286996164,114.2864033909191,217.15446184600162,203.40601643920544,189.65757103240924,115.90967558911308,244.0094709240046,2.276103142300528,4.0,2.990998911736318,0.370498152079893
9194-6103,1-37633,4288,0,0.0307772,10.18032949260369,0.800965,88.103,3.16717,6.0,True,0,88.88892364501953,37.665972581082826,0.43094566282206387,317,75,80.0,3.5,70.0,1.5,10.0,False,-2.974428176879883,153.5834503173828,CO,1.364878174920156,6.866872721323215,18.350516846689505,0.7444171193477296,395.2113945322951,737.8387103751178,184.33655560276082,272.6958125769828,361.0550695512048,155.46410050357326,179.18018646593538,202.89627242829752,123.39583576200725,216.05659672235296,2.186344419972368,13.0,2.6723251749966095,0.4757313045529606
8139-3704,1-71090,2080,0,0.0766578,10.697942987384698,0.674875,14.2735,2.90049,3.75865,True,0,209.71432495117188,48.86387447457663,1.0167237386097905,157,114,23.0,2.5,23.0,0.5,0.0,False,-0.6056554913520813,166.0913543701172,CO,2.948997036600311,2.597486523869301,17.566835169519322,,,,20.326679198621072,-26.55097676832877,-73.42863273527863,-10.044654786578821,-41.09668700282708,-72.14871921907537,136.2938431587017,238.72903435958128,2.2203470265087524,5.0,6.763013015887062,0.6245183612487222
8248-6102,1-481824,2080,2,0.0729271,10.641075328428325,0.672827,142.461,3.6406,4.3704,True,1,200.37774658203125,49.03018163789242,0.971458729328683,254,85,324.0,4.5,326.0,0.5,2.0,False,-0.7791054248809814,168.05987548828125,CO,3.5366926499940035,11.183837260197844,49.04616720083074,28.52359815106596,-60.716964364597914,-104.67361882140543,-77.97790920467503,-88.94291771086799,-99.90792621706078,-112.57837021230304,-45.913361141750784,20.751647928801486,52.89937105785878,211.8226349024607,2.2254640374484804,42.0,4.385450723195082,0.7208166234174727
8138-12704,1-339041,4160,0,0.030805,10.821118356858955,0.690069,165.135,10.8654,4.14228,True,0,88.96624755859375,47.61804756852616,0.43132053973384105,678,669,166.0,1.0,166.0,0.5,0.0,False,-0.24658994376659393,149.3413848876953,CO,4.686470192424077,1.0574267255878986,22.6889704290864,56.198249274459585,36.278458668955956,6.968759061965313,11.558315923797219,-4.447431387086505,-20.453178697970234,30.915741026685982,18.92787675804151,6.940012489397036,248.44032566355585,282.18347759883613,2.1741801743546008,0.0,21.456777930850944,0.5018380907446726
11982-3701,1-96299,1040,0,0.035910875,10.498302667481692,0.7153573,94.57494,6.8266172,5.8038964,True,0,103.08004760742188,45.493241558875255,0.49974617329500415,183,86,103.0,8.5,84.0,2.0,19.0,False,-1.81621515750885,167.27171325683594,CO,3.4115758222498562,7.752978913101038,26.227606232264094,204.1555804615067,150.42348647008606,69.06630588993296,178.15739003909707,122.39187921200306,73.30901455753887,,,,59.90596989179076,197.2391177320721,2.2234225051278056,7.0,3.3829069479273963,0.4831721317920893
9867-6102,1-198001,1024,64,0.0254747,10.370709190248483,0.70373,105.086,3.31754,6.0,True,0,74.04486846923828,46.478654032998605,0.3589796524984282,334,175,281.0,2.5,282.0,1.0,1.0,False,-1.3587095737457275,164.1221160888672,CO,1.1909293563496357,4.577688523516295,15.387850559823727,-30.82317506482892,-7.179796261946937,-68.05028853432749,-1.3261804842379674,-44.31867380156629,-87.3111671188946,-33.58040325627187,-88.82311886284069,-144.06583446940948,149.31412647633528,231.86147591673043,2.2151671078549144,3.0,3.3614892059112265,0.3662813556656444
8152-6104,1-301213,4096,0,0.0272526,10.530403346090637,0.742299,77.2159,6.59624,2.90931,True,0,79.04325866699219,43.14806835808252,0.38321253201237715,329,106,69.0,1.0,63.0,3.0,6.0,False,-1.494523286819458,173.20301818847656,CO,2.5277618321613224,9.359188144600576,25.870561960577664,58.76978375666542,25.58353113550909,-16.543323419105707,6.496995126500793,-10.398102053645319,-27.29319923379143,,,,189.66143848947195,257.40261817667823,2.238555455644261,13.0,2.7641886839835235,0.4911634033183927
9491-1902,1-382793,1040,0,0.0782064,10.935208900790549,0.775853,173.459,5.87173,5.32139,True,1,213.5655975341797,40.08502003717634,1.035395234989033,96,96,0.0,3.499999999999999,4.0,1.5,4.0,False,-0.13426195085048676,182.96310424804688,CO,6.079561263142155,2.654926838325621,15.486215145432627,128.81063936009207,81.76765978270308,32.88005726553854,56.69049044566014,31.560556386313806,8.170232982728287,,,,256.03106083560886,328.57808148057563,2.262363520129302,,5.833010131156494,
8722-6103,1-46006,4096,0,0.0729028,10.940718145978403,0.825612,150.273,6.03073,4.52773,True,1,200.316650390625,35.160810997847584,0.9711625266341087,323,255,336.0,4.5,332.0,1.5,4.0,False,-0.3423318564891815,207.5421142578125,CO,5.856818984248119,4.891844859455627,17.071968778327264,103.85407973064518,7.028660764757553,-155.4900032130591,0.8371277107105821,-91.88206323479862,-184.60125418030782,-28.839410298841624,-88.70393563445377,-148.5684609700659,138.57047798014267,282.68268318197215,2.3171062366334505,4.0,3.48988352427576,0.4275969175119918
11974-3702,1-497602,1040,4098,0.06783314,10.93908054343883,0.7859452,158.30411,4.8530684,5.695117,True,1,187.49456787109375,39.127327643981914,0.908999316376267,165,156,159.0,3.5,159.0,0.5,0.0,False,-0.9985173344612122,191.88250732421875,CO,4.4114358579272634,7.203037348943485,25.074109866229733,155.30028847567007,195.36304020488154,209.1987799076196,27.2264765482613,-8.594258707956703,-44.4149939641747,5.5353293748716625,-21.910821386046432,-49.356972146964544,195.8591133317234,277.54927832731437,2.2830353847467366,0.0,3.4810467656269353,0.2564677203743021
9184-6102,1-201973,2080,0,0.0735539,10.655177826993308,0.851246,39.4454,3.89296,1.98536,True,0,201.9521942138672,32.38379176684226,0.9790918668497289,281,238,201.0,2.5,211.0,0.5,10.0,False,0.3087679147720337,127.85340118408203,CO,3.8115654739713207,4.668266103354306,25.329163456589583,-28.859562092671283,-56.24996686025301,-108.56011943161909,-81.96409748815753,-102.58557875891918,-123.20706002968085,2.862561385458764,-9.512000601773222,-21.886562589005237,170.16979217141835,214.67943390002276,2.106712285712619,10.0,5.425818257958716,0.6523649445623968
8323-3703,1-402898,2048,0,0.0675414,10.57532758210496,0.867122,10.2262,3.01896,3.87335,True,0,186.75196838378906,30.555111438538386,0.9053990924659645,191,137,6.0,3.0,5.0,2.0,1.0,False,-0.22678139805793762,118.02053833007812,CO,2.7333636441910483,2.885653698404367,7.255884815240438,85.80119726614845,70.73498600566893,45.897152571101884,43.25943708095998,30.95518496152944,18.65093284209888,35.926397096162916,25.9770482587701,16.027699421377314,229.52354167127862,263.9721590458285,2.071957591265946,2.0,2.5144683228110867,0.24687426279782967
11742-6104,1-122197,2080,0,0.067641854,10.600680546512134,0.8583171,112.35628,3.5253437,2.7011304,True,0,187.00772094726562,31.580804735330045,0.9066390158834873,309,183,158.0,3.0,158.0,1.5,0.0,False,0.8326817750930786,130.6539306640625,CO,3.196214142819052,4.106295385042705,11.29127975903175,90.64872741850368,59.67532600605696,28.701924593610226,9.770711707815003,-12.098902424201833,-33.96851655621866,-22.689427471384988,-32.472627154480996,-42.255826837577004,152.05636724660295,218.54727558844255,2.116122479811788,10.0,2.7497485446761947,0.45946370999449554
8720-3701,1-351470,2080,0,0.0582017,10.438327125886639,0.576623,63.6473,2.80671,2.94407,True,0,162.70294189453125,56.49708070892267,0.7888061218723863,151,143,244.0,3.0,240.0,0.5,4.0,False,-0.2121204435825348,160.26947021484375,CO,2.2139500303204454,3.505080905663568,27.126072490982217,,,,-14.38889610308571,-64.57648518633034,-114.76407426957499,-56.026101036653436,-93.42639594726545,-130.82669085787745,107.70980503583262,215.48311836298998,2.2048508013310966,2.0,7.739071713623345,0.5369977195879532
8157-6102,1-41801,2080,8,0.0634238,10.517173456621872,0.602521,111.249,4.06472,3.45734,True,0,176.21563720703125,54.543927568126215,0.8543175174340333,290,161,292.0,3.0,289.0,1.0,3.0,False,-0.7189439535140991,175.50582885742188,CO,3.4725614994644642,6.482305285416807,24.74408790108115,89.27560040414197,27.577672860009724,-47.528496590822165,23.109813384565644,-18.612222170544545,-60.3342577256547,40.92404711472642,18.361500396400498,-4.201046321925425,164.746709467132,271.04005511678844,2.2442915447253577,1.0,3.817174108838678,0.32778957301250294
9184-6103,1-201915,2048,0,0.0592941,10.501836733920078,0.55216,143.403,4.00491,6.0,True,1,165.5436248779297,58.31301550900499,0.8025781416128525,254,167,326.0,3.0,323.0,0.5,3.0,False,-0.11572453379631042,157.86375427246094,CO,3.2142532251267286,5.078092551202948,35.1621464599934,29.050795032397698,16.05421878266915,-52.86265422595379,36.53812719277631,8.738105887281135,-19.061915418214088,-62.28010552340803,-116.56386773956767,-170.8476299557273,64.4938810980679,179.97903318873108,2.198282426864289,14.0,6.924282317710781,0.7444955571282534
8155-6101,1-38521,1040,2,0.03707,10.648187234767436,0.776634,155.171,6.61589,3.25944,True,0,106.25994873046875,40.01156008880278,0.5151627689852912,317,134,153.0,3.0,138.0,1.5,15.0,False,-1.6128391027450562,170.41616821289062,CO,3.4082602117020984,8.170675299844312,44.195734429313134,-61.78987863533022,-100.60551719305391,-172.04878435778366,-87.86771874322292,-139.07975352841197,-190.29178831360102,-175.71794733795906,-215.27522690425533,-254.83250647055158,128.00487111616974,226.02918135831212,2.2315107960206784,133.0,5.409067525930844,0.8260301171659983
12090-3701,1-118294,2080,4098,0.06424182,10.522384106294368,0.79555905,174.85045,2.9628172,3.5970025,True,0,178.3170928955078,38.19717609632431,0.8645056621142224,156,154,168.0,4.0,165.0,1.0,3.0,False,-1.4017478227615356,168.8010711669922,CO,2.5613722452094065,5.348214747520118,22.232179565447538,176.84136946797167,188.24202556678736,169.96177831591487,130.33127269806062,106.77060863902678,83.20994457999292,42.678602700103575,21.95774365040451,1.2368846007054406,157.08884036734617,251.04478382470234,2.227375198216401,2.0,4.156934718404163,0.3981088306990642
8324-3701,1-259952,1040,0,0.0356788,10.473196369997913,0.815982,115.796,5.20812,6.0,True,0,102.44230651855469,36.156843802915084,0.49665431724611914,186,54,293.0,6.5,273.0,4.5,20.0,False,-1.751729130744934,174.4717254638672,CO,2.586635282735858,7.287831171085097,17.605082373623777,92.4251057655016,121.03106385809144,95.59552128025628,151.96776748820002,109.28776786511119,66.60776824202233,,,,77.32204118589043,209.3593561733747,2.241725056109178,,2.4156819718152893,
12078-6102,1-34944,1040,4096,0.047719218,10.77916433365887,0.6099948,117.457756,5.357586,3.8494062,True,0,135.0625457763672,53.97353327201299,0.6548016999786579,123,86,299.0,1.5,275.0,0.5,24.0,False,-0.962263286113739,314.4666748046875,CO,3.5081564205818583,14.515600675423144,285.10533091360173,431.20583979810067,431.20583979810067,351.25854869083935,104.42599395127496,85.63338429081135,65.66857772494178,114.01174569129338,24.205555324113924,-70.9543098189262,306.83730996646835,376.26110648900686,2.497574628429042,111.0,19.641304365469576,0.9398836203507117
12488-3701,1-299759,2080,4096,0.08047575,10.748366865218967,0.66966426,151.82434,4.3139834,6.0,True,0,219.18377685546875,49.286287144068474,1.0626329369679093,171,127,336.0,3.0,333.0,1.0,3.0,False,-0.6278894543647766,228.1307373046875,CO,4.584180850372807,6.231422904283603,22.97288045491114,107.66123724970093,49.17889635857048,-150.79107462410028,27.72229995543577,-76.87363627675694,-181.46957250894965,-53.09663320683704,-128.67598726824968,-204.25534132966226,137.80509077597767,284.68710731668835,2.358183804095058,4.0,3.6866187398578147,0.4538314854132264
10226-9102,1-36420,1040,0,0.0543646,10.862918123299103,0.631857,19.445,7.34558,6.0,True,0,152.66578674316406,52.285411191804165,0.7401446205043677,465,268,16.0,2.5,26.0,1.0,10.0,False,-0.23946957290172577,221.5587615966797,CO,5.436791521484473,5.08031007751938,34.33664831763879,73.3150110942315,-38.47914570085013,-207.12446455858594,-31.19592206826175,-107.48201134074945,-183.7681006132371,-144.6618487381215,-200.8083404305943,-256.95483212306704,134.6965444793235,259.6057705468339,2.3454889289912035,9.0,6.758770191918035,0.6898541322638987
8441-1901,1-252463,4608,0,0.0317128,9.828751385142096,0.636479,16.2666,2.88208,2.66945,True,0,91.48836517333984,51.92448849403203,0.44354811098380353,101,93,205.0,5.5,199.0,5.5,6.0,False,-0.21623495221138,87.36256408691406,CO,1.2783411397042006,5.519703727808907,12.999231656460932,,,,-0.7127082347298005,57.61769449272688,115.94809722018357,43.38454997573684,74.10472806070457,104.82490614567227,73.56760488152388,124.56936851196629,1.94132537206918,1.0,2.3550596730344955,0.16883895572855231
8994-6103,1-148527,2080,0,0.044594,10.039711479325996,0.652084,65.1703,3.25873,2.23212,True,0,126.68632507324219,50.69457735759326,0.6141926360499785,186,82,243.0,4.0,250.0,3.5,7.0,False,-0.39359959959983826,90.50870513916016,CO,2.0014879688751464,6.918001707500845,10.586395943146014,44.99887472075613,77.51517859618154,73.46042758045456,62.718489857988196,49.565268328895435,36.41204679980268,39.50548506115022,24.945709209011685,10.385933356873164,74.26376043730033,133.26546335823414,1.9566903517144476,4.0,1.5302678997126746,0.208461115042856
11759-3701,1-207,2336,4096,0.045708895,9.975266929140327,0.6961053,114.609566,2.675854,6.0,True,0,129.68170166015625,47.11694075809119,0.6287146315440898,149,119,294.0,6.5,292.0,2.0,2.0,False,-0.7398529052734375,90.16979217529297,CO,1.682348561675779,3.770123133287201,11.498647695984515,,,,62.665028341434926,44.351802058346905,26.038575775258913,41.86943097888473,25.603647897035696,9.337864815186645,64.77463391082202,113.18294972979072,1.9550610687076653,5.0,3.0499395615120797,0.4053825587795864
8612-1902,1-95825,4224,0,0.033179,10.174083078071808,0.538113,152.722,3.31925,2.40102,True,0,95.5501937866211,59.345041338195564,0.4632404118042129,93,95,336.0,2.0,337.0,1.5,1.0,False,-0.22271203994750977,157.21531677246094,CO,1.5376107368811336,1.5080738260248703,15.005848764806894,42.712326507810126,-9.184175274606904,-93.33096965483536,-9.192008750598085,-48.51855273431748,-87.84509671803684,-63.9080679639721,-88.38171776072467,-112.85536755747725,125.78777546016444,222.0290083721876,2.196494855098512,1.0,9.950340961994407,0.5037154989384288
8486-12705,1-569072,2080,0,0.0606136,10.430291181039935,0.551669,78.4393,5.22532,1.80968,True,0,168.96495056152344,58.34921136046984,0.8191651966022293,384,187,232.0,6.5,237.0,1.0,5.0,False,-1.1680124998092651,152.0945281982422,CO,4.280400285109561,2.4994303696857147,27.62761549786656,20.212975540007204,-10.332510519690604,-119.61681548973772,3.143072366945545,-87.00102662558291,-177.14512561811136,-57.95855161814336,-190.50435494899781,-323.05015827985227,77.14804255851618,172.42358160138255,2.182113590015815,2.0,11.053564777377868,0.564775497365731
11872-3703,1-189522,1152,0,0.029677473,10.098802257621186,0.65369904,68.854675,4.160576,5.581749,True,0,85.82594299316406,50.56624137221329,0.41609591357213055,167,64,250.0,3.5,250.0,3.0,0.0,False,-1.4035491943359375,179.27540588378906,CO,1.7311986717062806,9.652946075641871,31.87752338239259,89.3862702189563,85.44183746165767,38.143224860030415,22.88958750095732,-37.56613235163275,-98.02185220422284,-20.67423098681682,-71.49101356971097,-122.30779615260514,128.83053708838932,242.03369630450612,2.25352071442792,115.0,3.302362111276261,0.6699201855783596
9032-12703,1-268862,2080,0,0.0880693,10.79715462344042,0.526831,90.8325,5.19662,2.34642,True,0,237.7640838623047,60.16907129630741,1.1527128073292037,387,69,85.0,3.0,100.0,3.5,15.0,False,0.35686618089675903,207.78147888183594,CO,5.990210428823087,8.653273232207516,32.23149418664081,109.02449050110727,67.92803605348566,-16.896713989857385,80.87973160905511,33.45519044205191,-13.969350724951333,15.087180531627459,-20.330977150703102,-55.7491348330337,241.00065017787833,331.3610255414863,2.317606833029144,23.0,3.724774813151059,0.6328733191790517
9044-12704,1-316145,2080,0,0.0798659,10.769956737300555,0.604832,85.3135,5.00335,5.00841,True,0,217.67697143554688,54.36789757556309,1.055327738144428,389,128,265.0,2.5,265.0,0.5,0.0,False,0.4311152994632721,195.14691162109375,CO,5.280174038644923,6.514423320762304,18.9070109039442,128.3536179235316,103.08982900177519,48.34524665989804,85.2367449055443,48.16850058714577,11.100256268747234,65.76851769271161,34.50314804117216,3.237778389632667,222.9443537368549,308.7060346276932,2.2903616825630513,35.0,2.9023307164711154,0.5673016434693717
10511-12703,1-213922,2208,0,0.0963973,10.866458068929669,0.611291,104.55,5.17014,6.0,True,1,257.7602844238281,53.87427619393243,1.249657123353571,275,263,280.0,1.5,281.0,0.5,1.0,False,0.5753099918365479,194.69302368164062,CO,6.460902279735231,7.9115790937410235,21.536424918670775,22.908290437771928,-11.681908324041048,-46.27210708585399,-11.761689426264882,-29.565869287427354,-47.37004914858982,-22.327433216702957,-33.23495969722941,-44.14248617775582,251.31136505647407,307.5956427772317,2.2893503899851115,3.0,2.722139874163501,0.30918259023354566
9045-3704,1-631986,1040,0,0.0594979,10.850775462972665,0.62096,109.93,4.70257,3.69808,True,0,166.07276916503906,53.13064189089496,0.8051435055095683,189,173,287.0,2.0,288.0,0.5,1.0,False,-1.7730685472488403,205.12852478027344,CO,3.78624369470413,4.085745263559761,26.498390655910576,62.17504657964444,22.07779022343598,-85.23282423817739,66.33444760266232,10.43378578250867,-45.466876037644994,-2.2138177787810855,-59.65245507419114,-117.09109236960121,192.8076869592547,295.06017580108687,2.3120260567276727,1.0,6.485570917072665,0.45433278288904616
11019-9101,1-151950,1040,0,0.03303608,10.827150248106662,0.66471606,6.6921997,7.6919737,5.1520824,True,0,95.15489196777344,49.68524565480902,0.46132393450476455,474,197,8.0,2.5,357.0,1.0,11.0,False,-2.3445699214935303,229.53408813476562,CO,3.5484915713911716,6.6524429431923435,22.34062770886279,95.58129814518881,84.00184589639444,-0.48125496554889263,120.6993445564665,39.78131794778017,-41.136708660906145,104.18134826391821,15.487635003249835,-73.20607825741854,170.80335236174054,290.50282284017186,2.3608471917882228,18.0,3.35825919885937,0.5582586301800739
9030-3703,1-561331,1040,0,0.0494999,10.86395658645432,0.66832,97.6209,6.78269,6.0,True,1,139.80706787109375,49.394877217985226,0.6778037921971569,189,140,89.0,2.5,84.0,1.0,5.0,False,-1.3419368267059326,230.55081176757812,CO,4.597333003297734,6.833888777882284,23.116731016452267,123.62785178349812,113.42120472662268,52.34123738972935,102.03768883983658,46.41966515540031,-9.198358529035918,57.5247869448862,-1.8215511483055233,-61.167889241497335,194.28776566797302,306.2746614091089,2.362766655705542,8.0,3.3826612881481197,0.49277541873083275
8652-3701,1-26390,4096,8,0.0631259,10.831748231572611,0.763952,116.032,4.95816,3.68261,True,1,175.44932556152344,41.1915947785098,0.8506023337366758,166,70,288.0,1.5,300.0,1.5,12.0,False,-0.7528769969940186,235.93331909179688,CO,4.217422467039837,8.990243088020044,63.54253503758446,-9.075893632323034,20.772563741507327,19.62332647878179,-195.94037090010778,-213.3976776497142,-230.85498439932067,,,,328.31398166590594,400.631420017621,2.3727892773667127,178.0,7.067944038382913,0.9243827160493827
9046-12703,1-296301,2048,0,0.0994905,10.900435954780733,0.818004,115.252,11.7206,6.0,True,0,265.08746337890625,35.94963218702898,1.2851802893671687,304,129,78.0,0.5,96.0,0.5,18.0,False,-1.350777268409729,209.22740173339844,CO,15.063084099556836,4.829029792124163,247.00581090991832,,,,1157.3510601587625,1148.04267652061,1139.3431838183592,,,,594.4690716260692,685.1798188251041,2.3206185618505835,3.0,51.150194043691535,0.6409727136903358
9050-3701,1-318279,4096,0,0.050411,10.691812366674238,0.835995,64.9127,4.33988,6.0,True,0,142.226806640625,34.059422713206416,0.689535016798956,158,56,59.0,5.0,70.0,2.5,11.0,False,-0.9092209935188293,270.4108581542969,CO,2.9924992287054533,12.479831463024075,43.182787820130706,127.84117451482511,55.45467003636235,-62.85979364966233,-21.06580372025265,-112.6158483235149,-204.16589292677727,,,,119.23884718971571,321.26404770050766,2.432024126403537,47.0,3.4602060090374636,0.6554513643154832
9192-1902,1-109206,1168,2,0.0249731,9.577295288833618,0.699283,110.357,2.76784,2.46499,True,0,72.63076782226562,46.851661340221014,0.35212389909724634,104,104,290.0,7.0,290.0,2.0,0.0,False,1.6393963098526,78.32561492919922,CO,0.9746226128773223,0.5772125298145087,5.404394764873595,,,,26.510641322985318,0.5983532888167179,-25.313934745351904,6.965200377460201,-18.585765382389333,-44.13673114223886,68.74150936766118,109.47315619255544,1.893903813184252,6.0,9.362920043697484,0.6885763151686719
9882-3703,1-523056,4288,0,0.0283176,9.704129059072464,0.68913,57.3593,4.03053,1.38186,True,0,82.02711486816406,47.69567486123053,0.3976786751002937,186,113,63.0,4.0,67.0,3.5,4.0,False,1.794965386390686,80.18073272705078,CO,1.6028558303519866,4.067991076932151,17.024358383608092,26.981606865833015,-11.031869740975518,-49.919365146398185,8.207678952607846,0.27189084908602085,-7.6638972544358035,-0.33140456172131727,-5.408059807096495,-10.48471505247167,68.62376873551561,112.79859122312402,1.9040700207079784,2.0,4.18495470163295,0.39965204057560744
11833-3704,1-176155,2336,0,0.04062334,9.465514012371015,0.7368366,96.70954,2.2773037,6.0,True,0,115.95284271240234,43.631054427125505,0.5621552451051481,86,148,80.0,15.0,81.0,2.5,1.0,False,2.295201301574707,80.43905639648438,CO,1.2801982196523607,3.1390317631377016,5.679349884921609,,,,36.213938006057255,19.381033555230605,2.5481291044039525,16.313010034464824,4.861188018316002,-6.590633997832811,75.6369922135235,135.3666487294005,1.9054669673920892,5.0,1.8092680525298876,0.27420971927341353
9507-3704,1-385153,2336,0,0.0436572,9.592981289228694,0.738706,61.5913,2.73764,0.875804,True,0,124.1632080078125,43.46621406073983,0.6019602193263659,120,148,61.0,8.5,50.0,3.5,11.0,False,3.7105391025543213,71.47481536865234,CO,1.6479503748366322,3.5587144993738273,5.7712823081969,,,,-43.386042443705264,-87.33693273402267,-131.28782302434007,-86.8365162478994,-116.71478470916409,-146.59305317042873,46.08342450694431,96.55319056676518,1.8541530421765247,6.0,1.6217323163216337,0.270366438625462
8566-3703,1-43272,2336,0,0.0418133,9.607746599632254,0.742205,175.279,2.47123,1.38721,True,0,119.18031311035156,43.156414093476414,0.5778024631481663,108,126,164.0,6.5,173.0,5.5,9.0,False,3.9902212619781494,71.45075988769531,CO,1.427882781005643,2.45268006334633,5.833774339658052,,,,-24.655142718132804,-34.12380054867239,-43.59245837921199,-23.44845683982354,-25.556084187943654,-27.663711536063776,87.75505542258543,130.84590166504756,1.8540068519272417,0.0,2.3785305009160895,0.13609735000393175
8328-3701,1-286772,2080,0,0.0406096,9.668552705929441,0.736906,111.663,2.56125,0.957405,True,0,115.91551208496094,43.62494316721722,0.5619742611160681,117,150,107.0,5.5,112.0,2.5,5.0,False,4.246349811553955,66.19449615478516,CO,1.4393565762835292,1.7900368640084963,5.61988118324889,,,,-13.451486566667029,-25.24432251547808,-37.037158464289135,-24.208069289090435,-32.94067920243034,-41.673289115770245,89.25416588955078,117.09954031639356,1.820821880844904,2.0,3.139533769524769,0.2993433986002988
8331-12702,1-285916,2048,0,0.132899,11.018517424096059,0.816003,7.8031,5.24437,6.0,True,0,340.9111022949219,36.15469686076007,1.6527836643471066,424,315,28.0,1.5,30.0,2.0,2.0,False,1.2330541610717773,183.85606384277344,CO,8.667809065792035,6.346526118561141,13.36150330342437,98.36935369471581,41.12953082558598,-16.110292043543843,-44.70429271873184,-82.6375246364498,-120.57075655416774,-81.05037916531018,-105.2854696630822,-129.52056016085422,104.77931570536595,185.65286401829124,2.264477958110385,4.0,2.105325504664217,0.27790555948730045
11872-9102,1-150842,1040,0,0.058925904,10.93768736418357,0.8420032,36.63675,8.087018,4.6481752,True,0,164.5869903564453,33.407968727557545,0.7979402465744795,479,467,37.0,2.0,37.0,0.5,0.0,False,1.2802985906600952,184.00962829589844,CO,6.4529571369722545,3.571204671801885,19.672625345762885,26.926050223361354,-77.01511609246366,-233.44823532175096,-45.03884303740028,-125.9686816620477,-206.8985202866951,-144.3691126941986,-218.90810722594117,-293.4471017576837,85.30315565088361,197.83000404704816,2.2648405480442,0.0,5.508680446432345,0.38455414012738853
11823-3703,1-564585,4096,0,0.09610256,10.987281261157104,0.8359551,21.080505,5.6897774,4.204931,True,0,257.0592956542969,34.063713192527175,1.2462586338958421,209,209,25.0,1.5,22.0,1.5,3.0,False,1.0132274627685547,177.4613494873047,CO,7.090934209695436,7.129456910260411,16.350284805555948,35.550906146418946,34.5045997039375,33.45829326145612,-28.415992357356767,-40.44449889817875,-52.473005439000744,7.951171774744493,-1.5652029753692058,-11.081577725482905,226.86167881719848,284.2241633181272,2.2491037797449724,1.0,2.293342257532311,0.1657525359754659
8939-3702,1-298668,1040,2,0.0248864,10.189077439491854,0.606351,121.53,5.17799,2.53636,True,0,72.38616943359375,54.252028413789496,0.3509380526451916,192,190,305.0,2.5,302.0,0.5,3.0,False,0.0797557532787323,120.32942962646484,CO,1.8171537272162759,1.7018901276240597,21.358121493307433,26.345048968098123,15.910056373306375,-60.775344861931046,26.629688678378585,-32.67410235158355,-91.97789338154568,9.9221734085877,-38.04610068093389,-86.01437477045548,60.09190310180872,139.17981442199957,2.0803718581068935,0.0,12.549647680913836,0.4848627821026972
9499-9101,1-164052,1552,0,0.0273569,10.251806066548681,0.566599,172.242,8.0263,2.80051,True,0,79.33582305908203,57.2442820292911,0.3846309242112837,483,366,352.0,2.5,353.0,1.5,1.0,False,-0.2278151661157608,109.17024230957031,CO,3.0871631869970266,3.530042729277757,13.864601401485453,66.72917176964688,48.20109119798813,14.130719396683805,38.510151601196554,18.339139723447474,-1.8318721543016088,18.334878391634067,1.5448648698189267,-15.245148651996221,142.5421714122187,183.43833185425882,2.038104274248304,3.0,3.9276015801435173,0.43109617048045923
8612-3701,1-94977,1168,0,0.0290337,10.2411478624117,0.609212,160.374,4.53086,3.78501,True,0,84.02911376953125,54.03342826175804,0.40738463966978444,195,100,162.0,5.0,162.0,3.0,0.0,False,0.11875663697719574,126.7030029296875,CO,1.8458027684942393,6.353760383588888,13.941015213513916,17.945522570539865,-8.100432692822007,-86.40785112736812,16.544473550373873,-20.933581964971076,-58.41163748031602,-17.099512235058324,-58.79561106192904,-100.49170988879978,82.61739378505675,164.78843497873837,2.1027869080194956,19.0,2.194136129137342,0.44878902256821573
11759-9102,1-54894,4624,4096,0.022028822,9.984485051959279,0.5036024,103.320656,7.798556,5.0785136,True,0,64.29553985595703,61.854254124539004,0.31171357356491414,440,322,94.0,4.5,98.0,1.5,4.0,False,1.942169427871704,93.7668228149414,CO,2.4309157594061026,4.664621111118423,22.94108122880099,67.8267733403457,43.41200685058897,26.85857852938179,18.96402760345956,23.200389318653826,27.436751033848097,4.218711897136581,9.296734370497614,14.374756843858671,86.04395914881134,134.09066354598679,1.97204920066926,2.0,4.918101745524294,0.4428619171188173
8717-6101,1-121697,2080,0,0.0456332,10.119533010088299,0.523431,162.449,3.93459,1.71699,True,0,129.4785919189453,60.41663801967211,0.627729927731033,173,67,342.0,4.0,347.0,13.0,5.0,False,2.205536365509033,86.00193786621094,CO,2.4698598963512453,11.017502786339591,21.95876365797264,-18.746642236482543,-13.102367073080535,-7.216383928042966,-46.20812814878347,-50.00057413859902,-53.79302012841457,,,,106.2538087569014,148.83042383151516,1.9345082372333369,41.0,1.993079927803506,0.4823169772745144
8945-6101,1-279381,4224,8,0.033343,10.129128942251212,0.519689,28.5351,5.41735,3.77353,True,0,96.00362396240234,60.68872412124889,0.4654387033306793,304,246,212.0,4.0,213.0,1.5,1.0,False,2.281982898712158,87.77818298339844,CO,2.5214443594884557,2.258225869536229,17.566589514736002,9.460211273620834,-17.221260132244797,-89.26646369235608,6.575192252039055,-32.280319351894725,-71.13583095582848,-26.864415268166688,-58.324022912935085,-89.78363055770349,49.27047872620601,109.32722594520826,1.943386586665585,2.0,7.7789337867888495,0.5385409294644964
8245-1902,1-464210,1168,0,0.0253694,9.844267122760417,0.628983,73.0945,3.59485,3.02224,True,0,73.74815368652344,52.50909837634645,0.3575411386379522,94,94,72.0,4.0,71.0,2.5,1.0,False,1.0537337064743042,90.88042449951172,CO,1.2853067622326426,1.3106588606177465,16.030693397942265,50.10698753969981,46.50085920570076,28.46573861427815,13.899617503237467,-4.505212829406206,-22.910043162049895,-8.901258492653191,-21.659041348471792,-34.41682420429039,100.78564287355476,145.91879336803345,1.9584703469471036,2.0,12.231018978032617,0.5709483368719037
11754-3704,1-52986,2336,4096,0.049214877,10.058453888261534,0.6240798,152.28003,2.6847255,1.7885122,True,0,139.04901123046875,52.88944887419017,0.6741286298928476,145,116,157.0,3.0,159.0,1.5,2.0,False,1.0176522731781006,99.98820495605469,CO,1.8098503229533902,4.405427374798949,23.199400032974506,,,,4.046000558931598,-6.16017258470632,-16.36634572834424,2.1075137410891758,-1.8296174518546586,-5.7667486447985,104.96968798734177,167.60575733398835,1.999948771753751,4.0,5.26609521829497,0.5340783989934733
10512-6102,1-77060,1216,0,0.0281608,9.892229324439366,0.599222,31.603,6.58114,2.68824,True,0,81.5882797241211,54.79469372258985,0.39555114228445665,292,231,31.0,6.0,27.0,1.5,4.0,False,1.3534942865371704,94.19575500488281,CO,2.6031774445339293,5.425608501396761,23.946571795058976,41.04847785715116,31.88826402372635,-5.557627998098288,33.65004726202119,3.578707664770948,-26.49263193247931,54.44942128014237,31.1013875107093,7.753353741276226,44.47638659694864,117.07121536061454,1.9740313314606532,1.0,4.413619557860506,0.36482661004954
11831-6101,1-152201,2080,0,0.04569107,10.002876125025228,0.8075181,155.15463,4.253263,3.5517879,True,0,129.63388061523438,37.013686364306636,0.6284827885758589,305,287,260.0,3.5,264.0,1.5,4.0,False,2.811187267303467,76.96208190917969,CO,2.6731025907865233,3.0710026675843474,6.368062698885718,34.888178994994234,40.65545187378106,46.42272475256787,47.0368368981542,47.97624856619779,48.91566023424135,32.85689350230013,32.09131664566122,31.32573978902231,122.5916288037043,144.92372844892952,1.88627680733328,6.0,2.0736102791779207,0.32746520405756074
9195-3704,1-42660,1168,0,0.0261784,9.95123840673314,0.770719,90.6245,5.08068,1.99151,True,0,76.02582550048828,40.565295799381055,0.3685836032028295,189,189,87.0,7.0,89.0,2.0,2.0,False,2.829005718231201,83.96707153320312,CO,1.872655341120552,0.7776974600841924,4.573334464779761,63.58769719870626,69.42686203187883,42.571959232667076,86.6546794486756,59.35368320378917,28.98650972226043,83.85551097848447,53.9691692163429,24.082827454201375,81.77457478433067,118.71988449113785,1.9241090068341726,2.0,5.880608719340113,0.4907014232916569
8609-6103,1-446650,2336,0,0.04788,9.966798077585093,0.765201,126.923,3.51297,4.09045,True,0,135.49179077148438,41.07655938462311,0.656882738440464,205,216,341.0,6.0,335.0,3.0,6.0,False,2.2592780590057373,78.14537811279297,CO,2.307609353659197,5.483722773240512,7.698517968727614,299.67248793910125,585.4418205540579,854.0794027820097,32.095459523373044,33.71446138899931,35.333463254625556,-40.38871128645421,-49.3825513290243,-58.37639137159438,77.88198958053363,113.95001178539053,1.8929032968853625,1.0,1.4038853324779412,0.06390068412361405
8152-1901,1-301273,1168,0,0.0223383,9.563739686520995,0.558377,30.3613,3.30708,1.39463,True,0,65.17446899414062,57.853892462291675,0.3159747422740863,103,103,212.0,5.0,209.0,2.5,3.0,False,0.21300387382507324,75.46868133544922,CO,1.0449537506797852,1.1048275910829208,11.689659051689704,22.4656862301868,-16.389755711258356,-70.31478329357779,-2.8813254040552434,-28.04039679515532,-53.199468186255395,8.45093055793342,0.7944038558031185,-6.8621228463271615,44.32527620569778,103.83037504436311,1.8777667616285896,2.0,10.580527809078184,0.5616890776126445
8081-1901,1-37931,4224,0,0.0270447,9.545864783372844,0.52056,164.785,2.68305,1.22581,True,0,78.45988464355469,60.625427424686954,0.380384254934713,91,103,359.0,11.000000000000004,347.0,5.0,12.0,False,0.34138357639312744,72.83335876464844,CO,1.0205899752025818,1.5519618742505878,9.1430615987775,,,,-34.71470036395989,-58.955128465550686,-81.13879988678113,-50.8474726618226,-65.48951185030543,-80.13155103878827,70.13880810817827,106.7755492544602,1.862330338229953,4.0,5.891292660261069,0.5726586459070535
8615-3703,1-180028,4672,2,0.0182092,9.572155703916785,0.595531,89.6085,4.20993,1.62869,True,0,53.393043518066406,55.074546756370864,0.25885677973635424,185,188,271.0,5.5,275.0,4.0,4.0,False,0.5410959124565125,84.90594482421875,CO,1.0897689227154699,1.5170944754460733,28.025256809127406,0.032369366537690854,-9.449714921665612,-47.8106786200428,27.292284893392406,5.668428785960992,-16.123863816284736,53.950237208899935,35.99949581616864,18.048754423437348,89.78735083351174,119.68210080075059,1.9289380991246055,11.0,18.472980597261156,0.7768636470865771
10217-6103,1-412058,2080,0,0.0470016,9.969789934157381,0.676223,141.232,3.89703,2.9493,True,0,133.14476013183594,48.75420680510278,0.6455040127996157,251,118,73.0,5.0,70.0,3.5,3.0,False,2.3469693660736084,98.27304077148438,CO,2.515548503000486,4.39563853682603,18.110516886170437,-33.049071097538246,-140.56377916567308,-213.24212041565295,-62.64466376007496,-68.52732278807149,-74.40998181606801,-52.96436375214834,-45.93470606114412,-38.90504837013992,96.43872671217324,146.94841681268645,1.9924343942309728,4.0,4.120110590177768,0.4723500039317449
11975-6101,1-270469,2080,0,0.045472242,10.061379977524616,0.6272535,24.4776,3.6521251,1.8036789,True,0,129.0465545654297,52.64344026594829,0.6256353515336857,228,204,206.0,4.5,202.0,0.5,4.0,False,2.1473896503448486,95.81697082519531,CO,2.284898570783497,7.067700525455646,18.919032773574507,49.27400147002311,31.01241182485429,7.959638917515314,41.78549224239507,32.74328961320635,23.70108698401764,47.354705104312735,41.31739150011341,35.28007789591408,89.81348424586737,139.44029379501129,1.9814424368759436,9.0,2.6768299966069686,0.43985413226389874
12490-3703,1-613941,4288,4098,0.039804235,10.069322891700557,0.64523447,103.313866,4.401472,5.1897736,True,0,113.72582244873047,51.23664110989873,0.5513583461857852,176,173,173.0,10.000000000000002,167.0,5.5,6.0,False,2.795295238494873,87.6478042602539,CO,2.42678832270304,1.6963683389087778,10.07208582561272,-24.934754487227146,-86.78235613595903,-147.70288161555465,-29.139826800118385,-40.3276433039508,-51.51545980778322,1.5391377502521921,-0.05923270872190122,-1.6576031676959821,69.11112776049418,123.78854111075711,1.9427410406853753,4.0,5.937440351009963,0.5742018557835967
8555-1902,1-135207,4160,0,0.031485,9.716218767075192,0.755948,109.367,3.59802,1.76859,True,0,90.85598754882812,41.92295081853817,0.4404822577438953,96,83,284.0,6.5,278.0,4.0,6.0,False,0.7339116930961609,66.80048370361328,CO,1.5848639730076903,4.524233188214526,9.342729031279816,63.950329644008484,63.70853410502827,51.05887137215086,51.38231452076852,44.145995121136025,36.909675721503525,26.265197722526775,16.52125499450031,6.77731226647386,88.03929812025754,114.20543288585746,1.8247796072217966,3.0,2.065041442960391,0.23356530628292838
11969-6101,1-364324,2080,4096,0.04438111,9.930172498003467,0.7284981,120.744064,3.5431602,1.1651359,True,0,126.11344909667969,44.360771851289776,0.6114152549398136,164,158,303.0,5.5,296.0,0.5,7.0,False,1.408121109008789,56.95265197753906,CO,2.166342196975601,2.862940445023611,6.930056135919772,19.47395253198295,17.610411215590467,0.7188978534795626,19.409134556078584,13.23162672788609,7.054118899693585,14.928827361862151,2.4282499006717826,-10.072327560518584,60.35065017856447,79.86165740460338,1.755513951635414,6.0,2.4206078571999843,0.3706750806007706
8657-3704,1-107761,2336,0,0.0413812,9.599856882672075,0.75373,124.839,2.73668,2.9536,True,0,118.00941467285156,42.123881679432955,0.5721257873312685,162,91,101.0,12.5,83.0,9.5,18.0,False,1.496212363243103,55.793701171875,CO,1.5657251996737358,3.1011468312907726,4.389133804481807,,,,-12.531145292694232,-18.00885320892608,-23.486561125157937,-15.182024199603395,-16.886169372460646,-18.590314545317895,49.50148501099739,75.56343459013941,1.7465851720432053,17.0,1.4153260207466354,0.3528642761657623
8440-12705,1-216973,4288,0,0.0412467,10.45476866130985,0.462887,2.15529,10.8547,2.91494,True,0,117.64470672607422,64.78235239998844,0.5703576333091983,637,365,184.0,2.0,180.0,0.5,4.0,False,3.526183843612671,137.80397033691406,CO,6.191061002281354,4.059904495525643,22.445346297768786,14.570742586039525,4.720901888138252,-22.404210009821465,-15.650908890553435,-35.15130327831887,-54.65169766608431,-41.26256409874331,-61.54353334353382,-81.8245025883243,203.9295524013728,243.16899663486154,2.1392617304204684,46.0,5.528540467517265,0.7857788786663522
9893-12703,1-324658,1552,0,0.0372185,10.514647350065127,0.433482,16.0897,9.11834,2.84411,True,0,106.66670227050781,66.88880839345671,0.5171347657957979,511,452,204.0,1.5,204.0,0.5,0.0,False,3.3222062587738037,135.47665405273438,CO,4.715410620346455,4.041955680027218,30.757246652765787,17.90083634805267,7.605785799475043,-29.62661883726031,-48.06659270203795,-83.60686338274407,-119.14713406345022,-75.72307903773019,-101.8843779799008,-128.0456769220714,78.25938505138345,142.94200568509504,2.131864462076679,29.0,7.609496265569807,0.7967484469607611
8612-12705,1-95842,4160,0,0.0357928,10.31041501988746,0.418028,29.1903,11.2803,6.0,True,1,102.75563049316406,67.99737853720005,0.49817335474122154,396,456,225.0,1.0,217.0,0.5,8.0,False,3.745229482650757,139.1605682373047,CO,5.619544893487402,5.420603115590598,100.48033272702067,146.891554713703,117.0617854687639,93.30575314639654,23.940595670499786,14.555259291219198,5.16992291193861,-18.40519786189371,9.211070732651626,36.82733932719702,158.57923773667036,228.75615493497386,2.143516193443056,65.0,18.536744082595114,0.9105724620586616
11957-3702,1-151266,1040,4098,0.030019931,10.521633001953239,0.6777685,19.782593,4.3989406,6.0,True,0,86.7806396484375,48.62827025782064,0.4207244135699913,185,66,201.0,2.0,202.0,0.5,1.0,False,-2.1495816707611084,213.86041259765625,CO,1.8507417042642258,9.129457391760678,57.52120852204803,40.90148947289012,35.19680366445482,-93.46382746851728,155.1882000473685,98.6792503899438,42.17030073251908,-7.219162260683235,-92.91627699267869,-178.61339172467416,162.3653614027363,286.5156044445177,2.330130400366101,38.0,6.30061635141217,0.7976330895651491
10507-6104,1-174945,1040,0,0.0322098,10.777457272687794,0.701494,114.255,6.78072,6.0,True,0,92.8668212890625,46.66646639467233,0.4502310548209182,316,315,293.0,1.5,289.0,0.5,4.0,False,-2.653059720993042,244.5022430419922,CO,3.052890718045296,7.017024113320523,32.640351686949955,-12.38108520358614,-51.59777686734768,-154.4639095850988,25.908351893670247,-41.07525164746085,-108.05885518859189,29.477461828616548,-22.3998767592563,-74.27721534712914,196.1372560707048,323.6633683272778,2.3882828476571505,3.0,4.651594630405827,0.4743060470236691
9030-3704,1-269099,1040,0,0.0320821,10.572811214812331,0.640677,170.673,4.3396,6.0,True,0,92.5127944946289,51.59537565130192,0.4485146844867105,185,105,171.0,1.5,170.0,1.0,1.0,False,-2.7761168479919434,219.1683807373047,CO,1.9463743247985288,5.699267013109232,22.302682408367353,52.47483368738042,53.46933535300395,16.253088246972087,81.28906542343411,57.96171302601805,34.63436062860198,50.31689032535321,24.466534286933737,-1.3838217514857625,235.23140474755849,333.2196138608199,2.340777898982857,0.0,3.9132545215143617,0.29659117716442557
9504-3701,1-164336,2336,0,0.0489643,10.14173189476714,0.759598,1.7021,2.72549,6.0,True,1,138.3821258544922,41.590670369378046,0.6708954783527945,148,82,179.0,3.999999999999999,179.0,3.500000000000008,0.0,False,0.2427399754524231,114.7218246459961,CO,1.828518917295758,5.168539125273137,7.895221763864815,30.558620241362757,28.709221572608108,24.852612431544152,29.49614224260299,24.6593639059215,19.822585569240022,-1.8604900398798638,-2.1544722034217805,-2.4484543669637158,155.78000550243894,206.13975404604867,2.0596460458148833,36.0,1.52755383533013,0.41476959974836836
7964-12703,1-179535,2080,0,0.0473295,10.161173274852654,0.751964,15.7547,3.32741,4.72998,True,0,134.02146911621094,42.283341653758555,0.6497544178993822,284,57,188.0,2.5,185.0,4.000000000000005,3.0,False,0.04271914064884186,106.09355926513672,CO,2.161999347662583,7.343616841499708,18.93794707949645,73.39832547189869,45.7236779681845,37.07812138979747,11.712596247750488,10.834827897244335,9.957059546738174,-29.798779425802845,-15.871816482701021,-1.9448535395992135,158.19940772007735,199.99050872396225,2.0256890195232597,39.0,2.578831043100685,0.5469352048439098
7977-3704,1-114956,1168,64,0.0270248,10.056157526974676,0.756417,36.9942,3.93806,3.28839,True,0,78.4040298461914,41.880368840715036,0.38011346323553985,174,174,216.0,3.0,216.0,1.5,0.0,False,1.1679980754852295,96.24014282226562,CO,1.49690962502935,1.6088380127596296,10.913571737989015,17.307537904887255,-29.105831202515795,-105.60911924473102,-27.631210634736437,-69.0659463851119,-110.50068213548737,-48.481045510673496,-74.48902336595765,-100.4970012212418,45.186097419383984,116.7720577601489,1.9833562588338232,1.0,6.783511858517711,0.46204883227176224
10507-3701,1-280132,1168,0,0.0266396,9.92773468900181,0.534859,23.1462,5.26245,1.68614,True,0,77.32230377197266,59.58312959628863,0.37486910723559824,172,105,202.0,4.0,201.0,4.5,1.0,False,1.7133769989013672,113.56816101074219,CO,1.972729933371974,3.7963877445595045,16.241834644286158,14.231801752595972,-21.513551945087002,-95.6815303565042,-0.5939238674689981,-43.6792754139965,-86.76462696052403,32.81104132791679,3.018441735329806,-26.77415785725719,106.12771444955253,174.73099112202232,2.0552565933869555,39.0,4.278233873123701,0.7043426122513171
8999-6102,1-148987,1552,0,0.0235093,10.018342599075824,0.489019,83.151,5.34811,4.10326,True,1,68.49420166015625,62.9059413264651,0.3320692604151924,243,202,91.0,4.5,92.0,1.5,1.0,False,2.0040998458862305,124.3307876586914,CO,1.7759429323190947,3.076376898622968,10.454716421470374,50.17668050514058,41.48215897056846,-32.479919255377645,101.2621037846436,16.280024803436984,-69.0497963429927,90.82374563555808,2.401951459587069,-86.01984271638399,63.744890393493186,157.61613431887147,2.094578684994377,2.0,3.3983860775154247,0.3286643862546198
8547-1901,1-246108,2336,0,0.0446484,9.925251224112328,0.497122,21.6224,3.26669,3.42136,True,0,126.83267211914062,62.322100162276655,0.6149021465503938,79,54,26.0,7.0,18.0,1.0,8.0,False,2.1926019191741943,108.60234832763672,CO,2.008694693114706,4.100451500147188,22.279755589767873,,,,-59.34793666432542,-134.47653451306107,-209.6051323617967,-63.850908330679076,-101.86071916878032,-139.87053000688158,72.4833201302899,141.7115173776432,2.0358392161801566,36.0,5.433488382673988,0.7558189824644177
