plateifu,Vs,eVs,ss,ks,eVg,sg,kg,gas_resid,Vc_star,med_eg
10001-12701,61.18677153420476,3.1891108225944635,47.42554969894256,1.5029580834539802,2.0687503318776077,36.62283495290064,1.32316030233108,11.999157966748268,84.40526303181083,2.77288177004806
10001-12702,93.2009360502163,1.963272159535498,53.70002269946058,0.7464293549655345,0.9121062031975128,23.94944001685593,1.9955986460728727,9.0669046037272,104.10997630868066,5.583097871031927
10001-12703,41.718892751055726,6.2390606955970815,83.26003142964622,1.481428111784844,7.590443879624558,46.98737738373374,0.9992243726266472,19.76281954109661,109.59046769497944,2.2364187532296866
10001-12705,35.83157531044519,3.0233706575504247,58.599289850747425,1.708271476694787,2.907659958475083,40.91698989532996,1.9626795400401087,14.918843523086348,84.55705488977574,2.2572753006202326
10001-6102,46.165057130676225,2.8304915415518184,83.64186620596715,1.7264058784745577,2.8050534127922337,41.95523177290964,2.471959542109765,20.10427253631753,119.20185420800507,1.5720109119573917
10001-9101,67.41868216032191,2.2165485835631724,48.39976143340091,1.2285901085735065,0.7998629615610199,27.858767293962288,1.4907741620019297,6.338226542463568,86.15855370716132,2.453120484797512
10213-12705,89.72562166431119,1.172066370780106,54.83478730352122,1.3161858826531319,0.8057818175820544,24.598742316844874,2.6795314408448414,10.717056098264615,109.58223321147666,2.755186886323913
10213-1902,104.872445529742,5.940343876386344,69.69475475694105,1.9356246331663045,7.715877537988662,37.54487968406346,1.976467194903,15.067091888373861,142.8294551394794,0.7984321771824451
10213-6103,160.3999227398506,3.6703185224638344,88.87058069480871,2.5865764822572506,,,3.6090210939197664,20.963883604945202,214.84148768954145,5.9813861922085385
10213-9101,122.00673516432958,2.137185341113857,64.690583754957,2.2067854947812116,1.8662264032765195,37.22356798042848,2.006146423292792,21.309909501817735,155.3085877486063,2.13242716795084
10214-12701,128.22372620893805,2.126097943871875,66.4622824711233,1.4424141784907247,1.7106931422542213,26.81678696022311,1.4514475518467922,14.364834991398862,151.039088795053,2.1938376970147053
10214-12703,281.4011626572708,0.5382480793519414,89.24280359045277,2.232983316608067,3.482417509635065,86.06659082449468,3.3913020288630342,19.59281986575376,311.40121103065127,7.68899209604422
10214-3702,230.06495111877297,1.6514020426356137,136.24217751700564,2.200872789324947,10.439918240716807,194.13306958652217,2.0439245887253756,37.753925555024196,306.23900869177186,10.477776193375004
10214-6101,29.597947150914596,1.380925054404405,69.03017304442169,0.9371752399312654,0.9179323092052804,34.86481383647803,1.2383769016128239,8.260719659469235,73.08784393753385,3.3577552240103383
10214-6104,94.81100507840634,1.5866430854342835,52.73420295875003,1.1641102396157434,0.9230411161216459,22.286709608973798,1.460016839972306,9.014957835868575,110.57303641084675,3.042396961238325
10214-9102,53.76620978612158,9.258410760484649,132.3720794612147,1.9908083360122752,17.864547691630783,58.75681933434434,3.539818969267717,43.31021651775345,194.3565806525091,8.246207319138195
10215-12701,29.893603619118384,6.306196795530049,177.55048128795102,1.3829844483126852,26.00280750381846,114.81785920728348,1.9535321186502101,47.18014410668728,210.92906177947754,6.320930250390871
10215-12702,131.70496555675155,1.7568485005947005,53.81601354305543,0.8568423443632089,0.8551926743847444,23.24559565063967,1.7901691277245426,4.677136301515724,140.81105537437637,1.8075082855430962
10215-12703,60.07951476732757,1.4111739373396621,51.27155327401695,0.9432645256903505,0.5993634782893069,22.582363989100674,0.40506089510310916,7.409674938017422,78.0331700855467,2.155752599284067
10215-12704,56.27370854568837,1.4916790058325935,60.85175458835431,2.248870396466156,2.931514125558406,70.55516589885457,0.5410702967508434,22.582367944982018,107.2107900630137,5.978523521216524
10215-3701,40.81438131071644,2.036978072012156,45.19737110640841,0.4889337888950491,0.49020548006372566,17.05733583642901,1.1591402613233774,2.828147571130057,51.619849061542304,0.804209211972061
10215-6102,4.264420550261428,2.1233259476752857,63.5569548235265,1.4863558008826698,2.2994395001189627,57.788501355741474,0.7299610754055106,14.36105480605101,77.60347597925973,1.349065532838488
10215-6103,30.193460242548376,2.3071520801566088,53.155851936627435,1.4603300427016208,2.068446377541775,49.639190799984014,1.011867711782534,7.044075062892165,70.97797334841782,3.6195360165998203
10215-6104,99.09386406216693,2.8248055679259783,98.618393348661,1.5576972817426298,2.6288562553870354,41.031473644208006,2.2442135189785355,9.237513625166416,158.0161862508492,1.3020261416998795
10215-9101,103.7385929766549,2.0617658778977628,43.91716155717235,0.6921568683172479,1.5512179870100078,30.31863265540982,1.6956717470100875,8.026293878248074,109.98486462332885,3.1974911128209813
10215-9102,107.51769640173144,2.3399909972287354,76.91744146134472,1.8182380755733316,4.204555096809474,92.89520859460112,2.516777173046781,18.806392009011766,149.38970472050494,4.370706236049186
10216-12701,2.656526399293898,2.9994731833066086,53.85138643941221,1.67544003717546,4.85111694970628,38.624327611166,2.056296709932835,14.350169379683564,69.75518639386567,2.3832394396751164
10216-12702,8.240496543605545,4.236153473628858,93.8783846387949,1.2922668837862736,4.51610298630914,61.702820162128944,1.4577715704934051,20.387296801869933,107.03667172846717,2.850032500058923
10216-3704,122.4603170369424,1.8697438202004322,108.87025730821235,2.1727800662408217,4.534093280659744,150.63699137551654,2.6369463526597867,15.323835620453925,201.86607214104058,6.944683442805794
10216-6101,206.25330753582114,1.1810838250575781,72.99032121374218,2.42893674209561,1.6023928773284621,59.39779057529745,1.4225885137388794,12.473651478498255,235.54362368431418,4.261874685910642
10216-6103,2.43145778260293,3.4046431606296808,95.72995419518173,1.663985318931081,4.05903897483319,74.99465629400659,1.8436955074654913,16.291334050890125,123.51132093461969,3.8895025369486245
10216-9102,28.64314842447931,3.7109196115210463,91.63277494220571,2.706296562893628,3.154796549100081,67.64414011930765,3.679189100587518,16.62238061320801,153.44062744859002,7.925235594622439
10217-12701,130.80519723937599,1.8008905273029974,58.53517271722251,0.6600291880126101,1.050053114826366,28.196601167943626,1.5790345853409482,9.063660619333671,139.18154147509003,2.343938594880083
10217-12702,106.48095926149166,5.134834536796061,74.04127269463117,0.9485093381634031,6.43124906819366,43.94926643528353,1.5284301314138768,15.16941335035077,128.60026155541962,3.1747567056912454
10217-3701,37.65559971159982,3.5721021556657973,95.54989647299942,2.141749480970078,3.1299969518647703,74.63028550006752,2.6166252435721873,9.660009145802434,144.815923098963,2.9337339853899507
10217-3702,157.98906992442917,2.9032245265546983,132.96902312112394,1.4875721395281798,7.839137147792909,107.02956939578087,2.1036065752898656,26.861338900138872,226.4110285479865,6.272235622139305
10217-3704,157.63233573812556,3.134210723400671,130.91098709326235,2.3329783778214273,8.413045625938725,90.13496024131061,2.8367780775769544,32.82167534112928,254.61697786675552,4.3867692811651455
10217-6103,96.43872671217324,2.159052661285676,71.76239360258127,2.3871433837006757,5.970837034076762,64.64190410260281,1.3316171756407873,18.110516886170437,146.94841681268645,4.39563853682603
10218-12701,90.83933782719637,2.5627166176463434,58.424484225432735,1.5014143889371088,1.1312414028340037,32.22009956911166,2.1346714597815266,8.895931516734334,115.65787364631048,2.7657445623720363
10218-12703,124.86122930386823,6.605398754747599,139.76505177498922,1.1585960126973933,7.221323170622123,78.14284155441439,0.34494870447622294,57.014913718051766,195.5061471308353,2.3771429903881307
10218-12704,40.41727015943094,1.7199012931413715,57.65907800420924,1.1690164889682517,0.9471487401933013,37.466832514959535,0.25874641135523113,10.374653987647147,74.2969180373392,1.9166397009554457
10218-1902,82.59511026961586,3.0413060142425112,137.2480880881339,1.8167752638381645,4.353120534584003,79.74284396887231,1.7633035911447514,18.137799554502152,202.59470957666366,5.024247890539527
10218-3701,96.1580549238062,3.126021802226753,63.50339994856872,1.9059221973470484,2.419070703507765,40.62586727742513,2.4225915735466925,11.062611435579743,130.12436087746954,1.3832321460427426
10218-3703,224.3531372290801,1.494488605064904,74.8748839414517,2.440680469820837,2.443941272660674,39.004972937883245,3.3251762549112804,12.757804975913858,253.0165820369672,1.2699082809062212
10218-3704,76.99097589114598,0.8089621028286021,56.73553281876528,2.1326006565071784,0.7793341248603303,35.62996301103874,1.5593462695944509,4.861845785530091,113.10297402412871,0.3895917550332711
10218-6102,202.04305848003597,1.5694852558700656,80.12867115529798,1.6896203875380449,2.1436186063845075,43.49660096124987,0.6732172125953926,16.119435720088987,227.30987835811354,4.101295951863715
10218-6103,45.08426487859514,3.139517078243428,87.61295546176865,1.3152756931107348,2.7973963230473373,39.128859243377256,1.6027174887563476,8.634099574460288,110.13031631600448,1.6971101309684467
10218-6104,49.17846147972242,4.03208323228055,75.53224927938425,1.357710634851541,3.147028341767042,43.10638481107418,1.802112835016613,12.214686955128627,100.81876856763022,4.361971998933959
10218-9102,37.65400353400398,1.1892301108742773,31.455774652236332,0.7062988444119,0.5623493881976194,23.23224356691601,1.5970767079981205,11.305264596258823,46.00741792674356,3.7882533558586386
10219-12701,7.5140739302515875,1.0189832459898296,44.52811183256062,2.4737711659969825,0.562612766136903,20.407028772800658,1.347773083872401,8.72209765439364,70.43676506546059,2.641685482612736
10219-12705,13.574212349022622,5.194850091779463,49.53690528651333,1.738022540227791,2.7138290468708397,26.580276522661755,0.5879829571384789,12.565071336226655,66.70233441970426,3.079722643411277
10219-9101,29.45493395019791,2.224313540366979,54.35215377807617,0.7620051016394866,1.1260755871498476,21.505428993450245,1.3166871854351738,9.50862488923649,55.84510318490873,2.905060465966822
10219-9102,96.17277965460926,1.794231311629484,56.53184494437709,1.5495483298024508,1.446274740950594,21.3913818135467,1.459485276444323,12.04015772412593,119.16931983688445,1.0040596118521659
10220-12701,110.09304852071486,1.4996462142455211,69.61397701302438,1.436606550876424,1.7263429308760738,43.201752414515695,0.9277164745149098,17.109051637553343,138.13915688442717,3.5190656665363482
10220-12702,78.89152029265506,5.043339633087798,94.82363153905939,1.0273881656929023,5.11170803388731,47.81027334731262,0.8257218670708586,16.60273241528682,124.34490074792751,2.56478035647155
10220-12703,41.176306920239206,1.4573918366705068,61.54765168359555,0.2269298601148677,0.45785576933262173,22.17986514629308,0.4630446400468291,25.735680353604515,50.54823737630966,3.318729939819163
10220-12704,63.141732314460036,4.286414269044597,58.14489314205042,1.5398841685122946,2.492620871348902,43.79456875382664,1.6544879436570041,12.949743493874053,95.87993948139203,4.374086410288065
10220-12705,65.1005224815708,1.3166679892296018,48.473441145247975,1.4652648723830242,1.1698641720246283,25.090989558088616,1.8464108615862171,14.724571181191177,87.64116343689922,1.4800779637057337
10220-1901,15.517562001638485,1.5971462840108301,105.72267481633627,1.423870847619025,2.6313428247706767,61.47447762542699,2.329409502241986,7.924033324446697,127.10548190921541,4.29031466291212
10220-6103,144.39588137442752,4.345648680065009,95.54707320093728,1.9153540539987044,4.3546061249101795,44.224043799454854,2.2121934229082383,22.923756243944347,195.7955656436577,2.1194162422101472
10220-9101,100.1258138726839,1.4654137085438637,60.43066483798566,2.385506840107242,1.5927632675473986,30.991462397019028,3.0900704260231375,13.041370627953697,136.88216882880897,2.7677487394830673
10220-9102,58.195305187797366,1.5471214966720679,46.33693821595393,0.16384422122846076,1.0399400357441562,24.67898140703936,0.7576380356494443,9.72079010502519,61.1431550849738,2.140375506541422
10221-12701,11.767836097552962,4.135142064308438,61.721465112026834,0.9255808318270791,3.8919608340302365,53.122213562368714,0.9797636663524045,23.582746059660064,60.53526641117577,4.41591019587157
10221-12703,57.524028151830024,1.244100431121766,45.96257451066842,1.2837302417801097,0.3479389676530476,20.15296100637184,0.821300551099112,7.130133851425212,77.59490147626366,2.461589503785051
10221-12705,51.35520047387091,1.5653822981322174,50.29708992562224,1.5456542802128665,0.6500829015058673,16.511766668892157,1.5560435210561265,6.927359523355323,80.91692388463332,2.6753740021108823
10221-1902,4.359307854507433,1.8651190077376487,51.7034969329834,0.9610107219458659,1.786135740344038,32.453119170989034,1.1356322336262794,8.195559676504717,50.87265483852224,0.5513463980456397
10221-3701,21.870710297211776,2.0729252143706898,83.00447374786737,1.6466807631304752,3.150186955984028,97.63659947276017,2.410367703528605,12.65722272644119,108.73607806796899,6.334812835309572
10221-3704,82.07904313262247,2.8396049703858073,43.45329604954061,1.5198626552795576,1.157754988212572,28.539481990278098,1.5865551437362688,3.081226706342626,98.01406620424459,2.169680986598359
10221-6102,96.82490394474746,3.475899571795661,91.95436776778973,2.3567462534985566,3.8711197633447063,62.709638299289615,2.6794143658207026,16.285892912269702,171.1805456235967,2.1559907486977106
10222-12701,136.40498937437536,1.485144480581254,83.64609880567258,2.141356275759917,2.133316285705246,57.63082405683952,2.1895805052658104,28.595915191572885,183.27215830318792,4.221861325541262
10222-12702,101.07627894217474,5.077669223588779,71.43877409512235,1.8735092426404507,3.8338343851155234,32.746877814979236,1.9331473109543276,30.82310715497254,140.63379988406865,2.146076308545055
10222-12703,29.763049127696938,3.7299446690274936,59.67859016971272,1.3124323433828282,2.1050350856987543,36.79931892225791,1.649610467089424,10.408576796800796,74.56615633531632,3.868197350337634
10222-12705,17.912852273766557,2.9706556379236178,39.198873476899166,1.1609819006766637,2.378347103176657,28.60242949755269,1.4615188020135275,31.45830009815709,45.87787014098573,2.519857811544214
10222-1902,8.008318097915012,3.5604844811626006,56.061514209693115,0.9689070190211284,2.8463497441861727,57.574391171321324,1.2813421897053656,13.535158405185562,55.761138889897886,3.318652054321073
10222-3701,196.73473468195786,2.6322943397251315,58.388359740687996,1.6177730348572972,2.3004902869049384,40.32949035233216,1.7860902680108106,13.123647164187606,210.28520764851916,2.8926897216751213
10222-3704,240.50209476800268,2.2666009282662203,114.32739132383495,1.2806810241111246,3.121017313112234,59.500567881619574,2.4481438904168984,23.985874733122493,273.09471281258084,4.350949517500715
10222-6101,218.95023109817203,1.432464253330934,105.98005353759905,1.7350372036096755,1.5926964466918687,36.50198294238997,2.1940206761190035,12.927141724231282,259.66660459690263,0.6737190258182126
10222-6103,129.61575417884785,1.4047587068873635,46.693586238152626,1.3860641980892132,0.6314731760148778,31.963964247948148,2.4360224332080502,8.967836216950271,140.79157297941583,3.3303689063422643
10222-9101,38.018251585413594,2.1301404932839425,38.79385497356731,0.5358767327688874,0.8211089910064552,23.736168932680883,1.779390486306843,3.728505789341861,47.453790232560706,1.7315756083782183
10223-12702,27.79836580397216,2.383988673315087,74.22829454710016,1.4925661601678382,0.9914723500735674,27.26093665141569,1.5381691281539123,7.660889328913415,94.85014202684582,3.314943327560421
10223-12703,78.16997625331888,3.0549331636269237,59.39742971623675,1.3332916636071783,2.0817019704309896,29.40665586522416,1.4265015047862264,12.406056038261916,103.99264902017548,2.3413091386307663
10223-1902,52.14023227243459,1.4370407463976784,54.27769433580528,0.7417487355989489,1.2707356114476585,23.304282533090323,1.8534943414465412,4.604214180588658,70.02746683534443,0.5447954143318595
10223-3701,175.58681644855767,1.4154251875742754,190.00493996151314,1.6372154164280186,2.3423143400909026,105.6128388047415,2.507523312701026,17.136098957536564,299.8954485156114,2.5753117972379997
10223-3703,155.71813435928217,0.9878164294191969,69.36838136062303,2.31141099651788,1.2366705717580804,37.149136056136655,2.928800250660821,6.279849927664539,188.070686532565,3.03448824435993
10223-9102,68.10232368302628,2.969754203227347,59.287776565436154,1.4543973844412836,2.9906155745055645,18.485508769902392,1.074754992643718,7.707993439040503,98.7430611628953,4.237619999681575
10224-12703,118.108847644383,4.486576525050619,74.25413081156219,1.5151893485680246,3.8199364083527763,30.95159846535472,1.3868370804753218,37.2668277069064,149.34511358440204,3.7401185775221033
10224-3702,42.6189468910004,1.6420660922779928,101.96660623439763,1.773973840620377,2.148625833358349,83.81130198203691,1.5775004479475787,21.297723475775065,142.34014036159198,1.7610920955982208
10224-3703,96.91655859859551,1.6723215400088538,48.97390870333163,0.9970387045190576,1.1407572554201753,28.467042399909637,1.7110748416500603,5.534940500585401,108.5548735142159,2.332806883876571
10224-3704,114.31390560906065,1.5549532054284843,126.9707491593013,2.0833879741601287,5.6639895203329935,81.79506158414196,2.411962833894528,14.63925182916141,215.99804734664067,7.96811669187534
10224-6101,125.4448240148196,1.54907061751077,48.82445385606038,1.0193291873697283,0.5575459742990844,25.46532580150115,1.1663167430912758,5.57039899603351,134.78244919454852,1.237001047283091
10224-6103,43.719808904669804,1.627456469175037,59.5622349451831,1.4209863599965216,1.521208861649608,26.181949188388664,1.7314958966543,10.648671435882147,83.3822398437739,1.1994675748617976
10224-6104,32.21905327107611,1.3852779011022127,60.87951133560195,0.9532764102923816,0.9002006557903012,29.34635575618144,0.9576474994580415,5.903911776526038,67.6107236864813,2.1774531983924983
10224-9101,149.24195474018006,1.6309470026654806,76.3362006693075,1.764682736563108,1.1852695135621103,38.272348005329015,1.885868827252621,9.921126552413416,180.433776514613,1.5155625755166684
10224-9102,123.3336837438309,2.647675019278857,55.65248535830084,1.80330585434589,1.520628178867432,33.082537462860174,1.8597699479526595,7.8345227744549435,144.20955191254325,3.2711081330355434
10225-12701,55.83458524306355,1.70851871156553,46.95521304802669,0.0,1.645509171112833,10.583936518271368,0.0,14.13172319938283,55.83458524306355,5.972826218800654
10225-12703,4.292067074631684,0.9792496814699021,47.83010662692061,1.5190985569990962,0.7514637932366738,17.325347877324727,1.8217267241683484,7.425568725184505,59.107466730652604,2.1432154506478445
10225-3701,95.52401643974677,2.894259949266081,67.38695393717884,1.6780877826130762,2.6676110263733976,34.729650443055775,1.0756080353753528,8.776249044964835,129.40261572706717,2.4177057969817355
10225-6101,13.617604628593437,5.783867494420864,,1.1779999999999997,1.3129091257632919,36.71019570065139,0.7728316379529345,6.2967559606516135,,2.858553270893068
10226-12704,166.67977709939365,2.0205186640421093,74.80434140717017,2.104752988500258,1.6962436905393483,37.793955770742734,2.4695045932047943,4.993592627022336,198.89618467374757,4.816221972320929
10226-3703,16.491386425941563,2.633670774901642,74.73205133345346,1.639346764844905,2.8539676685778668,50.22814892116057,0.9612404865028465,15.079408121092161,97.09541678624875,1.0973045692737369
10226-6104,75.31781296646233,2.164634486212711,69.40811698172021,2.8132838187620965,3.913883168214979,72.3591101321037,1.8200391448533928,34.52181087042195,138.65687988180252,5.312643785812167
10226-9102,134.6965444793235,1.8876066813593833,163.9756896563625,1.8317445670537689,6.355685673667132,62.58087072362319,1.8719220797687703,34.33664831763879,259.6057705468339,5.08031007751938
10492-12701,215.53388663393477,2.4324988482194665,66.8500526115446,1.9956339355608694,1.592732921332218,23.934350660514834,3.756985224094147,15.46775853667981,235.31511579484712,3.479604501420827
10492-12702,116.20612999434135,1.0157556471041413,57.93389580322088,2.2346157518301286,0.591544096722452,34.69776247672674,2.71507077339062,6.793786275173423,144.9275217981561,3.2615184669550166
10492-12703,19.11922078212966,5.498708641659547,144.52170813908802,1.1243146905989392,4.722508149798426,115.50223163903672,2.62733494174324,55.57399880056619,154.42982390344247,7.613110015751393
10492-12704,144.09220060298549,0.884057204347901,55.534961683721846,0.9299266500225454,0.5802838185049195,24.984647005491695,1.3090180626986019,7.552453826958323,153.7224082070281,1.600290667566882
10492-12705,290.93521397222526,1.7058786860727628,69.66729044983055,3.338816824700285,10.525975412171736,37.29436578871056,3.380766815586864,51.67951281892,317.56629369068577,7.755308459525856
10492-3704,128.3888139250597,2.1154441046216483,76.86675973705795,2.5490658844669456,1.9223791739370926,56.658930272537226,2.377795892805371,9.689255102071227,177.60867135202633,3.2328400874087957
10492-6101,54.86470171773897,2.9804159767437777,51.921875611970435,0.8776301466997984,4.234343423626523,64.955309637023,0.6170421069982364,9.308636022967857,73.32204360704145,10.011595657792812
10492-6102,241.5626485659583,1.5974405462788535,106.17936964190602,2.209478621006209,1.8549491595937142,60.266591243401415,3.6848633697161697,16.43615109784517,288.552082808105,4.175944125836694
10492-6103,53.835818054915364,3.3015240221312387,76.48904475846427,1.9535227412947886,3.9244652979218673,107.59258277423845,1.2920903153476424,20.57008743776683,119.69763824687205,5.486213465354094
10492-9101,21.671339489283415,1.59805114046708,52.014489066055276,2.0755718230602476,5.173231511535008,50.482376332708725,2.232530909814301,26.89591496863205,78.00718686543851,3.540573676139461
10492-9102,94.4950532809162,0.8868612909596654,64.03202535946842,2.008390956663745,0.862980824280854,27.15500072989834,2.253588392819756,12.674077542676816,131.01114228007748,2.0484643066631865
10493-12701,171.30039871435932,2.129815408927844,106.1858055843507,1.8514944398328832,2.9330490346106415,50.11322922295571,2.4256765882993157,17.038979813220244,224.09866992792766,2.5005912782284287
10493-12702,48.00020766154348,3.037682583790063,67.26009897514642,0.8759647152853276,3.7563749785496654,22.264340059090312,1.8168860361115935,13.39719648597441,79.16321766505558,2.897094685370194
10493-12703,56.14424384960918,0.9197912603760711,55.711400775942046,1.264007988953094,2.06783404126032,22.10991804102017,1.6712940363468953,13.81727671025375,84.11512216142074,2.9412546090453593
10493-12704,95.5737380650029,2.910727769505692,69.46185025770893,1.2718727469317135,5.711334753132101,36.204892682822916,1.0755333118003017,18.377961170685253,123.57613074472057,3.9802558921947107
10493-12705,81.43276558645637,1.6523632200426366,47.36664064867057,0.0,0.8793689961293636,22.194767833017487,1.2754780020149186,10.350635640404771,81.43276558645637,3.973567716543296
10493-9101,31.376079310627173,1.7217990485281427,58.41361902809322,1.1559190307108895,1.043184488222061,24.053686642368557,1.9847063076811673,9.55474146371724,70.20419146999618,3.6733239115732474
10493-9102,18.466066481716904,2.715959799994196,55.603782653808594,1.214513813988648,0.8245088780495127,24.80943098099305,1.276118109318577,7.094315357900854,64.00004621078631,2.6955605175739983
10494-12704,3.8154580492843264,3.296915591637331,298.30456469029946,0.8324663812253488,54.50218906088791,136.11520932275778,4.0,144.12081219425232,272.1986208959178,10.444624013647939
10494-3704,32.036382033388634,3.854370796987528,45.30269137489564,1.0756466728770633,2.173300826925782,44.64968867068802,0.4241804970364462,11.551734492789931,56.86752893054798,3.6901520498834786
10494-9102,83.12162107423191,2.0741978702045394,58.84686216031417,2.0110096484183195,1.5846161015176456,31.99023009509673,1.9137296434219855,13.07604342352251,117.7847025691641,3.0706613754674366
10495-12701,267.2420831227117,2.956413749949886,70.22868916318231,2.2466224475095165,1.125568577979064,38.81137097939457,2.1146749735872175,9.3706160346335,287.2260911357503,4.570531814309672
10495-12704,140.68245260496326,2.56843139545407,69.03350929010813,1.4903545664815778,3.2053163401139044,41.65603616748336,1.4405413801966438,19.39070344513055,163.99397566768164,3.513365218514156
10495-12705,13.08107313794549,3.084014339902718,70.86806041501322,1.4154293753613374,2.2137054396057843,49.18565574122755,1.6630529519697577,11.971822813392409,85.32174359545354,2.459077747267502
10495-1901,67.37254701590369,7.351727896670658,71.7609750187034,1.1391438010041626,7.3371227408294555,40.92430318655776,1.8261768101849327,14.819858697337441,102.00606730752385,1.426934453261459
10495-3702,99.2502886171451,2.429320381672245,53.007983401401795,0.6986137703728232,0.7058666792294819,26.472541004142087,0.9817905019537903,4.298813606347933,108.69046467556431,0.8404157569312274
10495-6101,268.2294446110805,2.397052684403652,116.43691580228318,2.369116327464193,61.36030699058491,186.6914683717423,3.1182979107440802,70.6158145624037,322.59333645305156,8.192469288322517
10495-6102,42.10219024275307,2.3221267466277404,111.03156758119374,2.218263145400017,3.8267775155044834,51.454330673554196,2.3962639969383046,16.016196479469823,170.64396398076923,6.290348847886325
10495-6103,133.90268097693732,2.373584043583127,97.74518305089973,1.7340559558181812,1.9131051603366227,41.90923800011191,2.3433424709895756,7.378649751197967,185.73450962435123,2.6256058777184363
10496-12701,107.60700810202208,4.879922486146202,96.00655526129488,1.6590164251475081,8.12816587307036,60.91787421455473,1.4721471871621405,24.981247664172194,163.92331040172724,3.5795222565447977
10496-12702,141.29788508641167,2.5865315362503276,88.2325249486477,1.9834748927932466,4.333261687035657,34.251987983639026,1.9034218848052697,31.399093240582282,188.16588862991642,4.197629308697182
10496-12705,34.02574878688891,2.5396649856788085,65.18347763556912,1.3941645147458266,1.9296986499681497,34.04418148264152,1.3953084655856405,14.384960824940581,84.15103879134357,1.3081657391916994
10496-1901,124.14285402730457,3.291066497848175,149.77486616650825,1.120175657897347,6.628906716269652,57.050221300119695,3.107693846937288,21.71858282102277,201.34497871339227,5.961732852413344
10496-3702,92.15519773739723,3.908278190988781,109.59004193305911,1.3094054831868163,3.8742186083694516,52.287654088016666,1.6784916713445357,18.448521964884613,155.62297577047818,3.4100828770351743
10496-6101,9.781579948391139,4.7914626298147756,87.69350693007021,1.7070958159385503,3.970275896266837,48.57696300623611,1.7842741549119667,23.48847371166027,114.99349621401055,2.2120914354155277
10496-6102,59.79904632390271,1.6504789774512958,68.58553844392483,1.2938487481209746,1.460196050996525,27.866196905633927,1.4029856895803903,9.431155022061692,98.29628430546538,1.3004712716847042
10496-6103,61.529057291518626,3.773634533603736,62.90723603469766,0.429570048471836,1.2686260178280544,31.362564883645543,1.42277270977717,6.703136591069869,74.06599208698152,4.264497775302164
10496-9102,34.56649306905092,3.455429647902316,38.455539322097174,1.231044628570347,1.1704775623930834,30.112631542784502,1.1563659958809969,5.910956276705656,54.91216923597064,3.2744841608855313
10497-12703,25.611961747192023,2.3710929003423717,36.31671956430502,1.5433739830285487,1.459299420200759,26.113157111463448,2.036010666011509,9.367702024058723,51.880004715897556,3.9808366068476153
10497-12705,4.807836389548299,5.135898452160743,47.333315866547636,1.531325972778924,3.148946571137161,36.058246144793586,1.7711861475614255,12.243338018936573,58.77043071999209,2.521794462196979
10497-3701,8.940728025016192,3.3142961579931103,53.36433852766947,0.5795878250343232,1.2643718234518757,27.222376935452605,1.5849067012048668,3.2677362882320633,41.59879047092281,3.225026977850425
10497-6103,32.11927104208209,3.509594375610552,45.11083276717369,1.0909301290569036,4.471461413653664,35.2278514792193,2.888296979965424,14.95509610516174,57.023472859373875,4.727058765065954
10497-6104,14.303651532991543,2.7715367874703944,52.03857965089692,1.0991086546505398,1.3390589269969726,28.60130762340963,1.5692291950851667,5.025876931529907,56.40031756104081,3.792340309406261
10498-12704,116.99573663120341,1.082740227623647,43.06012775668128,1.3182040455743738,0.5293312227414573,16.445339227324585,1.55229855456939,3.866093094574416,127.01253029520934,2.2728958257617844
10498-12705,116.54483961387409,1.3805497221333225,64.0818721887309,1.298166574598024,1.3001198200446336,28.310491285185677,1.2131949957080324,13.882084021980052,137.5267354023421,0.870035479946026
10498-1902,102.97783495210014,4.62277494219438,188.4794278222662,1.8233503049330682,7.581491492498499,82.8181974079237,4.0,25.80162978671907,274.55060145175634,7.085953749269566
10498-3704,28.42703264129116,2.344303220020449,60.94784153813369,1.6755618434365989,3.139561759688395,42.633043164480874,1.8809565102621142,10.00797749626659,83.85823874678228,1.78269360902681
10498-6101,72.30095178933479,8.994949729362189,139.71826056754128,1.4985206910937574,18.723701129272765,269.60017801313097,1.2721840630740118,317.7672145952508,185.68882104205844,2.240449689628573
10498-6104,73.95167369399427,3.324224938406581,87.55169607603388,1.5688788056559364,3.762189260244592,47.3506294737157,2.917472101520672,14.88299042881826,132.26781900524634,3.6477985088363707
10499-12701,71.85565696310243,1.4194349742265402,63.37994543301346,0.7209876202354988,1.40438574527578,33.58095597022633,4.0,14.784271179197916,89.77446916121406,3.6768729920070413
10499-12704,100.19545046997939,3.16436664741715,79.05143937134274,1.796648867298269,2.8227952254958324,39.52879118029542,2.3435059968767087,14.720561581518842,145.83079493297774,3.8078771486961625
10499-12705,68.11633340755162,1.2542828471597365,65.56913411693805,1.0771229440227685,0.3485075978492159,27.67058150141554,1.779035369664065,6.7932397850990585,96.28458741785816,1.7326806204845406
10499-1902,,,,1.178,,,1.178,9.933647745098252,,1.7564968463655284
10499-3702,1.0015042608991946,3.430417084709525,73.26852423956734,1.2539715545736532,2.3719138129100847,59.24624346935998,1.3152739611338737,17.160354284561826,82.05284406861693,1.6185321837757805
10499-3703,38.28184477075253,2.372343979792227,73.43302039823831,1.5287345561946184,2.5792580057361367,43.85871230960477,1.992216718734249,10.315925418221735,98.53456668040498,1.8969456289418238
10499-3704,127.39014307779473,1.2074668869398413,63.61101334105827,1.655759661144665,1.978402872498589,35.95233661019062,1.7320840063424638,11.505692452096065,151.4201106256073,0.9756678242741363
10499-6102,68.21239338270725,2.023806961799554,81.11918945232713,2.177551072258554,16.106142524686142,59.129127751549774,1.6789692968242438,79.9299855409185,137.77488810390528,4.282736276466331
10499-6103,53.21324521433663,1.6681420710928778,64.47239525105752,0.8285129638555582,1.1502228272799295,26.06474039597898,1.2905433018892272,7.275737992316159,79.21818484635736,1.1537969391940726
10499-6104,17.83990511817973,5.30526686915663,172.33427717862315,2.127939868683928,,140.6291389830606,1.7465972086773038,39.380021146026486,252.02414119570872,11.954588793210897
10499-9102,200.69658970897217,3.111304710472916,160.9288711036713,2.0977367206513455,6.0776829994721115,75.80534595398915,3.107943078504414,26.890759082260054,307.581728565381,6.939901868391593
10500-12701,10.011336446232116,11.934795488362468,149.7623015491474,1.669886011211712,14.348554254447057,76.96094095941763,0.7308618575243793,34.087970880578816,193.78771288138347,6.12309047471463
10500-12704,133.52278879439257,3.5932176967462204,81.65197688435697,1.7607328039485428,4.042232195979954,46.266404410710464,2.057844450190621,46.52165531399643,171.95121559277135,2.2795817030411705
10500-3702,125.65471773749992,1.8267217739802055,89.58482981369662,2.4349686831009016,5.5317539950490655,93.30514626067132,1.9060468642995971,15.103803885826036,187.9649099619011,6.060725267111798
10500-6101,98.6154662043074,2.5336513603013615,77.43313662785815,1.3557944401668904,2.8043546368081684,44.43326622604159,1.1492313688861842,18.33355088780497,133.6196294678991,2.6423682468849967
10500-6102,45.31537233109253,3.27970248309881,58.22160110928067,0.6677487831674538,1.4197556559906441,23.433798513000156,2.310868988646589,8.199832200647505,65.70378707729897,5.282149491920831
10500-6104,115.10200883081883,3.776614629670334,71.98799383690657,1.6814457160519032,1.5723642780224143,30.425039594115383,2.6537920598130196,11.57849426934428,148.19642452105236,2.002641699876002
10501-12702,41.99455941339802,2.4264198900498655,50.45856451956757,1.128230598892832,0.743498466784525,22.743609634860906,1.5154693616883654,5.9955121762696235,68.08886410965172,2.7281688075349657
10501-12703,38.86961021560386,1.404419765266389,36.48377753604632,2.659570589877892,0.7272465146735064,23.852169579003505,1.4983950321482293,7.554057441173552,71.06975901933696,2.444142824328789
10501-12704,180.82869086681447,1.7746673551459684,50.01264022534824,0.7571014364963635,0.52457784854894,28.225169174536912,1.9423542547742718,4.095690876215009,185.99119910923162,1.8416490809571553
10501-1901,42.128952532987306,2.5851763689436718,86.84295502776858,1.3408774723600319,4.122509722303689,69.03254096091345,1.4228909237941394,18.800665501020234,109.02909114848403,3.029372833291672
10501-1902,84.67762364030997,2.208685601708137,110.05813135505306,2.0381939594154153,3.669721128017778,97.57159558046294,1.9098579441945986,6.29736111003637,178.48955150582705,2.074503120938153
10501-3701,,,,1.178,,,1.178,9.71802232739752,,4.74980870733742
10501-3703,116.67464411987656,1.3571142760752608,34.85749269409975,0.963059487349422,0.5773993502612933,27.012763294239686,1.889416445569923,4.148899183718477,121.58590789942497,2.090289451753007
10501-6102,92.29316885707593,1.779041440033076,57.95050169628303,1.9237987753193493,1.672173772447935,43.834893733100145,2.211650120017384,6.001636821731472,122.3872817628354,2.746528660923684
10501-6103,155.78805483779914,1.9253693932172884,95.37821140378898,1.0419593587156926,2.5068948593005285,72.0569787506285,0.9926033385611113,15.763887857829465,183.7079901955322,6.115057725754523
10502-12701,156.5750217737192,2.7498720187602173,91.89665934440852,1.9667739027018256,6.382699986608924,120.1991159590637,1.44853577846389,19.168986836137922,202.79333120699735,8.682279030047617
10502-12704,134.32012505954444,3.2138862763399114,78.83478338951662,1.6603572243826599,3.2914047066771746,58.49231118942204,1.5593401253846135,14.122477518428024,168.4069132123408,4.16206109242653
10502-1901,54.496310120356725,2.809152396108559,93.61394942062489,1.3512933915020777,3.4866197989870673,54.237713046082085,1.4955868094455131,11.797768629269719,121.70457717746574,0.2958238088783994
10502-1902,55.79379307895284,1.8911775494379934,60.72987706363852,1.5059105163516127,2.162218056311701,41.50523825741766,2.4073005922928887,6.187825440741946,93.09631023806202,2.570922760687956
10502-6103,52.477947816563095,2.3817287303344625,54.025366510325355,0.9619648326256578,1.0759773748903605,22.008766190985455,1.8929906130796996,5.352589073358675,74.57654095339163,1.1359008849086247
10502-6104,40.13983390034295,3.9118390246208015,46.200279786355,1.0255523610400996,2.9444161844569257,66.04575928173844,1.1095933526093167,13.393195278119162,61.64586571678018,3.2374627412192067
10502-9101,24.897252606112573,4.784343735415335,112.24139877744986,2.268001227316377,11.881292961988457,63.50321024621179,2.9068885000071103,17.9914876252368,170.85798523023095,5.714432677552697
10503-12701,78.65236145078694,1.3101473518064946,63.931525194284944,0.7682175692894155,0.46261813809208746,24.180499388065044,1.4442810557926908,5.88396079610875,96.5716494286266,1.6402146204497055
10503-12702,63.17783298317572,6.830931549866941,73.84139602724544,0.7732308975309767,6.903063600369515,29.930957893749714,0.9271116044770742,23.782318509555957,90.59536454629898,1.271070076368071
10503-12703,96.24713294089626,3.822078133011119,58.47527640064535,1.5911246861504917,3.938322329881319,51.718088173830246,1.38593326923204,29.09032665436506,121.26060961657053,2.7532199485744595
10503-12704,86.63908161497233,6.294055423699642,68.66504263386742,1.4706096775078559,7.880362980044655,39.942068899225234,1.5474168292914139,27.458508896865045,120.16692765386463,2.141237359499251
10503-3703,52.250645438409194,2.4933325900724106,52.10291815733736,1.159123415690416,1.1914255106980938,34.2496542570926,0.8004439651107651,9.287066428950393,76.66041094563866,4.078627883273289
10504-12701,94.89387433267326,1.5554482969985242,67.27190355273544,1.7794903615934459,1.6054171565074178,37.21971367334742,2.2079389519710384,4.638494573692748,130.60607583956002,3.349156569711396
10504-12703,10.986811422825655,1.9829468731145965,85.97724376043374,1.1853130986601643,1.5461058152869822,13.480757130035794,1.4794548707881752,12.688439135464362,94.24779527661113,4.575650969819991
10504-12704,97.07629742251144,1.710110920398877,57.95895576477051,1.0948753195734144,1.1427629446818715,25.75311224577927,1.885848713694052,7.2303182230449705,114.4629070731164,2.090652482587057
10504-3703,121.09207251892707,1.6008409067243186,92.56183571118143,1.9199168909122868,1.7709578438679772,48.09830919644458,1.829580611659968,15.124141982075844,176.38749774225465,3.1145788864201895
10504-6104,211.67747055646274,2.2865202095185935,74.52135003873349,1.6142053017803262,1.070641784955687,29.743931725416473,2.3594281110827,6.622594547310501,231.88732240399426,2.4406192963400875
10504-9101,81.70758116217871,2.3546885872811867,66.88948912109969,1.443940098274929,3.6158564230890406,74.68514948313783,1.2601160699695542,31.384583567621917,114.61505585611334,7.716622865535415
10505-12701,101.65008784243545,2.9008879241762364,75.51144881596198,2.123282809321426,1.508697719087283,45.49963296134678,1.7752710895077608,13.307628456175376,149.79871207961506,5.606844580458852
10505-12703,69.61340813910198,2.555786431311722,29.74351587091147,0.0,1.0081512682038751,19.03585268885765,0.9785551321832524,3.8711186630794727,69.61340813910198,2.542088410504906
10505-12704,49.09778200613056,1.8258408289538228,60.501529693603516,2.074629427217244,1.4106730185557885,37.041024017297815,2.555994526429907,8.526694556030291,100.02319012598575,2.864090535616065
10506-12701,14.97392826438156,2.051427762378853,41.81719085810015,1.2759747815008342,1.2204376615186094,23.54872087750054,0.7070186191452785,8.162409370221368,49.55286930599781,4.066641297858309
10506-12703,36.73938062537797,2.3196104023567115,55.91449579303699,1.088392144705416,1.9903861189842889,21.701124657338234,1.3549360741055627,11.991024131234221,68.93884866842572,2.938722489450937
10506-12705,72.10850802269817,1.5643859007097902,55.52926528007167,1.0640497683026557,0.8571921178473777,8.681927546010618,0.3777991675432234,8.50087521872616,92.0903558886243,5.3394272149166975
10506-3701,99.1515209500085,1.2084285828450294,64.94746956795939,1.9844274571273206,7.229231420701678,73.93289151060003,1.7125807060078477,20.795080171411726,134.91361688453094,7.086458458644191
10506-6101,160.766461252436,1.4057483687589742,48.31768767041737,2.119977697243851,1.240070435642276,28.505082404681957,0.9598912591278372,8.979039539463496,175.48547732587454,3.9329773110335187
10506-6102,92.68290247149218,1.7664558481245618,58.55013108955285,1.2316803796488325,1.0619180425773178,8.99291743696985,0.9123639178087852,7.868219951745592,113.19216362563616,2.842331146903926
10506-6104,65.15040727866352,2.6410415641537877,32.725210816168854,0.6813960202821812,0.9461722747998288,19.993110005416256,1.530571211164757,4.308800982645485,70.52878440286497,4.623788964134855
10506-9101,53.08873913492186,1.4101773729225024,53.01578765013318,1.609201328962723,1.3019932716563818,22.512311942812786,1.8240679979647423,8.668011094222727,85.68170248593536,1.6059154483618072
10506-9102,16.47045313628568,5.10669251313452,89.55538884508277,1.5111844968234052,5.4447310047104445,45.144925691205245,1.8631316165532184,19.186054543498837,111.31589676747518,4.071667952790401
10507-12702,47.46346376711548,2.5236398792011814,77.08994741507635,0.0,1.102732261801883,20.96710700489527,1.427639602960001,7.191135090909469,47.46346376711548,4.092902205827683
10507-12705,100.00190893140318,2.196130319887949,56.34601298963583,2.858615447973156,2.806240030210036,28.39976493445314,3.317477253213817,15.045992014435447,138.11633975434344,4.557796386027885
10507-3701,106.12771444955253,2.650016993062049,117.67506603150377,1.391437961905641,4.50781341933251,61.778440634315025,1.1299520980300382,16.241834644286158,174.73099112202232,3.7963877445595045
10507-3702,114.4735820520984,1.326302841690558,58.236039164032725,1.496756099849693,1.7743052951861518,30.032404830055846,1.8562393631294554,8.958407688204044,134.83454265701027,2.035923040108329
10507-3704,81.57807916118746,1.5876803438861014,47.39430344390754,0.3431113621833872,1.005223238506764,19.450364807677378,1.7972238641000566,3.602505208143575,86.17242368197903,0.7321242098011191
10507-6101,124.4811095089866,1.8030858549629665,157.04137082511815,1.7264391416865954,3.973450423384817,62.76141211008107,2.0751227415586366,25.0219735881926,240.98335043194882,6.949231775222645
10507-6102,101.3111498892044,1.3520690212918223,59.848992073220884,0.9879651305217885,1.022076282706092,22.4751068360138,1.837828270339379,5.950890510740479,117.48507659604492,1.350655062435341
10507-6103,108.06744733715956,2.0377884936273714,94.892269447035,2.2321593227548506,6.253516885892242,88.18853102150032,3.149421927789911,15.716657669941474,178.26426263819664,7.5182230141864075
10507-6104,196.1372560707048,3.2761723177736144,201.04036450116766,1.64009645880782,3.984449713428547,101.9387911349687,2.1924256919325322,32.640351686949955,323.6633683272778,7.017024113320523
10507-9101,80.2347881292872,1.3833997791586032,53.097128128810496,1.0791743281934254,0.7565801762867838,20.959714248564687,1.416246777308286,7.978402760249963,97.36602498949854,1.5009249036893897
10507-9102,94.05881377765591,3.4600543487689435,99.17105587074508,1.9721079709866434,6.272396639212606,39.53159878695159,2.308766939977726,43.827179958704974,168.0551749424621,2.058424448191164
10508-12701,95.45726198165563,2.378797909148486,84.8105026568198,0.97916057892048,2.135366686235737,36.124419456869106,2.284054536483472,18.930650131372648,127.10238389915142,1.9327187969940027
10508-12702,89.61050407158396,1.5422754525438427,69.502123963751,1.1412694545050341,1.4660823739805742,26.07975687892437,2.0834489809717978,16.09964526187887,116.3743793358877,1.6504228300325554
10508-12703,76.53826227566205,1.0061778124815366,43.993591846183705,2.0194377778891583,0.4676945322703712,23.8493425014332,2.0968726683301364,6.17547631312083,98.82610189986772,2.6373680067113145
10508-12705,100.49550871050673,1.4625788278476788,65.67809676706494,2.638005586785734,0.691764025573289,35.56258795534388,3.24371329679534,6.707673889537119,146.55606731921355,5.203093668931212
10508-6104,32.14850857571234,3.440083167983805,82.64112035329484,2.514166407956175,2.347994871585545,75.36128667176203,2.462942217983625,14.123791544012283,134.92280680388666,3.2815517143296127
10509-12701,69.79188315050291,1.2419373086683885,50.691379860880964,1.1618683922128659,1.1407020109553543,26.75837075446577,1.2197343244180219,15.608283807823991,88.63668853897624,1.488941797887815
10509-12702,157.25626680145476,4.285126551277336,79.29467683569116,2.1513033376540225,3.793771740374129,40.369275928370655,2.4932050957601626,47.537861688509025,195.5918372247376,3.932789838067836
10509-12705,170.43675096701782,1.9177051181268714,73.69794283736688,1.6849011413391954,1.4293869911178758,23.824627174843542,2.5744772062886434,16.152578491064364,195.44829460057915,7.131205448495668
10509-6102,58.3423961132179,1.2117501126378425,48.49385731648394,0.6728317776149835,0.7511965107732121,20.181128800024897,0.9793833096497093,5.090190714743528,70.61234210975584,1.422613793010297
10509-6103,22.317743504515505,3.8307670014973674,76.80118788510987,0.9301383631860247,4.774203291730956,37.9244555901429,1.7070874883318528,22.42180299049567,77.35910216633837,2.1719695447844223
10509-6104,83.5010820051098,1.4364097235163307,68.45131296823216,0.5924183273230446,1.3517411355572064,26.42313039155855,1.4445088716927401,8.58789952232124,98.7332542427865,1.7584991442833202
10509-9101,92.47653550257907,4.337492801007075,104.0048300357348,1.7903956501576452,5.685696098335791,36.632846286141756,2.058826592897601,38.97429682949317,167.08868222841167,2.1272423316452476
10510-12703,53.4065258977298,1.1991987949957412,45.62524450629836,1.1860549734638794,0.32447451366837066,17.94099535896123,2.647948388588181,6.765881552032275,72.94671813790458,3.110490301113983
10510-3704,54.1316756592646,1.3566147779828541,64.02767592161021,1.2315318656406928,1.5210890101582428,31.24181824837388,4.0,5.0674074292377,89.32500488891098,2.7450084661106926
10510-6101,57.846841135784025,3.916352127179567,82.03058291121692,2.322376823863437,4.769685492767574,56.186139031904816,2.07208106290726,17.86331795863224,137.74457910368199,4.457052471502516
10510-9102,204.20339224289935,2.280105871197468,228.5399026821577,1.307743177518075,13.83155692876385,209.26144230544182,0.0,76.40713541914135,331.6671352281961,6.377871644059738
10511-12701,68.61285935386974,7.417632144657126,54.17118129231439,1.1103806563234029,9.180600991894051,34.41183401752772,1.1355136315691907,28.38331217910858,89.25332067106929,2.381355131301446
10511-12703,251.31136505647407,4.618280251109055,111.98582427075414,2.5084217072128094,5.1892569042796755,58.83064277302813,3.648456814870408,21.536424918670775,307.5956427772317,7.9115790937410235
10511-12704,110.4866722860639,3.46383147102214,67.0481320337892,1.9433653474672834,3.0285568142972377,37.12912317262655,2.6038217500434913,17.692997535516508,144.71907410140943,1.8919984016637896
10511-12705,67.81599725566751,3.2519571605196336,66.31901972185173,2.047330972065014,2.282861425667935,28.37313754269097,1.8885873327276896,23.64031547621975,116.63449706095075,1.2901683440602512
10511-3701,111.02750692406573,3.136984431901221,67.0170490850919,1.2476301199761102,2.9750709545132037,24.383288752172,1.016173540924785,17.956580973335818,133.90507672442834,1.4409684403740863
10511-3704,17.816808732833,2.4820491873094626,125.37637274741931,0.6267862205395125,19.385531551032717,71.2589019127458,0.9848999715326814,26.616235381610256,100.84660862233925,6.679396484220032
10511-6101,36.28433366397552,4.5378149170627715,83.95679020401381,0.7158557862211437,2.7091939254006427,41.48081851217294,0.7881180971032444,18.165943641205025,79.7648798690465,1.6981008961717419
10512-12701,211.00678560265388,1.9867468534066182,61.147813508336895,1.8680285802448475,1.6730951666344434,30.330975639072857,2.114802296120232,18.943683022004162,226.95489718089573,2.9096125307935456
10512-12702,17.159894944917085,1.0322075563456081,68.6083647178585,2.3103150461155204,0.9229842189862902,47.57192028879001,3.6708693717314294,21.08920188448366,105.68521069150266,4.753160257906035
10512-12703,214.0714433345899,2.603589925615622,137.09646079160555,1.29394090672027,3.4406770820320456,62.874735841091635,2.5432072338206746,14.930426273670411,264.85235690829126,7.355604019094957
10512-12704,159.34243342421473,4.857721261701988,82.62720093533497,1.7780363934761798,3.379650494141048,37.32400473389376,1.986305651847701,25.683986139983784,193.72433446432618,3.693669843696069
10512-12705,102.01225851799444,0.8971589134830337,44.83242351210667,1.3578342545315176,0.514633992007762,26.066632355828887,1.939142931656086,5.2094560177883,114.61097105124658,1.6225914971631878
10512-6102,44.47638659694864,2.1571577429526876,86.56106100806379,1.5651683550519406,4.769747432102942,60.89212006818547,2.0313109256288513,23.946571795058976,117.07121536061454,5.425608501396761
10512-6103,67.20459704608389,3.589648409894269,91.92270165845238,2.062535730646213,3.226293570010004,45.5741329954504,2.543208596484846,19.362096399280933,148.13654978844963,2.6568056822179122
10512-6104,67.91601935240031,1.914758860125255,53.3473179380821,0.4814778350420196,1.660330043726409,24.319391063086496,2.0772567892732043,8.374263921315233,77.34882641697203,1.7800710155549782
10512-9101,13.39986632493332,2.6056126990564747,82.18682394260456,1.4976150918772313,2.570619283355106,55.808164230223966,1.781995524168778,14.717377170188712,101.46653726832723,2.958538167645391
10512-9102,27.140185242786654,2.920859074693773,67.86707196707887,1.5212608569702257,2.527974870047793,56.89753656633693,0.703537696506783,18.17856399056208,87.99673324110813,2.7252032167430924
10513-12702,58.63454231954588,1.1582932746505241,53.16002513966614,1.0813223534897822,1.1204617883410597,34.3686186592838,2.3302454117831473,9.722004090956471,80.5842034343905,3.2580993964409193
10513-12703,141.08979731154443,4.609888087633484,73.70962903968034,1.1299028850994774,3.4166888754679556,59.547560185185425,1.2157745789557175,12.855567110923,161.38530573262096,4.91319334573277
10513-12705,52.80575801738854,2.8475365320760737,56.80985691809099,1.8501057948119435,2.933654318281566,22.96025880962241,1.9964912052421608,13.790958439684015,93.59169422212908,2.205724681832402
10513-3702,54.12215471043198,1.6152041318212058,46.178366353075795,0.6443345039230544,4.4879571445657565,41.38538594376579,0.16489376772254905,33.31269771767323,65.5988816887512,5.378985934170975
10513-3703,38.80005157306322,2.7612640898544196,43.9261439150042,1.1054156314385342,1.2827398202902296,27.775649304133438,1.046467823527638,8.054062533923446,60.31873860781906,1.7675364071459878
10513-6103,77.65585826147786,2.1817149039909944,77.85550157273424,1.0038516268014286,1.1179603679124324,22.737797361035252,1.1518852466893383,7.067446469730768,110.06933270863169,1.5051591326766998
10513-6104,25.826116716565725,5.8057516683079475,176.60362658765268,1.479043773717453,10.924055114392448,91.95733798414312,1.676952862244895,15.370768982868379,216.32533204096194,7.409943960933963
10513-9101,39.86987788776499,1.5685008984820763,65.11989093528784,0.9789370596514251,4.038922857964154,51.95848821479308,1.5224422768654748,16.338093258863523,75.76864687488295,5.682783207903318
10514-12701,88.17261026666391,1.3890083432376465,60.94608087484576,0.9589252615694743,0.5639358240771762,23.90054724770083,0.9751293220761661,8.234751870923011,106.47189746232664,2.2234054285097438
10514-12702,56.15494896479026,2.0178020801851266,72.49306123008093,0.019081462456118636,0.5430958225058254,25.296391488302234,1.5251973602312567,6.792336587596449,57.040827772040714,1.8428376093661865
10514-12703,38.486461992211574,1.5544897222909346,61.56434253130914,1.1359965053821384,0.8357796594860225,20.172287633694108,1.3801608225607103,8.677162065084877,76.07118815753469,2.1286811469113163
10514-12704,27.92541083018772,1.479039752439221,74.24534338373945,0.7951337214145,0.4238442816208811,16.472879209311987,1.3088405372145437,4.341343186595321,71.85332732969773,1.741795468189157
10514-12705,173.87501906538483,4.169411862767462,99.82445512525732,1.597790865566917,20.984600438512565,76.12490483230201,0.9315084641269908,65.3287134977941,214.83571246120397,4.8086445498465125
10514-6101,106.72298397165697,4.311962322923875,108.22087043164042,2.0991713969980426,4.429708120481196,136.94101674318387,2.5490753785108082,17.379094183970086,189.67018791743834,6.940582388216665
10514-6102,26.411899178095098,6.961893681340713,215.2805768461859,1.582964302659124,12.405683696560821,157.655151927046,1.6756159918447757,44.359103461769614,272.1419105384302,12.371698233925834
10514-6103,22.056606602835053,3.036594772263949,69.09832566443883,1.5222558425620583,2.631970133975031,39.56737637415564,2.354322517733373,10.57913570853872,88.06034339651173,2.6324891475409182
10514-9101,35.64348898920186,3.7818797676495683,52.01954644836984,1.2290018941339083,2.6335142778450957,30.423783440980554,0.8056543242012166,18.650926348523775,67.79511967179995,2.1581193780438004
10515-1902,103.89927972286175,2.544966511109205,102.33675145769723,1.9471319490253025,2.681019026931432,63.87601205236193,2.9326576853726127,9.577023325898885,176.59842761157273,4.551426424842907
10515-3701,17.45037705686532,1.568248878350713,52.79152211991854,0.5466209099210664,0.7128325443533808,22.13553185478071,1.1195906448589643,3.127419385722501,42.75415729648084,0.6618726579702363
10515-3704,63.06258346047989,2.5651203136934497,84.22414808197456,1.8290196148172813,7.217340394400368,86.20586042880745,1.7231610610866808,40.25493909372955,130.19761479076635,7.49039510697992
10515-9101,53.110022821982405,2.0413923759668715,76.8048683645719,0.0,1.3078534805171302,32.39948344479527,0.7951027160209332,11.990376613381045,53.110022821982405,5.554388699306228
10515-9102,62.595100111502994,4.277209781980252,71.19614164326012,2.046936332299,4.151784332476561,44.70083882298121,1.7009032792808108,32.819179526749124,119.55686036619954,1.1687270516064574
10516-12703,56.36660001326803,8.364496518251768,76.00528723450027,1.1544106515569756,1.8336877612942526,30.893815857336335,1.4673163580904613,11.522220229602102,99.22699887618047,4.595733758146681
10516-12704,120.44982861494125,1.6387376210127895,109.18454669307746,0.3271078183430648,0.6983947994523952,28.75858495544564,1.4762754111588205,6.4763134076575755,135.6749802903729,2.816159886240949
10516-1901,,,,1.178,,,1.178,4.710427476451757,,1.5895377840141087
10516-1902,14.911724055446609,1.0865215716150622,48.76724376093738,1.3166062023572767,0.5275001294162494,24.172245682137046,0.9534168745103377,2.0476795279696995,57.91001985613971,0.6395502557646034
10516-3702,79.73061093914264,2.952376343108374,61.950314769193284,1.2687965347181016,1.7358459349987543,48.50365020399263,1.0054126582153575,12.830943325200986,105.95475598919074,1.8744595057127866
10516-3704,44.7366411089845,2.681246926485701,65.12428584067723,2.055412072697566,1.4249015533470515,36.899638702121,2.093048172943006,11.59744433378373,103.53127273926201,3.63300225315706
10516-6104,114.99977073259316,1.2013860510488261,69.33834612938554,1.8187070870331161,0.7115240623048691,45.765883435890736,2.7526919874494693,8.128427880103072,148.21922465563748,1.629573004616033
10517-12701,11.912589677634774,3.5468330883545423,58.689384338354266,0.5504721835173132,2.01024236837128,16.724519593122398,0.9196500447473219,8.765159547556001,45.143995294398884,4.659088912856525
10517-12703,186.87030581829544,2.342614571562003,71.62768774343473,1.4080657457608063,2.2969533145071455,32.56789010879203,1.9769821933629759,20.641938486775032,205.2915697835805,3.371789834657987
10517-1902,,,,1.178,,,1.178,3.9869575944607654,,5.139824977449631
10517-3701,87.86503707419622,2.2223647339291115,45.668967173220594,2.07856683489923,1.9905546683404158,66.6989800752421,3.350200228331868,4.887902236396037,109.79725471554056,2.5929283312910067
10517-3704,166.33375244436678,1.38433989577556,63.239352160269426,2.456823010441073,1.2957748499966208,41.684027958781996,2.928752789265123,7.684321680037707,193.62923917498446,0.9289787152322388
10517-6101,132.06696571673533,2.897235365241167,199.87104646657122,1.9255305752215532,7.978753123419722,156.61830612334495,1.1705550689385085,32.57917670656003,307.1866157136439,12.389217272260748
10517-6102,216.31821835662242,1.3913468611316497,85.04083625031043,2.4653328132515497,2.8961698565790974,45.876032843629986,2.0487418457951794,13.626726638296194,254.20999197720272,2.0781182035782884
10517-9101,117.88563873496791,1.5556543446144036,71.62682134698889,0.8044501224372973,0.8215546659408826,19.85305878100118,1.78317153961996,7.225893671028473,134.25414691531526,3.707274482448009
10517-9102,32.06345722364935,1.5556644913894986,59.00864501080858,1.7131219843341148,2.5788513208459025,52.36988467630573,1.072332328717813,13.855275238914547,83.62529892134597,5.127939274176048
10518-12702,106.79618382249888,5.106504230252288,100.41425419248597,1.5904839087323248,1.558500928567994,39.119285619255095,3.541740518736889,26.118593088906117,165.65720578731586,5.466928865142365
10518-12703,17.288784696282146,3.027378477474526,49.7749989685656,1.7222696145958283,2.5373983570754928,29.60884449605691,1.9447006382880034,16.094354151058987,67.57153290767774,3.7061605966639237
10518-12705,273.4853333670379,1.5171008750221016,69.32493976339055,1.574611385485154,1.5871271256494373,30.490958561126412,1.303751929957819,15.501280274919079,286.9873287469298,1.3364031842287476
10518-1902,159.80987919334353,2.0892238012615882,94.60463323879344,1.5842160744379985,2.808742993572038,49.990538049296234,1.8605759620534053,9.243301095328876,199.29372640461278,0.16940299379893636
10518-6102,89.60177941080234,4.535778202263175,101.82886657301681,1.7059874141598597,3.543283099817796,46.61656177339442,1.4871408078954251,19.4042700975637,160.36852494411707,1.8310034768242958
10518-6103,36.30529119813298,4.292583820247227,95.48525806265232,1.7364221597619953,4.107121715285049,44.32488323564772,1.853625590777607,30.874425191652733,130.95720479462193,2.7809681229627197
10518-6104,50.02892180254783,3.5118800348805053,59.81590850186333,2.600570633029732,4.223222404543735,85.97487432131064,2.0354029092225394,9.482582613318657,108.66271796194349,4.690684236484802
10518-9101,83.85729727780289,5.660651303851025,127.7577639825375,1.2918649010961205,7.8768391873570724,62.0363964129673,0.881126410527532,37.74485802923692,167.6840033553584,2.367424205498308
10518-9102,115.86627907865629,0.9102061186267936,55.56422581029837,2.1853782461879847,0.8581265389003928,28.87656065732248,3.583155958429649,8.180770017101997,142.02849956393345,3.2011523046534656
10519-12701,262.0038151182225,3.306013939152108,81.33316714493318,1.3996942792000984,2.273337179234657,30.58941990706375,2.841666336506255,9.799610234631157,279.11484101828756,2.8653012495775507
10519-12702,119.23328320826194,2.1258325703996817,71.62814029073901,1.4058740617663423,2.4390700934946996,34.75741951245344,2.0466537588131675,9.05596479829511,146.38831887866428,2.364753123267196
10519-12704,78.8379801577083,1.8784879263340784,54.351933377456454,1.6804352547766541,2.1537280022907304,21.327496950622372,1.6367981520840176,15.825955062566416,105.73389138604753,1.8618040452398958
10519-6104,52.4762719916524,4.743833193188163,141.7326851130628,1.7461151569437314,7.521508693348903,90.77084893140116,2.5819179987157734,23.081972211612005,194.4993299418413,5.09956227776564
10519-9102,76.14801941625831,4.2712489030975425,92.76068263864624,1.7987255510298317,3.9239719524459473,40.54775541462223,2.13340081491638,25.49103689153547,145.86203908805953,2.6336938207388396
10520-12701,91.76505525904028,2.9011509974904093,68.20851658299195,1.349493958507595,1.6140289488394237,32.099591103272395,2.0966363181147902,15.967029751298037,121.24031260223776,2.625880697324908
10520-12703,42.81806220727422,1.1816002807135961,19.651473718613882,1.335512032316503,1.2231824407608394,20.423373183813904,1.0505210896114714,10.717079082584743,48.46787645259534,5.14334596263407
10520-12704,145.04653391396468,1.3338567073003575,53.691915657358955,0.8967340760888387,0.9452316796185746,24.157770538365444,1.407186590100149,13.073350359062493,153.6997773259454,1.5390911522962991
10520-3701,97.00132179039565,1.6948074865246636,60.30296694616695,1.1381194444667662,1.2201786804568313,33.63291650937445,1.9736662388835198,5.824194034281516,116.39574049196096,1.9304453708559317
10520-3703,75.2861116671705,1.7929267590077258,166.11866796949565,1.3077400191449116,2.540326094163251,94.76253891468474,2.1760731776394224,14.685565702003368,204.34192675103168,6.502515643739279
10520-6101,70.46209146764522,1.207322837179101,39.82694118626815,1.7481159536603101,0.8353583637480205,20.17424450535235,2.2635241619450435,6.684297239927583,87.96443636457067,2.0374566993606
10520-6103,48.39748436226508,6.136435759324504,86.1665788097391,1.167794778556317,6.615298024995153,69.7818143684271,1.260772565220373,21.048874335987456,104.94197547215921,4.695537408540631
10520-6104,159.3417516784117,2.378698795866458,56.60668273573448,1.685844303011252,1.1497444685062626,37.15877483152876,2.236906037141307,6.801562007007746,175.47584618878463,1.3259617005222997
10520-9101,24.06103803640211,2.4251163669827767,48.48534236805018,1.439340202418102,0.8409150890445652,16.39374410670687,1.5630605535801805,5.211778255319838,62.948990554471614,3.7720961448201953
10520-9102,5.786184786644268,2.1755679988329155,98.20806427522047,2.0832914891160295,3.444730030357022,33.05965181632352,2.006797168689005,36.93298618232926,141.86775340332755,3.9692985044603346
10837-12703,31.866383452375267,13.91467774135191,109.30987655322424,1.0335077162819595,5.221201803424784,42.34036843913135,1.5976059292962606,48.39211469906205,115.6048764145148,3.6099505748459095
10837-1902,45.327877992984845,7.850134519365592,64.62366996076251,1.2005513945479207,4.513476599132181,55.13067839536606,1.056393476671995,8.990240119889972,84.07366847364686,1.9027266595804795
10837-3701,214.6259115833051,3.703381819648703,99.97735037961013,1.9537992908158421,3.62101301762003,44.48124269588979,2.3873673280064023,20.24753812001726,256.1121341736497,2.0456530006505127
10837-9101,18.19838536943745,2.523754917420235,176.66368476960466,1.6122310003141163,13.150641216565235,152.27089981250663,1.4213507366713414,28.244898779929066,225.0533347443217,9.648827312252324
10837-9102,60.98172962186498,2.0514584489095418,181.78924970529752,1.326061005898478,3.196171208353478,99.27481930780728,1.2941593244863536,25.624169278612953,218.0402456996674,5.5744185664264325
10838-12701,90.88813933169386,1.272597049072586,61.69680333119909,1.8666428911821429,0.43506322904118927,22.182641002565678,1.403924717040939,9.987608379419209,123.95975844458715,2.2614385100003735
10838-12705,58.326392384275216,7.58518250886396,101.1088129683344,1.3499565065958747,,,1.178,32.54328150527884,131.15854031155578,4.255467138851558
10838-9101,144.11642887565978,1.6585589131899483,62.07652231258698,1.2206129301637607,1.5183518224965387,31.381024973323708,2.4652704971053843,8.353458479441072,159.603165489666,3.0331939929874587
10838-9102,32.69378466991549,2.714246068920564,55.8917350769043,1.4021021089329326,1.99958407373394,32.79101822974832,1.7064167947422595,9.644121874306006,73.81660229706709,3.1247359784113637
10839-12701,72.54790331140906,3.7906973819388226,51.084541434320805,2.2950683276397843,1.2800431750506351,26.409034559641714,1.3704667692564343,9.688965004944695,106.07769931552082,3.419048544380978
10839-12704,3.331342834708444,6.173413255823502,66.2615773294182,1.6621276215972474,2.459387648727368,40.8607665593216,1.7308489960225124,7.694094521976346,85.49169421294935,2.989891221404336
10839-12705,66.72318397627708,1.497500225844126,68.37616729736328,2.0524267503209144,1.5909740632457527,25.515083799724266,2.449634980532753,13.820279529562114,118.52297071704047,1.6976749700016733
10839-3704,79.34968135973985,4.80876747414908,64.9027163805037,1.9399662778231348,4.441816119613138,47.819353105512754,1.2592410965520469,19.532885240421912,120.28388634134652,0.7728075192575221
10839-6101,88.67220215736911,1.3097791505785559,51.762698922041565,1.7387474087609247,1.4737197812175808,42.04494293232114,0.23524526056513528,16.72439219071845,111.89959450663244,4.228007046304578
10839-9101,4.032059046535297,3.279389431146835,123.44762086356818,1.152992574011108,4.243579563144756,83.82397398381838,1.7907565498711353,26.243685519233953,132.61626838313356,6.572681639828919
10840-12702,154.33897711080635,1.2844742695262314,62.45779174955884,2.6364643382660233,1.1589585448828013,39.09670901168964,3.477698727415375,13.611044039182172,184.676212072739,4.719861600948538
10840-3701,,,,1.1780000000000002,,,1.1780000000000002,6.912605001409359,,5.280925335121192
10840-3704,178.64701571566525,3.019267388856892,75.95372476095196,1.8120705660459864,3.2744605474598667,44.332843496183415,2.28655938054169,17.992942818574285,205.8361821599133,2.5169237839064054
10840-9102,2.540512403348032,1.2929303085420787,41.93054571285122,0.7548219292344296,7.303700559362448,29.926312281287558,1.1779999999999997,9.048779514907366,36.51794046256551,3.774807690648032
10841-12702,36.51195308611972,4.163503254808311,48.295608805235446,0.897011828063345,1.8811734233654132,28.743586664748147,0.8594010007292106,14.551502832990494,58.526679011443065,4.9911092064062705
10841-6103,286.2245264308275,4.040470727489554,120.30747861106772,2.3164663319081162,5.514184297308754,75.40076637321076,2.6642252307859335,21.243544920937822,339.7833972400721,4.983631788448484
10841-6104,18.044624045057294,5.069260401936294,40.34225494278684,0.8326181929494862,1.8698029231815336,16.199196373889578,0.06031773287549136,7.567871822506808,40.996249982249026,3.8780639604848326
10842-12701,31.496473407233783,1.4211797633701375,12.834327011861735,1.1779999999999982,1.307241972631913,22.18680737745459,1.898382183877223,11.950869065581278,34.43933707278388,5.9841967987642
10842-12702,89.18018356737588,1.4359795133111943,53.622408606308696,1.683136800378528,1.6616054822426927,18.799638268737493,1.716636861543086,17.755700937342397,113.10496860835929,6.117325752865714
10842-12704,173.90297402008233,1.6815121267565223,61.76932757220203,2.359873561053311,2.1009554751688455,29.573355588580306,2.837086434067734,17.146128624419255,198.10659642565125,2.811049770877777
10842-12705,192.85320654502118,1.8312173334152002,62.68430618190757,1.6167246797482728,1.2892874500729832,33.57315483938139,2.2235397921094195,9.272631325427708,208.6743671782066,2.332717299848213
10842-1901,210.50697972485284,3.771281869908517,118.30650723779812,1.7927343517837127,4.215033280970064,59.212032875515675,1.8842103378516253,16.78814926511373,263.44841764067723,1.5949655008056138
10842-3703,,,,1.178,,,1.178,7.2959853769328795,,0.9363129939685204
10842-3704,19.20286926346366,6.906378197624801,151.40504663137983,1.3817729819061932,26.835736537955285,143.71950422061292,2.8944732523926437,68.74682604664525,179.00783993551738,9.10835030964233
10842-6102,87.46241382859247,4.2507438748102,87.02710373990189,1.8232892364911213,3.2406828915917023,51.63326421772084,2.557507870730448,29.41817621313809,146.48805455631884,1.977634855620567
10842-9102,179.77137489566078,5.378457045816401,89.74047972393873,2.6889459473862805,3.202608681380173,51.38343337884854,4.0,18.425716345321334,232.3204253380893,4.695612282480221
10843-12703,52.262483595935194,4.9253884321764385,49.58568491800876,1.1541703067593465,2.482676367565992,41.375707248981456,0.8578173263420832,14.364427578128277,74.62688566048841,4.601746031340902
10843-3701,12.594525728484394,4.364882989346408,80.72237541736132,1.5751519695891862,10.302100393932601,54.04203577883191,1.826550303054805,21.703926060514846,102.09051282642265,5.54065952759817
10843-3702,94.68157212894548,3.668940083538127,117.96458348488383,1.6816305555039865,4.309752487107768,54.02988745593615,2.012519230875676,21.934673662322968,179.9043370694096,1.7257782208115144
10843-6101,31.864715058853296,4.505688456028705,213.2591299358932,1.432913327158284,10.844312208628414,148.66331543969642,3.1924546898481454,21.6621135234084,257.261500030612,8.886089026215124
10843-9102,60.30307945475842,2.1132947095083856,74.10542282462069,1.2394746642661858,1.3613362434433856,40.54344591305116,1.3383041459864,11.136788342849263,102.19186576688868,3.3034991314810958
10844-12701,13.280225512229494,6.455164982311343,61.49092250688132,0.7875116797269979,2.4420005467407155,24.917986014457167,1.2433499208950614,9.9385061177328,56.16094037208398,2.5195748510655736
10844-12702,29.557729794136257,1.2137237057037868,49.825852813404126,1.6444674152928238,1.5216081393527212,19.46092896671896,1.6836153401413387,12.88101435682895,70.40056721074977,3.3258859765658007
10844-12705,186.65079343415914,2.0775301091288614,84.77177314651317,1.5423016054806866,2.3482774327571065,49.3250077914234,1.8404264987802694,12.980577750735046,214.29393139936536,3.309416260985978
10844-1901,151.7913344847419,9.799953883511208,90.73328157050231,1.4176451328606534,8.954701856892044,60.36033072147757,1.3443893775809888,9.697636988135772,186.3099917346254,1.3112081640052984
10845-12701,155.21600106646164,3.0617172716686376,112.77944508329053,1.4270974363904785,9.895774936182923,118.08540636774296,0.7068596756241092,34.26338529138765,205.53235588157042,5.656437884602543
10845-12703,76.9023936502157,2.6852566598993985,47.5635717155998,1.1688384059925434,2.536518505366488,29.949723794475847,1.4128989309776323,11.604909462622993,92.51072103984963,3.9829501721202925
10845-12704,32.89710969473062,1.6536649994520096,51.73287582397461,0.6331353975454168,0.7618487773974766,22.43083238214244,1.8217934804167708,6.784982845885035,52.69415563977244,2.610152067452633
10845-12705,131.09852551612454,2.0135063603375145,70.69107281639045,1.5140523097130667,1.6439153018920514,39.436326322565975,1.6103976362885213,20.760626265191746,157.33050450823077,1.9097616477736465
10845-6101,20.415093841972666,3.082735281936365,44.29938735196779,1.3050329655221742,4.827368011018959,25.21895285404052,1.7109067922220906,56.26266213943235,54.56939951640638,1.987749921509947
10845-6103,145.8039651632939,2.5761301858985264,84.89251326171436,1.6122011521046882,8.083969234939666,55.38793534707369,4.0,34.687752993523716,181.32156205575058,6.846251663443447
10845-6104,115.62001351569789,2.9729231223812214,121.30410597650237,1.8684619663415085,2.9346871999352793,58.69660263395031,1.4687065669359889,11.275148298920882,202.1430654261271,5.000839854739784
10845-9101,23.1600941346352,1.5678745709656727,86.07412217443373,1.6338220878181793,3.1323575498547136,44.94270005829107,2.4121078111843612,11.185254494045237,112.43209825881745,3.7300407311502592
10846-12704,30.460256334153613,1.8281864865962514,32.515183329006355,1.1779999999999993,1.397229044360705,23.32373672603022,2.4876970916781183,9.453078582785372,46.61815713874584,5.641900819145572
10846-12705,67.6140021736233,2.3623467921470667,51.50914864228029,0.9466968370131044,1.5384267660790958,24.67065072473447,1.9071684143530678,9.877417339493162,84.16306872484004,4.2082704328625935
10846-1901,25.674759492277545,2.6351695949659253,60.50719704824684,0.8317025049989817,3.779554726713634,47.28824685785921,1.6009653105379469,7.244514243195487,60.861783527585246,3.698917487430417
10846-3704,49.12719273811931,3.4664010400045058,52.00427014728767,1.0419659538077874,2.006850608671391,43.00066835589881,1.1982043282268628,8.102912408899412,72.32855422739672,3.627686813485366
10846-9102,127.03627835394887,1.46457761455221,77.03778519728864,2.541031843548967,1.6857061945244138,34.65597837460346,3.3330633873606295,15.50560300360166,176.68837966401625,4.127810450077823
11004-12701,59.39198504120674,2.100578222438373,63.389678955078125,1.0025018304505324,0.6684110420693112,22.282203190496872,1.5299509925683834,6.8012637881959535,86.92360018354209,1.5856702708430919
11004-12703,3.8645468222623944,2.7614273615085114,98.93504467180298,1.7157628678481895,7.287001312778371,47.734656288505576,1.8449829608591242,39.79136772653977,129.64978648999622,4.135034576312091
11004-12705,148.37127140639726,2.9168305845981077,58.71327560384027,2.1494920677190947,2.795636091123255,30.51225570316023,2.0090499484367914,23.99623728900367,171.53386832903968,1.586617093793691
11004-3702,47.95071154204118,3.177059060306817,60.21594798837971,1.1642388724779826,2.0169261442582926,31.77340571534242,0.5783588031325682,18.953177930976658,80.75119055457984,1.0772049571873903
11006-3702,43.558230623412925,1.7568201588013874,72.03456959156277,1.1411434517153098,0.8808638590785078,26.45648276096231,1.2973374684357406,3.8413649614647056,88.423351603202,0.5055587281811026
11009-12701,78.57801192054494,1.5258835042157441,70.86033023358196,1.8167035766569088,1.2125322418950129,28.765210998329437,1.702824363865397,12.73812866315497,123.67906553173023,5.342171443180792
11009-12703,40.59416330986188,1.418308402921387,109.5067884129562,0.8636576257762294,2.38654486381021,40.36141838298541,2.458236734947926,8.561141228734915,109.56569239247173,6.150463015608836
11009-12704,107.84167361222103,1.8846368901619936,71.0273110604846,1.4243667625915595,1.52232314382089,34.24944052427364,1.391105368548683,14.983449953572782,137.169910758234,2.775257884704747
11009-12705,29.251407368719494,3.54370044417599,97.91621433290584,2.1476620323409223,5.764447897542638,54.51665129199098,3.1183887020208507,31.46028952379683,146.44636281687534,8.02335628204935
11009-1902,54.99361731347668,1.3675116030124528,57.72483864333237,1.2023986503802984,1.6417920893154831,31.7157159187846,0.9932621013294682,5.803526568937604,83.85033703299145,0.8991999116474662
11009-6102,59.395612472363645,2.4404723631245986,62.15111501075518,1.5049443989804412,1.7577500407792204,44.78905151073499,1.4416680715780579,7.967880574133899,96.64926000036145,2.473835410817711
11009-9101,262.7188217551557,2.3435430200995273,122.43927892686052,2.6719144424883425,3.5587255564397267,56.12244909206566,2.940891087172046,20.21579994662696,330.2678550630941,5.889240153151845
11010-12704,34.25206477000087,1.3235900436255574,52.99248258968598,1.150521122671788,1.2728692326028324,17.503173676322305,1.1926100590453328,12.791809093029045,66.36340145019302,4.262937187536284
11010-3702,75.51506819493777,2.0453880280163594,52.39357957667549,2.550454888782559,2.1282281441257087,37.43387491122924,3.1370585943004645,9.005528580117664,112.71089807573294,1.2840920394874509
11010-6101,14.725324843205225,2.0098944438317274,39.5798811713715,1.3477934665654123,0.5743179952201083,18.506234366320513,0.8627040189630648,5.746895582866456,48.25188028013,2.0675326286348845
11010-6103,40.06486173164379,1.3078084994880987,43.7417609780004,0.17594677852285967,0.5672545257328255,21.94828021507179,1.812147298586865,6.013526461959338,44.06630737553365,1.5204470850140235
11010-6104,141.68612047683303,1.0467987503910037,65.28998106210929,2.372934138997553,1.3263129674420613,38.35286323719829,2.6354400050709366,10.332560400229685,173.75343675965215,1.9307254323161473
11010-9101,65.49818566195465,1.5032908932613458,66.76343975485935,1.5120650201961436,1.047429294549578,29.06040666298935,1.4204339995633875,10.51219902271366,105.02297728465388,0.7904732335551896
11010-9102,167.47146787378128,2.099228467548991,73.79435515992637,1.340590744578525,1.4870326163734957,30.58083244347538,2.145743021496875,10.482009536854903,188.00803891901364,1.4522020787266525
11011-12703,48.08001104696169,0.8882117755151993,46.26602117713461,1.1453065864102199,0.4187072433872534,23.456318121735393,2.801399729415234,11.667511842624982,69.01642864938702,4.112683592685146
11011-12705,10.469851289928615,6.497724232298528,49.093639804612465,1.3289890474905228,5.7186260776195645,33.74815235293105,1.5494015600238296,11.654332987267873,57.556301801863974,2.807491191828469
11011-1902,62.43923196651383,1.2341507798401306,85.38422864442938,2.7373577147550447,1.8861583998717946,132.25787762722405,4.0,5.447342465548201,154.45152122851573,2.555491099189176
11011-3702,90.13315336753811,1.7870121946103257,91.57521558739734,1.4653284465784966,6.165278103412244,125.36407770538979,1.807990698445884,27.693509268193566,142.87147775731918,8.695779431912815
11011-6104,58.79949233470188,3.4753707218063363,47.437889867675395,0.16415922908400282,1.367447538531951,24.09535740323644,1.9474482115529104,6.408185293394811,61.861107145964276,4.331749516109638
11012-12701,201.71707621053542,3.140049948809334,98.61188906302108,1.6035372304014723,2.0966519290640915,42.56152270996427,2.5060323865853844,19.75402815971403,237.24051804939182,4.795080913406809
11012-12702,91.51564663952998,2.465436642112645,67.4375783758675,2.3298699988924394,2.1841755563369816,30.031090533135732,2.836829738078931,26.374504923010328,137.7351052353257,3.3031433685321216
11012-12703,42.922084412922274,3.1963776891531874,41.985482687170595,1.0115131655609972,2.2031884019663326,27.52977270744907,1.8767567700385448,10.366858435064223,60.21113911496577,2.8674046731330876
11012-12704,168.8258938965159,1.5868880641052734,53.56267166137695,1.4979181645556248,0.9597083493041743,31.071673819798914,0.0,10.562462609445035,181.10673494109375,4.265435189533655
11012-12705,54.69618883358599,1.6007749818486576,46.372718811035156,1.7547643880806278,1.0102277953752121,25.514437517070107,2.6772180225418034,13.07503039176027,82.25064977752966,3.7925352855543606
11012-6101,19.636605301995516,3.888568369469578,55.44220558292292,1.1764598228159635,2.572139442267778,39.39098088925252,1.3646966446210231,8.925113218081936,63.260124602676754,4.651877962163766
11012-6102,50.30259528036203,2.30477811693689,72.79994618489621,1.4287038770508482,2.2589821730589454,57.12319976296644,1.585425053276122,9.126079219184128,100.50990922846275,3.6819348478165312
11012-6103,99.92268146054042,2.445423623703271,49.57625545604109,0.9915823509525628,1.8005965046894612,29.270988985336892,2.8532905852659773,8.851316543317896,111.45249407037073,4.352251564435589
11012-6104,66.84013224051459,3.6327087984974087,172.35580948408293,1.1617143520235602,6.099752398784402,88.7735265930799,2.071278274448589,34.891613924640296,197.42872078870306,7.9827447606805
11012-9101,144.566520230095,2.811935773246556,127.53803332693228,2.3503155759658374,9.390426383535468,124.8400844856601,4.0,23.323017959155678,243.16577531556854,9.804125151884861
11012-9102,123.07775948975659,1.1071027483242224,57.928084957750116,2.2817696850610147,0.9947780904051332,30.514192606046166,1.6501828804583152,7.617928462116706,151.0131949500298,1.4177613025324098
11013-12701,18.302927870097953,1.2006989834256632,36.13210993676958,1.1780000000000033,1.0669110712171603,14.764744755655212,0.42754605885189145,11.947057054178613,43.27713905390183,5.788146152150748
11013-12703,81.83004418856397,2.369334000471744,69.99067532581658,0.8559012476219376,1.8406437242901013,25.878319256783687,2.263995142540944,10.18461869068052,104.35015562821475,3.2856653828024527
11013-12704,86.72407198129686,2.066117874906683,45.52524151363518,0.0,1.1917555427997015,19.80507335424067,1.5105693481335365,6.867631587592635,86.72407198129686,3.6837774140409696
11013-12705,63.86792373947899,2.2978148742134987,68.46021069735673,0.32377518107155,1.586737750785763,25.415852578085083,1.802567325346876,9.418720560944678,74.81030241032676,2.3285869501009473
11013-3701,36.5276645495998,2.105452183888241,61.81676160512009,1.235279050310405,1.4839850879494327,22.545321805604797,1.0061458975660884,6.054270484730572,77.8116762105937,0.6409350451783427
11013-3703,87.91245643135115,2.084935267674073,36.75160598754883,0.8450055909532694,1.1588548918878125,26.039724427407982,1.1704619780749177,7.224509326936996,94.18031963174217,0.8790237520190565
11013-3704,25.41126747628208,3.673343323295158,75.54428609330255,1.0600762279162825,3.565915883659029,31.53274876395528,1.0457296077290623,14.43279574667246,81.82617584770365,1.2244254532570678
11013-6102,7.123589340475655,2.4618533921330674,54.96055002031663,1.0521240182664073,1.5292622523465478,25.82463280389086,1.2934901760046082,14.360101609118592,56.82302902823137,1.0681764424333795
11013-9102,43.12306157065841,3.210260304740423,58.10092994942176,1.4638311949843592,2.29690096306574,35.66497256728677,1.1555228968120295,9.721037647925716,82.46865975855664,2.985914654028625
11014-12701,16.21652821510804,7.49454083989691,87.83341835474987,1.6499434320540711,9.960670195488408,62.58763593074741,1.3836103217216367,18.11242632435357,113.98162070654716,3.3003725373944253
11014-6102,3.345558838014594,2.7644904450279437,68.28994633749812,1.8481386615014794,14.40391484118881,75.69156849453066,1.0162012280067771,17.016449382714146,92.8978923688512,6.985816554264994
11014-9101,101.4322902489987,3.662717113031061,88.37168772037741,1.1903962502498684,7.419870881057497,147.625449819653,2.7677385644620984,31.99431614748088,139.9463279979319,6.977505823907748
11015-3703,57.03555210356707,1.712365582853728,46.75905070098064,1.3586793052963995,1.3105155480623125,29.308091649550946,0.9320946460019883,5.656157084573699,78.89032021578024,3.9965066353275054
11016-12701,86.65550363494994,2.3518074638897324,24.191062927246094,2.728256557089445,1.104924821618417,32.70502713658475,1.4903524856379298,7.838929941722334,95.42417188043417,3.7550053104019017
11016-12703,276.26042639914886,1.0279943204534532,73.04578074768025,2.767815533820454,1.361286521821902,23.72640469569734,3.0704361140377188,19.268468235199595,301.80791577425174,5.371891054459693
11016-1901,111.07613558733557,2.9502827628055925,128.40245673474317,2.054271621079053,6.471488433866604,76.0370367743522,2.855082836828398,21.1887210215813,214.95831285389008,2.640494232561055
11016-3702,57.576686450905676,3.7938210839252746,65.93050132915822,1.0137607025610782,2.2729770708416814,20.756128770555804,1.973149203896801,9.664187440765248,87.87332517169355,2.290587749598294
11016-9101,96.78958849226976,2.860094164849166,72.0255203564247,1.4040660903708109,3.7019631703803793,36.003827171677074,1.9533982090979185,16.64674060828272,129.04287587424392,3.003650460138292
11017-12701,21.725002519801834,1.8996938077153886,79.54180033493228,2.1152987887895707,8.257052619252539,57.47906921988303,2.5566689310556727,39.509884216349796,117.70834894681528,4.562780664240632
11017-12703,118.9321655652724,0.9752600838062989,56.26666531282907,0.7155966385369465,0.8808762326947687,23.208890491905205,1.5280762294674903,10.576030942451153,128.10306135537041,1.177874153914027
11017-12704,116.60060039445058,1.5100903134028891,56.69485292734291,1.6516085517820613,1.337326995632648,22.875015151999946,2.3680947659098406,12.897102687633756,137.49354845045917,2.0845439451426886
11017-12705,75.35536847910755,0.9285083391170831,54.66905683655017,1.1091894476864408,0.8936572369784608,22.095622757668465,1.157167541182662,8.952087976895864,94.8339204448124,1.364887829608165
11017-3704,127.59331120315706,1.7258363452003986,107.05466512861199,1.6452873674932866,5.842495812435523,76.91992747710367,1.7385392711306222,18.28903727928279,187.44652618210014,5.32241744756596
11017-6101,16.573364994585663,6.4054819379370835,60.639364578351525,0.834384152135256,5.451052617035483,61.82566025981939,1.196602086428566,19.180888228015014,57.817104225065606,3.192234707849723
11017-6103,85.30768636211654,1.9616620382556238,82.78401587471586,1.4566095018098626,1.4266190832214145,37.440830804642815,2.168340378145238,9.065709456600729,131.3766638645312,0.6337774914804242
11017-6104,204.39013467362108,3.7478434710672692,109.44690215042075,2.010101544592406,2.787597151839065,57.59860449286714,3.0208109955741618,13.303045121716057,256.619520966319,1.6766150461768587
11017-9101,188.90045369503798,1.2166759302876555,63.09607381996517,2.4218266955309726,1.5905896131679045,31.414739793119047,3.5104536765937917,11.75328443736828,212.8965731441698,2.6097897790343
11018-12701,154.28533583833214,12.795693890016928,101.15891186672008,1.3340017682793717,16.25280597916128,126.65353258481086,1.050966674815134,42.74989016377218,193.5328713685354,7.185936772589668
11018-12703,29.683398643540002,1.5169197283160527,33.42222919759094,4.0,5.50675713579537,46.4103190498149,1.4685819119831716,17.089228214934877,73.13881167462671,7.11695490867311
11018-3701,39.63695849480276,5.279268413700616,60.93255745660275,1.5469661711683171,5.258059916377068,40.0363549490224,1.3458343109167537,21.97691919374737,85.52559976617674,1.9208560364732383
11018-3702,91.94370801019414,1.1337466222130455,53.839329354194234,1.4213854571025841,0.8662402420036619,21.74128003399233,1.3171907045139326,5.417274153628203,112.13285708227066,0.8000188300356483
11018-3703,132.44273866190906,1.8213690315046838,70.34909111559965,1.7734078026034341,2.082240188459812,43.14852913593424,1.6720027313030976,10.093943903237939,162.22720086292503,1.1100101564158584
11018-9101,255.99064149663224,2.613351624735995,90.24711472954633,2.1617736343659466,2.6128975796475853,43.20403620363083,2.7596425456529947,23.651827210794018,288.33637315066323,3.457763805987817
11018-9102,65.7687167098072,1.1817719717776871,40.48909988910503,0.04331822449780409,0.5481101475408955,27.26312104629247,1.096780011148844,6.262530601666723,66.30639919709577,1.7294844100920856
11019-12701,297.15636784787586,2.4808467902220412,94.50315209241273,2.23532699808411,1.2933279528495165,54.155933167834775,2.545513718980545,12.684351649299447,329.03687876181357,3.8817145997698814
11019-12702,115.80395903040558,0.9725532813567068,69.88246156486336,1.195214632363863,0.9653292349418304,26.08962645709192,1.8262523408023954,10.054214251531413,138.73520615140336,0.6036524407214693
11019-12704,167.8526839650626,3.9309218818113965,64.11893584594932,2.0390783916343933,3.8345377115996775,40.455408740534544,2.0318242425138067,22.78331305795773,191.2005751779968,3.1567712844638396
11019-3701,62.34068188461477,3.524605326252583,64.88396248556595,2.455265646507274,3.1359718497519387,34.928737254497975,2.361187482489918,21.154349185925426,119.25960612790281,2.2305564509207807
11019-3703,18.74737891203059,2.08074799006427,95.73619661665853,2.472128391565259,2.937235050586583,51.136986358979875,3.804165023982943,10.890532647215013,151.68901606105894,5.689485862129042
11019-6101,90.75713452305936,4.24453241701995,78.75276379484555,1.03173961469997,3.724126704183377,39.43243865596437,1.9080981903462217,18.38083362658613,120.97811493354722,2.2859978049406977
11019-6104,109.49687033309596,1.5728896459222181,48.301044311260014,0.47508048305701067,0.5535957701964873,19.313429113189336,1.3135986316181045,3.937532618474021,114.44615785477968,1.2434850144785214
11019-9101,170.80335236174054,1.3548510512733174,209.20523049488003,1.261642820257596,2.3830975044042497,77.46414720937014,2.564947695774835,22.34062770886279,290.50282284017186,6.6524429431923435
11019-9102,5.736491350093231,4.213159815091522,56.344617457700195,1.3830962137056217,4.888382098194117,50.51673341536553,1.5895079637890546,10.85702917537296,66.51199062311238,5.264207401207701
11020-1901,45.02556125881557,2.075407579780429,142.80478247731588,1.0415212666920564,3.1396238969699604,71.98882447418106,1.5755322572485264,14.83094261995485,152.53609017500767,2.8970166057129445
11020-3702,22.490866917911305,4.018458571373528,82.69610964981847,1.4680240320852254,5.1764665168887705,66.80783453280617,1.4566511048212158,22.228874101314382,102.68951542800885,4.014189157257981
11020-3703,136.23995166118695,2.7548836976433,109.60715486166839,2.140397238307928,18.534830414783794,95.97890823417825,2.711828531710995,57.42957605403983,210.41738405151824,9.553176145078814
11020-6101,5.507781465479507,2.2871875134579303,56.5672407276382,1.0045709008603414,1.2962413030902413,21.112355452223195,1.4638817473089494,9.33386065633717,56.96327404369448,0.7901035823328005
11020-6102,32.368901968287815,2.222747757982145,44.270671727847976,1.5661935135661706,0.634075584265941,16.28161785609053,4.0,5.2934791468166935,64.16631935847099,1.7441515971072519
11020-9102,149.5650189550978,3.163394199685435,186.56362338874007,1.3166506712596042,6.218980218905027,77.02762201061358,1.1902372561741954,28.971540850901068,261.1455899726816,7.748660327650432
11021-12703,104.32856574143382,2.6299356501054727,76.60543991541678,1.049704907294628,2.253181591429075,42.120550254045924,1.5605973057244338,11.455562559430366,130.55470502988038,2.867105050220723
11021-12704,56.852084887887386,2.408507411948057,45.71430587768555,2.0422858350605426,1.5042997824482052,24.284077970661166,2.7503726807584803,13.486004421288445,86.60325584714141,3.9478656932236036
11021-1901,28.89371397365961,1.5073670983713034,111.34999337743793,2.164487453483006,7.224498840577173,131.74549844038248,1.8213428688843125,17.24510063763821,166.34884806971755,6.572930103570747
11021-1902,281.1836437478687,21.831553389999232,129.96950661260988,2.4166282689620555,6.84367483830774,31.61128090346111,4.0,12.97088739840567,346.2457245895827,2.991363764307307
11021-6102,130.47483922446884,4.626980542148073,103.9900513007417,1.9391445498587672,3.8868212873440147,53.556041469844885,2.1691594670641035,15.785666870724043,194.91910779843224,2.9207168335475617
11021-6103,29.735539559677406,4.174253977913022,79.81194448907179,1.5722072514732455,3.076176004936116,29.314165339606717,1.3788892605626508,16.67591094687631,104.39865116548872,2.8577730571399886
11021-9101,111.92492746378365,1.2466310815232002,70.57937584737633,2.414736399302252,8.85713407972327,28.679972066351752,2.7680604431874993,46.772407104235604,156.70377757719962,5.350434720508685
11022-12704,128.96494481087416,2.7871609692711803,82.5839434655597,1.8750661786819727,2.0145413739051063,41.183349513794916,1.8110183871579038,11.466789694695814,171.52291481801112,2.0242035204010316
11022-3702,176.3257384896547,0.9569768546462782,58.922182312061224,1.5476863615188945,0.6095721776649209,31.333010333940813,1.9047039555517569,3.992008696946322,190.95564940676422,0.6222746522576084
11022-3703,72.54950361245086,2.1766950529238054,61.94127233540579,1.7728384304204305,1.886478100234816,39.477684538631415,2.405481597912988,4.974663132696351,109.8422382211441,3.350975187088626
11022-6101,50.06591809357314,3.58481103991521,48.53661449107955,1.3611708499468855,2.8213444640668452,34.61726830185616,1.1722308758855526,14.135581271935326,75.58602022341556,4.3874018088557225
11022-6103,219.53835038201217,2.0031112845866907,109.10261647990347,2.3047765214865055,2.1728967843303817,65.78368057939184,2.088932784958117,10.136908678534645,275.0122182113821,5.402897922671113
11022-6104,28.09072767044771,4.236570915107205,82.60261371678989,2.357457913331528,4.762267518088543,44.83364366840768,2.3101217606935287,24.860770785264503,129.90179547364585,2.217350801191657
11024-12701,124.26640688893765,9.813414235648896,142.31607377310664,0.8121882378409107,11.762451307856798,70.05569334529909,1.2442970424687974,40.64452478478505,178.58356779525218,4.943317378202638
11024-12703,82.45004957585596,1.5795513107181691,50.36727983444296,0.5202836637877692,2.4286631167060553,22.874347099572418,0.7932691756344656,18.953015178341865,90.09938394746698,3.997557256917347
11024-3701,79.3141270548721,5.5058049115674645,215.10758113337016,1.7885411873956931,29.10767665729088,82.78508571278097,1.933696220771301,47.741441215570354,298.4104648830704,9.838293610075802
11024-6101,41.61408179623873,2.3797350032472595,57.52186264556032,2.254566775509822,0.6881467919528155,29.68763751774841,0.17923211196677014,11.916555825268523,95.87263803737562,2.788821351329564
11024-9101,100.78709032222173,1.3295692462950774,46.3272737758281,1.4214050131748261,0.7632010210921669,22.53761873525758,1.5917403011285907,9.775756062655129,114.92902234597507,3.0675013063478334
11024-9102,39.12666293217609,2.461459786931273,44.453568862045486,1.6075128946999424,2.0436476729825506,26.722747651040862,1.3257954983333355,12.195897424966317,68.61146979463625,1.950314444913779
11025-12701,260.0093135646954,2.6763212058060226,93.65158853797149,1.597995742170526,2.349618468103693,39.45247588382622,2.2772880051776334,21.911671128939997,285.6925911073037,1.7750146263410562
11025-12703,54.70963082010862,1.3063332035226656,35.917203294039886,1.71026749023547,0.599055927477798,21.934530349139372,0.8870335237884062,13.12422054077187,72.10732675089919,4.300466177651774
11025-6104,32.066162310730945,3.6465498515676122,232.05452094559803,1.6334070501567015,20.10480794978194,100.86562612610248,2.534530768676877,21.648081979393005,298.30532372135264,8.190700584446454
11025-9101,17.869125089738507,3.5797401851334785,73.69953750040104,1.6815392546975727,1.5813759836303694,43.78133132800319,0.6617233410972216,14.627649335522989,97.22546452213655,3.4539011327703837
11025-9102,60.71925858491954,1.2725276574682047,71.64642078229153,0.9880251907498341,2.683493734066563,61.33324599727018,0.8217827201713859,30.94639729953547,93.5872254534971,2.418970695281104
11742-12701,185.01498188252197,2.2422188807933687,91.8440800070688,1.6591952235616598,2.3046006863096657,47.374962200450085,2.141769799240008,11.840962847173168,219.6051254315319,2.6416148983434806
11742-12702,5.603546997979784,2.919092663256877,123.6532697058088,0.4578684626403282,1.1821283127417874,29.573612651989745,1.3206504788372122,8.778594319229878,83.8586224748346,4.429974696886856
11742-12704,25.1131922780133,0.6135133595402045,51.82176052990611,1.1695562544800802,0.3862144969313208,21.765794041407162,2.353324498363472,12.183040087523628,61.41261874767894,2.8498208824078346
11742-3702,6.130842482082197,2.3486783816443553,54.87558676491412,1.1468857299136777,1.809850354125963,33.171479656429455,1.261902104570016,15.231692609954797,59.086704602158456,2.123680924264697
11742-3704,,,,1.178,,,1.178,,,3.8342596241084475
11742-6104,152.05636724660295,2.0360909437871486,97.92046049474536,2.5699522577370506,3.3172183983628174,45.707799301016635,3.4418348607577647,11.29127975903175,218.54727558844255,4.106295385042705
11742-9102,54.6239162062276,2.5204567001325833,58.43702476865171,0.8385145510619099,4.679411883126806,31.31244947052729,0.1711308920474619,12.496085964438716,76.4670105910187,3.9391150611713295
11743-12701,100.69821914018023,3.3662246415524946,68.39475485569113,0.7657081016806759,2.531857328139475,37.56094127440152,0.9607384112418862,13.608556323361023,117.14091186403765,4.115434969784674
11743-12702,39.83901325382519,1.459321311403588,52.5585599025048,1.133478579116924,0.28305245949203983,18.09413042762045,1.5572571472811316,4.471336831185587,68.68966966879782,3.0827235049993513
11743-12704,32.86427297992992,3.769078559430597,54.302356001418275,2.1830652336325915,2.982873488836804,32.41513655431352,2.271116973083089,18.259081154493366,86.7027394274839,3.978116924218982
11743-12705,50.208649652163224,3.631691819406408,69.48639800218386,1.3038054256065421,3.2408491872111234,35.09684558666825,1.1529705358206226,24.964760417093608,93.89435458169825,0.9813624594821455
11743-1901,117.13493295215919,4.105063237414431,81.46159827932365,2.0546944883007785,2.7900029201659886,49.37017884920042,2.5961742002631083,8.06505500376928,165.3950685257655,1.0610853109498566
11743-3701,67.48265048172146,1.5110968219561431,76.76404266819972,0.9343428202038595,1.0110243656633684,29.983220697814236,1.6427270297042575,6.089156358482803,100.29819091782021,0.911961606940636
11743-6101,160.19933782597087,1.3472225699060552,55.426654018373625,1.8581393245093816,1.7149433591803984,29.202140033078855,2.041068688474055,11.91674415474699,177.1221150151823,1.9800153518790882
11743-6102,124.42184155456385,2.0052260166845994,92.22399405133461,2.0882877013797017,6.02696412401988,94.3926233854338,3.325176192434682,18.455545765746393,182.32453240532604,4.844960525824073
11743-6104,136.53727011832154,0.950144279964102,63.76705398107985,1.8700442315368524,0.8826161185852257,27.586245460213647,2.874144007257249,8.297212698672757,162.00762173919293,1.6885943295665367
11743-9101,164.0912520471792,2.252618766368914,68.96783157422652,2.1649659068346523,2.2496138583600156,41.47306833435161,2.7747786512991066,10.931227451692134,192.93453063656952,3.4965037721862364
11743-9102,3.8206573993477106,4.575943539447085,132.28996787975387,1.3503840935678668,5.631764641563547,38.51762332940211,2.2962494540197946,40.506801242329686,153.77638754609526,1.6878407018737125
11744-12701,199.25596071983594,1.671027378802766,109.62643158480184,1.117253803435315,2.163501050006927,51.52376713114521,2.786012650798778,17.13435532734638,230.49955153812365,2.857673783095721
11744-12704,55.76240141362693,2.0606290755820265,68.47016586953845,1.2418348545945326,1.737425198338847,22.19990784252622,1.4056780606911696,12.661057949249837,94.5059278118178,5.898168675057103
11744-1902,60.95980569265534,1.1581382697423892,45.121075074831374,1.3071284485681443,1.0749840228426428,28.999006884322135,0.45073527444405537,4.022982469073675,79.8579716783806,1.1685962391284594
11744-6103,153.18528383205938,2.1139618533210665,60.13684435079104,2.2623043266255802,1.4188274016320541,27.505415192294308,2.916233091741836,8.204341074283713,177.89665300771446,1.519878205886569
11744-9101,69.57052659167489,0.8541459197823444,45.96112969978211,0.6247407520987591,0.5642289684222818,26.979573909296228,0.38722828086299954,12.539422930760272,78.48424319843039,3.707315292765941
11745-12702,55.01334947129875,6.482622919619629,75.70803732293578,1.6001950989912874,9.281905842220763,85.02897522063095,1.4361067987203031,46.14591975677085,110.44599555780388,5.171843976839757
11745-12703,37.32806089099604,2.099759958649368,35.87040334013964,1.7919300446945439,1.4862284232084948,25.6256835409298,1.789740905625314,14.247447520741257,60.81969366173022,5.612101213382401
11745-12705,22.52773231708452,3.112132612611905,89.3049193487233,1.4183703798123928,3.0075371934262733,29.57123913175231,1.562711357200989,26.052337252719532,108.71764043556156,4.1015960954947275
11745-1902,161.74662127059906,2.6158052848329327,75.54042718802214,1.129434467455252,3.5730279451812628,40.66067600341862,2.51432219184269,16.723945763605137,180.57387629516592,2.0220019948329337
11745-3701,66.96249911348184,1.8742185582692532,75.47357829510469,0.9450287983011338,2.3738958997990447,32.524118607217346,1.6384898541982063,10.637223105503328,99.33331261311012,0.30837368815478605
11745-3703,96.80494622048903,2.8741491116670583,42.40184114245142,1.931345225407898,1.2584763154890155,23.729800951876452,2.437191466819401,3.7554830274101905,113.32958285679281,2.580569277886848
11745-3704,113.56472142854201,2.1986164777389336,99.60803117462109,1.947044507581258,3.2376477834758455,61.04549590563383,2.5014361000886254,13.077309881650896,179.48552594094346,4.870369377170077
11745-6103,85.27404597199404,3.4718200314562724,64.52509960208968,2.1185128637187716,2.092315614947222,36.70081418563191,2.2786479430854083,11.153328923954115,126.85451042993702,3.5472531505954277
11745-6104,76.363159353672,2.7697923053673046,74.51901195494538,1.851706855468802,2.6903275690723394,36.41958746149822,1.7184034555085823,18.88482795590957,126.94098719829067,1.0691466429343734
11745-9101,100.47715223808453,1.5916129353605202,64.64458787096078,1.1814034842324292,0.9707286509976338,25.982825493945818,1.3362572580583936,8.916539165495314,122.60771594169051,2.0551716391033343
11746-12701,91.86616188664537,3.692797873241962,82.1485408302842,2.2765822984215864,3.1888868262579892,41.20215581140347,2.733583358205724,20.34681163039464,154.2810436684079,5.8761567127630165
11746-12702,80.10988668782724,1.2881822314953975,55.849975679691795,1.106168872755859,0.7568814389766829,22.82690059776128,1.2063833599142237,7.024566375063296,99.33769564894483,1.900920277236698
11746-12704,49.404171727798435,5.143066526982473,95.75592986169852,1.8377773018779289,4.797626213262198,46.25183202623245,2.4768211154770836,22.634071727718993,138.89462313377123,3.297560121162478
11746-12705,94.38318523599956,1.4648631860241266,68.82775136704913,0.7533678614318977,1.5887492428005516,22.774550456543942,1.2479637012069469,12.392389476875909,111.70087111147247,2.3256315606739815
11746-3701,74.38335896072043,4.288425909918996,86.77001263668707,2.2227931415815325,4.5481674450991205,73.90566009130438,2.733260329914205,13.274120967844507,149.22590813146903,4.0183735014271145
11746-3703,176.33479240786923,2.6906976514466394,70.9629106628799,2.1263587725196413,3.5308172374617133,49.9579455695637,1.7973133386697198,16.346489581988806,204.45473251346667,2.2339316274653225
11746-3704,142.12441049711663,2.297399308660696,80.42840093689398,2.3859432252649793,2.432226024388584,42.39143131902061,2.71689020315803,11.924529864849857,188.76801910495652,1.4643772253583862
11746-6101,76.41001647780232,3.9525687346980365,136.27238550531914,1.9805625960866564,8.18185244424588,99.67200895580245,1.9049553311507954,26.256851951000403,206.44093819006363,6.871669266489915
11746-6104,15.393935922280486,3.4277343378525957,170.1110891352371,1.3237783580762907,25.96858382053013,38.74085818219514,4.0,15.852313671011299,196.32672681450626,6.67798790405475
11747-12702,33.83799566780086,3.9300200141962582,55.85338004605783,1.5291977141342121,2.846637501145248,33.65837959942526,1.7483691312659406,14.634775906078982,76.91225673134379,2.781472543740957
11747-12705,46.68240164231657,2.6882851357559634,68.28209252694023,1.343648387433162,3.511119932006558,43.95944518620573,1.472896570376715,13.681531424609233,91.89087114607428,2.8852775087812157
11747-3701,99.6555068343069,1.7930689408320832,98.3858757681738,1.5637645177711827,3.446432105765618,101.4789305410732,1.5640322751963383,11.888894599196814,158.32914263442711,3.4040713168021774
11747-9101,23.08181410083742,3.1284221659928435,74.39328808910554,2.0447900238747003,3.6195053274332882,38.71069925344774,2.4255567880543496,15.546875947901608,108.85484345186649,4.922379653595935
11747-9102,100.29833067377201,2.0406436079453454,75.11453147132153,1.9406908426412235,0.8995743244278191,32.78166516181456,1.2954606126120207,9.883496539722405,144.9465663938641,1.7425070769880304
11748-12703,82.05235551118352,2.9248401867351324,50.853595121453914,1.2426321508913643,3.4952441321287653,30.143365752445902,1.4600349106904937,20.324000607145667,99.73036302315958,1.7937719552412514
11748-12705,168.9902716790533,1.247318363395617,110.57334813744589,1.8611425870515168,1.8243844144811594,41.0140460594585,2.4799111275133825,17.533103637887557,226.5235246397224,2.7150624904653813
11748-3704,44.98256995696285,2.184167607380458,93.1009278966974,2.1471372444093886,2.1032476732470005,62.14256338174478,1.6502314981088126,17.153444764827732,143.64661786158098,6.2317605953705115
11748-6101,53.86541926588811,1.6739429131405446,51.4418324208619,1.002718118648232,4.629467499406394,22.955795690781258,2.9938988067812877,9.791621077188791,74.53145892795929,5.227551824297313
11748-6103,23.379275354602203,1.5193712173480087,62.94900719972771,1.8054015949086226,29.83118245200992,111.2902070883409,0.5281935457372999,35.20889898150671,87.7532578766848,6.468016878969522
11748-9102,35.617588166386696,2.5884950602418804,41.29796174165601,1.5665774919738316,1.1402681181942027,19.1488876540387,0.9658821337735537,9.190300515314188,62.77295919724415,3.2904396339271993
11749-12704,134.92394126359085,2.4928902194760907,121.20906765627478,2.0082024467871404,7.584204214206582,109.40254019129482,1.9490877046126882,75.07160475078813,218.4221908824561,5.783656628128158
11749-3701,163.42486381236375,2.3968777629828955,79.09030874922342,2.0437194841205972,3.7456110605268496,54.40630548047518,1.3737615943187342,10.772238724706451,198.7252310828887,3.5537354318611705
11749-3703,19.837280644845087,2.371034929685933,81.77205349620614,2.1443729931377975,3.3058754127304733,44.40731946367853,3.49131508905874,9.633299158620696,121.37639617511023,6.2751123531775495
11749-3704,89.26686354253233,3.4900191512601086,57.65112731984022,1.0500295835976485,3.7787801581781313,40.309404273377126,1.0617915177878037,14.929977575704434,107.0444130145505,2.450338339670907
11749-9102,10.943141926089137,1.6691119864980948,54.423877324534274,1.2699779297576164,5.75917115842616,24.5698367830586,1.6049115267753011,17.520650038251155,62.300675608935954,4.598605696359018
11750-12704,8.046733291712048,1.482943101108058,48.648420410704475,1.7443744931169571,1.072138356540514,22.3129562979893,1.2264551685411327,11.123213256532857,64.75420156094295,3.60627047741392
11750-3701,78.14543963854791,1.1062792198768958,66.09521892895401,1.7955322554448392,1.2717822215824228,34.96022495102487,3.5274576926941306,5.126380695623146,118.11279517208655,2.7153920530413096
11750-3703,50.72686584793734,2.7880014588344113,70.0758596876066,1.644559756404448,6.375442022575406,59.08809970323507,1.9968684340096523,19.773017080819887,103.19415196407016,5.374032787711269
11750-6102,9.030287131222964,4.199674754271152,68.10493535922544,0.5363256869078974,1.3541650267304841,44.07638308237804,0.6221925275405611,9.733963273667083,50.68703960125293,3.5559000168232235
11750-9101,211.1485746806393,3.086660551343498,83.67314782707066,2.1546542166980145,2.429711229593519,51.60673457292044,2.3898815740810484,16.474178113432792,244.27213585696086,2.9292580213445802
11751-12702,34.54209255007947,1.9648995323840537,68.2922011646259,1.9683608752186759,0.7659258095252298,22.71418094812142,2.0702250678346656,6.294062702727049,101.8491350216264,1.0232277647606356
11751-12705,112.23963129340734,1.9541764301856217,41.89754867553711,0.5513072781798583,0.6548880903177795,21.186653422602117,0.6415160164745477,6.85152602571677,116.47103569880065,2.488705581300879
11751-1901,55.739583781344294,1.0818712752118145,69.09787678369686,1.797209686089777,1.6060515460560074,52.78346604987901,2.394340830143249,6.19959063662809,108.10970648802896,0.3621852961452026
11751-3701,18.338236017593907,2.1887102582635256,62.07896720872628,1.085383056555034,1.8250984616376154,53.12805713704255,0.4943248567267968,7.664783275418699,67.22453523092929,1.756045445944131
11751-6101,147.8591601159023,3.7999044570267206,109.32940125480636,2.443233341589692,4.825834277671867,125.94009277263035,1.7545816752506092,25.881200249175187,225.97809399388896,5.274767723274909
11751-6102,104.38749323445825,4.003471208531577,100.78572914229609,2.632615775114254,5.087882883829834,50.68709129410948,2.2330216514710868,33.53337363781105,194.0057637820672,2.59906824215326
11751-6103,56.86661217185166,1.8651916415465921,60.762046825862235,1.1848753963549754,0.6490898465101937,21.793647196632843,1.5916233950442065,12.23739326117281,87.22615861259678,2.1022410035155157
11751-9101,6.575881597515634,3.969649765562233,49.51807121526403,1.2538494650363623,1.6900921076552895,35.61288192319867,1.1102558235380153,10.040366207268573,55.8366410140651,2.6787649412485885
11751-9102,29.925971372999665,2.956846776545248,57.135357782689695,1.436197967317768,1.9588075750267624,33.34712544658825,1.762482179421287,10.154048137439963,74.72589201416363,2.4297897788528573
11752-12702,99.74456668079306,10.142931876403653,167.7426337016706,1.4612150781161903,12.054907821721207,66.06378783218081,0.3052659084270398,15.780953003778894,225.97356272120368,6.216867408384953
11752-12703,15.880140931934452,3.3646982121486237,26.501839817843546,0.20665866009914824,3.5254670330892557,26.264552377272167,1.357031412181548,13.298251507428926,19.933014627236936,3.0768710450429655
11752-12704,22.01926089544276,2.1520227494163247,55.58974108225871,1.4739969921939713,2.550820796264466,40.74544287505018,2.172112874794526,15.510213953809233,70.99170249991705,2.6537927871980727
11752-3704,33.98270422279429,5.818062596403983,149.3218770118169,1.7098673537655458,17.386416642736293,71.02671756294502,3.043734456447946,31.158337433335532,198.19126071062644,4.174631323738489
11752-6103,254.64918938824962,3.096472834237889,153.33774057806028,1.9586640492910816,,,3.364210194961254,75.85481519124626,333.0153525419587,6.208768226307843
11753-12701,197.4925587919256,3.9124695643094265,100.03696766688084,1.7668939500646927,3.663571998019151,53.74493493423111,2.278003650333166,20.67533042941081,238.08678309152984,2.4243031058636215
11753-12702,25.27661794271575,5.3308298919496435,60.16009485548237,1.240364897996885,2.016601351913566,33.10345399279042,1.5291591689687136,17.333081973894014,71.61062744526062,2.1191250178504673
11753-1901,118.58375656348642,2.0504288245041966,83.01310422793884,1.3125338650910856,1.1306912297617693,36.16054394953872,2.124320096071397,3.638145083520789,152.00989605956258,0.5102176075049469
11753-3703,149.31107314819855,1.8626829189640677,69.77513050721294,2.2885279284355473,2.0510335933138304,37.92548852469219,2.1959362315023085,11.770029296795121,182.8541832180372,0.8525357610472747
11753-6103,102.12343043514456,1.3465186449279605,66.85782720961848,1.203264192867572,1.5491741068668585,33.65835231003532,2.0691619972601814,11.01023162881513,125.72887001795782,0.9152288169312478
11753-6104,17.677727110710258,4.376119661851972,89.87218219684772,0.816248260013851,3.206556678617794,43.187883412177094,0.8584353383834387,14.240014351558363,83.09841566831354,1.140908114942279
11754-12701,177.89665634683632,0.6556590583461461,57.48513105430429,1.4247800595952804,0.679345461292148,30.01098605669967,1.6893794803334026,8.674484713910378,190.67108709509708,2.25060686472221
11754-12704,92.47097938542693,5.282812097815974,61.60109771860093,1.8534400679933976,5.405414568509179,45.453889307324985,1.6171852234483,19.659880579526224,124.83638184597106,4.1088242418700025
11754-12705,83.98632491800328,0.9532041365828707,86.62048733859763,2.37106712795768,0.7483338004555282,29.25976168029822,3.830138204384518,15.121663343611635,157.62004146012163,6.123774114807669
11754-1901,152.2446744482054,2.4243596817998028,84.91440872785014,1.410689699595359,2.107966142862421,37.4390372717811,1.4943031601837213,12.390429633861055,182.6202564025156,3.9555273808296674
11754-3704,104.96968798734177,3.1309811587041407,86.08248346652968,2.3039956292696724,10.728904696199592,71.13077984680189,2.1666159047201123,23.199400032974506,167.60575733398835,4.405427374798949
11754-6102,145.84253498018958,1.4880111893740684,74.49090411623503,2.3969029074627834,2.820419099443621,55.04713052896918,2.5672799654199623,17.223499953317077,185.93065126362316,3.2914091087621387
11754-6104,181.52647004384124,1.5654157329656526,90.24532996073664,2.197125992304128,2.643368003419956,40.375078549169686,2.7545891423174647,22.525111705964207,225.48999058099565,4.034890807771234
11754-9102,106.12215016603268,4.634743977836521,212.1772491439376,1.5202909251424948,25.64776518605726,145.9632591157299,0.5962778381077536,126.11533290123722,282.3192682960331,10.889861968652932
11755-12701,97.36641677303453,2.1123561064175114,58.63279886056857,1.5444408187582823,0.9886309020942108,30.796317461007604,2.0129507955306445,6.395379383371653,121.61293369551747,3.226053281303948
11755-12702,82.64458716324816,3.0150336087106493,53.7019477711012,1.454465251991457,4.19485124768496,30.501157780816975,0.8193731021225095,19.159316489604645,104.99837596791362,3.5655994904580885
11755-12703,85.70031632432311,2.003608758793191,62.236561392931414,1.42409696329023,2.0419113320474778,34.22617210342307,1.5801502281424753,15.661568950482419,113.40470249546726,1.7147187769606873
11755-12704,15.74888337854638,8.219576792870686,112.23245983704713,1.6504304450045835,7.040137002223357,71.09055018138554,1.2955348564398663,20.99311220930348,145.0415650237712,3.353672698488446
11755-6103,125.23227397073728,1.9721752583925014,60.02964587701082,2.86050528841814,2.7798317521918112,34.43746164509371,3.6536250749079153,12.034861061146275,161.2176177059401,6.706010929467339
11755-6104,138.94316466030978,1.9954598802242292,87.07678314182556,1.6425502802646164,2.459291932865586,58.23058596333557,3.2177805271646895,13.414455748805134,178.2122910206353,4.312553264407141
11755-9102,170.3420053478347,1.1857101407880437,59.54731314471687,1.7217182859758053,0.9037735047540585,27.39363059698976,2.3744745057671297,7.984999620836365,187.40706905246833,2.4144760925496525
11757-12702,83.81879291163125,1.9907608415008315,63.98393034467084,1.809364846246186,7.6694208528610135,51.102250864753714,2.9092733739589836,17.965982408809673,120.13753456492141,5.290985437201163
11757-12703,193.19003401584632,1.1510830504998772,67.11420940194304,2.349988691028547,1.0519218770137768,32.08876321293043,2.919043225263214,13.332870367388505,218.87778210093134,2.959363954607233
11757-12704,262.3438308334581,2.0146229762670966,63.221087489576085,1.8333367503162958,2.6326291454336954,34.546207918762775,3.719970199069291,29.483620560116556,275.95644594132716,5.0386771349837645
11757-3701,97.76977629883069,2.4766684484552974,49.478462394140315,1.5505600179601733,1.8761889133209086,37.579614847511934,1.8084261093571192,6.68120031265218,115.56333078050267,3.2739195631233926
11757-3702,141.907990726548,3.418109016915625,93.08627920475752,2.3252172016439836,3.590499707571489,59.353555164800284,3.262438298070023,19.620586978462747,200.71376047982253,2.9609217115280426
11757-6103,0.502722613597552,2.8975425964071504,101.63563681590745,2.4642334031918574,6.129682744482691,86.35540219336359,2.0432633053977436,10.810257051641171,159.5471639366347,8.31224765730322
11757-6104,250.92734863117835,13.55601811306681,92.94997011717452,1.005648753103709,7.576231843921879,43.540221293178504,1.392996933909247,41.75036807122949,267.68084494559656,1.5171154441720052
11757-9101,64.0160295385658,1.8632691691803571,49.71476350557246,1.008583324193465,1.1769363148605145,26.109257386796607,1.76990820351378,7.620166696460954,81.18388959263334,3.0438649487255156
11758-12702,22.98655139252058,1.7321260699636825,44.68763329694682,1.470224150366349,1.0209885506587764,19.669110708274864,2.2358620023914075,9.05733197465874,58.8591240775548,2.8676722946341036
11758-12703,42.169263359000425,1.7367106825224923,67.78471883617696,0.09982265396341905,1.9024438860504218,19.56752782830702,0.7684628885082208,13.887515615456627,47.29596937475521,4.855495312039949
11758-12704,189.90231281338788,6.066524147365137,66.66422653198242,1.3442186744556044,4.549162650958559,71.36168059289008,0.18718750903765857,44.103371672417005,205.0286718885895,4.097832831192083
11758-12705,131.8962315561959,1.3172255198249985,225.22695454537975,1.454520182620996,4.315018858229661,32.05336209221575,2.0900925408668565,24.053470554010314,301.9607996891775,5.644887007763012
11758-3704,6.39462435391829,2.302085644016017,52.678618339638895,0.9936806811043808,1.3127172738395065,23.917588731682567,0.7610051132750917,7.4563195409882415,52.89982710864101,4.104656040540597
11758-6101,83.30237302075034,8.95184115050635,119.85280334067947,1.553667723767679,1.819796300298195,80.92490550547481,1.6353172968374183,23.552633772828116,171.04750073756296,4.939346285761954
11758-6102,84.0429993717754,4.5494084761170415,57.77904855443212,1.5534584112913832,4.905198677256141,34.222657138361605,1.7952725061364907,18.876412802568925,110.67664599114578,1.9475908438036156
11758-6103,35.62767709583381,1.6454264531466867,53.254458225279635,1.2097494695797704,0.46422661142004984,21.50831381435121,1.689821188707516,6.710083387382209,68.55819440353984,1.2979653626765186
11759-12701,281.8590438462832,5.40905242487135,111.21643830481408,1.8535492383036813,3.143673829441199,49.92111683662087,2.5985670278979796,23.761005910544817,319.955073946033,6.7181495199077235
11759-12702,105.95151511349071,4.095560622074127,85.58187229192123,1.2495814669178043,1.9778699054811966,43.08460988144731,0.8807531514454596,13.775810971006095,142.75145951016455,1.9287550338647443
11759-12703,79.8707329209811,4.076905919431974,102.36953804073757,1.4025730907814462,3.0784254269029794,62.63769210921909,0.728571850876659,18.835077990438002,145.1813692790864,3.401404309050115
11759-12704,9.31296321063447,1.9028414301921142,51.50138473510742,2.032058354759665,0.49929149272655116,27.59635119947864,2.111377621758364,3.4499994168968415,74.00370184600536,3.2291769629322893
11759-1902,78.32925468565018,1.3361112458242934,60.219776998265026,1.3539501090308983,2.5982635564155503,36.32766607210686,1.439244462697249,9.746707610769086,105.09741186829619,4.8772025350697845
11759-3701,64.77463391082202,1.9398883422681632,83.25692792040422,1.242784160973038,4.059218534630809,59.55037285012763,1.857693014339863,11.498647695984515,113.18294972979072,3.770123133287201
11759-3702,32.50708922280504,1.491908879212711,52.65279799918855,1.6687832063828334,0.9601349797321688,28.920224825075767,1.632296592841945,4.20133235948366,75.38638558102896,1.0208755742560327
11759-9102,86.04395914881134,0.9974819256312353,67.95158031352904,2.29061887465713,3.1810255238182013,74.14929818950198,1.4471811600755249,22.94108122880099,134.09066354598679,4.664621111118423
11760-12701,86.45682188458387,0.9470947949002182,34.5415879855171,1.8667149880549796,0.7652154717964137,18.315339880852626,1.568336104081094,6.940517322094553,98.4987282390384,3.4181623767488016
11760-12702,87.1755286982549,1.7948603310324993,41.94596257575938,2.1490739494698032,1.3125983378433435,25.385706329097054,1.1764453675973525,10.833000984120755,106.68078819887076,3.3099724781151765
11760-12703,109.1561116684013,1.9702708594167742,83.50557058802484,0.43154217134497297,1.1265355112467816,42.38515665550557,1.033801474878546,11.142210024889307,122.1649626149238,3.69856385295152
11760-12704,26.937542019729523,4.879362595778142,72.84154510498047,1.582349575943267,4.761817295727266,53.00447843415629,1.2762628104755678,21.698051596815723,95.50604723565445,3.1411369683354473
11760-1901,15.080834095788783,2.4454379339347287,60.169612602436615,1.377748804148306,1.4206407193566801,41.51148512114679,1.642284490845582,6.611451275406208,72.21778807784449,0.6185684531293669
11760-3702,76.81568800235762,2.4847904530054574,62.314525434358956,1.5606236702298304,1.7764714026865598,38.71506852189624,1.7936975834627593,10.229138805947787,109.36502101753366,1.282189377571608
11760-3703,64.64313757776722,2.6713019220595906,102.56309019922736,1.9087534932114174,3.297685428648316,78.6463760326196,2.1871248718995484,10.256019307669668,155.74745926442992,4.0087208208549026
11760-6102,42.84387321268297,3.5999788106112596,61.52223313703637,0.5357259567118937,2.2149029829712927,44.67208752390971,1.029073822296863,12.779249442511475,62.15554901449233,3.2470712386829073
11760-6103,55.784658284727534,3.9239563376781446,68.0170856037535,2.4476610408960973,2.1000840518983575,35.438822034762886,2.210436759605547,20.380666770237024,120.14824574595391,2.7528606871828387
11760-9101,198.77258753057532,2.2492289415659745,142.75627416508456,1.6675905457493,2.646722707048509,42.32206478954751,2.8404954424285904,19.241715489088143,271.09953762680493,2.7901256774027954
11760-9102,90.46277754354415,2.3773964327964925,54.875750088235634,1.6693398883222015,2.570622049309872,44.21262492236714,1.7610599749634175,16.510774294166872,114.93684077650288,2.578774020742128
11761-12701,68.01578625447503,0.9250304169929193,33.03295760920428,1.2902870237422535,0.6172188195999228,21.988831811506778,1.1229016791075557,8.051854233761773,77.67932662791955,3.147175975051475
11761-12702,69.3743060959903,1.5845366500503906,53.37861605544052,1.1975253800936236,1.306501040315811,19.87724532391142,1.4808756623031258,12.597435313038241,90.69109907797633,2.6040926746871627
11761-12703,51.30625893018824,2.1491230493649973,49.35319170994491,1.6401972099701374,2.0710682627095567,23.445139960103297,1.96336066958066,23.43082004755957,81.40898052149728,1.6344821996575771
11761-12704,30.25513870296594,2.061335646989137,63.87450266473674,1.5794682175207022,2.2659658180282656,26.26849900171129,1.8152305913000273,19.859405921066106,85.78769185700304,0.9816644422812318
11761-12705,118.44514783600822,6.883073303571429,187.4323031341496,1.2187267309835257,12.401504323085463,55.67613753654626,1.5649819501829203,43.48765101715049,238.42017799420503,1.3627972560487183
11761-1901,20.332269653853448,2.167390245877151,69.11474611372714,1.0699891201630722,2.5896788625955214,41.443046767559665,1.3171035972287306,9.083378486425525,74.3274963754251,4.515904085238573
11761-3703,90.41697985189069,2.2637551514112415,68.40899803608647,1.6292076331280123,3.2565049890321127,60.341529270041335,2.419248796629577,17.450427684579363,125.6963861223636,2.1105279389817797
11761-6101,27.515290064396392,3.9971449223476885,183.70236591020802,1.5264344608360463,18.61508626480866,86.31658764870735,1.969924400517581,58.274014181502864,228.62415040289935,7.464103081448444
11761-6104,77.48002063024558,1.5410833676416247,90.24584078540902,2.080565237172989,7.5595204490181285,77.87893016819831,2.898559944049328,23.582898350212286,151.48572726526166,7.864524590344546
11823-12702,183.62525004275585,3.142917714096104,71.96534799869795,1.625866736371755,3.55154270995466,37.12968365202343,1.8617838108472746,27.891965180779522,205.27692192175724,2.238221457869436
11823-12703,71.0207033140195,4.623228686648954,89.58180121746793,2.1187161168613997,6.760690470843629,88.2191613620634,2.1234466668484955,27.44735768944131,148.48038044946642,4.561599303346808
11823-3703,226.86167881719848,3.4728113909642735,107.00418196387216,2.560473594412228,4.111862106619296,79.80867754950727,4.0,16.350284805555948,284.2241633181272,7.129456910260411
11823-6102,108.86042550188594,2.5800415785061284,148.29366381338113,1.7100466879292435,3.892372444599962,52.883396642835606,4.0,16.905267949916787,222.38760599167802,8.327500515807266
11823-9101,22.47437084953941,3.6837079757828626,72.65365738647088,1.5368033836704984,6.811546331119746,71.50225526062306,0.6352185720068535,49.950177662958694,92.8288580566404,3.930771546236868
11823-9102,31.55834915508104,2.556190809607167,127.56517387764757,1.5485945070065763,1.2134393768196456,25.29724000527703,1.0334780578641856,13.362444326786107,161.8518212766196,5.482737380760218
11824-12701,198.38727880697382,1.4495444253759355,55.486237449210385,2.000725219733066,1.2036141481275027,29.026583779731816,2.2213858973174183,7.254995656143845,213.34758080493782,2.1893770797623806
11824-12705,28.58338560898504,2.7918276938148887,62.47396657861869,1.3079166645352487,2.7686875682013987,29.36579760364873,1.5745788407542936,27.88851020153458,76.9532591703008,1.793350681036479
11824-1902,130.63334463849503,1.0755275070486676,142.37243485396306,1.9898446490537398,3.7256361765528805,91.80737868181282,1.9749117046912068,17.036674849135494,239.58097397777254,6.182210816477413
11824-3701,1.7475295915864004,2.784883516689588,73.12629458592593,2.511649534703754,3.3676228546277005,51.718327904812796,2.6716815191166825,9.598741844786426,115.90507590901383,4.367910286196673
11824-6101,309.32916454056885,1.1542509351685695,120.15127013834065,2.3498798859636914,2.148604845404212,47.293273052135184,2.063465021480864,25.86526803928249,360.01134449075033,5.645860137628059
11824-9101,75.9760242936381,1.1670713071333632,75.6836154128653,2.720887926510743,1.1041636360747993,34.49465976210187,3.7968379897579148,11.659402837394717,146.14249397495712,4.6725383290915
11824-9102,33.61961339514065,3.5110763872473965,39.69540023803711,0.7588209870125691,1.6864101081300245,27.039031980326158,1.4655329855438002,10.298922368443566,48.228326250025326,3.4714820490629292
11826-12702,2.557670012654858,5.074079299567135,55.53109027232311,1.7647378817305213,3.9610824628857637,40.11936727071428,0.8863892553112815,20.110813224884918,73.81373441321962,3.538692436558759
11826-12703,64.83058429619734,3.2112919431668767,49.17207835869798,1.6501806196138,1.3280025937287627,27.382794526816376,1.8266565655231912,12.649031048772866,90.51500045752975,2.272538816213232
11826-12704,12.541909327444792,2.0772230410368975,42.18714904785156,2.158817926107197,2.355866632965132,29.604391045156152,1.4523975778108045,15.400505650043254,63.241344575758134,3.7000191922600747
11826-1901,,,,1.178,,,1.178,8.65503123984293,,3.388030525187437
11826-1902,33.904860407325856,2.401484797760319,46.99590139104395,1.1782164147928924,1.891896497702728,42.865294627983104,1.042219929455195,8.563825792267105,61.251658824600405,1.492796712960983
11826-3701,52.822597804029854,1.4049640275441444,63.23311020823158,1.189087976771248,1.1350101028601662,24.89673892023341,1.6964175162849884,4.480685922196789,86.86027510220511,0.5803187426157901
11826-3702,21.011242899778843,3.0055124413490395,61.6237725668571,0.4101504189673728,1.2266266810243354,35.768110920281494,0.9219821661785508,3.328427617190191,44.710336324186336,4.422670480116741
11826-3703,82.00490010059795,1.7258297840717995,63.78746349293439,1.6803445329892686,,,1.178,6.083177485050742,116.45538857596017,3.2583513990139132
11826-6102,170.84515292136794,1.5534486241824443,88.18599231132012,2.1881519191378267,2.053774139909503,65.62613874615175,2.2850560586489026,15.44101319248387,214.9530618850899,6.636419798715544
11826-6103,147.0946797166941,1.9307690352150495,60.89815722510899,1.9319057719961612,1.9871096463636604,46.91185026925832,2.1158796544957763,10.473251072720823,169.70999569129415,3.270858663361474
11826-6104,36.10601626736448,3.1180281141836734,140.38795735086137,1.8952729818555283,3.270480754632909,47.27577542046437,2.655859646190712,11.175119968453213,196.6142414429262,2.8110155131835524
11827-12704,143.33029619843416,2.4067879522847115,60.79091262817383,1.7265041205028244,2.1789921488631356,27.04873388488525,2.127721052321099,20.23007163987608,164.08513129993702,1.7853738661621863
11828-12702,48.715988232348245,1.1043782277197736,34.05159246632048,0.3875578303893703,1.1705390273623544,21.488343526910192,0.7256450347831724,12.816066014900901,53.12838278502627,4.465313300853402
11828-12703,68.58079664802986,1.4632747631214158,50.33698042979099,1.5197471633013073,1.0873036062672747,20.988465991665038,1.3076038195241815,15.016387668072236,92.48826227407564,1.3365581210424802
11828-12704,7.847265845638622,4.608396501173211,57.76935424838861,1.960367467884053,3.9056762251162938,33.1905677762621,1.6123446629042588,26.802461559954214,81.26444843924006,2.930404443502591
11828-1901,15.591641817873668,1.968981080195624,53.661414971621916,0.5753334749260006,0.9352721242130212,34.66540885593902,1.1173511800846938,3.804472757759725,43.58668763610025,1.0958605533282966
11828-3701,41.361347321717496,2.311669937480902,154.02642998283252,1.7902993529057047,2.614988848233907,91.59650488283702,1.9712229605811995,15.003472693514468,210.20008461316164,7.200466951492552
11828-9101,12.705073571669688,3.2630709306796297,44.25653096028741,1.3836070434901087,1.4846270484590167,32.19621074786841,1.7995693664897048,6.155692161337408,53.58551792309102,2.631932723250535
11828-9102,35.37562824077898,4.721263307787,64.49975474966328,1.5253078722016054,2.0601450565254207,36.54316229312424,1.0684743895898845,13.332917131935767,87.16105146357252,1.8721956589411284
11830-12701,153.23199364018424,5.4457663637991365,85.14735484984271,2.056867712728051,3.7015078565343074,70.19034818931479,2.266936813929295,49.419287237371165,195.93999837885556,3.8958605844343297
11830-12702,4.767910696254136,0.7721213115132638,60.60223193194959,2.320336126043234,0.7644161642377916,28.72543570923021,3.095166920522724,11.216843654875863,92.43630365976999,3.0290659456855584
11830-12704,182.00402766326417,3.1208698348158013,100.39832065731628,1.4846705091400614,3.727504173830048,32.4978087758211,1.823894389752938,38.169030766800084,219.29587711701893,2.0432986700481943
11830-12705,46.19005403494405,0.9672160355445388,34.15335839833527,2.578920484008808,1.95847285033827,11.376932555556706,0.44552623448116224,13.957530540571113,71.70570245236162,5.33959877867756
11830-1902,28.578117081619578,1.870278843445706,58.27108203557641,2.2776891640187413,2.84752747933195,83.92409283980098,1.0295888177875827,9.503248215686547,92.4697010489798,6.575001216763488
11830-3702,155.33269561165983,4.26214606812307,79.87355534174903,1.95216150922922,4.352206543861912,33.327210543448125,2.5750619967203097,15.30925126843772,191.26582740656866,1.8978531573687045
11830-3703,101.27693936021721,1.552741069721851,81.23000581300784,1.925263559484307,1.5489801618048444,47.08942263712996,1.0921730038437387,11.51967125993031,151.5272637012931,3.763833977682423
11830-6104,22.591805736575786,1.9160953605326012,66.86209160451043,1.1310789088980162,2.313757070750686,24.555793830103603,2.3620793069528303,11.754297547321666,74.61181135032813,2.6136937526982287
11830-9101,36.40135658881176,1.277570473620278,241.42418969142582,1.3254587023392397,19.203096149820087,152.55163743667802,2.7684747966636074,49.299115795106175,280.32171996376263,10.103150856362074
11830-9102,200.29499433016755,4.357366804804519,96.86569057357707,2.4611412777018233,4.238270008438487,41.20156698903398,2.914739933889551,32.781532314973916,251.41773975670324,3.414046293815706
11831-12701,203.29507688180706,2.135573307745832,122.87590885439067,2.3700313051665165,3.6714246530679224,42.850626118535274,3.3079942323657754,41.21498780876068,277.691879283658,6.49172569040589
11831-12703,38.03467473323891,1.073432190282391,39.23971841669872,0.9019654773848385,1.1674479557028572,21.129602233564775,1.5704726324267142,8.901256561728383,53.248875931414105,2.8395166771076905
11831-12704,104.05361515312353,0.9753383842724388,57.57142639160156,0.38256948675618396,0.6534270977322539,18.83115256497853,1.3668104164462713,6.790613909200357,109.97804136715293,2.291491323568599
11831-3701,138.50830777476858,2.5945282217856063,80.09755318083498,2.337837185358077,4.739688644005747,137.97705808363492,2.244101030188708,11.46676381305291,184.88705122271273,7.291743489123767
11831-3704,126.02148230620375,1.4356375039699971,41.88605623029086,2.6868275047289796,2.1142228983949165,57.1725928533767,1.7692797409976109,8.994605142340669,143.510613667399,4.412103218674425
11831-6101,122.5916288037043,1.6962831520158526,43.489484982584855,3.1587099347215526,1.212242038978258,46.47614041410685,3.7103622283089663,6.368062698885718,144.92372844892952,3.0710026675843474
11831-6102,74.78915108193884,2.0846355031535317,58.51560107393072,1.2477234938462214,2.1031682147887567,27.94039905378321,1.3733030160018656,12.282158653624716,99.32631399461773,1.4754879523229043
11831-9101,77.71536009604961,2.3881151433643333,50.15081330960557,1.2011246301598255,1.3211343390652868,26.350262820364616,1.3163221997364518,11.039145122857997,95.187344996565,1.917621069277551
11831-9102,30.731771398278823,3.0081544072031328,54.384090423583984,0.9485954436517243,1.2791579171309384,25.3673183510316,1.1002354107494412,14.417522511334402,61.237532959123996,1.3295988309834308
11832-12701,72.94169579707456,1.8236474922753323,61.960315082356274,1.725061067625922,1.4168108198159075,22.293403041052404,1.7841664934967816,11.80145993311674,109.28467203638202,2.4419239117121903
11832-12702,65.03222544534977,2.5045792915783514,66.26388855743404,1.2946366763461883,2.082032483335868,21.302729423884713,2.020755455165414,14.397136656442617,99.56813906879955,4.195584013519348
11832-12704,54.99645228419942,2.894872924791148,61.69462585449219,1.309582995793494,3.7432234791977614,33.902401822806496,1.3455388391716128,20.678297549575706,89.49402067710297,3.6986927727713024
11832-1901,133.79817775599008,2.0175486482058793,96.17714972237918,1.7570182546616193,2.5356120363054835,70.7750102222659,2.468322597964812,11.84692454944867,184.8092226091862,6.693960352473888
11832-3701,41.55530007346808,7.232979449755042,87.49090982361633,1.1212049155123316,11.17146385573478,87.11402511317564,1.2973975400646434,45.071492147564996,101.53464728803735,3.9216150811756774
11832-3704,121.1452284899852,1.4740651298014849,68.71769080425219,1.950877537258152,2.4259250081881594,48.725604914886695,0.8632342111338371,17.59812628933327,154.5588762591646,2.963416299450489
11832-6102,98.17918256977666,2.563621191664267,52.08077823866799,1.241662821445682,2.8331558123586422,34.26010193015418,1.8176564162508475,15.382466306648084,114.0484431817413,2.2234864925521833
11832-6103,42.11931519162078,3.7023306683992874,66.34551889740078,1.0532130876699894,1.8408105996495172,42.943887647481496,1.195586234969289,11.831422617250409,80.0624388926257,3.1772340426425587
11832-9101,147.45566267020342,1.9887256927047374,105.86977660835394,2.1317185179145954,1.4980070621939683,26.566344417697703,3.1469096917247565,24.63253100230319,213.6266527198512,5.074055058146836
11832-9102,93.22505418757787,1.7848285715901453,45.937282471386666,1.9076526500292834,1.2564573922271387,26.75155508972233,1.5486622588310386,6.7676187575924445,112.76747784525202,1.9970262939204408
11833-12701,53.772530559018975,8.350102872802498,,1.178,3.548870988109924,60.47791753396882,0.8850994361381299,13.168896885120892,,4.070906542437699
11833-12702,119.80678175590833,1.3156763964758451,52.892235268689795,1.3857175744932873,0.8897756173960145,21.94655787065127,1.9798961728811673,10.397729577651873,135.01974884077256,2.003919911320598
11833-12704,76.59203747909345,1.8613895919238646,54.93069485612656,1.238410186183516,0.9714499750456939,36.10186561947722,1.74099321528709,5.13574377967984,97.99538695859829,5.431584836620011
11833-1901,92.28318178829116,3.10980425366862,104.0030155788511,1.9671057827348837,6.608503961317151,66.37745691868469,2.652328119556838,23.024796734340942,172.60833019625568,4.419132407353729
11833-3702,156.5137424582532,3.6351033550266463,128.1077666774956,2.3938058437143397,3.6435343468891594,98.95836580209524,1.7230834176596659,23.799460931032417,252.55244065964666,2.7085655913093554
11833-3704,75.6369922135235,3.120969183377418,79.84073667977444,1.977110286232043,2.375916971805177,55.361910606914236,2.44671761071653,5.679349884921609,135.3666487294005,3.1390317631377016
11833-6103,128.23457957306834,2.62618845180953,69.4548774082624,1.4818807395707336,2.026087071728739,37.91237353983963,2.429358882029275,5.939994053205451,153.5990574259078,2.0318369741979536
11833-6104,15.521137090928843,3.403327720599673,82.9072995998119,2.279354369949564,4.9429592614639395,44.90938495029506,2.2196032168898374,24.517935130251143,126.12819758548929,3.5484594190991228
11833-9102,66.59658129751075,4.397711819263473,70.82514313160785,1.6285623297296574,3.79140411271918,44.07724137388399,1.4157368734641398,23.122043706671196,112.26887575807145,1.6015163129404149
11834-12701,100.36933479752028,1.544286688411412,49.861590252617205,1.3683979100664176,3.398167242944474,42.780632988814794,1.2084753608317023,21.06118366600134,116.0865383957574,5.754978395730027
11834-12703,24.24748453938584,3.835374467102095,37.76683442736172,1.8094336173703445,2.309599125574979,30.767752441322244,1.7559981179314583,14.103910791394878,56.292066958236305,2.2765602040255017
11834-12704,44.47276673712454,2.8412681619099076,57.67304878703735,1.923157908973785,2.464488255367909,27.238244518502835,1.6230381736009005,15.891076983584398,91.51282655974939,3.768600476845026
11834-12705,220.86334601067387,0.6725550287111867,59.685255405899476,2.1002674340609917,0.7980334416283229,29.217220162177366,2.4227205393391906,13.494170702044894,237.19709672834108,3.6493077430950005
11834-3701,27.924494024342774,2.583893945672231,104.08576855090354,1.4507532663286518,3.214795810711169,76.73364492280683,1.4049207640265395,10.508980157629196,128.44071239423667,4.261089369232935
11834-6102,49.09452095381169,2.5434037428137857,48.99846400218709,1.2420975602602378,1.1995633252744269,30.463859793070018,1.4363165573891203,5.254333927109406,73.43269886504395,2.843671097393561
11834-6103,84.59315646932184,1.701641830177602,47.94233915758734,1.9442445658410827,1.2396940652707016,32.16563954360373,1.5410346910494006,6.238038090249402,107.8182999980903,2.935994690352052
11834-9101,354.1319080990528,1.2197086633417593,72.41571412710235,2.6104184307465985,2.479431105847558,44.40469234728265,2.75608771733404,14.94777262436899,372.9591608376901,3.4323679717872686
11834-9102,140.15847998569836,1.3372094602181477,61.326551770006645,1.4333021425068448,2.0568446219622634,36.88685236940516,1.0515286174639171,17.004902014916446,158.22443364649612,3.7149520679148758
11835-12703,41.585250962185846,1.4928118454651595,37.32357343103517,1.9345891679048024,5.119353899298455,17.37881976268158,4.0,9.53044118384298,66.51549339762437,4.347588082738309
11835-12705,14.71530445074866,4.125468824500666,84.91075378486426,1.834653904895439,5.1765214223431375,41.72172628658757,1.944320673267419,46.76809129434899,115.94867034534008,3.09965667703472
11835-3704,91.61039482187323,0.9747630699011656,47.36014572733215,1.1627435524126868,0.8193488776903977,23.68738306813094,1.4887651019166062,4.979030185103541,104.88316800035969,0.8746191784919815
11835-6101,56.89482287570504,1.8094761523631178,49.5521327519062,1.0924310606663095,0.8714987752290224,26.88232527596787,1.0873582267791402,5.500418558590654,76.93758014000186,0.8855874291005252
11835-6104,115.468917623477,2.342818308389149,73.05362036896378,0.3830322327397334,0.8335812362128858,38.993712836159304,0.8895750938143696,10.977948252446161,124.00503781221256,4.915131362497627
11836-12702,42.15963601311064,4.2167537090227984,76.89022982889908,0.8802773192231073,2.127221696081528,26.078749271048604,1.0364480125292206,14.738613702627777,83.5567411988108,3.2935502474112486
11836-12704,36.064531017138364,5.893359456442931,53.79657532826499,1.4176794764514407,5.528956959150805,28.483866800746686,1.3655396520180019,12.524752414218943,73.5086130367739,2.7543830413326535
11836-12705,60.04092449621014,2.6412640225504282,53.955575942993164,0.4096644573306767,0.9581651525654132,27.780883691735724,0.9146965836085479,4.329861316986765,69.2642006597139,2.4399595075663107
11836-1901,49.31346811184286,5.844839000117393,74.57773011734741,0.9016690928926583,3.1055112939371665,40.8023890654229,1.308186796914366,14.920515763023065,86.29458504285957,1.3183873730058426
11836-1902,44.06733514281158,1.2250550233316064,71.0329100897487,1.170648001382447,1.282441317073846,33.2403066956056,2.149385040344084,6.347196953064899,88.59254246283002,1.157131170907845
11836-3701,78.04318219887494,2.203076487604632,63.076089688418705,1.0039244851451101,0.9399885143897683,46.52517329851496,1.7680850316106755,3.6837374338525377,100.42382838544779,3.1523663781246936
11836-3702,39.856424699750036,2.310994087746631,82.5023326082334,2.037918107705205,2.7648209796498615,76.63262883841368,1.859361369668496,9.123757600256639,124.33784249437394,5.674387797916785
11836-9102,93.74600903194496,1.8161296618664837,62.596411045736474,1.6321826084173852,2.50651770248107,43.05335499674048,1.5122655381593413,12.041770149783208,123.22220882959994,2.2696498031375167
11838-12702,134.77043242891364,1.6645061216723482,44.71503038662841,1.4629165676804696,1.0966279034492343,20.670911229127874,2.057875728742572,10.553451659966319,145.21733538909467,3.3251337013489444
11838-12705,134.0787406438927,1.8239029494820633,131.89768945154896,1.5366475378966808,5.1147153456713665,72.49399891413886,1.658230941011737,30.785184363782367,211.44778705655654,6.200924434165541
11838-3701,131.0515180578632,1.9668179626256828,102.25066958628842,2.0727432356709237,2.3604345346147246,74.22508181828252,3.156010524037149,6.254507033921931,197.09247647524123,2.0785175847870816
11838-3702,154.609535674848,1.3805718750066256,72.50803506771055,1.5033826038566294,1.3820253242711356,37.844847378785445,1.6300348674095089,8.095964198290135,178.34801652505925,0.4653732928867871
11838-3704,51.3781789738486,1.3206971428871483,144.241589749651,0.9501889566185999,1.4828264650001026,47.011963980504774,2.3414502689500076,6.8215904873719975,149.69636949561215,1.8438801825867746
11838-6103,129.44197510221792,1.2734750755654347,44.57920822311151,1.6125532836271517,0.8196861594596644,30.61581011249054,1.9410800511197306,7.359268275373767,141.27937365757447,0.66562445996473
11838-9102,132.7991674631686,2.857637165920391,113.81497347407894,1.9800994895724484,11.395133805683175,74.10328278797684,1.3590469772582012,23.86467924521475,208.0517413092254,6.911842484757164
11863-12701,57.428681669659845,2.171549089223035,70.67998909995683,0.5663594750209973,0.5774474429218251,18.009244380934682,1.3802910702411166,7.73247640169693,78.27766820682383,2.854217837150428
11863-12702,21.014669345420334,1.7433282146726383,51.83672100165457,1.3684678992869421,0.5227469198308285,25.641625389951596,2.454168496045154,8.412380876682418,64.17750412495387,4.227292044424196
11863-12704,2.4301267892370437,0.7019094497955889,44.25353340559055,2.5521402802228224,0.8310201496479757,20.5438889915103,0.38914530152447047,9.423226283902997,70.73863015428617,5.02614712401249
11863-9102,118.19002494306862,2.037994720376543,99.0420454514409,1.9899938078621293,5.375819367517934,84.09502979799564,2.6023799462249375,33.119175875973326,183.00104240708012,5.024975663857986
11865-12701,42.52158003191984,2.316961736423231,56.29469849886923,1.794521641051535,1.101483010402011,28.967682807899486,2.129842464600785,7.044805255144285,86.57419292909485,1.8475244326493239
11865-12702,102.92046580047412,2.905614990246143,60.64248777791268,1.2322162992729602,1.996719760436442,25.941829210438435,1.3689400735161525,17.352552615622283,122.98012715333314,1.4775647911733492
11865-12703,79.42041256743936,1.7902581756762415,60.88075185696026,1.882139891355112,0.9403603171347792,25.94561737744621,1.4681357677532745,4.947921317349925,115.25488860155504,1.5696641397183726
11865-1902,148.61776849868778,7.752709855117245,76.41773293506108,1.0897630137332661,3.6376160451629973,51.403918585340975,1.0175426884391063,11.884666881135672,168.6745309479702,0.969812990895018
11865-3701,59.57552004965496,2.5306165940391603,61.188462288033406,1.8027799129612072,0.9237894757661408,23.185596947728914,1.2846925968928675,4.78320912851183,101.48350068771903,1.1825592092646253
11865-3703,44.75434155937509,2.0011558109038834,58.247086022481774,1.6776187421259294,1.00738031205002,25.603625650927334,1.4286063058044973,4.751068372291084,87.71913605689853,2.089359502314933
11865-6102,3.2205432036174333,7.691814817733105,99.52904796293234,0.7569354409903779,6.212079939887131,91.92216662865223,0.760037187869723,25.971281939954938,86.65216752035268,6.4753367492411025
11865-6103,10.03260192474117,2.6449984888902063,57.88582470791444,0.0,1.0745368279622016,28.260488541684577,1.184922675534855,10.088779321155368,10.03260192474117,2.4385117145074333
11865-9102,42.18035097146581,2.097312295352235,56.963498055721516,1.8418423832547868,2.120135858989566,31.914306434232323,1.6718058319438391,12.94810365432584,88.06625943532427,1.7253052776494209
11866-12701,331.11493161729203,1.1337241612974838,91.90525999133165,1.7412633812874443,1.207992162963071,30.213040624856262,2.2459123825556837,16.012014348720236,352.6255986786879,3.6373878932673005
11866-12702,87.63610421193617,1.6099705249449943,62.50146070451897,1.1580048249594244,0.7227615485760611,27.61458071742715,1.743951949413578,8.703926454201397,110.47060491041938,2.442376763076393
11866-12703,97.22744245447846,2.0800666565099504,41.75898443819816,1.6504637026728952,0.937937279455863,21.54365924191226,1.3748917677557628,6.600576863305099,111.04627533622012,3.8354371767147595
11866-12705,81.65529738050634,2.4134498332725913,103.22323884209987,1.9729490266487226,3.008111464595313,69.18823075601264,2.085547291139371,12.305285577352805,166.40141989015333,7.509489100068721
11866-3701,122.66490788777351,2.718137605999602,98.1019834160756,0.9461168113705247,2.90436272535933,44.314453260871204,2.241564613411988,8.503347912427039,155.4094817432499,3.0764931045151584
11866-6102,235.57332424702165,0.627296087291469,78.68211491532635,2.5513310679208643,1.8341019692613605,51.27594649575892,1.783346433464844,15.677037106285562,267.0014294932374,3.7450960985359996
11867-12703,51.83072588636447,9.48814407001831,103.77797915730422,1.5073305182555257,11.338899887448342,55.23439289106319,2.2194967811680963,51.077830551616294,137.55063178289768,4.409816304148106
11867-12705,72.2096980276365,1.1550639770618785,34.89169120788574,1.6127239059823437,0.8405510378993198,19.582215766208634,1.0929827379427988,7.637859775682756,84.72083061517111,2.2896309728748756
11867-1901,63.24764240846586,2.2961285684586334,68.35029017163959,1.8375423514650904,2.5265374809408265,38.569265634263786,1.9042906454763098,7.631283406520526,112.18210689424672,2.3071927468637994
11867-3701,31.627415650512123,1.4640466905066434,60.418106745040426,1.140178301604058,0.5618793072551248,25.763202905553396,0.7615828755747611,4.2814562697574505,71.84942987521586,2.6810859362959967
11867-6103,18.531008601208505,4.7694148463402195,133.2680450200503,2.0841001144083795,15.967193772210367,91.52748874339048,2.1743619104194707,19.28103396233838,193.281637071397,7.061715878127691
11867-6104,95.43883670840621,2.3459711032236976,79.35181155089849,2.4667827551186727,2.2464885877734115,53.51349819769517,3.0618097404759332,18.31276334094687,156.97511645283038,3.8225555093825525
11867-9101,157.7463332182092,1.1426859189309715,60.66572389104152,1.580277148682058,1.0010021118618524,31.628979109948588,1.7863078380850421,7.708884487931961,175.21371844027706,1.6418207260342015
11868-12703,108.74820779366404,0.7898221097470047,46.732162427499894,2.3161475463928634,0.30473625689148487,26.05575086539422,2.380273754991221,10.728193668427442,129.9399698171901,4.409049859641035
11868-6102,16.922975085131323,1.3552781112838506,90.43434979503472,2.062869374011947,1.5360056306007894,29.480978815937398,3.569386556661769,6.544610021932769,130.98587494764107,2.7163031612917057
11868-6104,156.36933784283445,1.8300334317234066,62.30118310489939,1.3000322071384718,1.1304005715814527,38.70861692434059,2.0982113539794054,8.037579244587864,171.74796496188856,1.197166707125049
11868-9101,80.28504720505067,3.328265666539834,58.49524189170066,0.9172206562565488,1.497255046201478,35.24143498395297,1.2486267108383766,7.244122122301523,97.89860367153517,3.67320861273093
11871-12701,148.32389742545587,1.1008248200365072,46.313150816281116,1.4288611843994796,0.6103485100009647,23.26210642096435,2.0067997927817935,7.100257134697623,158.3185214842384,2.8080860719867973
11871-12702,86.64150780164435,0.8381582571680013,43.46678463070454,1.9993334827637637,2.1894131456660944,18.83624800542426,1.7259783453612574,12.862870021499665,106.22718255931717,6.5947592387409
11871-1902,80.84435224747811,2.106193970434026,64.8848640556289,1.5311236317452552,1.9989722661612888,40.89493358435527,1.608301639965105,10.097482020174324,113.93818312559937,1.758463763966467
11871-3702,16.95751944016032,2.764171004091026,61.089925744076574,1.257926210402272,1.7926677726477944,27.916580610040164,0.8504883436469566,11.60850692601402,70.58407540531061,1.8447420671854622
11871-6103,13.467086181466943,1.8925875126065483,53.91405121224345,1.8964153820006988,1.4054639277973047,28.903515573041844,1.3153089369786555,10.444231713914439,75.45674427232954,1.3825288295986589
11871-6104,90.42211766916768,1.6954882534362516,47.461331963556006,1.0925218747158127,1.057451138110299,21.34755459751345,3.6166046689613047,6.9708264716427095,103.1365606270312,4.578751486225011
11872-12702,162.25843101367224,2.69988076418096,70.81165563122431,2.3747058979683047,2.029638686915343,35.24321518576822,2.9044781135360735,16.16537398837336,195.53839478068468,5.233808735484546
11872-12704,98.83345246727572,2.009449164346733,48.25360107421875,0.9852539981835606,1.353476928291741,22.706706717230656,2.047133422186068,9.01435094567773,109.82771328265218,3.62827510056073
11872-3703,128.83053708838932,3.3605583399817713,163.25759507591118,1.5751673789835108,7.759591736943626,93.54721562812153,2.225052229222321,31.87752338239259,242.03369630450612,9.652946075641871
11872-6104,298.34548883421746,3.064753275278338,144.41150255395058,1.6844453087230575,1.9422256567372385,56.29582169989949,2.9716929008752215,15.109381907166943,352.33308400612157,6.018888260273585
11872-9102,85.30315565088361,2.681466275064836,129.1405607993579,1.9103878838940673,2.5213525377448494,31.485641691949056,2.97076727475135,19.672625345762885,197.83000404704816,3.571204671801885
11939-12702,7.413871297888545,2.4519782974361464,64.85781634549078,1.496950115450498,0.7024897320203726,18.790832988199114,1.2780311290496442,8.469312902223908,79.69906241033276,2.6144540702005337
11939-12705,73.19555114849297,3.1076952103171847,59.54127685429221,1.5272852529261605,6.266664066554561,47.60832267621879,1.2419477690633511,19.499033317434503,103.7885584683131,4.731091678563695
11939-3701,87.1677359477133,2.0146800411583294,47.72638307282011,0.920320883110533,6.081232921788261,44.24614085705645,1.426894379969442,13.208106116366352,98.46079488897021,5.111616580385958
11939-6104,76.05250077382219,1.730244092934897,53.45998246967862,1.7273877869940253,3.4204672966830754,39.3474594669012,0.29213461862729384,21.903929547382592,103.54131964415518,5.303665336646708
11939-9101,79.64493223700441,2.353752894863691,60.545654925215196,1.1484231233359898,2.0005520264383443,30.195007672680497,1.2792972208872506,8.094950581246271,102.72865974866983,2.8720031077414143
11940-12701,174.857430591644,1.4845220518167208,74.67619591121935,1.6759107951192749,2.368951867530461,25.641157153263695,3.421492714916046,14.343844709883534,199.80213952355996,4.530426328948478
11940-12702,43.38927528684315,3.465346885827127,168.08517615123347,1.3633975978979098,8.800505520107862,72.87668683543595,1.6720207616580636,30.33675410696849,201.00296573673367,6.351069359207651
11940-12704,74.51627253534147,1.3237830780563271,147.36846317069683,1.3146702894673163,2.7763051372473,33.2789506342272,2.993853464741791,24.566252868654523,184.6726278404526,2.758101966306953
11940-1902,58.37489794336424,8.588731653291182,103.08665466308594,2.090546201969265,8.430614060416085,48.10640481192159,1.894824403307163,19.761601165022483,160.07363028739564,0.6544860130007062
11940-3703,44.76007095239164,1.7204083792708273,85.20133579654426,1.8467388466677663,2.968281623573131,55.97866579328857,1.829866282457481,7.031202233153269,124.13474721718056,4.0439238649914016
11940-6103,79.61793279758088,2.3143477568882447,81.54882291119867,1.1393935107497828,2.0896185710594826,33.8934593233533,1.6016664308349338,11.304650098797044,117.96703748301667,1.0711018366612537
11940-6104,118.63332499949023,3.132273493071357,68.40791512506065,2.400693222451394,2.2878637400023445,43.72663093535556,2.5719104993849284,16.68560880392966,159.08567716215694,2.0458683157927
11940-9102,237.8818745745971,1.857550637347095,81.27826349401093,1.7890885774198413,1.9274325155168441,39.21504816716953,1.8593504191463008,22.59034525924443,261.5469072651959,1.3576515754918659
11941-12701,92.10102971732107,1.9168581176723285,51.92796399855818,1.520661321181974,2.6307784560102667,32.21495276917564,1.4541378950971884,22.91153003806499,112.17434364819604,4.163166240346706
11941-6101,50.519439253325835,3.5828958699479907,39.02625764273497,0.8109278121191661,3.4206380632300455,20.304498855637675,0.7288607740316773,9.985344011132305,61.541013656954924,3.232473831476769
11941-6103,103.77046824502504,2.6422453635231364,57.05570809665739,2.4557367510228945,3.569275847905418,37.65708136172936,3.206587002099939,21.314655403543245,136.97664804225641,3.151704016886719
11941-6104,33.32900039952546,2.526918750275034,33.211198243701396,0.4815345986295121,1.811373292431317,29.306657939697306,0.7337405845954355,11.02260577259461,40.520946132886834,2.778690661755424
11941-9102,148.65080667830554,1.013193113707762,58.75718191817211,2.229570599592317,2.801138407954274,50.11950809072966,2.1505705866956997,13.79964553654796,172.6106780981874,5.50731556232306
11942-12701,143.3449582903774,4.023904326727349,65.46313397180666,1.7644502661888808,3.8366701257990137,38.17073890568734,1.5326513217675917,30.574645921844045,167.65795804572303,1.726072455508687
11942-12702,126.82673141483038,1.001255260032394,67.84934948935319,0.436747230314519,0.32433487799381017,20.480337089948023,1.4061548535360708,4.9977048343004356,134.5198893260368,1.2922452344016513
11942-12703,226.8270587654291,7.253023876928307,139.13381578496077,0.9810890117953193,8.61375984206476,71.87156410036916,1.6372304372908038,48.16289128978114,265.4103431248606,3.4028144542846968
11942-3702,86.10935105435574,1.807832366653405,93.04761058551486,1.7817323107079677,2.4321460440726925,36.03357951690559,2.4975867934837956,13.259911307710677,151.1317484393604,3.5207740767970863
11942-6103,134.84453780011023,2.0611786095555225,74.59098156148258,1.2954481278480336,1.761154296089349,48.90816364193286,1.462503577985013,10.281905900956918,159.34454019985503,4.940026598789712
11942-9101,131.90097892277274,1.3166659926004751,48.247162493915745,1.1665810929029132,0.8210158815688998,22.743699028663443,1.0376350733111983,5.799274391875617,141.8217984419642,2.474332232888199
11943-3702,15.390171036833676,1.7896258957880253,73.78339584667035,2.010908398478702,1.8566339301494834,63.09544268093504,2.6402628406655166,5.438391813339142,105.75548012601925,3.6343659853830785
11943-3703,144.3995232870512,1.4670772382748454,78.98735793652578,1.75572666600097,1.7594445156494067,36.61596865136468,1.989137472418503,6.326496877200274,178.34014062848036,0.8245702681159783
11943-3704,50.90812732126015,1.5541651751878063,65.19483915899282,1.6601719524782101,1.6149004259459945,36.97771902728232,1.5191554146093793,7.608064445755249,98.22411921941993,0.505654238621386
11943-6102,107.12426641752765,2.0051051949530354,76.86318614625621,2.1469337960092316,1.9997448133540807,37.421747658619054,2.1531084650625996,7.0469952307798875,155.43353773978265,2.985575006220589
11944-12701,34.60491387951129,1.0011305405256115,47.436448886037745,2.6370802158975195,0.3989516730329751,22.71437594022035,2.6252242827487065,7.854888403953855,84.44822058879113,2.386008059843506
11944-12703,55.141257512642795,2.5121905378253198,57.29356974507932,0.8805980883741245,1.0637556815289657,28.602382930549204,1.1011730094109216,7.347181306471443,77.01407855048785,3.1623338306230604
11944-12705,147.20588461111078,2.7786799487853076,100.65301513671875,2.140625415249822,1.5296354573574142,12.778423394440896,2.606978824031587,18.916485535344485,208.22178464449567,7.542912746477077
11944-3702,42.596196598513615,5.915487122129863,76.81242844624013,0.7816068441379622,3.29758567370239,44.11217240551049,1.6479572242526794,12.545013432880959,80.16254070653589,3.030052778356096
11944-3704,0.495822390247283,5.390753514209392,178.04296743730148,1.3988544597340504,18.17083347206739,152.10055175410093,2.4952273803515697,37.64551262646275,210.57765924409574,8.015372843255815
11944-6103,21.107575270356012,2.552450782057641,48.88354549115179,0.5028366995412785,2.4466993300479607,35.39018051471291,1.9485869611639277,7.588334980099671,40.58458850109438,2.8732710890630795
11945-12701,74.49780905362063,6.844586459773597,68.92870456026512,1.2862615946592717,5.901930217965678,32.357433896998636,1.3339061288285734,26.28328793678755,107.98688027354324,2.524566575171555
11945-12704,79.49669561060111,3.748776764342765,58.711954235985935,1.6395761841757794,2.211185206464959,28.48925737416595,1.683161403598902,9.089304432828817,109.4143369734693,3.555488674166144
11945-12705,38.58244950126462,2.2597041608937376,51.00554720260452,2.311846189819258,1.9270096404686357,29.919188052466744,1.8832473196339978,16.16779634835138,86.62000633142064,2.0802875100405043
11945-1902,122.13298142591493,1.4103270392640792,100.46224571034193,2.1161313287487378,2.4740255670156004,72.05536267689891,1.761955233674592,8.891035334933582,190.45699021411357,5.763033260781908
11945-3702,94.53914469113627,1.4145279124898273,57.10522870641215,2.2309415615136814,0.999924512982938,31.783618365211332,3.497783058391865,7.455288778021308,127.32936131336598,4.294673392557792
11945-6101,127.09473315530961,1.2993708483355888,83.95804360629936,1.750147591703323,1.7223484371680604,32.78605983331063,2.142817081370188,11.121823687098702,168.78915683081425,0.7318664728239428
11945-6102,11.438870913855922,3.4473333199103333,73.68772663365547,1.483311092063585,2.6000083275892707,52.06092076105311,1.4384524079473682,19.782531402715506,90.47126929242133,1.5668220705822613
11945-6103,20.165076149640115,2.772695392717894,51.03640858067775,1.1639139142903367,0.8272452377292479,47.92377745302548,0.619591026008266,5.122358880893606,58.63697066125451,4.017741118239735
11945-6104,40.54154101405513,2.282486397342434,91.23779624999293,2.396213083409892,2.377409192836572,58.87649727368552,2.6724662423414616,15.88812247578814,146.93705488628285,2.9796636438199497
11945-9101,60.54527996818822,4.259634521428662,74.99433612946677,0.6967740543332881,3.094964404788075,37.40485306627061,1.121928866361749,8.929397836272589,87.08899493448041,4.642305658262538
11945-9102,104.98133598080338,2.3710010469489964,82.34750377890796,1.7515217642472267,3.460880923525398,49.13300995891156,2.6231542844276072,17.22808417074848,151.32199136195297,2.7110544467332267
11946-12701,101.75066922205451,2.7774338135928085,69.33705212981877,1.9465376657005415,4.884796212634599,45.99557742695571,1.7350906544988587,25.18973180647016,140.39738363722384,3.6031766271938146
11946-12702,181.1917979218418,1.6447640098527299,80.7516377339182,1.7573416312587593,1.2202085345173792,33.625297205985824,2.199636848271012,8.56734299429093,210.4513919785374,3.360252521292929
11946-12703,90.69166925497068,1.444356905444302,108.17768104230068,2.6118443850213926,,,1.7648400904591677,18.088811818062457,196.95140133232778,8.901546382203254
11946-12704,56.361872079861385,4.8551055809484485,70.82487252191316,2.378494386232863,4.081350131055797,45.317882729537516,1.873280634777288,20.532212148842596,122.91287618537027,2.500000377185728
11946-1901,62.33450278056378,2.645315817347625,159.64913258601587,1.7469471046505194,19.969726735623716,159.43408613910563,2.7013763373664035,34.514868451288564,220.02615344286764,9.509374320522458
11946-3701,48.35532474522646,2.635277716322262,92.4038889035711,1.712195138688772,3.9795912251776775,86.10312508398948,1.2326880286491144,19.475831913138073,130.22203779169223,6.884423215975553
11946-6102,219.14974203907695,1.3515315201566815,80.56734836720378,2.130695306094844,3.0309953061794004,33.96829034376983,3.28835714011671,13.111454784747135,248.7109982939196,7.042361412301226
11946-6103,89.77783875207716,4.85601459667426,84.1780010484457,1.8460976227639634,4.881901022407344,42.56284678237959,1.5621748643768476,23.268525197180377,145.40078981265307,1.55042622468285
11946-9101,12.946800553068494,3.4201927740401077,77.7205459261258,2.2196982284774585,4.310227843839066,44.855097262532226,1.7043338698994415,19.782211228280737,116.51467561570571,3.2058635069632127
11947-12701,168.26781738160022,2.192597997913547,88.12418082637495,2.0248600900924467,3.134542417729241,47.97509557739419,2.0161832099976755,21.07663676030909,209.85438074492671,4.360634939195627
11947-12703,41.15659610171334,7.333846958053263,75.0988834274282,1.3169444920579474,14.587959396821224,49.637781561122786,0.5801038192275456,140.53875561553198,95.50510271847054,2.9711580453126523
11947-3702,110.8634781067198,1.9886288055260843,79.13519923263075,2.081618033187566,2.197316531603336,35.13940506028683,2.5058484851521667,15.331382976798324,159.14331092441,3.2209039909889463
11947-3703,239.0866037554922,1.9177373267662843,88.89131793322117,2.1714534068274642,2.1079112418311143,44.31075976058081,2.6191210789465487,14.425044260641119,272.61787272244163,6.02924219156487
11947-3704,54.62449591957812,2.594119106259253,62.133986016850756,1.0656654380132902,2.1887521862607655,44.716101167806116,1.5080835730211373,8.253163616961164,84.24949779337484,4.141704936268301
11947-6103,141.81868258937365,2.2264042924238456,57.98050894742303,2.121721415161335,2.1188709341083842,32.629702883792184,2.2884724102302823,13.707363732418077,165.06124089660918,2.5201805791315364
11947-9102,36.19996668121509,5.670059069040543,80.29578678989836,1.3692333374813177,8.765053581151989,89.09175261781373,1.725384909244279,33.91717116116234,100.68987497732417,4.019225720517716
11948-12701,55.511181476753094,4.055781764330102,59.964328450517094,1.339883865666045,3.5679470643304447,43.28991816154867,1.2717224959279938,14.851231717748712,88.87822794282523,3.072816289240296
11948-12702,97.75519137070381,2.9232568364496845,66.0695091903486,0.5920658987466505,1.5992386902894844,30.7899492185972,1.4614060233070203,8.902473333520987,110.18417166840108,3.8740588405576384
11948-12703,222.5344129356686,1.7826981964835131,76.2707316790493,2.5860551489843626,1.4776187412819242,32.165159436037584,2.3038374120845964,16.49762096371188,254.09688770176592,2.569670015897536
11948-12704,111.32852035012155,2.2018534913741434,48.86408233642578,1.1138634014627224,1.1767355880337071,26.947114254615542,2.0064538506402507,9.10314524567627,122.69315165751625,3.238605269516355
11948-3701,146.06642183739024,2.9004046788029765,131.98810523496496,1.9294073534021345,3.150160081623678,126.98868245223622,1.5790353103511463,13.96845254629909,234.40847857404626,8.104147059701985
11948-3702,46.12859731292442,2.507195781898349,54.74356542493316,1.1595185627778846,1.3543799916377108,29.82770878202512,2.9310362610047926,9.920287101796587,74.85158595108167,5.970846474450456
11948-6101,29.32423861171423,3.405480222442631,67.96968913124036,0.0,1.9182909204143894,28.06559629103178,1.4880405212294856,15.142594885299863,29.32423861171423,4.95985629894692
11948-6102,59.39809552327886,2.1290932192283076,64.67785131572518,1.261690108583334,0.8401051050432747,29.670274557818992,1.1798020926936728,5.954769399339179,93.84064504986584,1.0562068532326345
11948-9101,39.97100684017062,3.4822113602618074,84.56174393483045,1.771791283547878,5.635475419064528,61.51617623993027,2.775001861553262,23.68729897309424,119.44542272339504,5.881660278741544
11948-9102,25.780858416840843,3.758219385179921,62.2751350402832,0.44152709222921593,2.0640577627928742,35.189531265616324,1.5957102368533493,8.351642668479354,48.75427872238384,2.5733461743548176
11949-12702,257.1145638562671,0.6974846205262886,65.55996561979042,1.82637203910385,0.9659885234334927,28.259605610071677,2.038167701714761,17.309616189228002,271.95191709890497,2.1134566317931074
11949-12703,160.74700347783613,1.913480097328303,53.25645092313929,1.721229486194801,1.3165668860802309,28.388312390128196,1.6689138651232134,7.8709696576642525,175.2753134598994,2.889565220552437
11949-12704,66.55394764503171,3.1008344141117785,218.2330911520744,1.2158465118246344,,64.15379663053046,2.307581792115394,42.29458801653179,249.66967651243462,8.899594239365207
11949-1902,84.13418401746274,1.5776938560877147,64.83085023154099,2.109272343170235,2.8795229088759102,65.28855975551676,2.2515210201928206,21.63882110845487,126.26921691064658,6.934678419431173
11949-3702,72.69673304492795,5.172685721264358,71.41407364856404,1.3151093158599065,6.146240117615478,72.33276538479348,1.3947213362406516,33.14739731655733,109.5072278040852,3.442292548323704
11949-6101,80.83245706118947,5.3113361639973995,130.86509760055947,1.5265982166499166,9.664327988639062,75.5377695249366,1.7845971939106708,26.38370297418216,180.77032154301583,5.433971831654341
11949-9101,36.28829847887173,4.2764404761755435,81.11463439930392,2.2761840505773625,3.31251258234488,63.26017045237551,1.3671174893675944,15.247239212120439,127.6447592749719,4.442463400060436
11949-9102,175.30925539397467,1.663433639999224,64.31401252774306,2.267631797745734,1.6884069685578098,40.170499455785446,2.8997463068628377,8.410610327918546,200.2821079405256,2.526124013141289
11950-6101,4.543935249052892,3.666493765280853,76.74083238105153,1.522239935401437,4.373573484018705,37.548450319473645,2.575225830960637,21.655035099710478,94.79111147152184,7.443904507310997
11950-9101,66.93041114015143,6.273509015049114,100.16726684570312,2.427878060049681,9.223158108951887,49.569626343813646,1.0767790262935428,45.18199340475239,169.82269920275695,4.523594812464531
11951-12701,211.76293649836774,2.625657618811639,74.48259273124623,1.6047014610499106,1.853573224399376,38.085077893004055,1.8902766574356686,17.47917334036528,231.8315637653309,4.665283854418962
11951-12702,61.17085101942151,0.8777625370395494,40.67611770576362,2.1653310049195307,0.8720529136496774,25.490614634989903,2.781679929739609,8.729856339646107,85.5833743301284,4.036084081308865
11951-12703,72.03995001797263,3.8256900899295383,42.83683055954625,0.916286063018561,0.6551511346452441,22.96563264985817,1.7474632255478753,7.295409421601221,82.8923028665292,2.936196332306614
11951-12704,12.832500769298331,4.002346131438878,79.82079211428632,1.9178869432785683,3.133389979522278,43.89585154359261,2.1988662337263407,28.264279020197904,111.28440606188957,5.3418936745141785
11951-12705,208.79663817051716,2.3844912144563257,66.93621537451709,1.281191536419202,1.0699857222176672,34.120687749758524,2.1535944896100374,11.528330786019243,222.11789573918762,4.55515173412635
11951-1902,63.39700441543644,4.42745304358571,61.0613899230957,0.990549259211609,1.4441099466715523,26.207512063513363,0.546134103745322,8.67911121420578,87.82047872853947,3.2412466357438046
11951-3701,35.486307782329575,3.6848062724110004,63.48559032427055,0.3778580644146541,1.0281792755978725,26.854262433809083,1.4510641896495249,3.474192986252393,52.74660944145448,2.161244781361963
11951-6104,107.10178050647495,5.130746459022747,206.4893854779097,1.6295954298343545,9.035511408948993,109.43462675095031,3.5751862024559893,23.51415707823225,284.5228698585446,8.693541090374397
11951-9102,110.95601098071914,2.54495551467326,80.38908386230469,1.6545640468964207,2.0574997006883122,39.34880592192044,2.0907157573195705,15.46854522745669,151.66970369295137,1.8183293188884724
11952-12701,6.663776497695936,1.8562446922134923,68.79609605685586,2.601989067266649,8.114510168368026,73.95048161386437,1.4529575704870925,27.233903824709085,111.17269153995817,7.981168987579595
11952-12702,9.751068750967535,3.3780747899532244,60.088601864722705,2.1422928459192456,1.5347595631201,22.40424141384212,1.1263131333150236,11.876371247947587,88.48803162930047,2.7471851264768246
11952-12703,64.31626535075591,1.099026893661956,44.00462110490911,2.6484058747833554,1.3339201555666655,22.044251051276326,1.6036883269529563,14.038176034172869,96.25472877842083,6.8498251712479
11952-12704,151.6913149478134,0.9422778773332418,58.27593603855438,2.367473576241305,1.405544146117842,55.923010283266315,1.8607387112592013,27.42380294112187,176.21122515504723,2.6113676120473412
11952-12705,31.089918795482216,2.9710966643770362,82.13771353118587,0.0,2.1846795664388563,22.56406706551093,1.1950333641811068,12.95482045219778,31.089918795482216,4.886888140652916
11952-9102,7.682953777807519,2.8179377262702032,32.89685249328613,0.1457112405914549,2.0942901594793923,42.517165727834055,1.8170136605727292,9.598108066483647,14.721307905901089,5.196571091593934
11953-12702,213.1938037957849,3.1980128649940007,93.90549810082776,2.0108137404982513,2.77735963638057,49.70029435607883,2.535799063492605,18.464267940076645,251.3631661777157,2.3762687560946496
11953-12705,35.0541194667736,1.3556755066601702,58.71947780219538,0.0,0.3613969216254328,20.377674305408902,0.6169732686959757,8.5852153847779,35.0541194667736,2.7834751529153094
11953-3702,174.94183671183276,1.6004448474418498,152.24352652159718,1.7924804297023789,8.272304613932471,165.9488066067957,2.226379990276519,15.66617119639756,268.60923551997104,5.990407912988929
11953-3704,23.83646578976945,3.258848166177098,112.74615030256838,1.8208552917695422,4.357592890953954,65.71126092857295,1.8929257707147276,14.02130934335155,153.99458799451617,3.34100034698431
11953-6101,137.19362227713745,1.1572722652582146,90.21355312941787,2.128107268048651,3.2497127203881453,96.6207293119014,1.5322785889751964,27.45225579706048,190.10959847137502,4.12094506341831
11953-6102,81.73980906250823,3.102749608084524,184.10900666995576,1.6454831703374548,30.93236929949842,91.04484358633565,3.6927543417304127,29.938486267582526,249.91378876071917,9.726849344498909
11954-12702,34.063615288236136,0.7512907869497119,42.179024791414406,1.3720029179947073,0.922785345397616,18.04769657010776,1.73854015906165,11.716641943534706,60.010159968232905,4.196492883316644
11954-12704,102.59627327854545,2.237335406979939,89.03989687917593,2.1472805546971094,3.338917410537466,50.04671995276462,1.142307824196965,35.68007133803699,165.98149657563047,1.3401938923943744
11954-12705,29.24352550290775,3.129050450783038,45.36434864013346,1.1510821656173775,2.1754403502570314,23.135200287384087,1.4358849054634535,11.414234108167358,56.78048560243502,1.9991046246116615
11954-1901,17.381971944539025,1.759756039490345,87.11267156611737,1.6900614764253916,2.7909641762501267,77.3309016388809,2.4613841062425093,10.33669271617052,114.57470543206279,3.7660618205941137
11954-3701,44.82203073689187,2.682820621962794,37.35945936149302,0.627628947253491,1.73418423947063,30.558882189109127,1.7240527026970143,4.725632469398997,53.712330895244044,2.75832079149023
11954-3703,139.256110921509,1.3371782726613097,68.06141179538167,1.7978493935059907,1.1371896179253898,39.28903851997018,2.3975805829033128,6.32716021603899,166.4948721451055,0.4152099080998757
11954-6103,125.93069072917724,1.453565553241208,60.495698755342886,2.247680566204233,1.0053696709460302,32.55053861680138,2.5316812014432584,9.918394949142089,155.19162959017225,3.715021018674979
11954-6104,9.857169474503724,2.684762640538983,53.050791796751405,0.811702075377063,2.1618832346684314,41.173754964926204,0.632779355128803,9.90112019591078,48.801712688615545,1.4171390081071993
11954-9102,82.67325716768774,1.205556374184288,49.99279744289473,0.7240149807657323,0.4695090622152364,25.374499870890133,1.1173500053102987,4.812054827973446,92.97517660248977,1.1189067265559376
11955-12701,64.6341200187499,1.9648131167912135,50.96922291178433,0.8644255024708354,0.9715584454330233,22.288249661697144,1.1948560707796472,8.525607673799314,80.14503953670132,1.7295379695520745
11955-12702,1.8952901623462148,4.1620701818089065,85.11058549816558,0.7249259053771728,2.8333720708629637,36.27480612332229,2.1806320388163516,23.239674591271076,72.49012985285248,2.5971835943771695
11955-12703,129.39904430972558,1.2064778542785681,46.17137505581284,2.6905177801998823,2.9373899763778906,27.16118159372431,2.7931757823433037,22.864762494448392,149.93247604334812,4.058509995142176
11955-3704,18.54389080603228,2.4098946107948653,60.26028536966288,0.5672842735855435,1.5715648267162388,37.089603671692586,1.6039638953364985,5.517491527017679,49.02913826899439,1.7479984780368163
11955-6101,54.94010545697684,6.598396955434724,68.7414158206359,1.0338635723679113,3.270499054566578,33.50782320840683,0.7951106597380355,27.31128815000792,88.90340691112588,1.8193373649684785
11955-6104,69.71225630301517,2.3957828224836377,64.79684168601105,1.3598726537228747,2.7420399675596356,38.05391408317945,1.3252152357922753,9.06695500200736,102.80759573419202,2.337786636375189
11955-9102,54.424048711385375,0.8431557792193785,61.11574958231431,2.348730703480099,0.649527780628315,24.717331051268136,2.192492152447797,7.329233899934818,108.32729561355131,1.117058565116369
11956-12702,35.73836745614993,1.7314315149208759,85.24796839683074,1.8932141607496349,5.072026968647778,26.74990732261032,2.686226591934144,23.202418038749933,122.61984899708042,5.3010302135219405
11956-12704,38.071912628351136,3.433999992219105,93.02869605598958,1.0949567463431527,1.0222612103634878,22.428915329740036,0.3104053254255459,9.495028521443254,104.52557881599243,4.835365897346902
11956-1901,,,,1.178,,,1.178,4.767459946303652,,7.494333622332329
11956-3703,254.0919050794916,3.066318331812933,108.77949417824351,2.4661717337708824,1.302423947147705,35.59977660633011,2.3932255027012994,10.574652704084679,306.1778126662351,5.782524759598013
11956-6103,218.87185788725517,1.2485157061124572,113.98724001212616,2.410525489262786,9.603623162295948,67.84932788877217,4.0,32.78532446020135,281.46947781068974,4.090388767589049
11956-6104,56.569337572929186,1.4996954915597402,55.237738954799504,1.7767415346749624,7.485188202499328,61.53339550741359,1.6023476003846038,10.574387916526714,92.8509428666243,6.567240401574082
11956-9101,48.392288529622874,3.8078762665235986,60.74936298416082,0.8808911194910636,1.112914886421167,24.232759254586043,0.7946974971769907,13.441406222745647,74.78455149938779,2.219392202847281
11956-9102,65.43860694081724,2.211602025149186,51.27386058440017,1.2305738475720573,1.4294967009027524,25.667138255036186,1.561695903966438,6.544929264963892,86.70294531969898,3.047503587607203
11957-12701,139.77343012276648,2.4429543903113773,70.59259777889677,1.6982701184286046,2.3228948675764753,34.65929162142662,2.3193530361105696,16.344858182482646,167.3308892217314,7.538340727652939
11957-12702,165.39600582511534,1.6090097906168748,84.43436819380345,1.5046427719033106,1.3120341178624304,34.37544376421425,2.121140388786624,12.497512899722752,195.14784553468883,1.75149546501251
11957-12703,118.16660777522009,3.223506147325201,102.20620599540524,1.5375380585240426,4.080767313298445,69.33796660932869,1.6882014318800396,22.149338682987043,173.27618602375156,3.8501540005518278
11957-12704,111.98296996948889,0.7448635094994087,49.08592027435332,1.4001957727103433,0.4230435667622058,19.469571273307032,1.8808193543342906,5.352650650382387,126.15013222428776,1.3980553880381252
11957-12705,11.019615276194326,2.9150483717797586,41.61104605096694,1.8976770917975392,1.6345109942595464,31.695492110527887,2.4248244435658632,10.986294087916608,58.371399206059785,3.609802781414358
11957-3702,162.3653614027363,3.4710913653602162,203.66344961847147,1.3435461019167012,16.058167007818092,128.37007468418958,2.8718287698737655,57.52120852204803,286.5156044445177,9.129457391760678
11957-3703,22.337157500413703,3.301916866314753,58.769010298580206,0.6493575002106016,2.6381451698341345,43.90856564867076,1.1244122563576742,10.013510292275758,52.36121955309098,3.3200182324532186
11957-3704,101.95463623720624,1.0054737895227774,56.28652944149293,2.033386719679906,1.2014021141764497,42.994981454054894,3.052859426893137,6.445677815443359,129.7569634373651,3.6987977871261375
11957-6101,106.12347375526372,1.2286109589399383,60.74600768404474,2.2225742676038056,1.172175778674814,36.35928205280192,2.538149647435657,13.901122717767294,139.5122319609256,2.938792751298939
11957-6103,75.81674366008073,2.0323086264250794,66.54925952814192,1.309693312298516,2.908373383344611,51.76859517459437,1.5028782473730669,13.71760950614716,107.46419648339248,4.583668211903483
11957-9101,322.0450828084063,1.0230740330387451,81.19120881369133,2.6845177212631848,1.5325597471248056,36.622953325770084,3.4789719066823923,10.139766711342194,348.43853035669395,2.000999628939812
11957-9102,44.00944805296951,1.6447673339266733,61.43749160004268,1.8049912833762027,2.202914191994102,46.10374765593679,1.427524269568345,10.637871088970623,93.5408419714124,3.3286572018471423
11958-12701,64.65655081737684,4.272441878734978,59.47891283578477,1.3886154133082647,4.767641634187807,39.4680422572136,1.5797977778246106,28.29638843854072,95.3573874676164,1.7873105411387153
11958-12702,15.285641820082104,1.06130340418297,60.55102076362306,2.069577031164683,2.1344476438672446,60.887214664099005,2.4520677434635276,24.43018761417565,88.43982203163674,7.795986213325085
11958-6102,50.81878425068563,1.8286529947970915,50.88405928816987,1.004508781163389,1.0163882305334817,22.912882350541377,1.3769803522013044,6.976473343185728,71.99590545400135,2.7934363089992957
11958-6103,82.94605095071738,1.4868223673501586,65.8260672865257,1.2491893359229798,1.017052631083863,27.903258756743426,1.9097671841440342,8.089740541670851,110.87323221237814,0.9145308474570764
11958-6104,138.60901770163593,2.0552395059426947,78.24111759128547,2.320494418808749,2.720972981505756,35.77938541673025,2.698905301633821,29.180554963143248,182.805269662321,3.179742578263273
11958-9101,41.38363225652059,7.938758825886619,68.11722796665391,1.325158517781659,3.328890919562855,51.29856870430437,1.659215834768025,11.81507191840479,88.6638777781529,4.052098687042789
11958-9102,54.812047647991555,4.6494526059881816,118.78844958957303,1.986521625982284,6.662774950271835,69.75040960569774,2.000641560989065,23.281495869942095,176.16913135991396,3.66058746687468
11960-12701,151.90485746842498,1.7683296775301924,49.80287839413091,1.3751423778615846,1.9338355631329935,28.824469077199566,1.7134337751585806,18.052052898579305,162.74485575151638,2.053780850672027
11960-12702,182.3623364227295,3.0594516478263207,81.42804038522168,1.440109187386744,4.370186399598796,57.31692465315332,1.126887894435743,23.912750609054534,206.89297429140666,4.095791375940047
11960-12703,158.36378223399123,1.2855789465355645,64.8099421765822,1.6782449380636772,1.0571822774289155,35.99632504148788,1.6239728918405052,25.670773257844587,179.2435988895728,6.057633480454081
11960-12704,292.1877300422456,1.8095654204281533,60.56932438848309,1.6968278018791603,1.1665732735039518,22.963402408547875,2.8269872389403057,12.644024657448991,302.65281284224096,3.141834386123308
11960-12705,257.5283585417251,3.315747889949671,72.88778668800657,2.700818125199266,2.6599850206957067,35.9222274549367,2.71678916849719,13.717314657793754,284.0234169211536,5.360077845610334
11960-1901,79.38926171870658,2.91092220962945,99.31008237668513,1.3813258480919628,3.7988910654988906,60.53050825595221,1.088353888818084,10.35534255880189,141.1593802768696,1.2763998987717236
11960-6102,103.13121356466142,2.4134747568838857,100.58583000396683,2.032482681755433,3.4979794735041487,46.7647928092319,1.181111454027746,21.785440445444447,176.63439483270668,5.656033316659109
11960-6104,81.77586420568453,6.272999083920839,144.5492955935515,2.169269324304839,14.090972590375685,88.02180755415763,2.626390760198194,40.64326709898485,228.0637791998413,8.057015278082776
11960-9101,96.97075013235,2.1151578381189498,43.663959844768684,1.399415050228918,1.5036131510092103,29.558066158233252,1.2699136007771508,7.5840364207165365,109.86978244875709,3.3869220332579126
11962-12701,318.09175211224584,28.815241293597783,191.11534757733205,3.0078244916001253,51.10467139562187,147.7120038588778,1.178,43.47750534217766,459.3945811082566,11.38986319269492
11962-12705,104.52110661085248,4.8946805781291465,64.74034714178295,1.510577720504966,2.5145664284400904,35.08129749447096,1.8563277790108854,11.412802592375652,131.36196208148363,2.661357248315961
11963-12702,20.684827307028563,2.632110808883757,34.85743656033235,1.2980957124015031,0.6608593211705662,24.397132956443677,1.379766445891033,9.611226496277755,44.77835908181811,4.413803834503443
11963-12704,100.21087133234293,2.503465828761771,65.58180618286133,0.8536291954382833,0.9144772691347062,23.496378912020226,1.252852210360644,5.023990739882686,117.10531633000855,2.019945369927541
11963-12705,57.906976064064644,6.39947297995801,75.81063164750248,0.4990830754498222,4.35951520038799,25.362988934988245,1.2677412030059183,15.142196832479073,78.8769549104453,3.6401684764597535
11963-3704,151.7206899089342,1.9598708007975794,112.01131154571084,2.3464984631621464,3.8681167909885588,92.2096533571088,2.079783626685076,17.212610632151215,229.0405865651375,6.731848252220308
11963-6102,59.19516060081739,2.049253175649468,41.398208532461126,1.6178750889230895,1.067861997013102,17.64773650505806,1.6302483917859867,7.2021701452533575,79.22625982630537,0.9296718408469196
11963-9101,72.20765616099996,2.261629711143153,64.9002642754188,0.9414049170089218,1.1858490819048209,26.96411153243833,1.8327543142481995,8.238570123184056,95.8080624258047,5.135019206239516
11965-12703,0.655884042996279,3.620134452519673,37.52916021439496,2.273177681060704,1.4134353792586967,24.110683762983104,1.442215785944526,7.046953526411672,56.58674497560295,3.5781943860389682
11965-12705,54.66738175759818,0.9466451379430421,46.5077018737793,3.104873218296583,0.8118786598614813,28.894295530350576,3.5162745345973185,15.055300859526517,98.51019677902238,4.978047945476332
11965-9102,110.76565799653054,1.4975901570152401,55.55804426779247,1.8841866221311272,1.4797765411689259,28.85856652992564,2.2541011465805716,16.43449221976318,134.48026931172768,2.4707318713583724
11967-12702,19.19598462275084,2.4427314065709447,25.47905869966488,2.7638409903312295,1.8209514956566282,31.484367410597347,1.7597753884281286,9.192830206305226,46.50508404478079,3.4137826072052544
11967-12705,77.74741720370778,2.879775118217653,63.54474715688993,0.9561573101434575,4.880797446827454,33.70204340715689,1.5710358098361685,20.382551172211812,99.52668911394183,2.9102000809641595
11967-1901,144.1729355710304,1.9337118419062909,99.16789748879592,1.5377778865933611,2.5641283616771444,59.56120890247762,1.7165601901916636,10.161972298150165,189.49607172173359,1.7083025206405693
11967-3704,117.87229732988318,2.8354814868096034,101.89535124431112,1.6361957552725013,,,1.178,17.92190411111607,175.732600734416,4.659303868484488
11967-6102,38.27917027798548,3.738219289167578,35.883333217852595,0.5732318712643221,1.3241572492132434,20.624391144249266,1.678363058163867,5.727069319337937,46.94034546296911,3.1548571035306368
11967-6104,17.106180292282204,7.846894429028525,168.75486123738375,1.5541307749672244,6.914476060902601,51.72164821471037,1.316376587781315,28.94901035169035,211.07219949458386,6.825306841151271
11967-9102,68.59323904233892,3.8036973287413294,48.11336898803711,1.4863233591173226,1.0122063151747331,22.297590443876416,1.3538356462114736,8.887859919568175,90.25362513688277,4.177017163222484
11968-12704,119.11401283217657,1.8553554081130532,190.08787076698457,1.117359643414114,7.758304796301226,35.76044749569725,1.6154725376947097,35.92157967132171,233.5854221526662,7.0880956704589995
11968-6103,,,,1.178,,,1.178,5.6998069162624665,,4.202761814869802
11968-9101,2.9986164988658377,4.171177779039109,72.46262172938803,1.119030353616033,3.5458654764963207,34.328164959583816,1.7459660861188881,15.241798686457424,76.71265596189443,3.356539184160069
11968-9102,81.09851291247197,2.5128082973787387,64.69560431991461,1.6905218108221463,1.818956956293751,69.99519257896974,1.4048228780151526,23.295696985229995,116.84469909174938,2.695419558239241
11969-12701,210.8902865169277,2.349205957751181,178.7774195421833,1.7936072801784864,3.6740032667419373,40.223896576755564,1.780809578869932,20.276763130735585,319.06245661250426,2.5630367699653194
11969-12702,215.7911982055432,3.2467906272502014,108.86989327625875,1.7137377050909053,3.6875898667218907,39.19907552607617,2.0774554027171575,25.506577487190988,258.6081605613206,2.904661940159904
11969-3702,173.73383419546522,0.9754776672714258,95.7830132344831,1.7959005241010333,1.6423189316898081,52.02367292669675,3.674365261860567,9.697219893081643,216.00863199233902,3.203369205177551
11969-3704,92.39083804398155,3.6577279855539158,64.17819138191552,0.991476912887647,3.1150992630510252,44.03964351260291,1.6756343243671648,14.425914752893538,112.33789195671447,2.5634041529759624
11969-6101,60.35065017856447,2.1439622662892397,46.41912938282832,1.2696144163331908,1.915885654382073,36.01535401909033,1.5848152832372886,6.930056135919772,79.86165740460338,2.862940445023611
11969-6102,47.3299242133749,3.156059421112763,96.3484113781168,2.254601775260491,5.748053062505337,67.04684789335163,3.049235053468083,27.630447140097935,152.21572495996193,3.5782498760466375
11969-6104,7.341101522777267,6.3162759826706685,60.26579665327662,1.445174261754706,4.639956365961268,78.95714046983656,1.4265606118950798,16.725985349715188,72.81974945175233,7.142557086916485
11970-12701,52.697978570996945,0.8941100858128177,56.060146400429964,0.420864618306829,0.5955048944239528,18.180045293396674,1.2357210441043829,6.784748429161395,64.02925130034825,2.3061357499966655
11970-12702,22.2265725431316,3.0419309487596364,39.41349797962373,1.482807712533178,0.9266396421059123,22.340942339705144,0.429857594731616,7.462329698604603,52.89091937731038,4.411319524975972
11970-12703,151.77886967026149,0.755686537201402,56.45759662908193,1.658092980332225,0.9104073249134905,27.461576004236633,1.191176653466308,10.924734905424483,168.29120799821132,1.6785777035956264
11970-12704,230.68707130223402,0.8029279167760839,57.87581069254893,2.80514650535277,1.6952203727842408,31.985094620542146,3.710389175181075,13.270511746634686,250.2252388276011,6.856867681669519
11970-1901,,,,1.1780000000000002,,,1.1780000000000002,6.573701633782235,,6.856441071717235
11970-3701,13.52763346156182,2.6534476929236073,51.49939881152897,0.349632173319954,1.216255603841243,25.144651964311223,1.7463667065855728,4.370137116824843,33.320971606736144,1.8209970322752453
11970-3702,46.522733009393015,2.0685765120068305,60.19457174761834,1.0207872065705794,1.3741593116780362,31.7258825837268,1.2056788389417221,6.981815330494638,76.57069437804051,0.7547049830808682
11970-3704,45.29455169128299,4.536232325424304,76.52779989621263,1.0233902913865602,1.6112120628957733,36.524503967767906,1.1594908690798675,8.3761469577492,89.69440288338421,0.8035480313304127
11970-6101,56.89794839030087,3.781971875439047,72.44381803269933,1.4934987698357254,4.079713474564694,49.8155956672138,1.2853953143941035,13.586288394779416,105.23980966208393,3.383423794333797
11970-6103,163.16147107494155,1.9877705926166471,133.21480930344444,1.849583095543347,2.876530728702341,46.62531741569656,2.3499591001278137,17.990529302665713,243.81285897670145,2.0023783482948803
11970-9101,63.71743249642986,1.8414266722696206,56.478733182438454,0.7455111569605606,0.8314580225108349,27.370679345684042,1.0492797167517807,9.655040358093846,80.2370111388686,1.4213664967978565
11974-12701,4.0368956357169905,2.6307575993167807,66.73898272851974,1.1534030174859362,1.7674096917560038,25.8412442902121,1.0551652858882068,13.782908832583544,71.7889926568799,3.72074123119757
11974-12702,93.28304776247725,3.541412722811289,79.08984595629471,1.7890489501122255,3.1497483672532836,45.92708045827253,1.8042036494442542,18.580950982713897,141.04110277439278,2.9572415504056795
11974-3702,195.8591133317234,4.223356581627616,139.77032926790483,1.9795922672238655,5.282966980662175,62.63685130078619,4.0,25.074109866229733,277.54927832731437,7.203037348943485
11974-3704,52.17788367250236,2.6821985383014786,54.45703292095344,1.6999320873453856,1.0155652507061141,39.30076653311596,0.7307904374249725,3.2763104863987156,88.11240822754664,4.611147820326603
11974-6101,75.59865117134395,3.8061505555524566,143.6872650530436,1.6017462215639737,9.280404662110952,132.1191894178436,1.479772805187047,22.54162515491113,196.93871336901356,8.71890412767037
11975-12702,51.0252104181224,0.7809079840678346,52.59062376764115,1.6968933990401656,0.27875603315864206,22.234027365663415,0.39675759427240764,7.6387306873929575,85.42128099610284,2.240357310947772
11975-12705,133.43802841126936,0.8596444057441704,62.348202532447324,0.9350080467413815,0.5651131498964437,25.244210374013903,1.364206823059874,7.907560085485612,146.4252801672635,1.2251703755974994
11975-3702,40.780575550343116,4.762143264942036,115.635811723196,1.7405393938788598,10.522980162461591,74.68204690084603,2.0506838153860834,32.28194500935224,157.9142906184015,5.344403164137809
11975-6101,89.81348424586737,2.8886729868185754,78.35994407448084,1.85286860427406,3.5650592708191806,63.62774959588676,1.7264663266678437,18.919032773574507,139.44029379501129,7.067700525455646
11975-6104,160.18845150558454,2.0230461942391993,74.46577427338335,2.1158303487980095,1.8457064945636394,35.42560696240861,2.4664523643838714,6.4249513998396655,193.3725417654376,2.764753883405824
11975-9102,77.89985582197744,3.524653724525478,125.33491571287404,2.238104411826378,4.04917323001928,43.089537461605595,2.632419755774621,20.95519835075155,203.0428873425706,4.8082967302524535
11976-12701,76.88103647384422,4.5575836685017945,77.62229706652188,1.7627547156349759,10.263804555695332,43.090745412096844,0.8773204602111497,51.23930711897215,128.57558284178754,2.3451340418234756
11976-12702,84.6226936453995,3.772652469159741,52.04159979006274,1.5942414273150805,0.7335151262074536,25.39022348309676,1.4187398570551772,7.655737741228353,107.13883119331206,2.3157474343929723
11976-12703,141.63828633799133,1.451870076111932,52.99765781609267,1.913853001928584,1.3962586001521275,31.462791094294225,2.0825074893505704,16.848988754272916,159.48963005328858,2.3718871949436644
11976-12705,56.97669303424092,1.1425048065207188,42.637953231444506,1.8405128307204612,0.6928575102479053,17.329813852714757,1.4525932141105167,8.236967754021244,81.1935143681031,2.9748128428550187
11976-3701,18.489471218538505,1.1920671485558172,98.87590182844426,1.6241477347823832,1.5178056190228535,56.83132308824922,0.6245817601695043,5.5675835821407285,127.3587447397342,2.962859786726
11976-3704,56.32664355280667,7.6833202601320325,81.24799240342072,0.8961472281283676,1.3808875015021416,42.88783129465808,1.149797569613726,7.457841552904358,95.33294477322703,2.750802423652684
11976-6102,46.32718385389257,2.6213089727386545,31.647807553591605,1.6323357376427419,0.7651181033035352,23.531287882370293,1.7688203438447734,5.715794402075332,61.490884438618714,2.8426496627521844
11976-9101,47.956598273165824,2.47494202909032,54.21652984001143,1.1707505149947597,1.7025407093206384,27.143623276050192,2.025947171002731,6.473026453894659,75.77055478245819,2.612364767629929
11977-12701,111.35896580535788,5.075659592625742,85.40516434313479,1.0600469869183233,5.515405111644664,66.6622950647825,1.1855751855242593,11.757396548069233,141.8902625695845,4.560303226464706
11977-12703,60.869041118815886,1.583404127664256,49.919075319101445,2.682134016850539,1.6153118958780164,22.49274267368686,2.7338651595076278,18.265816814549197,101.92491201701519,6.614786381784534
11977-12704,67.33822685019766,3.4575981276025187,71.48219640475175,0.0,2.2086294235859203,9.47768233737187,1.520495485553969,9.267643877333153,67.33822685019766,3.848076505426098
11977-12705,88.21007574896367,2.7592481035035297,59.127731436697026,0.0,0.6979763138916144,18.32085266253439,1.6134863252577367,4.463967848402112,88.21007574896367,2.740828611235622
11977-3701,130.87592831374678,3.4546528813552677,114.1560868853177,1.7748191730354828,5.9241178720442464,85.80491131098371,1.5344274193346448,15.580855738858645,200.6421285576176,6.922443118796569
11977-3702,90.4975847558933,2.7299438097461963,133.34667203150047,1.4157111277622467,11.581043034634913,119.37963854428908,1.0970152871897598,47.58110390559067,182.6555408147598,7.419271467238179
11977-6103,20.102564156156237,2.7244506252742657,151.28046429038042,1.5302050897128212,7.77383143096203,39.199676755991625,3.727587717346129,22.808468154537444,188.21277428383206,7.15129969272607
11977-9101,6.925028909138858,3.5912430693318735,64.55466991707254,1.1332141546530967,1.9572903963251258,31.62317571829549,1.1628582261651217,9.532468985993015,69.06812217380904,2.409279633096643
11977-9102,104.81384785366558,2.7372078711658068,71.11159882946774,1.9175055253583544,4.074749213165308,45.96155624075717,2.6723038574567837,16.91577252150416,143.81411165546874,3.9591546963421216
11978-12701,26.5065696716263,3.816909980008357,55.05920766623013,2.139544079438423,5.164565436559344,38.33677905142231,2.0690943161513777,23.046299410118884,84.78597225734529,3.1795328383367316
11978-12702,28.51275700908648,1.8777148760866178,26.987591659175415,2.5832846411551333,0.9909750375623215,23.00427459644696,1.5187663579811534,8.173665370736753,51.90820053212086,2.8146062999671644
11978-12704,75.00316804020939,2.1866687003223806,41.72381307491668,0.971067767069562,0.5293775090019099,24.331534016718706,2.0997736299574377,3.619013388429174,85.53352761890974,1.900940134544044
11978-12705,136.60164439283088,1.6277784991918756,62.90596200265178,1.8090569242012409,1.4086238353407032,28.07589993095545,1.9831568067798861,13.230439826778417,160.68209934327595,0.7289434041782203
11978-1901,84.9556635172711,1.6065767766803913,51.88977538560212,1.7548518788283287,2.2717814477378124,40.82041884071491,1.574734986770249,5.164419600293552,109.2816959324413,1.2539271381094
11978-3702,61.330942453716034,1.8329189498333534,53.94736161282675,1.2373336368694845,1.4514278920687436,43.69034124372763,1.3697207812339074,2.7874988334644826,85.80512013333424,4.320850524087409
11978-6101,126.52414308774489,2.2442779264689126,66.92824984540468,1.868196604926423,2.1557839785894317,32.869397659900315,2.2975950336966733,10.504319650909968,156.13052599116543,1.5919913202294171
11978-9102,60.087646573826476,5.615998517478873,93.00742848712395,1.1728881377039262,4.615821749164356,55.186925286345726,1.1559011814047866,26.05074314442404,117.28791675364046,3.0517539804862865
11979-12702,40.04703940268295,2.156068826408899,159.13136223374988,1.316662398910554,5.86202267138282,79.17841121357675,1.0270327127979828,44.63770686320193,186.93670421066432,8.231320271441309
11979-12704,139.84702953056234,1.2624857471311624,51.441999591367214,1.4303569760341048,1.158866783115166,25.229748777675066,1.9846193774108905,11.618852702316653,152.78192221993976,1.9241790106130852
11979-12705,138.36115105992334,1.7927949801097933,72.1950412109396,1.7793266001099997,3.265910465387692,59.53074099553801,2.6687845457553743,20.9471967032624,168.57603315778576,5.5059806528962
11979-3701,72.67208657274935,5.792026692283174,106.0341422208159,2.2374606052354804,2.146247005374763,39.63347193841826,3.9885732225118646,15.750690562983454,174.46356987276755,6.172793548535688
11979-3703,116.52692411408329,2.2199637501154545,112.72531315913233,1.7751852118607343,5.4720027377797695,134.9413631709755,3.1310172477177227,16.103240690651905,190.09417621936302,7.0773779398616625
11979-3704,124.67801866511448,2.3499414746744414,94.17045428354366,2.3203074072611747,3.478875360810665,55.27033257828968,3.1232296725326605,17.737526600081175,190.05595806464032,5.419776366430024
11979-6101,225.48295377204389,1.6715788696030753,90.17164261046396,2.3287300160059594,1.5648581526659042,42.19351994003333,2.487480071786314,14.88363473388728,264.1539169733885,3.3753101015121207
11979-9101,186.42546304973615,1.1203605135109462,57.510729724548085,2.5905021107828876,0.8985422635046214,24.99979211202956,2.319200709394186,8.526137980103153,208.1405718338967,2.0260863371044406
11979-9102,171.96878027245285,2.1100670712438157,77.45784951947596,2.159664312372271,2.7233777326038786,50.53417892320469,1.2277249491860254,29.333917165538328,206.22957890141163,3.3296919076510028
11980-12702,72.3826183401776,10.76053000063138,78.97383134699544,1.2744693750985068,6.122917313516471,36.552877901138274,1.1653338716812804,20.35375049600342,114.83874868407077,2.301388004468761
11980-12703,8.45846701789405,1.7015335629730206,34.22320236135677,0.7293234182555444,1.7825348827179335,32.73803713089133,0.7219439147086819,20.93455762841303,30.426129665077596,3.486987278284639
11980-12704,211.5624598086739,2.0097786936437725,61.2336802965923,2.85238508574877,4.544528474731929,66.66689950068587,2.9084259664851073,19.22956790691713,235.4864618159728,9.161493128729042
11980-3704,35.52867849131861,2.0595817084104,47.0999206648719,1.0656261412889327,1.6283934922114949,22.165175176199146,1.4922657461582305,7.524035313721567,60.21855793379258,1.0302142575965914
11980-6102,57.91082380099963,2.0548484787618486,75.10951011033167,2.6382071019801443,2.9671526016588214,42.019144286841126,2.627532881278209,10.801666080178245,135.04423961493313,5.40134307579848
11980-9102,91.04330373934158,1.8833302326534238,51.98367449140569,1.6279188113949372,2.42477748262984,31.76946538062386,0.8283853237502776,13.503896278213285,112.64107638422877,4.685338797008798
11981-12701,42.447307095715914,0.7721305310831156,52.05545626223549,1.178000000000003,0.6211656935438062,21.17467161799222,0.0,8.79311117578797,70.66741512249268,4.988651297109468
11981-12704,117.34650630532589,1.4453901083801757,55.950456444165916,1.8880481130575841,1.729739584263287,28.867983121075145,1.6102058577739387,15.38291842912422,140.28773827328357,1.6853715984899413
11981-12705,21.061596533547714,2.420617989868775,189.5950582599447,1.0506057751424929,,305.0973875473686,1.178,46.5856922986367,195.47114016539047,11.192275165422517
11981-3701,40.98823962016459,2.8727229320989327,65.2513166313354,1.5045367425932419,3.789179806675542,26.591867573570557,1.2383584531813718,8.709060909840783,89.92193011159233,0.667621889141335
11981-3702,76.94797079641418,2.182787910718862,59.512097303107744,1.5054508593475178,2.242081744237952,33.35503257114363,0.9651060502795936,6.318849467150553,106.07935732437974,5.208549992920343
11981-3704,237.93734990120382,1.6861809194672608,161.20185112643674,1.6064237509880774,3.9469910998189484,104.04795679448407,3.6973787674890897,31.04984478956222,313.6220164436232,7.7194557318177495
11981-6101,74.07590893214187,2.581131708845409,51.626936968876834,1.3398015053813839,1.3404428628046643,27.6304675058317,1.0922981841829689,7.50882140822411,95.17493188970194,0.5941562837884169
11981-6103,33.94515871309009,4.127620988444364,39.84217900314866,1.5651155102926433,3.0183025135020025,31.329231063942192,1.6909730845455728,14.476513560458551,60.30536420905152,2.370572209582816
11981-6104,125.29430242795883,4.12891410936229,88.34739147042286,2.0217824125636126,5.491212905960221,38.90179488874637,2.2942102672740576,34.64212260703039,177.42379436834136,2.242395470314645
11981-9102,174.48797417514245,1.647760761811887,59.15378080413673,2.2834242327816705,2.223063185288948,38.100821875694045,2.353031065693018,8.379005713126407,196.0513764548278,2.6756314224363025
11982-12703,5.238481370987697,5.980744667372661,44.81648147488304,2.042079730312819,3.0813844645987727,21.755867002427618,4.0,13.68829413671387,64.2572452322384,4.533795760717316
11982-12704,122.98606060755363,1.295518413750172,58.73042609629016,1.2876984725452343,1.0842203831532509,25.535712793336394,0.5485984364055341,14.033152664857635,139.8827428068981,1.1448489610745902
11982-12705,13.89070521513047,4.219090903201563,54.61367930776086,1.5081263944932086,3.4011622525185947,30.66529413309207,1.0940271869274178,13.400692240844108,68.49212265251357,3.2394714100592754
11982-3701,59.90596989179076,1.3798835913733087,144.9965790757685,1.6797246476342451,6.138166046585929,65.84694387151255,0.47596957711742827,26.227606232264094,197.2391177320721,7.752978913101038
11982-3703,79.6765379359368,2.33987222137576,64.3585681493123,1.844617865260262,2.201788293374805,60.42206333530892,0.6173737194740347,13.24001893009322,118.27427680418397,2.7280135995241706
11982-3704,210.20735070388992,0.9272968164034995,91.46077470255969,2.4929563690288425,1.3604431756543387,39.33003371489858,3.6352337934889967,7.376088219393283,255.03116098526567,2.3693123054752085
11982-6101,104.43550408312257,4.3707336616789,44.47517609473378,0.9420661908789629,1.7276803812125554,25.68681215748802,1.9341840440185578,5.506987711329027,113.00539958472281,2.1153721278011304
11982-6102,48.98707503553702,2.026282090318714,50.182101809180196,1.3518050408557292,2.604138667198317,39.13950032054207,2.01366947755659,9.22061835062152,76.18338115584422,3.4323283540312515
11982-6104,109.63866678813783,2.3585922602811786,51.40162611660821,2.9121303505554295,2.0936926673413696,29.16392857072914,2.305494002078891,9.461405610256156,140.40960070231972,3.1467662831449457
11982-9102,73.4447743572852,0.6792154985501412,87.93205117104787,2.211801860413841,1.088843205345008,51.92316342842763,2.2879855354437897,11.217581059314195,149.9862919552167,1.7458813733871146
11983-1901,35.074977417550464,2.419881698569644,95.99251815613171,1.4712801241893716,2.352211985429706,62.64828220162702,1.0974743743947397,24.71786396632204,121.60369333700555,3.0718271305928098
11983-3702,16.766649480383975,2.4454985776260068,51.410943540004176,0.49829822690418246,0.38130641950521654,20.479569484606095,0.7920791633888358,4.651056402083893,39.97705793946072,1.7346679275539847
11983-6103,231.01424364307755,5.479436852332297,165.20828339011732,2.119908084422077,8.965093990075864,80.28562223143265,2.761898569404081,37.45916006953123,333.508439281841,5.398754930357328
11984-12701,109.73250918439169,1.3725742869073627,58.703398375592386,1.2760132435233398,1.0169781522289854,26.025671716427997,1.6064379145712278,11.663440881766958,128.21263100731832,1.3511183060913674
11984-12702,10.188731049325243,5.2355826807179655,76.96262011432715,1.9430670170120008,3.6436921931846276,41.01861245920189,1.5539722588183684,19.479500542997858,107.76396442822158,3.1883532811700595
11984-12703,72.63399924509919,1.2642162839793236,49.54617828285598,0.3463178374800757,0.4887009531484312,21.55709971125072,0.7950640697653171,6.376579698574702,78.26779101306715,2.207332863642238
11984-12704,67.07481924360336,3.1300608623513186,72.35429612421711,1.7115356320579815,3.9163947440641307,34.2006947152473,1.583840843862908,87.40670794731906,116.01365074172466,4.054276621008729
11984-3701,21.02301705109516,5.003949255797628,92.13535103765214,1.4893635529775864,4.882510815937824,85.49194571175255,1.841767748862753,19.705546926405162,114.3899455081578,6.522874366334924
11984-6102,140.08777649765563,2.911548914951451,90.714966898353,2.701195908744107,1.859415302574194,31.66214135665722,2.4222528928987708,16.452814919419545,204.58074346045638,4.551857185500848
11984-6104,53.30232129983633,2.971813379759748,168.64859867216737,1.305592613908202,4.145462578214658,38.937040693613696,2.846748588738926,15.971442620834859,199.93813873677664,3.181952124974509
11984-9101,64.95497997903857,1.641853048768163,60.938149923433585,1.8977892321713874,1.3967373685404325,33.55316246851855,1.9141868641357638,8.888057631078286,106.14381871269752,1.7762567834092773
11984-9102,20.705196748085285,3.47877639704729,55.227161788017234,1.3808669053082134,2.230638335596379,30.768642656915855,1.4162594865965645,9.263378770844918,68.12050820834266,2.2535988966328655
12066-12704,79.58550498398017,2.3094618508913904,70.58336141455962,0.0,,28.857739029390487,0.0,8.251189562304836,79.58550498398017,5.695733182234342
12066-12705,203.5299127005971,1.256984120355096,57.681514739990234,2.1238054115739704,1.2803098388396397,30.884403304034066,1.5917876727347977,11.248719719692934,220.2059483954403,1.1803112141538337
12066-1901,94.63203365412161,1.1326461325476032,42.45078813525052,1.4443476619926403,0.8747159276123503,29.359001166049936,1.531442470542573,4.043088854397786,107.50830915500802,0.43271438085512837
12066-3701,190.85444349834842,1.807085254777996,77.05833163980773,2.3630517946619367,1.6030084077866769,44.082592620183576,2.3567483756509517,9.182596930757821,224.62677534023558,1.8085943789941281
12066-3703,40.868199081742695,3.6818903991917287,81.49313372688783,1.7145524760662827,5.39761101493443,62.8610765206243,1.302272327604854,19.45662684397211,114.2662549912387,1.6090944736924702
12066-3704,142.58741628849296,1.3707690769352199,48.658003044037265,0.24314495660079072,0.5623998939227655,25.76433695254171,1.7233296888925334,3.8236525414231,144.59198314393316,1.5562925744728142
12066-6101,164.1484216752538,0.9018261528931362,111.95493449852512,1.7845056879598418,1.965901351746893,41.81917440744192,1.230347509783361,11.53560027927119,222.062003305845,5.351145537173441
12066-6103,99.48194503473655,2.5077337447940846,60.33484478365204,2.269815767747734,3.3473275131288176,60.62635601147271,2.078129317627377,21.325796245012327,134.75701451957073,4.514833829621996
12067-12701,60.67137903571891,0.9600871377297019,53.43345812768639,2.539951144284527,0.6145304181196518,23.714709616724907,3.2777528070615407,13.31359939131158,104.56059602482684,3.377615691716705
12067-12703,66.46742564145092,6.532494636245393,130.43448253630942,1.4080006493680544,3.6677177966871035,90.67685559394387,1.4721353202442902,20.901879559095907,168.44123866024472,4.725063272860275
12067-12704,251.59404941467483,3.332109242365944,69.35331928606256,1.923959456192407,2.2662871554380266,34.58683804235213,2.4087005489606472,21.819374906118874,269.35772753310914,3.6572731483618175
12067-1902,146.59920816513855,3.1294576839207107,81.44724157750309,2.475211482887798,2.9373731510612564,43.57554665378777,2.7192775867761347,11.33923451804198,194.70753018622173,1.2402755485861283
12067-3702,160.0076345875428,4.362492567746579,185.25261122238726,1.4866844452662218,14.529456369085228,184.33352487522745,1.8567979999358886,39.005105487151624,276.8090818763758,5.895907017229699
12067-9101,61.80615644461498,2.4185369557005036,55.142714095893055,0.8178262866131154,2.459001764987175,31.089621021149824,1.3746034797610016,13.521400494332351,79.41524309403745,3.419901874959976
12068-12703,20.012745205574703,1.2814728293598807,58.326313360187804,2.1204457383414295,0.6537695457613036,33.40791961245433,2.5177207060927325,6.144655387026779,87.25926354350223,2.48559213865206
12068-12704,45.59294121485397,1.871139796598587,44.56751763063276,0.8751652145182351,1.1523349168173975,15.872189073956847,4.0,9.151176834199624,61.782077680316355,5.361617666890095
12068-12705,20.229867263166476,2.273063841116733,49.44400614351325,1.9142527466349764,2.1037831062716656,62.00687085025726,1.1879303787015498,14.200464687142908,71.33750676007226,7.243614143903039
12068-6102,57.6587372828746,6.701140485332761,146.92532549365976,0.9236262887931148,5.6511449943647545,55.40840281646548,3.015957937883292,26.0158612223523,152.5217952846803,8.564023865125105
12068-6104,149.57497105274243,1.7473509419266047,108.06704130263549,1.6447158733920895,2.4591030416214803,44.59290482501963,2.500230042404555,11.520618398528976,203.9128792061614,1.1829765822343783
12068-9101,3.720921415288289,3.5201238978444556,73.3612994956921,2.0076514823089235,3.152131056460641,46.012757104740714,1.7649258108308157,16.31145893547998,104.01338925926045,2.3547937931853213
12068-9102,179.47697196653954,3.5889133247521516,80.24295351340965,2.353687755879336,3.3586349411480336,43.347057964367536,2.9075265116592486,30.637363969326532,217.6401109795828,6.20834153026718
12069-12701,58.10881896061904,1.6564730329497168,43.63719205181166,1.165721491293445,0.6030094809802566,22.164063956044632,1.2534332216705353,7.604489345263379,74.8091370464307,4.075430850831337
12069-12702,58.164002045257156,1.2392414293806286,36.457359826053086,2.171944248922498,0.5551224251093348,24.128953690616008,1.0554354824222858,25.54067392653636,79.18249255145216,5.874546452478955
12069-6102,14.641422298551888,3.773573178362186,86.26458029155276,2.0454029997599417,3.77209247406099,57.005589647177224,2.2195141376531984,14.008685811564467,124.23927248793642,2.3260753896756827
12069-9101,47.954557324105636,12.075039626069662,,1.1779999999999997,5.7331906933133165,25.39094167690949,0.9326675306474077,17.69063944142555,,4.5334251989454835
12070-12704,33.494436395200296,3.7297831577082476,51.521815754493666,1.852255221221367,4.731615252770752,51.72891152550122,1.5860188290591397,17.719043162794637,77.7089706598093,2.336455548908151
12070-3701,3.3724720471433636,10.677130850784774,98.870831659364,1.4661652631163895,7.823412551300266,74.71099246541266,1.117566437058267,27.37796386085616,119.7655464277177,1.9563276361535646
12070-3704,42.444567756275816,3.135241106721141,74.37946534546208,1.2159345696554564,1.4886736589162275,52.71822414815907,1.4106005710855467,5.108522138523388,92.34967280579303,4.9237209094001635
12070-6101,69.57468377500186,3.8393274698411495,103.7867659067428,1.7296689525621916,3.475496981058519,47.6780219651765,2.279962222875402,18.475035890350934,153.2060677191536,3.7336593410642034
12070-9101,25.80829932434691,2.9924692310364653,62.27983009025474,0.47171829188202763,1.0815031863954072,30.475152336924943,1.1540572209974738,6.688209290761139,49.95756685833879,2.65306376509334
12070-9102,129.40747700438655,2.048316352420135,90.46383211118552,2.2745010846200007,7.964348071690156,50.895603906636865,3.8329090164657798,28.153852428177508,188.0429228180058,9.669354508213367
12071-12702,65.48719761671518,2.1240032529264607,87.08437763895697,1.60939483142048,15.815803669709108,82.63443993826105,1.914125733615963,57.63655749195489,128.42788893307198,5.780944273766628
12071-12703,19.065808149014252,0.49686494048402885,39.5739840163869,3.342711943404868,0.40208113213002117,18.872487900710777,3.1773561111779083,7.56077074068193,74.8233046584892,3.141285322516234
12071-12704,73.3690055844839,3.065078321017842,54.282151337893794,0.4982913429642809,1.046845851358881,29.44560527014311,1.7893239592145336,9.772658119054286,82.77229192588509,3.235014923311212
12071-12705,180.20179675299894,1.6973444803572495,124.09427869507867,1.8245683820497436,2.147361525745906,32.291549378321804,1.9783363151409596,20.425638918509968,246.10958465430534,3.452060670950429
12071-1901,30.0500859359015,5.228648553536008,117.68287040281801,1.6044766934214283,5.768144936461169,144.2050941356095,1.6767520033642769,23.14680242836697,152.06518117198326,3.8523877146339367
12071-3704,18.8369567775904,1.6093867092869714,61.19178860457818,1.6305480073338425,0.711545475220888,41.00781344618214,0.9512609988314127,4.929761902215292,80.37606581850409,2.746791887258712
12071-6102,37.53770924834946,2.096053879819969,53.48166347200727,1.1719971598553234,1.9206580450188657,25.926777281969,1.9081941107519862,10.792478955226374,69.0023870027992,1.9218223725341679
12071-9101,26.511508635220018,3.3367256315932248,52.07391503509282,1.3066994733154922,2.2286541538607727,35.48794783691352,0.9417425986973391,12.223582916048798,65.16308324286831,3.833509959276481
12073-3704,60.963845302878475,2.898159245240061,104.80396658038941,2.0950818501217685,1.3751460169881093,88.88134404634198,2.116563370101943,4.7471039427043475,163.4891435886064,3.647329511524142
12074-12703,15.460351365038148,1.1625745002129075,46.49633603437258,1.393854221703523,0.6033642601459005,24.442172176611002,1.8998546625645867,13.671218117241406,57.029894088651325,1.7706530170229964
12074-12704,202.3401014104809,1.0947830181625597,67.1969911610927,1.9068726167498498,0.8382174607741842,31.423626373921273,2.7625152577100094,10.620795084728865,222.60250936901792,3.7521179824738438
12074-12705,55.272699307251266,0.964143296926748,27.59894723010002,2.3631703343403476,0.553805888150271,19.524317043045762,1.5825742347433853,8.018325554370822,69.67856624915835,2.778164596074002
12074-3701,32.74390133209519,2.2285231650551807,72.70969479704603,1.1878552269465872,1.87237932746582,57.352697821650835,1.7014980656380119,6.3338979444688865,85.7437867553746,2.7705596814824056
12074-3704,53.58700459759318,3.3098420772002846,65.42237193323932,1.7030496232270584,2.8632471037957816,46.26518423219494,1.966099402126618,8.609344016236372,100.80063088908743,2.2931239371103946
12075-12703,112.99557913119013,1.6362768438118676,45.372355623706454,1.8468901955614196,2.1218876480241495,38.29133607728639,2.235483014892856,7.974315039195195,128.72491061838298,4.088554733511826
12075-12705,22.523508418721853,2.2632922430264784,59.2961282763276,1.3082794281173948,2.0505064291918655,60.72909847437706,1.9970516026780172,7.584566156273638,71.46509101039031,6.596632187375279
12075-1902,50.25899318043881,2.3075462089503977,45.43663280741685,0.8308329699452834,1.6469494963638887,24.187839606973856,2.8583516228148658,7.317511137509581,65.12457877301348,4.663235961578002
12075-6101,37.01394102031949,2.185258990323811,77.92721358633285,2.1459806630274487,2.1402594400010866,76.5071845139246,2.086260835723505,10.840981962558407,120.00759404290814,4.545240955091541
12075-6102,28.57530323566944,5.378402677089379,74.51065752855483,1.6662830985434356,9.24256271310424,58.199235918688814,2.495335236086601,25.028806564020478,100.33684229862043,2.1969044179797392
12075-6104,134.5126145605529,2.12417834231416,84.05568571629611,2.1419537595932034,2.5839751201904066,51.04289701004736,2.1825139810988627,11.129214017061397,182.28360938966225,5.0489898284439745
12075-9102,19.659727768087894,4.751973995305613,85.4485335607454,1.1939208332917912,7.234885995898371,32.6446612664049,1.2101710188470856,20.160470344195865,95.41415208393535,2.3421759384792438
12078-12703,137.38209272827456,2.172026904338241,79.35309795051955,1.457320557034659,2.8720383750020377,34.27649794339659,1.8479112641077124,26.565977898799144,167.48272103536337,0.9598688354801029
12078-12705,112.85096235107629,1.5119968134111121,43.72470354498935,1.1073350457489104,0.6279131063299657,18.93765203878986,1.4160652090915231,5.732682954250216,121.87041428782548,1.829842157923971
12078-1902,61.8346888846165,2.5022303533308143,92.05384639682535,1.134551118433093,1.8497805531236187,67.52006580865441,1.9707471581133968,6.349029325047223,115.92072092401817,0.5133627978220271
12078-3703,5.784707031838499,6.268343965864482,84.53087249193636,1.178,2.493141486296801,83.09820202595128,1.2681286654484891,13.991816037573379,91.9283667626503,5.5912774984478375
12078-6101,6.013582699936751,9.662790863585512,174.23356491460032,1.548455717401895,11.663430255050825,51.2379233338956,4.0,17.652545162936242,216.8943345131931,8.978185049042406
12078-6102,306.83730996646835,28.866152746659946,342.40007757732803,0.4045050330163198,93.38297072400134,320.78197155377944,0.3297176584824185,285.10533091360173,376.26110648900686,14.515600675423144
12078-6103,82.131466885393,1.470113217652539,108.29708082563192,1.56158303897399,1.4098132900963352,42.918947522173255,1.686250567768588,7.179504455805431,158.3042203409568,0.9328376157224879
12078-6104,57.020982814535486,2.8292159509129053,68.85609114032705,0.012689781863602478,1.9874113851305104,39.65044410848926,1.4710869379100653,7.698004906477585,57.54612744268136,4.105612484266047
12079-12701,4.5767969361333884,2.3085206530233027,43.78790280698092,0.9793002874939563,1.1985075814419837,27.82925959825369,0.7364230824702214,13.495968358353881,43.57336662132337,5.510532922025803
12079-12702,54.48162552221586,3.9812259737167346,44.59448690025036,1.6648451168234142,4.403951424605512,28.977112008074066,1.6266875604129494,24.675181145893443,79.24059669350821,2.316476513173288
12079-12703,70.15131637907403,2.160489611970477,47.89525928262645,0.485293204467116,1.2019420406855286,27.522012658421843,1.0984269915053007,10.764835645380234,77.68171200978857,2.6859237376627707
12079-1902,135.03355897709844,5.968884691338776,77.02616909540698,1.8033217559014516,6.549013119945799,49.31639449441647,1.8899799103384742,21.111119523660154,170.09769379910213,1.855355684968346
12079-3701,85.14891999756252,7.22561011403793,65.26877323821826,0.922905295975359,1.8528782876836776,27.95255715740457,1.836071104891201,11.411099998212581,105.74463066226186,1.8719486042609075
12079-3703,9.969020364740498,1.9133746834094192,92.22616755865978,1.960236542782619,2.709945748494587,108.15282589973027,2.555806870784399,9.859120714830118,129.50868174275348,4.18102422111303
12079-3704,163.92587926761453,3.1295858943585273,119.34029078388247,2.251728241154564,7.287085577743632,89.25234457593382,2.846101163826243,29.6003395293282,242.77776657988142,5.706122057960948
12079-6101,13.2854114502545,5.2537485964702455,129.42951630446,1.5081535918804003,8.62806750317855,70.8645093243312,1.2870640203901758,21.64870022636863,159.50263528315668,5.286456108045126
12079-9102,127.79825236559955,3.3291853132647438,176.48973442990808,1.4147408329138231,8.06729151326426,56.27472032248256,2.4701079505594192,32.9782138297089,245.76335550108345,5.215731947108964
12080-12701,127.27326624966693,3.029333269309657,63.89481044537202,1.175271955099096,5.320354428032349,50.742846266324776,1.4437614675610737,14.938851221844676,144.901991233566,4.771563186566521
12080-12704,25.057300448104442,2.410770993147919,53.7373459168257,1.417770540720068,0.9198687960182105,29.76851964227406,1.7021701516737844,4.881774229885901,68.71657458383169,2.2109739693389043
12080-12705,183.03990378932983,2.796710422472276,100.5620547396669,2.229699329156479,9.18370313213833,77.55225691846238,1.623350495670985,36.00674323981953,236.75292323500037,3.3607018010536813
12080-9101,14.907528522792164,2.716992329058326,53.84961700439453,1.6784195190824986,1.9634811125160923,32.81174198659821,1.2182993929023245,8.287413677037176,71.33921684654568,2.2842300288772543
12081-12702,60.91145042423935,3.599792808672472,38.63808727573092,1.4247200977691772,1.9770196903500414,24.138296780227975,2.0702343699473014,13.303560845873113,76.40138725579261,4.520027876811069
12081-12703,30.51816830108558,2.547271167256699,34.03418314674762,1.7655813102561106,1.8692343214348826,21.981004400407166,1.5973152116695704,12.379584936008246,54.55709547502291,5.93404105084031
12081-12704,65.2239369138544,3.0742903436753597,59.89689376967262,1.1483930321060165,2.907499651456813,33.925554494657256,1.3309211003611625,12.29123451569227,91.51054744341,3.138882902843818
12081-12705,17.24910527128627,1.9960210002321241,55.438968658447266,1.2188017281243393,0.5175059495076574,26.408666240430755,1.1709089243554796,7.342551310470519,63.5884694652428,3.26370383599976
12081-6101,226.49004420257188,3.872606832732182,163.30949553538878,1.8897881364949405,2.681225296064482,59.01283487006906,2.8015762133732705,10.44327033909014,318.9018239875138,4.81806107739245
12081-6103,69.9435059979339,3.5162151114758218,54.32238033587912,0.7481311603006566,1.2881448017225012,26.794290817017593,2.0579130160566717,4.133865780631562,84.26013284451615,3.0329874700585515
12081-9102,2.170575516293093,6.043021747517817,44.15678250272405,1.0210667012304273,2.7170329612051294,18.000488253065612,0.9991256038524468,13.637493139171877,44.67224132293886,1.7980610545049018
12082-12702,117.18982974288296,2.3827555952103716,85.6534643587942,1.451291508527535,1.2643806450520152,38.377826383774796,1.9508191784375315,12.972237502885566,156.14377831104255,3.6171121368309653
12082-12704,22.841117341913428,0.9524540949683442,49.16555300756507,0.5629943269035484,0.6160197712800524,19.15780515036961,1.9069502744268827,8.232843505948173,43.38911822514275,2.4532708527196867
12082-12705,116.30896411547376,2.900467450896892,79.31814712228123,0.8666330190329101,3.0341898081760066,64.1710233685492,1.5949072466622485,12.777369294222002,137.76822122128274,4.827994361114739
12082-1902,133.7835647642894,2.080483794367545,55.50136751608993,1.4466939506861187,3.181375757847651,40.36011937277888,1.6589408736657014,12.50024321886475,149.51401554778226,1.5318439628508864
12082-3701,96.72349968794923,3.434486481650027,60.93629588957349,1.1716369214357911,1.6698051666426708,34.79890075716365,1.468391792246866,10.985357638988983,117.07260689241478,2.3927831936055135
12082-6101,62.39821923909264,5.9335332798400735,116.997498962752,1.8229855800215549,19.998385406393243,96.10885264658461,1.9795030938336824,66.68254322987221,169.8449895978563,4.700844920905548
12082-6104,52.95077562325765,2.357644154945668,70.09969166404395,2.843822595682787,3.2540513256127728,43.858592092117384,3.2152707642062532,12.829622609124986,129.53082404597495,5.812683223333334
12082-9102,65.02259841527497,2.188420400643563,46.33939375153594,0.7550557576201649,0.9308534826450898,24.810291741754508,1.0935166467649475,6.675269942885725,76.48071189666518,2.2676004510839904
12083-12705,117.6002183672783,0.7713443307607756,61.33253110338506,1.9118644446663442,1.3792198155691513,35.371920436424965,2.520727343509215,13.864612170989314,144.98838713058512,6.304447945492521
12084-12701,119.63531275380552,3.758613768151895,116.85699170294424,1.2509455947912376,1.015162502971601,46.33629949948459,1.5591483784942155,13.236653497895702,177.18624754234034,3.423645507281037
12084-12702,62.21882679808182,1.7050538977628673,65.02604105234103,1.344833518175789,2.043395685316065,26.60422414012064,1.3790415803040539,17.15015241236427,97.76327351724555,1.8583887026113497
12084-12703,43.30298468028858,2.1703502194873563,71.04066397138445,0.7407953027710537,3.246105080881257,30.169460746424974,1.2442425011497573,9.214154554511056,74.92513857748747,2.133479252063805
12084-12704,30.640640539724256,2.098598020739268,69.28927677308938,1.5041311409048723,2.230466511712414,45.99153843633255,1.2610929648978282,24.711354196765086,90.33376052056497,2.814736129541437
12084-12705,85.10211574385183,4.948778978534412,69.1929818648967,1.0108361467593112,3.246034171690557,32.755186570566295,1.0144432098777854,14.325885754284917,109.91778165761218,2.0150889932856817
12084-1902,11.321318918552238,2.3158103720436856,77.64875030517578,1.355805924380643,1.2080689069224402,36.30450037523556,1.7704725089835733,4.564278357129248,91.11954488083822,0.6385497603520196
12084-3701,9.332623787739687,4.069980802209584,38.90327928283405,1.0812639701168594,2.3834161061250585,30.214351577186108,0.6626839781576863,15.597940602280676,41.51569813392129,5.012704521944142
12084-3702,13.23120191745452,1.1082751488221534,56.31687707848897,1.6484618915996512,1.1352445558568736,29.570275384483523,2.355170137065447,5.784227804130951,73.50721744400438,0.7483843315949898
12084-3703,100.66737188906504,1.319889503916322,75.15040500211559,1.5277441147489839,1.992507771723374,43.15711749345407,1.415498995988887,8.038557511794746,136.97438454744392,1.2401637243537933
12084-6102,42.89662489217274,2.4028798773532083,72.18462466808508,1.0448779709841562,1.4125234117607324,43.744058187970815,0.563768890467315,9.787052667736976,85.34976579058736,5.278319918408332
12084-6104,113.84415773079706,1.2596554732775118,88.9292074646639,1.76581689634099,1.6462923289210383,48.52826203094384,1.4593464258676767,8.547918466961073,164.0892609231148,0.7225304365090066
12085-12704,57.99930572774837,6.513539879289512,65.72456733008593,1.383610183481521,8.197195344717498,36.75796890903136,1.398603304311271,35.89357340304274,96.647433065668,1.282750590777729
12085-3702,43.75696766845364,6.442410713590433,50.92238597483944,1.5351882683743625,1.917378475813395,38.637301117387736,1.0850142272892043,5.805974123830403,76.78250214135066,2.6449813089734686
12085-3704,53.59476353089486,2.593211216156637,38.10698464827556,0.0,1.1749685381674149,27.15537122366198,1.0809215160535357,4.822760473907651,53.59476353089486,2.201808974883517
12085-6101,190.44201583304067,1.29245295659229,69.2893448267369,2.7217538142570783,1.9574007193742864,46.066808469521945,1.8147598025824503,11.717134561920446,222.11559529638546,3.2768545273130054
12085-6103,197.75224000495777,1.8796482584040894,65.1146480200552,2.067019268491501,1.767745322698111,56.47199276831345,2.1337923006124067,11.761488380749096,218.79200022454177,2.5728688898008745
12085-6104,227.4438556043039,8.897634342524752,221.5647397748786,1.7986007094592535,4.079758019172107,69.6286414786234,3.0484481975966244,33.02338329161262,374.2000748442069,8.840089529419027
12085-9102,148.32890155148652,1.5240990231313902,82.95619512427811,1.9693892210130208,1.9352956051619614,33.41921726421464,2.000331384956082,15.919253859687194,188.5583955407798,1.3392706323203687
12087-12702,79.80354878889474,4.99921933188846,82.53315059667786,2.0313784543663362,2.700355281999345,35.12927673750456,3.074250103757413,27.01814746033523,142.1470702091111,5.369677762984313
12087-12703,54.299281374568906,2.0709726713407193,44.92554543596835,1.6246144254886312,1.801938266106001,21.139047294097992,2.4788577304195774,8.814104676056274,78.91374265069959,3.2621447873631517
12087-12704,76.73114254978367,2.5973079045444734,56.90317417193985,1.2157513138757654,1.231096403464912,29.693673226834434,1.5683661127743216,8.470717997544039,99.11728413946511,2.4251486099907837
12087-12705,221.0467348474378,2.0739973573155566,83.12607780652566,1.8807977693300435,5.783338819948636,79.08958355005713,2.8135737050907004,45.33350455156758,248.71241982331702,5.945273361636204
12087-3701,98.08236106530774,1.436438084687463,97.24247117944506,2.0943547806061336,5.220796833965833,53.88796818361753,2.8486303925060623,18.47261761382297,171.53592634042948,2.5363205199210452
12087-3702,175.02080678477307,9.259035211391275,183.20627347813763,1.6640458695411904,20.4407416880775,89.9826611706853,2.3093754919795098,48.28663182735927,294.0836865544334,9.597746582243174
12087-3703,1.6397569161768535,2.2870263608501613,59.449520631621155,1.9942088155446993,1.58036761250523,42.18061662901859,1.3383098129169735,4.982586176472598,83.96851994517439,3.65691419783168
12087-6101,191.03648638241776,1.8618239209754417,109.45112409774202,2.035254366948257,15.710827475869118,119.06507255052057,2.51198166333689,45.374387440734914,246.73136740772892,7.707715561091186
12087-6102,31.97774617564625,2.902946746872153,35.4769062214463,0.9030553262488796,1.8757721672454482,29.729957111244673,0.0,7.891279261920784,46.466886111062735,5.203821469432411
12087-6103,19.76045868648888,3.735186247707131,112.29782934758363,2.13647192511164,2.289409782387255,38.774452579778966,3.791489043686485,23.88038193583433,165.32725477363147,4.381280083249858
12087-6104,175.00054735396017,2.776421888215754,95.99996882261804,2.1460459563049135,3.9039278452649713,70.85553341029157,2.2101269852115353,19.227280078688914,224.5064325607168,5.013514453262439
12087-9102,23.904690886010123,3.193954121699201,77.97950798156819,2.127621545319551,1.3769011690789064,46.90626803480097,2.289528577516629,7.255385516758084,116.22858141166807,4.891914844652454
12088-12702,0.13749727243723853,1.9545445523823755,44.24858675850665,1.4461113949373685,1.1579248140662335,21.96050964619979,1.059523959458942,9.322645343744796,53.21103770627113,3.7938896047301545
12088-12703,123.98403370998093,3.002774574486728,65.71064033563366,1.614287097342257,5.045234813078194,50.23614346890973,1.2243148097140204,16.966671067551825,149.47358264956472,5.277161684627938
12088-12704,60.68682176734135,1.076273107171638,41.29042983194347,1.2761000498885726,0.5904008883239253,17.179884294803475,1.076858183905325,7.0135716304226765,76.54092235763373,2.7879790430943276
12088-12705,23.68058849226805,0.9069244448218092,51.892575600897345,1.2624638547355578,0.20340298716594574,24.48822189810641,2.370773969470202,4.095744825228232,62.931571437535055,2.2445331740956083
12088-3701,20.503063946016415,1.449317463421048,56.1140108795988,2.281542098392668,4.507223729857585,52.981432879206906,0.5065941285324358,15.175199829646544,87.203525260854,0.8131071931269576
12088-6101,112.82781314968044,2.1018622619298983,93.1038570228528,2.6142889851835927,2.714711073298698,40.350045075165255,3.4769410245035743,29.380448341428462,188.12663377053107,5.595922124559882
12088-6102,70.91901824234007,1.8547286419972966,61.805219128921166,2.1018979878204846,1.725234215647113,43.74211770959087,1.5557333619901859,12.245301918232224,114.27386393301009,4.361484984848261
12089-12701,91.35490293875729,1.8793932149671926,50.38738240591544,0.00034954267270537187,0.9730492217511226,28.930677674531186,1.2554767174278114,9.60459565526446,91.35975996440582,2.688647760213457
12089-12702,23.109402639000386,1.7401581980620056,65.82670420058066,1.0795525541305937,1.1954428393349168,26.833947747253546,1.6653726333673275,11.434559019285754,72.19358020499537,1.657364611843325
12089-12703,7.139441833326467,2.8110382464428043,39.55331475966985,1.7907229390973818,2.631305875237128,20.031219022148672,3.157021705232175,12.39577090362812,53.40874900772756,7.649175865855578
12089-12705,13.184140514816702,3.0509971953469037,64.64505767822266,2.0412934897119084,3.928064367194964,42.998535977071285,1.8278163256133144,24.419147507957593,93.29712394808972,2.484871071364395
12089-3703,31.383195911334386,2.9095745865383233,77.01807114374347,1.7135680559652773,1.4221940949727772,77.78379251077014,1.0220754161416739,7.254721774794311,105.59081083956806,6.462526412417871
12089-6103,49.99606328850341,5.897253440776761,96.87431584307942,1.034598419118499,3.120875558381502,69.35126265528075,1.5893865660126405,10.319033154507341,110.49404003223056,6.010893280285517
12089-6104,184.35729799168422,2.793563811272512,189.25174303138897,1.6826340562714988,4.374448830471474,112.26552758504627,4.0,22.147778315039986,307.00685437219823,7.074164436376818
12089-9101,189.68391960624604,1.8410662973275154,93.94623949305137,1.3560227010322052,1.7116355511651504,35.74017112296093,2.6273907198254127,12.60734059573796,218.97055641049394,3.4337729537373685
12090-12701,24.45510419783462,5.1041512145924175,83.36922355323267,1.3773119644518954,4.985178757971472,56.400697560957624,1.9753704024299301,11.069662930407517,100.85117246122562,5.25953654144196
12090-12702,91.02599695506838,1.9314063243481243,62.96408194686489,2.3622875297785972,6.846678592763926,25.089650008086124,1.8852973058143858,27.05114401975186,132.85692842325565,4.359793870852235
12090-12703,42.03166317963415,4.8041218969852775,61.14639578157883,2.2849293082799913,3.3175184728219667,40.090378318638315,1.6411792894877855,8.838755533863054,101.53689538876382,4.074216282209539
12090-12705,134.2821557155112,8.487423850043761,206.5353240966797,1.7939422438863755,15.474638428083132,74.24183458453783,2.3262181562635056,64.37693273328136,307.49895087495787,7.854001217384454
12090-1901,129.90985853786586,1.761059110055805,72.01198289467652,1.4955933174031368,1.6460226491023426,46.34565737997703,1.2415545945572326,7.949189386943949,156.94683182165568,3.52274379329567
12090-3701,157.08884036734617,3.9135152512035263,146.91542600528265,1.7766089108377034,8.768568657053493,105.46177636011976,2.5257060402523077,22.232179565447538,251.04478382470234,5.348214747520118
12090-3702,97.09846857152752,2.692726811137003,83.17191884672526,1.7782159289340829,2.7334574133245075,64.45837911886744,1.6581390984605848,7.565532317541354,147.40774184736674,3.2777384853276033
12090-9101,33.07463944262363,3.036711962200226,52.537722738217624,1.4524858701939496,1.4428897702827408,28.883806909257032,1.7342652012661413,8.77982735423443,71.43599340684005,3.272088165041466
12090-9102,38.53836535771269,6.628098338756143,167.28950749786856,1.8373681779570017,1.7635293536646923,53.269680260540184,3.374867924020175,17.76114152716043,230.01170831129613,4.945963843272657
12092-12701,72.02480227824499,3.6417370943368184,63.923831832450816,1.0220950709910384,1.7425778672832486,28.42304525671951,1.3894100517214563,11.699127466876917,96.76835506441506,2.741170783135255
12092-12702,105.59283832220393,2.8286111343116773,164.87415268933202,1.4287783850079745,17.78567226045153,95.2136220008667,1.8275507694222344,46.66877217332645,223.58225567432018,6.7421898743812685
12092-1902,69.19700321624869,6.904868555547495,100.8717501242877,1.569479017367979,,,0.5500451385665932,14.56126100112825,144.07583717042667,3.355925068032067
12092-3701,25.113882645554458,2.0864003036605463,60.1163008227513,1.827301217942475,1.353766307214118,36.84036726075876,2.1697537481810483,3.897645086530997,85.0559709732035,6.197631473364509
12092-3704,82.14995245500334,2.1993478486825127,57.5200854495204,1.338930439941478,1.9875299797366273,40.077036445685835,1.4410534660716763,16.222951466986718,105.72864651004917,1.5381644206536043
12092-6101,174.3797605565639,4.545551988892643,74.99008845408108,1.4607039787333223,4.684203774818377,49.13510042067356,0.966767353095666,31.387975337164978,196.52630673895374,0.7410057459028275
12092-6102,127.51754356050681,1.9461600680453934,56.95383582760452,0.24574224509000153,2.406816800873336,25.439340442809957,0.7574719544559054,16.083035683957604,130.60569559614228,1.7694588946149297
12092-6104,149.69603882531473,5.91044021275629,119.62018995460099,2.3146456117671343,4.894348937138938,96.8084319981285,1.8579399528360225,21.27629416204291,235.64622762314414,5.240846442989989
12092-9101,47.60290920006751,4.022013486493901,48.68935320435972,0.943085197922672,1.8154250340890292,29.404236266274197,1.5106758889500584,6.296851162198594,67.09519227864558,1.915394270155298
12092-9102,37.2998822696913,2.4506377246167896,43.689507245776554,0.0,1.25288361024079,24.38728151091678,1.3313338681178597,7.549000697713578,37.2998822696913,2.6837992758284264
12093-12701,57.15932594901466,7.290603864005181,146.3644890835045,1.1942508605994737,14.660775131779477,82.11801011769424,1.0639340530065584,36.12982554383984,169.8561262826019,5.811200535971903
12093-12705,128.64939672698458,1.4587199625182194,52.16689899660459,2.1349859629939396,0.66854839320255,27.459966965578573,2.6516657228280147,4.681234634891959,149.53523598915663,2.25268807162319
12093-6102,3.475608414237182,5.334415377405362,59.98243469364476,1.2681845637160323,4.268246834092979,30.81397877559568,1.0326520998524003,12.012157168368267,67.63779674462558,2.6466589812466967
12093-6104,89.81957738283096,4.2238987975219295,104.15306579773106,1.417995266623125,5.271907882863156,63.74739233698883,1.178,14.241976496599497,153.1331845008772,5.167923482893617
12094-12701,105.41821218387456,2.6533307146163994,48.484175367273835,0.5969570736387007,0.7986761081655075,24.43548984060216,2.0177631705680263,9.182956197056008,111.87616172909846,3.977278733212171
12094-12702,161.80648882524673,1.9327976171032695,94.74060985432234,2.0011777995844255,1.9628534525870691,57.79849261085547,2.3720702624027514,13.21025874586023,210.10349309510076,2.677214250840222
12094-12704,150.23800725933683,3.1689764842828576,59.51172722517048,1.3986450778231865,3.0878368304554806,43.85660346460098,1.3696846982685336,18.13236868860528,165.90649209490948,3.0892441495143093
12094-12705,118.20659702343947,1.3859889871874247,54.603736572865024,1.5838511727227615,1.3118579636004615,34.323836706865116,1.4290685839747106,9.352070601135916,136.73024401643553,2.174233198573887
12094-1901,75.04555146420077,2.184168115383888,47.08601383148513,2.3367702068104865,2.7254383902279242,70.07440304172307,1.5149973190098711,7.818501609603888,103.98399375985018,3.8274289208959353
12094-3701,50.03546628393403,3.0673279742728976,128.7165269209689,1.5106022564580392,4.651671150019917,91.55657355307972,2.1347663372005323,12.897470987207063,165.92504914757177,4.923462227868928
12094-6101,28.461037738871237,5.093470798583414,60.56567120316353,1.1776373112426004,2.1273282299053538,50.20383697142133,1.0121145836211176,13.353907470911661,71.62290469121757,2.5333940932621672
12094-6102,244.04041588806666,1.8554331587318247,78.95150074038074,2.2153214832838097,1.3782900984825495,39.54092480054982,2.3203627165787344,10.52046323904886,270.85895854752135,2.7865584512528807
12094-6104,23.852503897237924,3.3725917502232243,61.33948557036607,1.9950518405527053,2.0491429863764643,50.46985455552057,1.7701742485961454,8.641031756657332,89.86316993939016,3.0155762510012556
12094-9101,29.607297084466584,2.794075460056983,44.80154934120004,0.8005092907190492,1.27912247143019,24.089504856946427,1.5961789808342917,6.104059865893854,49.8332954648964,4.684331352381064
12483-12701,67.03487658190711,2.4166487968812684,157.97028744253416,1.4060295900037367,16.122785247976434,41.12599683943595,2.1155347434270784,41.25776625516347,198.948729968907,6.397011965194877
12483-12702,35.65494780035775,2.202738385560544,122.66661092450816,1.286818302303179,3.2906436758740085,49.17790883619449,1.3798627115075603,31.29494158588338,143.6459386110524,2.811339936279237
12483-12703,132.28253084142332,2.4373984142610206,60.54911978795899,1.7739261037609868,1.9806009947714638,34.07816890304809,1.9363228243223642,23.481445706026413,154.92652641466043,1.3530805141323508
12483-12704,94.90749366419611,1.0342058605850435,69.19701804118593,2.2241196546403947,2.085608262438496,52.15165557383447,2.9840033313517216,20.742459568759887,140.20350500368278,3.4572415746842893
12483-3701,261.22985736583956,3.6688544006952633,154.065554904555,1.323764068480684,,77.6587491566646,3.155759284000661,30.788927111991995,315.6931432866967,9.316903863090708
12483-6102,235.28768130168356,1.6869958484446412,63.890311903770936,1.9673371745123607,1.3394776174824559,30.119780299592136,2.501824514678761,7.4636760027669,251.77551140853237,3.0775857538396107
12483-9101,16.266876682831708,3.326074173251051,63.941547763782076,1.197253447191617,3.7489041541295656,45.133069962629705,0.7922907828019674,16.214437495388808,71.83040980835729,1.7923933439706001
12484-12701,70.51731593215422,3.035940325684029,68.64325654670539,1.9344217099976597,4.919534585266068,60.8437738019845,3.2848806849398504,11.97648657075283,118.69072018783122,6.022960737129093
12484-12704,69.4887097618349,1.0399782876105077,37.22698672790256,0.7821593717884783,0.4695305099077509,21.86108028794947,1.9657578898081853,8.493165664758621,76.89366169237539,3.226836959670109
12484-12705,317.7283824937242,3.814500339743367,103.33143537653763,1.796659282079978,4.51423857783186,50.02063211427654,2.640297549387169,55.19853887041539,346.6048887067694,2.3156639804708075
12484-1901,65.22357209923926,2.209713897972234,68.1300996937373,1.5264893279629317,3.427544404431197,49.685613877424274,0.7853225695188666,19.185989306275786,106.48772640604912,2.8242649452854867
12484-3701,144.63559916844056,2.2868309185978446,86.25135079216219,1.9063246608596955,3.2800332012282487,37.22800509449408,2.2695487950907545,12.099356667668456,187.35305987244925,7.266543919620835
12484-3703,90.75563300146135,2.1502432455489457,66.59659498983376,1.6930667614893915,3.062225966827616,50.30483641124256,0.8734041793326761,14.182842682239109,125.48113905988956,2.1059489203354804
12484-6103,10.658329441617624,4.169769551349136,62.34737602450399,1.9792468363011513,2.100795541259033,36.269224160106695,1.4418480977125638,7.680125638201939,88.35903451507878,4.348950645833138
12485-12703,184.3418112784885,2.9849893850587077,108.00010734273431,1.726368741355873,2.347306130706797,55.499572681203794,2.7074955880313243,24.48975832455562,232.63342066923047,5.505325993999674
12485-12704,66.2161481057144,2.46039849114145,59.28055703291351,1.1651983973810587,1.9611674605523588,25.22947296847448,1.4910344433574558,13.631649252969916,92.08311653083943,3.4971512054724943
12485-9102,,,,1.178,2.1803804404361355,45.63341579976657,1.2541374675813335,7.568043228331832,,3.2899957901376786
12487-12701,69.12632889203316,1.0457893479801212,50.24528113861436,1.0048059490368864,0.6485278962525938,24.08600227617474,0.5395785579783907,10.066145974948025,85.52877098020798,3.32160762508696
12487-12704,88.0883301134217,1.609044592858258,51.54543461163407,1.68325762819063,1.0923292674930747,34.67436241042847,1.7480710317333696,10.195705898954586,110.5977154891847,3.7842919244736546
12487-12705,95.13988570191883,4.374896726824687,128.63982610810513,1.6664616123946328,6.049025689459429,41.652358710958794,1.2313318671659148,59.77156962599611,191.38585633865108,2.0657265291672156
12487-1902,29.554940734105816,1.7485818519490255,90.5445088333064,1.3864906936407437,2.10541187704379,55.71721374819495,1.0724421452629103,7.224431522624783,110.63621639467173,2.480691729197998
12487-3702,116.63709791337074,1.8273664275067512,112.25215204204375,1.9168061687452074,5.045305028081188,82.25913989072883,2.438686559995164,13.350361991590342,194.311647150297,4.862840683703595
12487-3703,53.89311768727573,2.560302375762939,35.936633248567944,1.89393260557833,1.9631331450003489,33.32690880463757,2.2611341124043696,10.086359714622393,73.14623371027845,4.848311834625926
12487-6101,145.56017338776775,0.955707365906061,71.39613858723197,2.365788697882401,2.8450583905248616,62.15361590274139,1.6175712669175368,18.303893820497073,182.33802604851832,6.184625540403905
12487-6103,48.7930273510331,1.6732959732575985,51.41035940095891,0.35769594541039795,0.4616290346452863,22.610442945414984,2.1788172599575892,4.2611256457399715,57.672860718175286,3.215214636373919
12487-9101,147.8929835496052,1.6107754032153814,68.58774190039857,2.346871458934931,2.1833264770446803,70.18319133600102,1.3892153562821328,20.228431923590218,181.41849727047847,5.067765608838583
12488-12701,87.96440613266358,2.247880441078605,44.29945373535156,0.06907937824334565,0.6178002303128914,26.698900290934915,1.8022306875984744,5.509748761062607,88.7316234040911,2.034564858297279
12488-12702,48.63945996281543,2.92773674620406,75.93123207358303,0.39186234947178644,3.542537678161502,43.103124555023996,1.766570059698381,12.039186007253756,68.00808642982638,4.417358996284073
12488-12703,51.698912786585055,4.123246205073184,62.317139184969854,0.8137117003750789,2.3713015522443333,37.48370860310909,1.205746022256674,14.708223567010867,76.37255150752037,1.4197411385021965
12488-3701,137.80509077597767,5.9839454114183255,200.71840710159654,1.5403269580536931,5.953990137336987,72.20897635599951,3.117387745531021,22.97288045491114,284.68710731668835,6.231422904283603
12488-6101,8.514540709645413,3.466761436535008,129.86718800892604,2.1200857179986032,4.986722115320555,132.54917779139427,1.662162975156972,26.17311844370237,189.28490300206,8.164954494225917
12488-6102,2.2393045671716414,5.266962601118343,85.74611079622477,1.6501801870977149,3.316654600890992,66.13121185354015,1.6393868801937885,14.853630885935473,110.17164741562779,3.0992042385787784
12488-9101,106.16603775289961,2.39452951551539,63.238951161464314,1.9133589413443093,2.257690456173179,36.816497655913835,1.817283109332557,18.3250965037466,137.5611339574779,1.3756637611593536
12488-9102,86.6108578724494,1.9338232317634094,48.46812507501418,1.617011017926182,1.4752521402111205,26.515160146693542,1.880649130646972,12.592287923582017,106.3017258893013,1.3245764639021969
12489-12705,9.516957032499866,3.603646218227686,83.45642772459311,1.027044519985477,2.8850832349638327,77.60632782335689,1.168255100666908,24.27830542361206,85.11117561272441,4.206333076442889
12489-1902,62.86959788635716,3.6039783006719093,55.07729911804199,1.1450021204622585,1.4060700751884903,41.65599645250627,1.5017448734849075,2.251763588194874,86.17401253453184,1.3747520228936565
12489-6102,161.12585362399338,2.617210581252947,81.79041155109837,2.3775275348591016,1.2637920961162834,52.33267999428725,3.5022415479791213,14.395581469615232,204.61285079463528,4.948755523070872
12489-9101,164.60576784580041,1.9350837420347573,86.38579869151737,2.125150165127262,2.2510200216347225,73.1831747547945,3.056975247443586,16.80586846899176,207.25348036737583,5.900670758009779
12490-12702,125.48491253540618,5.689763220574549,76.59256258183198,1.1859921481010194,4.983935974392995,49.47679002646887,0.9168132535804705,13.163295970869186,150.67843937968885,4.74866342938827
12490-3703,69.11112776049418,2.085383167228202,60.99575498662811,2.8349161672333567,1.3368186384036296,46.96833900459263,2.4817446654864606,10.07208582561272,123.78854111075711,1.6963683389087778
12490-3704,98.88180215556318,5.615061890612139,55.493039594459994,2.069971673841915,2.432202744347945,57.52015276596754,1.5624022771001331,12.234760058499976,127.09068366985807,8.523269278835414
12490-6103,67.67833981235157,2.386666858483933,57.03153937556635,0.2710725580856661,0.8129622370623609,31.003497796435614,1.1505322526201711,5.548882023338005,73.90566506683773,2.059017749657798
12490-9101,150.5034356094966,2.4706119612284714,60.61156794259668,1.9222431730359881,3.173826957920603,42.8159398160243,1.929198848960946,16.943029512799278,172.3750224885904,5.0603257923483
12491-12701,25.371257977346083,1.2007949184117592,32.46457439046827,0.861704482612992,0.8470480151934026,23.051093411991413,1.5398476735428739,7.883922737011463,39.394072601153425,2.780886789778674
12491-12704,83.04762941414926,1.4944297461560179,56.24759292602539,0.1060626918237273,0.8268727856567951,26.3957679583897,1.016569225908704,7.5365544625688425,85.04392404186837,1.562404531542719
12491-3703,102.5263719521071,2.8869023845535016,146.87947785352412,1.7615183020698102,5.979049384917028,153.3156676123151,3.5155190051820906,13.126138083634682,220.25874498855072,6.875293361678343
12491-6101,226.18634461760192,2.5287622575779443,105.32587673943986,1.5054989923253745,1.7629546192824739,49.205890445295005,2.1474327060196283,11.812714644700076,260.50254557470475,2.310615749429035
12491-9102,188.00118082212967,2.9388693629007174,87.63171637805485,1.2845767022164005,6.212386394255993,44.81155024942244,2.008139035517626,35.52934962596415,212.62435565237854,3.5617946046661135
12495-12704,91.14405860134222,4.630469822078373,66.49505889985107,1.6789102966593568,1.6931314911539002,30.202734941889346,2.2168592495271406,11.538045181990677,125.4220761884267,3.738196767113079
12495-3703,7.235147007618434,5.610946037649335,68.65747251548633,0.7552107952019655,5.792598018371914,32.73784349630901,0.8075925710502583,10.209337065644501,60.102384733863744,3.1910256869580387
12495-6101,171.07383040552054,1.6728761156958667,54.815013600786436,1.229815057977889,0.7332250228921133,23.770665499198962,2.6052561444604656,5.457059835062799,181.55292117647565,1.9318217753854259
12495-6102,14.759661343723174,4.020132692741081,73.49975298921296,1.5745968514064153,3.683597063276811,33.1886128154847,1.916358307507748,23.034327978961983,93.40319196394665,3.2785418930467918
12495-6103,25.43504464219734,2.5639824040291788,79.96658241364256,2.302321488892785,1.9940662020107767,69.31771461257694,2.3187002620377477,8.55678574259785,123.9737533173822,5.375726201918103
12495-9101,203.0688580899937,10.594356669071734,116.78968080522702,1.3669512946745561,14.395247446387053,90.19415587295622,1.969666066265869,57.89213521127774,244.7078743693249,10.887062212981448
12495-9102,57.82851559267294,5.120175122714443,61.1658791872476,2.112009564108027,4.666420044014464,43.08685290179967,2.959061387334809,16.898048888098824,106.04585897622934,5.033775512681558
12506-12701,33.57653452550606,3.820444605245538,76.47783209136999,2.085938770892644,2.9474545925309363,38.54049106627625,1.781825271422302,28.75433356612079,115.445853152249,1.4547828665044271
12506-12703,110.38295161460026,1.0723790275856138,55.111172540900455,1.0847147004229531,0.9264192463883493,25.285776304020736,1.213338822963456,8.929654116730132,124.41437351092324,1.4853303163992704
12506-6101,24.281793390989694,6.162162941416541,46.21949916354912,1.0936929546753302,4.985650274358048,35.12493619273315,0.9458041978558374,14.228345935839652,54.09249881210257,3.953684530285852
12506-6102,136.48715348120774,1.4808935110417512,112.37762786739248,2.145589344206436,4.780261536740067,83.48398774078589,2.379829128664372,29.708983659599255,213.83361348427147,8.20544658767749
12506-6103,1.4760062843493298,2.501818756899288,78.91596052661005,0.16731252618664927,1.3773985022422306,22.67529044376732,0.7703120633134444,11.557539722495466,32.313397172190385,1.5698349557937115
12510-12701,21.26222642067603,2.763150954681026,53.700068123943666,1.0045704138157028,2.8884169436713876,23.808864243641512,1.1670194788637827,21.03046147892781,57.870193354921454,2.3815922867435466
12510-12702,138.4316847697917,0.8376663257110208,50.05217861692469,0.9177385947866372,0.7243001743996448,21.430973452781373,0.9911181655027739,8.019106160533308,146.50074732529356,2.314325804725644
12510-12703,23.34940980543789,1.5101516437164761,47.397055620513015,0.3690855563993972,1.2100538348321257,13.344052033882818,0.8745610923814766,9.193119317821862,37.072072835884185,3.8961381987373205
12510-12704,84.02194842312065,1.2901056771298527,50.47115110994261,0.0,0.9624724242878692,17.68962225360597,1.9122014534316545,9.66308800827038,84.02194842312065,4.986212255466207
12510-1902,43.47762741883501,2.5431811122624786,58.280821054706735,1.1793765856788008,0.989963725875194,27.646192950307857,0.9549028518911822,2.0774500631575052,76.78696767340057,2.5941730593922916
12510-3702,29.905616032163056,2.743362849912116,51.77475064410635,0.7872537940654663,0.8183874999117156,24.913075104918967,2.101480691977348,4.402072569674595,54.814942469023634,0.744438807147396
12510-3704,46.890433202554426,2.5584937716794216,41.85321874134729,0.0,2.110837494231217,44.7787552647949,0.727779197428476,13.906201075817265,46.890433202554426,4.7319448127820785
12510-6104,164.9602282509356,1.074354268434932,50.92511651160929,1.859328231017232,1.0963679312749386,31.783950491299855,2.307314905179494,10.278534638046171,178.97988237609258,2.268131794160089
12510-9101,91.2267981914236,1.3171784762320062,70.5444004161587,1.3941657709726698,1.4410229081096473,23.02054633868535,1.46776266048996,8.088595690228015,123.5330401030015,0.7890808233414752
12510-9102,127.33583744082176,2.6463863373474545,83.42286527376801,1.524223750587407,2.6700364025599552,38.529225205896424,1.7688306249847372,18.590609143137296,163.77441596115122,0.8815436584824389
12511-12701,95.43186423306662,1.6919337118387954,48.76387847179842,1.4704891456511777,1.1887222755740265,26.995188771950538,2.196285110948815,16.21040075203917,112.2672710468298,2.8339929014946086
12511-12703,48.56582601554116,1.9520562358251228,36.05076070971054,0.9501782889654842,1.5297193801326898,21.96110019977999,2.040334228197333,8.334074219759698,59.94618963284653,2.2776949861446196
12511-12704,20.276148974088148,4.07871165409371,47.975581434751746,0.6039594667331354,0.8571766892901269,22.547983473686436,1.3112447680829875,11.402487622939088,42.4408929880518,1.532798882862827
12511-12705,208.2059793589999,1.1053648244857337,76.00159468900918,1.9621334105504715,1.1312911475451952,45.56289736692002,1.742749361973713,12.115031304013206,233.8450085677315,1.0964880356843525
12511-3701,29.163147280882242,2.8715322367779907,90.05469445535164,2.233694304341755,4.811809409967378,111.55823911916937,4.0,13.994278518278753,137.71496081169187,2.038979311192607
12511-9101,13.266761761222611,5.6121101985849675,45.58920669555664,1.6379494517709818,1.572723937441736,31.336844607995552,1.6108948313189893,6.717835905170551,59.8354528350377,2.6531268656569074
12512-12701,18.793181896154998,1.382223296046257,,1.178,1.5281589180537183,8.191404012190953,1.745794066636142,14.84558497152339,,7.252423147551709
12512-12703,51.83700418378542,9.275226588779928,88.77059800094372,1.4636810117700825,4.881771157922246,86.86715565412608,1.5120338189261675,25.529411322322407,119.25268140920424,3.7007468013003253
12512-3701,115.66565676498789,3.6875003308946317,63.200136819143594,1.2290573582780515,3.5782421772467328,59.13293486058765,1.2265019084302806,22.74405792272959,135.23208004342544,5.920668892190693
12512-6104,23.819609066607477,4.094214932271686,,1.178,1.409092824083731,43.030490863823076,0.0,8.033607891276304,,6.129158423174491
12512-9101,191.09314123278426,1.8874940149177657,81.52660072884564,2.287811175275464,5.993386740211431,91.34536159134798,3.59905901656723,19.27732952041422,227.4263040800879,6.694663582457782
12512-9102,30.459857966378202,1.4531063710560261,88.96035583192256,1.947481115583141,5.491799268795152,86.26130962256667,1.9763272177218765,31.417478298941376,127.82824886862976,7.997679063990597
12514-12701,129.6431368079961,1.0197866166564895,46.08354475201689,1.870084564815527,0.9032898189402937,25.335662258529673,1.7219785839906838,12.131063633037325,144.14863371657603,2.014591711922657
12514-12702,140.02467084434406,1.866167357765327,73.89542877499483,2.2525776453003195,2.236372930792363,34.637244222441524,2.4142477369566366,22.93759858109943,178.62582722558673,1.481599853393929
12514-12703,90.79408250962072,6.906950223960355,60.078131185102436,1.2118767520517735,5.526729627192972,34.35156436675845,1.1907454207993076,22.412177962405053,112.32849757764247,2.3282421473686563
12514-12705,41.75530720428697,1.588734022209297,42.698001861572266,0.6539002472668727,0.4976487166760309,23.654294394342255,1.4244069152679286,16.704867772566516,54.18158249781957,1.9802631664161554
12514-6103,56.49359131272092,1.7642960015416418,71.88793360975365,2.025887658944579,1.6634862804548889,58.49021785035298,4.0,6.550590651478932,116.8805374825231,4.259917561721214
12514-9101,232.9716017816896,2.0030878856469125,95.75069969555145,1.6842961708256752,1.968598987110607,43.25235284203296,2.255035636171925,15.51127185292675,264.0411435399704,1.770046563592502
12514-9102,91.3742760684218,1.5152681751589892,62.68028756558711,2.1280883667023276,1.7871565388162551,34.1835981649067,1.9561934052757715,12.18443925958618,129.26767253988507,1.2766753108943802
12518-12701,192.37787523084074,1.1402884310862322,67.32606496892873,1.5454304433436015,0.8595591083143342,48.05120675685621,0.8659093516094383,16.436858222979435,209.79602590108902,3.1654963556750757
12518-12703,135.10097453544512,2.440323244754474,62.46441331622013,1.7442188949657407,2.548592814272643,34.43231708534293,2.0804790883756454,15.45900091719354,158.2967836596957,2.243930844165509
12518-12705,217.19030973777305,0.9747486158074198,44.46379951763897,1.4171647978712458,0.5870010430936399,20.537037613156812,1.7232511349913882,6.90850224196492,223.54732655468823,2.5267101632150917
12518-1901,33.42123569194997,4.162352316162358,60.29391015381813,1.6165254545341554,1.5570241870070998,53.7927934144729,1.2343499858962794,14.44344629156493,83.62788925655073,5.918086293656463
12518-3704,41.39831434193911,1.7110250607570716,46.575795125279285,1.3001192229272205,1.254740673882003,34.08417651501652,0.6198570885470738,7.886510520879331,67.33628412844703,2.7440544212299485
12518-6101,170.5659011188828,1.0930906877800992,50.00658948113186,2.073883916322856,0.8739856007457355,29.358535696227804,2.019960855059785,6.74671969822177,185.14535664511797,1.8416424153032487
12518-6103,106.54215571860301,1.4536780505509743,45.03679727584238,1.5041309509604264,1.0730105028796697,26.24208749842517,1.9763065061825484,7.205382028273078,120.00866414742792,1.7747199570304093
12518-9101,234.62430549200784,0.8124887156606704,65.13921673985585,1.5922391112570073,0.5413053441995106,25.234091157436044,2.067043737369424,6.876725818112791,248.60535484235055,1.214726816265724
12518-9102,40.04151187608113,1.2956912557777187,36.361786138659525,2.2926926812404527,0.6531008067980287,19.98989750006245,0.6396305063416976,11.51699413251119,68.07843943619864,4.298140583989272
12620-12701,109.62739136296214,5.870608993493947,115.19898369668337,1.287174591644126,6.429564831360714,63.68317226802558,1.274815833898337,33.929998990664124,170.587247562797,4.540425623309625
12620-12704,78.12563099915438,1.3665917560123273,52.327964782714844,1.4599041827292474,1.4719434715416133,21.81281388399875,1.7051310703740619,13.390996064375775,100.50446289673633,1.3027288873208127
12620-12705,66.57306227056513,5.346296215562839,74.7777004430931,1.95891102676861,7.976347196879359,64.01643283063314,1.5723839985297454,25.36109782800915,124.03880115250936,4.123357779334309
12620-3702,253.63474800722986,2.6238776136264277,191.13188678488305,1.6374154071027052,,,1.1780000000000002,35.068216384133194,352.3459373454896,10.480579056675065
12620-3703,38.54292590250078,1.4225712792645588,57.565527466665614,1.8478034763963942,1.614907055592103,30.93745948455468,2.095446188473901,7.5589081077759275,87.22837687032315,1.0177886868327979
12620-3704,43.977930868471475,3.8141654092854265,56.29187851291404,0.932676356644977,2.0702339898387336,29.95921924248489,2.354075107754932,5.1717460854771105,69.92496315713184,3.9153401688360705
12620-6101,25.747101990333956,2.3544050751252406,63.201224291121264,0.5204051657052258,1.7543801813260553,34.31568248899774,0.6775080534954745,12.683356169762176,52.36045190459591,2.3463288040006436
12620-6102,69.23703953566668,2.774934758958626,51.29578234942963,0.9136116052907319,1.155301186082964,22.855222287878146,1.8240573828978852,8.107790669672912,84.83934722418809,1.373460186407915
12620-6103,7.6733758907953815,2.1708679242082054,114.88956169800896,1.6470470092387375,3.406010661693636,38.33341015535155,3.4150909952590727,24.331132605228827,147.64572853929064,5.621175622399698
12620-6104,62.30462345370278,2.2029058383097593,39.100478242912956,1.443841999245919,0.903786800005398,25.615878753882583,1.9354346438695322,3.164505953910961,78.03384002193147,1.466234664682307
12620-9101,104.72193788801953,1.328782962458396,60.5354760691741,1.548845215104885,0.9113439447390911,24.890725370661734,1.5594828865056543,6.348056006058602,129.00579639167472,3.3721746751200543
12620-9102,12.440758500869714,1.2323604206780494,51.44925252557071,1.649933507098083,9.194221224095692,84.07279869039378,0.0,11.137494258828383,67.24722060903517,5.677989906010345
12621-12701,153.77189388426171,2.219282856732676,76.4306983140426,2.0457680904173317,3.1646166215656835,96.440346651353,2.9392115902931737,26.424520682082346,188.6702411059082,4.373781565549541
12621-12703,105.85713508156806,2.844346726529599,53.44759161336088,2.1963370999499543,3.4800513060934266,38.722247546882905,2.192416714339876,29.539208751470362,132.21152956824284,3.6615747340623708
12621-3702,181.270065810227,3.442440678644581,102.33546874318215,2.2053813053964464,5.562221994722339,52.20103237048713,2.862978592242542,16.14782947415548,236.54766686048396,5.830774640640757
12621-6103,158.5083613610987,1.388923466973789,66.21299958361453,1.9170724138870066,1.7463274543114256,39.56582254736766,1.6623079375256458,9.262257105082039,183.11104645600105,1.4230133911720075
12621-9101,319.7022918441903,2.2416508457040383,64.6019138882047,2.7857288316029125,1.571681044706147,33.99443552289074,3.2023921577138106,8.204836449412696,337.3952228334403,3.9479609094360715
12622-12701,91.44376131225427,7.501430121929845,60.187796759339214,1.2684856924912644,5.572628597744887,41.06117982402505,1.2236127271726922,15.219295199441381,113.82943737300205,2.9275296181849995
12622-12703,145.38648254232322,1.8296371904844515,53.106861760928474,1.5814721780969005,1.0069499197173253,24.94629324751206,2.6870598705569777,5.052017910898005,159.99223917870404,2.4658430233214372
12622-12704,72.82307115611268,0.8529272579704678,55.54840641734569,0.917716792737745,0.6173947808136244,18.711855461495603,1.3079546661403232,8.84493377849691,90.19384673704587,3.6711120661121064
12622-12705,34.125349963980206,2.2787643731818776,54.16281381689024,1.3340144106915446,1.7203797843447972,37.421034955426705,1.8452303760872408,20.732431096976192,71.26021372315631,1.3501398561400408
12622-1902,78.4288885093911,1.7128770979714414,80.02981185913086,2.254967372094848,3.0789017323079597,81.3154429566956,1.5969372639090094,8.280166128255559,143.50484208368562,1.8421031791763314
12622-6103,22.42371861640496,6.354198223874875,49.237231903019534,1.216606618056052,24.820386214769766,32.208342497258116,0.9023104641107482,34.06451838033121,58.75583945814254,3.2239674666522364
12622-9101,102.50426034896482,1.5160872828056953,64.01047373535036,1.4102300327993098,1.6343278222179005,33.71821924660364,2.0896916590093513,13.8814834977033,127.6139348460117,2.2263666179912147
12622-9102,254.2045088219768,2.0968120696789994,65.95332387944279,2.609606671029909,2.437620404411701,32.79091616450532,2.7191537354971036,19.692985285181145,275.6289284821496,2.038649394411247
12624-12701,28.649980306826116,1.353568761319785,64.07566107700512,0.6631228407895433,0.9233096780912251,24.3387828470632,1.4477527082395463,13.591543933535053,59.526451388207484,2.9518933313625624
12624-12702,73.60352146246477,1.8543466593303322,84.00841198589913,0.21792049206336084,0.8874902684999207,27.787897002226885,1.5009246233158273,9.016193521033784,83.39924068781944,3.7768980426630043
12624-12703,153.79064114094817,2.2884808907607384,36.86391649061582,2.2713417599850136,0.695925007517943,27.17228990523426,1.592567580145205,8.766124069328697,163.51818680085228,4.418435093946677
12624-3701,80.64334023290351,2.9753905846964908,64.21208431474918,1.662418161837246,3.289584925811501,43.169384250465534,1.0202717920548987,12.59021740300614,115.57602351052071,4.996881200001365
12624-3702,,,,1.1780000000000002,,,1.1780000000000002,18.06628485700439,,5.7845078695405405
12624-9101,152.3793006946894,3.0538127407216855,74.05205788648632,2.337112398648338,2.0412242211469853,79.63757415431999,1.6731911722008217,15.430565259804684,189.83016501167506,5.634622807561517
12624-9102,44.75774217908793,3.5023031625655148,171.84539074765564,1.6222290942064679,6.8829939738438695,73.14383513079468,3.21005359850866,25.884408626756642,223.40331373090928,6.4129109000790505
12651-12701,157.48173813631308,7.987541245712482,72.64399935220405,1.4618635612091713,5.951216924120886,57.82694664089209,1.6609467388088968,26.334056881654913,180.31908406160082,2.963367849377594
12651-12705,76.96483092791823,1.852627200895482,63.207515115860666,1.4738237041843363,1.5001494347493294,34.35951366255277,1.8802108024806148,22.79881012469459,108.68206326724994,1.1879953419133806
12651-3701,51.19895490063902,1.3765398211305917,63.7648905378878,1.2178853648258927,1.3753663254143085,28.7981947608177,1.4746195753373736,5.842497707378018,87.02417883488613,1.382287625339812
12651-6101,153.8196037505799,2.6140892603820447,114.97139570742584,2.2935150057277918,4.711588006396572,92.40662801768131,1.6486108120646703,16.420965763578806,232.32976416986557,8.460388799101539
12651-6103,171.20697142399243,2.8073321560992914,74.20975094650792,2.046516763642317,2.5238815162267265,41.36672409692508,2.272966639784735,8.655320457833188,201.45017549236067,6.507133764764093
12651-9101,166.2772620738586,1.344864197650091,97.82356667161928,2.308517385479574,2.1605386417203505,42.186396798405525,3.579074976000607,20.965834440876634,223.0232499775508,4.751340304547424
12652-12702,17.694669256040292,2.8002361131875,43.36731171704452,0.2034932200036641,2.0460290802514978,19.58787010802498,4.0,11.315755823610571,26.37832153365377,4.48240997496352
12652-12703,61.1932104054166,1.7202324001781988,54.865006845820425,1.8251063986167013,1.7284264231246624,38.620804664782035,1.595067312230623,28.48708900167327,96.11705186431254,4.188745337129333
12652-12704,64.9198446442052,2.117609333539089,51.054100036621094,0.9577024172366972,2.4326683463554497,19.92123850141749,2.100275019607114,13.510418089404016,81.91982553651677,3.9987677072160324
12652-1902,,,,1.178,,,1.178,14.10515604151008,,6.21072852688748
12652-3701,51.37048857945326,4.146098117975141,48.30359842725508,1.42180835772436,2.6357931212992045,28.334748626498637,1.064398793709374,10.431021243573063,77.1773532003854,2.22481727751153
12652-9102,210.0962444505905,1.4182662705109887,54.94920093678478,2.282271313684658,1.3303469241669101,25.330097016214953,2.237432685495543,10.453262194166483,225.90164994687532,2.8062518502894145
12667-12701,197.80417427271732,3.04121166310538,76.11513094700626,2.150664152993399,4.544794431869105,62.10740122467473,2.13790909254688,48.767337967078966,227.12637986557226,3.0287407699691675
12667-12703,251.92669840299578,1.809556174979526,61.27519392239112,2.540199529621578,1.4063083820093534,40.77770966159008,3.1721687809012447,16.96536914467682,270.1936712493127,5.702976021055805
12667-6101,158.5609357056475,1.5019110033701957,74.92900544760624,2.166595795243394,2.516576540639842,46.00399409089772,2.712424981507099,16.214703948096734,193.14660267636813,1.26626138089962
12667-6103,115.76754606884333,2.0178746328506274,63.36552036551352,1.9348322429341174,2.882404026173707,50.1588274647834,2.866146654893459,24.12325888805808,145.50203501224496,3.987111190198419
12667-6104,18.104889854680522,3.504573879638247,45.35265634794986,1.2014370646884485,2.607865715632528,42.32840971034596,2.172998129451663,7.832149333326171,52.90537787261181,5.334281603164229
12667-9102,57.34211375552639,1.5481434529250102,120.64281553881726,2.413278605487175,6.358515576668174,33.423664080317394,2.200859042899852,12.854407255643915,195.99142185592967,6.702412896254136
12673-12703,118.57281982597,1.2350310668392401,27.37698645282919,2.109753666004064,0.5702349003238326,23.505511999284693,0.6026486195495644,4.524315246884672,125.06307481177625,1.680748022354238
12673-3702,104.91154713095649,3.5389397823111217,65.10100070672513,1.9102242533778235,3.353486955580508,46.46467405783142,1.55800683732412,18.218163275214813,138.210821205685,3.510369074295011
12673-6101,88.18388967373077,3.8147456054372317,48.72560479374214,1.5217438257666158,5.635423969766023,72.1366281366858,1.7042221497706773,30.190081634308267,106.72065918662506,3.768717722838386
12673-9102,23.172524711849864,1.2180591172832156,41.52834522210816,2.4348177139520817,0.668951068870257,27.814902342970036,2.7808316044455075,7.155004512304909,68.81904495044787,4.158689193204821
12674-12702,0.1734565219306734,2.1680008252277463,69.68857921181105,1.2397618996155442,1.5993805285909468,23.05223641015519,1.1993323337296176,9.43890789905531,77.59466066091329,2.185648976201169
12674-12703,188.14298383864664,1.1326588291662083,51.32870529549891,2.2607126938136446,1.1864695239991416,29.388725278779837,2.0213124219470986,9.401732283736598,203.35667529688848,1.5730129802937522
12674-12704,133.02899052259482,2.2906834205047324,77.46952463042659,2.6897421416340666,1.7263278712433368,25.611225811562107,3.6273364763189644,43.540105555737526,183.95454076602906,4.988193718611431
12674-6103,220.79187819075239,1.1777234517750697,161.96549614266766,1.6409167380123701,,,1.178,33.89469629205474,302.9767814253417,7.913001950064381
12674-9101,98.7543016734379,4.351111290550054,104.67938089071316,1.597346940063865,5.610524529720542,107.92221234684487,1.790669145797783,16.60472602035586,165.09323706593065,4.655717112457103
12674-9102,135.8484378399486,3.596585192374209,58.95971691078634,1.7910401252400492,2.7140893432321453,43.21304705570938,1.9348987663228385,15.00787877697798,157.10155348577848,4.479646470074183
12675-12701,164.22719622872694,4.945547317601959,125.47789403762498,1.8230560161456597,4.45010619162053,52.02923873517292,2.952218984241604,37.670648028263734,235.95348161871536,6.330455841948344
12675-12703,182.33921413914516,5.809226232295302,131.49112252411487,1.9177483422642796,3.0956272331121166,62.5001381989815,2.911342732905048,16.79011164506624,257.6922494419095,6.36780892701686
12675-12704,116.67641775465412,2.4027658052768173,51.41520033598319,1.0933018220325297,2.0888490743919244,27.9080084989189,1.443992346157923,17.12834215538971,128.46616201109114,1.765224535182207
12675-3703,39.43205000565603,4.219598258746791,41.4460779080274,1.8144977409592764,2.3650159157083483,35.00183774816696,1.2026955946947655,7.389965096459791,68.35049182095773,4.588180233809659
12675-6103,260.1627119572358,8.302737319252943,133.92059448671375,1.7260923335801275,4.899580700761791,65.82689720814221,2.189613208354263,24.015155066625148,314.0726494041406,8.897700227169812
12678-12701,40.92112913558795,0.9992969239722183,22.114061417889925,2.0828141199537384,0.7254748044866641,16.775077187180134,1.2497350328019652,11.04823118619883,51.89509577417963,2.74212511663256
12678-1902,49.91632310075103,1.5838490533083263,62.21316042938139,1.6749808616461386,1.4364233213682636,38.72181870531444,1.9879696342415745,7.26732581473995,94.73444339894975,1.1525360663188877
12678-6101,286.6255960394537,3.9826491634882575,113.1733228788566,2.6393253247138935,7.935229288398711,65.18431093538496,3.441131660409138,20.078618949189057,340.5278866678864,4.710889476202144
12678-9102,229.20005671614885,4.8841888955375,123.48057474642182,1.8238848943478096,5.067521394931588,59.03458953618227,2.371714785670253,22.771020117593288,283.44710970190715,3.4621371228925932
12679-12705,148.3695986153452,1.238587913693487,61.120665123169736,1.5887064181541617,0.8672526843730006,25.387694096946905,2.770426166966284,12.566358833676656,167.1781238215591,2.7965048529146195
12679-1902,83.97979527256014,1.4323085600526937,73.8922133258794,2.174063788389392,2.424603113196751,53.94767791483713,2.613235295629378,7.294027875481049,137.56134261445584,0.9739118658552505
12679-3704,37.58525916479267,2.548612788670108,80.31883459287043,0.0,2.185936736265385,25.233335615033404,0.0,9.84163908124534,37.58525916479267,3.9781699283686143
12679-6101,70.83816542542253,3.7671081586712614,126.78577126428155,1.3925466067990566,4.167868499232089,64.67289837857464,2.7666568767736,18.390765188530253,165.53766834959538,6.416977226993477
12679-6103,226.8272582888597,5.267004031044184,151.15325598411943,1.8743026445777282,4.115636567174437,81.61548189191558,1.6516710216102828,22.57789760058323,307.0396923028681,4.793869537412605
12679-6104,147.14516851709578,3.4055853797532003,155.02443957791616,1.5119705437194635,5.067392129263204,76.43225649259433,2.7848075481198107,24.306245683544955,240.80749350812602,7.3817882503271655
12679-9101,79.56079355592429,5.279428326109948,160.28533875003694,1.3854854780129762,15.804530644115193,122.27265739881172,1.6028248454385299,36.558610548359,204.75587262482722,8.188896186268904
12679-9102,247.1503732581456,1.5855380001350936,85.82337082125474,2.023754004323584,0.6594240903341514,41.23909032518446,2.186745688571433,13.060002332804766,275.6620624334984,2.1139000914523014
12682-12702,130.86334337912314,0.5309528814499512,54.868257930477064,2.2081958679848084,0.6013965031021609,19.506825357051213,2.6406888201751952,11.661743935261505,154.18510016896025,4.191890816556178
12682-12704,131.49806634599864,3.2754823217669418,66.12853789124961,2.5317490968625296,8.327332546220719,93.92742994307761,2.71033765353636,37.17805290666588,168.41329680073622,5.74021075357976
12682-12705,27.18216287913109,1.5631202543910458,42.060245513916016,1.1461979370504645,1.127826883811884,25.054764563206547,1.359205037677543,6.965195997473903,52.598172741376054,1.9133745250726637
12682-9102,78.88334026595822,1.6086713516888573,80.63475449738425,2.511050479922731,1.065940448541032,34.299677571492005,3.240185287735798,7.197410807352185,150.16437750755568,3.4721294748526312
12683-12704,77.66703828127564,0.8789026436869852,49.4827690888721,0.6440188896220416,0.923940484862001,21.867151541589134,0.8157664116191767,8.93486633115842,87.23002754040947,3.1848457373786307
12683-12705,82.12378765221972,2.9305826275174285,51.728625256439884,1.6280812632239718,2.3035650313260008,32.06293488041715,1.1110595888322516,16.0835229555976,105.36042349411358,2.480302811141839
12683-1901,265.146151589444,8.706155060540043,74.57489994108764,2.5211424141931147,5.765217866404235,26.491814653024512,4.0,16.548824801824072,290.38526600019816,6.512620699701936
12683-3702,169.58246557238417,3.251445622438675,129.07195059525168,1.6361349815757542,3.3372321891525822,62.48205606498887,2.285980662939301,12.24540194059861,236.67597114334316,2.847802576767745
12683-6101,155.04280383343416,1.8539117473445192,69.09871234121375,2.096736176245481,4.185960674148452,43.32608796013294,1.564221580700627,14.302168615376681,184.52483508240007,5.318085206498694
12683-9101,226.45147998619888,2.687505983588983,86.42797037520711,2.3005518369924096,1.792371298910378,54.6141887389872,2.455727143177738,10.95999699066922,261.65802346180453,4.560330763040605
12683-9102,51.617843315224164,2.6544397554602566,69.98936312556992,1.8501980425740334,2.632628680267607,39.02628166799046,2.8315452978873425,15.513939946970558,108.29412320652486,3.501508145190824
12684-12702,145.56738622799583,2.083104168017077,56.61758058457023,1.6588073815471192,1.29917494428933,33.30742450548783,2.320138473383597,8.785568755899893,162.81048691816525,2.7150194971289325
12684-12704,42.17402981733136,1.06511955519383,55.20624282777227,0.18053004992724486,0.501280697905434,17.709608435437325,0.0,7.411748133809986,48.25821696030103,2.272956645665469
12684-1901,119.78977496887089,4.145963079278546,61.02254565977502,1.734961318630805,4.479191869874609,42.80817842889915,1.6263326446493642,15.311977314269352,144.25725031699199,1.3865619804705855
12684-6104,12.67067811501881,4.112640170306541,122.94723998318477,2.560684118967213,,,1.178,17.79953418541143,197.14945655612195,8.627219439218273
12685-12701,1.4002536190264046,1.3396649558258105,55.40966074244884,1.2032012000195123,0.5950299219499298,22.749537962970013,2.03368245656602,4.8635921509459,60.795277254549454,3.0079270692831397
12685-12702,87.80230940105197,3.0601471710548305,61.57536964600166,0.8407296725534719,1.2316787973046956,27.09286399765155,1.764408154512204,18.83296239682313,104.38818933307729,2.9113897128323503
12685-12704,57.10937922178859,3.482304053512841,114.8299003066197,1.9782732294968843,6.668758981107403,54.91215639352348,1.6382988087254842,16.782877729849897,171.30909506012992,4.811727924447803
12685-3701,88.1576117659603,2.982936550471992,134.40118327852542,1.9303252276675922,4.720020006687743,110.20287461603414,4.0,11.715238764568939,206.49585465290184,6.726237347012937
12685-3703,161.73940336977125,2.9410552376218524,97.4272171958172,2.6543492647054663,2.8583838538517488,57.58959749270983,3.351469571719932,11.071281502931555,226.61616032259934,5.429830301928989
12685-9101,163.16234766693293,3.8008763293528607,114.0071963202976,1.8315902059088045,12.980912614434466,141.14302196899018,2.8267773251718795,67.95164373426778,224.56247083797723,3.198423285232982
12696-12702,41.75663095327831,1.4991135868416174,78.32837394410325,2.253871852451633,1.38875828015982,39.03804067127611,4.0,9.424254210575779,124.78731188639304,3.2438883776858987
12696-12704,73.2529110445631,1.9130135840533335,59.450444356642336,1.1547457659142442,1.6212460142875955,27.027439334842967,1.3905414087255565,11.045972621054428,97.19707214679421,2.910469811695621
12696-6103,33.89598715867012,5.335460731522055,158.09673239972454,1.5198062282995894,10.070829512925354,69.71179611067134,1.6488344815159919,29.96346471446725,197.82783280653052,4.2575085158288015
12700-12703,90.26050553895281,3.732711619390094,128.84086106518035,1.2863042327835459,6.203968478439962,58.800965651206084,1.4779934148160843,39.921170790957355,171.75438071199972,4.841912639757666
12700-12704,41.82841766565519,1.5724179961369236,52.85538027370361,1.4336419183866351,1.862656703744758,22.345519557694356,1.296989871939817,11.589324319943499,75.86019621641243,4.594637696164847
12700-12705,82.15193880760447,1.2447830557629278,45.15400488382228,1.1356656323682355,0.4905053528499138,22.153361085252357,2.0445259370780033,6.459541137981935,95.20730914897324,2.7035599840510183
12700-3702,73.61378347750698,2.2614196932607307,85.22506528307353,1.1254757484577866,1.4134620874039245,32.225217971371606,1.4531891411563176,9.15127142029497,116.59189658293204,1.4662769986161954
12700-3703,98.97329394913588,6.040694136887465,99.23765697138892,2.1605003630411836,3.1035392868288474,40.822598258168874,2.408392906190877,24.613566876320416,176.27411516959197,7.268228431179371
12700-6101,58.96192898814027,2.276549762477504,27.02593263501104,1.3317246489511563,1.0721420726305497,61.05147766821756,0.42918889798834303,8.60127681466374,66.70233977646241,4.996952762409942
12700-6102,142.3339351463891,2.5839003288531965,73.41105702155662,1.9025239525550242,1.5229598411490726,44.10000075014821,2.562774132689557,12.406767443094253,174.6768427523828,4.5094171638684015
12700-6104,132.22319530872355,2.4060406133759313,98.66094559736794,2.0364419370316638,2.5544295397497545,62.74127520612461,2.2882518571928876,11.363525489442456,193.14673933535113,3.4797787243731095
12700-9101,112.66134187046383,2.6000465491368057,59.01052726574157,1.1635254113728317,2.108008826819574,33.739770137490595,1.6362311541154044,9.247159959132334,129.399595785497,3.956248312928822
12769-12701,113.85247865410837,1.455593032211629,54.40338221514972,1.5672161444124555,0.6799345650132332,25.824676057068274,1.3068194220003952,11.3464022286264,132.66846043723623,3.2297639120148647
12769-12704,62.98094644697295,2.27180805815904,49.15139066972496,1.9163050361947178,1.4159768486315258,23.31288955589139,1.1284723173852842,7.392257527669375,92.71527800848474,2.621364036067997
12769-12705,87.78258262819755,3.6237238460640557,58.539920806884766,1.178000000000002,1.6518251917706441,21.145947234780913,0.8366580136223574,12.839466558820225,108.3637223214036,4.757131093676661
12769-1901,122.20673851963907,7.698891122407393,106.25357684813754,1.712697953802694,7.936828862278537,81.4988275026164,1.913533681526923,26.15924319222098,185.12304825027454,4.346525654615571
12769-6101,169.21399207435346,7.3455063512665015,202.87678823382896,1.4301198437605154,5.471429942554753,109.60196963864996,3.600947800260032,83.76652438986801,295.79666188760467,8.772787931345768
12769-6102,154.185013232724,4.506172945306888,273.40974037282444,1.9721522892819632,4.418016666192245,59.08383561332168,3.6605443499280614,30.159660561667796,413.75970540730367,6.815290162648726
12769-9102,144.17144534298362,2.5919231974018637,56.19019125328778,1.9132553584859515,1.6852271384546484,38.25227039471091,2.2816605644612338,9.006026728273023,163.78705297060688,3.3789525884223894
12772-12703,86.40228629379745,1.1389332063384674,56.40021859809764,1.4790955639199794,1.3189101294972012,41.005712642030126,2.28338674272243,19.99282001841979,110.31924298694341,6.607832911092396
12772-3703,61.45572680620727,8.746356767033062,72.86135619878765,1.8160973360229704,,,1.545306104180792,12.243265944537356,115.83636103142757,4.492390779169995
12772-6101,28.33516879272309,2.7769898255474823,30.883936230757406,2.1564630370900013,0.9143509834471502,15.03797952998175,2.375760365429202,5.680910340574107,53.47666790553669,3.117697402126984
12772-6103,34.54399340556377,2.6291116760736886,34.09040329238266,2.144605986602003,1.867806583894903,37.31651748391107,1.7201300751703479,9.967393015871114,60.70958186575656,2.9746033913497514
12772-9101,71.76830140750855,3.4597864102772364,44.580770071899565,1.241471823340055,7.874898113064603,29.201327563195846,0.0,10.184323547070958,87.28141915435445,5.996372230027544
12772-9102,124.66180952698494,2.9558328031202725,38.32454891013382,2.1261738229474623,1.3491364764679643,28.401075034902547,1.1964984084015668,10.171149868896006,136.61416219111575,3.7455259479407537
7443-12703,111.17377949775505,2.388083915821198,122.22726832474861,1.5009199357656313,2.015645590374655,86.37199190528662,0.5101410105329933,29.837157468524698,186.50096599238643,3.062614595674378
7443-1901,38.26965992113049,1.8537938568885268,42.879146837396604,0.27610870896427375,0.9518033747840531,33.58182837570412,0.7419825063434977,4.577895539689628,44.40975349555321,1.7866303501701897
7443-6102,16.895082412563195,2.0153181762116024,81.3331472365204,1.30465515899686,1.2817459596854002,31.622461366549373,1.3987789689976964,9.357948050465774,94.42374253347798,0.6920161035647655
7443-6103,22.30822569501221,2.0381193333160352,81.45337302518804,0.5038825820213602,1.1304942777145393,29.477973108457576,0.9879536282711163,8.591250242334137,61.97372429291628,1.053641357412579
7495-12702,142.92678963594668,2.8502748185331415,71.9373954587274,1.438729810373561,2.869017188404001,33.272691037862465,1.3737542306767927,20.42321426022934,166.9535203121494,1.547476104858696
7495-12703,143.1923952291143,1.4341447542033479,46.140093821493345,1.4288265488816565,1.3669417627911624,24.857404650670738,1.6163658290303347,16.54526590036569,153.44674219549017,1.2975495048244317
7495-12704,195.65408214488437,1.0172192099520228,52.057377403861636,2.0346619728374735,1.1200379713946689,23.899614925538348,2.1561596308558877,16.067380588143195,209.2711013723976,1.2426764666055903
7495-3702,4.426499024285555,4.766460816648933,81.71253282095756,0.5586910154870712,2.3494953482139382,47.55602916283256,0.8709416234246672,11.119802534268668,61.23674694461661,2.500367065415972
7495-9102,131.35223846791328,1.3869185808644715,55.99177349771323,2.329380817603665,1.968325004355806,36.659596912011786,1.6466263762671525,12.826075210400916,156.70418863143556,4.686457709267858
7815-12702,50.048011034345244,2.1009471675457934,59.84604790060858,0.23913707930192185,1.2084195941700548,26.875157062050995,1.6035872761653205,9.873598685227858,57.97658737093964,2.6917284743321974
7815-12705,28.848474725685865,3.1705595701572724,70.86392942546617,1.1675918139393298,4.3334254914526165,41.643004281915424,1.239581372279699,19.247749309338797,81.82619514577289,1.2057173033554152
7815-9101,50.25426606774866,1.9820018559056147,51.09547747300441,0.7605239323958233,1.6620892244948864,25.949805734977456,1.179614862702791,13.529729173806567,67.16418282980163,1.8249995274997826
7957-12702,46.77502819227681,2.2440211948204074,75.12400899044044,1.2431207591913078,2.589745242148191,31.917090339345464,1.3067804943895625,24.32475076537764,95.9353968688691,1.0671075141793729
7957-12703,157.9985831552445,7.107543688414696,127.12517628557337,2.2714008799986676,6.392910578011528,81.42286629662681,2.6968940788508595,29.62712634396886,248.33693109720667,8.53345920417382
7957-12704,27.097585131198354,0.9217907555816192,57.664778445895095,0.9911806573495396,0.345908995247149,18.825855353903496,1.437856684096269,7.528802365589105,63.48369459739393,1.6401668208335296
7957-12705,109.63175196967454,2.754040500769973,67.97474242107987,1.515751374091121,2.805851814547532,31.373666064789198,2.217566784081007,14.798561176633887,137.92298469852744,3.5036550776122866
7957-3701,224.8838325696766,1.6615859787094975,184.72604708588125,1.6029870891957505,4.18620988191558,84.8636634575221,2.2492780985691954,21.069847023398744,324.4574065716956,7.930416219884802
7957-3703,31.478420891443502,3.204845355727164,49.22038269042969,1.7468303858334746,1.6073865268353211,30.221468218132845,1.3454125774830887,4.44838444782203,72.26923795671698,2.4170608182187707
7957-6102,45.55640945159845,2.637675806677888,78.54365545869888,1.3441731199671156,7.451678559705388,50.006629022739254,1.7873831512574525,17.72722894689453,101.82206366962038,5.1457783863490745
7957-6104,68.83738559390066,1.404209227646878,70.08048749688263,0.9262751032122947,0.9942248202862495,30.63679855863068,1.3306102663596624,7.871764033521359,96.37311430477335,0.8228884096420899
7957-9101,51.855330771527264,2.5648607284328087,52.02244119881914,2.3122113193916958,0.5919178759571344,21.932997660837465,1.888661641525533,4.694964182477542,94.58642786401833,2.3207257023295393
7957-9102,51.86174838369083,1.3003604714130896,63.177024841308594,1.4594260525096039,1.0117800106262103,27.10116896860174,1.9346308411539086,7.817023372436769,92.27513950599723,1.219313768163288
7958-12702,69.31969554586973,1.7111116927807741,70.43208710976184,0.44723768172453304,0.957776305059845,18.997741946295818,2.3968085550720115,7.356750392005852,83.80824970842296,3.634976494012693
7958-12703,101.80100567174422,2.409055304973829,60.886144972997755,2.0623539982585557,1.5943900951843388,37.95105507352646,1.5172300582061453,20.22436432979249,134.19703414891947,3.992707455302451
7958-12704,85.001338911402,2.262335341639944,57.472376646652556,1.0590670957582886,1.4414172135280763,27.709983438692745,1.1853259512410157,13.372035090024326,103.55387335572287,1.463971630904875
7958-12705,42.379397000033364,1.0726386750735843,52.398128509521484,1.319006756186703,0.5897705418014854,24.16525736664476,0.6960314417909981,9.250642586067043,73.60319684547464,3.2744061882356004
7958-1902,31.396269988789918,2.941356558453784,72.76356936814724,1.3885652552944556,2.583806303592819,57.904358476772494,1.1125494771995836,6.898307496568829,91.31010857533481,3.5181198280421033
7958-3702,51.42330001678704,3.4034216482790174,75.32168044061204,2.1145649910514255,3.573163590599888,40.034488031669326,2.038209619786394,19.192928896799483,121.00014380399439,0.8510085867673566
7958-3703,162.83595562615128,1.8838967821995634,90.57186623302633,2.030875343539268,3.4863392707849887,77.81029709662046,2.854640431921859,12.605261539148065,207.78679677102465,7.343739275142741
7958-6101,82.37781181609573,1.0542499061002795,47.18372272402531,2.5069289030518744,1.3415727607060999,27.19412425080931,2.6190783591559814,7.168572161741099,111.20831330114244,1.3637481397816158
7958-6103,58.37607494666644,1.7788256399816056,151.22846714582516,1.4574018797026704,5.730008090891478,37.576754652420455,2.758936321319425,17.863133666946233,191.673208688274,7.993713168082344
7959-12701,67.88069361425768,5.683888675370978,82.0423050914287,1.2155089969127388,7.922740328999683,50.47835125933355,1.0243914990146572,43.99025697873364,113.08981598787815,2.8417268077837834
7959-12702,156.01503180434352,4.723226307011006,109.28196459780466,1.432332296743257,5.593964577742338,52.554101647456925,1.1328226659066243,15.901103445216634,203.5838575346962,3.0077862402587137
7959-12703,220.71692992865758,0.9433662917976314,54.69409505213803,2.4502991768180094,1.3063261450108297,24.709802938897372,3.4439902283745143,23.130595172970864,236.74014448354828,4.345220634384142
7959-12704,115.43683051351863,0.6158674474418051,74.16766205911216,2.172124556270144,0.708945763379979,34.09203408496213,2.5256684750215737,9.525949999685807,158.97853954041824,2.2427521842787534
7959-12705,41.15115512026421,1.5468651199131633,50.556611500865756,1.9481677819001324,0.9524921520667925,29.004774116291003,1.9193788029155172,13.992662951817925,81.68768484931527,1.5155844145400452
7959-3701,152.06103068953058,2.7721585821413686,103.77951937027053,1.680484333430453,3.8920790552020095,109.85547315437776,0.7292509948457111,16.257019821274962,203.0312545722709,6.280297033134791
7959-6102,36.17299922305716,0.7392623298440951,66.00053718872054,1.9244432353299072,0.3423711336729393,21.925796805426295,1.5755429455630447,7.470043106878871,98.44540144982915,2.1513192459253854
7959-9102,42.32652691187667,0.9067982544718176,54.000704906721694,2.104017371914313,1.1863902558686599,26.85552992945022,1.8916648898617163,8.996648504249386,89.03375605160177,1.3610874648224445
7960-12702,118.79068607124941,1.76687769465811,81.92796450962402,1.5615140103387573,2.217057041369386,42.808597314378275,1.0708911500585772,15.463090063161829,156.81966700501175,3.99290803363922
7960-12703,17.301968493338645,0.9535030827050852,50.70911910176634,1.2499178276092224,1.6114583147891737,23.74494224171363,1.637638342418665,12.005664806330682,59.27406907360395,2.1019721148132664
7960-12704,65.68212000039468,2.6310071524406298,59.168533831958726,1.1336833603333094,2.1049846011049245,24.232698935870587,1.6595363376946421,18.705418727433617,91.01137521170754,0.9741986330654241
7960-12705,113.75717522000325,1.459072131219335,51.82087980192481,1.8958303325496795,1.2236834005058066,24.25595560393605,1.4754995160540485,12.84048960184587,134.2824057077776,1.6961651305380572
7960-3703,48.43401479748851,3.9431403177739868,61.82832327120757,1.6085999147885315,2.86212491910913,56.380354895692726,1.3682128722678197,9.437916313679375,92.16895103402001,5.337754567638023
7960-6101,23.764134177519804,1.9311163105566669,33.94352564123043,1.3064987323166957,0.916490284173383,20.16587585412318,1.537785539034759,8.90363577974375,45.49762064699206,2.951167339503164
7960-6102,64.32300353787028,1.4487315049461065,50.17705969222627,1.6606405813056928,1.481699988819092,25.87402566397774,0.9691312980452267,8.419520573818604,91.20584164254673,2.0705876547833135
7960-6103,11.619187142373564,3.8278386006309018,79.76579994063843,1.1780000000000002,2.203582312216863,61.41132361093896,1.4744770225314787,17.25699539600492,87.35060443734609,4.861173853693813
7960-9101,78.47968582308381,1.763672397774007,44.58781638716902,1.4117144792150762,0.6558220580545636,31.277313745221818,0.32441060773181096,12.086355461681471,94.68713243788287,5.40098244780765
7961-12701,106.70295048302168,1.8265491873406916,64.34579422192051,2.658143849783971,3.988936418474493,61.00630832171245,1.4286855454882075,27.985389142636482,149.63705608849855,7.7554783184557445
7961-12702,95.6475458331198,1.9450377511688868,81.65811658240465,1.424351093315567,1.435526913447396,46.97188510534838,1.9221794933745135,31.44094812470985,136.55070299479033,3.8654014965834755
7961-12703,86.39705173134624,1.429831941847309,52.13470638115887,0.9713592541313534,1.693218651449035,32.97925521659407,1.0005571243619116,21.08627592561478,100.52179773209566,2.503305199153294
7961-12705,181.50049906853357,1.8592846192331534,68.69482358822559,1.781988532486412,1.884429835119239,44.34224629614426,1.0262980344324408,19.614800267150496,203.35092143155893,1.5075058784356659
7961-3702,144.11063888056728,2.380724942102069,65.97888674910661,2.0513697426313824,2.0806804744830716,48.701395388559774,2.149204109752543,5.868016790161332,172.3308640052924,2.2112780695389853
7962-12701,12.919795304067266,1.040364855497146,46.79142901480153,0.935866107885921,0.580693802256012,25.192164829190347,1.4563991049454383,9.46822344935966,47.07379069519243,2.8786455775377204
7962-12702,60.73071427736683,2.5048099341617136,64.10474839130711,1.1290331650130006,2.188341324209637,29.347335177476296,1.4730308060992485,15.92071574541464,91.25727221834498,2.279632902401398
7962-12703,40.860606469671005,2.7211653277161933,86.62616654255834,1.9417490299934603,2.40563735664825,38.4892539135749,2.3327740830408827,32.476434978263555,127.43882430505279,4.247806650172686
7962-12704,140.05378784976764,0.8421076777378574,42.585890639739766,1.9472323343805926,0.5763402613078386,21.399639768383388,1.9652001745746803,6.245854403741761,152.1396806484005,1.8202508567959232
7962-12705,31.4729044409678,6.335594148518311,64.92137721822576,1.3184219570052986,3.6284073819714777,50.270725624053185,1.0708289478662851,19.92357257106869,80.91606201455043,3.5498355998247177
7962-6102,89.46451922565758,3.3871653577930863,59.61716537146529,0.7019707992316571,1.4272707842175614,36.977197859723404,0.8293367384952783,11.776463211703533,102.46389272511576,3.545727514304536
7962-6104,88.21043735968303,4.830037003306495,98.54637199570114,1.4327107291282304,2.8982956197426937,46.42067740364443,2.3872508743579997,11.38397944201254,147.2911749898979,1.7855802259310167
7963-12701,124.20412647107919,6.137325393552705,40.97296988036811,2.5727861162666654,8.084562128997897,26.981165798607933,1.2263436587206633,19.156111094997065,140.5198130901199,2.7840124370476955
7963-12704,148.39304492476643,2.9255410833461992,87.3148914448087,1.8573216425730985,1.500230524477089,46.26275590136685,2.189048000516136,15.79562787499649,190.21175614939617,5.926588575904979
7963-1902,42.43120403580331,2.301316090824484,62.729866961289815,1.6417616842659415,2.628957514645376,50.863956038245504,2.1341725859748877,9.70152630916267,90.88893634558762,0.872688443202481
7963-3702,54.44565972035023,18.563736749900293,174.25666852502525,2.861978660896896,2.2045252115481633,61.334753261575884,1.0386450414511086,4.627116556293993,299.7822845467709,2.375666256335329
7963-6102,80.83986057102483,2.622130234024743,173.67527337320962,1.4415302903885066,7.47046191106984,109.21365687170763,2.115718303487168,28.325916042703152,223.6428094016503,6.431719438025273
7963-6103,162.9721878861821,1.5729646019003185,70.72162033255466,2.6217999887467665,4.74672137721462,49.32681590897407,3.034745533663872,22.5074139510777,199.18080083136616,6.277118145377484
7963-9101,68.44481905044567,1.3401621325269528,59.17988565930722,1.7235375940056237,0.5205438314361748,22.77383007337064,1.778674036663762,8.998320877170139,103.54210774103825,2.9543862319108536
7963-9102,17.22883562225718,2.81403254406862,65.79716960120808,1.5404000197935415,2.6677860652172316,32.17811990862953,1.2464318560394538,17.149161482777735,83.4603891795247,0.798814955225633
7964-12701,28.74601280915057,1.349270564343785,42.27849854610236,1.2915814905009633,1.069235944397743,24.044907499882658,0.7522865438556536,12.163530269497254,55.991055341361005,3.6329447296654016
7964-12702,220.51796785203928,3.648856716640851,96.60220323871954,2.4768878227144815,3.374896448555986,46.205975583032156,2.795406759141236,21.382797598242597,267.84782212066983,6.18336158609833
7964-12703,158.19940772007735,2.431535641254195,80.13449211807847,2.331085436385645,6.607917525952162,78.22325235443775,1.4561772065458165,18.93794707949645,199.99050872396225,7.343616841499708
7964-12704,133.6569444462066,5.258551084152405,98.43698837997097,1.3009639848951575,5.020074244107494,39.51821667898143,1.3521442000496848,25.10374062199738,174.5574763350563,1.9876503345971601
7964-9101,131.4048967032409,3.917827357234565,79.72294744645907,2.1544977770327063,3.6313526668651566,50.89197171012293,2.436257312331567,18.80920917782415,175.95650760365774,2.301926787261241
7964-9102,131.50257864031903,3.204406032493402,144.39282543280285,1.2777332516720639,2.32198123357611,35.07380318367794,1.815279111096015,13.7053985578752,209.60142362812533,2.778757170211926
7965-12702,172.36020207838345,4.5993582090682095,104.59054143981865,1.3042031509201326,4.9573176513354325,48.09711270865243,1.6955164076519305,31.821733036559216,209.7020602115562,1.7550751295133669
7965-12705,197.17750656547645,11.897182884228693,104.49212191637048,1.511618123204503,16.720957716284527,93.20121878453895,1.1923600873682676,56.955907018317,235.33747702063062,5.483560955409484
7965-1901,,,,1.1779999999999997,1.6219768333188398,46.03989017693057,1.2499567363057331,3.3495496477678084,,2.36364077137553
7965-3703,54.216758622756,1.0801496257094683,46.25821359393999,1.3528865203513962,1.1460601935856745,26.60750918646074,0.8125936618728078,4.942234598902707,76.38320296286263,2.19693957354127
7965-6103,20.726560047609354,2.1929910124283722,67.70486429973677,2.7388965553472926,2.858454475328972,42.02284268400862,2.639070765459718,17.349574447788314,113.9497760347014,2.8669778682249896
7965-9102,69.53005618738929,1.6613678481576784,40.40130414718146,1.3132782854511267,0.7029197414735723,20.247569735811027,2.6865326557401845,6.475814550326736,83.53470769002273,2.83980280939637
7968-12701,99.73818226807828,16.871589676172274,59.34925719062003,1.3600773015573702,12.725797643917785,36.65505042074379,0.9338737537356172,42.72497155626441,121.40161436989293,2.4025993708278692
7968-12702,66.53809735662824,1.9712809140131053,54.84194726830627,1.4317213015026735,2.382979868296644,27.36335452007784,1.316425021070164,19.576309997148535,93.45276604433617,2.12779168193833
7968-12704,51.55366820031742,2.4370623100410675,116.36702214042433,1.6407726033991485,3.9389409555620394,67.12820836689792,0.0,45.17323062606377,157.7211090736895,6.819285174583664
7968-1902,21.27304462135948,4.814292539183561,49.938283246107154,1.7992105531975602,4.326512517048106,46.4280973991389,2.387100224987692,10.355965511902385,70.28137391999286,4.424966495127801
7968-3704,75.35564000591744,2.400470854447186,68.33511703982731,1.168749284661639,3.637996911506759,49.895226523307976,0.38108651923479175,15.968620550110774,105.52804010503141,1.2362621695134814
7968-6101,49.12909676484002,2.810216304916323,79.43621494828649,2.156660779072403,1.7889706380223644,38.44435934562507,1.962957133277369,7.112225978356865,126.5797761885144,3.788532870345653
7968-6102,228.21138966050486,3.174302889279601,56.17194719984114,2.5473755136619047,2.257313366828853,21.02700169169618,3.515727105705043,13.314930129856666,245.1900097365474,4.556645070269564
7968-9101,268.37962652048003,12.696657045148559,156.57711059775664,1.2506998527149504,23.79437187917441,92.16054781322322,1.6288498533882638,69.79372314367886,320.4532278639057,3.582851946365363
7972-12701,130.2639105271828,2.2586752988560943,64.37217721771486,2.087460302110363,4.415285527386061,90.9868465258528,0.9124906475623393,26.825014186325127,160.05829185362353,8.282694044739126
7972-12702,52.72823666127851,2.8859880574077326,74.70060252372612,2.0141330058936173,2.3319375778070435,35.1994875235611,2.465469370228919,21.4415991954215,118.40393445023986,4.652918014269057
7972-12703,41.330161963530244,1.3144431351163233,50.6500538056338,0.54251592448197,1.3622097058109075,37.6593182950356,2.201502446657914,14.093831724183413,55.67735450069815,6.683388337101487
7972-3702,193.57991311938753,4.303700261553276,132.36131319639728,2.1106717089666116,4.81790044495097,71.69471304651944,2.0656985240746533,15.293411692035482,272.85734759704053,6.99195694770422
7972-3704,30.518998761760912,2.7994626964537472,81.77175141552382,1.1692534266515069,2.1070605795346076,71.36854593524791,2.949089320894889,9.286489203373547,93.54016169125,3.8866627748009868
7972-6101,37.556403685424264,2.344625690925219,209.4177724908988,1.400219970127073,5.983383339832578,67.73850971603643,1.761329853604353,18.913895030054583,250.63570223235723,7.824175924869789
7972-6102,49.65943652240041,13.111096822005189,68.88764667690928,1.0242984439351566,11.251467233583496,36.248302171055705,0.5993388450186399,110.69446279447189,85.59717260049447,3.3699318320613294
7972-9101,98.90902996894894,6.46307774825329,132.1294946338201,2.010753465066599,6.287538698920218,54.806617727936,2.636775875167236,24.04236878643507,211.8658516459157,8.113576298256174
7975-12701,133.72854295476378,5.860556511387905,158.7526334324311,1.307216488614678,10.848749189071567,69.2216411984762,1.5096108902801384,20.524130580342796,225.45135668647416,6.255843804367123
7975-12702,153.60576186737632,18.571552477005454,105.08569235948255,1.0306560716996138,,79.4446722966689,1.1973359957829488,24.303216312969923,187.01943188146168,5.4815466524296985
7975-12704,234.00474539198393,6.834218463066915,130.6095620275923,1.6005493841757352,9.50806091905257,129.42848275783382,0.7926049894884404,50.109085660372315,286.4642474049826,9.225439162520242
7975-12705,13.573557007456632,2.0433059169766348,57.12160838010002,1.902362552754545,0.8286761840876895,28.82488284855477,1.185506571632252,15.975381517955721,79.94634854105243,2.7978614062067697
7975-1902,120.87725946880656,2.2973398468851873,91.60936637723538,1.8364092871523403,2.676805143765101,60.343637133704206,1.7379378647143442,12.495473480253292,173.27136364153463,1.4888974883916504
7975-3701,44.15435710593199,4.219636555467075,51.08516033929686,1.1328230991690353,2.2984861313691916,39.21681875242575,0.8587789367965022,12.129134197560456,70.04233327837392,2.079451512390035
7975-6102,72.58748829679551,2.51704789558285,75.73661057260833,2.0429379919515567,2.605362629515941,37.39481806774664,2.0681177080373843,25.66726816586891,130.33535824476053,2.896479639438208
7975-6104,47.440703827021764,3.637467292895288,111.90214728029835,1.250951940149392,3.26933975489762,40.36569465989945,1.4917534270704254,13.333148166637496,133.84750228448127,3.54926132374241
7975-9102,27.98622109000382,4.014018673322304,67.00230879969007,1.2513710246615,2.8400620746494742,47.226375242062645,1.0904148180163171,14.422143848067293,80.00637634207098,2.2312531551526376
7977-12703,228.48706436511833,5.827476784347819,75.99920757856998,2.1537783310952276,4.37810442849513,44.8944060182104,2.336223917522405,32.41680877145583,254.25637220241347,2.3051372560986945
7977-12704,28.721726379360298,4.592925979123109,86.62977069546662,1.0864167999056242,8.321477028204809,67.22066186740973,1.7277407837306735,26.27350065035597,94.75330273427357,3.080402972195403
7977-3701,24.096187456476894,3.373920685688723,112.49722631653577,1.2349476792941778,13.69035063795759,74.63239976259956,2.507290396311319,25.60698032285226,127.31717135117745,5.849019428736902
7977-3703,110.36041965202178,1.3869435837067172,57.91452561265839,1.524457061046236,0.5042821438104637,29.144005462219653,1.318937279680607,2.8400294285164085,131.50129992038507,0.5259920071926703
7977-3704,45.186097419383984,2.2703303947922575,74.79138898848133,2.0726571985259383,2.9207433418280337,37.964291466957015,2.557250733147759,10.913571737989015,116.7720577601489,1.6088380127596296
7977-9101,76.78852370776282,1.558592972005729,70.4159531417184,2.0773445304312816,1.8344394024614645,53.66854191261073,4.0,13.396938885602378,127.26663312127037,3.7291530801596258
7977-9102,164.96084796674918,4.089899587634464,91.20603444787004,2.2342117004770854,4.2419200823298375,54.663693787877165,2.237436265905127,22.842179856487746,214.00341672218994,2.258794472492609
7978-12702,121.48765790102377,0.8236934408859806,52.84881288017665,1.2324363038161132,0.5497593534866152,23.039581296136774,1.4517371773628727,6.220263185988678,134.91271974754403,1.668582454362991
7978-12703,46.94487414763581,1.9952172228414626,43.89744958076886,1.148284631854181,2.5851308495057963,21.416779145399683,1.1861551692331973,13.248226356264547,66.45712685520931,2.203966902259808
7978-12704,123.24875428029954,0.7820603541646766,44.58435538206786,1.370530492364012,0.3133224997967654,21.852553188810575,1.6477163466880067,4.863230671248096,133.84523759210686,2.664256506296392
7978-3703,102.74506968058493,1.2718522617887433,43.93142786105395,1.6841546282771205,1.2634484648484885,32.27344408197369,0.4991919964926105,8.523319726279144,117.50284187050573,2.935269558162273
7978-6101,106.98184515744039,1.0275641202708576,44.80275920301425,2.1450774713770304,3.744381779114666,54.07406162713417,2.318599040587335,15.084785200868884,125.50259684035449,4.8183419098881295
7978-9101,142.1560667829932,4.045474149453042,107.72801518508184,1.722328505988982,5.025157700697305,72.17847640363917,2.3005225585313673,30.488910941007994,200.49072255944031,5.922545939470083
7978-9102,108.26210898470491,0.8200352452644123,49.72181459497419,1.4461562715822167,0.6686580491827326,21.92142010546211,1.4793481228374543,6.38521788293006,123.67682433595188,1.506862547894681
7979-12701,160.86276903677273,3.5322876196514574,88.30947547024672,1.59282799806391,4.074181806471382,45.4711027027854,2.7381251758284035,32.53957770306751,195.70028278591724,2.7044272951282347
7979-12704,116.12507933440244,1.4154442804700405,66.21618508561795,0.9785203134392377,2.0028734637181302,40.58634947195122,1.151910641779378,17.860750854805733,133.32455792381623,3.3583608500827173
7979-6102,86.06572770168972,1.4356871510841585,75.43720629372834,1.4302105074473654,6.413458489127446,63.51749748937623,1.4222870153358111,20.76739903354362,124.68484883214133,5.368202021829678
7979-6103,2.6694007571578253,2.045185717044564,44.493041352931456,0.6033428613780374,4.483880793153531,25.64563904715217,0.718770805614517,11.671489481716131,34.66297403294631,4.0655633820523915
7979-9101,128.53852252053153,4.706699207220011,103.18851454558111,2.1024685738370654,3.6475144375080624,47.51648864119716,4.0,23.14759940356663,197.25354963998288,4.039547548349632
7979-9102,30.676890122160145,3.5062789161469783,89.73909797455629,2.620384818235646,2.4071018695793165,36.94344082482274,2.5266003306661773,13.501770979972955,148.46988757774432,7.228118721322022
7980-1902,127.30553382639242,1.567486804795186,85.32320754527888,2.1377756851164724,5.647908491980213,83.04299299411213,1.1159008969418804,17.087935507127696,178.2408827285812,6.464630290971668
7980-6102,73.83907358718517,2.118593700729394,80.2802371357765,1.8659619933197882,12.42268192733733,84.14128979271845,2.512926633720801,22.08116234271463,132.20506034147888,6.494765673248992
7981-12703,39.96565627948061,6.441746074271132,70.8239781447699,1.4287354104710461,5.481770609963851,41.74583837725787,1.269241612749578,27.165157079311506,93.61539277361001,1.5430238674023269
7981-12704,83.45978686568805,4.812732942077017,65.21223056708229,1.1271220876217947,2.5835003541016714,34.25400438663843,0.8351387161185884,11.134555995816022,108.43788489392736,1.8410434508257576
7981-6101,31.662980839252892,4.065207356193029,80.56210716657372,1.1042635454757899,1.4124315734899426,32.001431718007936,1.318160011441957,10.955578257461815,90.38525469978993,2.6495668183260284
7981-6102,102.21072223127653,9.796864877268558,121.8165963163186,1.5616643840184148,9.227826301446763,54.162822087567996,0.8191672719267389,25.847565590048383,183.36033295171532,2.5058970071115607
7981-9101,30.297091439892004,4.445298855826905,173.0090745714042,0.0,0.6002135785689708,20.732376351418004,0.8825179515359913,6.57520982116589,30.297091439892004,2.7900676899852126
7981-9102,120.25216879293733,4.678019037952596,87.75280658761919,3.841796086482982,4.3685020718045235,80.88122899568117,3.9886285314075653,20.287993569185637,209.8679261060221,3.5658213507372785
7990-12702,119.74291956619346,3.364641279697601,99.91879487137221,1.6859253153475913,5.4810745229626985,41.88852582505692,0.8401950536192699,10.788713554489743,176.5509838566342,5.44089101304908
7990-12704,115.45079463346342,0.7358832203085327,52.8734691540932,2.1258466454119116,0.6563461844131914,23.244982450630225,3.2777869820966536,10.939163370460566,138.82330789498124,3.1798890426093864
7990-1902,48.200708837029715,2.530307484612711,134.91484714660936,1.7207913610031218,3.1272010122251026,80.79161487384664,1.6066510836923449,10.915427677529546,183.42622545491488,0.8330955144730096
7990-3701,86.96043612134969,1.496402217047261,117.68278327002864,1.3422066502816654,4.257815837710421,70.78559973800517,1.507292753096178,17.074115948140367,161.711644895967,7.161320967187207
7990-3702,113.7445791645188,4.154984059004827,68.58216144674867,1.1007220488531628,2.751922903884077,43.40535393940351,1.3277727121142073,11.482134913266332,134.5923088848871,3.914766988520475
7990-3703,80.79920664449482,1.1205368737786419,73.15271974169039,1.253117429992511,1.0573559757712436,41.77649676000433,1.5730109698313255,5.680530600282142,115.0406218173373,0.286354093232149
7990-6102,29.530922432760022,5.3090869684219415,51.66281882697627,0.556656293411375,4.763136677743369,36.22900142275206,1.1239539016081759,10.438865860820735,48.55735892445414,5.733308381429786
7990-6104,21.816112302630415,1.7512825862163182,51.037222129040494,1.2517499264031544,0.7273900745864641,27.988267964637018,1.9870923787725614,4.030632955206002,61.126904994298336,0.6947232654589865
7990-9101,70.54006760535239,1.9891391040191637,58.347195039138946,1.3334208130029217,3.167037422575089,40.02045365148281,2.091114663943059,15.86229151557833,97.54687340818587,3.4480108690909557
7991-12701,172.45749504685398,1.1427484083531856,57.86680437375985,1.662002036819608,1.3425468731918475,32.42799569428437,1.39523574253814,10.766079632723555,187.90133808133191,0.7070086416113815
7991-12703,5.052881925252494,4.1201888340194355,71.89663578043128,1.6711228817549544,7.6637369991434765,60.66528710780971,1.8593214692509408,30.97424649741519,93.07941097965265,3.124335865368342
7991-12704,121.12757578550519,1.095387349870217,53.04763822391733,1.001857185245848,0.40400429788984904,21.176286231558322,1.0391110446000262,5.784772217383507,132.25417858244745,2.5216717329612366
7991-12705,223.01578159138842,4.340610437115854,90.69102389630666,2.1999075774674526,3.447299119548389,42.15567746212854,2.6432614204199147,25.679823237821648,260.44188347892907,5.112022931465928
7991-3702,65.02281975824421,2.4888800847969743,72.67746988207477,1.8828736415523517,3.963824181167109,69.69432461503193,1.8933797243648982,14.404581220363374,119.05180892172186,5.41113682874762
7991-3704,137.34997367403037,2.9267365366523785,116.92061540692242,1.879469338139634,4.845694032605263,60.48907979242317,1.7826127310762212,24.33144153768596,211.08806188339727,4.073288919293827
7991-6104,71.88926555089128,1.9285459714816413,102.19639135161887,1.2195610509397228,4.483054033117071,125.60129067249804,1.5672805455746488,15.675941076382667,133.81063861654675,6.328214168135288
7992-1901,59.11144550526817,1.3685878690387074,47.569010452458485,0.9836723558558953,1.1197442378329578,29.74223615124695,1.0582696724691634,4.376907098325542,75.6308625917247,1.025737751607588
7992-1902,,,,1.178,,,1.178,11.304434625099574,,1.8096660310709998
7992-3701,59.14082631340842,2.1376220808081388,99.52090105436324,1.6811964113211566,10.883137408742643,122.82991016051659,3.5250702639097042,22.373457830011642,141.94680503411337,10.458174218631964
7992-3703,119.15762664804814,3.8841860341304018,120.58160398239534,1.3352323470294145,2.6730271950334563,39.70084180164116,2.78834042457932,14.460287880096075,183.3377096881182,6.510939704352504
7992-3704,,,,1.329207359367077,3.9225931284186775,40.30128490493414,1.1968586403150725,11.145637185867052,,2.5080317607239686
7992-6102,1.6053822018194372,1.7295462381078985,61.93530227860332,1.2164382133336153,1.3079222713746053,39.8802923206631,1.302045500393652,10.985433854221535,68.32870508821546,0.7655370309453471
7992-6104,104.32582222972825,0.8184376281779401,59.284743506965505,2.0093098911883454,1.1187700533156701,50.45163040228654,1.7343688403614932,10.339424005497872,133.96253246788865,3.0687695547479574
7992-9102,69.13587754585095,4.85198127926019,89.86261037381126,2.3761061302452164,5.596813280637369,52.103927127473796,4.0,27.42924684981573,154.81444587066707,5.71314455695947
7993-12702,87.96701813929818,0.7111797205746381,59.245144622347524,2.1674259895170103,0.5200438569746635,19.380913663552256,2.627680562177013,8.746254157063417,123.87830187987663,4.696443297916663
7993-12704,37.03889928002039,1.2797870930493331,81.31684972587118,3.3757505714951597,2.6500620282282856,33.17477175999768,4.0,17.466845484638807,153.92788758995715,6.401554653357685
7993-12705,55.182005264778205,7.611764125503426,98.95998179010374,1.4395183973540335,7.714085341185387,41.49968216275965,1.5726262844980043,15.1801785433102,130.92887247226895,3.4286049939516356
7993-3701,125.8657799860434,3.3078268075778303,105.73845116452448,1.5773848335624576,5.251759445061788,62.08424839340792,2.5669787523344816,33.31283876843339,182.97085854189947,5.440984834571031
7993-3704,114.04378616615449,1.1266311977435843,70.73801049423096,1.525639927895785,1.1810964926520975,31.257436571289922,1.6718982624667107,6.506293140455573,143.66656925977605,0.4844449346991342
7993-6103,148.21796309012723,2.0036297353869554,72.81508697323989,2.100371593221073,14.60086220683287,109.35186912704796,2.410104930763057,44.23300089576603,181.94727877735872,8.361931504564001
7993-9101,46.18416115909449,3.7170039821738605,151.9846056824578,1.686704549926044,2.6698256389955235,97.99799610145118,1.1135487859414828,17.073783910906336,202.7182909874934,7.725113254272009
8075-12701,155.3104392166228,1.8670045740199748,64.05883670804653,1.7924445607710542,1.9094281756531113,32.633229760401534,1.8521721607383066,16.48962309852653,177.41671491819505,0.5895213342494551
8075-12702,47.51487974018932,43.50104475997755,265.4280039504149,1.1488334355694148,193.66150696178994,481.48162298665426,4.0,405.87397063566993,288.43596523879563,9.809899991813525
8075-12703,17.364511376238276,8.639862592560489,64.43836282322258,0.8373805407760906,3.7464392651897356,45.528511261182175,1.2270058652720552,10.828937245545081,61.47018508825269,3.957675232681899
8075-12705,47.08542739552967,0.7995276473252888,42.43780255029883,2.001368292255691,0.5991679740201916,22.256932081122937,2.0128551486072412,15.092131226001536,76.29833479789427,4.924372647891576
8075-1901,19.817618746484456,2.773331786925023,49.76235926041654,0.9578614124031328,1.7965158018275118,50.6791633724648,1.3617649955805264,4.3854191052142575,52.58025245057501,3.174859107032375
8075-1902,192.9919450891228,4.799162844780309,109.98619233330295,0.8822256233621457,4.461231445966998,47.03052350816381,1.5405499561077178,11.140155410560649,218.90212688583853,1.031756123866698
8075-3702,63.311470839093296,11.631531245760346,120.21682078966498,1.2265647853793216,16.100771541831588,67.31275449126122,1.3172661857217167,31.11786342096507,147.4271333591723,4.125048663153697
8075-3703,88.7939619469936,0.8810794762837786,60.68897920726947,1.2205313750315199,1.7147283558660302,30.359871615571194,1.8585658131534721,8.249881076013438,111.26441701625866,0.5204960915211808
8075-3704,60.301868993317605,2.408669582430949,50.68805087988611,1.0360475012564563,9.053569066040813,62.40957135444563,0.0,17.472364041188648,79.36126244030058,5.19863569493308
8075-6101,39.02517685601714,2.4079521465774443,43.59834843859004,1.7772956473833954,1.955577080820054,57.11847121718636,1.2728979109939353,13.693462497435325,70.00911660673816,4.794411581924656
8075-9102,230.22528163118596,2.9948182598529383,103.94454222783698,1.7018560657096908,1.513566177130613,41.195453083724615,2.2117450317115113,7.109765939208694,267.19155949372004,5.687068787883545
8077-12703,19.792289469838032,6.38509581935229,112.38592715257224,1.5338986189342805,7.581953238654078,60.35759045780766,0.8140979810317379,18.67096415486546,140.59085829872666,4.446856960352735
8077-12704,145.82525838757576,1.1703872001971956,43.460992053345244,1.5418093126402397,0.44928888137695255,18.348008068631156,1.333381156250005,5.761334482130391,155.49040027201997,2.8708305104184557
8077-12705,132.70451033122305,1.2611732710930266,59.74608694905528,2.0188520256391174,1.0809350853221178,24.43726736347478,2.1420045591126144,10.612127843380865,157.53403114369226,3.8488147875619343
8077-6102,55.246652202743014,5.1543605665003795,52.55127800386471,1.33539027924972,2.9337268728222705,50.74025876432894,0.8591423515233845,17.786142509239248,82.09784128491196,5.113699648337512
8077-6103,88.3892336715596,3.088991324160968,97.39207993004402,1.2229889688748028,3.3217443642055664,49.80549804473929,2.668014534559672,12.367791941726896,139.33044416963634,2.9764166552051003
8077-9101,13.085556166577172,4.02064720679954,93.03139946237182,1.3825006083354459,5.273379614234642,56.42120495147178,1.5089880172333645,12.8455628835423,110.1660343437577,3.6635461146669046
8078-12701,177.95979162175124,2.2195499821731532,82.05670255592725,1.6971952452670784,2.4151345128454857,32.672557453289514,2.2277222647427353,26.8509906081228,207.5991722300078,1.0516650013108797
8078-12702,89.1310176206088,3.889493602776219,47.10236009548005,1.2659456377217106,1.9747248573409881,27.036620689001317,0.8508453366945814,10.388554656401661,103.6967030218786,2.361689120244982
8078-12703,252.19042404028437,0.8366775682277057,53.32380957983095,2.3401546966185425,0.7608756785564434,25.84358830895424,3.032069412676889,8.56488484561471,265.0548489082716,1.2587885287515868
8078-12704,0.17892304419095456,5.674744277839911,49.577944665861224,1.1834892635308638,3.306416412372519,31.074680552192074,1.2274680397357294,14.032536994011688,53.93529635037659,1.4711921730664428
8078-12705,28.128567316704885,0.7820218610032251,21.64139792658182,0.7164485378043086,0.389096648911833,16.915736461867034,1.5283939565689355,5.108845984051734,33.567321112011896,1.9689031313991308
8078-3701,61.12788686763442,1.3672530698881171,59.06349454401083,1.0228004459770674,0.8993717223970684,24.485744584321395,1.7305457300435387,4.977524779423,85.46726984104973,1.088358187906179
8078-3704,99.0394901835987,1.356621813128363,38.19972327517525,0.5273215723266538,0.7277956597665673,23.097000426217214,1.6050547076008677,3.616231069007746,102.8508541459651,0.7609530000014166
8078-6103,150.70204236729143,1.2682385931089528,72.15834918553591,1.8760404451066428,1.694810481986715,35.396684814149,1.9944198580163177,10.810085783032111,180.22021053820117,0.5433639936500811
8078-9101,25.37268862511485,2.1325917980145954,54.822890300465396,1.0193758565119864,1.627723158511474,32.7189389900741,1.0517306044717798,10.783616366492291,60.8897176948438,1.2193079875058883
8078-9102,9.099423069768363,2.7002296376199184,95.44364992920845,1.6713201738491197,4.769500948754857,53.54163609109184,1.6767407762615458,27.611948385498625,123.72418693130543,2.360721338422613
8079-12701,87.02454909944592,1.5385876259126896,73.20995887326207,1.2263337431414085,0.7759758555381918,39.19551857370273,1.1006554254694403,14.256593783866219,118.937171449211,4.0744947054003955
8079-12702,88.72351139169152,2.94409551808596,65.23226348883864,1.2262108921868318,2.646506370895579,28.700767397788624,1.424448489530615,19.071177208322105,114.41019694642402,1.4954456623370627
8079-12703,29.855495028157595,3.310270110955682,44.18426279801477,1.164210671257926,2.5795231351776344,25.067271149792386,1.0794415867499931,15.39580341484572,56.25104260461574,2.27913147675436
8079-12704,153.64906783854613,1.3033523393126198,61.17736411358396,1.9220669563449242,1.4965895643926899,28.664086651250585,2.9572355062772058,17.6932657489063,175.50412574150647,3.8052768024065537
8079-12705,156.74339850326282,2.6571756602710916,104.60485076904297,1.6570140527655304,2.58389107685174,67.18576753843215,1.3014211528940283,18.835504654098237,206.63937280461136,4.896258941601086
8079-9101,145.48516458974998,1.2876018751272966,71.79690056371376,2.0633168849370103,2.2419562778925726,60.84492975434023,2.9542909998414415,31.537853045772284,178.3308961854623,7.89712478847035
8080-12701,183.6110226905586,1.2380890655589178,51.32472313358326,0.34967342095800835,0.37907629696008205,21.21158501211364,1.4768998517116072,5.059154847970728,186.10246342199383,1.357571508840938
8080-12702,47.64658922534746,1.8192514845985728,127.82690864042799,1.0760102618006908,8.919348364928153,58.78708584599246,1.0356420142611402,23.48716640840047,140.89677896895955,3.820285664958827
8080-12703,152.46315119853227,0.9378354798625734,56.28340864888073,2.0552070339127058,1.0637926552765082,31.497112330744407,1.8209572981386337,10.45013826703513,172.4979498810485,0.632817993900924
8080-12704,32.83578869344667,1.6437808039752337,65.45370639892857,0.29161285180415564,1.765560168045038,37.23153380403477,0.891284489891875,15.414889638598131,48.2443075040514,3.2806303306045494
8080-3701,48.24620569172987,2.461377881809198,66.67806438828622,1.2910930535519132,1.083343726871488,37.67040559272337,1.2967619480671349,4.426710773264485,89.8212110234527,3.1735595642207066
8080-3702,21.187584398278737,1.4273500587157995,65.1765266847784,1.632235343107117,5.0777234159808,95.92085028361677,1.5818247045151748,24.529121547240422,85.92215210670751,9.427766729084187
8080-3703,14.337876935328723,2.3290184280213757,81.47950615834321,1.5542238445963084,1.6173380791334628,36.17734100829381,1.2121748062723572,6.646532351992671,102.58619215431136,0.5030952455807041
8080-6101,98.7978797422203,1.4923078376312018,57.15024650744859,1.5769623965614796,0.9258377665740313,28.38299630928031,1.2604434661775876,5.269531020008207,122.11313540687046,1.3048006713696785
8080-6103,119.89572977435277,3.212471862711153,94.79626960557874,2.2916256652972082,4.483951820076239,59.51273184415898,2.623563390506458,16.488986332984247,186.99811962073488,2.3012198327243043
8080-6104,81.02247161344219,1.3945781917825235,83.78792247421926,1.6505070565761586,1.452215598284261,28.05241915401202,1.7315023115984887,7.714513805937079,134.7289388963176,1.2029291047903135
8080-9101,34.927278121127955,4.504237390364358,67.2842788696289,1.4083078534713658,2.5462831053458137,40.02584676590138,1.2155341777159225,20.878519250056264,87.15256572764093,2.4425343923062353
8080-9102,93.06739528882778,3.6791802478697826,115.8184093999134,1.5172028955836705,5.826645768133919,77.82924516483867,1.2469962212586032,17.901599189209072,170.3324807218489,4.3079497455672575
8081-12703,118.15720318086089,1.2053118940490748,62.137251132162845,1.5386901234793298,1.9044971054199742,62.65088117610552,2.0906001753418915,14.067561963461483,141.07468116941737,5.38152744957702
8081-12704,19.20671293136066,6.490553285300718,68.09383333237871,1.5926798114965983,2.7083594792722097,30.27215653742605,0.8471494990020674,13.897632160699965,88.05559613566746,2.34933651671477
8081-1901,70.13880810817827,2.640335639053113,75.76978809619565,1.1289839552200618,2.544012520175209,57.033609853309116,0.9290784908889125,9.1430615987775,106.7755492544602,1.5519618742505878
8081-3703,5.890689625081876,2.1690193419403636,50.45367769401748,1.379581497816816,1.8440487570259059,37.108231454267894,0.6022231071814752,10.28929439374198,59.552719957097366,2.3593708704809004
8081-6101,94.61207559202852,1.787977621156092,50.04364390427374,0.8385562426893975,2.4874415561992005,35.79676784353893,2.1149609567941643,8.569202136624714,105.12609970253574,2.6504479623563326
8081-6102,180.6652329570212,3.2518689829593215,81.42196815029789,2.2339504171302753,3.121157655522069,75.80014202920944,3.2261128890291486,17.783763505921105,217.8301703550135,6.044162525116611
8081-6103,69.4902960743972,2.370084105559839,44.897638688093835,1.264734806529063,1.6319627868861841,29.457657305991717,2.1812096475884903,6.281029826260924,85.89732877775943,4.016127082545178
8081-6104,24.99228257220626,3.5271172522360725,113.38216652871789,2.191002422759439,29.042571772537467,186.77718098406064,2.522414513963739,44.164766160641385,169.6793452475913,11.266824723697738
8081-9101,109.55437035966837,2.1544737045479603,104.92676844427137,1.68342238310868,2.586826091385488,69.55622762860867,1.2356340289122874,21.211203504050456,174.7455640130046,3.617175378682487
8081-9102,140.08228059016187,4.244240995580952,89.73747043723985,1.4275082129352472,2.9612075776447453,58.442515143566524,1.072162824384442,19.70780452531476,176.40437320898494,4.3595386402806025
8082-12701,148.97290425932368,0.9330049249951455,59.04373114978519,1.1692785828722834,0.6960327927247623,24.674732530477336,1.8758446234700883,7.0421001335651825,162.07782385757847,1.3734267488906438
8082-12702,132.30127328431422,1.5346523407472674,91.91721798934717,1.6928532774446166,5.335570606542305,67.13971444668563,3.1313311028578656,44.48710816377263,178.34282519627766,4.199574250887579
8082-12703,29.28926671776435,4.1678431058963055,67.53657900811987,1.3802163498091202,5.0751055576376825,49.75078449570663,1.2156880451025551,45.99824306758934,84.57712145153995,3.906918975092595
8082-12704,220.77212406790977,5.510958344723169,131.8883636019758,1.3379872009706246,7.460248064070226,60.30977214044036,2.3461995816192482,36.423284493192334,268.35424956416927,4.000940415996809
8082-3702,46.361614986362305,3.9959965143483003,59.70470699930647,1.2081757978745373,2.268212794313292,27.567267442661866,1.730241498453292,9.093228860415367,80.3500196897676,2.9733213519323085
8082-6103,73.99147218393965,1.2825512208505239,46.13944975825207,1.4686340838929781,0.5043255069127226,21.94186036570065,1.9942708520222068,2.8457406843635438,92.74285901523727,0.8048621456436176
8082-9102,141.30944255310953,5.176525994651173,84.4101185399855,1.610719188359412,5.719441297050225,71.47256733647416,0.8325878442494126,44.52990622148131,177.32693670430072,2.9776603516897744
8083-12701,77.80529547090434,4.668259216805139,67.71926898841659,1.2586679178941813,4.201841447403209,45.068483670183134,1.2021999525627656,11.56728857759122,108.74644105958265,4.143495983440683
8083-12703,1.9531855690717055,1.7529933164913911,77.2153917820873,1.2446736082768097,2.9231831972467566,60.10334922169884,1.2703723198225731,23.8387632022446,86.16744595328076,4.618600278574321
8083-12705,35.936837828340295,1.8715896894746809,61.81870852982027,1.4478596376190387,1.4789112906205082,27.526179772932103,1.4187890646718628,15.756028311416756,82.610703033203,0.6277989571477026
8083-3702,15.574312455581438,2.7215888778891877,53.126884334782574,1.2235912072293247,1.9188907670754884,34.12671538112801,0.678202067155246,5.144761242289995,60.795588589289274,5.304634850479018
8083-3703,51.06433682014222,1.4842216612884482,53.075541524959334,0.8091168588298923,1.303687445503872,33.55801151818316,1.0685223546313356,5.042438493427514,69.90607478784801,1.7198544601583796
8083-6101,22.774169178548995,3.812713672630552,91.22702503457887,1.257003587281808,6.094728151984029,53.7033137169022,1.7371355788743053,13.533809371409323,104.78507454767228,4.738156492538069
8083-6102,117.73987568338343,4.2297983896909725,107.29789548411678,2.0702630188216764,5.25530375416156,49.72012590324783,3.639333322807314,40.57651269349361,194.15787868648425,5.431499221656969
8083-9101,76.2736750386918,4.089616630382914,100.84020904939767,1.7442771865664475,5.743054540494735,49.179630317189,1.710129179145146,55.14837882701215,153.47569266691409,1.9846856290144679
8084-12701,112.28612976962093,2.4118148236717194,63.8619158537717,0.30813534562138045,0.9323058648843502,21.956617375352728,1.3816030179335945,10.557504611600143,117.7491272494601,2.965906579533468
8084-12703,0.9552737153693966,1.0540836875073514,61.184198139188815,1.799138457143366,0.701203577380209,32.58411916778768,2.404817793680651,15.61176997174448,82.073128004325,2.175855800944305
8084-12705,60.143589778367925,5.845057791804268,81.57668978578671,1.5415943028742003,3.7580986225458517,38.763477433919476,1.056222259364232,15.40825061121328,117.79722329417162,1.856937767925642
8084-3701,25.407404668186366,2.0981361505017837,61.04380440045769,0.8614216386341778,0.8683553807866654,32.84576407931124,0.9989127902150876,5.314016115090818,62.092602919961415,2.0401376684487955
8084-3702,69.72349315982086,2.793874251394712,108.88578991116638,1.3912227574553286,3.0609208005178883,67.28948535133526,1.1645494028724688,16.024299324480502,146.1364528161214,1.0406376438707912
8084-6101,98.8059459945479,2.1579122950612843,51.35520878411651,1.5963941942722104,2.494255567126393,35.64436329828155,2.6554479571265746,14.512618320678206,118.20692499183347,2.0878762384470706
8084-6102,47.45799020264741,3.0260616974740073,49.717904705712314,1.0535905476384038,1.0068096592067557,20.97852628220244,1.818086757715129,2.976094407041884,69.68930873513986,2.181028358102376
8084-6103,25.753155813191327,3.674614490884572,85.29056679067148,1.3181801757969318,8.053437364910264,87.00694653344937,2.338799873501416,23.700062871341206,101.25364878526432,4.544930560778656
8084-9102,87.0839892626452,1.4076345269232875,48.15952263453501,1.3796733598125663,0.8135397135191575,20.76637481959773,1.472572156246585,8.331566423319872,103.84388413624204,1.7842399597612584
8085-12701,88.23535560534285,1.433380683084389,62.1579269770547,1.6376331883029458,2.0605635907547963,33.85273040133529,1.5271123216989593,20.35367477949442,118.79667705640115,0.8802631128899994
8085-12704,78.18483240074616,2.917022399884326,62.9057581098657,1.5909309769717992,2.5135485465112795,28.07590416960913,1.468254180062706,20.72187119202394,111.39297877292783,1.4596443412057354
8085-3701,81.6950343038662,1.530752876343615,53.40988934399505,0.8982703068352405,1.2370287511534346,38.91333119929092,1.6629843916800189,4.396351831659523,96.1067070021294,2.9987090795746796
8085-3704,66.67052362268603,0.9810218644402569,68.47034955650372,2.0090893189447216,0.9231746276738689,49.345636582884396,1.7774767609975255,6.637164383828879,117.74527039287698,1.489661979938742
8085-6101,16.875187768577828,2.3798585862211215,249.37146215234966,1.3488038036914096,14.274242322572402,98.7741658021204,2.876672776901275,29.186657216646715,290.1062829917621,9.386867432656196
8085-6104,20.812568809598258,2.4304682885611797,74.8159042930918,1.2937918035492877,1.2967870474671315,43.30289175151985,1.0916203768156771,11.58031205423279,87.6074114222862,5.239883722815646
8086-12701,70.58372553489032,2.5769557086707247,38.130692656362626,1.0020530387205575,1.377849646566106,32.48555155097887,1.6784557047557764,13.206340402218752,80.24336139467648,4.456485308563495
8086-12703,58.88660717083525,6.067680053156488,62.68529361162337,1.640601182253275,4.508975404090402,41.57960397047309,1.1361613070436791,13.398261367530798,99.5705092635441,3.32250373397781
8086-12704,244.02131631374698,5.7878756216303895,157.18951420820167,1.8679522200273921,5.078565581725798,71.4888144283779,2.5907335961059266,30.558322624695883,325.11656566564477,5.1544577284251805
8086-3704,5.462711375899882,3.8912545409624903,70.98015975326607,0.5040703610491479,1.6384312591451946,51.794856239164446,1.5009134824332886,11.285394405904349,50.68964370596402,3.6572291921989435
8086-6103,55.8185664192523,2.98367096400496,42.83117699486987,0.512105978622593,1.6999647002529847,38.645281740231795,1.0599450488997502,7.524097981928941,63.68026188678999,5.248711273879513
8086-9101,223.3927862271517,1.199983709803474,100.94674692034238,1.8394104153549797,1.0836105260015194,47.82702349776928,2.3379047539432385,14.46606253682462,262.0083606286628,3.0358045495830157
8086-9102,62.59026707457478,3.096620278808503,81.80556055286137,2.263516619099293,1.8635301256578967,35.96280279935962,3.728173942731776,27.143661112612552,138.07727430862667,4.224027291135583
8087-12702,16.90257763638179,9.192717356722774,102.65394174021694,1.5458295190080324,10.901809262686715,61.260701804155005,1.5792631117570695,31.584547242387583,128.7454407878971,2.295357746769265
8087-12704,126.74669032589384,1.5028400599946934,55.346286636257176,0.5116014475362163,0.7602109164437838,21.855422928137507,1.1415963862728107,8.341635709690237,132.78504026299126,2.071890008896757
8087-3703,351.693067484752,5.63904969988427,189.2925269317325,1.7550147729992092,3.0961085299935123,60.83007158497354,3.0988585265142303,13.806968044556479,431.94109283331966,6.836663867426106
8087-6101,124.41988328061986,11.475216004240469,173.91090532737275,1.7699582981900042,19.78257981350917,86.3515316307786,1.4076755206720508,55.62643632498204,262.7026862817678,5.559661235099766
8087-9101,226.4640964143346,3.695221219184261,181.63485522773814,1.4806315925329734,2.088010473765159,38.78894206444378,1.92101386004038,13.894928059250937,316.43929988403295,5.042419380763347
8087-9102,29.939545943896505,1.4181813904454892,56.64009275658656,1.762656949876999,0.4490756212709134,19.398450998899015,1.8096676945612886,7.383539888223818,80.93921399215691,3.110874075839713
8088-12703,92.72361653911878,4.502641789945631,69.44462632463934,1.877982201864822,4.277481658567558,36.12615201005731,3.0785865723121315,23.74351395683331,132.86964903630292,5.174860562030254
8088-12704,87.38881738305356,5.277153534691947,73.9501030388417,1.408964919788459,2.956820124986994,40.79132597448603,1.2590623435107045,12.149251885000751,123.86240736492276,3.9923129828887314
8088-12705,30.631825467725907,1.9936376916334122,87.89926213731519,1.5008128380193568,3.4314340920443445,56.19215473558745,1.8029571836614684,24.193481971658258,111.95539009924968,4.405183575567943
8088-3701,7.136991711165896,2.1514647523442383,96.80288936727467,1.8321058468978126,2.901790430634942,81.8095988323812,2.052459374092399,7.607940441219302,131.22207513578292,3.93572111504155
8088-3704,23.374306178509666,4.099440428872967,70.11484178136497,1.1851950430902731,1.4187267483922346,26.653301863101824,1.8886798215086453,7.867305907858179,79.83035086341197,2.3107886097798973
8088-9101,21.512769278946944,2.8630420820381968,40.40109158431384,0.9156552642948694,1.701967453056505,17.989090959278588,2.1021465191555424,8.36147602968651,44.24224112901133,2.0783209529582143
8088-9102,231.0640141941765,2.7225871444882497,65.48099255022387,1.9090389797283018,2.6434779603381116,33.15344178625909,1.7713199132927397,26.939394839119416,248.14528076697007,1.632314463456183
8089-12701,72.51409213428333,1.1705502478462388,49.43451460881499,1.201584736282061,0.40291637512612816,21.154975702215026,1.1505626475339703,5.987655046343302,90.52453685344568,2.223903766554133
8089-12702,67.3889073013517,2.9300452442047566,40.098229465923076,1.7327125843006188,4.204090032512326,18.291232086408037,1.278185428788622,20.44654798456376,85.59928712135215,3.502000794120904
8089-12704,115.6110419984971,2.5728704467511845,67.22832489013672,1.587208613800839,2.3809219593340107,32.09228210247868,1.3533870046635967,14.917123036167666,143.31621241587686,1.6007551118573393
8089-1902,,,,1.178,,,1.178,23.755174621258426,,2.922739098342559
8089-3701,60.33487351666517,2.8257628622870157,171.34358907334948,1.6648029504427528,,,1.178,31.64530515086492,229.16505698545407,8.889574123626907
8089-6102,85.9802473284202,2.3467997362069877,57.80228245911454,1.0625578997548935,2.249884081526203,25.292036934945948,1.9030976261477477,8.001198426798172,104.60745302475678,2.416201298625533
8089-6103,122.55805999064306,2.6403542448843154,106.29548154422179,1.6405336842688083,4.5745477797631295,80.68921397824523,2.2340410916923323,17.74140190280855,183.1841265869511,2.976602109673019
8089-9101,61.942396582746824,2.3601022010756867,72.13649115076394,0.8893708850725708,0.5402054237028435,21.30598271921216,1.5046453802881161,7.065904098690569,92.00465244901056,2.032764037903501
8089-9102,54.44761662447198,1.3122896966092301,54.149971261104,0.24958850851351078,0.7188040297502076,19.97847351295879,0.5341942110970566,6.354597474848052,60.79795407466906,1.8535047664428073
8091-12701,153.7227025081269,3.0727988898652145,63.4247356123395,2.784480261628691,1.8223274299948293,51.34128997477815,3.4788991934907076,19.731993774972608,186.63276750089625,6.068760466188505
8091-12702,248.25103266428854,3.2281146179292968,146.47852660351398,1.680597234770472,15.352261826075003,90.55093186830605,2.1262077922437506,89.28182316451137,312.5498363036871,5.3463647533480145
8091-12703,194.67902030604523,1.6847521147297968,75.68019950437301,1.9036379684396953,1.6423395600318882,38.874713024334,2.103472395604551,46.69440537812833,220.91399529900625,1.8143179744432203
8091-12704,183.64521544428197,1.8662494572850117,43.154328268618876,1.7336172341806444,0.9992172403514431,25.966164047244867,1.7570189607085855,8.358766237507902,192.23442376453644,3.2105118980838534
8091-12705,153.17749809544898,1.2893744122049666,63.407142639160156,2.6075374674578775,0.818429759056738,30.60723351196958,3.2588480411050367,8.567449146877399,184.2467393751317,5.159104046237806
8091-1901,11.802496830378814,1.8788492209519063,45.15907608170094,1.0054611764212669,1.4586263687506462,34.787356371084186,1.093154237848123,5.8914765653190475,46.795066954352926,0.9378381657399959
8091-1902,32.947042934778935,7.47065912909715,92.7993659101142,1.9071745660400858,6.839696544836283,45.79567530479842,1.6600321379342753,22.743217340676203,132.32371444268242,1.2336333849154646
8091-3703,39.4049512965421,6.323230392660199,94.77554836462201,1.7830236196257703,6.150154471722373,52.17140860979312,2.1980892752274213,30.894823986092423,132.54655669662287,4.223909796616081
8091-3704,247.58017519684725,2.270551360844807,115.51944684114436,2.091811484204969,3.152577604347986,53.23779872250295,2.6008318413114333,15.79320987701901,298.6814841461881,2.758995863737301
8091-6101,261.18330741544446,1.4061944972416331,69.11363530668001,2.259649579455371,1.3308825183339943,30.928148671434588,3.390235180108314,12.751023712501736,281.087843891089,1.5550243079421457
8091-6104,14.038389005253947,3.98026335627522,88.27918783053885,2.7820040284554364,,,1.1780000000000002,16.26774271144599,147.91156784262884,7.622655759347164
8091-9101,11.962751147227662,1.4618032425037963,66.78699568744878,2.257037909560138,1.491899504530283,29.07047828662337,4.0,21.088043827073854,101.04766852535236,3.39201676893099
8092-12702,12.44329972114184,1.784025165231583,81.01153099748842,1.9569718979078474,2.72883938741406,57.71032667511907,1.7613427451544879,20.504735455872037,114.00957966808143,3.5396243383652237
8092-3701,30.57296934175631,2.4809401415176486,86.96036720155897,2.237148960471762,3.238269584123339,42.31239244272667,3.64600879364251,10.247221841983492,133.61236032552162,3.9241406205513214
8092-3703,61.09416368290096,3.4274704553060986,49.53500991015883,0.9150468643462215,0.742816785471254,24.298171752012365,1.3203166365296877,4.282883129959808,77.31599493110969,1.2935407494079731
8092-3704,176.68907452877474,2.8076245693019475,114.87091432624285,1.8763306003953142,3.935364430479265,98.40079261395599,2.4104881431537217,13.487038594248594,236.59633304771947,3.447218274842096
8093-12701,44.78439190975249,2.4437823389856206,49.67120200234605,1.1971543293304243,1.37606205373995,26.09294234469305,0.9418568760337014,9.65734750834012,70.42226075271586,2.600279631056594
8093-12703,113.50977057899662,0.7799222849242116,54.263348209916614,2.7922767534292623,1.821346549031522,34.848387483883315,3.4920293550964194,16.56575029588819,145.2802722939081,6.543033419840817
8093-12704,134.6056617412101,1.5587552556350284,78.65081739824502,1.3653868180911073,1.1807717896789576,51.46508441618992,0.9384196120641277,34.37932588877243,162.98742353704478,4.623141990696624
8093-12705,21.01514990081529,1.9728787467298852,60.33922736216535,1.8553624008082377,0.9254173738750614,20.932923206838026,1.3713551346126889,7.858392761044422,84.83325667236397,1.7466580589127894
8093-1902,34.195153754776555,2.204424589006299,57.86902038060401,1.2791995204614701,2.6389615319190582,63.53501685146111,2.176067358894304,12.744320703620927,73.84525699708024,6.006504368273613
8093-3703,22.4776845470164,2.08841006877792,114.18808010086248,2.278831500230549,8.091386420446293,60.58682086048972,2.5293601803647268,19.662911344058912,173.8353892134112,8.126633979135248
8093-3704,61.94068660798,1.0500038232925466,150.6493742191879,1.9616603229096912,10.689622598867073,94.15968659549212,1.884361151960242,46.0812229734998,219.9022251399491,10.888391931953535
8093-6102,153.3128468473556,1.6797481069081592,66.67549250565239,2.0285931534151223,2.2309466091841674,33.81460491686762,2.6984737511659045,7.416110538744609,180.34185854111817,2.337126555549521
8093-9102,8.159069324646453,1.5082536790589671,72.07090633333122,3.182213363534761,1.861678577017838,45.11368067453631,4.0,15.687094280072222,128.82419227684866,6.52754696500724
8095-12701,5.796495275446566,2.6996570922282146,74.74367685630048,0.8383966150725528,1.900520778312351,21.13535539164024,1.751196201550199,15.32950904769145,68.68333373399615,3.4604289418695453
8095-12702,89.21821199051098,3.669599367563193,57.681198751619945,1.6864119636230925,1.8675821048805172,31.36603736848625,1.3177309557256434,19.187185800696984,116.49371436196077,2.049395665376049
8095-12703,7.076123721541291,1.1062674403104178,51.770578781889654,0.5958863528197649,3.1144137545249686,26.29930969248542,0.5233447351438607,12.304702220496106,40.58524184605404,2.3057752792276074
8095-12704,70.24528976598175,2.7157090212213846,52.74542650845992,0.4670456092150045,1.1298873996023617,21.028245238074053,1.9588041231473925,6.946072133043441,78.9541575282305,3.560817234668175
8095-6102,66.6606415792645,2.8778336841946657,68.51162820342284,1.3801053564766281,2.2909890794440706,30.090504927873944,2.066126389481807,10.781272512669815,104.5066470482928,1.8854653490562505
8095-6103,54.67450680267049,2.7348700496346368,36.504739885057404,0.0,3.9364865204940056,28.58868296723806,2.221524930846731,16.13417334731027,54.67450680267049,3.195396228669879
8095-9101,43.0214932556749,1.3782350685869045,43.14557185244477,1.1609127716523302,0.8327698413702646,17.79449350947121,2.032120574719115,8.31161687606316,63.339836382629755,3.7726696630928096
8096-12702,74.1533450245266,1.0606988242339128,43.31794300269428,1.2359158124943361,3.0318696682249535,55.921291646459125,0.0,12.196855915594359,88.4185818651713,3.7670424823188364
8097-12701,,,,1.178,,,1.178,18.11528228965684,,6.2574168446151806
8097-12703,209.58734580956423,2.3840413247867516,94.15924675475642,2.533478745273124,4.9155773747837035,61.39707973557744,3.131980281306423,25.471005000757422,257.65982659123114,8.510332049304298
8097-12704,59.88119982251937,2.502752685527434,44.94735336303711,1.419772297931606,1.8704643643294516,29.090591333569463,1.277398824569385,9.375718730910984,80.33725019769759,1.5202432238661083
8097-1901,118.83812279872983,3.134418421312805,94.15261649752341,1.7436536021391853,4.536039857006996,52.955015856540356,1.5820901148282385,9.766807362534372,171.9868948760728,3.2016525243160183
8097-3703,36.9298464223295,3.5108179735790768,40.94431806988723,0.5521982636724716,1.5873889235615732,23.590513858558474,1.4718814237483036,7.709854392068406,47.84913016919036,1.69643786107132
8097-3704,44.020013474176444,2.6049278397402533,38.642299981947865,1.2843446321283736,1.6227975009771618,35.05148332564441,0.9110697478458927,5.316701266775105,62.09331779735007,4.045143175560352
8097-6101,133.9781641296932,2.6633587636791116,130.88664014329794,1.8452562091359255,5.096302733527505,129.88683069438096,1.3365037979505223,30.72348332035896,222.6248174627337,7.9396386803283825
8097-9102,127.5706626073085,5.043109151573093,126.03826904296875,1.880428392072666,6.003679176265955,61.28237574799841,2.6283035801998036,26.574425541917357,214.8164154287599,6.343911086201283
8131-12701,92.61775200346342,1.3378543427291132,45.275199666900946,1.0772111332032788,0.5304292068322716,21.078177228015107,0.927853195705933,8.966174387466383,103.85645115444693,2.298544584503461
8131-12703,119.121712999559,1.4730183155435128,57.73580973153513,1.123655920673585,0.9657974479852579,30.548852228928048,1.422408507899295,6.115978452591766,133.92387320063364,2.036913272251159
8131-12704,222.6805909118793,1.1188021646705228,72.6849594116211,2.2165836522469404,1.356273155032221,33.723333552056154,2.6041950963779463,18.11665329156005,247.58248328881533,4.792985108100767
8131-3701,103.66824107082525,5.240620991539096,99.06637936831487,2.097408392093869,5.904857171602017,40.20045364101139,2.4222581561291543,19.96775772739919,177.00672184643005,4.126156093217679
8131-6101,62.06377036272048,3.428174991239825,78.5142237781225,1.8362429048154656,3.2918538110489655,44.42000898286345,2.136137498590394,12.624384303711633,123.17223866710728,2.9028197181978843
8131-6104,223.71828336447194,4.4553524765284465,129.94842498798715,1.8336367859838725,10.108551288544968,50.77608226805513,2.090622356099695,41.39867700436064,284.6291424185259,4.748607370737814
8131-9102,0.7659817846192952,1.6769866179487825,74.27674592272075,2.633086230780451,0.9107352169942827,30.59326477693945,4.0,5.641099784540442,120.52972903597446,4.440389030302738
8132-12704,187.54956124035667,1.0141920900529036,79.51413370954384,2.162015437920747,1.0819471340051374,51.811263482237166,2.940144277825355,11.860894498517439,221.00718322098777,4.941479136593264
8132-1902,229.85139445494278,2.4662718535886077,135.2029930759723,2.279951686278196,10.036737935505545,123.28803546707104,3.3950164079863616,18.17774249441477,307.42289578527726,8.796867539489094
8132-3702,20.516497359846934,2.419432634964559,66.2721968837644,1.6859552555810842,1.335809729244492,51.417510618516246,0.8077767542020098,4.02478120902444,88.46269849371376,5.742772620255396
8132-6101,182.3732844006041,3.137149956351847,110.21227350105559,2.6138756017072673,1.4518034850657344,54.943271725385166,4.0,20.12884620720509,254.97077452254086,4.257296294834935
8132-6102,151.19168387934855,1.7940331268468834,57.69503980976093,1.5824675951662877,3.465418244888367,51.742533154672714,0.666508675853491,26.770547392721312,167.70960926329005,4.749219931575186
8132-9101,8.239446846291678,3.0309345439362136,90.85016039376784,0.9174853880690057,2.6903213386392872,48.23578285159667,1.1048827878361664,14.275683452206767,87.41043996034998,2.3777348962568374
8133-12701,,,58.244193330716826,1.8080686749225272,64.31913695459954,35.50427982776925,4.0,153.90798194028164,,4.915837287978755
8133-3701,97.55801863205646,1.3641755399150528,59.00445332160524,2.2320229921348176,2.05073115719561,56.77534007496541,2.116295535568284,5.898894746470798,131.48540599402241,3.0216063878148303
8133-3702,87.68860932019749,1.4405936890801792,218.0016827802919,1.5509649691746183,3.5115367670074806,68.48334374039209,4.0,21.94720100045588,285.3042049021857,5.957959899421617
8133-9101,188.42130824094255,1.64028579242121,109.47487935542293,2.124430238498162,4.54393353208834,66.83161805257271,2.9207761349021504,17.858919131364214,246.90757991913426,3.18928035075578
8134-12701,63.276532646962195,1.3142839839885685,43.8293981230231,1.3907782543262859,0.4469314900906292,16.95264851690942,1.0535747276573753,8.003044665338109,81.7045106300903,3.581877104159858
8134-12702,136.5436598776724,1.2877736288730925,59.91547137660761,1.0305401671611292,1.1372802978789622,23.911215939258256,1.4060776991850021,9.957985659221933,149.47799102499414,1.4070982983117684
8134-12703,71.34202326744823,2.2408875382547424,60.01179427211984,0.8327856632764712,0.779574347837884,26.14346411247134,0.8446432050707711,9.28471837711825,89.9382646020067,4.070822635818821
8134-12704,13.089083054793637,3.190426208714076,79.4533920288086,1.0219161722891341,1.7212570019261662,25.10683461121244,2.085549081216428,13.022014564322955,81.37886041321698,3.4458045041541654
8134-12705,26.252959396522517,1.290987874835861,38.30181909072813,0.9734945997457762,0.9514373789760797,17.692554269818892,1.1645159740895261,10.986440256420751,46.014813079517616,3.6516590426892286
8134-3701,310.1903297157352,27.402538963957845,223.26781288043935,1.6734967745175693,228.83292164411594,136.9326990818164,2.004648081543355,453.97062005947527,423.8388512616975,10.156602634768577
8134-6103,55.73375059895571,2.35786820016004,63.789753503795694,1.0218370465357136,0.7047336008020997,26.015141317214308,1.324575360373508,5.774643095883812,85.23051945743946,0.9585930790433531
8134-9102,49.81214321329166,4.318846301671249,92.67682107766569,1.9684358857159956,4.392113578293598,42.085133288292724,1.512164691854939,52.065920860049914,139.24127254437983,1.8430087597511653
8135-12701,172.60922472728922,1.7096330262348596,54.10103166175604,2.270602401001425,1.0736703544231352,32.556797471200134,2.412453474359932,20.388505873245077,190.8921678185397,3.8629784748732945
8135-12702,3.942601817424961,1.6532187039192252,52.90619267192864,1.2287932102303702,1.2322282473262012,25.734265178328123,1.9935438274389075,8.332245067004227,58.77938797021736,2.732151594459073
8135-12703,163.60194487481908,1.6812248141880526,55.524256492888455,1.8218426396345784,1.359974506074739,27.992635835510853,1.9642783154164336,10.989871708734702,179.95064180890117,3.0014423107711425
8135-12704,73.86224183480437,3.27693435622272,86.0503784191694,2.444412959718383,3.591215349497838,29.43249525385962,2.458276210101819,23.62488810048985,153.47865088169672,4.424067907100138
8135-12705,57.80596435617053,5.056273716934006,53.4844937848341,1.0893996200539635,3.3150175717853547,42.36509477119244,1.5166175103136266,16.501263222724127,80.36078860886768,3.294370535555541
8135-3702,88.39830215011776,2.406525621740908,49.15432018558024,0.9379778883490049,1.2919353647084535,14.219793758903819,2.817213058994736,5.577914882394592,100.4019544877806,1.5749506747740947
8135-3704,53.206034900590005,2.148531290020234,59.29167658129946,0.5943741679631103,1.9758975182822538,29.223084398968552,1.4216328156335574,6.566846613407788,70.14560761750194,0.5599589483011034
8135-6101,34.3583704443674,1.713213970775609,50.40699790017867,1.0632146940002523,0.48741428375218343,18.339602664580283,0.46753620291708164,6.9243235450212826,62.30556225583939,2.59846212939815
8135-6103,48.79015794177516,1.2966277761985787,81.77592743383255,2.4711092789018854,3.8750174065997873,44.14008319612416,3.283339520065849,20.703745350443057,137.49739741272379,3.958833585704826
8135-6104,99.63611490868199,2.759971598858781,111.7396066712466,1.4323412441038725,5.793217678604302,74.24412431094994,2.108414968170869,14.359516553607676,166.76688918422374,5.79060668426834
8135-9102,36.241459690410565,5.263282402761336,83.28812226204978,1.390329205632943,4.13620669456089,44.49083696238236,2.2197650434752245,22.94446133939247,104.6806275849746,4.857565077563931
8137-12701,85.09811875505181,2.549753552214211,53.72498462819944,1.5289690218654162,2.085637932965143,33.45709781379149,1.503158554015012,8.368908660580848,107.95770563671499,2.8291750525824533
8137-12703,166.1117315743735,1.22398227781996,54.660053572837086,1.8223542005876183,0.9864561911534443,27.366379123292184,1.8728892731951312,9.912154371048802,181.76301635159697,1.1247035037038626
8137-12704,62.85852911672551,1.6195400294149533,46.607574462890625,0.9030558491717589,1.163441710676959,25.34371200440187,2.411256090051951,8.68809547163386,76.89520269528825,3.779808211875669
8137-1901,11.467116847980826,1.830347031552984,109.2968639906614,1.584116644935397,4.358275993203559,101.9990631667377,1.8996885941982784,17.84134930168913,138.0400031869559,4.011092427933
8137-3701,191.47742729071282,1.357204277302962,152.56548590025363,1.7361888498913114,3.5241553314606815,66.01783989018945,2.0063798004686975,14.175522781134344,277.6248039963929,5.574003693869443
8137-3704,125.66873228012494,2.4657625397669216,51.59870171112353,1.7156485317307646,3.115601988478746,46.899323908548524,1.679135533092019,11.265448525802203,142.68993504093567,1.8410013301310129
8137-9102,6.279067180684192,1.3388325647959451,65.8252718588252,1.14831541659558,0.8797947889837097,30.788054769457048,2.775602763317833,14.308075141458726,70.81693878533528,2.0895415810031808
8138-12701,63.215741121625534,2.1800610815861408,52.177846286805675,0.09624154443766586,0.9811122049258826,25.209894199188795,1.2028327676276893,8.910380162279868,65.25526944780323,2.7543296136148143
8138-12702,149.74468757179883,1.9216228987876411,69.64254022560672,1.6424427042476117,2.5340950528797577,41.55262783566475,1.8419421389065667,12.801409088089951,174.32571688137028,2.5627313650916426
8138-12704,248.44032566355585,1.3775676423512095,96.5421535838498,1.921048858785951,1.9473778231725967,30.943727517947046,2.29710297551241,22.6889704290864,282.18347759883613,1.0574267255878986
8138-12705,81.11327954578059,9.761316973839552,121.30578017448221,1.5453938619372263,6.454626251544748,47.94560071412837,1.4497686366498201,28.283670208875698,171.23077247595174,2.250268631316181
8138-1901,31.616440463393136,4.38226363649696,76.93027240845407,1.4427907448178645,2.7885921783184364,37.69009056926683,1.2167481586325306,9.51705012351623,97.66483446206234,1.868696484112769
8138-3701,4.823101063898733,3.641374254051582,49.75373388849473,0.8576031696443778,2.058588178428249,20.149647669052584,3.96625200518956,7.863241108190973,46.327123580691584,1.905612792473212
8138-3702,83.36559788407428,1.3498220330847885,69.08577118486717,2.8361386923837935,1.4808933562048563,41.31604693123097,3.4208876130818835,11.069242566362089,143.13025476229652,5.676215144103903
8138-6101,121.96728301427079,2.584894557095155,72.24724273906772,1.6804477896002163,7.823648722340442,79.95277849427032,1.6322683614817,37.478041349985595,153.77708248397957,4.909140852141566
8138-6102,8.022885593222048,3.3027668643206836,130.69114269238992,1.4024265453173357,3.863815788314838,36.303226092840305,1.4416482941192321,24.39070964077902,154.97760225564537,2.8858185636935394
8138-6103,125.2637446978925,2.750166347179884,84.42546064721711,2.012847566030758,3.96735026082551,50.560651965806485,1.65863927042925,16.25289135505242,173.31444143157165,3.029459873792448
8138-9101,54.644399812932754,1.983571919477256,57.091224572193845,1.8093070224730883,2.29111270850027,29.592109331019625,2.130833324182988,17.12592757114195,94.25115423898106,2.0592928464705706
8138-9102,70.18594565989874,1.1124348005954743,85.3893456063514,2.140742121449274,1.3964983671420255,41.21265529662851,3.155809200692632,8.001234033586876,143.30019665872754,3.1891642954371466
8139-12701,30.910764595661615,2.9113321155782144,69.88314171188357,0.7971408692712776,1.8364581594465772,30.899846921509575,0.5795456503076069,12.599254929508215,69.63070558689955,3.1826697316810177
8139-12702,,,31.53076574263941,4.0,2.2593029756233998,31.12521066033266,2.4429948339879575,18.767806771739274,,3.5789440244131185
8139-12705,134.60510684063092,0.9640605371928027,54.04746536569915,0.12068859470719007,0.3865510008063479,20.638026382408512,1.0744222056626191,8.974177635111891,135.90835766318838,2.25701833197121
8139-1902,,,,1.178,2.4390955031341295,39.49937660701835,1.575146926430234,4.9450593157495915,,2.038001017454228
8139-3704,136.2938431587017,4.2752099979001175,145.4896353921605,1.8148587647971994,5.139382289165769,77.12338880973624,2.167178654678028,17.566835169519322,238.72903435958128,2.597486523869301
8139-6101,74.15478120061998,3.904983271264885,79.53839458712673,1.9079514172636447,1.9135395207690453,30.214768352491745,1.1980321146453219,15.571168337452452,132.5492809432363,2.80301773428125
8139-6103,38.7355578768013,1.2575951511948942,71.00102899185046,0.5407474804245131,0.5949974145042016,23.24195113596801,1.568430798719901,6.358239390067839,65.01100295899244,0.9328912777743036
8139-6104,168.37115130232988,3.235975813811524,107.95591321033987,1.5134331322273198,2.5043118800515844,44.044021457035505,1.7287587673425224,19.53766340840607,214.4460760811086,5.173415941143023
8139-9101,58.61992755989252,1.6564235717939675,70.5868206893145,0.3028131188471649,0.7841856724772341,20.752223058560602,1.7157270060269685,6.959716057520032,70.32113513158738,2.4596231641166115
8139-9102,124.40986887784133,3.517999235644887,177.72840639638486,1.557572284712374,8.976214973748768,45.05314177766721,2.1655169100401084,23.167670143111312,254.31762255092423,6.325846805199401
8140-12702,105.01721504235809,1.9132828599459393,61.28092028779609,1.5424706117304905,2.5111484991495865,39.45514975781092,2.2361496333361046,9.657466734332477,129.69631569396975,2.5662175782049244
8140-12703,114.90659547841753,1.6918220069696899,71.22076092269549,1.550235639023212,1.5179521561745322,27.807887615886052,2.0217634388600727,17.340741047188736,145.1445347162503,1.3552816656509499
8140-12704,5.690365137168982,1.981019358481387,73.35833534148634,0.34240515485392975,0.9639651297746913,23.201597335744946,1.541779976570472,11.188479473456443,43.30144210783304,2.6331807414733737
8140-12705,40.426554642483744,2.208372284001789,59.56994597789307,0.0,1.6650671151439396,30.519236831045994,1.90975577133164,7.755866975427802,40.426554642483744,1.902653376193919
8140-1902,,,,1.178,,,1.178,2.1788858756240055,,1.5606565502502308
8140-3701,92.32449276558113,1.4141010535999432,68.58978976748223,1.50308512081285,1.9305395113411414,37.17118295702289,1.625226665519334,8.266356380760685,124.88060293188987,0.31801815005265704
8140-6101,87.44949891458346,1.854632227766541,96.96663498457906,1.2332380876433235,8.934254494437045,54.82239404219091,2.359519730247285,35.01380994729085,138.71903575357928,5.949416850151191
8140-6103,165.51328649010472,1.5812176512332243,98.9075907200053,1.5824666697842886,1.3766669679066554,57.667836692846805,2.4486840401933314,16.685817080163023,207.06391017471628,2.9362185399400165
8140-6104,1.8170632955253687,4.401668344070038,105.07903776421114,1.42969759536704,3.0108408802243147,68.45313300020273,1.3334202225143026,12.999242726143768,125.65610474831084,3.9802295830445398
8140-9101,62.17710136953548,2.974865870938251,56.00749104365683,1.3365056295915483,1.6389716292914756,26.9728434164033,2.0135418174678374,6.8299114815681845,89.76856347397843,4.3693687060505955
8141-12701,142.1480531064695,1.2276602912047914,63.47591932937731,1.6301795825342493,1.1905297629087015,30.09663604692902,2.023559213110149,15.115466372459045,163.6287752203346,0.8361142729627037
8141-12702,62.309234469929535,1.590676218432746,71.36817102075183,1.5641641914463427,2.601996089929586,28.497607968964527,1.7976570203149,23.395003139766164,108.85485455983371,1.2291472274894315
8141-12703,181.26762442973723,0.5764641521087293,116.14114120557312,1.493573765382419,0.7458442869763691,46.04638159657419,1.4192061185956817,11.754755812121862,230.22688096888498,3.279956706196621
8141-12704,131.087368847997,1.2317041073454624,46.32656334885273,1.811495622060609,1.216758090385258,27.609374478608274,2.3337956299151914,7.006492235038188,145.1607400617892,1.731571619578765
8141-12705,142.49091457983525,3.0557511451941894,76.64533950065166,1.7505280112205588,2.3945263504657857,62.26042205492004,1.4216653126466947,11.92302575723085,174.89182845839426,4.784774924939556
8141-3701,48.70423345891887,3.3480683825904722,91.24805625823707,1.6832780360348178,3.458474783036304,60.12111737462347,1.3614600537255166,18.462254387365448,128.01337828934143,1.8334415829616386
8141-3702,56.89224708218833,2.2163142697628238,67.80208307456364,1.1057111074939197,1.1245830974839988,44.871460475739255,0.8776926774067852,6.113893268664387,91.21303171598014,2.1895907643164105
8141-3704,9.245785456485834,1.343075644668887,105.64417576583288,1.7133418830386438,4.281274625987591,103.65063253629498,1.5208027455864612,15.466601980151738,138.5913611262341,5.841025499815828
8141-6103,28.631991230944358,1.6510678040165352,175.89478823213938,1.4889522125862498,9.826813106677886,73.01020655109718,3.1040648745797714,31.78784578535807,216.5327884575931,5.344041051493097
8143-12704,96.02640993218816,2.2050678808318733,68.67055569168542,1.799403269270372,2.6073481975476875,43.44368955650879,0.9729873176580699,39.318154239974305,133.06546820366736,2.308739168210861
8143-12705,83.43181665784017,1.8530080652154073,43.4499837326768,1.345938822082988,1.248074762251041,30.618673943116978,1.4235546909731502,8.00735165679994,97.47752251275843,4.043989192594636
8143-3702,22.03617654361262,1.885334803148057,138.9577041151873,1.0308216673958654,2.1697262424661456,59.929904831396925,2.502805396845587,8.416202151713701,142.79348616608527,3.7338485959195404
8143-6101,331.149016416896,4.7592132198155985,157.12819574920906,1.8388506062810617,9.447986522235205,96.1892779160926,2.5746894741497046,45.88340105507904,393.7760150098395,5.689703048686025
8143-6102,32.74745180052885,2.47962917261535,44.63876668193239,0.920553493235714,0.873414997565812,21.848797645849878,1.1839024602098986,5.123265078860291,53.91389832363074,2.501472135828843
8143-6104,51.17545402614412,2.4585649691683478,188.9820714903671,1.2454257428160764,6.951327586302412,102.4229047129438,1.829527797324363,27.52437631435371,217.02152020725183,7.550375927120575
8143-9101,100.25347897345766,4.330319246225044,87.33792681370356,1.7023413951745843,3.5934640971947878,45.71871674712811,1.1034294262601598,15.109002757574904,151.77639107662992,3.236060724869613
8143-9102,64.580764519969,1.9748984113919656,59.93696594238281,1.1902629611324769,1.7019200631286435,34.48030421126636,1.9581667558694322,13.293076751086321,91.90551279893283,1.833765158189948
8144-12702,146.0047246864719,0.9299445421160645,58.91321276768145,1.0436362899206917,0.6310936946444293,25.167336364248364,1.4718069081960141,6.063099524981204,157.92275848867388,1.728474308358171
8144-3704,102.67331714276547,5.190935202976646,57.85610227680334,1.7634311952351052,6.310577938558918,36.81645384000933,1.121388256919412,9.248149354987898,128.2364756038991,3.8407668664651027
8144-6103,52.64791910320524,1.5365412767368813,75.47641706366949,2.957363018553257,2.9229893068746513,45.025555807289436,2.29954640918895,8.784088013246429,140.06777765884647,5.684030750038774
8144-9101,78.77839838364251,2.8474763243653003,59.753749232408516,1.0590185763325348,1.7667701035883316,31.721297789280115,1.7766484299307175,11.58766159962893,99.93634498271958,1.9923041509787882
8144-9102,59.61690772535871,2.074391359279211,59.83769288948896,1.7418707473853527,2.006111180168751,29.914250964359955,2.2450291054797993,20.82406058320302,98.94963417576206,2.258371458826505
8145-12701,31.231236656579657,4.997709910755677,80.05297060402847,1.6646765214548758,3.4613986556127734,50.44676990690824,1.6224362622669775,12.643350468354216,107.90474122408962,3.5329388472941052
8145-1901,52.186879925218484,1.7070286777018135,68.28772254585196,2.3360449913624337,2.1754538797868976,39.974494233341844,2.256547968297258,8.033869173846787,116.69167033942011,0.9066348369988363
8145-1902,193.88990567998653,2.4660144519882548,113.18797091713013,2.0743585307065247,7.482418016766148,93.1805592631026,1.2891410983609786,29.073881135271392,253.3159580596709,1.7941795984258606
8145-3701,48.254762652751985,1.9744416573647476,60.18503696427815,1.1082944081515573,1.4133238903972811,34.85812472600301,1.0308851172845697,6.287070796393607,79.6431352125961,1.8930317516188344
8145-6101,29.929152885989303,2.7039329897115314,56.66218053735775,1.160590517481095,1.4038481781421563,35.75584952720325,1.2982370752884107,12.252719458209395,67.98491924877064,1.8014802425202032
8145-6103,94.65916466868198,1.5532896021689926,52.18868006284466,1.12782269543147,0.7825050809048872,23.65456337622934,1.1548491740856353,4.6096208839293125,109.69120808537036,1.2424906389845454
8145-6104,64.97076991559247,2.8310934274155106,53.55881812843822,0.14158186826881725,1.5208985139520153,29.384718265838366,1.5213021185722457,7.279613984459806,68.02451901193275,2.1322028291012822
8145-9101,99.53356746437737,2.1400333399047433,65.57885775351154,1.6327659319339638,2.1886919985003983,39.02069546277353,1.7524627764715675,18.58884247761698,130.11065411521867,3.1514656596410062
8145-9102,22.987730279671876,2.2645371690383294,76.19067856335046,0.9421965984934038,0.9484427335038249,24.89441103005593,1.6723084009759153,13.218984407281713,77.44614496826722,2.70845734035512
8146-12701,202.03302014348893,0.8672305664047323,43.148382726867304,1.52495707845112,0.7403480188818277,17.339133605549165,2.347325247776042,10.293696989359901,208.94133216983954,2.1894530562832815
8146-12702,166.5817701493534,2.4787685072415866,82.97362468135162,1.4897446176477935,2.4040903371725983,37.71137738938408,1.8630822387449553,23.83264601060795,194.95080225597013,2.2009001789229434
8146-12703,129.17034465816891,2.053114033162173,74.61205365183352,2.6866370957801298,4.0187847790493585,33.23035381271568,2.697725816122521,17.311987052429636,177.88022737392035,8.247439565458581
8146-1902,81.92127656753728,1.8581055446386021,70.64136467614762,1.6002512323055247,3.532320528726128,55.12161029393296,1.902296634216341,9.039358974069437,121.2298358482899,4.2730369523686305
8146-3701,20.047273158991587,2.7214825407179575,112.48381412138723,1.7453425704762315,8.622492537764012,93.29449452272789,2.196671304559737,14.611189974015248,149.95008935568947,5.438375965215824
8146-3702,229.0526760670751,1.3305576405656734,122.29845158869045,1.9371992859304359,3.4313312442020614,100.50797617364678,2.9628038757374897,16.215113465685352,285.3763238742934,7.8682688510986
8146-6104,194.88262130782613,7.975606540794624,155.46430577902902,2.1051637202754434,9.160649143992014,114.49394089862508,2.316234762556406,30.316046349110422,298.092694642906,8.92459022782293
8146-9101,17.159145921752597,3.4202451816332546,57.64310461534806,0.5604330006717264,0.8372279444706531,22.16593935024792,1.5665272165346278,8.494674435130637,46.43923381621836,2.2726784752350895
8146-9102,133.35242608685974,1.661700976650414,83.6300591548345,2.401954379179243,1.954602187162185,47.0683024504992,3.5204196267732355,11.7046246413018,185.96264880776633,3.1993700591076766
8147-12701,48.339453464528134,1.1554618404637609,49.01543442494674,1.1589675436020777,0.4992546631011378,20.976711606775012,1.5772463532459442,14.730051596023753,71.56212079927784,1.5306188889772514
8147-12703,183.7032973671151,0.42483259540102103,45.94678186199183,1.5486401406230872,0.6062955565624495,26.448679629776347,1.7431366528027539,4.699838337236233,192.39606580854664,0.4597234695207797
8147-12705,149.4568865175695,3.011670941700895,95.0410572779081,1.3489045861718072,2.5280056499936534,52.89528149510254,0.985183972984403,19.71239230513809,185.80029531236838,3.4283772626487705
8147-1902,12.374812316748038,1.3547796328407118,49.361506797616876,1.3847927470335462,2.698011009895449,36.45314672922654,0.9379572073805216,5.94252544323081,59.390776348619596,2.697586961745705
8147-3701,56.38227067980632,1.3980330918657153,53.02877157558852,1.099214744994738,1.0488781806339535,27.907880793708287,0.6361497179277578,6.648880478060638,79.18338175708432,1.3109554008294304
8147-3704,149.72007775389272,0.9681064039927355,84.75462986492803,2.6261267016624417,1.5442949058477413,48.93036637173495,3.1420427571516822,7.499914275328793,203.17598724074884,2.56373126680366
8147-6101,49.69348693153121,1.0796825913349941,41.28428064834968,1.0700153556465126,0.8991051623457352,24.633731300722143,0.9318886173255845,11.364098917570974,65.52227157318359,0.9440455528691127
8147-6104,52.10355885776112,2.5746354096928994,58.98182481582234,0.9007935724420646,1.8207039958990043,28.841485426248063,1.321136236699276,10.4808387828004,76.47556251750416,2.8806252102423753
8147-9101,146.58527979804842,0.9351663728673228,55.0277488398293,1.4149707098425597,0.782607820155107,26.2397928415775,1.5373350146965636,8.3061102205472,160.53613536455157,0.9960385966255956
8147-9102,52.02628253363891,1.0387049309145222,46.68394787799174,0.0,0.6235274748726868,22.23461383559775,1.0062106517811646,3.8622412032616524,52.02628253363891,0.7892492973968633
8148-12703,163.95045926420445,5.613178676292411,109.15808456326933,2.274916449848264,6.764880741571664,66.17437160454365,4.0,41.5682186357266,232.34993317240998,4.7572602044005246
8148-12704,46.43765143155357,1.8313947806504483,54.21494821765823,0.7492324879702663,0.8408291530869073,17.294962762355482,0.7045804745999642,14.08047538879153,66.02003491580497,3.19777743334259
8148-6103,29.65649845678399,3.7764966144568755,55.50687562955727,1.2442306489701396,2.1826545128585733,28.965388829427585,1.3823292641663525,12.912129519939986,68.6512855414195,1.157087169556446
8148-6104,122.42021279218093,2.417505044685021,85.32984608795397,1.1791834050985364,2.3791398176584235,44.57545827679341,1.6944498340887595,15.672281160262097,153.53357362763566,3.5341754928707565
8148-9101,90.12969476651713,1.1691063130436818,69.2667900519394,1.1681455736058075,1.265821396770609,28.799165835574577,1.3539959986343126,15.064257641068304,117.16652144268787,1.083497336943993
8148-9102,24.18685635650002,2.0188988741323053,59.181887225639464,1.3144660043291296,1.8053729348328384,22.157441244176283,1.422216026789533,12.366770298784804,72.03412835404606,1.418285694436106
8149-12702,45.02578177007295,2.476398915737702,50.51192825215105,2.0233631520007753,2.0093884054708955,11.2374030146462,2.8963041300426964,9.325151655255056,84.79292921028076,3.599666100145071
8149-12705,119.1525639936772,1.9313857024224046,202.21109644713158,1.2243278483345625,17.62152658510821,133.96169988366353,4.0,53.166810721596924,253.49413385017817,7.98650905507915
8149-3703,51.43132538855515,1.0052011366628062,51.0219216929554,1.5651070094039663,0.8065346560773513,42.222009645296495,0.2878935960649097,6.549818260429744,81.97270834816187,4.994896548970166
8149-3704,53.01329679872046,0.7962367338393879,60.91324295108696,1.3703517087316073,0.9234762464009847,30.67763417434055,1.4210761375149183,4.685109030662515,88.85378081002412,0.12580434188012923
8149-6102,46.15890818000877,1.8119168303488813,61.52888297266327,1.1057574120166205,1.1428267603559839,26.610307264521097,0.3755157305955964,11.576810278748173,79.4784563163992,2.2505422316227324
8149-6104,53.77164531483046,1.3943026934814764,48.98908051694273,0.6807655762619127,0.38777281790205453,23.868328366731337,1.1599362806166449,4.771722055138717,67.26945500030972,2.0250992969350747
8149-9101,28.69335617100599,1.9163792678064602,52.88750471404002,0.0,0.8958575390753322,25.233157591396022,0.9830577010624215,6.960814060478192,28.69335617100599,3.3406042184971754
8149-9102,74.47536302582093,1.36462385442718,55.37587531151058,1.4278088521534245,1.25674573120065,34.9933679745819,0.6251086036938152,17.008475521004907,99.62398200392175,2.108331960036989
8150-12701,,,,1.178,,,1.178,7.387072020509288,,4.506433926569935
8150-12702,35.92484311461102,0.9990843850291313,26.649947453631817,1.1780000000000002,0.4903033626983756,15.78856261150084,2.0435929645894775,10.72812627158188,46.121937931561696,4.695104049041715
8150-12703,40.77600224881991,2.4000450512630547,66.1503119105872,0.009416394754473867,2.287449167281767,16.916123615876486,1.4017422122930405,43.19783785153113,41.27816880636758,6.452633698369668
8150-12704,14.586154964876345,5.444998152921809,119.01787603642106,1.6293515596908645,12.23947566878628,84.58593530696896,2.0744882825784945,20.086780642174602,152.62023438878418,6.274494089066426
8150-1902,18.02020352574634,2.4278146468142783,59.431987001498996,1.8166088111830119,3.0763474643882716,52.89762343752241,2.2943883955697295,11.694049179062821,82.10531452738577,1.3309864412254886
8150-6101,33.765421066722155,2.4039593197116136,83.31302898748632,1.3800409653571184,2.1609336400002177,33.553720593483604,2.361418394326783,7.154004548695832,103.53285423267194,2.635697598782625
8150-6102,28.193754182356503,3.456967967696468,143.29557652230488,1.4790756421406317,3.802966456753418,63.16475265496488,2.3439178243023413,22.73164353844013,176.53800806358575,4.5955067805055
8150-6104,225.4703697414301,1.5213252731018707,70.02482115084015,2.51251396502058,3.2554816129019226,39.45945058568107,2.43179157539108,21.240753740490323,251.31044247346253,3.2567757913732676
8150-9102,26.90384985170712,7.0256139606055115,95.3758710786391,3.0027584612232694,14.493784664861632,42.838043881689075,1.7867960486744545,53.716032060289365,167.44724538798692,3.2312576365704744
8152-12701,117.34249532120808,1.4422104477235047,52.46691276266649,2.958600074249835,0.42784958277380725,20.924513466440153,0.8578125920264328,5.6429947723459275,148.03252092710622,1.948534622686624
8152-12703,31.457375514464395,1.8410726830129696,59.11911997719136,1.0366629105272955,2.154705941620334,20.230413735431732,2.2192503172737563,14.687779294526901,67.9174224521937,3.199469826428337
8152-12704,44.2004860129755,0.8681994120802567,47.14902653971533,1.0895102658317777,0.39116553367005813,18.903392598692797,1.5428861931770959,7.765610032002582,66.14905695972764,2.4943908632862026
8152-12705,56.62465730110579,2.4141004802403048,51.41693960796775,1.290135504965511,2.164715546310814,27.151539969830537,1.5374124255357597,9.389839244700857,81.3454683103502,2.5579819698040036
8152-1901,44.32527620569778,1.789421268752396,74.47115802760408,1.5896305053983113,2.3124880861280417,52.62019124759392,1.1998890000565692,11.689659051689704,103.83037504436311,1.1048275910829208
8152-3702,80.31231449715777,2.6310678951660877,64.39079176805033,1.6249293827086446,3.7600663991012975,44.68012859814203,1.9160128179570242,11.38685127353674,114.83600447223701,4.957824412825893
8152-3703,33.93302191673229,2.721841726279668,108.78872548580465,1.2556249476869297,3.642346043890912,56.94306880598403,1.5802900013153782,20.436391912278793,126.53756220592676,4.153098658465367
8152-6101,59.88146041300572,2.1934288414391836,35.762025368171024,1.534527610512229,1.5552447570795191,31.034051490972573,2.0705881488291564,8.933733555736495,74.48712053345245,3.2811951604794727
8152-6102,35.32969035981958,6.0977790947807335,127.0672727985847,1.4026424899508125,6.715343704828568,53.44245693981435,0.8069507124104507,35.918675968647335,154.5813101553631,2.064225558884536
8152-6103,101.32701588546712,2.5368620622586158,165.76453246831736,1.6248044707190221,7.620647658445191,64.74739609952695,2.79388639589302,22.136270272566435,234.33596988683868,6.369141514751114
8152-6104,189.66143848947195,1.9479709923948394,129.35759512819072,1.8098335883214185,8.621452033165246,99.49344548604135,1.6046862454860769,25.870561960577664,257.40261817667823,9.359188144600576
8153-12701,50.258414334215615,3.8102288681776244,58.432915023180044,1.0069326738277231,0.9828226482609784,24.950854454619513,1.2484702674329577,9.518818133229951,77.22683943776144,4.635590077541844
8153-12704,24.25379220780256,3.95483911547017,78.71604276957943,0.18128023755493472,0.5666513924585098,23.875002348908147,1.3345616374810279,11.58585294365171,41.37025301075061,2.256226276860771
8153-12705,21.80482329267532,1.3556555383657907,64.0465243305102,1.2346624213932997,1.7671168805111048,21.703609383696712,2.367530647756753,12.553635482141159,74.43106088954316,5.604912811320332
8153-1901,50.68569703419977,1.870052247999767,51.838797608820144,1.107653781196462,1.595487530767687,32.00223073489929,0.9968746269959097,5.812274326464408,74.4687493003432,0.6650633731854344
8153-6102,0.6980674449168472,3.9297593051636692,78.69459802051622,1.2276100717144705,2.7532939313834577,33.59958828022667,1.2919944641482748,12.13818182539141,87.19449384631044,0.9734162159900673
8153-9102,49.10578695147884,1.931839389189011,21.19740969425214,1.3275660629571846,1.445786940958406,26.038960242751237,1.3759913200365543,9.251823264401065,54.844268681076464,3.1734917521696255
8154-12701,96.40751964921887,1.43001408859564,57.85628713839829,1.29515417437972,1.4133255969507634,26.752812815794087,1.8290896162518013,13.75937278610725,116.74649511049296,0.9050497935438603
8154-12702,22.22628697136781,2.547642195397768,251.09413626558907,1.1341362367691292,4.244088428833972,60.35721588623131,0.760111110523028,193.44804036909045,268.32690908149317,6.930116432434766
8154-12705,99.21225312729634,1.661190525796488,67.7116971280087,1.9468364017094757,2.8345073429904146,37.621246267734215,2.4938995283879812,20.9491622113418,137.00025777635082,2.9506789888136375
8154-3701,86.0720734318577,3.4082740468124832,95.8205781528796,1.1091448693627524,5.2479596345840225,77.52027227720973,2.013143784019485,18.031381152328244,132.63524313338172,5.384329369237447
8154-6102,15.354583556291471,1.1963671618191671,61.30577948956443,1.1537529629879375,0.7503931491708793,26.97092959714894,1.4612383000416682,3.344948027988891,67.61676386569384,1.1338340644722686
8154-6103,10.782331440692918,1.108473431592063,158.9747516529278,1.5528940971286938,4.203559530687763,64.85249271737888,2.2316941892778077,21.12346057995561,198.39986689471678,6.4202353291332335
8154-9101,77.82914028374253,1.6546782955407657,63.19150988220329,0.8218968432464424,0.9496137446073935,26.833081231891747,1.272752892052082,6.264430212244549,96.64029368948951,1.991944033844562
8154-9102,167.90843225030696,0.7313267805665516,60.50856116547949,1.429096918877913,0.6026941925169321,23.136436437253717,1.6891378724828896,5.574318029663364,182.82662313181484,0.6104271661987211
8155-12701,81.7306280674021,1.2043573276773134,48.060145341239945,1.5313799966109634,0.49677343136754276,21.62625568322919,2.252158027628303,14.050758218000542,101.07938826461749,2.3060052058317857
8155-12703,54.30335927953917,2.3945887198808142,62.319872661705226,1.1779999999999995,0.4337673929347027,19.661339372147072,0.8140197826080029,8.23981101015384,86.74060064179595,3.3238399935446115
8155-3702,15.360877097982918,1.1098424135948095,149.57330445095354,0.9817864895130874,2.234822505886861,63.34138288124265,2.3660575852813666,8.889268963905172,148.9988393736049,3.6559968945398684
8155-6101,128.00487111616974,1.706439304433759,144.5992764414374,1.659764959768634,30.637497676896054,103.31649915938321,1.6987330819064201,44.195734429313134,226.02918135831212,8.170675299844312
8155-6104,24.726960691052906,2.7201864893465957,48.96696098528811,0.7471019207715108,1.3729491612392815,25.087532947847357,1.660197948690886,8.793796200472798,49.01832441236344,2.057354909243132
8155-9102,32.90111163353619,1.9745047472815767,49.06061393630872,0.7555408764061389,2.1781106482599686,24.489072440101737,1.797805644804039,13.760708646444371,53.86118829835588,2.805477413707574
8156-12701,20.78848669448233,6.836351749616027,119.61257859380736,1.9537335487396605,11.81058543542558,104.5645420022241,1.351488733583461,33.06629000373052,168.47717103365633,7.180113013153907
8156-12705,39.465419504806775,2.781536922462506,80.17087375779184,1.0323321666792276,1.5243584932162968,35.921210353536836,1.0037852532334648,13.578400540228136,90.51352993649947,3.8562253946829204
8156-3701,26.700901765184163,2.1155020014792987,73.51162719726562,1.1424458821462264,0.9216099752195979,29.856304378353002,1.1555227623555848,4.266767941146662,82.985958104744,0.44014753933708617
8156-3702,23.87831828489768,3.4933280309743604,65.8469068415983,1.5240609896379427,1.43953942163804,51.87394382297614,0.8167482898967564,7.726906398443171,84.72438136802313,4.947988168614847
8156-3703,65.25827424697721,2.6114255752089037,52.2327746277393,1.349303503916758,1.5174084283820488,30.499958087181703,1.6783275578829744,3.2131738317028735,89.10609877864142,2.806046056488114
8157-12702,101.72813472213832,0.9860526801697583,53.57460021063542,1.2877002786905876,0.573638474751912,20.439621091152368,1.9155925433959053,6.123462026501321,118.50999701802776,1.372737716266005
8157-12704,90.32793880638823,1.7648644043378512,39.1843886556884,0.6264929374639228,1.393549830924719,15.792613090410399,0.48491397126585745,9.704909835722932,95.50426171642295,2.9296027446709294
8157-12705,175.56830060236547,2.805074780040411,72.33047123032183,2.2279749042849972,1.5337881460637839,31.56757730472109,2.1454254960034307,18.06232860836964,206.10753977382797,5.467835417940704
8157-3701,66.75710791681053,2.5360715647544474,60.014330762351406,1.0148296531994732,2.0307615753609713,36.46402084206649,1.6402447047159487,10.40209758036154,90.06466349940789,3.4977059725837973
8157-3702,60.29027039259266,9.751008045515439,170.13938458895652,1.6283473286814782,9.0814963615143,65.35748955986068,1.937088744820386,68.48387949454619,225.32499807254337,5.2042408698327245
8157-3704,153.31276049203518,7.332465610978653,160.7106562176968,1.096221650755914,5.334277574837502,55.8007639242866,1.411405020262118,19.11284443399554,227.63550287818407,1.7414143829349726
8157-6102,164.746709467132,7.153081774129793,153.74208853739515,1.959722414457489,5.944308446849663,83.45862733206067,1.5618769956352416,24.74408790108115,271.04005511678844,6.482305285416807
8157-6103,29.772328228418473,2.0937971147612697,73.83570185911069,2.0390593072912515,4.334681304118166,47.386679838362255,1.9856364696790476,20.753627900912,109.55707789226602,2.5073733894479147
8157-9101,97.98574630064932,3.032620121647671,64.4685412046726,1.249353553440496,2.6641129071325023,31.514865875673053,1.966650923063158,12.474310642073538,121.62960465231711,2.0048729906873786
8157-9102,87.70509595990254,2.6565301035794966,76.6142354846937,0.26553182540047626,6.715849821758695,24.376767199866237,1.7131699577187507,21.258255798555773,96.1810112269843,2.9061011789925253
8158-12701,184.9661667545306,7.789485822378413,111.91346749164134,1.7009079776538112,6.608094617634922,55.25505954659603,1.8953201997106612,36.2246040339894,235.61773293402766,2.7920927062031358
8158-12702,247.9108795770799,2.4917305389054687,110.03368748357374,2.02263806501823,1.441347600262667,39.65766659792072,2.306673414586285,6.11405067797463,293.1701167647136,3.939590048118406
8158-12705,87.15176091707797,5.505498900864089,96.16568287769948,1.0103960663000497,3.548236719529461,44.49998772617238,1.533495430354963,15.859175323986882,130.1514853434964,5.6318686499161466
8158-3701,171.12459998013824,5.807912889558001,133.61149735614583,1.1769280555257067,4.947914404433845,59.241818075721014,2.051409093559857,25.36386177822763,224.26365352637538,3.304469165292114
8158-6102,154.4214716001976,1.755104579782996,128.62037346357994,1.7667717378615144,3.2780415846909565,59.46638379297041,2.2089921210281647,23.79952564669839,230.37805871043,8.769974458986676
8158-6104,8.087955406335155,4.94344868419008,136.493534781721,1.4871074106802171,1.5730592726865904,86.61134260107232,1.168615020756842,12.011697826095864,166.64617423167894,6.150065225384337
8158-9101,47.10745652624119,2.7485752104184105,51.426881312340086,1.151199867941851,3.747998740492784,27.60088797663055,1.293492617498115,17.41850412571064,72.5514887497196,4.0329505573802855
8158-9102,32.67376954490575,3.131060521989691,45.59342147245324,1.0898784180379504,1.5351874531494072,28.33844305041594,1.5149867219399606,6.553622753645934,57.733620754720135,2.004893321565346
8239-12702,39.24155960306631,10.407406905264546,141.3864319841596,1.4499448087051419,8.47901484968472,71.94208693680352,1.4373257159640025,32.29431082628478,174.71255045261213,3.593682133019484
8239-12704,73.98363627511758,1.7239908192485953,55.813160378116656,1.2070586089387314,0.555091690242478,28.5749363800489,1.1710791530261013,9.999297303937132,96.09212984155194,1.218310947961921
8239-12705,136.2469509205084,2.9343019150924263,46.90009924836881,1.097939340121042,1.1329940363724502,25.012517665297082,1.93035661011056,5.11635294160393,144.83880767367864,2.2382566465221228
8239-6101,,,,1.1779999999999997,,,1.1779999999999997,3.977605638899795,,1.3847900725715963
8239-9101,50.04396611105577,1.6429606485057857,57.73996353149414,1.664690534677419,1.7237377444492645,26.9695862014504,1.3855436756819575,12.446731925169582,89.74584089909855,1.6943909129321644
8239-9102,90.34370312780187,1.4838288330579659,44.228679981388936,1.765463777263582,0.7760506803771501,24.175482392220204,1.5392296291609373,6.499039886369923,107.77542762346174,3.5073686619720923
8240-1901,101.48474374253084,2.1198757826917647,60.94138843385296,1.674867626047143,1.921971184689604,43.763400467496695,2.6822770115218306,6.539644431905262,128.5276821378185,3.689110409860209
8240-3701,115.95366402662846,4.7213883741611165,225.87062738380416,1.5135370901175085,10.278633795821099,126.85229455169451,2.213887470978198,37.252177022675795,301.101630208381,7.255853089945498
8240-6102,35.29236892103699,1.3719721413068173,52.56926609522314,0.33104403415614114,0.582886357995802,15.059633896431206,0.8266132682056035,8.78427841863051,46.48011052997936,1.6810827001934188
8240-6103,11.060455818950501,2.0994839297127026,52.832157702461146,1.8597665444110723,2.8276127804135154,56.75945377669976,0.9106703900193251,20.106492161596172,72.89295345791194,5.717370914655265
8240-6104,75.01437083248092,1.3229713691809732,68.06818844691989,1.3965776506861696,1.340912981549204,27.129406289102818,1.8816876568137526,8.335514891536397,109.99040287443037,0.7940795897647781
8241-12701,63.325446450933825,0.9431691131247827,33.10796004008502,2.0350588805892307,0.7873643015715991,26.325225215831438,1.4519569755145518,10.730692514683502,78.99883252976511,3.474401668819487
8241-12702,74.09625201877724,3.925148771807112,79.0789092894786,1.039911823325181,5.710126389685186,65.89809530353374,1.22598035582085,10.95060074761648,109.51399911831456,6.703794782178038
8241-12703,128.9559804149713,1.916723561300047,70.57525569635663,1.2295736186550128,1.5286976142941682,39.830750950205704,1.7738249592953061,15.074879029278819,150.84424814212227,2.0321985353289858
8241-12704,40.26275602925594,1.753959491584217,42.01357335436357,0.8477650514746782,2.9560643699093414,15.575499595344604,1.4171978132526202,16.239619763953193,55.83470085314523,1.3613254544942517
8241-9101,162.49521673065624,2.170795004390796,97.35029964951529,2.1725604960721046,2.161362488892623,63.57384684836116,3.0038534749776318,15.15465300359875,216.78151885119019,3.8677159641357064
8241-9102,183.761050534205,3.0715519810927883,134.693672318554,1.7708820316069578,3.1705595212581463,117.98969787618572,2.315376013176647,17.97086457157864,256.70245020773524,8.61144826308805
8243-12701,221.4179224403543,1.8186469620914372,80.47409614082943,1.8969355648131963,1.9989379959682132,31.28786036495698,1.834726193958085,22.813650225123585,247.60977996500475,1.5609675049781695
8243-12704,91.15849075824967,1.035075331734133,44.33260013845839,1.3760483611899055,1.0644605710498507,19.916341191955354,1.618813366862283,12.57771199978014,104.94916668568706,1.4100143773949898
8243-12705,122.04531267146908,1.7792805800690012,63.802224571944535,1.0619373030243284,1.5333181518161163,27.597345739184977,1.9633142646330648,10.50462911705289,138.6286834052428,2.0798975083255193
8243-9101,30.618382043806385,2.158710438429076,62.92304611206055,1.6188277314027446,2.8724757927922155,34.28938003192032,1.446917630016761,11.982368276083598,85.71420950103919,2.6921223490193458
8244-12703,8.721009594125048,1.8680135868287793,55.1407718310817,1.2250296122710145,1.0489187543610523,26.506233377183218,1.0081810482706806,11.90189859578346,61.65033920666322,2.808065615158368
8244-12704,206.9948834640203,3.739135014970712,129.65785488518867,1.64177517163614,3.924705480775607,63.40012558279536,1.9522710807124017,34.502614851788586,265.41858597378905,2.8947456199480888
8244-12705,108.56604556093491,1.2139176388130597,47.56972786506577,2.0138530950849853,1.494022761040722,37.90378098539476,1.6533477108448604,11.663935316010765,127.84245048156534,4.801128839651893
8244-1902,10.536930149015344,3.302520665912155,85.22515489982612,1.1805060062055035,3.6220865628036765,57.87995718598332,1.2593110650353405,11.857681213357475,93.19564409455565,4.417521805946925
8244-3702,79.65398483413574,1.042292442368726,53.38748641332225,1.9330273176860722,1.570626456642371,36.46010358588016,1.5905826180215943,7.237926264829115,108.8775348006548,1.1821496135877785
8244-6101,186.72893638835376,1.4163470295777607,74.39344895373108,2.133120192356823,1.9661533320334934,38.02708506854907,2.2527075009086497,8.877970737847571,216.0398218104173,0.9760348157629235
8244-6102,120.30325220273306,1.1349820877857069,86.01024935031599,1.548132293299918,1.8123345433865088,44.18318551304124,1.5312942515978394,14.538268384287116,161.01424868211714,3.6510582217992664
8245-12701,28.53491743141857,7.688044391243642,62.08034363357646,1.5223849021736204,4.85750156673468,27.725931325413384,0.9122952093280601,15.250034917523365,81.74023386207863,2.080086985009451
8245-12702,180.56037423592323,1.3665060391295887,87.64579286357127,2.828447869359347,1.5785837506680793,36.95705491156161,3.2482793055026393,17.593069007754707,233.0870592273383,3.5808787675660514
8245-12703,139.73054439071092,2.7220658231702495,73.90526283004056,2.14360274767607,1.9998026366059398,36.07360267611555,1.8841236881114343,17.06912388331803,176.72848454665058,1.454697447192136
8245-12705,205.8542007848458,3.106187865354165,195.0092680153269,1.5598479307525683,3.471568168100309,104.34009017413479,0.9642149138965552,23.624341601142454,318.89623358152966,9.210783515964465
8245-1902,100.78564287355476,1.7681073886365803,79.2352141657394,1.7735201906597808,3.7047740188923313,46.12510886947391,2.217185865084471,16.030693397942265,145.91879336803345,1.3106588606177465
8245-6101,,,,1.178,7.059892393940322,30.592849149537077,1.454469961219438,37.365226825669325,,2.228226389230396
8245-6102,61.826940229899265,1.335547878915096,60.69037063457815,2.0570688957181105,0.9801605210484531,34.857749630913695,2.489117820567663,5.7728485632795,106.76804662805395,2.342255061556242
8245-9101,19.331904771060298,1.554394814763128,56.73979131427981,1.0185000055340083,0.8347580155302077,24.074834010954575,1.4188821353280776,8.636356164814938,60.437450730252955,2.4495481817610747
8247-12701,34.50893387827079,2.1582816405902925,39.16491816346453,1.0013239604180508,1.0520654794451323,21.025855967199192,0.9030578425316405,10.67050947939799,52.218657038362075,2.7513557768840844
8247-12702,147.32266003555083,1.4567794707042088,49.60985816394025,1.3124513214218814,1.4100285539112407,29.955087476518823,1.7828991027806604,7.612542040023368,157.90531978292879,1.741302898169407
8247-12703,176.9388799842991,1.0887403907916136,63.147942085602836,1.8272538511559384,1.297531929645745,41.488910645549765,2.10142619009586,8.30373654146435,196.4531472747141,3.0591366078179565
8247-3701,5.345823939403524,0.775317472037796,65.81482782022866,2.229376613922306,0.5661338632844213,19.565264775906705,3.2127003487370103,2.283264088710502,98.41405773954176,0.8341873398243628
8247-6102,4.624639289078167,1.9738750387350616,47.086335106204416,1.6345108847267276,6.141680528333073,40.07091816409773,1.596168071147158,13.64548268362255,60.37631066245618,5.150586668258311
8247-6103,138.9157248283034,2.6156258304028386,156.3783318045416,1.37558766154905,7.957921509300384,104.81667078594499,2.725162948346923,36.18409113284592,230.07922666365386,6.651080388561834
8247-6104,138.0118347196773,2.0124312557357036,82.35106461833789,2.2959999513535596,4.70837649014653,122.80983687218853,1.325765420778492,12.812751079058335,186.0592498159938,5.715216448334589
8248-12701,73.40750924699287,3.921523010704517,71.9953805391138,1.192556783352175,2.316107379492955,42.93838823203862,0.9271130315260181,14.704163912726846,107.56432267530758,2.984897127108559
8248-12702,55.92889181262543,9.379527601359023,65.19391769016616,1.496173878036826,6.320734673326967,33.861928173510336,1.0475389429598632,21.819081199287044,97.40199860397675,1.5405087529807733
8248-12703,72.90355182494207,0.5526683176473011,39.94823628331191,1.8354487811641986,0.34449308118527366,16.817343992100536,2.2070237959749677,7.156102473234523,90.79675139866558,3.1895822231329833
8248-12704,11.977621171241664,1.8671976050708061,56.86750595648922,1.7002678895116157,1.6116203628581465,30.075801777149152,2.0133980352667216,14.180001326055077,75.11312959574934,2.2183219884483396
8248-1901,179.89701664819643,2.0159217391100546,84.92701235686154,2.0580518372303476,6.635238861225764,88.94222405599166,1.9629544511741797,14.53992218212496,217.27134184364212,8.366787606985842
8248-3703,65.03463118861309,1.3206132470432308,72.43124738436876,2.673493887814422,1.554553852646845,30.756504869967017,2.8878993471326524,8.055177693164262,135.11260390096876,3.3873784426707365
8248-6102,52.89937105785878,6.528027078306545,154.40997092928012,1.7645210283545256,9.867674155020518,149.65644589164464,1.2017813817417573,49.04616720083074,211.8226349024607,11.183837260197844
8249-12701,60.798319116266036,6.496270497622773,53.73665009539004,1.4162595275784038,2.150910665201893,34.95635845105241,1.583666190520682,10.120273595425228,88.23868571228793,3.655629038120432
8249-12703,186.04094256241436,1.2665818224807637,50.945369430898964,1.3801349482533138,1.1069395635694252,22.34851928640144,1.7039156465335048,10.823397293554953,195.43100285791058,1.2957009383240337
8249-12704,206.65789914788675,0.756666755540327,55.68468640701365,1.6665702617667821,0.5028857235801284,20.77462710860825,2.012618663050902,5.321350451664283,218.8039354837199,1.4141208484244718
8249-1901,8.387800290436548,2.919415076222088,105.62117266067136,1.1199191155326886,3.2372993428108114,72.82941153528711,1.1805799971484416,10.392447445757961,112.08918247581016,1.1035123472094124
8249-3702,15.563287813764843,2.8689728148594966,64.53332924564086,1.6233643910319984,1.243080519629079,62.96546457307426,0.9520678845246189,6.3417438765957055,83.68272850189688,3.1906098536443532
8249-3704,65.99184127246052,5.232020733275915,112.87267796070996,1.2794383026541187,4.5065652142226575,97.2634462709173,1.7751713501303863,20.51956816568654,143.71943495978834,3.2272382805745954
8249-6101,62.29464442366962,1.0313912710371556,67.89751317094786,1.89268950772493,1.0276595449962191,44.003262436128836,3.2314205959176703,9.854142336893581,112.27670366594738,1.9015242634885707
8249-9101,172.07114204281325,1.497577558579217,118.77881312599145,1.540905857717398,1.9464987736148731,53.91641931225119,2.1532579005413157,10.971166257739888,226.60142113877473,5.7597260856977694
8250-12701,24.779896781345972,2.5472876836550444,162.92190770499073,1.7346942644270484,3.230789704303252,58.7444418189432,3.363730374800607,50.03004761554795,216.00690677705248,5.723606390909457
8250-12702,37.108455732396116,2.633301388788253,56.564733486226935,1.367378655388763,2.2525868758932885,25.91814194106852,2.0062558701685695,13.957206894423553,75.84233610310159,2.0909433918471545
8250-3704,89.44045332888409,2.231772110674588,54.93445249259613,2.0784495345300877,3.574952139494129,47.083712847910796,1.5293573729204866,6.444021720018535,119.46517221830777,5.2283993341791835
8250-6101,8.15775035692749,3.668351833244083,88.57060996311581,1.5409610490245589,3.2973374146429206,74.31824879993908,0.6300350144112654,20.9220763076254,110.24975113297464,2.5020038468215535
8250-6102,113.87797649081583,1.0966039883874055,42.38877779534811,1.2478251084443486,3.681593100586209,20.594819268646603,1.6638682889893222,19.424127293617495,123.33002987827128,1.9740470932951923
8250-6103,13.585834678912384,2.1284082385445178,56.21075927959129,0.8208233812922954,2.8078242902666637,21.985018893531567,1.0594731571365175,12.322738841354953,52.707580634891656,2.893344222696788
8250-6104,18.842382089077287,5.2698393004547714,107.42247830201028,1.7507131410970258,6.477738049364189,91.20502751656294,1.13592870138344,40.13946475186256,143.3790263455359,5.395437205251668
8250-9102,16.318820594406027,3.0390341545386304,144.16580909188195,1.7068385348844055,12.65973753401795,81.5456626921161,2.0246321853131812,23.22031832040102,189.0525360383889,6.751900582486352
8252-12702,179.71353298097407,1.5259597246432715,151.96567138541334,1.6015883540311506,2.3125820689018717,41.967838901641045,2.6838499024203424,27.184459288699248,263.2172850353872,3.984403985796128
8252-12703,119.00783345113314,2.4735136208898956,62.07913875749512,0.956423651838034,2.246735807069752,34.35903049218158,1.8689181247695705,11.646186304202036,133.5992085031795,2.481233012486884
8252-12704,94.4607047562767,1.291162368118709,58.888425350509095,1.3714984516960196,2.086611831947009,39.89846085620753,3.123261433269214,17.780105562526412,116.95713334761464,5.972939480507488
8252-12705,133.7963451985012,1.059801090579431,49.27075104128938,0.4454598943417126,0.6583537404192764,19.295471926603753,3.5474884278027723,5.275627162734576,137.77831289899845,2.0720605984304763
8252-3701,127.04068542440562,3.93205255659987,134.64542064937237,1.3477850054995124,6.026007389323057,77.16917451922708,1.5459971974654652,33.05052804935171,201.42952815561745,2.700796552222406
8252-3703,67.60655081186431,2.2711613967541457,74.11624886185749,2.2883952433535106,1.5086400269941638,41.19227001931368,2.2746935971527495,8.698154342853025,130.92478926805558,1.147844029990033
8252-3704,21.462391564089927,3.5345929997503314,62.85423359966917,2.1818444753672965,2.079554135255797,89.00466894490404,1.3303088504392684,6.306311416090355,95.29086179876191,5.356231378439326
8252-6101,22.354276425847385,1.647256634997499,39.36023635419251,0.4181074857153515,1.0236206807096124,18.64593270946882,2.0075281635545275,8.005566243486355,33.87414330243271,3.4125233551396503
8252-6103,11.858805599581743,2.3337435972814933,103.21725105591645,1.8923723820936487,4.495224368091165,56.616989563926666,1.6925140370562772,26.439303463442247,142.48364778858226,1.1385534619279556
8252-6104,15.419939553107238,3.2057399491903973,70.33451630728761,1.345283017324353,2.6190129979936136,53.73092776443799,1.634607545826511,9.776550563135247,83.0229759431114,2.8194708106147557
8252-9101,61.35637344466701,4.823000405325228,94.62320480103284,0.5061408025746226,4.131758555086087,83.0669177112601,0.611392776821237,28.146471820548623,91.08436745143662,5.243661053241879
8252-9102,62.76180053924494,1.6578340929971822,79.1828468104,1.3348038578691392,1.3732882737762282,39.667162843238714,1.349088802197915,5.859571301683032,110.94215304175201,2.2829602330662433
8253-12701,32.301841802566805,5.483915347379543,59.06176157485989,1.1913253762687392,4.41994573323379,36.26509194014503,1.3757035370045019,13.559666029553886,72.10478057963324,3.307373817432435
8253-12702,341.43731107041907,4.872513410869437,174.83411333132017,0.3481107341745012,,43.6808244171673,1.711015483405005,48.91658854118493,356.6793052295433,5.025435639123131
8253-12703,164.23648144811324,1.0658337820307262,91.4877736510177,1.6577064956677998,1.9485318682234056,63.29414980669141,0.6309961323486264,22.57857724260344,202.11048044535946,5.784978044952495
8253-12704,71.60044471279892,3.970888692789435,68.29446837196551,1.5072121521094108,6.8098149611257925,72.18660991565855,1.8487595830002679,24.565148528827052,110.25635467042177,5.183450905668773
8253-12705,321.23910675322776,6.284989604230237,202.9501847465037,0.0,,110.95263653275536,0.0,22.870293248125655,321.23910675322776,6.170843686794718
8253-3702,210.80298519047523,2.103898459888108,127.04582050889672,2.0252165412184455,4.358873833516043,79.25623529877203,3.155180800278454,20.691447947967355,277.7160253018451,5.852194226756929
8253-3703,9.518956718085667,1.4569900428106037,65.71009526109921,1.4018522701345812,1.4020810525477767,39.411396726322984,1.5766201276700609,6.363662128955471,78.3808112147546,0.70696638970911
8253-6101,28.200868107390846,3.0335583731878866,76.79805914128816,1.5606521453159976,3.0114570804509846,61.53957702570364,1.3286973764984051,16.470191087191388,99.99962311059964,4.524590297091386
8253-6104,40.50726010150963,1.362263929794593,82.71607889498338,2.4762183425310917,1.6351183178581148,31.480565228563922,2.4133206266400644,11.500802144727123,136.31947581312315,3.9626405135533336
8253-9102,10.986291333105454,1.5594070798020445,58.33529075984776,1.220809901553559,1.9797552515594772,25.65873098463161,1.6182074429146436,20.734803711836587,65.38441861656206,1.1145041442001278
8254-12701,33.65446711875923,1.1600790647494186,42.71640696489637,1.853609156822659,1.3845479538207897,20.47447662860076,2.0514413483567258,10.401716617497817,67.19291546682943,2.1725766246937535
8254-12703,46.08530732037541,2.341526070975209,75.51001864020665,1.488744894272012,2.3363655876012217,43.34114120154652,2.0436255773819214,9.863077186847253,103.01614426358248,2.634970510385447
8254-12704,107.10928627070241,1.8575280976443866,49.392474807812484,1.8146136338660783,1.7069950188150138,27.67565336468813,1.9299589809397975,12.063229472470562,126.09266707650012,2.3788978803190375
8254-12705,73.18525199438915,2.1004029489126825,85.46168727996587,2.549346501327369,2.3686561433812776,50.49213743367653,3.5632617436139373,17.541047692979323,154.84102535412032,6.405542347387026
8254-3704,124.32443221486614,3.0232347611429256,73.59934471234443,1.8144930566266342,2.676799922563437,32.932089132747784,1.6668958165369356,12.684191544058061,159.01391678516305,0.9916371970411381
8254-6102,64.79131539095704,1.6871695795166122,52.705277496573615,1.4478433143069807,1.1125436312985528,18.225057966352615,1.5114294748912265,8.887232402212163,90.66311658528143,1.9764927501838119
8254-6103,340.6585316898858,5.8356426368663055,95.10836991330643,2.1739970934961574,1.9400249341860563,40.98311634402659,3.456004344323384,19.73760755386078,368.3929257327848,4.838731491764946
8254-9101,209.4655457174406,1.4465366809713875,114.99846843643687,2.8658409149784685,3.9331506113748653,48.881318614644634,4.0,40.77123155476313,285.964248517166,4.7137039297644705
8254-9102,54.029027168305646,2.0230061983211565,44.9115653029737,1.1584550263259368,0.9399665300262562,19.87072516884006,1.5392570985827185,6.238868314495607,72.4968687548176,2.995147601104242
8255-12701,71.68309550522491,2.435577979990033,74.08524095210062,1.276454887871533,3.0043279108730236,47.59196185433926,1.4567235192733632,19.68956003741996,110.20184092825212,3.0086013913427365
8255-12703,147.47245370946277,3.2520515728024004,114.50264365647789,1.6009842037419304,7.545996254240621,85.2826002935182,0.8089697711998414,19.831450558096172,206.73267038122992,5.720978505848907
8255-12704,47.734258437273006,8.124304332091777,73.47743848062927,0.8827822159538972,3.582962705796872,50.73892000669966,1.0686956905613632,12.865852787361623,83.93236752626133,3.1321138823521024
8255-12705,86.42888399711143,2.6733641900152936,76.59872116442035,1.6228209281031263,2.2246114274297057,28.676945390138947,1.7204670631189458,14.609683325493256,130.35195900845497,3.982323260361
8255-1901,146.75219829132016,1.9021359010053447,126.10495822761078,1.8033642205876057,4.021664640629363,69.561701795532,2.522040818294105,14.514921941196906,224.08510876353438,2.8138571000017096
8255-3704,21.136911249584298,2.697399698177566,72.85764253917468,0.6572871362531574,2.3206533823764977,52.7545798632025,1.4339570701973494,9.080175167513243,62.735988924724936,5.376149645537577
8255-6102,32.640465403791275,2.166978525362794,50.83894976074115,1.8276066431592999,6.221471931689285,50.916067451259124,2.682740211265602,11.579089846508106,76.0856750111716,4.457722795567495
8256-12701,82.20584637575492,1.404272627349837,61.90601445135409,1.217426246784088,2.6947856880048713,27.126699773601366,1.3053293641060826,14.036229222133702,106.88035500558324,4.167765671973078
8256-12703,49.08826503604917,2.1318684790380464,58.19185812613576,2.141326926157846,2.681203835799935,33.066988979739904,2.099443758442771,12.37932448621926,98.28945395004679,2.744386453686901
8256-12704,105.11649877172601,7.287266665421597,239.45161544621766,1.421144234145982,19.906673758314515,132.61932068458168,3.429028442623612,34.84105975035314,304.1935789475131,6.334753988333881
8256-3704,168.16690549651187,6.21345685537244,208.39200464221315,1.7324424228553417,12.920410547454821,109.37433662176488,2.514071187550586,33.796458110399456,321.7379049838991,7.991457544147922
8257-12701,60.93622013826816,0.4068055663299908,65.87271418756781,1.9415005477083582,0.4429451117105487,31.3465136680395,1.314511300911025,6.053331667344457,110.1717305096137,0.5977596059052677
8257-12703,100.96286953131138,3.619038787432596,69.24261836222657,1.173964772449161,2.7765876785327284,39.7435776008802,1.26984575825206,27.241111666147248,125.78601796756787,1.474134061557299
8257-12705,187.84846721977522,1.5281416535124441,63.007304281159264,1.2694434132077521,1.8825441195224437,32.47501642686072,2.07589817345585,17.034876870573477,200.8149295505463,0.9684464772546274
8257-1902,191.534236879477,2.2988032410655537,126.54572280662373,1.8611867988032085,3.1031120401688774,59.86305555518247,2.4715879533327865,11.640284454573631,257.85669315761083,1.581003184428962
8257-3701,82.09573971125187,1.27691094684699,179.2746472400292,1.5926706768156529,2.608835919907711,43.88432597276031,3.3591788792915325,12.836434035440202,240.68067862694468,4.970295619162702
8257-3703,98.46095820827821,2.6614599636015184,75.96186073199347,2.0959054241913178,3.2369816812304997,67.9656938774394,2.1456559736946716,22.763260330464885,147.60881664972612,2.485003054647021
8257-6101,126.78670325039913,1.391354379869002,66.94096985995871,1.7995819721388666,1.1578051960323772,29.602462913878618,1.9982269851533556,7.010100751479662,155.367187982603,1.1095963796564785
8257-6102,59.39476369449336,1.3270897375670463,62.51228579665779,1.3736313041984434,0.5212336728711269,24.21327113134565,1.7246779577536637,5.004308957693884,94.31646178185255,1.6629992222882684
8257-9101,118.32860550106679,1.5089636508904323,59.17093778490475,1.30450699823331,1.187493235095704,27.903376592091785,1.6464073325146988,9.380670994813885,136.26811301013106,1.7775265738243224
8257-9102,42.81059003263746,2.640847988096709,89.56313739256245,1.9257695399521895,9.30999562573921,75.04485852497729,1.9100781685555819,49.812998393811164,131.45498855946045,3.8661518920056257
8258-12701,36.65230650105051,1.6970632242418813,51.91007752151508,1.4921079951711318,1.6497628638565034,23.141268605052712,1.2802604130180004,16.769056796733054,73.24008161483073,2.1943155312199827
8258-12702,34.84844469217111,3.3750683263960344,58.51340191379911,0.993991534691198,2.83921882875351,27.13014258725174,1.6035860701422413,18.344702995020736,67.9533693652461,2.8420586843605946
8258-12703,1.1642297206631702,8.106637365333764,78.68848288683145,1.6185310983130745,6.7459803252075865,44.289888826396066,0.6174861617458445,24.99702274454295,100.11544067227805,2.4061065470208556
8258-12704,147.93038392345767,3.011181057716746,83.36687964381221,2.5517807568710626,1.8152326913200987,35.12275855873996,2.9514447075490726,48.65425104133247,199.04363390511014,3.0856447677125107
8258-12705,114.18579295762025,1.1788944482887955,64.79263395580587,1.7820209254092183,1.1064672888627485,35.18833628961086,2.0771995671945644,10.451329384040264,143.24619146568222,2.7928261810618804
8258-1901,51.576072101006766,1.90771238559821,55.43837390065998,1.1127053192088368,0.9742302398751185,36.75824954830068,1.3013120464549524,3.3469616207355974,77.97367851550464,1.0483211266925176
8258-1902,47.345501180888924,1.8372113608997596,86.75640924687201,1.4607433974266761,3.4636510908833804,47.616634943417424,1.9740432841670081,7.788083580605154,115.04840993624259,1.1609427065371078
8258-3701,24.4091537074534,1.3691848773444635,63.15100966735193,1.1042784477807386,1.5991878204154066,29.611038346290457,1.8338159884371676,3.921770489297441,70.70872981949815,0.8295771108060253
8258-3704,51.64254445075895,2.0277401326390785,68.1800043177637,1.9964315409221722,2.1367586334114006,43.17006578854479,1.3529088455056526,13.833766989046731,109.30411861643637,0.7498390410584029
8258-6101,40.06711384228864,3.1584042279493105,44.051111233222414,1.944497232561432,0.9554057951822039,17.551421614099944,1.0541912969410734,5.412554276443204,73.33942507921506,2.1935547793772368
8258-6104,119.17684586437427,3.069177851193848,228.9057364786433,1.5281119006784647,10.877582631274905,126.54718456185353,1.6557203797780882,35.73964410208599,307.0388862119019,7.066520429645953
8258-9101,63.81419447533694,2.480991084902909,109.79524383636053,1.5053763401245006,2.4921385926766946,50.15713920388589,2.3095936063546763,22.31896284409719,149.06225721672027,1.95448044014536
8259-12701,18.35377321757597,3.6553401489769843,47.22321933708899,1.376171864554089,2.6112129355194162,17.200139985955712,2.049228272203436,13.132003734634855,58.35896587986141,1.8526551741533055
8259-12702,136.3464084902135,2.1393927780699826,55.05408593732312,1.2492263920811757,1.5561578301681205,27.786141264695956,1.509610244692229,13.992196972904981,149.58839798731503,1.7500800440519768
8259-12704,4.325507899191341,0.8161720631402894,27.043844469351995,2.2068490533398486,0.6037676480265407,17.874096444707238,0.0,11.645306463709733,40.40708056227657,4.27738125794261
8259-1902,104.92085213621624,1.5007370739869066,65.89697634018388,1.4748422077986965,2.313968550818628,46.9884654444859,1.9034985470702086,7.713510762513961,131.9574058672734,2.4451539572608705
8259-6101,62.379329042714815,3.2408857027941296,75.88159919551701,1.11650023530563,1.5272048976788175,28.634905798862658,1.0818291465597258,12.116339881129857,101.58744083261897,1.380755042179701
8259-6102,39.14315495286539,3.7840730708359738,79.71071251990496,1.3474384751007347,6.729951474494946,48.38950737152011,1.2930639546472862,15.830367029041668,100.46660166820045,4.838204920704462
8259-6103,11.123879406871481,1.667289698033058,76.23670373422598,2.9006473453284016,1.7308964896384678,37.524239036346245,3.1575496804777856,9.423855445023412,130.31655526415813,4.4612617525840665
8259-9101,42.039670590529184,4.1595593468065255,72.30924222900968,0.26636028953925617,0.9339145778718507,24.14882550382821,0.9517376106329825,8.955362455582378,56.214165251457715,2.0967584212366264
8259-9102,144.68710447928436,1.208360864706613,56.13649977760277,1.2602289510411055,0.5556457688119721,20.660567412081633,2.233136143727032,5.037475122634794,157.81548093486182,1.9866234417796902
8260-12701,3.462228475356,1.571844877740229,54.83079352190576,1.5249698495364195,0.6226434822904832,20.352645034541062,1.1284063216294447,5.883395386829549,67.79882489026454,1.6089200921866813
8260-12703,62.862963011640026,1.7346961504141003,54.66292246072506,1.0648462119118607,1.1963244367208454,19.843180341552852,1.303478933827494,11.790030683468567,84.46034553163129,2.542373926759057
8260-12704,40.238834350641596,1.9185204878800626,64.16826667078925,0.665430134769212,1.1086444098754293,22.175949504890667,1.2870068061012268,12.318912845975635,66.02360627837434,1.2084092842552492
8260-12705,39.796833956700574,4.475286303332655,65.23651998331535,1.350799123864837,2.5510168081939213,22.357697384429457,0.9323575032925535,12.03257590195911,85.63015640251933,3.748597689569645
8260-6101,65.86680189282306,2.9591941905252086,69.02168012395094,0.9746118020715651,1.8327117364073942,46.274243725664114,0.3151589002277949,10.962567494085281,94.77066391342105,1.48940294653717
8260-6102,11.559735769835676,6.235426741632816,127.89212132289873,2.168293758277094,5.834147179073899,35.895014473434124,1.8723204029921852,51.89258233136387,188.677227081975,4.676542257231483
8260-6103,76.22943156374767,3.644442439671721,88.35569878499459,0.5811680407298494,9.013432102855202,41.76022799328507,1.5562289889671717,35.93114925780503,101.72486386857061,2.9760005327301973
8260-6104,80.44732246265978,1.2620778835015474,49.85315607669611,0.8610722804065656,0.5036408707967971,23.937302856898974,1.5520429094101686,4.5251018166951384,92.79992799920437,2.0878365697568575
8260-9101,195.63683938712367,0.787485833166929,70.49523304658173,1.8750529386178245,1.0278680453328932,34.86218345986539,1.9516060677606326,11.00179701637228,218.15589503211856,0.9212295950125375
8261-12704,123.52333416469813,1.587649718670455,53.96875680855127,1.7905286104558433,2.204012664944117,34.545809432413805,1.8135880399422328,14.222235422075792,143.08443500818566,2.8824164849491885
8261-12705,134.98407517507647,0.7439513846346725,87.4575126127877,1.3807397724206876,0.8928614026310102,36.27110457498779,1.5073452173548052,9.401077476152718,169.65177783186198,1.2440516051554977
8261-1901,20.607025128145757,2.1467791882423874,61.27548508981128,1.4496363848050986,1.3599574613135468,42.28071835041703,1.251368930438776,3.022029419871034,76.6001147513851,1.6725087291977416
8261-3701,184.84764785891113,1.8942770439524126,130.80732573934065,1.5781969687363224,1.2606125089465448,54.707830596218365,2.078707185377861,8.808457108156567,247.33071234423383,2.0527457891619774
8261-6102,147.9378917291314,1.2163469311384207,66.38276694106466,1.8714972277886273,0.8379475290433411,22.952210137154065,2.03579722622419,4.496666018914197,173.58771202789814,1.1309630045260501
8261-6103,122.15205751874544,3.011114388392527,131.04234218224946,1.8903077470267422,3.3659809078902017,129.66638640270185,1.8725000586056142,12.904713345185694,217.67331073811354,6.3681108403194155
8261-9102,47.406149517639896,2.9728544359222377,77.84370166628824,0.5650894999454008,3.941037920308008,41.005787713942055,1.4263435195887229,12.482081563275505,75.30991313933546,3.8945862704649556
8262-12704,47.564722175616154,2.86637527011453,52.86061731305941,1.229162453847327,2.8500708064484,28.25540514029873,1.8285944206153237,19.797805297965255,75.47836556094697,2.81121736642807
8262-12705,86.65151349964306,8.87465106878554,138.6849697272388,1.1324773514371689,9.690859637373741,69.98636728780157,0.9799134011189436,32.78216078210077,171.14324853222084,4.0815934209234594
8262-3701,5.444500515795276,2.472714877016252,73.34677734087384,1.5521684439505803,1.9376109164346047,42.728840253392846,0.45869050065563677,8.532469436157312,91.54190504032375,3.786000259282739
8262-3702,13.564652160264982,1.3302059284634327,96.30831814943453,1.4568730648253627,1.846974943460595,36.969806465549894,2.213042451758273,8.064883055377274,117.03385442825763,0.9820719624464334
8262-3703,211.2298083701072,2.4263074570022516,125.06703606503675,1.884673418558977,2.8699554442500355,58.01239979552608,2.8346523012578855,10.491852342548412,272.2088313242806,2.7154464758107095
8262-6104,61.799765283136125,2.2914262422726055,172.56286940618162,1.5073735258804568,101.83197975112088,137.45767124854376,1.8712075522320566,55.712064366766676,220.69366840847405,9.556920353880376
8262-9101,195.24920974956737,1.3319322603639852,135.9838208007908,1.6054157360452583,1.5561867502772713,39.2159709791624,2.907952582387304,12.342591528714578,260.4015337151718,2.7912702089499355
8262-9102,101.53717228600873,0.9421275875432058,79.76447608945422,1.9078899601305368,1.3339770395799389,48.303436602414905,2.8806033077715103,9.509310175000035,149.8282428033098,1.0624584282938072
8263-12703,77.32441163809291,1.3640261749031115,59.128368454004786,1.1946282894826745,1.0222570779432072,30.247023940003192,0.9025403196609569,18.296747486129966,100.77539879218232,1.1409705762625615
8263-12704,66.53397828336907,2.737374536989507,36.54599858662669,0.6878862486393462,1.1705802590091179,18.886792808089297,1.1271194791678991,8.992966187101146,73.11304963882206,3.7546408666362985
8263-12705,143.00452132068017,1.5875100728491864,48.819989316311414,0.799486295566679,0.7094888924216611,21.89062545003751,2.258611537478499,8.621074325907944,149.51850000894981,1.8369034518790541
8263-3701,125.08024214000153,1.8504476547960331,67.63556216864006,2.2492194304589583,1.8015503536539972,57.763399827982454,2.7802392913151746,5.625351986216261,161.0412278317851,3.4041392076199064
8263-3703,22.92215571875933,2.3509031665415234,46.70244943422704,0.9579302649574162,1.55460620009467,32.477137417828594,1.464964282824241,3.9372291097679266,51.13496765079437,2.0154210238188797
8263-3704,77.21988130852066,1.6726852365095108,65.3933319485375,0.0,4.084896258168003,8.604267551069583,4.0,9.034584126317132,77.21988130852066,5.546526530773917
8263-6101,58.97120651944391,2.3421074939299773,59.8917242889126,0.8339230081478415,1.4416714924239569,19.98354158682676,1.51279716398609,7.505330627160978,80.42947576287989,1.6844068814829989
8263-6102,49.92310184537219,2.020140905429889,60.9575684691436,0.7228751667402107,1.1813798545145515,19.347939094826714,0.5916939005274886,8.105378100566906,71.96105770067803,2.016672638211578
8263-6103,26.432619923328943,2.399014013684834,88.2138757868012,1.98710185161248,13.319777095193254,119.97658878372202,2.718465956925376,19.882934589666977,127.12863482972983,7.449364842089848
8263-6104,191.59985334570166,1.4517024167910588,73.50782708299383,2.0040735240031626,1.7147286589958435,40.286993299323186,2.0467005568486303,13.357598926036193,218.0351255399845,1.8290895058063144
8263-9101,52.631757366003505,2.424347837400279,47.50510709061784,2.0188745374052375,2.497884587300858,26.253886863355063,1.8453935500532546,10.90177255217195,85.59303193459318,3.2607444928601397
8263-9102,93.34221733097628,2.8212816450269247,199.33360381492471,1.2452228502214446,26.556154570864187,107.84041144337255,2.525375126321948,48.308970010549125,241.22668141341185,11.430751082376908
8309-12701,201.45645765720636,3.809792836610887,98.8565274549047,1.8382345322932299,3.092708227911953,55.49731850922031,1.8915479951675507,20.482572630600583,241.9691283133146,3.6337332101707984
8309-12703,243.79219191425807,4.384636480127224,155.09508985606303,1.2710744455792153,6.399500406812941,92.50243757348319,0.7747443369473399,31.67465572437276,300.01612695860246,7.344375068720762
8309-6104,61.706493500568754,1.7424241446316144,40.46183888255345,1.4404644687690134,0.9473335271376513,29.98097472142024,1.3345335181991889,4.037152324839975,78.52364442831968,2.5717343148866543
8309-9102,76.6287385519819,3.034313089746859,78.19050533098681,2.2593516375980727,3.0155108908195314,49.89186851681244,2.8412835832765384,17.256118792576167,140.30355028707982,3.524640918829642
8310-12701,46.83462096493639,2.031979390158196,44.57313224727022,1.8052915453740281,0.6646513341266292,27.55318399415382,1.0526514929963602,6.662092055887561,76.02743048668461,3.3372663807369065
8310-12702,34.581527205901224,2.338919222385355,72.67491987613184,1.8490632947601355,3.506552500278757,36.547863356493444,1.1632834846696556,17.146178860833853,104.69945578395475,4.263317623575236
8310-12705,23.601038011461977,3.501859044185505,54.48885538795068,1.1254397342893498,2.081783646973209,30.969168631336487,1.1482944210743797,7.408084012774883,62.437803961609184,3.375206756532262
8310-1902,3.509853044779168,2.0402498586694353,57.23935857919911,0.616474199419405,2.165064816309971,47.26124047198582,0.6204498203096054,8.560052596305093,45.07882782374899,1.9942761555358828
8310-3701,81.18174775799255,3.573595170930287,117.1302550282587,1.9982112888986516,,,1.178,22.662768049273904,184.40425493752022,7.599356922132021
8311-12701,185.54132361867565,1.3076276398007995,53.87305295956544,1.7929107454103907,1.1290822023767864,32.64271552456963,2.2988227386104163,5.224338741477707,199.0707363942251,3.3777903786986294
8311-12702,155.6966558883521,2.3842184433579647,97.61303500903625,1.7927610501897862,3.96162239545058,57.14279714975964,2.447002817989513,20.7688649512737,203.2816322805115,5.47327023076717
8311-12703,42.69678327584839,4.819398146302526,70.23667108545257,1.7621146891420536,4.337870403841379,36.06872525176497,1.522845204868672,27.88869204325659,102.54687613014858,1.6658172059405736
8311-12705,25.438146841202133,2.7403633972672914,72.10431962807179,1.7935970650939592,2.2311281571004473,29.440397704641622,1.7516825997076038,17.706612212114784,99.86024975771164,2.99466075493696
8311-1901,82.22010428185423,2.216860419456951,85.05064222100061,2.0116524806013216,4.4592323943913765,58.04683616081509,3.267612185447989,12.465275134204386,145.98513127381096,7.17710465666852
8311-3702,11.180391265375105,1.9558584980053548,39.12594593322091,1.9026711589624297,1.3399211043138353,25.471425667660743,1.4650246814282204,5.0796161429769,55.11520289998788,1.2618435065041147
8311-3703,41.007913051186364,1.3233394853283578,98.70893180051726,1.8073532752123533,2.7721339202041544,38.76236690629548,2.571170620804505,10.672649643246348,138.89388401508873,0.8767012679765143
8311-3704,132.03555874326972,2.9585177694240583,102.68221218930012,2.1848293572466115,2.598473976622053,52.636465834050135,2.975107998616317,19.412827009337082,201.17016619554568,4.247827909327261
8311-6104,147.30017645843685,1.6100922965101356,81.91709245623699,2.1227116393818917,2.2137514196060795,43.28216717609874,2.4605411366916536,9.976443902595857,189.58271934476414,1.0355836300327936
8311-9101,50.33787848182649,7.807153371364642,48.96175107388454,0.27997718800561067,1.9444068654780076,36.53909332693515,1.5791235585523618,7.903911660655522,56.61340992229207,2.7820898580078683
8312-12702,157.85370079648905,0.8027493781478239,56.31231025294861,2.1280417941079124,1.187653004691382,29.51234105478413,1.959604433433602,10.712217016589793,177.94935718937504,1.649185516904589
8312-12704,66.41939650119328,0.8095178361505323,43.86669482869903,2.0887323860459337,0.7598035835586378,29.749811196888366,2.940167286818616,9.934446227740626,91.81969631507882,5.201814035315711
8312-12705,62.23715888879001,0.8819165350212668,39.48936956167022,2.492783167837763,0.7186623859400076,19.079605772757088,3.2461868917113206,9.805215573714673,88.09503797051389,5.214423817016833
8312-3702,120.14445212874546,1.3244982675713308,47.67398869932232,1.8281701469962126,1.664347123593253,33.62474489699031,0.778919876880269,11.733147498481054,136.34431159325345,3.7601776090570285
8312-6102,152.60676195456867,2.6084029222751544,94.4035804764734,2.543591148765426,3.7418523759465794,77.56030529478133,2.7620702905668093,14.464342862980667,214.37677042668977,4.705565309466009
8312-6103,28.860776799172655,1.9283385922059408,14.782617712619711,2.848224075748317,2.1841855936357364,15.279650582054947,0.01360431563200959,7.985106018341296,38.14911327350435,4.219111019173532
8313-12701,8.367792053296789,1.8015637061668728,47.54468690172916,1.864576510223396,1.3102176375538306,31.29707885502515,1.492297490690205,16.380607538226368,65.45907135331856,1.0783532464669912
8313-12702,33.226656651644234,1.3201558362481427,82.39339104255077,1.493631981032693,1.51613395982477,31.742317838769736,1.564490720547668,13.70540251168062,106.03672315998801,0.9734579197045669
8313-12703,63.01301866644845,0.8493383422689393,40.64289242348073,2.5865485731504645,0.597492755263247,23.631021101519018,2.0729280464762674,7.259495087346591,90.79216422725813,2.4687808378962894
8313-12704,22.80826327390634,4.358054016860432,111.16193694476506,1.9846495724391229,3.5972981485986497,45.26374827887229,2.619897330187538,36.33498867006282,158.25449268749858,5.46459235480656
8313-12705,255.20730494948376,1.8552119233531408,80.84258845905049,2.528010157561415,2.163745418610421,35.14089575810716,3.2000522339195463,33.49616690114503,285.74926042163275,2.3467477331661537
8313-9101,156.0730912155395,1.5160978591645446,63.643314480367806,1.9912665429980176,1.5303061233514597,30.88386887773276,2.0671081563875546,12.900572616346764,180.0677043202829,1.1788902836884358
8313-9102,37.356342040724726,2.2020269168734106,84.30297066275801,1.917537758167247,2.45794760206597,35.03524334454143,1.894489408910343,16.18174217186505,122.57006003336714,2.400337019370271
8314-12701,1.2385701130158369,0.8653388545828563,54.486223813996354,0.8628339678075401,0.43932357124838295,25.539949511576474,0.8738315903934288,5.044487272044959,50.62678320200214,0.7133707913210898
8314-12702,194.19530940541497,1.4857922736611002,87.54474700666482,2.1072565359214073,3.317573107899243,86.87412886212833,1.4117729735804598,38.69722288473038,232.08189635655893,6.9398011628073615
8314-12703,375.6750510294767,12.531568539842102,37.92028569817681,2.927184138330697,14.889841777092052,26.734610702889633,1.7253182026563478,42.73641870063775,381.2359935010443,3.9134659723309415
8314-12704,12.00549812417819,2.8788341648654483,60.20230212324442,1.3079887382046664,2.6209721753329562,29.12350242858329,1.2213054180837475,26.889362547612887,69.89061483174088,1.6115010220139987
8314-12705,6.5261506745757325,4.793876393551128,86.00021095812662,1.091148463577567,6.022813142954407,47.035439703287835,0.6069266841806304,27.574589198955096,90.0708847041976,2.5357502157102063
8314-3702,45.81779167530244,1.8875259599120975,75.34587925497776,2.0085625868381936,1.3180575153554777,29.809977241056302,1.777432421435516,6.023608097226213,116.19760278901794,3.405054928960163
8314-6102,49.10782313057454,1.6860679749388554,36.7610655068294,1.7422445397424546,1.0478021837770553,33.38683255739103,0.9258440557752032,8.99088316202587,69.03626322698317,3.615183146852588
8315-12703,143.18574915288573,3.7191659548632217,82.17383058380426,2.610705542075238,3.899037953676666,38.115227340075506,2.5006359741608017,17.395834563193294,195.27172931610266,3.45110204657914
8315-12704,179.9732537152817,2.34447676373031,66.83104910316118,1.7575528390148274,1.5050172945277345,36.29276311409767,1.624158973733726,11.339045086437574,200.5998178919887,2.669317746072728
8315-3701,86.7229832129417,3.760462975224263,59.195561929116764,1.675421238609006,2.468315356552256,25.888408279868813,3.5808550646442736,8.362045016559145,115.72270200987325,4.000596496486083
8315-6103,1.3970762222743,4.3520623838678185,194.0732901204588,1.5133577518709909,20.598285209369894,85.50914703194427,1.2658017207295678,44.44116441394451,238.75034450029605,8.912290717161683
8315-9101,189.2608109220315,2.072137354016885,125.52282261594321,1.6824414091861288,1.7997209202140056,56.55332563351458,1.5213611467557122,12.771288212838092,249.65609557645774,3.60651615453227
8315-9102,54.99018059810886,2.2886219748489514,58.129254755442034,2.9374725576978973,2.5169401889659873,40.51511502713566,2.438878456583506,10.187824549660668,113.79661624367444,2.6017112251853893
8317-12703,120.98550064150318,3.677395362372151,103.6782171867135,1.6431474390819614,5.836463896831913,52.01076531090299,1.8134178121766356,43.09675320746672,179.72191572252643,6.421066450524646
8317-12704,225.60559287627362,2.4877419681163357,84.9017562565906,2.9532338167056364,2.580497901438294,43.52344378315344,3.0821686828725445,32.697112947997155,268.6739717951281,5.244689821006307
8317-12705,38.35627010337293,4.085029033206533,50.33948852393438,1.7073282372903273,4.0763723713118925,31.41341530126148,1.9151170295593305,12.875948079643896,76.14251544018884,3.3794844647638027
8317-6101,2.8449485465056292,5.995418624512158,66.87397025044143,1.0335305641639025,3.353142148636177,41.101215958388224,1.398103954549422,13.410197020411326,68.04538632920409,2.5976379996850856
8317-6102,71.7364177211998,3.12979839794648,91.15916394095622,2.071878780064855,3.495464997665685,48.911551036102985,2.410159823890649,17.619486017170605,149.54401405517834,0.8833900326580043
8317-9101,14.400066191010978,2.7900072840526278,70.73348925981256,1.8675849979730215,1.6363798535551801,40.84968460940739,3.4473592848149357,8.504056711658858,97.73081737365565,2.2494420305930185
8317-9102,11.797398134274893,2.3516038462356166,42.34106924534724,1.4447762997343472,0.34754058281513817,18.20033238766587,1.1341095262441274,4.728318129229929,52.242938659387384,2.7186277506425798
8318-12703,78.95479347437937,2.216055848668092,60.76644521047546,1.8551878715302372,1.9161289036091937,29.80351526724776,2.010806726732773,26.201234684130025,114.38642201532132,1.4001945553625366
8318-12704,102.31502458423024,1.2856211758449472,49.00368885942175,1.1152020518994834,0.518230257644078,17.705927875777782,1.2190102129653007,6.619908334681597,114.65761009270189,3.0360089613821097
8318-12705,117.27298396915562,0.9866039248383219,49.89176755208264,1.0694239484343888,0.7122085342206568,23.03676343732359,1.645204411816927,6.094270494568269,128.1208434660376,1.2410149306031415
8318-1901,62.78723680011968,3.091099000921432,122.05507666230986,1.5932603536195415,5.953673942228018,96.7817461724365,3.124519818734402,15.362908277277189,166.36628383830484,5.705177191546577
8318-3702,55.87634584926727,1.9546930836502936,43.4304628784262,1.5117708873835283,1.3193047696177946,24.796478507250917,1.3539552456414412,6.438189475794919,77.2895593990642,2.709351915316261
8318-3703,8.681913417925967,1.6158072662570329,82.56461881240624,1.6377557822037634,1.8756186375244703,30.45169471486417,2.266574441133555,8.20748448225648,106.01801580095892,1.3436783209695822
8318-3704,68.45476848711982,1.499341686403685,82.33496685903714,2.21454084915033,6.967442608312669,101.64536521747672,3.9584083855560523,24.884178818372185,140.35145640124387,7.255324834100396
8318-6101,133.1282960846772,2.2868817886531176,58.59497624146351,1.311406540063423,1.7687278396175732,29.66748794073989,1.9792630876879103,12.848256877940202,149.0828250268237,1.2231639603894215
8318-6104,131.55830031701748,1.1737058957149062,31.692145886963115,0.6524894226969076,0.7493563079406587,26.62733309104548,1.8425923731111324,7.332671340039393,134.0258990304428,3.036042498350425
8318-9101,98.0338554229251,1.7302476498365211,63.21462440490723,1.149244616027058,1.2351455166067096,27.438299997560076,0.8407192690529679,13.515279642319252,119.17684455105726,0.8278565228892913
8318-9102,40.46073459436209,1.1961507172195625,52.96724943941388,1.2067361956498646,0.5992565904559173,21.32835019858969,1.560222815204245,5.560587367136867,70.87033974400113,1.6992014899016201
8319-12702,137.67396357783304,1.2501899718073328,57.83880038557542,2.9112986318821745,0.5412075385955539,24.882877310005707,3.8110692940887256,7.161282868661023,169.39116172555103,5.0719026103092055
8319-12704,86.22078999033305,0.8779368836691304,48.55604707030966,1.9650072919291528,0.955988387710999,23.401984405070667,2.1801789384281487,10.243316123042876,109.84945194721449,1.2030953225953562
8319-12705,159.3352650049073,7.311727114327199,129.68226558602336,1.5524955002955076,14.143056534893176,68.80783541143448,1.473200958026005,34.59756029406938,226.92907314209336,3.1545007428054532
8319-3703,223.80812836324407,2.3676647206940955,117.52594540692336,1.7744235222942142,4.306444752104523,57.865426645007815,2.142813315174385,15.524374859651882,273.12823587756554,1.5589845014517008
8319-3704,59.870131748032925,1.653391799574792,54.431219562823614,1.6229643268150609,12.04500747107929,28.960067104900418,1.779095682580916,38.406836182594574,91.61267746185617,2.178121783048742
8320-12701,12.883164326931452,5.1583389659483,46.57639936655725,1.5284943895575567,2.6441601434971536,32.8456318385518,1.4706849354552667,16.346975952034224,59.007050483828,4.102819682091965
8320-12702,111.50812217232253,7.148067867255553,71.30690051739911,1.5686728431441335,6.673207731942811,52.02824292738097,1.4306950202911093,11.086129164479773,142.86445123526158,3.3888628418393196
8320-12704,90.27440855831048,1.8321118707227002,56.03612176155198,1.5111381128644705,1.762357753652,22.31577170853162,1.6649534475707042,14.145830219639645,113.55401116167828,2.7026106995186208
8320-12705,122.57457804177777,1.3904269748153228,65.33033591863506,1.4033306162722525,1.9017877718937968,25.396799968745597,1.2115237160598749,17.64789091336391,144.96212034850893,1.137868989936313
8320-3702,92.32698074819054,1.4162162494892592,75.87096169086686,1.788439653337298,2.655831509098687,44.362941260649045,1.6419142926143024,9.596213477415295,137.18327322261513,5.12478720570356
8320-6101,226.09902447017126,1.6158493709060204,49.46977219280807,2.521150474423128,1.769623991112045,34.915314427167104,2.370939496593226,11.217775645795864,239.35470633298812,2.5835373028986997
8320-6104,88.86120187169186,2.1840604980567235,58.858403019246296,0.8286240230891488,0.9409113471956334,29.037032264753726,1.4286597827342695,5.409353263109128,103.7637943516902,1.882890690034525
8320-9101,105.66483384286941,2.7287552877728634,98.45404140800565,0.6451379744180616,2.856266615279725,53.48897245324493,1.250622398358619,20.30274938676576,131.97919308854634,1.9763646667604813
8320-9102,177.78023455926606,2.7665426261328183,78.48908602434483,1.772657071118739,2.796393934148545,32.71315310431859,2.4953574361962727,20.18560680739789,206.21913250236557,2.205671359856347
8321-12701,85.60658541221787,1.3330441668439617,40.26993332773314,1.0310159770194327,0.8176784460622205,23.299675285842362,1.336010440535907,9.514446735061995,94.87071518129234,2.9154463082212896
8321-12703,1.661626575243516,2.3423975988832013,50.96875869659064,1.2063383232455671,3.5920433542791277,24.922142150953597,1.4436835816353297,16.14340296629937,56.00539282717531,2.195477790984509
8321-12705,55.890868668593654,1.1255648384684258,46.03157205493295,1.219686181289914,0.42687844587534873,28.38697676874105,1.0371798511183912,9.448992114757331,75.55255860548229,2.4845158577720796
8321-6104,110.77785912096189,1.0484094506928063,56.513958178003435,1.069369248424679,1.2981604046610726,31.282417528535213,1.7147722041013038,8.760279979196714,125.24821336644935,2.2454370960150634
8321-9102,14.779275170843796,2.266148427437202,67.81350973430347,1.489542606263909,5.651580088387571,62.93978035570966,1.8733696689566477,16.710067198128804,84.07345005091304,5.248767565201544
8322-12701,82.51532017724313,1.1877234422256444,53.80949427257318,0.6297927416203544,0.8211113163403642,20.73076822394925,2.270104609095238,9.010261285367374,92.91027289700665,2.1305235729155907
8322-12702,30.740667684322094,2.419741304736604,125.07636917295238,1.4563503471176844,5.97823495339689,103.52492412239349,1.037953368144771,22.837957432892374,154.03985323635072,9.597361662428995
8322-12703,10.6677060301221,1.2810245079069638,75.81770262041576,0.3201404672053644,0.8233491879693466,12.417221405750663,0.9924041085770079,11.315476834813522,44.20487634595658,4.710837496602713
8322-12704,177.14326761578826,1.0740516928202763,64.76712036132812,1.271777339876593,0.6546869640782262,21.45987194877675,1.503732439064815,5.489404428936904,191.61044663228643,0.6010401454939815
8322-12705,42.982073243378935,2.2572992381272985,83.35584721402849,2.457656153389933,1.0198592235821995,26.243069697786275,3.5038530295228485,20.285085947841118,137.56357942066097,5.193812801743723
8322-1901,183.79959589426193,1.3957753389783554,66.08649930208168,2.65835616719895,3.70939786613623,75.69239547162809,1.632347089763289,16.88210018614383,213.0550719208358,1.5800857608888694
8322-6103,88.19293058468287,1.4715155830421616,56.60104603602389,1.3245581621680014,0.823528567828418,28.734658672312023,1.7243166257968237,4.4611562202946775,109.64237955819627,1.2770903264844171
8322-9101,47.60554113899431,1.555887680558922,64.57630187064507,1.0433813186068084,0.7141261806524939,32.06058936502614,1.3205826249015593,4.625654474633949,81.34673130186142,0.6960396470051627
8322-9102,124.85778088544305,1.4667992073826317,63.23051452636719,1.142866915594867,1.1622262210937366,31.773863137532572,2.4249041588486433,6.1905968142374,141.98154577175262,2.4426630622539083
8323-12701,59.65949883922875,2.094020969397395,60.065710897050174,1.5068541374313633,0.4136055950767432,30.613523955709994,1.1943770905966151,5.916866583804665,94.84629255501127,1.4039344942247507
8323-12703,39.96043982963735,1.4923858661068534,85.91942130238036,1.1161265206238664,1.4530018152102153,24.1827643711449,0.8305672771298558,16.440595849619356,99.17785412659941,3.8189502933594976
8323-12704,30.9895784244396,3.343340679995083,29.578033447265625,0.3034114662898638,1.499731456137117,25.321407733336162,1.6633323201456616,9.449394625981762,35.0113773696308,4.730512163365824
8323-12705,10.971605118273946,2.0460531083075137,85.87884592195618,1.8278650489782309,6.410943040891206,39.63382967164064,2.262356413722316,21.99599541580882,116.62419509973107,6.616487121683231
8323-3703,229.52354167127862,2.5070486247512997,93.44512576809484,1.9468920133445278,2.355955893238246,49.28615577986892,2.3067025954875824,7.255884815240438,263.9721590458285,2.885653698404367
8323-3704,65.68729013934419,2.593570388237977,50.93907315695519,1.7633474991040217,2.012095045907513,38.4562794983263,0.7381351503432134,8.63142234255525,94.28857346828156,4.132958787551885
8323-6103,75.72862549628002,4.05494463721704,98.54950038567279,1.4655092084689811,6.769417252342722,119.88899803366039,1.6964827499627129,27.80228453670108,141.30766452226172,5.60144687072634
8323-9102,65.47696228863254,3.3280008868551803,60.02736473083496,1.8268869321915382,1.8879983978674661,29.330188213320103,1.2015525703763115,12.156739639511432,104.25941677738933,2.926620804734507
8324-12701,49.669250255955234,4.522864502158778,67.41987392389566,1.296299675090431,17.705449832606714,97.0152065372798,1.4658108585531329,67.46016085069967,91.42913123419939,5.538482650509451
8324-12703,98.07152698607976,1.4340968997513945,46.88865419685598,1.3086056657215825,1.22484359809313,29.952226079466442,1.2109683037300218,7.35878219727352,111.78127757596484,1.6769708284327143
8324-12704,9.372043372079045,3.183930550709225,59.85981369018555,0.9550463863243093,1.9771149812342736,23.89302438268258,2.1828181134826243,15.450843259635263,59.244871719563875,2.517309007624016
8324-3701,77.32204118589043,1.8552172294880072,153.63503903177715,1.60367237010695,10.937575529682947,105.47583692186693,2.654931303056386,17.605082373623777,209.3593561733747,7.287831171085097
8324-3702,30.865747688407726,4.487399772090609,50.181915558171305,1.1891164117119453,1.94730903071192,37.23567980017973,1.0178690322052681,14.54993637775614,62.82640081185513,4.352016332841944
8324-3704,57.922191002284485,1.776209681275374,38.945925319943875,1.137509272655464,4.978112272925372,36.666676371302586,0.26339528713561455,11.456697737674437,71.27648507939747,3.9324346634127045
8324-6103,107.64036751620192,2.597866359164112,80.35405393355857,0.9450188339866668,3.075726582988355,41.98534268177926,0.9034708936989757,19.43717423095938,132.99707417939587,3.74039614882838
8324-6104,198.69236734538407,3.55371165725631,125.75295990354202,1.7447747505464046,11.559921732654065,164.42631890244965,1.7385123467924402,45.87761229202359,258.9791263271999,7.963531003561995
8324-9101,133.5185394096919,0.8748685477914852,59.438184351478306,1.5281932390476096,0.8294900389526705,27.820337451653284,1.839583419844332,9.537253228407472,152.4012822637926,1.0455169585896307
8325-12701,31.207556368801544,2.6347328145005355,51.739756990453465,1.4089170052795317,1.4604916194167963,26.913796174971633,2.0106678033357674,13.314807793121954,68.88821273865464,3.5568977490195683
8325-12703,167.3577768564414,1.3134308652956161,69.1164571495548,2.6194005256512813,1.7251009990150374,37.86297989209501,3.036604285526449,18.205267329465787,201.30008324577543,2.9308321966150017
8325-12705,107.76866735698395,1.5612089483765779,30.80930765025873,0.5826109837659754,0.8700474080587367,24.829711064249558,1.3795937791714854,5.285129292768924,110.30461385976672,3.5169340604799277
8325-3701,23.893659743129135,3.716334375280728,63.99019081468275,0.6006346049937814,1.7009468571956219,38.22559456693337,0.8349538837121482,7.6150752768681755,55.048635165107434,1.466791230209388
8325-3702,40.061178652429255,1.917787402363662,41.48171675120223,1.2476519665617303,0.9338934859230886,24.449262203375035,1.2492020669931652,5.052352289466247,61.251724282627464,1.8195875194900593
8325-9101,202.7911424254098,2.2313972921039635,80.13852695967316,2.2841876586915912,2.6365374019602634,46.361807769708236,2.0141498853402866,14.745912068753967,236.20694262916228,4.069907647013058
8325-9102,24.77427302262745,1.4105424095226882,84.80416303063289,2.0590164800502384,1.0055796868942952,35.83863768484976,2.7976394993920364,4.559224424151289,124.18409027230801,3.612415041472498
8326-12703,16.721734631470508,4.098021468929021,73.1456413269043,0.7383789225467106,2.430136466939101,32.1859766578195,1.94209740040447,13.741323938243408,65.03963382696791,1.972025365407387
8327-12701,192.1569914761846,5.982610181986226,90.1467472185455,1.428198708191482,6.452539221108441,69.78902557164571,1.624836795845654,32.037850493198206,220.2963341030859,3.3671724459686523
8327-12704,167.16588650502152,3.0142454545789965,63.48049114835288,2.3406596423356336,3.158690549491101,38.846541701496406,1.50959664763396,17.126832952347513,193.33070131198343,2.412721748318728
8327-1901,63.725824828773,2.5632256692679927,68.44111506369188,0.4761306351363308,1.7807817465124633,30.6923100741399,0.39339824715792016,11.251641802732724,79.3174969060878,2.373279128004725
8327-3701,197.4812776079128,5.504242818468271,208.64013705856937,1.910414225594144,5.924931298290746,105.61768252577617,2.596691083088375,38.70647752057627,349.51471572869633,7.346486112730596
8327-3703,12.057976925924242,2.9157372843411977,56.20253789444907,1.2722673965520577,0.9735747342444641,34.26869929992672,1.7805714787730045,4.549017500839861,64.5301323248249,0.9059710634518563
8327-6103,237.51142304970213,2.907340160403139,91.79885342728299,1.8962074139069607,5.841833968236972,51.048544498084524,3.109825346730349,25.68892445158815,269.0558898747883,6.173068479390893
8327-6104,34.575899965390235,2.4970617706255656,102.89752558997185,2.285946436588475,3.960253579663622,123.09826551325345,1.548545459970477,15.500787230175254,159.37021961569346,7.08502182822254
8327-9102,85.96638691130458,1.4814794562644589,50.16498141480936,1.2131864138638895,1.293123226359426,31.77058006160221,1.5749128645962251,8.912790106729819,102.19214282860716,1.4288922081709408
8328-12701,180.31329258874422,3.6890547033918466,98.39594041236877,1.9743253094916482,3.8642717311238766,56.503376225642015,2.299079018639289,20.873527944474073,227.21758172269762,3.6053010084446577
8328-12702,144.84650206494302,1.7006547219647115,90.65476258510608,1.9183143105007883,1.5255345828576894,36.83443136272965,3.3602928774662115,11.565796772674634,191.6918484507037,4.7521442725933545
8328-12705,83.48114315401492,2.7381036370368563,62.133836034679845,0.9614011756481686,1.4439277774373784,31.43704778242936,1.0570162448776226,7.884029791239105,103.34747068606012,2.8127027380936864
8328-1902,138.45309140654493,1.4831358118655662,105.12501321293965,2.020573858476107,4.7563089174393705,150.90557071203017,2.078415902007063,16.898617319548748,203.71343244414635,4.295570142639109
8328-3701,89.25416588955078,1.5964051063459341,58.345149452555276,1.6879354028978746,1.8922489587566174,37.09506005465927,1.8368070968768633,5.61988118324889,117.09954031639356,1.7900368640084963
8328-9101,84.36473000317443,6.849672005450868,97.4782933491008,1.2591709205212038,7.947209593476791,58.08998813987179,1.8944287838702811,58.342752168532094,138.1378731927159,3.1849492556073296
8328-9102,76.4737261079287,1.9013016312462263,51.3660722933903,1.417580042913735,1.6486677869420108,29.448387994982028,1.769146173415522,9.515753544900296,97.92077407842251,1.9523263450054393
8329-12703,62.60929248988157,4.008398727840381,51.66564116518856,0.9460135172130679,3.4944677193985965,32.74531106019674,1.6051597470901386,13.099772276395054,80.28171514954056,1.8154500842404175
8329-12704,58.91120668378985,1.7030965439737322,44.18191975851378,1.5057838985542222,0.9704051945712591,23.01622446482311,1.3144145513830134,11.846310894523205,80.06174952096319,0.931763644064542
8329-3702,3.067386167643823,3.8580305224645337,60.81929969787598,1.3366091186471998,0.6937307601597953,46.85802603606109,0.7912835845545638,5.675978631693502,70.3811686477216,3.2103613871342804
8329-6102,86.81908400398441,6.655891257612679,116.99429808933921,1.7196529066117963,8.498085654602574,100.61973807477654,1.5330619531172598,40.477664928937976,176.28269228689004,4.349732179837306
8329-6103,104.30887517077632,2.767206566398126,59.022201842778486,1.9157729890793909,3.818444847507664,34.34592634275282,2.0200778173199296,24.321804954111798,132.49213989594705,1.3569334541036266
8329-6104,144.79646456293025,0.8231828493768497,66.07636411002011,1.1640876574251244,1.3131037829456529,34.841541649551424,1.1767691356298422,8.582428083106718,161.3955478022464,0.33895577160279033
8329-9102,,,,1.178,2.1409331257234725,33.63997236633219,1.4652532320335419,8.588063242653798,,2.820872583962439
8330-12701,133.36261114160067,1.2230523094568224,48.84404225293311,0.7068891372905566,0.4921712314866103,27.384692128102774,1.9517663703925048,6.555313427456783,139.54225191182644,2.681206902647172
8330-12703,114.21443400899088,1.3015338484513637,55.48555161673289,1.4283978864758167,1.0604642694519426,26.24540205764198,2.0950222682515593,10.985558767492222,132.06993981048097,2.050818093987464
8330-12704,3.776677241953851,3.7490144506948617,51.97993087768555,1.4757637841770124,3.9636104138432744,34.38152358471805,1.0980133677739432,15.880648292037469,63.258588035717885,1.585819923174213
8330-3704,11.130311258987323,2.7535440486877985,69.10358874725324,1.5126266460062174,1.4589304807003343,54.035012144114276,1.9921891054975984,7.425743321076652,85.71545306126903,1.9718664255451621
8330-6103,193.78455711674687,1.5745357640403832,121.33063399276824,1.72327665571303,3.4807055703751537,79.40765060757766,2.181543369226036,14.212094093510617,250.84063018065558,7.621517093267277
8330-9101,123.47368120855245,1.2328291388993027,52.331360108958904,1.0408065986705284,0.6338506929695776,26.749774575246803,1.9099193898045437,6.798107442219913,134.52164502417074,1.5005503092745212
8330-9102,37.41534196334159,3.158905530123094,87.75312257965248,1.5476752118892714,3.6929082004820333,41.890924584006726,1.5626630396116736,16.002517275983173,115.40343078214367,3.210694117386139
8331-12702,104.77931570536595,3.2206569740011375,94.21315282727281,2.646233463789848,1.8445025394704264,18.132141133560822,4.0,13.36150330342437,185.65286401829124,6.346526118561141
8331-12704,45.30220554446385,1.6163498981204798,62.793195701051026,1.9211841879732887,2.2007809622126935,36.851431307568205,1.9535871955024047,17.695386240731814,98.11977925834594,2.4456493991314163
8331-12705,185.28159608126813,1.4198445510176054,54.38723143078594,2.7789539140320914,0.5033781632414228,22.269953587711612,3.0069471623058313,14.536261440686644,206.27490098227625,5.22826251166612
8331-1901,111.58287669865071,3.1055513632849476,42.84427348807043,1.6956392872646089,2.3397063442314225,21.163784517277563,4.0,5.743077677875194,124.75298681687423,1.7884498338189512
8331-1902,131.02825856141155,4.065272734205792,64.12562958393383,1.7972456217656578,3.894085222193035,43.632834801798396,1.791849136258226,14.433823595563812,156.71264064542768,1.5002006059067
8331-3703,89.26474279935316,1.7439276143037865,67.29651724634425,2.291546455388227,3.9332927006174234,69.65544628072756,2.0256997126304164,13.683704872587379,135.44813971302784,4.429548188030351
8331-3704,64.80574451319077,6.142798672457549,108.57098129567811,1.2493491212505998,7.9725593894215026,51.218436184313724,1.2965225202005475,24.980560914747592,137.57428778739146,3.1416741297287984
8331-6104,29.02231849246513,1.5311082339201982,42.42509489991067,1.1818416982955324,1.9327820338000554,29.450421225511136,1.0064720557237945,10.280946060195816,54.49292120781869,4.376807974356588
8332-12701,8.681876723849513,1.396885030566784,63.43367419275126,0.8002073975981778,0.5870083154437491,18.30905606396778,2.640335250371731,7.680643188880362,57.40448008310123,1.5980709058111267
8332-12702,49.723846821049136,4.275632704056428,91.99077167474296,2.166936961403164,4.059516163466533,42.32180705911587,2.1416308406026605,25.10303035491811,144.25580086744307,3.5079556705406882
8332-12705,84.12594977050634,2.836699424001789,111.92510261886318,1.6880207235416522,3.1419789658783,40.813947169788,2.815042883979628,14.665589627930768,167.99820506121972,2.8725637159915096
8332-3702,132.67399276447676,1.6906348159081492,78.80907846856186,1.590696491077649,1.4544836008458708,38.40228933208617,1.7411206707828804,7.011966622480517,165.77695503962818,0.5372495299496971
8332-3704,28.37012706511158,2.8747618498568768,94.50740386538399,1.1779999999999975,3.9521646864954785,80.17538255268805,1.3852913799759505,16.880129912836424,106.42531224131817,4.646562799589592
8332-6103,146.0997788632347,1.4707688016093727,72.6376112187539,2.621440553903375,1.5221324733184596,37.42205175820801,2.670155501604362,5.8373529096533625,187.55385675437395,3.6642557550691324
8332-9102,78.5038993944968,2.7856908296262994,102.76256540490431,1.4861106940797384,3.8432288374867785,63.00582400989501,1.9283602149453305,26.80278291360066,147.83912341011998,4.392871470986805
8333-12702,,,297.8813945673997,0.0,,,1.178,,,7.354436064880478
8333-12703,109.34872984391295,5.779589124797841,105.67873362256142,1.4384695278670812,7.903871460426848,60.28698646005995,0.9102371458406402,27.230498661763352,167.39762495162572,2.7564215816107547
8333-6102,160.53503710344256,5.440690858617064,88.22553840180028,1.608713315471031,4.695064338663585,46.15078223298956,2.8010263885158975,32.94475035768555,195.68677362318547,4.483815346128809
8334-12701,87.15756047951268,1.644308052581802,52.49018083795653,1.2087147436038725,0.9297398614921147,25.577922335553772,1.4850902610789656,13.473992421294572,104.53092498354073,2.320182142407898
8334-12702,0.38623234754517016,1.720016987355341,71.58797503049018,0.9107851305132659,2.7168353385330883,38.859616121551056,0.7940074212933816,15.480886246086039,68.32112100959289,4.979047356523863
8334-12703,122.59686672803188,1.061097381431591,31.65329985820505,1.7861110695913327,0.9642118062776097,21.940035539943338,0.8334407195460005,11.264869880193906,129.690217370465,4.40908301067121
8334-12704,120.97897198259118,3.2746631990565924,77.19578074662127,1.1831048731432212,4.215742047397726,76.70945601190229,1.058668854510289,23.200741634966075,147.2625434158007,5.049970157109813
8334-12705,3.255379824886856,0.7321849555828189,61.820239319805715,1.1780000000000042,1.963974518452345,24.83437546562766,0.9671289623431576,9.966578607176263,67.17595969916383,5.633551599223139
8334-3703,106.41193821711089,1.4864973765025637,66.53694379530833,2.095219852939741,12.690105082193073,78.97159381507826,2.480229292793717,26.0981596392171,143.5248562587396,7.55805776829663
8334-3704,120.28911776688079,4.1547980133479285,61.02028500619312,1.8299040887639495,2.342386357730385,37.40958187912438,1.9384544893242777,5.482524017434095,145.88719722278978,2.221916761935301
8334-6101,160.008352530765,1.6009431434991583,69.64682384184326,2.1521101168174464,12.367623902470328,65.2368810722288,2.004551224887859,23.55096728681035,189.8469660921817,7.92458479051612
8334-6102,70.4800238857559,2.75795100356356,69.27984017270316,0.21139821126845326,2.3892790789894205,18.05582884126929,0.8530675828921366,10.38263056523429,77.34391359208122,3.5988205069900525
8334-6103,23.793109849627946,1.6969424025098496,49.51571352217097,1.5216492010792946,3.7073575303418544,37.94635151143541,1.7974147145110484,13.391339142789846,65.55074784741957,5.346530143459293
8334-9102,13.496853349666306,4.298443262880118,37.61995971001704,1.0487384738295766,2.8939952867524883,20.972824139607955,0.9846931330321815,10.959503072958427,40.82161312467223,2.5623917837998347
8335-12701,190.7953431987166,2.007154483647688,81.1030242654256,2.4511056299928953,1.5134139751738298,45.149529313997604,3.216264563243975,13.519537184144488,229.18442753504985,4.414237940725594
8335-12703,47.79439450657951,4.021162349371469,67.98355597645106,1.094769482665571,4.929476768275548,35.33529402450568,1.0272221200360852,11.07983317423365,85.69755073318842,4.362241078797169
8335-12704,8.632634090866794,0.502269907389241,40.21108565011968,1.7276149533164924,0.7112757063425358,18.992893900497332,2.1982038512462063,12.594612645564535,53.553312243977004,5.7569933433509135
8335-3701,83.86954500602087,1.8519690064535101,51.756968709621326,1.8634222914923848,0.7035372751965986,18.188246297191593,0.8204104083176302,5.639874986708117,109.66223618537109,1.6043188768152903
8335-3702,65.83167749028061,1.395991320088993,47.18931111767915,0.8340833228201534,1.84438316676079,44.52384150763472,0.34602609592734646,10.003279111174134,78.68400365313775,5.169751373626113
8335-3704,60.85089796897385,1.8179244494611873,45.05481042062678,1.0211869321285556,2.178126813054236,43.36313776299948,0.7731919290737133,7.409787601362643,75.99852525344404,4.064089207856556
8335-6102,68.87580353175603,2.054761949651061,66.85128934970406,1.0753923312872828,0.9613729469539534,23.50979259568434,2.0042437337404686,6.59389599627508,97.72362397185258,1.938739643438396
8335-9102,53.44275312836077,1.8730984267398973,67.01942986194334,0.663932672467757,0.44060890794597846,16.007051092518367,0.8756143131515555,5.177228057041653,76.40844518373892,1.9604060380738346
8336-12701,104.97812682287793,2.50023507576929,106.11474996830236,1.6786528277636061,10.4991999433955,72.91496931720383,1.8591191809869176,16.642061936600946,172.9815278109387,8.525749941466259
8336-12702,116.76898831367508,2.19907244617142,113.62255783336434,1.4301934239890413,2.401999351274638,37.298849429997375,1.4218071518800341,21.67885926283182,179.16170413778946,2.5062506781869978
8336-12703,4.924139772830233,0.8210952711001702,37.993526661829,1.7530083169027302,1.5043556688121105,23.796648773768208,1.6099541876965309,10.030492826228391,50.54432511745127,3.428562653689248
8336-12705,1.9172497685376408,1.137417134205946,44.06340626438847,0.8123352849382894,0.8689525776856111,19.49217762357206,1.6556285058059714,9.206329450855392,39.76044332028876,2.1071287393801876
8336-6102,58.55263190143973,1.4579593843416612,39.76919989576899,1.451796219953909,1.0404826521837405,18.629079707775034,0.5525582247148337,6.234609057827524,75.6607957417895,2.87358113880899
8336-9101,88.28326072931483,1.78132601254977,53.998276404418654,0.0,1.2314185620972644,20.265822165146695,0.9120335242409894,9.72415561524171,88.28326072931483,1.857980048489063
8336-9102,92.65982588811927,1.5135401510470001,46.531083666044424,1.7494438179707323,1.1652053576516004,23.97115929173687,1.7501499984253361,8.123699733381429,111.23685170920089,1.1358004208842964
8337-12701,121.10179209556641,1.4635472654962671,62.991402224496,0.9573064690759616,1.2676674539831478,36.16228042177261,1.1095500595076417,13.910323154380004,135.882877605371,3.785451707680617
8337-12702,20.806048625571957,1.2791521710150664,51.251077135204675,0.7577665918446115,1.4758447987025463,21.276365262132003,1.2643062265589113,13.510738265538237,49.22699093414796,3.494688429607166
8337-12703,116.65228379669391,1.7223758634395625,54.29934310913086,1.6656315705141358,1.453537615551791,29.460175073654426,1.9092176190556844,8.31032934371613,136.08355713179716,1.5838411720334324
8337-12705,18.811302612361548,1.235059057156346,35.806922090601184,1.333515169693434,1.4667428995229221,15.03889556739852,2.9984363064411563,14.903190047314874,45.42700156287741,4.101433214368598
8337-1901,151.46287789229933,4.3652850612189145,80.97815271569566,2.1185212833445313,1.9643883632796022,53.50416516681112,1.68183301218414,29.60098685092465,191.91957829481777,4.802311208403999
8337-3703,27.308424814165956,1.1463811440184393,49.22823485992163,1.5167461461322072,1.2815525775100571,22.151914807850474,2.147008663593076,6.609684884243322,66.49407234843463,0.4828838480701446
8337-6101,70.77100507441955,1.466219023963245,43.80796282521608,1.8564559467942416,0.8624449951658997,26.96258952347008,1.5679864155397891,6.141011372614335,92.58147537321472,0.8027943580861543
8337-6102,176.10895593680505,2.934074950069702,129.22154653982298,2.77608723455295,14.564005008067133,94.56769215885518,3.9403506845755825,57.36154601932536,278.154717163143,5.360072070209655
8337-6104,191.3762978022507,1.8248659361428359,78.2773194778934,1.627997176336459,2.0461742913062797,58.77843662323873,1.4020481906338087,14.798190698984943,215.87074265688128,4.149624821587014
8337-9102,9.844120424724299,4.324116651879105,53.08479636317479,0.8260997657718991,2.4404409062881096,28.399181970432444,1.7192634984779445,15.387904947313482,49.24278846802756,3.2965455785711493
8338-12701,56.2061693067558,1.1679323737965908,55.49765988294546,0.9307075967938858,0.528836231612658,22.73711991273313,1.8964330704873502,6.964140239213971,77.62540688574092,1.451464580585505
8338-12703,4.995960863435624,1.1179520054263172,64.14192418903619,1.3303276881879196,0.8110125883861865,20.36985331996612,4.0,10.804376166286824,74.14968481849183,5.582364771564329
8338-3702,39.93888953834127,1.475498010036808,48.84199923122685,1.172481409234946,0.5635549591948636,21.229344902436726,1.2227738407341973,2.8953950235842236,66.27305063722805,1.3051731583081918
8338-3704,61.07109358269939,4.010675117443307,73.45933784467985,1.3800471175273765,3.6686835043403017,52.53954961202851,1.2506178525776006,18.99772628684792,105.72034471835794,2.8218502761663435
8338-6101,63.5762410369843,3.2790333283838113,72.2668941281246,1.4533256874635139,3.8399305956302308,58.46005946172427,1.1584911006663117,24.6299535566352,107.85146091487252,4.249669957385182
8338-6102,102.62514859203706,1.5720217719484815,54.027286825874214,1.3546533464667334,0.6480774842810966,22.252879161623806,0.6918465732975241,4.2295791662604305,120.35814647537771,0.8231558433294558
8338-6104,50.28075516329486,2.417741907887582,69.93891359475026,0.7151316798460683,1.4265266315240963,29.981107639809107,1.779370667679542,4.1833467866616605,77.62851514927678,3.3150757813206817
8338-9101,32.6023405140101,1.6110971057668324,48.366243052403675,1.6613997430376921,1.1761988077684349,26.178149085407483,1.7200314053590797,10.041306860916881,70.35207297558453,6.070201806587653
8341-12701,65.72930463308643,2.698648841104979,54.42406528682051,1.1015208145713387,2.4369134735460762,28.670858779329365,0.9374623652140757,14.526424976598388,87.08055396454397,2.3695873453436613
8341-12703,4.874399308321937,2.1159152178281775,34.75078887295485,0.6949758052837032,1.6089722251002951,18.275873912345443,1.8869389946788022,11.07833469067954,29.377280220040024,4.170099543827616
8341-12704,43.08377722836373,0.6084994705972505,47.86983227384042,1.8399985569405506,0.41948144782538865,23.524606699811763,2.46163653099203,4.40213760477911,77.92693310149963,1.1161290691401469
8341-12705,54.153650338169804,1.5210154616391036,60.19780591840621,1.3207489391361578,0.6630603033910588,33.08143982044898,1.3609741060131706,7.716199378241816,87.85622310257241,1.1932451698158903
8341-3702,78.56893193270093,1.2489672743074796,62.339001376118674,1.1870538899977512,1.5669829137103848,33.51752536842206,1.4850173908547566,7.0401824040317775,103.85638081794335,1.1832249532892432
8341-6101,117.65301976097264,1.3375646041051483,83.0214126179901,1.9869436597921877,4.0829512688904614,26.057766557424127,3.2196764070532162,25.369379316233662,165.94382007981017,5.957133512415262
8341-6102,86.00427157124881,2.622063962895442,114.34916765392566,0.7862876087893678,1.479935345508273,39.011746604788705,2.081992477140381,8.332435468330157,132.9587187382059,2.0370212049573904
8341-6103,22.439143474277643,3.9966375090960558,76.89676703886428,1.2666133781545936,3.6411271128114464,49.54992852581496,2.1837086066342533,13.258324930529305,89.40437861116156,1.9055295836882762
8341-9101,174.29918088136094,1.7975687668699045,80.01961513250554,1.651556134715075,2.3138168326637727,36.41078780339472,2.173675915237572,11.53249994308182,202.37427611314482,2.538722981072391
8341-9102,78.34914471263632,1.3572989346665467,46.389290573099814,1.2474238917530267,1.272839321829041,22.6500903606864,1.329703557954437,9.50297455013541,93.93083960534575,1.4782822455761955
8438-12702,190.0659185186516,0.6228583847919282,59.009010826372865,1.3217992434493822,0.462986231090827,23.01398151445232,1.2224886343032173,4.627521026678255,201.810906780383,0.7148815168856392
8438-12705,124.39725406825569,3.0836941838955654,55.976172203784074,1.4573714077919042,3.2494483418461386,39.50289471676591,1.611302448737994,16.024513201380806,141.5666100311858,2.285718556407742
8438-3701,5.062794597805324,3.21506846885791,87.75348627225614,1.993434353745887,6.130175627230338,53.50015635356273,3.074862702588238,16.115363420136894,124.00169632424458,7.174282234392148
8438-6102,8.123354771447055,2.3517915059572085,65.03041799573082,2.078455211662796,3.108085454645204,39.8986814537767,2.823109459359956,10.823203591079231,94.10463858145476,3.350795935195765
8438-6104,76.54859492067014,2.6098659938903275,37.71437813090233,0.9051625370680965,1.4871640352853703,31.12354139690933,1.870415288181082,4.336550661491109,84.54092104117282,2.4133586204932196
8438-9102,121.20512055954562,5.61720985927658,131.50019174366668,1.7835225745617658,3.4831993075912666,63.94460911935612,1.7268591754451235,20.530005048508745,213.38202696198155,2.777507357886029
8439-12701,51.39128275615724,1.4965759298598467,45.30589104584748,0.6074889471355585,0.9062717983163059,16.02603753859875,1.0277165092470044,11.216956354154352,62.3539108015845,3.2149100081641793
8439-12702,124.83643974402499,2.132376772025613,63.55728118627376,2.618277754303902,1.7891368032114379,31.140200318402805,3.0513318292239733,22.27692610496468,161.7428297228599,2.7795934595696523
8439-12703,143.7894022694912,1.0317562451809912,54.79512951822797,1.8460397874553993,1.4311503677698842,24.00619131238963,1.1156202166589317,18.09196723209765,161.9201597924885,1.332115431558087
8439-12704,164.18852576889938,2.836159366437763,84.25162887573242,1.804412015661415,3.2436042020101414,44.74439650219952,2.0059235660366475,18.049009078970435,199.41463464556398,2.250732752837456
8439-12705,80.77107450799286,1.5422806183890267,166.80701651968258,1.1667757062142505,2.247028231933322,39.51480699881223,1.9616089928778573,17.80160672685552,197.45635300939497,5.9625127895924805
8439-3702,113.58169798518783,3.040125872651491,136.9884389903475,1.660992243867204,5.1978323222465175,155.40127519864916,2.2794396482522075,27.605752823664965,209.9302365348245,7.5272394230699025
8439-6101,7.137005285482172,2.338578219022643,54.73339616278188,1.5322262590389606,1.6588866164048137,24.966276713289368,1.574073992637247,11.254523522213654,68.12558602313929,1.1505325209871544
8439-6102,3.048260579719639,2.335814871721421,78.44354592836567,2.170934204014962,2.9575033231315975,49.157877635765075,3.7109541638420964,17.440609270643904,115.61961984183273,1.6143192920814036
8439-6103,124.51601737278368,6.042155779770261,80.98027725891116,1.735408310940449,4.983371924304909,55.69179305872562,1.8087407935005926,22.99531720979217,163.96557080705836,1.316676746770045
8439-9101,82.90445029728548,1.4614220697741962,43.20459717453286,1.180523110842075,1.1635187229406114,25.607578269917617,1.1663592754326506,5.963487821535092,95.27201190978192,3.9076429165326436
8439-9102,23.8454075774513,2.668525949354934,58.40296936035156,1.338328045955374,1.074897416513718,32.88779802412825,0.3450757942334908,13.314306333745114,71.64855710624319,2.491667650898225
8440-12701,130.2481604998792,1.037981558241161,69.56676440901093,1.0966838078439622,0.553152596768561,24.428347803963323,2.9678106799094777,8.782254473772081,149.2381407949379,2.1961802729948827
8440-12703,4.350116310552825,2.356605176110914,54.79982497588488,1.1786188248061618,1.351735976415748,27.32127449974451,1.5105504689248348,11.29093286032689,59.651826280283906,2.1098702985233966
8440-12704,92.3290039447949,3.130124194421389,74.33390546569825,2.456156226516562,2.3996498685645657,44.07697328435841,2.124457089669864,15.415747384983614,148.64793527003366,4.2799658580964834
8440-12705,203.9295524013728,1.4543514862094213,104.90528542884019,1.5941580208092514,1.4671639980964168,56.73936436587716,2.156295644325871,22.445346297768786,243.16899663486154,4.059904495525643
8440-1901,44.89353794888804,2.3043427997764176,47.22143092278648,0.9156414911702435,0.6683459688724965,37.369531841231165,0.4429146648556247,4.600256675725831,63.69603853436144,4.094672901246183
8440-1902,15.871124031814555,1.5588142428727982,55.10819361724589,0.9478712254349875,0.900214718042923,30.673782609418318,1.1761793903066247,3.570687543855309,55.950826878990426,0.48483821329285615
8440-3701,3.549520036847975,2.2415114871759694,151.25530221609344,1.6713643999632848,8.703963715484438,109.79426157677324,2.1307407744098685,22.12867994792689,195.57697213864125,8.390366964238256
8440-3703,27.87521075346063,0.8864472908542407,73.5183300013076,2.1945936029062154,0.4948663539137125,30.95856146724725,1.7531886353486454,2.0415446854531423,112.42190515215418,1.1799157532266962
8440-3704,53.64171345340901,2.100118745394141,62.32658548199967,0.8314201444027265,2.1072642406763484,42.21380621223766,0.7985090574174141,13.11130516470475,78.14838977101475,5.366803946983253
8440-9102,65.4271061501667,1.7974864792582788,48.77245227250413,0.938229567886222,1.6534132255949552,25.39583180238204,1.3867634222568388,10.799741414482583,80.70019686908269,2.58373968211636
8441-12701,118.80498820954764,8.061483933954822,92.66630392447358,1.350841917458781,8.019572906560239,62.9312766185095,1.4566926199655454,35.032430267248216,160.3569893946507,4.033107473480037
8441-12702,22.740693774596103,4.31371158297717,74.18347689803797,1.5075495821933398,1.1758776605680292,22.98427811113327,1.0726281528478883,9.959911361346922,93.88007398991118,1.8164450210628695
8441-12703,0.7920754499132295,2.998395664092969,91.50474292001982,2.2216686401121204,13.36023764734245,83.18694126763451,2.8664300629379644,23.82843595969458,136.3925255014543,7.4068663747034265
8441-12704,170.6300882313818,2.7966505471407475,132.66767653350632,1.458664671128981,10.997188764685996,59.14122197523568,1.6911418806785647,47.58105236352988,234.06871719595895,4.0938797913593294
8441-12705,92.78181328786025,0.972214797476147,51.9976032733172,1.2362399605452958,0.5609950296450742,22.466381889142486,1.8012654638143308,6.34691295862883,109.3203987952477,1.8769067854916666
8441-1901,73.56760488152388,1.7784668733955016,72.89648799542525,1.9016803024074127,3.177782452920665,111.58004229595312,1.6214869652295465,12.999231656460932,124.56936851196629,5.519703727808907
8441-3701,44.34970502521863,3.249757196619937,44.060195269088595,0.4773822167844589,1.2877849919223416,24.01739168925288,1.3359845973754954,5.2480582909969105,53.792553560755344,2.573369127206152
8441-3704,65.16416261706637,1.8265914193343806,70.41246308205521,2.5724675418497647,1.884768441282821,38.013343406135135,2.5501878901135915,8.562164266409416,130.38574842536408,1.2652518042305783
8441-6103,24.606790080826524,2.5088723418932894,52.06008944602943,0.7431474145765944,0.9002300017726218,33.71929289995139,0.41981415114826526,8.033105497141516,51.182141058400966,3.550215155971621
8441-6104,143.08698874425204,2.969770745552405,58.92094559184132,1.791854986279414,2.737348368696789,31.06060612652098,1.8529871752959544,20.4686504108789,163.38491233075837,0.9107449824595103
8441-9101,6.39159073495694,5.24678062443564,66.280270751858,1.0106474281083897,1.2089493147698247,31.039250528109932,1.5297769783454571,6.636299215209841,66.93804348612517,3.002123735043034
8441-9102,79.32728262226803,1.7254959899538087,124.23974924120526,1.7585628304762357,3.2446346086080986,43.48777571119168,2.436345526639201,23.674044573372413,182.85825447363192,5.612212287196094
8442-12701,32.78610593976527,4.735287719477573,96.56288146972656,0.40259707896050423,3.7225489285641964,91.92345309710069,1.1615222309144542,29.509031724540936,69.49029393432237,5.757236985451845
8442-12702,67.43226810279918,1.9950570491515773,49.1858017784722,1.3695538255841309,0.7832536007697654,22.811994646536874,1.607041752170872,5.347004350102239,88.65886543060547,2.0189291426226657
8442-12703,86.34736254028542,1.4081209039224487,68.63945170612091,1.9502789579199948,0.5337811058338521,23.50466438006766,1.641360097378814,7.1542931012545,129.0130273939613,2.6944231318807774
8442-12704,29.61437529818587,2.359277620487549,57.751215526014335,0.9671761956322515,0.7723577957324856,23.974888479820578,1.5786107118138872,4.584219817326843,64.05263516585812,2.6361638683496578
8442-12705,119.78228939359077,0.789601430785863,55.65445714600203,1.8186935947241025,0.652855520576103,25.38552420675478,1.3450750318339926,6.324981217077889,141.35434984733362,0.8766171789679844
8442-3701,135.30971351939988,2.721773958305109,65.62166795407133,1.4368647079630539,3.8069007250983864,28.27480020520813,1.1040659589998918,19.00058228060764,156.51245997388617,0.5471619184245358
8442-3703,119.75823422809415,2.3258049663246947,58.529051842905716,2.4808456326013255,1.4426691998534082,35.01053309157203,3.1155441131180197,6.677238834069762,151.1308813001388,6.295187344179983
8442-3704,135.95911302795335,3.0208107145451764,88.56814440784119,2.189603917427083,3.79119118506727,72.95626111647721,2.095615104838237,10.58897280599973,188.8407421740091,5.586261415978236
8442-6101,19.499546413330652,3.2490994344860047,78.30625233628191,1.8983538574281749,3.2629999714639975,51.40814824114804,2.4359169498235715,21.44703886138773,109.63890629642552,3.2431667833769904
8442-6102,86.6861418443499,2.1547973747247298,77.83153823934128,0.9513718975668553,1.131958779788799,24.194996487462866,1.4274345753413578,7.384957884233822,115.22872352647326,1.2490200192779761
8442-6103,210.29110774023403,4.020245052132404,86.3297500494399,2.662465172294963,5.932267487765119,54.72394426263671,2.682778030471132,19.08211232685288,253.11111981129895,4.038313804543781
8442-9102,76.82730968033954,1.1296963045413375,51.926318192732836,2.05630503484713,1.0761528954414012,26.311058834357308,2.7903507446751297,12.863480017919377,106.99036505420642,2.8748614225535434
8443-12702,23.65504590200261,3.3032224235852925,58.15862343506574,1.5510376127289014,1.6505021581453827,31.88733069438047,1.808457609016111,7.735118182878092,76.1959994891075,4.286081808000773
8443-12703,115.06179053320143,5.463811370662476,72.6673220415044,1.8925399470158135,3.826803800369546,33.27621054446308,1.8655062813838548,46.020864761079146,152.42325265822421,2.9995509830927274
8443-12705,24.869109947648326,2.8144788450809903,68.01121579786361,1.5548944676491963,3.8070265156925855,31.614023960544436,1.5285086752495127,23.903863049127278,88.37803233583146,1.8498847836684646
8443-3701,174.43280175850177,1.891917305379091,123.49044736890865,1.7759970494569273,4.210693043787683,104.20027664604191,2.5583641913324584,73.68109092475125,239.81360058207818,6.848718736628321
8443-3704,92.51694589360524,1.835445271650355,65.63870996607761,0.8447900144853784,2.87583308824712,42.35871915667623,0.9110905623465371,13.928923151279431,110.44959291603196,2.749742413977975
8443-6102,22.521286024461865,0.9805908589395167,86.0400139874819,2.4412662221695483,2.555342133370112,80.76014000417439,4.0,22.755698540325508,136.30707610773945,7.726691696067019
8443-6104,63.840883251034384,2.782616814380123,126.39354272076069,1.9620361861878575,10.148953883414837,101.71803538356647,1.5300561768238046,16.86723186369436,188.20156559686654,7.000380240626932
8443-9101,29.79565807485099,3.5350744577519757,89.82068758368112,2.0733471116691398,5.981565616032588,54.058774700268444,2.0630423219379566,31.964052143584002,132.72166240053363,1.9837773290647065
8444-12701,46.9074380309868,1.752418099701886,47.898552688477004,0.5117748408932306,0.835313359478585,16.4706595655616,1.8598970563410324,10.876275343678211,58.09008605230592,6.007039668090792
8444-12702,4.300557305881535,2.0481194362377293,55.93490664939994,1.3124731810904477,1.421323203542476,25.679474690561243,1.8173502701075543,12.448255626810072,64.22497740881592,3.4275181547979043
8444-12703,225.5700684605734,0.9519438984533023,47.57790104830644,1.91498035410947,0.4087219873198512,23.333197222374388,2.09828259206021,6.322807230844134,234.9823691966862,1.3225911892041855
8444-12704,77.62721080378472,8.413117719057087,59.323924374256315,0.9685784397853325,4.081188554553745,45.921976687733526,1.4213502473469026,11.508147978470154,97.13253360008262,4.868796800487647
8444-1901,65.46721569071578,2.2716160546046194,47.45304553639523,0.7811279920988374,1.230084688893724,34.53215923821952,1.1847431286534431,2.955365927505303,77.7489146373074,3.3231238128001754
8444-1902,66.3335051604702,2.0689372451368584,49.709869384765625,1.5156584613431408,1.8981209654972242,45.7630058662871,1.5567144974974374,7.619371995189833,90.25205676198442,4.521955964791965
8444-3701,57.26817371207148,2.599895265225819,114.99536589982145,1.5794433764573115,2.2904664530755476,38.53170368983013,1.903045186807271,13.414543899279943,155.4544916338886,2.446336609089462
8444-3702,40.329569051644434,2.549877041557387,57.50950064245784,1.1247367128384498,1.4126276689689055,32.28130877129198,0.7362572304848938,7.562922541393581,73.11883379945283,3.019450037570636
8444-3704,84.77109286839844,1.7703056420344707,53.41112061830078,1.3865375624993386,1.0274759913403964,23.269451681036227,1.215498525652514,7.113719234954223,105.55368385351103,2.941330080743688
8444-6102,78.21659247957047,4.702178288359973,78.6215271728251,1.7157032331349167,3.905714161677576,37.632574522797015,1.370162439251682,20.922039463612254,129.31816632984598,1.5503527004467004
8444-6104,75.07905851669607,1.2451937744778545,57.599665147122906,2.4688634298571293,1.2062063108024506,24.9039954937246,2.9183750953909877,8.24558633751276,117.59194753272554,5.211260094611399
8444-9101,184.91084289785937,2.029714699979414,94.06792227795833,1.7812717361055275,1.3980686518523924,52.58302003817509,2.9603860803282163,16.071999320543135,223.5041181938181,5.679419102517775
8444-9102,274.5111299029857,1.3936128740840135,131.10769853979508,1.5966778048922277,0.7651394452138137,31.425727437762895,2.4163330530707485,10.160424054417435,320.6275413242614,4.44190740497542
8445-12701,135.60176177215712,1.275455003087663,67.28597796006359,1.4992790517353451,1.1153528113683104,27.94883214844456,1.5929963131056843,13.165531269300752,158.66845312651907,1.2747433104009553
8445-12702,19.322719804305517,6.577473073144124,121.46196429778209,1.5308563050523172,11.734732728993492,101.33104495982941,2.3509367621964374,32.767675432532926,151.51931888815056,9.36064564360634
8445-12703,24.84591096692734,2.475139027142142,70.80784250420987,2.6750033813622816,0.3069812694229214,14.737080758785025,2.303205389530878,8.234831116461658,118.4445819501832,3.8009878698479183
8445-12704,132.75399001684852,2.677308217279117,75.27856665854254,1.1827187196646265,3.315863355124585,56.13800801969494,1.9649821369719298,18.243985704216623,155.96770929269348,4.284810922449607
8445-3702,136.06612080785192,4.784673050245092,190.05098477657612,1.6515204503812173,7.074918764985776,120.57130410785885,1.844203234485108,22.96120482342379,279.58161365859786,8.060849094491672
8445-6103,63.34068725405717,3.046113359524725,70.84327686283146,2.691122099936773,2.7900318981924155,42.55687269331073,3.2022274953630094,15.286204633665387,132.35620571549777,6.878432686384577
8445-9101,50.72248653936486,1.055242512668207,50.39850227705128,1.1689623732028374,0.7564324365920584,26.27457121958088,0.46256439753056733,9.234695004538025,74.44424508630927,2.4677198567260197
8445-9102,8.92774992718363,4.024552949589976,64.41011047363281,1.3209992884226938,5.5109541910525905,48.77115896932034,0.9501370292165898,22.071921956362495,74.56597552649168,3.7970371152220506
8446-12701,48.140856418791806,2.2170535508419347,58.420581410142105,1.4614716557258154,0.8437311161291563,23.551858193226597,0.9080003940389925,9.546179989695407,85.47217494830092,2.565539745021412
8446-12702,131.91684730305917,2.833206841208007,68.45087302473678,1.362957187363651,2.4239701095618122,39.74502524904729,1.641437075016969,13.082384335939462,154.23430394421362,2.482869557312619
8446-12704,146.11558812549694,2.247684284928295,81.93824196400769,1.748395579203284,2.3528594926997206,39.18593176795324,1.547415127523168,27.202316434651483,181.90182882547867,1.4307245596194165
8446-12705,33.44889285233147,0.9701848518841067,64.33795011956302,1.1787575906956222,1.5246591696164102,23.25690505118819,1.01480249288293,12.505261052377199,77.44768810732486,2.893959078808647
8446-1902,52.60476246163932,1.6866477820515755,134.78933243572197,1.383966910311846,3.1726065119289255,66.20660953671859,2.883677300146805,15.139859597882875,167.06704948133532,5.727734825774566
8446-3703,69.26378036039155,0.822795805034125,53.06411728465865,1.8140045925417678,1.8025106911782383,37.3119181856531,0.9275106383125005,9.671510025201462,99.52560668922838,1.790932132285867
8446-3704,212.36291583167366,2.1736620251657963,108.05467216094836,2.1436643639305464,3.782159735376647,51.908513073135396,2.4988171613258148,13.781576830877635,264.8150873756268,3.9832486710748762
8446-6104,2.3568701568799297,1.9009539496848205,54.541338695551424,1.5882397620200885,0.6668153590223587,32.28921394197221,1.5105935412575073,2.18797181349048,68.77632719212606,3.856423484729013
8446-9101,189.38432663269472,1.6263903730126066,110.9685194566847,2.3444129156461164,6.427268307560243,49.00406277539751,3.518562435936486,40.405314013019805,254.43182324164252,6.496264669871164
8446-9102,70.01037806079019,1.8801931089277808,60.78190558498942,1.1820824143846185,0.5509309292135977,19.824799353054594,0.3480947244326409,5.70053405182932,96.27349399617235,4.5551386263409945
8447-12702,53.154285786537436,2.305909668257499,66.7271630652967,1.7513954100636444,1.084130668895487,33.172420849970976,2.0087921773555397,7.999746935805334,103.0703215747697,1.5666004176633788
8447-3701,189.3939801492851,2.7253723525296487,60.87241046054121,2.412168729630765,1.2236837274954002,37.25618702844147,2.0875959909226838,7.600246384776464,211.67959559906865,3.585955855084752
8447-3703,48.28275068581921,5.835981889844547,116.43977898352273,1.2744934713090208,3.5200462062815734,66.02216953056259,2.0353936910766177,8.976158497998686,140.03960011614362,2.6165822023942553
8447-3704,75.7036964523263,2.6050495357141217,62.11984280056515,2.0022840209516843,1.6286877767761523,34.54516125623396,1.7460877314808867,7.257752594680108,116.00695301029087,1.4674998867584457
8447-6101,305.0199769474666,4.254480133730333,132.74973856447272,1.7747636404563365,3.2964116288167578,61.36022776630834,2.178544103774879,29.87703836266595,352.5804111482507,4.295250854034162
8447-9102,106.94127815193795,6.20433888362574,134.3618840465527,1.476627181036255,14.260584178560235,75.72734966286863,2.6062161139180278,28.02033189779049,195.17724916157167,3.2482930736499993
8448-12702,56.56056853870146,1.8520582060636648,62.54434240008247,1.0632029393462403,1.3730591735830786,25.530855275139658,1.4593465756633213,12.311141852144868,85.7795407252026,1.816362620951245
8448-12703,33.421542919553104,7.740369190811186,67.41071467129356,1.669472081107977,5.794927974235187,40.813413558968385,1.6522513726436712,36.213492037033305,93.29213254830093,3.1892941449684917
8448-12705,55.79473792836624,0.8925588702727251,43.33957159472156,2.1247592286284016,0.7670959860467436,21.83686454245529,2.886366212955785,12.343508253222911,84.28539182718113,4.308948129051453
8448-3701,29.786606628573335,2.7676674214105508,46.193512485031036,1.1724061842959042,1.649583034378837,51.4143467320096,1.0570001080079368,6.533201553770965,58.21485931573859,5.859926956427724
8448-3702,57.2760752112617,2.311825063313138,51.03188335834068,1.4492901971620926,2.1107059989359116,35.810521990351305,1.5177732853656618,8.366638747980323,83.99325751538339,3.759760816007841
8448-3703,130.88618862898446,10.399270040234095,166.79598047927368,1.643020648538425,5.183008327264563,61.46072806843372,2.5505165027329575,23.850635666882297,250.68208165456838,2.4388963021946632
8448-6102,54.76099241091091,4.151682212185796,46.21072022917657,1.1231775521673812,2.5074616254441517,32.51219416405616,1.2376885041837893,10.898471629895273,73.46587014358423,2.7353647390649534
8448-6104,107.27703943899952,2.7045483854466754,56.004992112534644,0.9397641414672611,1.2672206329238556,25.671375383757994,0.4297222475288135,9.491805905029171,120.23306117534084,1.318149517921393
8449-12701,55.835525535569545,1.5057959408019475,67.1957230028027,0.9198406745664436,0.47197211286466,22.08781463197775,0.9381059132183993,7.548077758596021,85.26975131856007,4.7980344877282075
8449-12702,96.61911181389397,0.9540869674610081,60.831598561044146,0.983261073169623,0.78724156996862,28.056621913764943,1.0806767965637327,12.892634109984147,113.90256375782097,2.154392927837966
8449-12704,96.00108554817612,0.8163034203115451,61.12391721526041,1.538231763891337,0.39081866825299105,21.393420999917822,0.9014787645552238,5.444954513153377,122.32435274521255,1.871809721730948
8449-12705,10.46114268645696,7.202236096607033,102.16966257477286,2.0795929089527188,10.220047205596433,38.1467434021873,1.2650332827904243,50.090088030541494,147.70767456965135,2.080600485185612
8449-3701,59.884280936060584,2.4856995764364362,109.7008744551631,2.083875842718524,2.5525675545012962,55.55233368744276,3.1814001964867478,12.21662311284172,169.30468495551818,6.097605114530691
8449-6103,280.6536421509204,4.571995672835325,199.11873426095306,1.3405839323991184,7.391389056244831,96.35551972417981,1.8881985412095852,32.06971468189243,363.2055905535188,7.691202557354946
8449-6104,82.16622666172215,2.4314654845854027,42.50768191338771,1.2021228069841106,1.845585944069922,29.580735105561207,1.0848995178923018,9.826337568775605,94.46379272588608,4.331841699456013
8449-9101,39.10115581913737,1.220091901628426,50.11037755613933,1.0635334617232255,3.171899528726988,26.867797413246933,2.8012871463249995,18.29166930696301,64.80344142392707,8.729010891166142
8449-9102,23.57939827989186,2.2119507730897707,44.46182374927335,0.6675251952751604,1.1252577129843895,22.81725000656818,1.303960462009755,7.947390905005712,43.308056096220405,1.1506526834385022
8450-12701,8.406693960427353,2.7335743917774344,49.07074260663083,1.3260577839152805,1.964944030190629,28.663072460147912,1.970199918733904,10.330094775964174,57.1291268938373,3.643339476519785
8450-12703,34.10120929578738,2.741354595216951,41.83701075491489,2.120183691825484,4.7561691454923425,25.288001240574232,2.4640972776977295,11.89456468479967,69.81350293342356,5.3141728624937175
8450-12705,41.34752139396589,2.111342601680673,72.29927472708309,2.8899858027442598,1.6824329819085715,27.69560667889094,2.914422833671904,35.416606781668285,129.67693830462028,4.9874667068072505
8450-1901,38.61660816493914,2.8103946137324747,53.42951731328213,0.0,1.7512665701655366,42.66396832833699,1.5841324450504053,4.971198570520636,38.61660816493914,4.2069612009835815
8450-1902,130.54178991566823,3.855761943599763,98.66915711020158,2.195942722128085,2.9282117947503083,62.23002285948241,2.537227524634895,9.63631449369181,196.0101643083164,1.802510738534755
8450-6101,45.53736784921006,0.9210957824827738,82.21907676524216,2.409926979241494,0.7452584879046699,31.690465264211937,3.7762539681407983,7.630515070345003,135.5164263835458,2.0218995652758833
8450-6103,187.95928340476473,1.4642626622261259,98.07455168994494,2.5431510083159177,2.979647948744677,52.568883432144126,2.8999631233717995,24.589186326973213,244.52052979839027,5.29593025208523
8450-9101,88.24610769057443,1.1336469563193798,51.47241660170858,1.6411802404437168,0.6237392983648109,21.45317696460372,1.0696474385185104,6.664435738884437,110.16140123984663,1.873685336982296
8450-9102,136.13633784644205,1.7144578007217068,70.23773738010834,1.4996686462539026,1.2969010825898428,31.372377619511298,2.934555785491149,8.95225034928319,161.03253531522296,3.9643585756756305
8451-12703,79.17832811040749,3.120297091895379,75.97706211020005,0.3122617042478848,0.9594061545198952,26.17551545225644,1.8621147710041317,6.233801414741803,89.84287780039874,2.6483953092411463
8451-12705,19.082181118365092,4.400712645425578,57.66284827042755,1.4388942058056793,5.722288716618182,38.932436593502565,1.570528703821569,20.646436600011832,71.752761116104,2.4375983206801823
8451-3701,8.595949424959691,2.9381016753303286,61.78572651071744,1.9866215031346162,3.228290370799419,38.61071509438632,2.405267934767401,6.840319617626379,87.50868675008793,2.113786816316323
8452-12703,157.81500376690005,1.2865058369900284,55.93649978132959,2.208991909469164,0.8698652187063528,28.476357445569107,2.562245286525518,10.342352230517049,178.37396823738098,2.955878931531462
8452-12704,171.88229249017348,2.9573771919325154,74.4603042602539,0.31971746154064906,1.5819973867102077,24.483627698877953,2.0487054793164114,11.727534157624566,176.96367930916838,3.6047056832687914
8452-1901,17.114170165127316,1.7798224959695221,44.400916691840514,1.402765921014256,2.1924015031637905,38.348014827077826,1.1801979993326412,11.32307689514637,55.3024921314776,3.803903470387284
8452-3703,303.8315770999163,5.780348766329207,188.48604483392586,1.7933216852394267,5.331386386170942,66.16806242189799,2.2687203316222084,29.099646631989025,394.9999331673137,8.199486499604264
8452-3704,115.74494888157933,2.3549731175775315,50.932134575663305,0.8636773550129972,2.152665734334554,29.40329469683156,1.870303878941605,11.222553958874972,125.04936368955063,1.196844060949656
8452-6102,56.0315765633565,3.8753339448527955,80.90545879115649,2.4580401795686626,3.8883835681783627,45.26333925380051,2.168143623998006,30.78841856971736,138.66908312170108,3.9704333876584315
8452-6104,77.86850444930695,2.5050721934712885,51.09210354272839,1.227574921664733,2.0491271001272273,36.49288738361109,1.7583119975145203,7.588764776455841,96.27029291500092,4.665506856691283
8452-9102,66.50939910175498,1.8569355966549905,54.44916788054824,1.6225627714454736,1.3403073564328747,27.391138911599754,1.7374652193474143,10.759427668828723,96.09334679417884,1.0638597513403323
8453-12701,110.9427553699363,0.8403163414481375,33.59064556986895,1.300304834368375,0.3133031593847367,16.28141872374205,1.8170170142882456,6.478023907381919,117.36894748622893,2.5155678783641435
8453-12702,82.87480256777148,1.5525127367272828,67.92522911011574,0.9864240376938529,1.2217834828846699,15.773945844500583,2.1328902445209392,12.736809752984412,106.8617442142355,4.135901173510662
8453-12703,88.06585337217449,4.385746340246636,74.21077267288437,1.571806414578992,5.571371517465741,36.43914948849553,1.7457630185902997,38.5524893986116,128.10896835234462,3.1372058867040815
8453-12705,74.50016196151651,3.3036789811385496,71.15700095643044,1.3842913674225568,3.121281729893858,26.80802293478004,1.215588371765325,23.074798983710583,112.06865135725155,1.301524052656203
8453-1902,5.524189524818913,2.8388002701330173,66.79342061211486,1.3393868715485646,2.0976994150219475,43.79771371708941,1.5381552854429663,8.393518044796538,77.49841980448248,1.1698229038919257
8453-3702,163.8815508021236,1.3867224543257735,85.54150642387644,1.923100226153018,1.3455602536778852,45.460404432800466,1.7263362910402638,8.722731081272169,202.30956187950306,2.5850539282378087
8453-6101,22.78340947224583,2.5367373393740733,33.60158604723212,0.9261433502633847,2.7656633705456724,13.634604793598765,2.169375892464999,10.122481928948604,39.55706329822857,3.8052654934416967
8453-6104,66.58068771664553,3.5677628435850663,84.43056997177302,0.9820677078807609,3.347836506007488,51.14837428251332,1.1714703055660518,14.090274022739008,106.92837976428905,3.370043820846147
8453-9101,,,,1.178,4.764734828193853,48.732381988118114,1.5796378575266186,18.812894254414303,,2.408622216068389
8454-12702,131.08067937273825,2.787652394093666,112.49543087640689,2.1035237009394163,2.5378477445364327,62.87210903301317,3.1543459210571347,13.198321972088266,209.29095502505533,2.4203051284307016
8454-12703,152.28459013180702,0.7469898188821427,69.52222066065545,1.3612482487904725,0.833424209071433,34.30578725031627,1.5534223951087172,6.6009767404725865,172.53976604418096,0.5570837659775956
8454-3702,95.3587229939322,3.3455969567857244,60.73562698704933,1.1860704953136045,1.945187619718141,40.76275643518339,1.9237641497459337,6.921111165111145,116.05379066844941,2.5960574999994273
8454-6104,79.99700465495991,1.3770024200846243,67.98282959509103,1.6365249422604928,0.5304916359507805,31.74017741179452,2.032728284657363,2.964133753740483,118.16510058820398,0.9986989016469685
8454-9102,140.22422756351583,5.011424588261074,122.0010087235349,0.9916513979137611,3.5838001944588362,50.2964660955832,1.3240340761576017,23.79613278679249,185.5338715088309,3.0011723651668123
8455-3701,127.44450924039339,1.12139638386874,78.37096862859552,1.4273967116469937,1.7852208542073817,40.90434530460493,2.1542252830492252,6.860361854204508,158.14292899387434,0.5976444589059736
8455-6101,91.90458234615627,1.0019874721189221,39.74513258546868,1.8400518053269543,0.9584359963726015,23.954136130551056,1.2670330891861719,5.884646454952843,106.55110102681078,1.4732860410802542
8455-6102,49.48074046030666,5.284548010331524,102.57271961922629,1.315725760405125,3.3394096639078117,60.329366571136276,1.4562525859039372,13.60545053051085,127.63741071936808,5.323132119564848
8455-9101,83.68361217247883,2.4936417126192376,79.21513340759013,1.6094682449199755,2.8135495927255314,37.760815787922596,0.9704336850762065,30.982694267365922,130.77622228103783,1.8116885313909603
8456-12702,6.5365465044527475,2.462300498601388,61.00948420403884,1.561654653976405,1.7857410163745107,29.155789736261664,1.0638863767608095,16.950440425839023,76.52091541787803,1.708717022308781
8456-12703,93.15747991665361,1.4762063554382299,63.222462678365915,1.272774043716411,1.35581189786696,34.12497456793393,1.380301900227319,10.288562921975032,117.32730060871693,1.6594703023874415
8456-12704,33.39626302182,0.8389310187363735,37.074622752967365,1.1091229908122024,0.45374776963098024,19.545174729463426,0.9640277449755736,6.5000230823115235,51.37928186017914,3.1693733411334515
8456-3701,218.25243295261103,1.3787617801774872,126.45298289307243,2.1617153947686276,7.810125584274049,138.2025187874094,2.343059568381908,33.454281393609776,286.7066883255412,9.572339840782039
8456-6101,23.01781653533144,0.8122536854890791,57.69853613365004,2.9265027888474813,2.0291222961970092,43.41548496769399,2.6271309037889004,13.324877208745505,101.35335208849257,6.622136640752357
8456-6102,224.38362929304725,1.8016671119080188,131.15576424327224,2.2360200986676686,2.930795843390725,101.7845442032391,3.265007201025351,13.609401474714796,298.0128533432542,8.038856960606399
8456-9101,105.38984323594869,2.003214553975598,46.84793620083876,2.1364080570489534,1.1122329963262012,22.550280825702128,1.7931106658398086,7.474602104914854,125.68156605372907,3.5872855804969492
8456-9102,39.262383363680726,2.262445623829586,57.68647339493319,1.3711565372697017,1.2574419927752225,26.035306742143305,1.1749674205635572,8.278729839741029,78.13048324254999,4.947025192666296
8458-12701,38.05790602244355,4.458010589671013,69.90193230481599,1.4250643033220676,6.3526013340709815,73.62823069603502,1.3047280667866743,36.71006550965116,91.71514386557588,5.180159170339099
8458-12702,44.9073733510492,1.1296919659111577,43.98052073393867,1.1574868569085068,1.3784344069350036,21.209118976011332,0.8038666740059313,13.212283031083137,65.23482996032759,3.1120842171670104
8458-12704,77.96510684440811,1.978651830365124,61.29861495932565,2.8201674962994803,0.5638680907752566,17.907368382311883,2.065095530960177,9.116020687495723,129.13324207389553,5.180529044559963
8458-6101,90.72926413418581,3.046308631570802,72.96409165619914,1.2396737193710856,2.3222779356608334,48.39957071843635,1.1173210161295357,10.086374489639901,121.78474076545497,4.146528213410294
8458-6104,42.38008296454257,2.0258197988230617,100.21700834857621,1.7766988489094917,,78.15739230970561,0.14745020589967028,13.263536714045301,140.14369513898922,7.081133132980373
8459-12702,41.54388396916446,1.6364124272827953,58.14993422595096,0.6662467254432012,0.6646922104166477,17.152395466343663,1.8351462317355738,6.8387127705926245,63.077340358819235,3.0848179728149137
8459-12703,0.12820006355755012,2.898894561913788,63.657318489909144,1.490044544827975,3.087354811223779,34.329116739094275,1.5745511522290165,34.0118724472389,77.70492710399877,2.048743444620977
8459-12704,18.16399188712311,1.6688746529570722,50.11464604142766,1.043503924226851,1.965289074610728,18.186022369980975,1.6411898040417827,16.008846153740063,54.320046822266946,5.013468960510938
8459-1901,46.81003772058974,3.021161062662358,77.03787270157538,1.118162414249531,3.223319568888434,45.786609056513,1.3408470535971369,7.049890748249753,93.95364684436228,1.2019384159726305
8459-3702,250.36623862472987,1.7082521038132321,109.2575265001409,2.1495397856012124,2.1264031464966875,54.48641195493309,2.9451982629287894,7.916500263318584,297.22509151635427,1.4005443902312384
8459-3704,65.55625156352698,2.219674980970669,45.23592803355891,1.1297719177395158,1.1681666913970357,27.528872568908007,0.9033476714653392,5.74362597741384,81.29859885577534,1.6617058407505734
8459-6101,124.35335518748573,2.062564351065947,67.92454187864266,1.840377596510689,2.238269145467798,37.376640883963404,2.405309490078893,8.308064432588537,154.773340457358,3.402304645711012
8461-12702,78.38142822500684,1.6689897331388417,68.13513992480458,0.7304742406438214,0.6664817413403387,26.948794591276283,0.5335931874967694,9.920354949882263,97.64630012269218,5.071794528493106
8461-12704,21.09774849214322,1.3859503798600672,48.98008533314876,1.1036031362194856,1.7511238365071995,27.479397503956392,1.4785764500709553,11.820684984871017,55.61216347240285,4.523673560538167
8461-6101,18.931984151270985,1.4801676654935951,61.160197663700686,1.2832751098863706,1.0007709346117222,24.141765714717177,2.069771306209586,8.317810900356736,71.82339533287175,2.430726879363032
8461-6102,74.91568564544481,0.9800328547471083,44.59434492616682,1.1170412483774452,1.211369326096961,22.171661378088558,0.4836709049229132,7.766760516119456,88.50858878700366,4.403551618336232
8461-6103,75.79878271389695,1.8346863603337416,60.47017350378889,1.4665125118029678,2.7864305358220434,41.900405609993435,2.5374806781556036,12.340392167033368,105.39433824622155,2.032846593596094
8461-9102,16.26381830899347,1.1696748407622115,31.35489602371212,0.8511290366264475,22.615082410663057,48.434986680793344,0.0,40.386861812680316,33.18556695562665,4.138846634304588
8462-12701,3.0835297066169267,2.0407000784500777,71.511744078126,1.2872333845717625,2.233226444916613,24.919779496989385,1.3453666966742375,14.925402923114666,81.19315849933002,1.9516644251027275
8462-12702,38.64058233941799,1.5366206630427657,62.651204869070106,2.2045179295346253,0.8081693385124248,24.453745520723345,2.1967886819548834,11.642201953390238,100.72839668180266,3.6347725395369594
8462-12703,73.8125567890437,2.236539788033851,55.44381332397461,1.4385939861601922,1.6029747173037736,21.905352565520396,1.4833693408071609,11.4839879491964,99.35066732430394,2.680246101686282
8462-12705,157.6564854047106,2.658595594782869,72.15606403612887,2.121745600874413,1.8179315970215086,35.30812902933777,1.8042607842252885,21.054407838619518,189.4793675325186,3.0712927603074047
8462-1902,,,,1.178,,,1.178,,,1.4309329441607417
8462-3701,116.93449363889565,3.028782251074659,120.81153902663408,2.413856528140202,8.16659910736703,81.85015045076698,4.0,14.878181829851972,221.14462432901206,6.611034673028711
8462-9101,10.17868150777935,3.2106251756809248,55.73977520665265,1.195124099245046,3.234082456201222,48.678183983888765,0.9585464116121112,20.210752794312597,61.7799608237478,5.4412003877862345
8462-9102,24.263241297964875,2.7420165870586404,55.40513445217975,0.8906183019316982,1.4542060256207323,33.78762368108087,1.1390429214766784,10.24807097723791,57.642533251650406,3.6977172023274085
8464-12701,129.16724650114833,0.6519709451880569,46.68945006619275,1.4923636616838367,0.4062349810393425,15.699856373615226,0.5718288861561271,6.400280337026905,141.19981657128622,2.1432092425460922
8464-12702,23.173855521880427,11.76202417194713,118.46018098526646,1.3676549396763922,12.233045887127348,68.1372767999888,0.8921436451345546,25.62127909053463,140.46022789245592,4.525431879369642
8464-12704,25.888801012787436,2.4964661561199173,64.11736613722142,0.7346258127717373,1.5808612289734651,30.349630678031943,1.7918931362144548,9.685345353803443,60.747869519426104,2.0003167547119647
8464-12705,34.24070144852035,1.4535170760170482,56.86095102024489,0.9325496024766271,0.4909673520351749,17.9455860904697,1.4299840389730583,9.446808864979667,64.71101093750303,4.171306801748738
8464-1902,50.521379385185035,1.4108255984733438,116.74701885102839,1.884937461351719,3.6874404815512416,71.83023102648289,1.8660625112772138,7.534967680319959,168.05908355559276,3.741117299062708
8464-3702,29.485421173300512,1.0584849134601462,76.42743691861492,1.3501697684782805,4.850797315901142,86.03080360371848,0.9481949307421731,17.84471147812751,93.57317141827268,3.3385709263910908
8464-6104,31.166309259229546,1.4669480991080965,54.83855815635333,1.5834135563283436,1.5923137786771862,22.83439019466889,1.43866201033268,10.55180931756292,75.71715061707197,2.1022973272648278
8464-9102,80.17215591934875,1.369965569506845,59.15385844146717,1.257767799549306,1.156881096043661,20.50975084249054,1.6284193455093212,7.079381422678011,104.06118015961738,1.7006359937174589
8465-12702,86.55402975097725,2.57632172459859,64.49938093618329,1.0131097208339495,2.492886211077175,26.69452760728057,1.0274455674316862,14.084369407951879,108.1956971254225,2.7380446916073855
8465-12703,156.91663626875166,4.45342060969346,68.36961951055943,1.378456394189503,2.1958254332501306,41.677828862650955,1.4772081213034296,13.630236674296833,176.25633044734707,2.5126668764651434
8465-12704,166.74529482437214,2.1969770551477152,107.19733791373994,1.8905493718593824,2.552031155092931,72.51099752789908,1.296393004273379,12.443514463607043,222.55068011460315,5.268530146845987
8465-12705,49.13090463219901,2.9438506230455226,94.80293510399318,2.4188605546760553,3.0754041739354254,50.42218043337942,2.70954135318029,36.97167262155642,155.41424791714294,5.5947696734513706
8465-3701,38.991687317380574,1.9705439817441128,83.24382692932602,1.4316852437456897,1.6530907458896764,65.14032598905277,0.7221938621225461,8.591885594521363,106.96384570095404,0.9596164190221389
8465-3703,27.793735674883067,4.449248723969435,103.20551341031627,0.9024284845320134,4.288973035636735,59.384058779504976,0.40136329636731916,15.603178454454497,101.90485095390214,1.9524155126409015
8465-6102,81.87805324975663,2.6501301964778294,69.6849657755169,0.976803217026996,0.9240986726301859,24.351078874856253,1.7705438736189798,6.7743120689436696,106.99236706238005,0.9411620319163754
8465-6103,5.809112455711727,3.0229546195007493,129.70434480178196,1.6138764894532551,9.139858712919164,61.88409950336586,1.7527694554603879,25.639205787909237,164.87674268485432,6.655892952457502
8465-9101,24.354839188821057,4.922106295458165,65.39976723438531,1.0404841705631604,4.317937428514995,80.69456032061676,1.5724541769690736,18.73197258509783,71.01720769378788,5.121457372009974
8465-9102,146.0800383589904,1.4472398951992427,61.96297691278134,2.6307279283217637,1.7055368512711322,50.53317116342801,3.3227147988457206,11.73713388958419,177.31278030185126,5.472355945917753
8466-12702,22.58483567985466,1.8516384365795784,55.841974476695135,1.0128539486723867,1.6298853601426924,25.73902749052532,1.4012573231987773,16.689448029861744,60.56800904725226,1.5572549490233425
8466-12704,117.34546221876819,1.9567230544912608,71.24556172579572,0.24171153059134476,1.1127689184302612,25.58444332888697,1.6912100052195647,7.912413084323845,122.46170147712711,2.636403011861794
8466-12705,94.46508428911227,1.7037510890782563,62.71049181894013,0.8725396051199525,1.8877304073459138,43.205661890170454,1.335867838865635,18.032959965356127,111.15307664551686,4.355890992860353
8466-3704,165.49938558280712,6.140935095124356,171.41215984000635,2.2157549927816445,18.14984696968572,239.52196637185642,4.0,49.07461699741342,304.12767819058274,5.882314908865718
8466-9102,38.28945994690041,2.874915670005155,63.9792129242105,1.1024021294244897,1.093412321497627,25.09836187344968,0.7405812512221335,7.344083338136845,77.32133683383933,1.1083061853260388
8481-12701,111.81043875924274,4.178026140007147,87.1189453787249,2.740305743736766,4.703980892968685,37.48402154837363,3.4758910897051183,21.896706323151506,182.4820590806588,5.938329059221226
8481-12705,52.394634175387594,9.642676349694822,55.68596336401148,1.0991109090480569,3.741613933300607,71.39892116074739,0.829254581313347,15.854930725899035,78.4439918159492,3.2749384692653294
8481-1902,108.8760081940163,2.3232942384761777,106.5336171093885,1.9936863045470323,3.3744173986320027,57.957154961869726,1.807336741745826,21.4434060259113,185.69101103939275,2.8970074903062324
8481-3701,69.56081477708412,5.5959238859761,64.99867408248382,1.6972480768374982,3.213367684236129,45.838218726013885,1.1477732637155995,11.999237541691414,109.5868948672697,2.52132861867857
8481-6102,23.896416494364804,1.857351417837972,64.95585443718781,2.0207025078990064,5.079030179604384,16.489103216752987,3.2129422366475824,17.0997423186996,95.37774425262548,6.265864110660734
8482-12703,241.8368006526493,1.3352927696103174,49.11074447631836,1.459767912083206,0.4757535420845345,25.413681003426287,1.6848780867118056,6.625377957734024,249.0096416019682,2.6776901026863937
8482-12705,121.10147968495409,2.8269472564881872,62.21689422723349,2.1547402414581485,3.4368685220203568,34.276599986388874,2.0070815925430554,29.409767850090333,151.6787484288721,3.1551485033724376
8482-1902,33.032074184170234,3.1204004990527627,103.11068873241419,1.8275108623816116,5.81016252935017,143.27193036317684,2.374243477070702,17.869375589143697,143.25108633410392,6.867003169145615
8482-3703,108.93728177306483,5.422412537703003,159.85034355211423,1.7763428678515654,6.674942203414707,56.721757012996164,1.9539950489759663,31.51995194159352,239.28367973918094,3.906348818530031
8482-3704,230.54652934885,2.043883828683536,82.7555853488481,1.9986123414233927,2.199477581711102,40.8236542160433,2.3829159660673254,14.149785069078792,258.53273031875216,1.0357866832438392
8482-9102,99.01165293069185,2.795461625231032,97.18325451115533,2.0210481633303865,2.1060400895370974,43.30178520200079,2.960696591037326,15.110768153421935,169.97431717056082,6.831985509768827
8483-12701,50.649583913741445,3.3158890786356188,64.07053862218363,1.0079562175674366,1.8973677816364625,44.91389557507512,1.070126570845071,20.420713968661865,81.87230797379424,2.7947810401463324
8483-12705,18.07002769045375,2.5057830343404848,38.34352035096114,1.305709557155467,0.947042651197019,22.006078955658833,2.0353678041289087,5.1500089066765256,47.394234420817945,3.0122831584693723
8483-3701,32.867365223671996,1.3211019416413408,87.32073672982551,2.599915972966598,2.108617091932607,42.924607055047446,3.9489531506332245,9.274277274331094,144.58351137661705,5.36995800212984
8483-3704,65.1597297809811,3.622670080581334,63.065594554233286,0.7031747136443753,4.253667870423831,37.567817821056806,1.8941629498180022,16.007027247399765,83.91963731758284,2.8074907814283696
8483-6101,147.47581031803335,2.62405625960234,73.11798487669806,2.4009336072553236,2.1629795056705388,38.463896849127,2.2329232814789117,13.364767502483767,185.97064614334835,1.7139171905972679
8483-6103,55.750092489566065,3.8221856007228565,65.60144566075655,0.9690936008421194,1.5973364334704843,29.161672886604592,1.7250566586792315,6.065776929137611,85.3148009514974,2.0903638724495504
8483-9102,52.64260091867258,3.264111796388176,53.25341062511024,1.4518643409635381,1.5738629324966058,26.822086815597405,1.654803699596017,7.299816982780688,82.99772823195111,2.2281142973400065
8484-12702,125.91858157072933,2.762519021730054,72.40250075047388,1.9101906426292858,2.626833948743058,35.21228425001398,2.6670537313843674,16.43488150106314,160.8382473052637,4.490077572858423
8484-12703,134.50719206206034,4.355733464454392,65.5954427715136,1.4074742048858042,4.114742668249075,36.93408385887882,1.253996683616813,10.3557767188148,155.39694784444822,2.259321684857896
8484-12704,126.845401861564,6.266990350204749,104.5874518420279,1.6848553233719432,3.9731211951858034,81.69133379718062,1.8179813246630423,20.823413935346764,185.79452370180974,5.086276958452191
8484-12705,44.16649753019402,0.8751327216061493,46.420857623312045,0.5402518797178852,0.33024478095888804,15.26410071672446,2.1753103674349044,6.617935875874672,55.81098575395445,2.8310823584607787
8484-3701,53.73314471572405,4.079380594753118,58.58563343011299,2.0473143795879185,1.8364406252835022,27.7938412888337,2.120132838675395,7.728756945967089,99.57007462283765,1.365742170165825
8484-3702,183.32149222423476,1.215822128757923,95.42481021411857,2.0751064953504144,2.1748588980440884,60.398121396791716,1.919384194534031,13.856826779181072,229.1341749627644,3.436186401653794
8484-3703,149.06164867536725,1.7634474288457778,49.5482167638618,1.4712676917427117,1.540129884883835,24.508062039437792,1.4173190655258152,6.891643295625949,160.72142117626183,1.044603634514782
8484-6101,127.88864688661302,1.5536662230132712,63.273124003047286,1.5550591354714678,0.7949191739114585,30.19095707320063,1.6700478244865606,10.734500055231704,150.2703128847163,3.0558687511821856
8484-6103,80.51825771869886,1.2880363295908281,44.549835280774985,1.1292994980622384,0.8542069680559731,22.737609872108035,1.2834540155927174,9.84324199866679,93.4050147957458,2.201006545017497
8485-12701,64.33724511603477,1.4340431383563177,47.32916242732911,1.119471595668573,0.8530972598111844,29.950713376097447,2.088535539735089,10.453196457654483,81.52884782211875,4.301255514309697
8485-12702,4.7013787921873655,1.7325961679824338,47.75657176970483,1.4385220596740596,0.9926105072576412,17.7466687592203,1.850398930307715,12.637446038326242,57.471088823589106,5.370970070857391
8485-12705,1.6472611241816322,4.452395270564172,63.710608902971664,0.906378549058626,4.227107775755306,16.65153431256207,2.3914617359061126,15.92320928725581,60.67735808232007,4.38127193742046
8485-3702,47.24102597498725,1.7371203550022662,66.49349506884622,1.041987886088817,1.1587999804198654,30.068439951560244,1.213944050212944,5.374711525224198,82.69669900672,0.7891334614544718
8485-3704,19.31433712819406,5.861682724085232,,1.178,2.6988785033129012,27.476869765244253,1.1352820207936112,10.22796896638763,,2.070646474005006
8485-6103,144.31670503574173,1.403868576086954,86.36140158424402,1.664482934089654,3.2990895121914026,55.37538812388679,1.8998126377561562,18.138036223768495,182.3225454440017,2.1174076269242437
8485-9102,193.19565263474172,0.8659618119448083,63.37242193861997,1.6397750343961803,0.604899207706487,25.101252494101516,2.052568706676521,5.474796711700846,209.5471342085428,1.5422515392703695
8486-12701,37.87204199821203,2.7831987190556013,75.43702419929821,2.2933895126813324,3.734224684739752,29.652345271939474,2.102703077179799,35.55727821328237,120.35524748042523,3.606832673242107
8486-12702,60.654341013619714,2.5698442387446536,90.08918173210337,0.14676488406310484,0.6869438380646198,17.807874751183668,1.233147229475581,6.414844894511921,69.78611456706696,5.0373856554971415
8486-12704,67.62329065188534,0.9133158577891416,42.06729137483291,1.3987826658908658,0.8045181478529895,14.634620502343342,0.0,8.519420404559202,83.95400514459403,3.7440356254517133
8486-12705,77.14804255851618,7.70734949127351,137.68369263758836,1.2543294227991981,5.375449918827008,61.4928739040974,1.7894206685112284,27.62761549786656,172.42358160138255,2.4994303696857147
8486-3704,48.83302263885966,5.998766155125031,203.7025853901726,1.8518228892244029,17.446106063715515,137.39856284527582,3.1409803444674607,54.70759484619988,281.4703883458322,9.18211372282921
8486-6101,100.98911322935552,1.8210007225304654,74.99380339062552,2.402897075428907,2.1858798158688466,46.924211167909604,2.0800327692268867,8.628901496779601,153.9898167419652,3.5534476351766937
8486-6102,31.880777708869413,1.8588285705505083,39.32505973425395,0.43476965604615136,1.2262417747412737,22.322502643229637,0.6670242194067466,7.453268246496909,41.09425762909826,2.835674154074143
8486-9102,31.716052469501193,2.0975348831511247,53.85510197414177,0.5875464363024538,1.444641541911642,26.992623802121457,1.6910838041121754,9.951397372985651,52.05776812233727,4.1036763094494875
8487-12701,87.77891508851219,1.6182206016211251,59.36885051535984,1.2995674473349377,0.5695904065007388,17.530377991946697,1.4858982527975049,9.224579492159972,110.8407500327902,4.204374097546072
8487-12703,103.0020530072387,2.1217398441070747,59.14772786359691,0.7462110244231503,1.2659352702478757,22.065632152732654,1.5983012829302563,6.2084749537942185,114.97829208857762,2.6805157629005847
8487-12704,96.87282501074581,1.7563856685805437,50.77830908309841,1.2225304439470015,0.8684252529652793,29.307745033607603,1.4166721127577504,5.363621168363071,111.96678773863498,3.7148528024830885
8487-12705,63.24634181480298,1.3715776206712942,47.62420731801055,0.8347916132143607,0.5318008944908962,23.48039057034232,0.9300778220509704,7.09534476772321,76.76888364163473,1.2588956606163257
8487-3704,11.608308003639351,2.25649111954086,33.797302847823,0.3462489085192245,1.6025740612363346,25.903029692482,0.7067356820017219,6.720470202383363,23.027337874393314,3.391139906234715
8488-12702,15.677412562249668,3.6874134993373797,85.48457321711565,1.6921390296994998,4.874365545986331,48.5922535879783,1.411681416142737,25.89447187427934,112.2999429230019,4.105505756506296
8488-12705,212.782582093783,2.526769716556082,110.37790311113534,1.4266061791956877,3.610097089851891,54.070324357720445,1.5106395907046357,33.171717247741164,250.31414643692483,2.651593167566754
8488-3701,2.2462572293813263,3.5442690569362365,58.04584894435735,1.3577382097117927,1.225634660310877,28.934281115350373,1.4367617935651809,3.894718726767156,67.6734878909633,3.41174466536501
8488-6104,74.3768737579775,2.382220616926446,38.35532163693769,0.5262678609290385,1.6016729293382463,25.486600613717407,1.9330594277795519,7.6463694259297466,79.41113370004712,3.606728350730323
8488-9101,80.80181979797877,2.549083681894254,41.650912603596055,1.0973507085901895,0.9428074011985494,27.1230110076717,0.8894877730577258,5.861252413177736,91.82927892905397,2.5529758832836658
8488-9102,70.40240370719827,3.633628373260219,64.00255274786474,1.5840142657286518,2.609633786726577,32.39459833033404,1.6528058673787713,10.977346558836524,106.98195394502089,2.6008494717159234
8546-12704,67.5250786651436,2.5912360405848394,56.44330713856004,1.7566602523335515,2.6777555699705875,36.35312772524614,1.403543778902213,13.905193806746945,100.77741266977041,1.6029656223649298
8546-12705,123.19266818990805,0.7226866979950007,52.81115459602812,1.415137798507434,0.7925060127676086,26.849477956440936,1.481660854899506,8.365201695200188,138.28694211201412,1.0890381353608767
8546-1902,163.4356590016958,2.612153398549231,60.010816357865366,2.177534105916481,2.7860262543455288,35.406000489473435,2.2279237544467403,6.8014496838149086,185.8848138712625,0.29177774121762506
8546-3704,6.7266246881350025,3.611160789880288,62.76932776902487,2.4213830021007086,3.554995505403269,61.909394257578256,1.5436278997353847,13.736879423243671,97.90540681102,5.278746024725324
8546-6101,90.48220301644163,1.9619798719068222,42.434734258127904,2.5946744611096193,1.7643527812642221,23.651278952274517,2.1094481485801664,6.563450352327678,113.39875076626566,3.049284155458822
8546-6102,25.284105571412567,2.201834716114209,67.13929116055262,1.7458726329783962,1.9246053920232211,37.866228291343305,2.2073287776661594,7.088913556275067,92.24493946680832,2.669568663346995
8547-12701,131.30095686614692,1.9484340294063636,86.39090628164114,2.236855936451346,3.697184667466494,82.46266113246486,3.576695240691101,30.693947691744363,184.21310096496305,5.0675690125713855
8547-1901,72.4833201302899,3.144257279919166,107.81541383590667,1.2756464162444447,6.286983911131792,69.60811279582725,1.5754157017945771,22.279755589767873,141.7115173776432,4.100451500147188
8547-6102,0.9025765867070171,2.3359574014031628,72.14030920518587,1.794272524116883,2.232469524964252,43.039571389788385,2.6978109200961216,19.081269521943913,96.63648978426698,2.0432507799443145
8547-6103,92.27569083415545,1.7213527322924522,35.94076282346207,1.384534038349397,1.1947277775328262,32.994525008793076,1.8597914507137712,6.0925446860344765,101.50497006121854,1.9925943129750587
8547-9102,7.503227026128777,3.629064183447885,73.38633912072389,1.266080491515064,4.267707256263977,128.59032534129685,1.4876133121974422,14.392926261693054,82.91468051864231,6.249861937739254
8548-12701,8.172777244312165,8.1943851253962,107.152880807413,1.4857215147217813,7.606372202147099,110.77043625650192,1.2696702069206558,42.87317950300836,130.8642893697177,4.4292870427240345
8548-12702,0.14008141846126898,2.5464885796231544,69.30355507955144,0.8378762603346939,2.2586244993089264,0.0,1.178,12.317314158151477,63.437566512525045,5.505108387644892
8548-12703,65.43511694282854,0.98936239818289,69.02331931150049,0.7074878906765718,0.5604702001568475,19.58389434532971,1.6450605006409815,6.65733770605218,87.47789151304237,2.487126480390754
8548-12704,98.22277373486382,0.926813800619477,68.20206186355145,1.2401989340117259,1.4258537821626134,38.27688879958092,0.9571673226885273,15.077843180958677,124.16329959604354,3.4113495825583566
8548-12705,98.10054620094947,2.865551027930702,112.03156567731617,1.9775973911894904,13.641188161166953,73.01075804278759,2.3872482585021486,15.033804342218229,185.59279035435824,7.514097582533502
8548-3704,83.39175462043211,1.0862119290101906,46.22069448424294,1.7908102338243048,0.7522536225240699,21.234252272721655,1.1816728936206324,3.9896376384198704,103.82671542196951,0.7145960775845981
8548-6102,69.80349479054102,2.6180151906777187,86.5390516920499,1.8952454904424343,2.2835653771781637,51.62796513141049,2.3383973415108903,8.085283099252555,138.07981574485672,2.636652210680528
8548-6103,41.67573313799405,1.8157364802169298,68.46249734228138,0.4154343941650833,1.079010701829009,20.802269968312668,1.1905448662879496,5.166723565167723,60.6964159356634,0.9002531340149841
8548-6104,72.11945808531874,2.9004942973009444,90.1007787667335,2.0091069977494147,1.7619648236935272,102.95760493633472,1.964377528892515,8.061951851287033,146.667818147296,5.67541238820825
8549-12702,235.79014173630875,1.5726978449798952,68.04116122195094,2.1814182174825145,1.882380909782266,31.729684639324777,2.4016989916974514,16.948654691978266,256.3124731488657,2.1230164886748106
8549-12703,83.29924298791022,2.6391639481710145,75.65667672496782,1.2757342414110957,1.8414672463581387,19.28431844274859,1.2369514792586864,16.67688513501554,119.33558088627788,3.472012930482437
8549-12704,54.01626096788017,3.0237898374392818,51.36271469707627,1.105777165244611,2.288886706270414,43.486336533230194,1.1326600735029975,13.400089026730248,76.38677019068636,3.9107778051513993
8549-12705,51.49800233157237,4.93867822323534,67.71336755488369,1.8857615682739715,10.685532429092392,61.36184848542767,1.6397184785584784,61.47653457536323,106.29416675173408,4.401310649646947
8549-1901,37.5532011887969,2.498354803454973,51.18823528537035,1.1410576668177754,0.9995612136670348,25.357652523404703,1.0162477353296226,4.698160048566847,66.33311878432784,2.067858490668545
8549-1902,5.186990312527065,3.2456301659990654,64.85618873762168,0.9614527870625476,,,1.178,7.23076257118014,63.805077950163245,2.366663453129905
8549-3703,53.81364660927187,2.195798968046151,71.72452169542203,2.1167963291198832,0.9090135804877676,24.30919304483966,3.0274407393161136,6.6475715073557495,117.4119688993118,2.4115538044782863
8549-6102,155.3072322311666,2.041400129927365,67.63063820873182,1.8670022192848132,1.6686555631090108,33.11231837796534,1.8677575158055584,13.232389544955627,180.72029176127128,1.981304378641361
8549-6103,0.5773695633638314,3.656775167655258,67.09060624503482,0.9261216042952332,1.0505358768794346,24.376042656008977,1.8571914022811464,7.224031266714294,64.56736870910117,2.605256144871801
8549-9102,16.972561980327242,3.2055787841213044,47.06515169555481,1.6578964020048366,1.8604862625252452,27.766053178220595,2.008782920856421,6.451401399689674,62.93267384391207,2.7936340563941164
8550-12701,116.78212285265721,1.363342902888008,158.29704479267616,1.5864966059751913,1.9833963013172489,42.36842411072023,3.8212036448807307,19.370622311000506,231.06800689524118,6.883672865972084
8550-12702,168.61078864898943,5.353818364207704,90.76289340336761,1.6254730329203557,6.653558466700077,43.65205641245187,1.9072174175154304,40.48414820341886,204.49960129266202,2.205785050112991
8550-12704,115.00265069806996,0.7289887539111597,46.870086845403925,2.721109383397999,0.39330199492594775,15.992304717521693,2.0866793679373625,5.3383807597290085,138.576175722451,2.3726559406203
8550-12705,2.371514444722398,3.4763626666005067,91.23171571926609,1.6457090107507115,3.5862831129877923,27.75837721435771,1.9756567217121623,29.33761666342749,117.06080484201824,1.5557975483068196
8550-3701,126.14016824333527,2.0367700200147807,69.0751806173673,2.337577345118877,6.062120515621885,97.83145807931896,1.744313785419552,18.02557465701674,164.51386928446144,5.6224160028151
8550-3703,95.09668118435407,1.6472773625604205,112.09047173447874,1.4353223133786732,5.3549398449307,94.53522249976733,2.0692867516979256,35.932202781355855,164.5513943600425,8.935420544559879
8550-6102,95.28825420339071,1.960331696573739,48.348638125465826,1.1074057039413538,4.3472762829207605,42.00238035470674,1.0015258699846867,18.102857258063313,108.0208904982754,3.931117011670157
8550-6103,91.07654571027415,1.3194713824460966,83.31202836845628,1.7727334137453852,1.4417374083418695,28.861290743562613,2.006161378857117,10.028297739326028,143.52453455492503,1.2759346476301914
8550-6104,12.883138773648195,5.2170664517854854,108.01405182484527,1.277756322245481,8.260767358064236,48.14874724316152,1.2293287996645357,30.1306967007338,122.77460445126985,5.201967219288129
8551-12701,47.347322651849794,6.36552387150446,102.63955386324945,1.6846598104382844,4.943483758066971,43.49983313453665,2.2392565036846994,35.36904620886397,141.38406758126587,3.1944012026491753
8551-12702,194.14652437909263,1.894962535604779,76.27712854563602,1.9066292987362647,1.909384341235951,34.40687061416458,2.49359892308638,10.49750730921806,220.8755852534535,3.6446069920637907
8551-12703,77.59511748923529,2.097321404244031,41.85970019947774,1.0661448782945513,1.2625675767984388,24.530415113545075,1.438871655857076,5.221929684899474,88.82082017610885,3.963147633677231
8551-12704,39.99279110408722,4.8602136236302815,66.04358972838841,1.2646501161515837,4.757073729755773,36.78969038551981,1.049485827228839,23.43363442237789,84.35353133590384,1.6933657162039921
8551-3701,58.87791709985776,2.9677792185657874,73.37074720726801,1.3770749650141365,1.9647047335851593,35.06776198190048,0.6857790523019398,5.5476981483347885,104.30613937909919,3.426523630318571
8551-6104,25.658251345807788,11.65798332365451,70.73858771120354,1.1780000000000002,5.224641654797679,59.941127216997,0.7870890764126208,25.943864962492352,80.95057974076002,4.84106302793615
8551-9102,28.22790310984439,4.061211704716365,74.07203205293239,0.6744864225173042,1.366573910429444,36.39024426978831,1.5388714002032744,5.738906653419795,67.06337443273314,3.7223287717871907
8552-12701,163.7645009529693,2.4400457730428107,101.66483592814103,1.3995927007259308,1.4704964477411315,55.50232123705478,1.5628155310505267,14.575266562429505,203.1862112532562,3.1045854305343292
8552-12704,167.29657354730833,1.8316939062378672,78.21591551924098,1.480188704702647,1.3507182744802744,32.87696706458321,2.1393662733037004,8.051604842329748,192.46697778305813,2.340660814429565
8552-12705,62.00551552088023,0.9516894542826277,41.94806734373529,2.2524406869460174,0.6059674980876111,22.011146994054222,1.1241256057054947,8.44361748519546,88.36384714615613,1.8891871582079267
8552-3704,108.83954832251032,14.898004031973878,28.016126481991254,2.758585079028048,3.347781393336165,28.73616539372706,0.3956131219187352,3.29471263387455,118.36921022664056,0.9514742101402089
8552-6102,59.920178169153886,2.4042570167171187,64.67946243507136,1.3242019743200681,2.2361842508286878,36.376909052790396,1.4947417400985885,9.914663907261577,95.55175459220453,3.327506772670048
8552-9101,126.32304278996146,2.467811549537665,69.61837688335312,2.3784850311439127,1.6114795975169556,30.4248655574816,2.476059262847431,9.932969199167335,165.78708726550803,4.246676327478915
8553-12701,15.943073145292827,6.558749712288348,47.632853013421155,1.7441542194478394,2.9089488554245513,29.345802915449596,1.170984670263404,9.280580327831018,64.89586548314296,2.8031472059501383
8553-3704,9.891572896966938,3.9535003068441052,94.86957841022354,1.8023131303760063,1.6527324660717668,61.434785161097565,1.6460793879024838,6.038713321115003,127.74618729996968,1.87850473836485
8553-9101,56.644578896058995,2.464075993042028,69.70944918943687,2.0711144214321697,1.5535740160362443,52.6828586250658,2.9944845028723637,10.646110925947687,115.20849304626641,3.908292417623427
8554-12701,41.81774891999575,3.373712522885838,73.39288521205886,1.8449591467139523,2.276068383089667,34.96142966052173,2.2461560419988977,13.564388086369984,108.10469624124931,3.5148118992509345
8554-12702,31.067550338487944,1.1991470869682281,46.818826326439705,1.3774753863237401,1.2895609991596964,27.823063506890563,1.9278175422352266,11.359609131797972,63.12386373310735,4.920566984638696
8554-12703,245.66112664813323,2.3388112226754916,72.7092607192985,1.0999822182844363,4.042892638272526,26.690924422383905,2.027276143654418,42.018018092878,257.22479545009566,5.147776921658809
8554-12705,137.6142482774633,1.3418755215454494,69.2249318311165,1.9961817691238215,1.1381696597858828,31.907660778808243,3.059664135247189,14.82334993719823,168.82999257384637,3.6286623485416927
8554-1902,96.24129248139718,1.4369223870147054,86.86010760099028,1.94865683086186,3.408901620429126,71.7467008775057,2.0383324130436824,9.930399948210416,154.8043128266737,6.478271632215318
8554-3701,73.54644095309975,1.7821189767354086,49.81087844395971,1.6726921969066026,1.0970563097980683,45.66700421840544,0.6778534357893808,9.794922083237406,97.77134079651664,5.826474615985516
8554-3703,60.960555054948784,1.2097758396209808,85.24220439641897,2.556706701485412,8.89709091570775,68.24289551711098,1.2071245369409227,9.130856642496141,149.3111413372568,5.794188102574454
8554-6101,60.26100921391222,1.2841186312317034,50.58994919120153,1.0878725245310252,0.7594268024500352,29.845414429772617,1.223320961582965,4.744635718607551,80.09761617932455,1.2089341404114768
8554-6104,250.1090969567955,1.5285497087188018,134.3028546318351,2.1592307485707973,1.8828996671967433,91.89984501965253,2.6630839405006936,16.944342149720292,318.5924666427028,6.409924404034036
8554-9101,5.051320466509687,1.6353481680136561,54.43079733044918,0.8130191791526222,0.8875271281716373,21.527345725102723,1.3838048013047137,7.249954604958999,49.33819282515654,1.4940481276363364
8555-12702,205.41664732901208,1.7791516566394387,102.66133469515125,2.3027589222651814,2.151814015156364,73.76641038186975,2.7523080861994926,8.924602651921136,257.80919382650916,3.045759156245907
8555-12703,57.4812740669336,10.228574357971997,90.20292589162723,1.5182274397780473,8.152575007551203,45.48899047736248,1.1538074159849623,14.21436502407774,125.1289631850531,2.982822063268114
8555-12705,147.36344925931402,2.097518046607524,55.328881544525814,2.223570482945287,1.9445550006174332,29.248716861177122,2.4383114838661637,15.386451518560289,168.88744606734295,1.9686309877107613
8555-1901,,,,1.178,2.145313765592781,68.24651504216479,1.178,5.020624362612015,,5.0300376089006695
8555-1902,88.03929812025754,1.529066025130422,54.64701480025106,1.7720823674619366,2.6661441655887916,37.00702637624118,3.3419465342241153,9.342729031279816,114.20543288585746,4.524233188214526
8555-3701,145.56091680928267,2.282007784652955,150.87737636176834,1.3961554385684216,6.434620654119402,127.0031393840931,2.0472439434676737,22.26567087546901,230.1522077873353,5.8943865665655
8555-3703,113.41748237481147,2.9139605578017895,119.83099917093146,2.205668154706647,6.010365959884358,57.95989108520926,2.447061171826662,17.931389559476816,211.03494353659,6.8409796622074275
8555-6102,25.163698010785033,6.360668815127776,141.14177623537114,2.0722807490607464,5.395171445533656,60.323691817522416,3.1649728959960672,18.32098438992586,204.73182109669162,6.381547408472997
8555-9102,89.70916228819277,2.9071389875586116,53.000315699222924,1.7854065060647573,1.7971933664907886,29.20438093623666,2.1235970879824464,6.9589717324342,114.29348372158621,2.400192654948507
8561-12701,112.82138120490015,1.6016265267388874,51.283191761860394,2.1905257140767693,1.9616382035202338,30.49545861019093,1.092519364206127,13.260463920853814,135.97673211050787,2.429510456168162
8561-12702,89.74211379886806,1.7374735005762294,83.03562658274124,1.6668386645476234,0.9123818002590467,26.24765368403984,1.990339280507127,7.639732415843911,139.8082914919126,1.9324356011111996
8561-12705,133.18259083237334,2.7325768358066367,99.84750247750661,2.061518100285159,5.252978889419294,52.713001935802396,3.5876116271476404,39.43369920876691,195.67819542484486,7.03647942265735
8561-1901,,,,1.178,,,1.178,6.452329450822742,,3.1071781826505047
8561-6102,72.12536188376396,3.543470156277021,78.26376003579912,1.5588350701779747,2.5403076470808594,45.93568747397988,2.098003796350013,11.193790385323435,121.4506877314005,2.4451778307019842
8561-6103,168.54800435799663,2.983207169496401,110.8316365422308,1.7785109040757936,4.12490686938965,65.56550959785697,2.2161020321587284,16.48161946233953,224.17635510865972,4.539033248162118
8561-6104,195.03214367474357,4.438006781980762,155.08633470570044,2.1723313695590227,5.497080724770022,95.01803510477109,3.798195521599032,17.895982518975153,300.47621231076585,9.032426462480785
8562-12704,39.596256347723546,0.763960761796725,55.42003473557928,2.2336406502759383,1.4428097992599882,18.004403163953988,1.9472962233303068,8.533015647803861,91.80535548548693,5.117383007808162
8562-12705,32.1322498077126,3.533137896142453,126.8617513127663,1.9501533847268053,7.155722938030431,49.82464433089769,2.2484382188670766,53.33688263690054,180.05016726385585,4.7150087416256685
8562-3703,82.94689175267584,2.090358883712021,76.67513714474126,1.7576048578813257,2.3771804365144837,56.429380038992406,2.0874709071582878,6.003684310535533,131.19939230866208,2.5179690127630714
8562-3704,125.93166206687012,2.916295876612136,204.89157380938644,1.4683272248851447,10.679275241367586,113.11566029614978,4.0,57.1599704374983,278.38817916072696,9.579290142364055
8562-6102,28.240562982108145,3.73193092217235,93.20086764597947,1.439811592825741,9.070252693073312,46.42579815005778,1.92174150090635,32.304586090616894,115.344316324166,1.9670908232544817
8562-6103,98.148353751745,2.400361565327534,86.58388708828612,2.1838452987477863,1.9071626896650689,54.14852022304144,2.518259321180247,12.010640094712853,161.26029945337586,1.6630526246324022
8562-9102,33.46296749685125,2.0735262571148465,77.84464148614984,1.9682065309407326,2.2703135272059085,37.112671933802375,2.535979888465496,14.853939026326705,114.22208595980707,1.1534910875822169
8563-12701,149.89767846794024,0.6991010780926363,50.08663381806396,1.7679631498808432,0.5609735518428569,25.508989412323633,1.5752075497039564,5.842637753089739,164.02607016529527,1.6411806815295904
8563-12702,77.49820891548465,2.653187248923417,63.206156511123545,0.8549503053980154,1.330751644195902,24.87406435372273,1.1489655280206008,6.0006926645392795,97.06448595209572,3.220242958612817
8563-12703,120.5371102291398,2.98538842961185,40.34053486668266,1.564437173089793,1.5775737899055269,31.21796406617444,1.88568335453611,10.712773867815928,130.67170875921985,3.435473718524368
8563-12704,47.119158302345824,2.4500617867118635,81.90534210205078,0.8412465387371657,0.8010190369944441,17.707298757412005,3.6943416786448173,7.776910825506074,88.6775333446973,4.513197910300834
8563-12705,63.79394989956924,1.3772385449903477,57.662467991712234,2.1102484462308038,1.5307747418345499,30.303934718884257,1.769846781678372,17.56012865407278,105.2908361209591,1.6921948426764648
8563-3701,10.590334909137349,5.802198791690393,46.22971813512696,0.6781050639689856,1.4011690877236531,28.13026780542409,1.5510081267117712,6.374702163545133,39.51445825975569,1.8220853888056676
8563-3702,120.56197963109689,2.5243499879887707,133.38573492959753,1.182996660689383,3.3414711361909486,70.10701893383637,1.8638579787278609,9.157282769381872,188.6339758283741,2.4954037354650977
8563-3703,55.982595871601475,5.1615515828083005,161.39835430484766,1.8177812468361148,10.434297303686723,77.74715631909936,3.497361158184431,41.17594458886904,224.69137534321825,7.902368162962985
8563-6101,82.85789019144212,3.405303820211306,81.39219471518385,1.186212249459719,3.6370214745053926,66.50467641855022,1.7375917454398397,15.946396644804514,121.34132698850868,3.9732714482922966
8563-6102,9.803263078495409,4.835959680205419,48.84517565907383,1.1058411081765076,1.4424725077166598,26.872535533408335,1.5659661141751875,8.462987073659226,52.29222012435645,1.6265540667852398
8563-6103,66.81399973061302,1.9283049892331952,53.061277152881445,0.0,0.5698937826202511,26.20174317382811,1.5070544994187705,5.039494602464121,66.81399973061302,2.932019404667291
8563-6104,78.52499321408325,3.306451737185624,56.673418439251854,1.7467864388891017,2.376690159891173,37.62329257791018,1.505437980761422,15.121105711102691,108.52021297481629,1.093740407744686
8563-9102,74.3498499540113,2.02182514778964,49.78484346606325,0.909315425920953,1.3911073902194369,22.841920941415392,1.1712904939505935,9.742685473078112,88.21375364301326,3.4077273226371263
8564-12702,8.20559209637044,4.112672067621686,49.54373630930748,1.7599422740712338,3.88019255724562,23.651616918227507,1.2250005153183763,9.896264328410213,66.23634976214454,2.7304071386334154
8564-12703,28.52181410046777,5.893184033123968,44.07454837880547,1.383486457103512,6.245762987359249,25.578901778478674,1.4886365688241123,15.136661109085164,59.16931110283177,2.8904210397974053
8564-12704,51.84671238171675,1.262013352009568,62.16841817492395,2.6148905265784075,1.1204462747263764,19.669116384512783,1.491894508590945,11.825333642705967,113.1123509200967,5.791846134539339
8564-12705,114.66473222585665,0.758042258055217,61.285770041173194,1.9049813782390168,0.5526035392068056,35.67755888703465,1.647250958120869,17.09378871746059,142.48862151161006,4.120764490315766
8564-1902,52.40752615481414,1.4247274156706071,31.659712795186987,1.3825264313518415,1.5520207467610754,27.067228004506646,1.2423708637530209,8.49644234067068,64.28302082224992,4.025254312337064
8564-3701,47.13146191036939,1.2918248034881712,67.69839382341311,1.2553307726170588,0.7518077564378852,25.792865530115613,1.0822700115838546,3.252118187432393,89.30087724748877,1.1234699199461728
8564-3702,97.92706380648788,1.500596440636748,47.70027379596455,1.2386524816911657,0.9957014001071265,31.578247687887963,1.7248959336695964,3.843121949757079,111.39136315123339,2.7896445168382304
8564-6102,5.7315668094700545,2.644436878389589,56.52859989623844,0.8616621020639772,1.8891009277553057,19.013591252896212,0.762424861835227,11.440385611231406,52.78519790323403,3.9963357791672576
8564-9101,51.54817945532164,1.4125495816197948,56.071026381249546,0.4713302025901249,1.2744960926007427,23.831327580484434,1.658490240036869,10.531576252201774,64.33551203365482,2.763770021093785
8564-9102,150.04416553626967,1.6108534271368131,53.110920288509774,1.9587428740428163,1.5685341643218935,37.111105311469004,2.173176157388754,8.28731329101598,167.44675112435627,4.343321915446301
8565-12704,61.0969627374601,1.4011114756019405,46.48496710259701,1.2885874156567902,2.4566061240551544,10.223612389595532,4.0,17.294448084178022,80.72970806727376,4.7066853090364
8565-12705,123.8065555511486,2.0257948286095804,39.481593776888786,1.6479308845682343,1.3443465452755579,31.326420120408258,1.6378704691126083,8.332744793008562,133.77911524557578,2.4095205707730942
8565-3701,100.36314677585604,3.8428060289609136,73.85450125708999,1.4158406129007466,4.285113577881339,45.800487672018335,1.6965617756725417,21.557382034885347,133.39957253243466,1.7232849449957521
8565-6102,40.423120934515104,5.4070017614591785,46.234363072081244,1.608997607420457,1.8991509346417432,28.000070278376377,1.4920839273602489,7.738035600807028,71.22814236323387,2.1160283972095644
8565-6103,10.159539192832428,3.7944741431154045,73.51691410267689,1.4711749169218575,6.2390087222954085,65.85105197263262,2.236263486724092,18.733834143448206,89.74702915509182,5.58032061971488
8565-9101,38.3262444735779,2.300472439578426,40.5409191277048,0.8691873083575126,1.3763534716244052,22.194882295006135,1.4203169907996966,10.53488886035594,53.82813233460229,2.6251578811726954
8565-9102,111.41336515707516,2.6030117032739857,61.36917366326604,1.243974896214039,2.5246308512001097,36.92564908093411,1.4279971425615856,14.934573102188915,130.75918966804662,5.463823465391993
8566-12702,124.25139562765483,2.529101082118353,64.54746066513812,1.233392628232512,0.9738423927294366,31.920390259658603,1.5906425988424981,5.623126295119965,143.4474995603321,4.4341820256551685
8566-12703,40.27564440109038,2.813911177565426,57.500617377284655,1.6739933578722157,3.841681602665412,36.58331665223128,1.249589919371077,11.676089453474393,84.5983860534918,5.329025971191704
8566-12704,132.39131205293899,1.1465665562714382,54.99769490725148,1.995136278129415,0.5162945280353071,29.041174509882893,1.95260953921332,5.322964654195487,153.49997026671647,1.6247956686335319
8566-3701,51.208654094302425,5.217057065573489,,1.178,2.0140524124601997,46.39420572434942,1.6366057558242568,6.043524180636695,,4.114692560239551
8566-3703,87.75505542258543,2.212195026186301,66.8473662652821,2.107989678227995,2.0846356830093464,53.296643952710156,1.4667536302823356,5.833774339658052,130.84590166504756,2.45268006334633
8566-3704,101.2076417608101,4.559481295349977,75.50247272964103,1.054504947181631,1.4963663624018606,44.37110947864524,1.3965223062944407,9.255276915613972,127.49244022982613,0.36253706386750634
8566-6102,94.88501562497699,7.913963962807502,169.33635599041548,1.5001699339475696,25.862332444397882,128.42828767539967,2.6679644090128276,47.883299917051886,228.07946247421995,7.93264212375227
8566-9101,231.66157143391504,1.9404038186798236,198.23774277634206,1.676193010352745,15.3493312639257,156.9545416906724,3.04506618501896,65.33242384530165,345.7433387631986,9.607356719463915
8567-12704,46.99864480009977,1.3546288610326438,58.81732014344897,1.1909158377119586,2.1946039120178598,22.394633057715517,1.771691458287962,18.325215195758638,79.55387319183346,3.150078880793086
8567-1902,152.37540909876466,2.6800679352654613,76.21863174438477,1.5870769509970786,2.453252938143284,34.002585644044856,1.7278042325605716,8.029785468495337,180.10563403220826,0.9044475477881535
8567-3701,105.3142104305847,2.497392090585399,84.71220643939594,1.3852062634857056,2.06245920141716,37.181886155562545,1.7225163658354985,11.754664300022338,145.02255623498607,0.9225713816871418
8567-3702,162.46619730175078,3.7100918397763665,174.2083999183639,1.8524277537284113,6.146384223284274,116.86683082551878,2.858795156114671,19.920241185985322,287.42615108115575,8.573124419427533
8567-9102,111.54717463237571,1.485249726071857,65.83018054265408,1.9816160242299947,1.3596080383181817,32.95004569930323,2.3845142469223393,7.279364984354794,145.0183729004556,3.4685257415018005
8568-12705,129.9267823450169,0.8692655200103464,53.10643532023033,1.1107107496054411,0.6125117538022297,22.095454171504343,1.1906571648732103,7.234978931227739,141.469074526521,1.3435790292515746
8568-3703,10.573011550445369,1.6713327271963707,42.0435071348267,1.4663989118937106,1.5429301364447299,43.38762984318518,0.8572149488845726,6.518082575234213,51.99882815991382,3.223622049284473
8568-6104,133.01053140953454,3.359584113860732,109.6452616534281,1.9595559225057215,3.9720614294453767,43.627270341468694,2.660978018592682,50.9946169795592,203.10033530043373,3.948730820990123
8568-9101,209.90803906892893,0.8230657785432577,133.87625606330116,1.4982467694860477,2.884445334342728,91.2204791470958,0.043263668278745726,24.705542512117766,266.2972772694812,7.380105307322142
8569-12701,74.52152441395997,1.8619573510535945,60.347280959378665,2.0797479789078595,0.8814516785440246,28.182228138731368,3.084051898280836,10.060094065875509,114.57518045333529,4.646137273636792
8569-12703,71.65246878176774,2.226694090894817,40.71945351298055,1.0649639826533164,1.1238321473264248,27.91200459746871,0.6440079245956296,11.418762761982473,83.06542758952986,3.5551502676981555
8569-12704,41.98534270041082,1.7071401472997076,24.46159076796101,2.510799208322057,1.9140672263762386,17.470808913095592,1.0189166699620285,10.142223974543567,57.141530212012746,3.5390954602185145
8569-3701,252.43251405999126,7.309570858196048,105.40789228137646,2.195223480116967,5.2161007713951255,56.28191265994104,2.5035506066614115,24.1805291720599,296.83819724811207,6.950260291725123
8569-3703,107.13947679043221,5.112140187659689,123.39880500667827,1.7961631893921473,5.110333155058128,61.75147490443053,2.1812012876535234,17.705798951240986,197.052075587872,4.901704968327917
8569-6103,206.38044916600748,2.1036943679307134,116.59389512578656,2.1961807518843877,3.283389480176606,58.72066303109507,3.1761433562189985,11.165818097077945,269.1617923397272,5.71001582222071
8569-6104,9.341752623828905,5.309740048951975,68.47142230613562,0.9249109451703672,3.8359791674837314,44.93643302935244,1.2065310477907174,16.52613511802631,66.50985882054259,2.636200585475682
8569-9101,60.5002750646455,1.7679101194444315,59.35777487972654,1.3259329758220646,1.7018755690325047,23.433787741096513,1.028499678234571,12.027062009685627,91.2798071056552,2.578609723815679
8569-9102,36.3317797213414,3.2943588969786113,59.572513980439325,0.5521053789407195,0.6277339154927921,22.502114508203743,1.0589706617377508,3.4127641444814687,57.26566507356215,2.6252698236716605
8570-12701,36.16391609204356,1.133495694348248,61.305391945657256,0.7830656665937128,0.4278883179863371,22.71311445024788,1.531592759024727,10.198064381649266,65.19865429690262,3.4223501217156995
8570-12702,27.37646856813151,1.2504087466248133,63.15617957414982,1.5454400041068577,0.6597531983274674,23.382749552073314,1.4981367372483398,10.409971246131361,83.14909644970602,3.0062876540633257
8570-12703,48.29846433228833,0.9084323846830961,44.77855763846955,0.8149952314620004,0.4534165477723073,20.642669996187593,1.149233857197476,7.166998609040803,62.98336497106384,3.4721353222904003
8570-12704,53.24234199813865,1.963459779557249,37.13840103149414,0.529360296134564,0.6975749544897377,17.415894200022763,0.9650511137135984,7.503258438150722,59.70655662056669,4.766751208500862
8570-12705,31.406787473990825,2.8311743282860773,48.98709838944567,1.5167975648683094,2.050398578019548,29.969233121154836,1.943838972299364,12.203947282351013,68.01690767944633,2.2592012509813246
8570-1901,60.41082329357863,2.604260677246463,37.22528225765214,0.3510852752882998,1.418054369663708,37.090808717776014,1.5972818749074191,4.02948978444121,64.3115388881815,0.9745180646354589
8570-3701,22.417050388800774,1.0483753831315332,50.110667531915055,1.754040554755429,0.3630276059884898,23.374445888715407,2.212024992916045,2.097248213738603,70.05040007876798,0.9704648501130213
8570-6101,136.82854654592867,3.5517220391960054,150.6446446338696,1.4857616572731507,7.090417507144231,41.75328794424889,4.0,24.368536170871234,228.99703569143242,7.3834286678874985
8570-6102,73.57597814561935,1.4586843089208439,48.06181284057236,1.4473484753276704,0.9715587383329433,22.858191947471603,1.3812859796587658,8.382644342310348,93.57729206640728,1.5612879382203118
8570-6103,8.291661822065025,6.176286564087874,61.221229840169514,0.9607911644078881,25.12994237347148,35.075580466161426,0.285256981274572,38.346258786998604,60.57915808783973,5.056335614005988
8570-6104,228.7087817488943,1.625588057662439,94.68840221478254,2.153842158938715,0.9202091880055642,37.97631067409645,2.3162556337271685,5.416434077721894,267.6169394714147,1.7231445667420318
8570-9102,290.02736293452,2.264331215396611,109.53328704833984,1.6355048550032891,5.078143328553159,105.48960149672723,2.037864014305291,43.92956674222378,322.0836968210707,2.9654569196705918
8588-12701,51.078989210958966,2.4512409209169377,85.34092040072343,1.5510966449783794,7.533055166100791,48.30763438162774,1.406587494153177,17.833015651031054,117.92291024613192,4.215908897793441
8588-12702,28.87692488651881,1.1231531320712136,62.040706080445645,1.6626194628231117,0.6208185388612346,20.90037757673098,1.1755798424882415,7.097685568003937,85.04928525512777,1.5276256670580781
8588-12704,146.11671248988424,2.014286442009486,78.96574461725204,1.6471109902139114,1.8012636028306133,43.00452766479937,1.3932887361752937,21.40473046522916,177.82238483835243,3.1157187761142375
8588-12705,51.33733549438362,2.3909401326392947,53.82008680955953,1.4974213913745842,2.430695330178171,49.97536023459834,1.4830091205775002,17.696911904365543,83.50422402312189,2.6260407337612683
8588-1901,,,,1.1779999999999997,,,1.1779999999999997,10.782913085204072,,4.1446414781998016
8588-3701,4.903724266656714,5.063721993150959,72.9950618024238,2.7193302108723003,5.5464659571069035,64.31714536298671,2.730983167670895,21.284755987795567,120.47155970442115,7.7789256065246795
8588-3702,274.97977839978694,1.572605061823701,104.72725234705378,1.7392523130417796,1.8166254020404025,49.11085344194589,2.378378241662811,9.056296880001456,307.716826803761,1.303465209972623
8588-3703,34.179626626147225,3.1562073099888845,63.02082061767578,1.459299562767682,1.463520390488701,48.63754762187524,1.075503902099121,9.924050488701738,83.4507986590512,4.443738017420916
8588-6104,20.690165807508247,3.4114766565291443,82.80664901971531,1.6236614585531393,5.502981489327962,66.20596840014515,1.5619039822704566,22.1386042012496,107.52410885144613,3.9425356712240327
8588-9101,124.8161784520469,4.729750407079233,89.66896626688194,1.9790974802563994,4.0045250203632445,48.38461351083256,1.4877961978850822,25.624926813094667,177.4600186652484,2.2977547627476236
8589-12704,31.324884098182192,2.6887613773946195,55.711978912353516,1.3998021471814681,1.9449963676082451,27.065799677347538,1.9183759523600683,10.117977173494364,72.97937171134774,2.139934479693122
8589-3701,100.31543761059844,1.9348541661445229,112.09573332651635,1.7238004990462157,7.654070922613725,97.01983847427726,2.088369028644284,30.05640568387569,178.1109820207563,8.385351786281841
8589-3702,180.5457167183432,2.4307559599863597,143.38248138051938,2.455531498470277,9.45500969732932,93.84749835854116,3.440618064378673,41.59473403420422,288.2340862117762,7.222985814538181
8589-3704,33.59553641347309,1.5753991791873614,58.78129390570225,1.4662262980548033,2.924929141844202,63.535470346790234,1.0548011947275484,7.852075629270177,78.70720788789976,5.50816329198678
8589-9101,241.34504041011232,3.3229834200985686,76.56632040766391,2.2601768350557063,3.6398252986011204,54.37290221009954,2.010327834702392,22.33323286142339,267.3901501917724,2.6680772450988943
8589-9102,45.99438560453743,5.73307260199955,71.09179954795071,1.4979629467109137,7.861200217499748,32.55983086941858,0.0,18.99651349799414,98.41876901643273,4.453815079965857
8591-12702,6.539258842106258,6.655587237934149,96.7734178441432,1.990026267201236,5.308904782898628,30.707039765378383,1.7425587287793682,23.542778316880437,136.6731347393671,2.3273826148447636
8591-12703,56.42633197998543,5.280390566206929,67.41323375933483,1.033026984245199,,,0.9017043632471735,10.945962369683663,88.76129568980261,5.499453537361219
8591-12704,85.94415981515563,2.965380299184357,51.8730677787271,0.8212137688623435,1.682522893908756,39.468033511125505,0.9059993029805711,12.386656930313821,97.95985435792636,6.057903248877582
8591-3703,27.51032315398485,2.6701897421197303,47.55095617065512,0.25973232081040476,0.8798911440242047,19.86302576846296,1.1173289206061545,4.718476353325234,36.66192745740908,2.2189743997536073
8591-6104,227.43065010724368,1.3278936642398098,78.0562312586741,1.9421734126011767,0.801102871701788,29.85303183550125,2.2020842652456736,6.248116468439406,252.1069746853493,1.9089126889349617
8591-9102,35.299096708424834,1.823600556092922,29.869894466892404,1.5397084766441882,1.6051971823559457,26.623418438174483,1.4858023046402538,10.504692427534895,51.18369315726753,2.953180975494983
8592-3703,63.76318044788002,1.2949552991682884,66.9931082525074,1.755285651584244,0.8517097894941746,29.479300733906523,2.4077458939929723,7.481422522914467,109.28677668457672,0.9255178755407284
8592-6101,82.00332900027104,2.0251423291213895,87.92659548956205,1.4269404103705856,2.4917144106341733,38.59676580604616,1.9307673472337834,13.760690369483786,133.25293720572503,0.9029335092340058
8592-6102,147.31841557533474,0.7959832123583207,70.62360444759216,2.462529618646521,1.3054301282075838,29.117387860927835,3.1002484570541906,14.091150860375592,184.35036900651687,3.6517472049624273
8592-6104,26.434241889848604,9.619695601788925,54.65316590469756,1.576207553277984,4.338555379198436,54.460631651741025,1.1116233210423336,8.597078697911758,73.53129622012607,4.875596048675666
8592-9101,19.92263265606704,2.5527891713462743,58.06485481218118,1.9173210783328223,2.420739692564381,26.71492309073148,1.5259187301376422,19.21663672912367,82.8324318960352,1.496175973730917
8593-12701,43.987917542082386,2.349901806197489,78.3470724057061,1.843395175785894,2.2168004080222072,32.199907594922735,2.258284210994884,15.159649049975624,115.10943785163151,1.3561347522633918
8593-12703,231.7173231734505,1.62761616268347,71.9180294362225,1.962961350684739,2.2684652191601535,42.609661175964796,2.0471679946594605,12.668206031996835,252.6771702451563,1.832963752759413
8593-12705,102.06135962586339,6.3977583075862094,104.87326610996665,1.6807579266833619,7.952987732476783,75.75468733137424,2.679281204532252,35.997298778831166,170.0063892266073,2.567543083236418
8593-6104,138.5575691481877,1.4126517645767023,92.17476289006416,2.710323326153304,2.796404117474673,59.06600746635273,2.410798653137899,17.933316994068342,205.4887187759771,5.177898546363631
8595-12702,48.201268799055256,3.062905304814777,65.1241742444755,0.8711167258667902,2.777728563661485,39.49451981138759,2.1729398062091656,27.085345978747274,77.5751638512831,3.21931265513172
8595-12705,169.97947004560535,2.1870546759054403,64.89680186903588,2.0023251483123516,1.7557386770804768,34.05718656112043,2.661721107795265,6.663241470235794,193.19938562376439,3.198170816032894
8595-3702,31.82114058722185,3.6402314000344953,62.383961112633116,1.7290466294246989,3.0462821594435745,33.18766439292723,2.35442745505988,17.266468103955376,87.98645966982518,1.7776838860252742
8595-3704,108.92091382971753,2.4150636126627654,53.87889514092431,0.4045953810772156,1.4242882591893715,24.968660166881776,1.222506105717357,8.55374528265,114.18528670665341,1.7310317908416504
8595-6102,1.6264019548688027,3.450598995931125,36.534811310467774,2.02757639772839,1.36440349368849,15.515227042890078,2.8985761508309396,5.219930517472314,52.04842769424338,2.8488776263962907
8595-6103,111.68535348780645,1.969809310373459,74.82361565939222,0.9149684958333901,1.4721182504057004,33.89162952755116,1.4576544834075384,9.368114124358986,132.6504297826448,1.0856159925229694
8596-12702,76.63728036680024,2.951345338592011,76.79609728440283,1.9130037144084224,4.764905429484545,33.36980023200254,2.2305660242273233,31.08324819812871,130.97893355780613,2.4401812513452112
8596-12703,29.302772795401005,3.6122187487119555,50.72587751286903,1.1565514865548625,2.525632287702504,27.730500631100305,1.9511270457769059,10.890150968714078,61.92408308886834,3.326740625215805
8596-12704,178.34458909410722,1.3853795804703901,71.4579561249128,1.399004985560512,1.5675338042026796,24.860200111129565,2.3967905690973366,13.575753088353343,197.35867593822252,2.8958221328948177
8596-12705,50.17441916896228,2.165747176129144,36.97220454360925,1.5529638270380293,1.359481892599019,27.597765417241888,1.3417394449194304,11.03267741442825,68.11965049030704,4.484273656773772
8596-3702,137.1193040818791,2.7261163608073065,131.53772708816985,1.954465761407631,4.686835475067833,86.72721365401074,1.7683772716837947,17.8992083816899,229.3865940806255,3.7803344419138636
8596-6101,187.4882112147935,1.7123874463776614,122.73776250020126,2.225894856351161,2.804104941648356,78.16287652376603,3.426564537656625,16.1842084416136,262.0762337081443,4.724710793185912
8596-6102,98.00061408129679,3.280252737704692,82.17165245416732,1.5957654592754924,3.629286879142128,38.51719378545809,1.7415697229260214,18.351378745903855,142.755093514809,1.3167426027998181
8596-6103,64.69057980813318,1.1621729804955128,43.112419612190806,1.3862316872831708,0.9940778276717088,23.870054066290216,1.859157600131038,6.932520645234845,82.22793462806345,1.320620219425527
8596-6104,14.538255229567612,2.8403453350841184,115.92548076018876,1.8200226782395577,8.408116153255836,60.65553332759683,1.922579251099053,38.86953099833134,157.06728091623916,2.67735922998586
8597-12701,143.4889222857568,1.2998911332950542,43.95493941717815,2.8049097399119374,1.0705353712519,26.558234825240145,1.8537632039712135,7.933143948078303,161.27076416415665,3.887202838009247
8597-12702,243.5745699832727,1.116199500506368,71.4680686851126,2.8073129704369872,1.95261322148271,28.78119233616613,2.972659573394642,19.86765929126357,271.41746636354867,2.9419820556547966
8597-12703,183.26218760571305,0.951859575805956,51.46693574035376,1.996964391035907,0.8200833724513568,21.468670577099086,2.534907683950572,11.098641224747976,197.16662875843892,2.2196616892644774
8597-12704,129.99261415343844,1.4496010817787686,62.68699562347028,1.840611683731535,1.013551224295843,31.515199736134726,3.7699179714540625,15.463569233599609,155.34174190000908,5.845463201168206
8597-12705,91.25244546016702,1.33390283113934,59.203099468959664,1.8957824720339187,0.9438858439792178,24.735937554013653,1.6182492584913262,8.047830294915062,122.35906019687638,2.5114315985692044
8597-3702,58.60203995681748,3.5972835535515357,50.90029834800401,0.6599454739948762,3.0327108856198444,29.294620316765187,0.7640639852251798,8.068049157933993,71.72177120226102,3.1214311660518708
8597-6103,7.604220214580463,2.3833904793710623,47.62188922094828,2.2215299433846125,2.0295291010189245,31.144079613172757,1.5051775817768789,12.967422487220514,71.38563061082276,1.4561407212557524
8597-6104,48.53653603789662,4.419770819700572,61.01655675022144,1.225459946963881,3.208675238703209,29.966430247918737,1.4207378829574338,8.817368540934494,83.17576248234417,5.787066915399877
8597-9102,69.74384212798408,2.305053695859736,42.34938257898615,1.035471704635593,2.2312161229431062,34.463984124279534,0.9791382595594857,10.864522132832425,81.98348104937153,3.2213632894630266
8598-12701,21.568394830420072,1.4952705529569505,62.37960859985255,1.0989693645303107,0.6758507217586656,21.188846368434554,2.4481162039008,9.820232788752026,68.85871300534943,3.60203973810685
8598-12702,62.94150811785529,3.5718176695009998,73.16681611713318,1.4090393774395757,2.918274189126756,30.211614012693147,2.043732501299601,16.456215011493054,107.26024830521833,1.9025551612777356
8598-12704,2.591882544937471,4.128747377367963,58.86860656738281,1.2228084005856994,2.0175035591956214,35.699368989646004,0.8520128106882741,10.0804423203347,65.14887617772192,3.0882362101975245
8598-3703,58.96379823173399,3.06494873148642,52.27360605490173,1.1696720065662323,1.536430421324758,26.675972931216748,1.4346988801702956,4.931220965408097,81.68777889826193,2.303245555519487
8598-6104,58.63628414904751,4.551328426381522,117.58863667641083,2.0927575880890172,2.7475094636888193,39.59091965819846,2.7542412997534615,19.13039883837086,179.93042003551616,4.763573882620747
8600-12701,92.89911096099272,0.7996854653243977,46.7491538500859,1.7905073377237004,0.6405319049693625,22.244377638816466,3.9345749419892533,11.880674210677714,111.99718235701349,6.2535881877273205
8600-12702,180.00044540564744,2.5063527656424798,57.830405999005556,1.402402111729493,2.6901212488057484,31.344053186680256,2.0900082323457516,20.34929416936779,192.58840064728543,1.961824278219948
8600-12704,62.28947860047138,1.2951922919571557,47.18871165866376,1.180062779194029,0.7602960685927344,23.11792857677255,1.832783221709918,9.699810845069292,80.67039642193906,1.848365095972353
8600-12705,20.86161714207557,2.6455579593481486,55.46416640768413,1.763962065093931,2.0059933254534905,30.80285911181506,1.7993011670626746,11.127196365833317,76.5613301606922,2.8774777076882474
8600-1901,2.011925905201759,4.032533387867821,75.8039719181556,1.1901823744855766,1.5384151175532146,55.96383844097535,0.6059207730342262,6.85507917081587,82.7231768158249,0.6817460292519055
8600-1902,10.084251993936311,1.5425541304628807,101.74968055470038,1.5098664289392199,3.897122655764986,52.72810626592188,3.212682803938446,11.190127352734223,125.43259341903527,3.7768993015480827
8600-3701,44.12401489296733,2.4198372300560873,51.93846587914101,0.6016339315562051,2.632417985231656,23.89737018894259,1.0973031889622602,12.711846411431564,59.7486312286101,2.3522261293882116
8600-3704,87.03615866839748,3.9720738216384195,65.73517676746775,1.520491226033751,3.5402684553960966,35.84940336946214,1.6432982979222484,12.766541657168359,118.93488985763362,0.43248151918143074
8600-6102,66.9979072973056,3.9955340198932614,56.557580889380034,1.7647459365610625,4.724304480925832,48.91786897999692,1.5332894526442304,16.946906220413233,100.66637083310049,4.547094663895059
8600-6103,173.2439173586086,2.4803635964162867,96.79985360768376,2.3483192701595925,3.1847057121912177,50.969095791336215,2.895348459699382,19.32437429164542,228.07389921868142,4.360894294387169
8600-6104,,,,1.178,2.156134552856446,51.0498317998711,1.525559381727502,9.683695861206132,,2.199678364205865
8601-12705,38.36016952944171,2.87617966288532,65.66084565525522,1.498515152628816,3.14429234062848,33.2969661489872,1.3700424933696322,22.86174147608865,89.06245501236563,2.0222596643336317
8601-6101,223.69572688412566,1.047568732807882,158.73667524087065,1.794516392072465,6.387609945917395,181.2796765909002,1.1249620983850315,83.71823148417631,308.6370095372406,10.556164809437954
8601-9101,124.08116689557623,1.6051625972570025,68.068727302464,1.1124500690235006,0.7212118219403734,39.4147608373442,1.0008307558807634,13.166325778509286,143.3544848481843,3.8133711340776215
8602-12701,188.63336534679036,1.4652284323030345,57.55062628999353,2.363351693886596,,35.71543291566796,1.7275394968710018,22.7668919886568,208.35101057118283,4.670436937154864
8602-12705,91.91587211291495,1.8980279957445594,37.32835189024479,3.866048397454099,1.4588344897521326,23.399427246456064,3.7514919964194675,13.559265565816638,117.62441080996999,4.484944808520169
8602-3701,69.75570997319598,1.1739037339486913,63.25179357684675,1.883414879893329,1.5027893429353003,34.964917207557825,3.021746988840289,8.787652215611336,111.35980129115639,1.5887140762618923
8602-6101,51.01945734416411,3.236686192706135,47.1767443268199,1.178,3.662648903332902,50.6239014679022,1.178,15.585802162240519,72.28274399544212,5.279026784823877
8602-6103,166.7905368855207,1.8167080161894924,55.48664222446301,1.825714348943094,2.332018369227236,36.098174329697386,1.7051082525605556,14.017029498184304,182.866161804476,5.0012493165830225
8602-6104,58.29860299304361,2.1455474641109973,83.25224140318205,2.0694610949444034,11.332055546216294,95.13454412162318,1.2505731627422385,20.950018181104976,133.1992075459372,6.1444076805734245
8602-9101,1.742565714777127,1.5929904837650024,54.242718876583,1.3680273080077123,0.9722120574384695,23.9046152088457,1.4328803487488064,7.122180605319793,63.46767470775564,1.2576696800879572
8603-12703,86.57919251564556,1.5756694995818195,58.80150390661179,1.821370436529052,2.6714062366389104,37.52086780758593,3.409500490748086,16.660059847852615,117.44597783393104,6.514301663396539
8603-12704,142.8891416767489,1.5389612389160063,65.39566296706604,2.3153584646823564,2.06535495815424,28.850619234351257,1.7107354798937382,20.004560268445875,174.12395584144258,1.4983103963415205
8603-6103,115.25198864490956,1.2000430762352183,73.84749098209195,1.571018552391628,1.2569831446024144,36.55100366773901,1.4373088970181676,7.291144541845144,147.8191294600813,2.9219361008629043
8603-6104,77.77599057540976,4.6835928340871735,102.34816278576442,1.6192274239661537,8.84176727133115,62.44729090051352,1.2748232558303052,20.183742353343938,151.69294338370958,4.750265787106717
8603-9102,76.75921057102663,1.2136741045857233,52.3286616962671,0.8681163210007279,1.05082984895817,26.60813466096897,1.6025361751202283,6.772413077827226,90.93475483387738,1.000005334658395
8604-12702,11.052318633125815,2.7841481305469253,64.05639012686521,1.3686312329282462,3.365192509507739,72.61140537555761,2.292085010914964,27.790879265108185,75.74925954920603,4.263546956947045
8604-12703,238.28369972018484,1.2432486106222105,66.20154855811896,2.575981649131746,1.3629279594528945,29.37075013315386,2.550131904019543,13.361807985088873,260.8998557456933,4.804467112331673
8604-12704,26.113503962821138,1.4873763147245411,58.38576769921584,1.3983978333175802,1.346046940241017,28.654267632164636,1.275889803278628,13.770582442405905,73.81673580146294,1.173286316013449
8604-9102,99.90618252612087,1.5268239245755346,96.83250586848351,1.0937326012740334,1.612020816874883,46.042340129341554,0.994352541118322,13.712717585480709,142.25563764060712,0.8144430436423722
8606-12705,150.92685072357548,1.6677681745109645,66.15482167053315,2.2606914128357154,1.3271892914448424,43.218787503401515,2.0348483420105308,10.598116136330773,180.75602557768474,3.1080410504236515
8606-3701,85.01834551909477,3.2435273456192038,90.37740277286642,2.3510727651672756,2.6619855614469903,40.290084866976336,2.4791716524987666,15.387352617330095,162.5787734951948,1.6498463083214963
8606-3702,21.240362292458343,2.3777278980480263,121.2333084881456,1.7510664410939318,1.9816347031168873,40.61341351273153,1.533947269107014,11.587377109044708,161.82545667045284,6.865530257942352
8606-3703,74.75561665860864,2.1286109585776436,102.30232357858205,1.440659128737496,3.3938227458693677,80.78240749604505,1.3926216787648524,11.6434857954716,143.75674835826294,5.741230407217521
8606-9102,52.638721795799704,2.6796828968064594,77.57262846467144,1.5932678105840523,1.992135503466735,43.41607224790711,0.829041122600489,17.723707810283123,111.16809027838487,3.2095970788648045
8609-12701,154.32871390679577,0.6080264604149616,52.242070757120246,2.738285866371686,0.4587059389059367,26.23574014844941,3.9953663352437836,11.443134687257006,176.8919859874335,4.298008514220857
8609-12702,0.37435249162807377,1.3782691230974669,51.674090375921594,1.3150123772764941,1.6199733550949917,25.94641526389328,1.47699156240468,19.905346890374187,59.25792322559684,1.727066818387037
8609-12703,44.91300011712209,3.422565949014759,96.98390764473817,2.246147512025685,3.554529438565623,57.594090866006844,2.8957523519671335,21.86565695789819,152.13207359369358,5.1755850062283155
8609-12704,118.84496014397817,1.9515894327102816,49.499549865722656,1.8094003905158162,1.4252219009774183,25.466107010701037,1.9221738220144324,11.19317975238243,136.22601523208104,2.7199456724956166
8609-12705,125.99466677276718,3.690113823635256,78.0278636224554,1.435352518105673,5.488909308591058,50.39148562707598,1.7747884657146442,20.963167512275866,156.88715999895848,3.2939390789302747
8609-3703,142.96796283981598,2.0917662644443484,159.70191958837037,1.7288249300315304,6.593865231181749,142.8228135892461,2.6114384359887,32.56878531988933,254.03347217608857,9.109593394976049
8609-6103,77.88198958053363,2.1113578584169392,55.95221062847728,2.2100845392704773,3.7427052180123517,57.99984948791806,4.0,7.698517968727614,113.95001178539053,5.483722773240512
8609-6104,199.16130515225143,1.4577144536730582,148.70822893843544,1.4373764494251624,7.643191701540381,109.56015112321259,2.3322918678114712,30.27392235843839,267.3042567972869,8.53549814644832
8609-9101,11.370538391606951,5.335388348478324,92.40173336333088,1.5486851291600372,4.298012806197184,63.955176005075316,1.7616320900570464,18.32219782533152,115.55123183986956,3.282011996514848
8610-12701,212.58420284942036,2.0835455823604705,84.26002146346828,1.6462147244395875,1.0703382878263479,31.337509261868416,3.0730931280592158,11.09593383512496,238.49477624142318,4.873926929469832
8610-12702,157.9064557527115,1.389350392112275,136.2505678673121,1.2526028900986645,5.458491790354781,73.97016288462058,1.7682220677982161,36.62589319918018,219.5177463004839,5.78787319396706
8610-12703,21.563681737563645,2.9595829839141894,57.63037542980582,1.8136643862981763,4.318068797205789,96.87079844080124,1.6071388554616997,36.26867252578624,80.55211767540946,7.334655949782767
8610-3702,100.57415449820657,1.4472756330069336,60.05577516474288,1.5361738273956922,1.2634071009101413,39.14920463720601,1.4270554928983898,7.621502755780064,125.12263085583184,1.5227861720312263
8610-3703,52.385744216096114,1.4197214745151292,79.95048536571426,1.2553425755627512,1.0119375296358626,44.20658903068467,1.5447264440096942,5.052806579672266,103.77146286832829,0.6618478504734511
8610-6103,1.8684300498838398,1.8395279127064323,50.832944316085026,1.189850445232592,1.2329361079809702,26.560014233999496,1.5692046459337425,6.267338055689767,55.48018181499704,1.8240016990365535
8611-12701,84.35432408612847,1.3376309991663604,42.69581027006146,1.0028060388271836,0.6651431631215462,19.513468222671897,1.4088301105541514,7.3355912575483755,94.57113420710476,1.8936388806598368
8611-12703,175.28362564575633,2.852806793498419,97.26483565013771,1.2477636368221512,3.333924922378885,47.94313922523492,0.9280209517904219,29.067826448377822,206.22500512537448,2.293028916808252
8611-12704,129.75756256405896,0.5642920779561704,78.73933279130796,1.936406238051287,0.7162750732858381,29.48560518308077,1.8188225084313743,8.365983588774608,169.83084597853247,2.0081920532964825
8611-12705,41.31481447177855,1.0920643991293386,16.572131489446686,2.4758182413198324,0.5454159273413068,20.2662124165901,0.6863537466136003,10.673187617681787,48.8555173925332,4.146073262919546
8611-1902,3.239888732195618,2.4853139306577248,87.50494014006966,2.0157598249976103,5.741045978860533,67.81506218975107,3.1937234982834024,17.47843378140587,124.2795267214554,5.652228738441971
8611-3701,50.24331153244343,1.3129696016025028,121.09772011491424,2.2280591318400917,3.2743825755577394,98.11738099086006,2.1335594977274934,17.41394350153862,187.61160709905525,8.021402588077445
8611-3702,47.45027467906557,1.9485363781861786,106.98006180459731,2.18263475425163,3.0245234266484955,84.10545911072413,1.391887099654271,11.13600728521202,165.01879264917778,6.545878062017599
8611-6102,48.23867125909729,1.6906632638346317,37.62181361670909,1.1207807102392495,1.436616456736221,23.93619834714079,1.3212883682341465,10.631095209825855,62.556561492578865,1.8577705941165013
8611-6103,70.18679527983186,1.563665291100035,49.47526340651345,1.3148185343271652,2.2656365202652307,33.49400058139865,1.1853367826556975,13.881975924200542,90.24744462253075,1.54398075455752
8611-9101,129.08612359536914,1.2971586186706223,72.13459653509224,1.771098937750863,0.8473120645696546,29.149050585642463,1.9669335114595148,8.35911899186441,160.8693990421339,3.420306903492384
8611-9102,1.9596626540316806,3.799327177454443,69.50023200947871,1.3927583972896467,4.724299763186251,50.872805111510296,1.9222684120479006,21.353117953734355,82.04423466526275,2.8647819860177193
8612-12702,2.68931913772055,2.056534841390323,75.10837436905828,1.6113432443696656,1.913166923436,28.98947939953276,1.8827320963798533,16.03449571304685,95.37951225684293,2.1087150511544683
8612-12704,155.97894437546032,2.7649629966102456,85.65936528743865,1.9556623039507128,1.7698457895468025,56.34738405030103,1.8648578771835802,13.838830197048946,196.6701700198592,2.736791965176316
8612-12705,158.57923773667036,11.606545249126022,121.85368862209283,1.8306448918251639,13.566441951346912,106.94263407380969,1.3663574521976465,100.48033272702067,228.75615493497386,5.420603115590598
8612-1902,125.78777546016444,3.7589237094998524,131.49582353023175,1.9359217284353791,3.5301094250766085,81.10526585371431,2.2165513299456787,15.005848764806894,222.0290083721876,1.5080738260248703
8612-3701,82.61739378505675,1.4143407581210883,116.30083460587257,1.5030140988552803,2.8761420277688097,81.56783340583516,1.9785988219307722,13.941015213513916,164.78843497873837,6.353760383588888
8612-6101,179.2066763284579,3.186020352758976,128.3184221310441,1.773634613323975,8.655813321770452,115.66117959713598,2.822878218670075,21.979944990143608,247.62677943693646,7.165620282594885
8612-6104,109.01599408758948,2.0240634961835906,64.90991935969194,2.147842774277982,1.895203262142264,33.01618561372267,2.3239400793617575,11.887813940779402,144.6858245998422,1.6612362399820626
8612-9101,65.34998655513004,2.6087557417338263,80.79318932883987,1.0139424049814678,1.7101779620977313,39.68697778068656,1.2783605812054148,11.396422876159544,104.35118486683933,4.198882890759762
8612-9102,3.175151849283025,3.0726413594968727,53.71631817343804,1.6015950408194857,1.5702221482713365,16.97601166591876,3.3981960954281885,6.9501983065140305,68.05433512533298,4.793478510272343
8613-12701,125.15941545806047,1.2569248912183233,62.704401083962864,1.8021346180919244,1.2161865241946477,32.1564922206199,1.4290082855671136,9.842613976471004,150.83297950457532,2.3265759850440153
8613-12702,95.42157459753496,2.4110024494635245,67.48660029944583,1.5389047443654222,1.7721179241468932,27.20869724656982,1.8092921321855098,20.260275680957182,126.94143570965795,2.377349987027018
8613-6101,135.93249765880452,1.8043405197047246,59.602790610389086,1.666270590416719,1.6223875537401724,37.96758851185396,2.044498656808536,9.478723827049809,156.19557593832323,1.3398947641122256
8613-9101,210.3762423308273,1.4467307601579547,71.94399073241262,2.5583933477912986,1.9684741146346176,51.627520726951964,2.3387671959172343,11.288735988231625,239.7920936556301,3.82801628741682
8613-9102,4.926037626178063,9.545037079159062,185.70796123306727,1.4879824455482666,5.022571070365272,67.9753426296424,4.0,20.69558127173393,226.58548359085722,8.790161030070855
8614-12701,108.73989994163804,10.192149354948947,308.75916800404895,3.001769620996093,29.29487192556346,84.61815055103918,0.0,96.14850992742747,545.8843643335672,7.852851347446114
8614-12702,83.33241148627467,1.4078926275296266,54.666704578654446,2.025901723412674,0.38020094275023886,25.365983600569926,1.378449778648056,7.215897965295778,114.01137641435403,2.3162533471364917
8614-12704,107.89564751636716,3.2070824623822904,98.04569666096683,1.1982970304295406,4.61637270481685,44.956680901909394,1.7136137885441758,39.36622970980197,152.1862363600007,3.292696862393745
8614-3703,8.598977350728157,1.9894901163082377,177.55406261837578,1.4914453897037585,5.830868349637751,92.74794153179514,1.653767787632754,27.553971236916254,217.00788520747378,6.371483237664713
8614-6101,42.13390715199462,2.936088711707418,123.63300323392852,1.2020266026992068,4.0285301935093205,59.801980993109005,1.9274573189617752,16.938636436856108,141.94501182737974,2.1434022921477722
8614-6104,52.7176190734571,2.2918466113420632,38.57793006898115,1.6666136839509358,4.228774890706652,43.77090301473974,1.5345071653448747,13.83511871363107,72.52238497805399,8.000096799699996
8614-9102,202.64097684510165,2.5745189047887584,77.032947972317,1.9325466877710338,3.3579024873262457,34.000643889668254,2.1718808824179585,20.29021594998718,229.1969516041577,3.710065404113567
8615-12701,110.14962458650537,1.460252990031667,77.0749437348266,2.461130512896222,2.0358587363986977,60.8801516560673,2.966768228711781,10.081943956905468,163.56466966535058,3.452805589422937
8615-12702,29.830874832183618,3.959143428547929,60.59687404844464,1.4279135668344405,3.2010383612368223,26.40368276568701,1.1852681630169062,19.724279740601922,78.3144481341975,1.2565885519527624
8615-12705,101.61012826001317,2.445361447388871,37.467409800800745,1.2240543853300638,1.0675176796106227,28.170811044140418,1.147872693216186,8.912751105843839,109.7403937994668,4.8297755110179805
8615-1902,34.42184510096795,2.137037922213561,98.83202095359944,1.410180854075013,2.041297420724719,42.69415436038665,1.3593673584620753,8.964566540829196,122.30774037896087,0.6789054554988116
8615-3701,82.36303640148054,1.7902842440345135,79.23410174777266,2.1588872043957323,3.5825048319726145,58.90201403481409,3.8082879664458993,10.30767233939832,142.60875221061502,2.168836022864077
8615-3703,89.78735083351174,2.4142103232723,82.14314057584777,0.9280535039791951,5.963818272510741,47.32218975062408,0.7987778890451067,28.025256809127406,119.68210080075059,1.5170944754460733
8615-6102,160.4023279367587,1.963242424181244,88.98020386643698,1.9442919905316907,0.941682246814091,36.48536334493372,3.0142814552826653,5.669419984963317,202.78755706871172,3.5698203565637887
8615-6104,205.2585515484184,1.7138947885275864,143.85392839564264,2.3993207251171755,3.9702438312251243,116.73535555112706,2.636192739069738,24.786174126387706,302.9562717903526,8.230062553599756
8615-9101,172.51033909296018,2.046703846782603,70.14410981022851,1.6395980394897287,2.2953315399662935,37.86309178454975,1.478136971011766,15.686150592671416,194.49154490817955,2.5218814780208745
8615-9102,135.17090275835662,1.2991136362920948,58.19732924280986,1.8376729554336966,0.901829300206428,28.88601953776931,1.9336371442682094,8.745935406615333,156.5095556779554,1.470595102625182
8616-12702,47.31984780150032,2.2068067298943133,72.04504311372503,2.7132299239091955,2.1805156310753118,27.470810735079535,3.544491920473149,24.115193797984894,127.75819347887479,4.116055118861986
8616-12704,254.38509161256573,1.2590338413189068,62.87208828865644,1.9871282890162867,1.0135458413435625,23.548543600376775,2.5712320661236254,15.114175123830881,269.38205810067996,3.6330903307982445
8616-3701,29.340148076766937,1.636439974392796,152.9965653680988,1.6660654180353016,15.576627163485027,194.15799126265517,2.810477608699847,59.78748026136808,199.6497399178125,10.10401120439644
8616-3704,65.71271657937207,2.219594839831769,58.67272960447571,2.091866793479895,1.6157025138084358,64.27878031591734,2.9459106726811397,12.503455628211688,107.32842104048706,2.6028876026557777
8616-6101,152.69379982176295,3.3601552231299374,141.71338407124273,2.0240902426450567,5.164105708550961,147.92246628079607,1.6267351523843168,18.70742106543957,252.9121580029476,7.815309266784711
8616-6102,42.812235929318405,3.8935224282802583,72.21091752901974,1.3103571161161365,0.7422782887704388,28.038636029759328,1.2855405305231573,7.129962235362504,93.0893949764259,1.7068511410166713
8616-6104,85.71112703433822,4.757405630972836,71.86553283782416,2.0828042604590182,3.7659462865858906,46.860978506410184,1.750920009148229,23.83509348595056,134.54873592753938,2.3502878413966144
8616-9101,172.42843278885417,5.254478077348144,124.20364379882812,1.7058335842943513,2.460391595069807,49.21873060430949,1.9140369571314255,15.275105194713522,236.74180706280907,4.576801828194147
8616-9102,137.1337967993572,1.7833986744930603,73.46063455215835,0.7995363897984016,0.6875100916602795,24.059407169573568,1.3984352164846539,5.031082676358762,152.05376756761012,0.8085167897111698
8617-12701,9.256620239466471,4.158616776896677,88.6669225473311,1.4425893971069832,4.926039360351227,43.41958239407259,2.2139695856410313,25.66720824326878,106.89746368445357,2.522939001870774
8617-6104,98.91195523129885,1.7991184481260138,115.40316726320958,1.4391919212269153,8.187451963096668,76.52936249297125,3.9088763785202527,27.01074597449995,170.1486880447662,9.473855822233393
8617-9101,34.73605104412725,3.767417463775051,81.0630252706881,1.6254544698477176,5.679275033373009,53.03813601294648,2.2579302581477463,22.862378362370695,109.03119974624227,3.6995808647878126
8618-12701,8.193534125290007,3.421671217755122,50.99309729475278,1.081585090307831,5.392388353242759,35.17111822006672,0.830074246766783,13.776928088080655,53.66167491658863,4.171858077502546
8618-12704,297.1539018088273,3.0684525846126056,95.26023883813525,1.5022039416804853,3.1887410942493357,41.552180190318694,1.807356509064875,13.37922042268797,319.26824256902995,4.0462082134584545
8618-3703,,,,1.178,,,1.178,10.465219938734407,,4.271258908656938
8618-6104,15.026705789845495,5.353237035578119,211.44952985134756,1.281626236569202,39.9291140055224,68.79857343416741,4.0,58.90216081805097,239.85093098978678,7.834334702648839
8618-9102,31.61087648404186,3.3280784246433845,69.80703065787095,1.4843545559485507,1.9141765094137535,42.55471409567132,1.1190322033389821,12.126634878205895,90.73334128254658,3.0440284789592047
8619-12702,90.46359550993512,5.721395260690053,40.57065123911218,4.0,6.877728319448483,598.8825819160082,4.0,82.21895856789835,121.52190370648351,7.464298483086543
8619-12703,20.889598867831637,2.051368274262882,37.741512708189475,1.5346666158534563,1.5948708388140165,20.620502539753844,2.0410688945286015,11.59807503743657,51.20925595851979,2.44848685789081
8619-3702,103.9180245105959,3.026360970201864,105.84227395002443,1.7129486539278687,5.935951461501612,58.783696592222334,1.9057713123739677,18.90023722541301,173.17162603357184,5.675767416490081
8619-3703,215.46870872755346,2.4097903987806304,131.84360678446296,2.6785297687169103,5.001932134346334,65.34047616043645,4.0,16.8949708965293,304.9376034852696,4.453941765024274
8619-6103,124.32842151587667,6.003416743355173,174.17714907362628,1.5186836360749623,,87.04649570648976,2.1024658201614983,26.023297151966865,248.05421472814308,9.025592972038497
8619-6104,41.830418321671985,6.444162172087838,161.58012868571356,1.4504370797781183,10.364672502059902,39.44276245567579,0.0,10.511607415004526,199.04269721835354,6.817618317730277
8620-12704,36.576219373970616,2.692882876147795,57.020206451416016,1.6711587083497683,1.3836150636210618,24.990227382725344,2.0186147130055385,8.45618043758923,82.28769484438612,1.6551790506461084
8620-12705,75.87932578995466,1.4587580675336838,163.16293382505432,1.619548724050199,1.482771212533326,54.380820415446536,4.0,25.881902533135662,221.07358450979177,2.7114291371623036
8620-3703,7.226727610945629,1.029705585176348,89.44231269878242,2.0529603043348312,2.0304001876090414,60.23381671063801,3.5431350383234745,8.063282244554916,128.35793227646238,4.3013388494842175
8621-12704,68.71441759554548,1.3974800087285038,64.27506348627105,2.6409770453818666,2.026155159773048,37.18909304651719,1.8004804207254255,19.27242009388362,125.02918392404582,6.910152760513396
8621-12705,231.91968100046867,3.086447278563421,110.33179571250115,1.9274384339502877,3.9975027853301612,107.94732461509224,1.8362960935230617,29.7352068345832,277.9382110337292,6.209133816995416
8621-3703,8.523988512747142,4.349526778157652,87.84011219069967,1.682190792484953,5.10997230288869,74.43748275290066,1.3030301106909148,19.495860843158777,114.2464424127515,2.336287363211871
8621-3704,86.65487731851954,1.6852989059359276,50.611090249407944,1.1830688027896665,2.2428332108424467,41.38105816178103,1.5803580881779271,8.670552751169833,102.66195861150725,2.8351360605762976
8622-12703,126.84031326208267,10.34566289215357,92.18016489799943,0.9335637704356914,13.994138106814699,40.40945015037339,1.802062191364036,52.13649629275058,154.98750621212534,4.958572723321421
8622-12704,192.92185165227562,2.598454504465836,57.86366748586921,2.607424556403079,1.851643204812515,27.10711261958152,2.6623639968778106,11.061781768196582,214.35724903366346,4.010284457821397
8622-12705,95.61199210493078,2.858620852857223,41.89942169189453,1.001269030655841,1.156789130922529,24.79085060801642,1.6671138151132459,6.838192647835392,104.40039479713968,3.950625994083178
8622-3704,44.67560026261894,2.5070482976599977,76.51030325097975,1.709520450940488,2.5745747064976903,75.72001080559652,1.51331540686648,9.100765032473383,109.55886720349594,6.116371074916332
8622-6103,44.216275210924934,4.001596417083533,56.59243783487651,0.9468570796835778,2.866559397435542,43.78002594082042,2.008436398317537,11.715929617496126,70.62281479157892,3.068966375516456
8623-12702,7.854276511910021,7.596355063981329,81.72006756980637,1.3791529840566181,10.910907126492432,41.04845896664498,1.1315694432030918,31.742337357137092,96.2907419003568,2.057256290653796
8623-12703,74.06688861890244,5.918919565131527,84.32190704345703,1.725671740944593,8.548009165861826,41.66510307434952,1.9017030294566521,42.71595855233697,133.25069457323522,2.1905467619113725
8623-3701,52.35950318697832,0.8196623983122597,66.0087625566859,2.318613361012382,0.8080277240525136,26.558815183660812,2.810929957901276,5.417426691931941,113.33172280557177,4.329758319876882
8623-3702,15.009004483549818,2.362294573558134,72.3087471651925,1.4611896892559737,3.9210633135783013,55.26939269420354,2.1887211712179626,11.513735314082925,88.68585428032691,6.31497527774301
8623-3704,77.10333998396894,2.2952502115422364,64.27287919644195,1.3218805306807757,1.8271791706760283,25.70938843774041,2.105439345320092,7.860458775035904,106.79708551656412,1.9072504165122453
8623-6101,86.27529914341412,5.582823905524306,131.2297431586706,1.4829948969675857,6.712040024680702,39.08253318995145,2.545419493783135,37.13005505379465,181.61070018758886,4.0198597263046345
8623-6104,64.00883002317585,5.157972431356516,94.69335799901496,2.2886321649099863,6.3531991446249485,62.423272994206854,2.4939557882182175,18.445315522918328,156.90414451479467,2.672806751262278
8623-9101,65.89596769151822,0.9779116165939571,38.947707508876704,1.7300749005879048,0.5916727725255841,24.55261024542816,1.6259741711280409,7.380333128760816,83.46658348366651,4.503610822846468
8624-12702,20.612778632759536,4.589868292039952,85.59351472302832,1.5119026293827682,11.22367200968684,78.99288620517814,1.7696313378054596,39.37980495645418,107.24487364259124,3.626467567611878
8624-12703,2.37856416147208,2.3242567096171696,56.36522153382148,1.6332161015103397,3.2418149732987103,52.571927744563666,1.27023626676438,29.341306130313427,72.07251562465794,4.437012133397357
8624-12704,109.94070150291584,1.7502788498878001,52.64653816130638,1.6805258714573523,3.3857519825972906,47.15607733217674,1.4268491088020676,22.87781601053419,129.40170319511284,6.357480841423793
8624-3701,48.0718767618369,2.9726121974128574,154.92031256848188,1.3362156078033076,9.21000975083429,147.63890240542895,1.5046940726748268,44.619248049365424,185.41975386982162,8.579696013998085
8624-3702,214.35844163757955,3.617453516569793,164.25984184085127,1.7612581245875432,11.108556433049381,173.36567787069663,1.9509046190421766,39.49130511712251,305.72956622140003,6.995377832112644
8624-3703,62.082860126243645,2.016347791360071,67.41875826891736,1.6803348776823785,1.8471198102590503,28.855833738671404,1.7770934648650845,9.81442542024226,107.20022901583626,5.191465893332622
8624-6102,36.50851199632308,3.625479456615034,59.12616576492478,1.3784644366580556,4.311989360831238,39.37409002716919,1.6722844454530938,13.530320990939504,78.4337304141685,4.41439122148656
8624-6103,6.203987550819171,3.5465724898795474,49.89444428811079,0.7378976734155469,2.4121299467563158,24.321553405869185,1.2411123747508175,7.664996232211957,43.306499919870234,5.498878388707068
8624-9102,21.546436522323937,1.7969435011958146,54.05936096044215,1.9980699924190435,1.784920473245274,39.65614683731284,3.219674088584641,13.102759250981197,79.3941915983733,2.3625731934302743
8625-12701,85.98208016898877,3.665311754479635,103.84971864221467,1.4806601285063916,2.689141291136378,46.58587123270822,1.6681074155482696,17.038441680065766,152.8446539864508,4.145565723762889
8625-12702,66.67066452922819,5.710203017101504,64.4545549523434,1.1582383071297342,4.767810213367416,36.055826317159216,1.4510882098856877,23.453954478030955,96.21200937978763,2.0544793217083885
8625-12703,240.8977087966832,0.6526069094501262,59.940443392068104,2.46320663740717,0.9556835516954687,31.720591527696875,2.8967722037704426,12.033529616485435,258.6148771963641,1.6826449298492592
8625-12705,23.082709505059455,2.5090609849907284,30.181087767231965,2.345881646576399,10.158493061158223,52.56224957411935,0.8414892428442649,56.000985778547715,51.668854411214596,6.580183152396236
8625-3703,33.0226811520146,1.299766935948416,46.39546255895422,1.4052546628947407,2.746880676140001,42.03061969284009,2.041136405127034,9.209832171116489,64.1510940006483,5.052234735540562
8625-6104,74.48388801657187,1.4626130316732353,37.28471085541513,1.4023239276880541,1.6588308109670393,24.632478043175418,1.697235945940796,10.098233728162075,86.58689109997891,1.5286738774577626
8625-9101,141.40687561194332,0.8373194583396056,67.7430290733974,2.2426038377656643,1.2190767428609346,37.68222149914804,1.8453720843186496,11.588676884828747,174.03297986952842,3.36539041383755
8626-12702,117.60478836173303,0.8909714357919826,55.07400448980539,1.9957767121398984,1.002696466871379,51.94534741300359,0.8549487460544927,16.109671496380805,141.0119439556058,5.0490202759175675
8626-12703,97.46952426831142,2.9558616404927913,76.9373945625878,1.9471531210248312,2.457512713263404,43.96253245369347,2.9124172082771373,16.191462737310655,145.00418504987917,3.5287774334549318
8626-3702,146.96714962801204,1.3417080616882713,84.37563397481156,2.123086822826405,2.2335834341045113,55.98751256395546,1.4752461948286348,14.02169123446773,191.6093000252039,1.8964743430118955
8626-3703,64.16632194604483,2.3459200395346858,73.10938539022511,0.8840664584814457,2.6808747598590648,54.52692301152726,0.46374531581368605,13.872299561439267,94.0352932929685,3.0341786489057583
8626-3704,196.16820854609284,1.918643454944912,121.71427438752238,2.051695500533525,2.503610900450995,84.62560072812165,2.8385317176175855,13.152464443040751,262.44338668767256,5.569832430209436
8626-6102,90.29939017055437,2.5051549697960453,180.36179597166722,1.4448271489383349,3.481726931597645,45.95373006590844,2.7432888077379074,25.27601088477285,234.85048938536866,4.3256211599696375
8626-6103,1.1955920834092322,3.590045375977679,133.1313820821476,1.6923503809927016,16.524012923484797,137.14414328469098,0.8681365852979939,27.854896169303515,173.19523141056268,9.356298834685033
8626-6104,182.49159401843963,1.8392465244451106,101.25268986301599,2.52003612565375,1.8324004200026316,45.97288679986683,3.7991093837888243,15.353124310907827,243.18483177779868,4.743855530080442
8651-3702,53.32065396157659,1.938568593685452,70.31955602902283,1.7152570827325824,4.698805580287476,49.6329701441412,2.4068234444082153,19.871048654039562,106.4178739848866,3.8486986242857064
8651-9101,55.73061941739403,1.632605314004261,63.047544749386766,1.4822097361197515,1.0811795496623662,28.386487025561067,0.654995366545883,9.241546499825228,94.85607580140189,2.298796054456842
8652-12702,197.31223554287143,3.6206196293827975,133.5966462092203,1.8253315127887184,3.867189903367405,55.9901007433643,2.615255825137362,34.8733197740403,267.41494299000334,5.032108589161638
8652-12703,204.94470908540708,2.218746655119028,69.15475336591966,2.424261218466229,3.348334946034173,41.29882543640893,2.0964451515836093,37.52327908938397,231.5082545772509,1.157041788321538
8652-12705,206.9452976369309,1.8256728939899098,58.51093442408332,1.4365872279131249,1.6072877814015025,40.97122682359621,0.9215715846188881,19.562785845705825,218.50527428929556,2.1252656864899633
8652-3701,328.31398166590594,4.862616101952774,166.1391537047641,1.9098270796951322,41.50010319262307,144.27906915531952,3.550519658064008,63.54253503758446,400.631420017621,8.990243088020044
8652-3703,169.75671192896542,3.0831918963864653,188.58342452384062,1.380194442610941,3.4652965992526865,77.51402032622849,3.750827526571192,39.06775209352338,279.10960820485013,8.360579707685824
8652-6102,14.546966775847988,2.5971228905455863,146.35227265209005,1.8799464018072545,4.413467201576324,44.15367351253579,3.6556138564277356,19.116273941924607,201.19185649264614,5.904481962004302
8652-6103,140.49856334021675,2.022844836047286,92.15440865631305,2.150558612448015,3.258840869209315,62.72661266324025,2.3888028939299053,11.6081635107206,194.94441670742458,1.7110045183389215
8652-6104,77.44378742385302,2.9162296564895107,50.13966119989507,1.7522505475152674,4.188345548442203,42.84962034652375,2.8684452676831844,10.272643937608578,101.99349439461176,2.618891838555705
8652-9101,56.75310701714676,2.150868068467284,45.511799943120074,0.7030063900520032,1.1451465384110517,20.47710758351105,1.8484065676816392,6.190246209660972,68.38910086858405,2.3504848133056404
8654-12701,61.09950143855252,4.235742445960354,65.12610220111685,1.181452982078663,3.2160602540173726,34.77963033216404,0.5785987147756417,17.047045017357163,93.51029146202126,3.408673707002778
8654-12704,28.275604380568506,3.4645405810804206,69.35175590185152,2.3513423671872435,3.465907969095324,29.181774837372792,2.9157388265284885,15.87397188915146,110.03945360934671,3.2419528494889365
8654-1901,15.556225771390913,5.387998934776972,52.82851461154141,1.202074478582476,4.144701234300187,25.76444223716672,2.0547523904959832,15.20070130496482,59.973394685763886,2.189693152873707
8654-3701,78.23370922469763,1.9024870142255879,58.341598486420395,0.7168377269384698,1.3800715313481562,22.64542967050224,1.1782858834819274,7.30703256648502,92.52266759612854,2.0784275380327935
8654-3704,96.13505713509761,14.27948683103076,60.65990065730123,0.7255303764042242,2.6559913229682732,24.518223691882362,0.9043892771867759,5.463218928280895,109.14040437892851,2.046441652454003
8654-6101,157.85545086280223,2.80233533193885,82.83464952931938,2.218870669441339,3.251916616703083,43.53642421165446,2.1887031615237804,22.4688533997955,200.3579300081277,0.5945557127496405
8654-6102,63.22551130963893,6.3344150044498555,115.61011948450954,1.9555430068715354,4.457687726857619,76.12487999541551,1.9148420329506015,17.065020955652784,173.5933924833551,5.3854679489750525
8654-9102,60.291029594651114,3.9864851796668654,48.7125448183398,1.4708966041016884,1.753565408355614,27.1628819866632,0.9208057871924649,21.805333526588814,84.41158975859511,1.947324164648342
8655-12701,64.63389272422093,1.3368885984839873,25.646325165205962,2.030371335433812,0.5809840565545966,25.55110059576833,1.1649488001113442,8.604310837463322,74.24947365077821,4.151560955008309
8655-12702,62.32567218029583,3.409610481489828,52.053360245237826,0.9785744585061082,2.628660169564549,23.682580510827137,1.5579745929029234,15.95596116696351,80.84545812869145,2.124026179203651
8655-12703,31.587657723460907,4.809369943042312,53.41745081513083,1.6580080394626657,4.9121279756154,25.68124962981264,1.1649158670319268,16.033184666010445,75.68870548491212,2.9080570542886575
8655-12704,0.07804729371726758,1.5086695475957976,53.06160597133214,1.5449022800554144,1.4506794330684003,23.577570028045628,1.6089394789325855,15.369926740914522,65.9524907126923,1.4989124194574628
8655-12705,64.43897097422698,1.7649586438784974,112.96819455157619,1.5273604304360529,8.807982596133712,45.97598430597989,2.3492999911049255,22.515300684384364,153.76693125267624,7.18107995192969
8655-1901,116.09029716391542,1.4710867803292789,78.10893848596224,1.815763168157325,2.261160762947372,95.17432217428885,1.840429649816092,11.033088250626431,156.7001581745153,7.210455657754665
8655-3701,45.426670449851706,1.472368995861074,95.18760824552268,2.391176169765454,1.5314847421992006,87.84503077172462,2.089363733149753,7.87357470912779,154.0430664187788,3.8484792604530376
8655-3704,68.10056866101428,1.658069440945766,46.57569807428226,1.533234012634506,0.9335835337353436,30.32131876327118,0.9240043858535971,5.594261952117629,89.23970712463388,1.5058073534559584
8655-6102,14.435487004166019,2.306543165661583,58.61743387820669,0.7242559408876617,0.8068763085673543,26.50208814094681,1.0830354812071887,11.503773936033141,51.931967729718465,2.442304676110425
8655-9102,101.48177079136343,1.950966025952637,55.14271584736074,1.4803008815614183,1.8635514481808093,30.46303800155718,2.0818104063478873,7.48403332069901,121.65413673023404,2.077421964184365
8656-12702,18.36602669597637,2.0823547402049263,67.70128459102773,2.33654319210659,1.1224652154733652,29.950402412063358,3.291686971859445,15.596413097327666,105.10362691568244,3.6047473697724928
8656-12704,61.822152223916945,3.0115119213160653,56.51477813720703,1.563161267783371,1.6675514820039838,41.156601123678676,1.5569601873648797,8.699658240229208,93.88605206943059,2.925471750278452
8656-12705,126.7378871251342,3.743276044422297,81.55047513453346,2.448389471982923,4.126351872624067,47.24194926767107,2.7629161300111527,47.24785267288875,179.84842850445435,3.9604514694215927
8656-1901,46.98195837771727,4.211876344728461,67.95291774037244,0.0,1.1655346362789758,19.66865667116245,2.213638572223087,3.756651707152983,46.98195837771727,0.7009205951980759
8656-3703,10.343711524892893,1.6370148750020421,52.63787542821942,0.9466956403994871,1.3339658467131446,28.323612797050018,1.126874034480982,5.480729147045614,52.24983694055002,1.981593473441289
8656-6101,39.96702846808603,1.9949306691913682,69.46575523141034,2.316917610025783,2.839096137247331,62.75218517433093,0.9462481335239967,23.962251163444023,113.03817402420592,3.295315821433808
8656-6102,31.15927175708032,1.6164094507094064,40.17373465567931,0.8575813793562808,1.642012262609046,25.01795068829758,1.3560392517222375,5.392626151618783,48.5280912138495,1.5722362595846402
8657-12701,62.65382863614262,2.544885207736796,61.80942719073713,1.1139004621680992,1.5158900329974743,26.008950966571835,1.6868839933661444,15.290021765694224,90.44917611882603,1.1694832467540155
8657-12702,127.30221960290955,1.1774189369967105,50.970482897460634,1.1667388883264558,0.7225848802119443,24.017934177651988,1.5475868113060258,4.707432033373665,138.69762517164284,2.8445107450170237
8657-12703,78.14624909698445,2.4111925956888496,74.04402316907141,1.5552189388065525,5.493631440103531,44.042926674249685,1.2264363771868607,12.951500378545617,120.96838880268918,5.44982242957699
8657-1902,,,,1.178,,,1.178,12.956602577810305,,4.187266823744773
8657-3702,51.061495641365894,5.40666590265275,29.094764283664766,1.7264406057650272,0.9055971231091915,32.33939635964754,1.49092268226278,7.253956455461619,63.786499160140266,3.013539120322544
8657-3704,49.50148501099739,2.4238085621851746,47.987436718410024,1.4154264391700453,1.2979031924795084,42.13799000536637,1.0092210169197984,4.389133804481807,75.56343459013941,3.1011468312907726
8657-6101,59.692533790251424,1.6982884215262892,102.84728902506997,1.9261654302605686,3.5596499893446656,76.53788815852886,1.3635128745109122,11.927813727007058,154.71696209400616,3.891516895738879
8657-6102,91.98481834794005,1.3384065380045238,49.303449301554124,0.7884076004519691,0.9921002936254495,23.036425350649953,2.055327274475363,7.928610804052212,101.8709563272311,1.858679176640668
8710-12704,14.701104339351593,1.3109772739504524,82.86540110166223,0.5944142289750405,1.3637715497589378,25.99644763023282,2.072024283649424,11.671853727297375,65.55739177289236,3.9005855574164436
8710-3702,83.45505611077027,4.881533051670082,104.4767488599151,1.3805548987158625,4.441547271314225,57.12150125742917,1.197926014167598,24.395872440730148,148.4386842408542,3.1598154660657
8710-6101,20.49958753754375,2.64811306358621,58.750607004721076,0.7832507310500718,1.0723593207780342,16.148217563208405,0.48590619327291285,6.881385615798846,55.89031941868628,4.015654513770093
8710-6102,12.413039288393554,1.1106709015751357,57.850154909948735,2.167525766284749,1.994152229480864,57.068842788873035,2.7525516602947553,13.709518220241131,86.06981405780732,5.116270285144285
8710-6103,9.301244023284475,5.268763237189902,60.99646697421788,0.0,3.3162307390297907,31.49756766816447,1.5799145144679922,17.783618831567747,9.301244023284475,3.0453748741036364
8710-6104,85.81881203494483,1.5805189060963385,46.75434031988548,0.2209412938761839,0.8186743582766434,28.402558123586235,1.39233258279164,11.55520228795012,88.5880306374652,4.314961986876919
8710-9101,41.12556609088244,3.2788031469702053,86.03247341068442,2.6601948840381846,3.4249497876803505,57.00672610647008,3.343025279828747,16.9718360849265,146.22234670953642,5.556376481274282
8710-9102,99.62033166977078,1.173372551620982,46.32683429590065,1.1551869336427907,0.49577064807491467,25.372193287555284,0.9642178244241757,4.372608166183726,111.37075228512562,3.0434892196691443
8711-12701,171.9945266842076,4.409862156496517,131.6594893584355,1.3059274393134008,9.780069506878576,108.26204312783025,1.8498815104864295,50.74443286564494,228.51554046219067,6.625223640690157
8711-12703,76.76583430538732,3.075795919557815,53.617042165782,1.0852211299152923,2.00555208971702,31.134641924084363,1.916859023324133,7.453539891700791,94.93562630310818,3.068054298874065
8711-1902,32.979774318461445,1.9878950514924822,80.36654486660046,1.3970321995786286,2.320957353302975,65.81331165190807,1.2444519991997167,10.093494618797072,100.55243053677287,3.9384722349093013
8711-3704,23.888235821821592,3.123011366413257,42.35132146234519,0.18202217133109333,0.7707751116720253,35.46845418968776,1.4283449466612574,4.830244866293176,29.952112515317104,3.7841196287036922
8711-6102,239.67330291798163,2.6753394882846817,85.99198119909322,2.2612214112331417,2.6979173492560524,36.74061387474397,2.7291267746986767,19.036191655307572,272.3309881038035,3.9473133212034393
8711-9102,59.41308866378666,2.987201553465548,60.26537919527093,0.9275531935514931,1.8156688506901013,23.70458954602254,1.7492148225637822,9.303399024363594,83.05847532753913,3.5776812232072155
8712-12701,75.94388053345115,3.3082350636746356,55.83637425048596,0.8036990592593833,3.8060934747885513,34.32447834651761,1.8416831801345124,18.70056888487256,90.95694641771252,2.4874781263632832
8712-12702,113.95681608420695,2.4985532479409636,71.34885599819376,0.7529074518088661,1.2786070172604496,34.685941924270175,1.931360903936966,6.520782025821825,129.6878992724043,1.7939326334657513
8712-12703,160.43733324736488,1.3144045701243898,174.05965103134415,1.5549923084211157,,,1.178,24.71672183436171,269.9099293500771,6.980585495111754
8712-12704,199.88245762045554,0.9295997050367664,79.84394071542721,2.6216430285980863,2.56036037631435,32.91447533378119,4.0,21.631361418848346,238.0464555891458,6.372110555280264
8712-12705,143.05019560323808,3.293703734081601,77.69432591440071,1.863019079084058,2.9140536431054116,36.08973336675342,1.5981463032011396,32.39724360562603,178.07105956777121,3.4720288976411204
8712-1901,114.61532533421799,2.0508593679360043,108.31007754623673,2.2103175786928526,4.586619304644328,65.8345011356632,1.978497131328088,13.56381225428263,197.65138361520283,4.579188192468281
8712-1902,54.04443954322417,1.8836952621567677,74.72321844093938,1.6308079489427536,2.009572474775261,92.11114011327813,1.672613313748096,6.715796263806119,109.66546610640606,4.56007134131288
8712-3702,71.39371551543906,1.9050544098994944,53.68932149939854,1.3290285369305472,3.0956041838167194,26.14974473259275,1.8996736827208047,10.740191383035,94.48833178795248,5.9279324718352155
8712-3703,90.95862400513853,2.2321488422759512,62.180286391420694,1.5525548872143022,3.3380425729453957,47.16342584288069,1.502679561872939,10.73668970101335,119.48326615296243,2.315046313479651
8712-6102,140.04375196894625,2.1690070738689986,66.5907256217307,1.8503511365200147,1.3192986903999773,30.52432415794469,2.368063564766601,7.9304435454443505,166.78522202440507,1.024473960857923
8712-6103,81.93505207450438,2.938474860775661,63.14445347603869,0.6040898914436856,3.131888285039005,45.114467888924935,1.419368100034313,12.525300685869635,95.50912661356385,2.430791722346996
8712-6104,88.78964073326568,7.483773912213525,88.34188945736663,1.1883470846039708,6.3355454241575355,52.346295440823624,2.4286145307919678,37.34311408215798,130.98780438091103,3.6085927268414464
8713-12701,189.34799467564105,2.3970074792099254,65.62847767646717,1.316380539182135,1.214337613286714,28.018172467389405,1.991530863072624,11.445068006464416,203.77056182621524,3.8916460604962557
8713-12702,28.572234009839057,2.731674024908623,63.656426320034136,0.10370456420593466,1.1361881923161221,21.390938061980002,2.2174058947487962,7.386596158769909,35.16529585493098,1.9406448657361577
8713-12703,84.53096296082688,1.7742486035034504,74.50856427548912,0.7151440891899274,1.061742942040765,25.860788115514374,1.004123058136976,10.626694581395466,105.43066352595324,2.1056613725240205
8713-12704,9.340531613465174,4.3476830282395635,75.33286212567178,1.4267192475233315,1.7849481753932381,30.122670573576013,1.1203139217734621,8.383574760271411,90.46510097740045,2.390479106083252
8713-12705,71.10083519178018,2.5907637137103268,50.49178307795589,1.7597499297157544,1.308590997470329,20.43713190644412,1.8318983930848631,25.804406513971095,97.68147577465135,4.569724693880207
8713-1902,36.77119487958087,2.484992816118227,50.51628591174213,1.5315734430966335,1.6847029172605965,22.88279952195504,0.7329976043730893,4.928718261716429,72.52954985667529,0.9361773663968704
8713-3701,0.239314195841073,4.743930054548903,65.03150214545624,1.7338303600299856,1.9687352350780447,26.62647607604083,1.9986106728116075,8.094217797428481,85.63055986004242,2.427875438318816
8713-6102,185.80922963683238,3.123645265916986,87.5885874520431,2.1293844035108265,2.5964617821088907,40.79852048012404,3.0991948207261046,9.521144843197073,225.52427208116248,3.094451284668833
8713-9102,63.55404943848415,1.0673344807269916,50.57898940605829,2.1938505597730606,0.6420673520046465,26.830676772559713,4.0,7.270914903687613,98.24205140601643,1.5942403183988167
8714-12705,105.15419358682723,4.094689175751763,60.64210148360939,1.9398638810020925,2.400037385562192,39.8139505279214,1.7533011795471873,18.165027707791985,134.87470086147727,4.637751984501573
8714-3703,73.66188494894266,3.0119575481584073,61.53254603052813,1.1947350462434185,3.4949595696336297,33.45005702552645,0.8887774348236488,15.143417350287697,99.74790176262316,1.8713350937221414
8714-6102,95.88102164855353,1.6177295000918979,72.65800920915834,2.2108690238964015,1.9603081880887974,28.066785141626244,2.1476891984687887,16.581535087502743,144.44639067614972,1.7359905565783094
8715-12701,2.1302656904089066,1.2861189548837684,55.944477731178395,2.188625379577379,0.7396134658238459,22.08949140610061,3.5658614816786294,12.311632952003858,82.79169049586541,2.93708900180004
8715-12705,175.0079590617779,4.28958879634849,115.42069050154981,2.0346625376876757,4.515659600184042,58.26662503910559,2.2969539163007466,24.240163156259605,240.27781717893694,3.9888810753060935
8715-1901,101.00685086784712,3.1943287709090615,51.732058016817014,1.2554778625387062,2.777915437057886,26.842533711580295,1.2063720469142825,7.5692892592257595,116.45729300135034,1.505648020430932
8715-3703,85.2575050041606,2.4373098248261416,155.12533995707415,1.3846997037573476,7.050067200198968,96.73102515106848,1.8455780255112257,14.88758244053518,201.46979262044576,8.729581065697083
8715-6101,182.94938267606355,2.82298323202918,90.44880837717933,2.480835676592014,3.2048314118925507,81.97297937876861,2.605188734468151,10.507202218636266,231.87531322723356,6.383907984463033
8715-6102,31.533964408255823,4.987397749501465,63.007395074689065,1.178,2.4199002906159226,30.720510023735883,1.9012995823183387,8.082574386422213,75.30584712934667,3.695023116939603
8715-6103,9.731712632704184,5.079480068694144,69.62672818895155,1.2634051724403905,8.248798748134101,57.02331513912637,1.655205006505244,14.037291805516531,78.86408886904314,4.930847047233487
8715-9101,34.26646478285276,3.0390048957815217,72.7459189330526,1.913555982026005,2.586648882560558,56.2606644894244,3.393118465419511,12.97091644763976,106.30460484979592,2.8518257335609714
8715-9102,129.7573838604972,1.0833088237343582,53.09881822728023,1.2947000928697685,0.6535751966027742,25.25640148379923,2.056002643796583,4.881766222881432,143.13408226765685,1.4238458245771948
8716-12703,18.772636703950603,2.6691505582991515,49.064270426791595,0.9385224629535953,1.6517228260953858,23.82725558999565,1.310045414929157,6.5559328750234,51.104984928670156,3.7870758211821665
8716-12704,56.794622133687035,6.194156956574637,72.06584958351013,1.4069512931804096,4.537535264085804,62.32576659989316,1.3651520082914053,17.02751122482298,102.62851406160674,3.974581306060272
8716-12705,2.0281666586959846,2.193240854266719,71.80831296815983,2.173303443596192,1.2416941738933334,21.0479884182458,1.118412732653821,8.210912755890257,105.88016253690634,4.328940768501147
8716-1902,44.06350102459585,4.194796994529762,152.19104394665106,2.0834049381315354,12.354569732909521,151.87005670567987,2.263313664515933,25.273121132118735,224.04833074801928,8.846159832354655
8716-3704,59.11999484025251,7.002379785043141,79.29556287496655,2.1491708646578873,3.9297783842809806,42.35657816393804,1.6169005953145654,15.653143206898623,130.41741023014387,3.0967557267050014
8716-6101,98.27311715509688,2.031747294143438,37.77073761957774,1.8713436798211434,2.3231179190083355,39.54391763869661,0.7800806000973144,14.673478699141551,111.02845584569867,3.4660317696884513
8716-6102,4.072190653807086,5.077160723326053,49.23865733311127,1.3969846035845983,4.222123853210028,25.370468950338232,0.8470954018477572,9.453543420027108,58.339485763756066,3.4228087919442554
8716-6103,242.1148229297064,2.787551066557645,109.38205686793845,2.24625405524682,3.7910539630801536,41.56100080226063,2.228816700553889,25.125694355476973,292.3948472402294,2.5189227602556676
8716-9102,19.089561295473402,1.3889375896047067,48.920756921131854,0.3319048209710155,1.0719269821160595,16.482614459870746,1.570479145932432,8.565449249033799,34.04026139910283,1.63371248072401
8717-12703,64.78595990317712,1.2866757024933544,89.85127285940854,0.24601540458514048,0.7443689192989134,24.68269371168007,0.40208356716072347,11.123549472740235,78.6343739679933,3.407527439522583
8717-6101,106.2538087569014,3.030069856470947,75.89798812999263,1.885359691998028,8.084587339590406,71.56967205652995,1.9297974217655325,21.95876365797264,148.83042383151516,11.017502786339591
8717-6102,21.121814316488898,7.168156548497945,128.46406619263826,2.1592392601669355,10.009465394149544,67.74602556678866,2.2870000560196257,49.42599163947444,189.94760264895567,4.807392326136336
8717-9101,49.996878304512975,1.4684747949091002,68.44695557160591,1.7108412399047062,0.9697363401266863,32.58802917562187,1.9416601284477015,8.432350011324456,102.54245282003652,2.251354698301121
8718-1901,27.20788999312043,3.846268474412512,166.19498399213404,1.4558108159377017,11.375519193164275,162.28251793141527,1.3921151427420566,36.75515496800612,202.36325982037815,7.306006526660808
8718-1902,26.12888025078771,2.4777182732198595,48.97021043005779,1.178,1.2868216971363542,48.086640315302255,1.5158057598561534,4.340697764280979,59.22548776858289,4.3956168380950675
8718-3703,21.994353960576035,3.1193206066356676,62.57577306230375,0.6136167882954853,0.9972643894640643,42.117585185569666,0.6696158936220042,3.706214653944868,53.72622880334485,3.58831471826307
8718-6102,111.35795356633028,4.770785397265015,77.11566037573236,2.217721343077167,3.4314323835605176,69.81017272730233,1.7067735315447048,17.836097128649467,159.96560478823528,3.7867745081198807
8718-6104,61.17726222677326,2.7073538528017456,56.27160972467585,1.597961936697724,3.060608218204319,41.7819183616484,1.2035681905637643,9.441209433845447,93.82214235366159,2.693042520190696
8719-12701,128.00656276174522,2.4567523563894995,74.38322686819528,1.6001590355564184,2.67979843937304,46.15429274862923,1.4230702298946545,23.48279938092095,158.86832011188375,3.6661609804937516
8719-12702,68.98712771538501,1.387133258933192,66.65708326749132,1.9891004825314527,0.7156637626422372,39.65372835944271,0.33353166080771446,10.226918625384293,116.60672757724163,3.9271362025422243
8719-12703,218.385193914627,2.070132310599675,77.12245960708194,2.394843121133598,4.5535858035031636,79.80496805662675,2.7133907417192518,15.395907476636202,248.8700816060157,8.69223974557182
8719-6101,107.22949655065156,1.7792395355008106,57.13591578733521,1.0352506497705025,3.553012573722188,36.50787710299606,1.3097356597117245,11.76893126471781,121.9743989668162,3.502975134364511
8719-6102,74.59970877244984,1.6635253745633436,58.637062676030375,1.1285527334093044,0.5487724853563647,21.33605452020032,1.8690945239848062,5.513846078900631,97.18757734188436,4.449544600746734
8720-1902,5.145776974986173,0.9644529423750449,49.45462197196122,1.4680608953302505,1.1090861442036726,31.6026631306351,1.1933491120392778,3.6935342445084576,60.14152558175478,0.6948822386676468
8720-3701,107.70980503583262,4.948493560697925,146.86332172920794,1.614902787453679,8.7094734675754,100.87381761322013,1.7237022743113877,27.126072490982217,215.48311836298998,3.505080905663568
8720-6102,90.22600915446853,3.922576997525451,44.37500520723503,1.3857730919592528,0.9556877032185582,20.385116011292858,1.4817971987037384,5.829012150377572,104.2569684039163,4.1868840366534075
8720-6103,33.83732480775637,3.949547434242272,47.15508650953358,1.1812873879476888,0.9874425995063161,19.851673223537897,0.7297919498397676,8.460691816258228,61.413986726061566,1.5225788199613797
8721-12702,9.676357852519345,6.326864901229986,105.18893265131564,1.7576632084634696,5.278332357715657,42.56372128868731,1.6835596092318768,21.368309042295255,139.79151730011696,3.4892725357462684
8721-12705,58.50486594127939,2.7137266261885804,51.06901059397132,1.2469252398385904,0.49623426785081537,21.24287977191613,0.8735287727206307,4.825735266553131,81.69978600527791,3.3779234742705495
8721-3703,75.05107490748001,1.734533253190409,98.06596588942668,1.8672127867474249,24.168835807269392,80.08511346350609,1.8304050867076036,28.462363037172985,153.58881910770927,7.915115311085642
8721-6101,,,,1.178,,,1.178,9.143615155893105,,3.2968880651554615
8721-6103,30.381418408392943,1.5937226910288005,76.83096923406853,2.8466215018562586,1.8483624786099813,43.00059364037266,4.0,19.806770876467503,133.14139530065484,5.00905472598948
8721-9101,45.14191011642445,2.9521441262355337,58.73951389176797,0.7399324948523953,1.281021374722058,23.93416860578072,3.39287256699858,11.445046715969823,67.7554698762297,4.341890841167492
8722-12703,55.545792735217034,2.0649889384230082,57.3364365372372,1.793418205639861,0.5291921512255707,31.979578975095535,1.5927213038698689,2.7137655057307364,94.76886713336322,3.4285272212001168
8722-12704,120.21751916760957,1.0281993430619143,53.28937833501936,1.2414356257168477,0.5628422310585365,16.531832599630413,1.4038737147620515,8.693189311996447,134.0806789583674,1.879539800429463
8722-12705,48.604053782287934,1.3072715641395074,50.63230492442703,1.0992091111087068,0.726639369158526,22.5368410691724,1.6391909811330287,10.057888867856642,71.97443872306688,1.0653302429458742
8722-6101,207.34402878892806,2.6191386901573135,161.94506432209204,1.9510576038296867,4.018235208977991,104.83584378522528,2.6560290440829197,18.313123919973574,306.85563500076256,9.911260837277368
8722-6103,138.57047798014267,2.7229907257234323,184.21151032693575,1.7890002865202783,3.0110781173072465,42.44556444266159,2.6698072257708,17.071968778327264,282.68268318197215,4.891844859455627
8722-9102,99.86995759439594,4.0398443343386,162.03331545225168,1.8524889447249984,12.180319926068009,126.06303779028494,2.337708132488585,20.92719853689523,242.09652310523938,7.848283072454294
8723-12701,229.64674727479155,0.8254156350959784,68.07823957549564,1.4379322136482273,0.5659002058692967,27.23385952064022,1.8864711460503378,9.484735969881413,243.72512453175347,1.5317377786194921
8723-12702,51.65126003514913,2.5637421706399492,51.31561482069748,1.9441199218528085,1.6842886972295992,25.876975888946376,2.9273819470275946,9.585597283405647,88.2456159318843,5.005053739138733
8723-12703,201.20313439770436,1.0129980697886336,60.71421987010246,1.8830209296248155,1.2030462582181989,33.864582749714245,1.8422231639543227,12.507435547648413,217.77034715867603,1.7326648080081906
8723-12704,46.43553246329022,1.5518070792700687,78.09015177975358,1.697636043363266,1.371090338849307,29.091315936239567,1.7429418143990714,16.056158823036448,111.84169690374436,2.1811880754445774
8723-12705,191.59847979225796,0.8930307969973579,50.91760939773512,1.9196980217382538,0.9070738061913461,23.098798094993427,1.5269609246671285,8.849591282713034,204.17392636375303,1.1992848861877037
8723-1901,87.44858308647923,1.837342964963189,81.06769669181288,2.045863962520391,3.3011867297108695,55.58509987865732,3.8196144040824827,9.955250065936713,145.23296536871658,4.190238050999815
8723-6101,67.18257318797453,1.4863486929399687,60.52072537008032,0.8283819742533887,0.6107116758107916,21.377188552326007,1.7121074539689434,6.79985450152891,86.87727555882267,1.2963911781639355
8724-12701,20.175429525408205,1.6250617666116858,53.10231857615416,1.5050025942831242,1.3422467132741807,19.749725226941983,1.7530265192140124,18.22522185142521,68.19779256307372,2.178326760432361
8724-12704,72.52331183078984,5.22368849133522,29.46650599879796,1.7603123628941888,5.6361486525141204,29.20004854934883,1.8113784988352757,9.090249150239439,82.38971982691913,4.2209488484319415
8724-3704,62.023026669550916,2.5895242123405664,26.425470034717318,1.6874198585510336,2.994878061975417,33.56114119380178,1.1510319308814565,11.474080861512629,70.88857699836223,3.3103399926334194
8724-9102,4.146936618068333,3.6512797472826124,49.719740386061595,1.4090760389520265,1.16898491616752,26.86537308481003,1.3657660410687664,6.219381565383228,59.16508384629358,2.100337592555723
8725-12701,30.59622018463907,3.6844443226512396,66.68698380887088,1.5463233614015346,3.7913943777753447,39.92796588080104,2.094814656115735,21.19358959462416,88.39042095725445,4.484975223282519
8725-12702,107.73300416978438,3.7272974281380975,87.4105738957066,0.9258512340454692,3.768627627583662,44.6323646680451,1.929861489815715,18.709373128544694,136.67650467468056,5.4464464521188765
8725-12705,196.27154210646023,4.772825628146248,80.57903785045106,1.9065246218957146,3.198171705239924,37.46304879532411,2.556208040831847,26.553387012344768,225.6137119875291,3.8802280483318974
8725-1901,78.4170145498882,2.4400839895166304,48.663162080460765,2.675717933423566,1.4211048106798498,17.71236634535388,3.8738183082989117,8.16226271901973,111.73900284042878,4.592703850252935
8725-3703,14.16311074065507,2.4947912765854365,60.699157428277154,2.1708934725169557,2.2491062504154296,42.25128931316201,2.3046636035960573,11.308060736112596,90.54836796511579,1.7042326537962438
8725-3704,22.029301677605712,2.9101404579061523,104.89974053267957,1.8919690673860616,7.895852676260964,105.69094581201573,1.0222033308024758,17.834875830423844,145.9603839336132,8.094135536881339
8725-9102,90.51481537652698,3.4417389767356603,111.60258078937966,1.2037917290645586,0.9109045789413427,47.43713960285301,3.147007904178914,9.384512155184318,152.27055378696275,3.747244095850305
8726-12701,21.265663759742505,0.5652900306274247,39.95250021401271,1.9373178480770918,0.271575406473886,20.866791220279502,2.973370009702128,4.826999530025232,59.536372147166794,3.1547379132207003
8726-12702,21.258283687132952,3.9564528843124322,89.6717621603494,1.7294308596355972,3.676036095696505,43.98390738051954,2.1550429941874705,19.102917809226348,119.82617110020048,3.4361964174626993
8726-6102,21.11582638598209,2.3088938740930276,71.89400389115829,2.0667104745765092,4.3316335842331615,31.244357036292318,4.0,8.51076813667456,105.49020491671689,8.104733796100813
8726-6103,201.91331804657563,3.6951547250598415,179.34006507267407,1.599608199715846,6.423953216414048,115.71989276690003,1.7811464950365927,23.63975688672133,303.6724565905495,8.64917118142271
8727-12701,119.91888080615003,3.8162369547300465,47.96577524866513,0.667517025476325,20.911773969922717,19.850500551874024,1.3453900041990152,21.586978202346597,126.15983831781871,2.3145558798605714
8727-12702,122.29899039376066,0.8336948264773199,58.8603929364364,1.0346667868228459,0.5158568306696472,22.32464722443461,1.057044304448707,10.92050802962638,136.16788747944457,1.443996325384734
8727-12704,65.16233361087265,3.1645002552785857,59.90980326034393,1.14835530229732,0.9125788683782609,22.874780957988754,1.5679360200520653,7.280381647357254,91.47561863013662,2.274360056882735
8727-12705,13.404433929678683,0.5481080774723941,48.16675398309496,1.1443207137533178,0.27577828382820324,27.63865328208487,2.0506348001832913,5.186108873182098,53.24043873797247,1.9346923304546375
8727-3703,7.283205185841342,1.992796747855396,80.02331611737402,1.8889878773865583,5.1340776253377145,78.17996347270048,1.3268437257109142,16.21646939106394,110.22529445674292,5.965622334912341
8727-9101,43.74745924205449,4.969164909898995,99.12613768265497,1.7991551890231294,4.733215638547149,49.15668270395753,2.840581246872473,28.251692910470418,139.97258015168467,6.041190130185906
8728-12701,15.550583433008969,0.7830636370260093,48.2979855653246,0.8533622818956923,0.34279871095558595,16.769098159965015,1.9827180954939871,4.104925966142339,47.248861603948974,2.052812943844879
8728-3701,173.53039507660034,1.5702821105666347,121.56893855082282,1.7210026515523928,6.827021996271824,98.09178419369655,1.6719333191284256,35.21855633927891,235.68518820794637,5.4711043323144635
8728-9102,146.02015840169665,1.8603916616853449,52.154704367435244,1.6846253645429594,1.801262363308256,34.04039285842248,1.8712062091343773,10.069359061567017,160.94799883815662,3.329695620752014
8931-12701,11.033441190987075,2.402636595662392,55.35443539562367,1.3287241764815314,1.3766967955544367,27.984038111367532,1.0343664942849662,11.186592935729971,64.75413913660881,3.2659854802144
8931-12702,42.183676268223316,0.8638434915770283,42.35502656037301,1.2290841481151873,0.4430231329149676,20.78422322229353,1.6951729036416863,5.357318645965215,63.12191323745817,1.5733486672482846
8931-3703,81.27859087652041,1.2201969879307697,52.1166336552903,1.179747491263551,1.0958638517208263,25.798210913086834,0.5389077838228395,9.278186133446443,99.04833577152712,2.4794074163365605
8932-12701,50.17651501902423,1.1301403281804847,58.58369300095863,1.1207539036474308,0.7787089994458087,22.62792652586097,1.5356248801350616,9.125868531180615,79.77571729344977,1.5798039642287451
8932-3701,75.56147601874711,1.2627861618318261,66.37472475801444,0.8506390600934557,0.7228538541238682,27.857445277388038,1.3884532809148304,4.531825919724211,97.24770217124886,0.4037682623635947
8932-6104,149.82888854246372,1.4707994724230387,112.22373066151835,2.5082498304475536,28.992121152586687,135.86609327437472,0.0,30.588765261401022,232.46077063171444,5.402686423719982
8932-9102,16.027867355676236,2.22901613075855,90.76133711942458,1.03020786318156,2.623675080620903,63.827689541639614,1.2969405532747285,22.68966140410287,93.505902247481,3.939229172934135
8933-12701,148.20350475012094,2.39516704105718,75.80890217261981,2.0177165493997853,2.6295248887454004,52.45437240930543,2.072201683092552,17.667431467114703,183.19409090760706,5.435492699217411
8934-12701,189.1137077147008,1.9892170936234392,46.59688636594491,0.874263556448234,1.1842555427670063,26.3357363636744,1.6276991820588296,9.137137720497753,194.0676596436656,2.330203969666028
8934-12703,55.67328511305982,1.9918216655593748,82.03836000259253,1.7518959825339522,3.1774150434484723,40.34264691155464,1.938895874087021,8.622608112995085,122.02576403441296,5.3736671278758115
8934-3701,37.212711745964555,1.8368557577632234,83.76019270520071,1.5663797190946234,3.2954403289156033,41.725013493938235,1.0071789057776381,17.575296150734914,111.23913687415632,1.4523280486493655
8934-6102,85.10663216769997,1.2917418616771164,55.83261348293639,1.6597338404795554,5.0052615623633185,42.72891802048678,0.6274028152015663,14.53944575612152,111.43157162142374,4.662402478003394
8935-12704,62.295787725344574,4.032717918779253,65.43007254493942,1.458626596240228,2.2735283204662773,31.782057078144476,1.297998992769948,12.067399963861103,100.62446676286139,3.1786230564036613
8935-6104,84.54564097510558,0.9064924705038465,64.90692967195066,1.7139174751187465,1.0518382461096083,43.49270822625712,1.5073202033991677,10.110863982678964,119.86886440753919,2.8038585534537197
8936-12703,37.569177691368616,1.1102402027457057,33.960597390496794,1.446140433205602,0.787318131860393,16.248135568647474,3.052187923129628,10.910609085411716,55.491521355594955,4.4603459428664145
8936-12705,194.01285303758587,3.465841972652444,89.39335914628559,2.2248849863993914,6.43139776185471,27.83936431929748,4.0,23.101842176034705,235.4154353850542,8.871108433873976
8936-3702,185.8230490416516,2.693286664902049,130.3160245211829,2.0414966249791773,10.07084590665906,162.59451625599053,2.1538688146438116,33.18372199290418,263.05787344783215,10.005980492492402
8936-9101,102.00044842242993,1.0953826248669714,57.10313475068503,1.7981241264608632,1.2779447014149599,46.76817301712657,4.0,12.631816905171808,127.54354976638456,5.9106014091433785
8936-9102,187.77817705164918,1.7781913226044772,92.53696492920997,2.505135748565947,1.590506318530185,56.23838644145307,3.027932698416073,14.01506030949081,238.14354148113634,6.763803020128673
8937-12704,1.0376049942342802,3.3395850331495582,88.14938453803585,0.6497552843413636,1.9636818856517597,20.335887129337205,1.1374796975959367,17.92455841178899,71.06250208794744,1.7302410934538417
8937-1902,88.95025049945468,2.303867045849884,112.60034359423352,1.4337768095939702,6.24648223079385,147.4017026319413,3.0368992893174624,20.99939241633027,161.52637576707102,5.085400409200642
8937-3703,73.8179207069906,1.2133079178743134,62.69752296494095,2.36189075349434,1.5304526378958734,29.307081650979182,2.7109622354598937,9.276219596284074,121.38216212166613,5.1796240732117225
8938-12701,169.9832048075586,2.789662773383831,80.33219673612197,1.3948365761987975,2.417137280601581,44.67612612505087,1.9870765248659565,15.119503087464883,194.66775684827405,3.662988361977555
8938-12702,68.27655120987288,1.5656289647352322,74.6650186254329,1.5013974152684395,1.653737807003907,29.40410422799219,1.8331715758383456,18.46550508584438,114.15680161995647,1.9107584012411527
8938-12703,150.7655869410349,2.7795909235908356,83.33634199834344,2.1341142661323103,2.060880792334334,34.826437844646634,2.664811776390806,12.20650613875335,193.78227556564198,5.4123123112614255
8938-12704,164.13107855304358,1.7133273727736393,122.79634908704682,1.4088396325723267,0.6804942617439671,51.41566318532303,1.5671895719626994,16.638517489080193,219.50586314383818,4.324776474472997
8938-12705,55.055520147728345,1.6488708365909641,58.70801154416021,1.1580091235505088,1.375890140367523,40.020854477554714,0.7553376307359891,10.042521733981715,83.79940334865668,3.790720545347484
8938-6102,29.17938181485839,1.7017169189029109,64.89630736017547,1.3428606067549211,1.5084881404879482,68.13963387378172,1.5090503363463408,5.743671197902321,80.66557510074357,3.9050550653036407
8938-9101,151.98775956917314,1.6803920054735284,62.89567858533131,1.4381692418461174,1.416049423568099,36.96717823451122,1.9900122000158396,6.078139866489001,169.67464282620045,2.3783815719219663
8939-12701,111.26003820275449,5.178062788120585,160.36757319416725,0.8751514992520273,,71.20929622929754,1.1647074324832847,33.160255386062204,186.7772230164136,6.168238612356613
8939-12702,49.025098687361634,3.711057048355062,194.0289327462677,0.0,10.626851481260193,30.70865635204985,2.83720062821598,23.52723925724216,49.025098687361634,4.967599915734228
8939-12703,152.51516208815133,0.7998079297184372,58.27339731040292,1.6230968073202563,0.9114535495442663,30.87216577349992,2.208646890151493,13.929333606884446,169.62478793422318,7.057770112684454
8939-12705,86.94989963578213,3.8920048021968072,141.8804538707494,1.3976144769663272,5.78496029877706,132.96413031300744,2.830950593075806,12.84936569932599,188.92949156778033,6.9795945157254895
8939-1902,39.35470487899217,2.152837577566302,58.22621352222174,1.178,,,1.178,6.22703587570726,74.44834922797162,3.3463395499534903
8939-3701,34.411975948543,1.1299632917563363,90.9309021069422,1.382549945167736,2.204439740795432,56.1736684386656,2.150222062125608,12.185312929176748,112.31963359611204,5.291614198787931
8939-3702,60.09190310180872,4.843137259219197,108.95733814821057,1.327525281519094,4.253993139723173,52.4509790213737,2.023095625888272,21.358121493307433,139.17981442199957,1.7018901276240597
8939-6101,67.79842545299697,1.9405835068290762,31.28667303813108,1.7268198199856686,4.549403758428169,41.63875180831663,2.141265049587721,12.67311361637992,79.29019031285999,4.133646880441145
8940-12703,95.00744260485651,2.965249003900761,61.77122487132739,1.3094546918435812,2.3339429538914906,42.246737901628734,1.3373446586221422,11.31642523370247,118.41824081425477,2.460119853097087
8940-12705,121.83768656231035,5.854723324135857,73.03738847925024,1.3712004616617313,4.465681592824809,53.460602996519306,1.2270001833156725,18.556315842450278,148.85911473756428,2.376120212176238
8940-1902,133.78861369192586,2.325991510456753,144.76193945620963,1.6052129522034413,3.50177740166212,80.72140843791915,2.6054188143987176,13.895893183791737,227.02040979574105,0.4148739190083921
8940-3703,211.36045393426147,2.5798214298120743,86.82379499746557,1.5085522015349757,2.9954734131992695,37.324073204486325,1.9490394930020143,14.48209086125,236.73881858539394,1.2619211154288763
8940-6101,68.51491189291886,2.667172158481974,49.65597072888002,1.300406125857374,,,1.178,6.6763581713650915,88.88602027440926,5.522371961491503
8940-6104,82.69709643907956,2.602860600892446,94.06137224718204,2.1919823413284845,5.3515615668898215,78.51444885698345,2.2958477002181086,22.23060640937045,161.96439435097844,5.724947292704162
8940-9101,215.90606012606904,3.198260609955673,89.93923501686687,2.810211497797172,3.7392262490718817,53.090919681801644,2.701907212321111,18.59658534884396,263.33896989608076,2.497597435363547
8941-12701,52.58412508852192,1.8252687484394343,42.00295968781634,0.5618471431643732,1.1837942821327565,25.829488928444178,1.395855012030372,10.570692802695058,61.28889181351736,5.869626064193715
8941-12702,79.89996695713562,1.2638459633904016,47.74753636293868,1.0863688459656027,0.9580782049733022,28.317255653683958,0.6547299511750944,10.547120368716717,94.13149311058386,4.537084982240694
8941-12703,28.419082064275397,2.235346684844026,43.60665266744988,1.539639404716266,1.3010305882029387,28.038741254448365,1.374552886411797,7.372974191273353,61.117349259661374,3.6873318327501265
8941-12705,18.885088095224674,1.0097327095610542,69.30627582418568,0.7945425257759258,0.45728299985097803,20.15624950178354,1.5521185352291953,8.577380990124478,64.599692217432,2.567686612368501
8941-3703,29.317599940016233,1.9605375974432697,44.15962729732254,1.1482126398670525,0.9612379849477887,30.520104776771767,0.3058704715008762,9.887251087934224,55.66524741314841,4.525200632045987
8941-6101,100.13156626238154,1.7432866290595497,82.12093429264905,1.2520009127031548,1.7754989629165656,49.84777390406569,1.8040414397874076,6.474645671246106,135.90303243253658,4.808135849854904
8941-6102,106.74264420088883,1.7938144990821774,58.678980837978926,1.1206049338144153,2.113232151110698,33.76170302243436,1.1487109145167778,14.615477083812769,123.50094955157661,3.559090590334371
8941-6103,42.95425846371168,2.443652464002934,36.75840425388666,1.1500670073552524,1.303818142512941,30.608696607393195,0.8809534206861271,8.957582996175933,58.301082193820164,2.895077510926907
8941-6104,19.177787483813514,2.9603375147359574,52.982771815593864,1.7520322667424924,2.2699984789711714,22.770983437028683,1.0603924579400716,10.8807322165703,72.70520717643069,2.0277479079789673
8941-9102,136.00914442799865,1.32857110807483,110.4789733009619,1.5914013083694614,1.754466045157254,34.30098019718784,2.5147567055758526,15.711517454708574,194.73700422270164,3.836118538799938
8942-12701,148.36214883392537,2.5700601674963885,185.96526525496938,1.381693872016043,3.0121131038304103,50.48459207403224,2.5065857156180593,16.903483327445826,264.18659457687096,5.976470657788189
8942-12702,225.40370824655025,0.9359385461795591,49.58810494777454,1.21602881205443,0.5879398689333897,21.334426558598164,1.5943010207902772,4.8693000915481095,231.94185134377264,0.935861454184765
8942-12705,0.45597829734970363,1.2946313038434731,55.040855968944854,0.6868343374887096,0.9688584770494593,18.686939503674814,2.0525692361565446,8.177177249211512,45.6176465267749,5.035563377783682
8942-1901,76.88977778449106,2.430094808620039,99.42080577125112,1.6572123708770712,4.792755417328256,75.67374339812358,1.178,12.383731172732338,149.3075617865501,2.881626389764556
8942-3704,62.70916254754019,1.3755357226755731,63.600522770213246,0.7867682257921345,0.9433524227390997,30.159815162522218,1.7320527698482788,3.115120668406787,84.35008824809205,2.5731872055138436
8942-6101,12.38968108680385,1.0278963955051206,31.67039408084991,1.8703688086543835,11.031674127105676,63.762917114369074,0.5939002891653584,12.363160984824436,45.050083664041495,5.077103919826961
8942-6102,6.988155117746496,1.356047849280738,44.973969607030924,1.1200802829178729,0.9092969601600636,18.53729743496497,1.7064037750292256,5.984076021903183,48.10793689310512,1.3359145543260884
8942-6103,1.5653110406368762,4.384351510196352,47.264164410767705,1.0025317032751602,1.7987588685320488,44.62426126168746,0.5700283782843039,15.138007516803341,47.34983644302535,2.7036936793721367
8942-6104,7.971303425556754,1.9265282404463908,66.65400891476769,1.9584539293600662,3.1237247453801618,44.937412171835774,2.6245533433584765,11.515980483581634,93.61878227650413,2.8975302705160364
8942-9101,69.99366996370259,1.3068127128617233,47.1928828779956,1.038414027109096,0.6067585439258143,18.426329140681247,1.4043931771588956,5.516267065528108,84.92253251474358,2.148105300128665
8942-9102,45.86737485319033,2.1255080380971596,53.24546627632812,0.48402842198469054,1.2741091666469748,28.975401755938783,0.9624250731845092,8.353726428233779,58.95824979714348,3.0409752151502634
8943-12701,70.4341152653451,5.008448018672764,78.59506867985183,2.0205973674504065,5.280932243029429,41.6003519856296,3.0461021332591462,37.08751079798633,132.0703145311469,4.191504159431248
8943-12702,102.22856195306935,1.7581574155315303,45.39557395450287,1.296597352783065,0.5495290498339109,21.511491923948938,1.7873789422644184,3.7102191380221363,114.55414624149239,2.8605711305653965
8943-12703,76.5887756853391,1.7139876405489909,42.22671639123237,1.4723567777027116,0.7533060943258342,20.404299879413063,1.2530681255786456,6.928873496399168,92.1476718064005,3.835793492416503
8943-1901,89.76366663095291,2.6037657779328436,108.55619018121085,1.8741929022954533,9.391736009744656,103.1825990217006,1.599366357911871,26.082899925594283,173.6198194255442,3.701411640893476
8943-3702,173.60920081596265,1.942049850674625,89.81862790141012,2.1466122416330258,2.5714406288787637,46.58109783033987,2.492203865860729,25.589583195657948,217.8478918367386,4.652735466525982
8943-6102,12.645140413379924,3.0565499622867582,110.97318821835475,1.3407810207746609,7.310206373039754,70.87494740163493,2.0938579613355532,26.59673981303547,129.11887111991155,4.6523125715166245
8943-9101,4.030602875463336,4.383446024188935,97.67174686100809,1.52378773334571,11.664933580266263,144.04070544411087,0.9588675114309242,31.254886782975383,120.63511292326488,6.648629813596941
8944-12702,129.36651114610729,6.010342253001214,137.10443973349294,1.0454118883219612,9.355693634032082,62.9610436381475,1.8007161610778066,36.25018118832442,190.7536562079844,4.2438714703577105
8944-12703,67.93461117685129,1.1437714675676243,57.38273945418187,1.1251140739944994,0.4925493742247765,21.48740708814833,1.5031945524922103,8.872131151638412,91.21328385632255,2.4829529237183365
8944-12704,109.03414197566788,1.9460842592635148,71.06284137727756,2.0514174407781596,1.7229312442943803,26.775162788433224,1.880269760422408,12.272008426491947,149.1574782231294,3.107387053715774
8944-12705,100.44561126332287,5.382304199602206,64.49732950059794,2.6649075586398574,5.490500239534383,41.63531120869081,1.7008543067796666,25.62409433743605,145.5166123372435,2.7083085900675012
8944-3701,66.11567896735178,4.582314366431047,59.34929863325307,1.4352014876891552,4.885288913342751,35.94149720002844,1.2898370820728453,21.181414829224945,97.09041937576137,1.9700407674881633
8944-6103,117.6880135239611,2.255988905904871,90.71603241384108,1.9153064237880515,3.017785413084641,48.79641067387294,2.388618170835933,9.085257240293728,172.08221409800018,2.416289794985599
8944-9101,40.4050899863252,1.7476237896733293,67.3075205644751,0.747859710133024,0.729957584997705,27.390956610744887,1.9222512723962808,7.7965544765522825,70.85620565657196,2.8425902918886603
8944-9102,72.17078700413151,2.74164437924157,58.16812515258789,0.4773615701540872,1.0020496852480942,22.223325091479403,1.1665953942083516,5.571359409457789,82.60623502133167,2.6628772984489837
8945-12702,92.72597694567982,1.152034841282239,66.80011868689925,1.245701576160813,1.060628817202254,26.5092760891093,1.2076099964596552,11.652171449253192,118.98212451587018,1.1637326253149038
8945-12703,154.61950066765897,6.7058097666846885,89.68143742989771,1.8076278480268089,4.110332158862412,49.04535891619991,2.5035069809610944,31.077358470915755,196.0752593635243,6.131674232048185
8945-12705,112.67458726853765,1.1105354672290528,44.12460587992511,1.8130162099059204,0.4411585407777814,17.97714736183254,1.6963872709403613,5.741925199183941,127.37923868036769,2.1475261674116157
8945-1901,64.23361794474567,1.5366946559965546,84.5843298980257,1.9153625594195973,2.7990932670511377,76.84747966226936,3.0731543337136813,9.307768412541101,133.526911459764,5.294005368885172
8945-3703,69.58607250048854,2.406046939690634,101.58890150819855,1.4986416697635088,5.2011088199557065,87.8874556949225,1.9157671010465993,14.442737471721374,142.5084575325211,6.261923482512095
8945-6101,49.27047872620601,2.320149253774011,81.29505166306706,1.4412206668128384,3.578095418581847,45.76311645766182,1.7779844256396564,17.566589514736002,109.32722594520826,2.258225869536229
8945-6102,259.58764020815164,2.0240233814986635,205.71312741965573,1.600092308917891,15.359388032046343,97.54645650832512,4.0,80.107098558864,367.5571717923405,8.758180027098447
8945-6103,213.62542960979732,1.3564571435462174,128.12291785385116,1.8917536404159883,1.797224867675248,68.57265195480656,2.1676577580805723,18.22270433915974,276.92936312141023,4.373893286956861
8945-6104,31.965103055313566,0.9346222717083063,90.4800057941566,2.8385041235698374,7.223616274364326,76.29906242400403,4.0,22.803732479578223,155.75479105979596,8.837852689848102
8945-9101,29.090186329379627,5.291220999184899,65.23106210914787,1.3401475771953748,3.096534086230536,44.958780064681626,1.1614544008666787,10.334326887880056,80.92397331292865,2.6799991104457725
8946-3704,22.089990611623865,3.300454650860917,91.03647967726513,1.89710321265843,3.4753376270087366,71.83271291715346,3.274068463809618,14.603289462443621,127.32037289296082,6.119050122038272
8946-6101,100.25740819102583,4.430968227854215,76.06079990900326,1.8889423856229626,3.6234651699925,54.66047741176358,2.7905412065872035,8.899473627471071,144.84316664269443,4.409313087522762
8946-6102,146.98694586917262,1.769878529722621,61.68720454478233,1.9924287254810058,2.866329568428224,49.57933051813163,1.1774406228144718,17.103557925972382,170.84195506165005,5.296733875073105
8946-6103,57.69289265055592,1.537158611315819,51.93262714513521,1.060006109061135,1.022581819910762,20.268983203900028,1.7406406899713343,6.446540885488545,78.65941753178797,1.8415382366722215
8946-9101,72.55610288183578,1.5009088587170278,55.45026320713812,1.2782976090222387,0.896729110720434,22.196577670378414,1.0812571122747643,8.571797627565498,95.88957311814582,1.8017847104910794
8947-12701,247.67574530362836,6.2306680127212175,104.34557674949544,1.6915835889830024,5.714665231924505,56.02290573147971,1.7644786010358886,50.67074535258221,282.4203177746365,3.7772406748079943
8947-12704,43.855334679898945,1.0696267153353773,76.39570112642961,1.8291680135113544,0.4628331528234801,18.91273332476254,3.2148733880832188,6.647481020790646,112.24468548718349,1.9142042133856625
8947-1901,40.2469948055365,2.059689919016258,66.17261382783101,2.24043621524756,2.6785376397172027,42.44965554308226,2.7585450332583865,10.440471854886791,106.91246838080302,0.6770077005010892
8947-6103,14.332996851721537,2.7469214352678137,78.96208227896054,1.3382133407474914,2.016940622870301,37.734810418821155,2.3377909774363372,7.297258645320108,92.46193241737126,2.2268578013721836
8947-9101,67.27253854973088,1.1130086431671047,63.06120498507141,1.4567234854192148,0.5500326314580782,26.94573669864315,1.7778150822293157,6.065164862773559,101.58035939417448,2.4052548709540105
8947-9102,123.71668598626593,0.9982866964174397,48.1777726917652,1.8200570657421342,0.9543601209233669,21.088782115023626,1.494239807596281,8.045560737482434,139.75102435758208,2.4147623329490937
8948-12701,103.58473357401529,2.1997070075843896,65.97575695119917,1.075865601289884,1.7288966906799121,21.744083787955137,1.5649710614953913,16.903255350115963,124.14840056364679,1.5598649747738094
8948-12704,47.644769741347254,0.9323160854343181,56.02924597203457,1.7649570874642122,0.3500526039552528,26.127573309972178,2.9271925916350483,4.873697479089327,88.37823387462942,3.2752565363193105
8948-1901,145.2953084237123,2.5857914429584463,158.12246983848223,1.6295315738404588,3.4745467245019253,107.71818852519277,2.614545996122768,15.039509288814788,248.70352015302555,5.566875207983378
8948-3703,53.19447511415536,2.363072996256931,56.47837029780537,0.9442703943094004,3.6499041029084944,33.219643141701624,0.7757514184574092,17.358835733526565,76.43096130624983,3.5633507491349476
8948-6101,85.12947505832945,1.1119777205733046,40.594647855753124,1.5163077929899456,0.8275076872960192,20.149921441492168,1.1347778310789554,6.120981198541448,98.72076631770472,1.6597968478768657
8949-12703,89.28476102737899,1.6258592792520583,39.09964779145455,3.0701566905575755,0.7214837113098249,19.51724480777909,1.348568952634167,15.156805871551484,112.54052710805266,3.443917005877089
8950-12701,127.06382764852734,3.7356649059937026,52.602697371086045,1.636347282156625,5.70350817977101,62.007588548403234,1.1237054776699054,19.553775761331476,143.7812952039,4.9623847643197
8950-1901,13.295743177747312,4.32316112191661,82.11178613410166,1.3473780887114066,4.554447181728068,63.64154748484289,1.397761449970746,36.07259197200894,96.23546786374314,1.0987217118093113
8950-9101,54.23377580572724,3.2904712923761785,53.02962500813108,1.1242811223126958,4.798488537818823,33.00471971296334,1.2402559707226692,11.966732924964855,78.12131349510791,4.425754420125893
8951-12701,125.6814701412359,2.7693810293682475,71.22758801752136,1.3690032821871498,3.8097709505253254,37.9862581199993,1.7984384651995082,21.76202636666961,150.80215898050838,3.4870708352179416
8952-12701,137.94990255201964,2.45951114324662,56.99950296712685,2.1454659501453426,2.2182643648818607,35.850920328774734,2.803744698854237,20.543357353619815,161.24724159133368,3.6297922581573197
8952-12703,136.4940575264355,1.4803802027919393,50.3481253366722,1.799114894680597,1.4762283564913463,26.025745148477846,1.5458551150452746,16.654638039877213,152.28678459261224,1.4788507516027907
8952-12705,198.29949286116468,1.0670893501942034,65.51553719059861,1.7506035094923926,1.1831295215166289,35.11595194630709,2.0422167087853857,8.672849996480442,216.41806562186318,1.9368300836650403
8952-3702,68.23386281840749,3.273582050590465,68.7678684930949,1.531881532109697,3.151381483176759,38.43295950198438,1.5194700400611048,13.964646671730415,109.08784549775407,3.1147144088740752
8952-3703,126.75561037236467,1.70042538774334,76.14569351900566,2.4219741076758057,2.0003032414777904,71.52552538168297,2.6270808435370365,10.669841261293282,173.52231625514315,2.326613293791634
8952-6103,125.5445484701394,0.9071558192222471,57.97121120398925,2.009581381358497,0.883408560008739,37.071409646670425,2.104183187825246,10.51092033055733,150.04984533577814,3.7044432619834136
8952-9101,79.53241432928014,2.083264333350792,153.5046644985929,1.3796633056312917,17.409348389491097,83.9584536810226,2.2327225924830207,28.372898813406927,197.06687281605818,7.896533619975318
8952-9102,57.652621361438236,2.480064692274341,77.13794538952598,2.0102134832636347,2.361750532574096,30.34040491084684,2.4033923908468937,16.249342021160512,123.6330170114476,2.7718184326155466
8977-12702,7.2954517578248606,1.9117415454131452,61.694851876279365,1.1039814067894966,0.6060214134652913,20.090362889290777,1.2348512162651932,5.5217344015913365,65.23233927805127,1.167528600571277
8977-12703,242.0215545243715,3.06054882856811,93.82725618894557,2.5663444552741868,2.6300607033043417,44.3637990077045,4.0,17.53980539724659,284.8989028745584,5.931177905917919
8977-6101,150.52929088227086,2.226399630142192,102.95297928882063,1.9464969873790023,3.3116597306528117,122.3839478851526,1.9177067929316678,16.618098236276005,208.06394201701175,9.897151890379309
8977-6102,145.0321944511899,1.4665563871913418,53.3045400027014,1.521015004835466,0.8569575703877583,20.48706538829882,1.844107954201578,5.02558560863074,159.23601945762516,1.0251224829623935
8977-9101,169.79495941154013,2.242671846408111,88.37159745129694,1.8965439958724049,1.8929292801260225,51.80352475686242,1.8404224293471363,25.940175293322802,208.9053924395221,4.42438401444318
8977-9102,161.93683568046734,2.5492270652086146,85.37442779541016,2.0113814537535655,3.951745321931754,53.76445381305992,2.251269018087803,12.627005831087402,202.19812475031574,4.879385101367491
8978-12702,51.64985428560395,7.239623480918825,82.42326540079782,1.5412503449041806,5.286786978146267,55.30095182812565,1.805271429679356,35.459418299968746,114.62258760986525,3.9210146624554705
8978-12703,16.266121276482885,1.6276622936656153,50.18089313740043,1.3737368537989443,0.9214695309057351,22.509802600622567,0.9766131298477356,11.359356307585989,61.02314105886388,1.7909767298812889
8978-12704,214.6402443392666,2.4621471429436426,65.18542474854672,1.5360179135302747,2.3887117893651753,29.135823048655077,1.825517490749336,21.8204599370787,229.34077054063226,1.7720509662175985
8978-12705,191.86415748727947,8.179940439449616,108.08103864106835,1.6629839353268925,15.220537647024909,74.67331305002334,1.3150810461760698,95.45480050214402,237.1455669376635,2.5630940886514377
8978-3701,143.2567331889352,1.417213373988101,72.59480022229374,2.172709728436662,1.8404483576500537,43.543455731791695,2.6019536614212013,9.83538737055991,178.80906794215147,1.479383844309815
8978-6102,116.9324452416614,2.094092039696466,74.74012464943951,1.30150403083259,3.1659431931151563,59.821293345126705,1.9569948823691972,22.33975816549318,144.71872891412286,5.003535843867801
8978-6103,21.625197855501582,1.7303947982410257,47.452569563503495,2.5284127083711665,1.770487330337907,31.622278869965026,2.918787922557403,10.287133423206527,78.49199507171554,4.144343883358696
8978-9101,156.6689303212104,0.747320253967955,58.77899957898488,1.984945884815517,0.5600945660750234,25.985214010159744,2.681058045621935,5.636085311141452,177.2091526494908,2.115991760988498
8978-9102,48.22152714361205,3.39770126856593,78.69650508525228,1.8034367009529881,2.629174340688731,42.88460414628138,2.2389895452012176,11.455126954154991,116.1647601152841,5.839830746743232
8979-12701,101.7372324586018,3.3643513584332427,79.81051969360794,1.7349195192497424,2.8933677007405922,31.18223241635273,2.0954309280350127,25.310470392265934,146.29222257812395,2.0653488627546857
8979-12703,7.1993259551365485,2.8482424623624887,26.8314266204834,0.5878156882954013,1.189551146793618,22.615208308078582,1.6195327427277162,7.2120390391942495,21.79481063833655,4.0159827845692995
8979-12705,220.15143349095527,1.4922274170730259,63.405132649258164,2.591582379305807,1.2329061105709487,32.449268310166495,2.40612137886799,8.105950513273172,242.66306117415147,5.0351487505623655
8979-3702,229.58013472821642,1.8141294424188936,69.67242809715239,2.096285468895671,2.476192217320361,34.7928291869977,2.5751935062355438,14.218793457097009,250.76468293417489,1.4068026281606767
8979-3704,31.463854461863832,3.5202072761876395,92.73051693683641,1.3797615295475945,1.6594286438370194,36.678740516234,3.626778808552066,10.612966017424776,113.3775676529014,2.085668209944061
8979-6101,79.80388579203225,2.668190462124346,59.22636355306765,0.9162141828188077,1.9716247153918647,27.41377703977448,0.5486624100212525,12.911009964458106,97.89035504008639,1.8300772041136026
8979-6102,34.58998365631223,1.305510587128857,56.836871126017,2.0282117336148477,0.8201272587361635,21.29230207450342,1.3250508164857027,5.980302006690222,88.02535337323161,1.0400647004558428
8979-6103,407.8313767017266,17.90027478317972,111.5443397569955,1.3749221130440157,,,1.178,23.89134030718148,428.29126172885435,5.134195821956392
8979-6104,37.62304678764715,4.2545619158931824,49.91115029547258,2.2586960319438854,2.416990144577844,22.14464996639102,2.4225210400161306,12.059290781526428,83.91771632197795,1.8242968323943871
8980-12704,59.4379601974888,0.8424936939485478,44.93882614265407,1.0489158839511472,0.9633957881582176,27.921638355293098,0.975129874132799,11.12460031342057,75.17416272880219,2.531757705404466
8980-12705,10.520070527539833,1.7043634358195723,76.64402008470354,0.712362304143705,1.057053657442902,21.025949053793113,1.5474181163637564,9.64651475076243,65.5385833638516,2.0629548321241593
8980-1901,115.90967558911308,3.0020627763068535,164.8159907193039,1.6972846964663226,8.624343085029784,123.9376314890603,2.151358607668361,26.6703771479894,244.0094709240046,8.916879589403415
8980-1902,88.10188265284788,1.8738320770824182,63.66174733835748,1.7970206502393098,3.9528946414063943,53.73954235226044,1.9734618926103984,22.50605499301353,122.6578146631022,6.208981989743273
8980-3704,61.25700056561459,6.406261966459351,87.33709768949814,1.2561276527657343,1.2917863432667849,19.398109573433565,1.15072483995451,7.042636525036089,115.47238296184155,1.6074871583735333
8980-6104,137.19393061336737,3.085373511781194,96.19589692953647,1.88571869911185,3.613909587756888,40.34721158469686,2.47918133748892,24.536844454232536,190.45197962310627,3.7025617247684686
8980-9101,128.58571400519745,3.653924093099272,70.23884279449851,1.2183089201986816,3.362905192487872,37.0654374158668,1.2263065117985348,21.77044470071316,150.14928190868514,1.4848250831995935
8981-12703,65.43553124246921,2.6494285097250274,78.30003213210964,1.6795987051691776,1.5123579776258944,30.34169686287275,3.7241330343112615,29.709256590817848,120.74457381627444,3.8533437872042353
8981-1902,50.282477657599905,1.6280828222451018,51.78096440889196,1.361045064782495,0.8162887943994008,32.21710610734026,0.9400347611800373,4.46262359924699,78.59805667184202,4.686956462703403
8981-3702,35.33488914745557,1.377420419856994,67.43885942940355,1.4674503544715176,1.0078116971277036,27.277750067994734,1.8179377278910427,6.2300186619507025,89.00852910076965,0.5558764835228486
8981-3703,46.80386122405251,2.104763762663833,59.006979639977686,1.3167894554509822,1.7714178806911376,56.713332136762304,0.6466358510052506,11.598389345630483,82.31300072637087,1.8573205656604856
8981-6101,98.7838101799036,2.606739063635504,72.99277352747254,1.9415010711866945,2.386376878070797,41.69052431358306,2.40723884481867,19.40685471959169,141.78311625012222,2.545269425997171
8981-6103,23.45283955376095,5.157948683677799,125.28556171275528,1.896493550682393,5.91385383523344,73.72560747649376,2.0462853438932194,22.562051716075548,174.12149077493757,2.963641710521443
8981-9101,11.074744289824604,4.876927306717397,108.34413374626759,1.8694138527549637,2.812961579814821,45.48328901997403,1.3736152554661678,22.960230713779566,148.54855591153645,3.9020997315603996
8982-12703,60.23085131786565,1.1381757629684668,78.13817039201376,0.0,0.5532344273784461,14.319966020446861,1.3880826357324438,10.122005836841666,60.23085131786565,4.365472394021275
8982-12704,1.1077442759891292,2.8169078657338735,107.10933953536004,2.0340333360033496,12.090176742979043,62.69672233547791,1.734141732662164,37.149297400994236,152.7628643814838,6.8171010317988365
8982-12705,56.156888840477194,3.7382091332440956,125.0568484472537,1.3975059763871545,5.891917898164894,43.88813928320977,1.4881625084849315,59.33294933654366,158.14389989143316,5.467526688818038
8982-1902,35.916909506772775,2.224530830036033,95.82145452450077,1.2265763330143262,2.9633039793582103,41.88059499425212,1.9484334209279184,11.290146420949231,112.03634696512236,1.045216484585252
8982-3701,136.44114790640924,8.257257572829156,144.38690560903441,1.9132295111439257,5.41799059248287,57.93936369022349,2.056165892585845,37.82385741792193,241.87267163908297,4.539683998272157
8982-6101,76.30287028177194,4.872219319677212,77.41550971741268,1.696841769061177,6.8963596995720735,58.99472619641655,2.033074923692131,16.929294588839223,126.45779601297669,5.331052603194558
8982-6104,82.39854384629243,2.7120500350964076,66.80468177756917,1.947188440761975,6.795955992254888,97.05997982425416,1.5743045398199578,39.40872480045392,124.41688051337097,6.714851941287604
8982-9102,82.00082525305957,1.7550833760204876,62.829310811025195,1.463103229095605,0.9264248686813082,21.83739989117113,1.4590536099170737,6.955760541956428,111.80236116394613,1.5757837518006195
8983-12701,162.76301830004593,1.8805251851868996,61.873448554054086,2.0371428323391276,1.407695552101129,31.166931404623227,2.6350183757697065,14.786474372397521,185.17732631462803,2.7132966749680723
8983-12703,143.59743869261334,9.598130737624533,229.15112288091208,1.5533038304893023,,48.568667236426734,0.8132255162764863,,319.663224118324,5.897127095398682
8983-3703,203.95904197353642,2.4044869008751992,62.9137384380831,1.5590412705750505,3.176420471454535,29.234767359148552,2.246231841599413,8.16168327487682,218.5639312749671,1.2392606557371215
8983-3704,4.908584765142645,2.5169007191728037,74.25161460653602,2.6017651443786907,1.8443307065153072,54.019003251876796,3.0663738617872225,11.028939076802448,119.86831059655051,2.3561992696217127
8983-6101,70.59131934248376,3.20820533309741,55.24307409660642,0.7990299445512721,1.3354852176433212,28.77504973892421,1.6732574403267177,4.374748540769364,86.1487767904466,1.4616355842769115
8983-6103,19.637480350210588,2.86803734769478,65.40144502623707,0.6122348615371362,5.653639679392204,48.39831954834944,1.2605585812285758,20.27610879222887,54.81215936558972,4.4570002974600955
8983-6104,63.46960227297541,3.016938445569672,76.43499286851308,2.228155624126296,2.5173853426780695,38.4893610837687,2.1199953191557768,10.325813770782476,130.56018589579523,4.994682599686078
8983-9101,64.97293612875704,3.1158410472184994,94.0961974013532,2.8381177776858717,1.8879569909216685,52.14808975432332,3.118490120196836,21.16920036083691,171.31971589086228,3.909632600548033
8984-12704,55.72028832602976,1.0805075048412396,59.84453494983319,1.8199153048820191,0.9147379619325181,37.901658279614594,2.6933605694693625,10.437878614345891,98.09453413946318,5.227485671749303
8984-12705,40.68224183883927,1.7491371647632097,107.67062113443964,1.6045966958015367,1.8339580473448172,34.466653540258875,1.9059485920131598,17.55301364535051,142.32734934846945,1.3121443621780062
8984-3704,167.2577091109176,2.419105927275665,114.21903919109404,1.8735591366962328,3.085130079555765,61.669913256299566,2.004719124381129,11.074412820420292,228.94884359524823,2.487513317782384
8984-6101,57.96343245876115,7.080939380165112,54.29752070227636,1.590065515309929,2.081479992870219,43.50369905545627,1.189006798404931,13.723708496109904,89.70854839710816,3.3302080847200006
8984-6103,74.24054941649804,2.0899784235239083,49.84303664976828,1.2227005707148986,1.2530157277895497,31.422787134391875,2.1534520998156204,4.619318108672104,92.46214799006623,2.673936672424702
8984-9102,23.569732785656733,1.8108331127782293,70.13058647765104,1.457457840752576,3.605169577864854,48.542862574880445,2.6956844393147614,17.288812908171497,87.88484497942633,3.132655442280321
8985-12701,88.82788372299412,1.4147642410180812,55.667211060922696,1.8646982403223764,0.5647716613713021,28.392568232074147,0.0,7.304675901156367,116.91360662707294,1.7877929639779675
8985-12702,174.49675949940428,3.8958597022141577,77.20646360470485,2.164893730152352,2.1382898790007916,34.26210567088765,3.287387612694377,43.480165894568316,208.21551319923435,5.89443122748423
8985-12703,149.67804967580167,0.9666791634077451,45.36127089089737,1.6099043134782156,0.5605636379170923,19.895630148030037,1.657451319312636,7.45968123096481,160.36249545880946,1.7613847623989625
8985-12705,25.26763330446349,5.080687932848182,74.45849259217391,0.8687845100335934,4.226977083491721,41.50072572623782,2.0765494763096055,15.757367353771604,73.85833012239347,4.437595710084241
8985-3703,131.87761516817687,3.908040149048571,150.16537854962564,1.7544677281224867,5.211278453553378,53.591813063851006,3.1408449748714986,12.78756144870113,238.65104786797,2.060633316960839
8985-6102,92.25539957999173,2.020928268942891,55.084658168654556,1.1323794385934025,1.4917786381066946,19.15786303122848,2.2293921710534264,9.104800351154825,109.30260672931337,1.1004970363080397
8985-6103,59.96233560004419,2.733745659529232,59.70608167803232,0.5176266185186849,1.3203677219085865,18.850605029826177,1.175894268874478,8.924750748684525,73.761273310207,1.7194576266251858
8985-6104,102.45879846489544,3.236440755845693,69.43611666856985,2.268756008934922,3.93682278398465,68.2893144678633,2.0645962205354484,28.63526411595865,146.41149986530246,4.519783730156445
8985-9101,101.53933661023618,2.4917471140667287,96.29303990254719,2.428864888855008,4.783052313366379,39.4694096246089,3.2673666888319626,9.708543846782003,181.1947049413355,7.402467428174942
8985-9102,80.1575171430969,3.5982227463124192,57.639345123811495,2.2139689437501877,2.8776193593306454,34.63151631512472,2.331356830501777,22.472664724988952,117.39115608895952,2.7442441670503905
8986-12705,98.2351545608422,1.4643450123316286,69.86540930586973,0.9421216652286324,0.8398529542262531,24.62328271063589,1.1375788300646439,7.0001019004049025,119.36836559230748,2.030602088833675
8986-1901,202.50276523924614,2.555382042438119,95.40958949550807,2.5416593465554116,3.3415339228918084,56.35509868263762,2.959849980740831,18.896193680335408,253.26679402207012,3.1706705844860035
8986-3701,7.848365920804904,2.560831894356592,50.73581586283915,1.0102541076556644,1.4872952688660388,16.046747878480446,1.957906784809603,10.74483424807344,51.595689678220566,3.7072678404727135
8986-3702,53.41781158276221,1.238627966823477,50.63834993321243,1.2696978309467868,1.0146530646885896,23.89774294803282,1.3645069804196797,4.883383108594569,78.16185587737257,0.78293717209555
8986-6101,100.32410243029567,1.807709404593864,69.29690970002677,1.582979597107876,1.867128673220802,33.77780541737144,1.7534577770476893,12.52976080630351,132.91535356781793,1.1330965070184145
8986-6104,21.11534933101228,3.4563862036389343,52.22784707089579,1.295799105922374,0.6844915277213762,23.252253719308797,2.030278378202572,5.9569191522910145,63.09097724295275,2.252368848263357
8986-9101,104.3837435273854,1.1721372885421972,62.490283167715724,1.6587511760032538,1.68904336597318,37.06763370966766,1.3176057119682594,14.471419270797389,131.80837653501158,6.613401595442221
8986-9102,126.14001359989683,2.2025527290971416,46.697283491685866,0.9508666237990862,0.8996600857720013,25.794504878284904,1.8385364279241765,3.729686511469778,134.1074095399358,3.0569499966277007
8987-12702,12.411278204248934,1.3061676344602684,77.6790389732169,1.5153731194833586,1.0469375807317773,20.497900408718507,1.0929195339608286,12.004653835111768,96.42536690163747,3.2759521622552854
8987-12703,75.04591725467257,5.157174387682508,59.81829497025289,1.1773008057790297,5.9317451285346925,34.628530450767684,1.1439873192360284,22.81297827263994,99.21965979913425,2.7584288189374884
8987-3701,80.23131314951702,1.8230072755404256,62.43367555742585,1.8291652432076537,1.6645754391309644,43.346203263676685,1.784330027252254,5.3433628723075435,116.47782446331676,1.230029846954408
8987-3703,6.2288885991781875,1.5311476578265018,87.32190994876768,1.897895374522455,2.2912830208371693,62.11241212851215,1.1950947620574097,11.599947018228264,120.45941788984263,4.643880120684917
8987-3704,86.76448343204886,2.5375680478284037,83.78773967646265,0.23348442750086684,1.7547595000025957,35.24641493743508,0.6236734954039629,13.920267708154501,95.74563296843957,3.52967989750852
8987-6102,27.864602391584988,2.045345326550408,73.88920981895527,1.591052306301763,2.1406521430277174,34.128367324499266,1.5678875086237136,9.203396168869677,97.27779615642147,3.9720749964513917
8987-9102,55.295637622490766,3.6756171740330807,63.948958757125524,1.985421353427896,5.042937451574806,92.6401634116747,0.9514856838375021,21.691440795772145,105.7209878138959,5.810145709511479
8988-12703,178.7457180950912,3.0475284345437585,99.51278068338344,1.4353531118463074,5.600835137147771,62.92451542264705,1.7269279967747817,29.037248241986838,214.85817934461966,4.871941171934163
8988-12704,142.2781125945935,1.3372230779673726,50.473781257682475,1.9964814452252888,1.1821647221378675,29.443711221184163,1.8902694793642807,10.342070063395912,159.15182258806783,2.894468637218654
8988-12705,69.86587339422671,1.049460578389247,47.37451140518425,1.4014046281342079,0.5953666344875942,17.405030258241183,1.6592003172935548,8.255262916722732,89.59059547497174,3.5996656888340217
8988-3704,25.682044839109736,2.2022849938415634,59.010582602961684,1.0842223716504023,1.8374153450741968,23.802379660852665,1.1096021137037024,6.508260969131404,66.59654303229836,2.436726078422087
8988-6101,59.23496806547446,2.125584034551813,67.43791865975525,0.4460415252032922,0.394587705119351,19.539259318086522,1.865126257329485,3.863946568061891,74.41318159098319,2.265039061351511
8988-6102,14.54502461600337,2.856357199241108,170.60156469234795,1.5917878659786848,8.830268025123114,133.6088891288,1.0399458159762198,50.8912122408191,215.73218270036202,7.071249656189425
8988-6104,84.92799035180379,1.8866289560342726,79.70366467258873,2.1229724870126425,2.6990936267841423,57.486013427345895,2.3609800818063427,15.628487761822072,143.8725686522232,0.9545542961915126
8988-9101,288.05360161032706,2.7856569958482753,93.34708057160756,2.7169148904795732,2.3484238911877346,40.80508521169028,2.9798348246129143,12.55392761567509,326.5718870613284,3.0024611581436558
8988-9102,138.31733076999484,2.0064374467045396,106.3193408189312,2.1330520840838716,8.381634891228497,107.39837315151573,1.4920077683566046,27.117061676549888,207.95019331739672,7.145191641962761
8989-12701,89.64459389135399,14.142694324793924,142.00118472729082,1.802710011000563,25.750896402125957,63.94486417087923,1.549039517232524,109.76457104521542,210.68128636093823,5.673683534033671
8989-12702,104.27111713722894,1.2580171424319049,57.76108994791794,0.5603598752624803,0.9666690269932887,20.163072229086012,1.5158818530989846,11.325950508845212,112.88055148362288,1.5310440926512272
8989-1901,113.57507046047141,2.6501506703594293,53.2204771120193,1.597470824838794,2.3382784927424267,27.94576318149461,1.216863923072263,6.107422306932851,132.00001378903045,0.6012971248431034
8989-1902,48.73821777329051,1.7626918249421204,48.42145538330078,1.7598716198763764,0.6894849106264115,23.03726981310632,3.7863376578199492,3.624905919735246,80.63296216693297,0.9966107837159509
8989-3701,32.69169227064838,2.326454896441746,97.68048994988357,2.21394787843007,4.665780778854246,81.14746806261326,3.224461455696692,11.234880817323077,148.97342708484703,7.2045985396523
8989-3703,50.324159844694556,1.7565383848495553,74.75750145023746,2.088368531312365,2.808379443481209,44.88766418518371,3.765943412346253,14.720442389542766,119.1794986955707,3.50468770393796
8989-6101,69.97728642635157,2.077944355327796,35.480571309405796,1.182905874273514,1.108252539678624,17.4401862892388,1.4633467102752147,6.588980609189946,79.91211701611033,1.8277062448930896
8989-6104,215.7075769116986,3.2084798723106083,110.74925719281572,1.476137257623065,3.100792186367168,47.66080494604914,2.554738622245234,17.80510462431434,254.23447771373952,2.0250956462033236
8989-9101,5.664326652184173,6.212034318629366,123.03551140953542,2.142038630491471,2.986849089770489,30.21008952488583,2.937951498621553,31.936178007483125,180.16021251620904,6.401754008037221
8989-9102,9.292516651294363,2.5415680512775896,68.18934043424237,1.7685210091110126,3.2943711788995915,42.47690637402549,1.713830268701546,18.963487179697797,91.15698194785509,3.01011777768334
8990-12701,56.9469253165034,4.0449408516391445,46.52832325739017,1.7842894035612504,12.417007404793267,55.11119474544047,2.02307700440834,37.22028250888407,84.29551250102422,3.415399949421337
8990-12703,69.71713808934967,1.3190166297508856,40.15513171231099,1.466885208143249,1.0184557047904477,23.42956392499783,1.456787582957206,8.72985646081337,85.00432819194313,2.544350979389724
8990-12704,136.43635607601308,2.8019737091155728,108.08191748463258,1.6525242924937875,3.3035819094293797,70.28487829712584,1.14201532564323,21.028136590137926,194.7284615893896,5.809429239264133
8990-6103,63.61840468870547,0.9284920813789371,55.05495139862294,2.350675807036991,4.982293842478187,28.87760510827679,3.1767059358494274,56.749455859693185,105.69915728717632,2.4075836532195907
8990-6104,34.314542349314394,2.5859572275696183,53.515880686605854,2.6045483886355445,1.3038385309865437,21.217673565596932,1.082442980340421,8.249534758121117,92.93429310356937,2.0022564512829386
8990-9101,120.2713183535712,2.5456260458384365,91.00161877495523,1.5240444250151253,3.124929223061345,83.59654453623517,2.0865042273507903,25.61179302141257,164.57901116336228,6.139266052879958
8990-9102,50.77641897292667,1.843315356850572,57.7761583716629,1.920249118691609,1.7427515713433435,28.27294311640314,2.1391587294323036,12.60736253147952,94.8061100205642,1.4334868118703563
8991-12701,117.10001553876072,1.9869027384945668,76.272095665654,1.0581166530059023,1.054032479448104,19.502700113758852,1.1349797255413827,14.321655437185763,140.9536658866481,5.010940014489575
8991-12704,8.007338018570612,2.425850620360095,86.16651916503906,1.3950481305381692,2.6458979039868273,65.87406243221378,1.2945426658876351,14.718081800507843,102.08764913230745,5.842898714293597
8991-12705,16.551999296214937,3.0266882616012465,65.91656228335549,1.5708558915474642,2.745366630836943,32.69841081063126,1.916261375769806,16.313920696139036,84.25750305671505,2.566684104451793
8991-3701,28.00924771501679,4.350187625856371,144.94068766387335,1.4046322962451616,8.204356211228493,89.87630418881082,1.8279572954616987,19.175488331691042,174.0481440317837,6.382548733892767
8991-6101,70.15752601082609,2.594977586229022,60.67819234116153,1.5648982036070187,1.9422227208193932,31.750763104860816,1.169133260251235,11.683949399016123,103.36241092864995,0.9262626380879125
8991-6103,30.398275570112315,3.514157527960414,127.01910738709475,0.9033935134332971,1.1361818398567338,31.64735099314703,3.1288440275941936,8.279811486927622,124.4960797935917,3.9112629693956342
8991-6104,141.83200978340224,3.0023942980827085,84.83187464343077,1.5107805268336638,2.1746461490058024,45.250195961130245,2.0911128014485967,10.044935297265798,176.03570922397606,2.014224827869848
8991-9101,137.08117043465333,3.296823106058009,58.828609466552734,1.3949729353108378,1.6346647295584587,33.395884804334024,1.6206187160253753,7.352874607549083,153.68466743345482,2.5306209650495184
8992-12701,35.012397133639105,3.950558577545654,85.47445135195261,1.4154564068454114,4.501638903955956,93.18151867561993,1.4274309919311836,21.231147984280124,107.55010554396227,5.633914926693864
8992-12704,32.543124010242295,1.0884932851843645,61.19216683064003,1.6771746810772923,1.1301032091521663,29.034127235077847,2.1567859023185907,11.803679337866447,85.66915500532491,1.3923882836851
8992-3702,68.55851497885942,0.7602315593648397,51.47480580498039,1.911956486473819,1.194460861654458,58.474331702810616,4.0,5.333994082339844,98.82457310757034,2.8219189299095646
8992-3703,12.053481161792057,3.1924403634014116,66.65775170012343,1.175651843128746,1.8965533341209397,32.40160078945333,1.9311113147418584,8.28810138798348,73.27351739500351,3.3396415460179476
8992-6101,98.34354201876117,1.8527780629390331,65.87722290509099,2.2978240593331822,1.7508638930531963,52.8640794457829,2.9837089978094538,12.845202256280757,140.15551589459378,3.1096717531015052
8992-6102,14.9199722468999,3.4742387941272774,87.30062656556433,1.7716229128630214,5.600680365308031,100.83221934469397,2.7372329420297676,18.873117089835823,117.15311081971622,6.833589776410049
8992-6103,147.11438372324807,2.872776046164071,110.07766808366245,2.2696421056963665,2.7809647247784537,57.02621860753172,2.465893284011698,12.934666740471547,221.68470040595682,4.447287091096843
8992-9101,42.757893906489855,1.4582429768793082,42.595129922869674,0.9823578646221036,0.6142358918458941,21.663703278846466,1.2460833214036378,5.63430557394276,60.08804925032334,2.1187027780884256
8992-9102,69.85639805991296,1.458376732863474,146.61646231443518,1.6118339917712152,,,1.178,28.836921927238993,198.81781522688,5.604822758350904
8993-12702,317.28756417041495,2.311399011827045,70.77621167454787,1.9069247902965363,2.3194269002177474,26.70172406454723,1.5851963503134203,21.602449599577515,331.99955361475537,2.575125884666517
8993-12705,203.34481611078027,1.2083880956410482,88.15853540192367,1.7109081621000173,1.4354047716526077,34.644145985446414,2.309424142314807,13.989924916859687,233.76519886802274,1.0761791623168346
8993-3702,1.845386679629662,1.8027136893525648,46.81987398903767,1.6386599220657279,0.9379304075325707,27.524740465356743,1.2121898864496041,5.650465979458895,59.96259543186971,0.9738158941009444
8993-6102,25.18674680971266,4.176195933716715,52.35194917784252,1.9373004844710353,3.429716154970766,33.33837626596239,0.760115698781779,13.785375905252199,77.0972318008988,2.8173137317187793
8993-9102,43.21881788627486,1.3896122933615302,80.55768004392927,2.186705831371537,1.1991581946370575,43.281366445020254,2.821919646904376,13.23444640438463,126.72245568094839,3.0263898869443326
8994-12701,178.32940110568777,1.2343436541966417,53.46790992015485,2.3285576127481913,1.043779158425954,24.894134627716525,2.1944777588143576,10.46042202946698,196.1078690377271,2.4821134527355637
8994-12702,101.63476007321974,2.2772032964207027,49.12561368269395,1.1801454360044326,1.37330665649146,32.371904056422856,1.6899990262338944,8.720327622004111,114.79416372302042,2.5430537640853443
8994-12705,128.39528538437787,2.1551972558563346,83.86760608512549,1.6439887297759954,1.6567986985418266,30.703625530119123,1.9827855217408423,20.391225742081172,167.4777499038349,1.7525630235466447
8994-1901,67.85037687240907,2.4667713581156114,52.85242939248011,1.4431436903009804,1.7229374262278496,24.86107939267989,2.8339334973691637,9.953390536855775,92.9242774660462,4.138507010555061
8994-3704,46.67755580320454,2.378573272682376,52.48107871154148,2.309436156353866,1.4335082200796934,24.664201132154837,1.8438947387344218,7.817373251047836,92.40990320424116,3.2001734149744925
8994-6101,6.479938418164623,1.6557775719575585,52.98920800008632,0.9390285130897693,0.5795951941890007,18.63221461885211,0.9393473628123807,4.833829283832025,51.75564318025073,3.017327557047601
8994-6103,74.26376043730033,2.0252559273340713,83.01584258553464,1.7767316870257637,2.968848093905166,66.11788545571228,3.0858513761193036,10.586395943146014,133.26546335823414,6.918001707500845
8994-9102,27.38133654171547,0.6761247310459899,63.594466865270235,1.8765697512606279,0.6413331152624062,44.87665786709012,1.8998808153796922,6.7616561956333925,91.31848921152289,2.8513512828608363
8995-12705,320.41465654314203,1.5225232849386892,58.47422198044975,1.569318982831176,1.0747005286627136,29.225350409509655,1.1793274999602394,11.245230923384659,328.68133799933315,4.4634578436651795
8995-1901,42.92688685282165,2.2787949433183865,116.07012986686405,1.4637784741289708,,,1.178,19.219803028081195,146.84394378616093,7.802423221382508
8995-6101,113.44099870683226,3.166158957425065,97.35545751667595,2.2028030707080792,2.7769765416533647,58.311122643011096,1.3952170496520824,15.148125248761847,183.70415120121285,7.246099367996479
8995-9101,163.16934698217327,2.0763188761018556,72.11118454217178,2.304464939056968,1.6402646370709075,40.66258894720455,3.3656139044036033,16.5155396883848,196.48792922993036,4.743298154649764
8996-12701,33.27624747273975,8.493593843456333,71.34221840785061,1.1306263918516233,12.338748362833933,42.61860931907374,1.0512968408026744,27.225880409328965,82.83641411830976,2.4004498563695513
8996-12702,168.82097487391192,6.654269734902002,95.5438622922505,1.2475665728723715,7.961535697987255,52.578769935405234,1.0626570084963738,40.81582070701207,199.72254436985597,2.3427728032299227
8996-12703,55.53265857800759,1.6844575266405248,54.75815748561407,0.9831022273895627,0.5284101461907966,25.452650707367567,1.3592663615363818,9.758713270008975,77.66379307940376,2.602489256529637
8996-12705,66.8708697084753,4.77897325269267,81.5750962588152,1.6451494068169996,4.610718626317138,34.75177516289363,1.547666786630825,31.237043053557727,124.17469108048041,2.267761967068793
8996-3703,40.278599663798,3.182351475165334,63.63288386456643,1.7852377248832814,2.2337840207400967,36.57997341462888,1.7816569179377493,12.745767467850104,94.08001940138162,0.46737416646738233
8996-6102,84.47783166214388,3.333872133310378,68.65541835012971,0.9107641913062312,1.0047648076865692,28.34123860183432,1.5965434303958372,9.184078374851234,106.90861328953271,1.4812205690747882
8997-12703,57.048215296442926,7.855488131369646,73.55746696150418,1.0625958237562374,5.53002727926011,39.20317118330308,1.7217936080965242,14.775834943843412,94.88881439401925,6.136950941742006
8997-12704,248.63659346449452,1.631742224200517,176.7584057034468,1.4406772758658535,1.6054445415831096,50.190647933838754,2.191480776021066,18.4659967316513,326.85165601873365,3.3330954424159014
8997-1901,71.98560356215897,2.477059688156825,47.6437297980909,0.9134427316277702,1.6305815121482379,24.975477784591675,1.1047183469511803,11.742203557142066,85.17848086704613,2.3428997064392005
8997-3704,7.90788244670619,1.6359659447347346,45.34686072136881,1.280836698097409,1.1768924861527161,43.89845838745657,0.504934558986748,4.41342678587317,51.926558653730666,6.184953207156599
8997-6102,226.710922617986,2.5299523794184258,162.54389093461015,2.0716690078762547,2.930981930812017,101.12998500301501,2.8076569952247743,13.774311958173522,325.77969181386186,4.2324928370943855
8997-6103,153.36523535203906,2.9492377743410856,107.11951603817013,1.5177931473733395,5.96244403246431,79.7051430597873,2.0825424577566487,43.76428512048779,202.328817948969,5.2294291915005955
8997-6104,178.99909852757906,1.786162217617341,121.68989658161397,2.185969377716938,1.3827359995632216,75.56034073196037,3.4824363255813817,13.62739115421272,253.79411699012704,5.48829340847577
8998-12701,27.750756197409935,8.164135554846315,83.79345905038859,1.9152296042755492,9.23420933799246,52.99084701831397,1.221614599504457,26.811764459668062,119.2375357765742,4.385148841829469
8998-12702,51.87214371365899,3.1890022594018954,100.12418885773855,1.197223029136747,9.442703326059785,44.20696495711346,1.3546969125601458,40.6990418801026,121.21346625488982,3.3346000355874676
8998-12703,1.1360405236635496,1.0263012024595228,22.815286256134154,1.9031165961442076,1.5533998659927535,24.865236020299527,1.6427001179526353,12.483982117081727,31.494979564631915,5.686104707943759
8998-12704,75.90905097545051,1.0210278156302128,47.32889901079212,0.8377398231971602,0.6550701016325631,24.43819033271904,1.8066041286835341,7.317821803871563,87.39989645698913,2.0904919057841873
8998-12705,277.4540325039813,1.1129961643414783,64.64999674806703,1.8093075255740212,0.9177443285711261,29.633814699360187,2.0162821280049803,7.1543012399041945,290.7627242877951,1.248982944897143
8998-3701,16.240814131548568,2.3136424330218186,63.58514304948171,1.2296740884820523,2.0462695696434654,44.92811629725121,1.8298194470193838,4.412953080659979,72.35622276546233,3.0783023735725266
8998-6102,73.27134354760226,2.4469486754622767,54.645076622241724,1.0410975619781877,4.754450288932022,43.3549448347257,1.0206713877651235,16.419825659732634,92.07331303360115,5.399411293604516
8998-6103,0.4348634632605832,4.120566060372043,71.58651351221458,1.4269549065466727,2.1016666141927454,32.14612009613121,0.6055137464837246,12.364367678996036,85.51493134733607,2.198145601074325
8998-6104,40.73385252382111,3.908110669148149,59.43406163553366,0.1288704775749665,1.629453607438462,22.81525408591056,1.924729645575034,12.05524027473307,45.983364453519506,2.7791545094385857
8998-9102,80.19242611718279,1.9754752260426909,43.85672848885987,1.3510321480574794,1.2572999993398932,20.80421707292915,1.777639895856602,5.802118838714465,95.02324720156639,3.558701551477579
8999-12701,70.3270674530141,1.227762880998493,53.37217790085022,1.1686709855222839,0.4983779018202457,16.998027115115356,2.011512285079041,4.701764324163517,90.96680805360516,1.4607564868301697
8999-12703,77.92778927757857,1.5585931895975802,69.55855655914493,1.1173767369284544,2.593415270303831,26.97364208375346,1.6443323305400797,17.232957693048284,107.14031869478582,1.9621516924198559
8999-12704,45.12886672177802,1.3335119739063446,63.0160988664102,0.9550188503556736,0.6694782204428785,13.873905864740188,0.602377590994881,8.224722193104029,76.34803134987521,3.7307172617816007
8999-1901,17.16321713649492,1.4364285102739849,69.12580750372847,1.31735156977891,1.8903525016704508,50.4799510478844,1.3723994563447006,4.597663642933778,81.1749888262351,0.748268169074107
8999-3701,40.86415296246897,2.1078612262102316,37.84501541150645,0.9579607578748277,0.9190830932539523,17.813881655476308,0.660366512014336,5.607268328916929,55.15354645396123,0.8210743861253644
8999-6101,36.15064387816302,1.7607889670512344,42.419585396140846,1.114121004279289,2.0893272766565567,21.053739847587995,2.400621182378149,10.377637003689669,57.546868162614345,2.8058139754102127
8999-6102,63.744890393493186,3.346841463905072,144.41553011293524,0.996336250570695,1.5342530021029825,45.89147994261542,1.940941100873204,10.454716421470374,157.61613431887147,3.076376898622968
8999-6103,98.24628960535414,9.439923546672773,110.5282057906039,1.47659417315106,7.822291958127277,60.923824864522544,1.31795946272774,37.49929307252315,166.40649902724354,2.422820702633172
8999-9102,21.077345809702674,1.8278294971027362,49.96071128155312,0.9778733824887398,0.9375765336300058,24.358516293193034,0.03392710771687879,8.397035454707861,53.71310392122378,5.733087477452159
9000-12702,129.70723004424497,0.9410176052633148,65.6058450675607,0.461546875378566,0.44044855710136005,20.51983969149928,0.8740138978013017,7.415650473943268,137.15145588335045,2.1488948412360256
9000-3701,73.63549105424627,2.4602282434330056,52.01507692814437,1.2178726305323972,0.8062136565423206,19.415353451468185,1.0986880240261108,6.5708649148424625,93.3660700550543,2.7895096294759063
9000-6102,49.49339797157891,3.003490711458229,56.10507980870607,0.6149746924731456,1.2366744011938453,24.74007531884714,1.736966414758137,8.618620049206756,66.22236380677295,0.6319176002741255
9001-12702,22.624270880068185,8.584531082048636,178.48929790303185,1.328371152703906,7.915052545032932,123.94097354455761,1.115662269052381,36.68280150264197,206.9581510978277,6.707299901441029
9001-3704,90.77432637994637,1.9558231207974834,103.07951084098585,1.670836472753984,2.437016018284479,37.10894585498672,2.3208745717702217,12.421925386176694,161.2242539212472,1.1819877142431896
9001-6101,26.088274113010677,2.6881040989013725,63.94858414167811,0.27494237282355427,1.0449772833119773,20.73650590633429,1.472326921740711,8.56551959149393,42.484741651099476,2.9119451489448633
9001-6104,59.30600976522911,1.2419247515888647,54.0211266081946,2.294382133686952,1.1960579501653172,33.193354219281865,2.3083778688296714,9.59289910361918,101.05868172256248,2.158032886751564
9001-9101,90.67653641005418,1.0900170216011136,61.10614527803228,0.9488086072031745,0.8816000103169053,34.50707149212253,1.3774102428131973,12.672676103905733,108.46680866651731,4.400121041290086
9002-12701,34.59864317143241,2.273075537230103,66.56931469549161,2.787778364784259,8.294362929024416,29.638671959938875,3.742966729223861,18.635129168969463,116.40890215121873,7.8942275438665614
9002-12704,89.24977736005609,4.6384113358027514,63.69532012939453,2.1069527517397413,3.6863919124991265,36.38221603024772,2.200833366856197,25.862826738457727,128.50536065958858,2.2788292402100208
9002-12705,23.72819283271636,1.3764968960142687,51.59243668778072,0.37336853447425955,0.6644815279577011,21.786458985405034,1.44683043455556,5.769886449705072,39.45696205798857,2.530878027466673
9002-1901,56.105385878604345,1.8684686267666866,78.29433373465773,2.106477049731257,2.1069315230932886,86.19946826301125,2.406632101136659,6.663497161723447,126.73012394966862,7.257136383876846
9002-3704,190.02799478271663,2.853828240411847,109.2678593866913,1.6607411365322582,2.2874292980905357,57.57387130501132,2.803212083020586,8.708928160257244,236.51426940570465,4.33436994480905
9002-6101,247.55058869837129,2.768438982359577,121.17270842905775,2.640176305667608,5.500589393819659,87.85129977256017,4.0,18.213091258993447,316.30134577302977,7.1560280073638305
9024-12701,127.74799931453168,4.886392606130941,88.69330531565505,1.3920802392379292,2.6980434876807644,33.976058156159134,2.0901596084542997,20.90234834120855,165.13737881746772,5.291010668311442
9024-12704,165.58933588168165,2.1650912431260343,50.559391021728516,1.9074096428948146,0.6780997506261217,24.671967425972504,1.916103252470077,8.5634837447944,179.7098993135454,4.944973286668684
9024-12705,247.07723398559776,1.6423117794425397,78.9794947411085,1.8225339097560989,2.04912752445167,29.999912649420164,1.6766037679758172,21.354793619308303,269.1016346092839,2.6096893098794647
9024-1902,37.218005009953345,2.0564399153129025,70.71088790893555,2.1443923430350442,1.564356880963842,41.468028737576425,2.6323324492217264,5.069565896795014,110.0327461885501,0.35907254014732476
9024-6102,125.21936497079393,1.6544667627929648,68.15624702931675,1.3547942881572848,1.74678818499606,29.342422327158193,1.458231035372032,8.048619333717898,148.2338694704144,0.6691542353354107
9024-9101,77.74651497668582,3.122204553652958,65.1499557880008,2.709186829942557,2.684541838650629,28.939120543661932,2.283948033246795,11.386209619769,132.45266867931744,4.7722391931338795
9024-9102,160.20743849088015,8.30295713491678,118.13022819769006,1.4555853543416832,8.978938295110376,67.06447277175428,1.5376424432223383,39.5652967219189,214.4265707793953,3.5761348383526284
9025-12704,243.55364803834797,1.599840611274386,58.46404809953592,1.585464868235893,0.8125175444016713,22.57874144097702,2.139111351282279,14.360129266366494,254.4357868142623,2.983283561035604
9025-12705,113.52079056216638,1.8172103941749573,50.82510833621402,1.0284974967013651,0.6622428177994187,20.452775402989957,1.230884934965711,7.423847620101013,124.67468075921667,3.8806171318072296
9025-3701,9.68301323277262,7.430259791491722,121.37554292971922,1.3762299931158224,4.897475753346354,80.77376901423006,1.8288745203918673,26.70831922350846,142.71794512592757,6.167739467031243
9025-3702,139.01246503340988,1.3928885204186066,57.50563014648319,1.4379609876993595,0.9526590605853325,30.995628024640553,3.307363326709348,7.733152542680057,155.17620638452289,1.8536402782282364
9025-3703,45.97531768401855,9.083602987639173,60.60922765515718,1.873244530492694,8.391396486030496,42.155366213076505,3.263337434380215,28.687417291772167,94.84225482865955,3.1289383931182586
9025-3704,135.61458117002866,3.332924479359047,164.67820431041798,2.0082595203064244,6.614440839682,135.82249184907823,1.386507807971938,17.30778288896978,269.9131819152506,8.28819042889887
9025-6103,179.82050504085578,5.119442906435887,119.40557846320112,2.127858615633362,5.2847869315842395,50.13336069663252,3.193765808898081,30.52435260559016,250.34729307934555,7.983701106956514
9025-6104,137.03052171526747,1.0175172087620679,61.55881380936881,1.9332631495883885,0.578980999073237,26.57131252543188,2.124559819554238,16.886563563508208,161.56559204398116,2.432953614187529
9025-9102,10.296568602842747,1.9130072547432972,47.800972246532446,1.2593358764069058,0.903887645734188,16.074861663094048,1.4282076450991794,6.702742041075791,54.621583291160434,1.5822595002612112
9026-12701,219.11038839574792,1.9100862396650105,193.7162644554026,1.3636163780723036,13.336930331947732,99.63181072642287,1.200805156262306,29.288721117979474,314.92922758953176,7.404000869708728
9026-12702,65.39560476855766,1.7211832772561522,73.13042683480174,0.48987265110235245,1.1326257899260077,23.621795928251277,1.4458790182926404,9.169437609955187,83.04488620508211,2.138460854414988
9026-12705,91.32226573113178,1.0403742073373674,64.97163114173347,2.749205257255757,0.8111259221037695,25.626275820034643,3.8718562923993325,12.069174196540093,141.2268094479735,5.7953656813974606
9026-3704,36.211133648480356,2.00333332318271,100.67667233608212,1.3830223588723578,3.8065112823749496,60.70209970875638,1.8015889361548743,19.222455373066985,123.81144393283607,3.49797061983848
9026-6103,17.89915037660604,3.2721304766362307,86.2826989152962,1.5646837203332766,4.082674114786512,60.62797241886489,1.3480329104067086,16.385357819911732,109.40286532998611,3.60320035916679
9026-6104,167.21358300218193,1.5501256990305827,118.89705137609093,2.102505416200725,2.218986782812888,75.68529032574813,2.149802855489782,17.82190269601948,240.17174836585642,5.94076721704613
9026-9101,67.18004725058636,1.094420338940242,76.48007990334959,2.2848082033353347,0.9902444705820145,28.433781510441513,3.8826628196305544,10.036783056563912,133.70663739081584,2.579725122681534
9027-12701,227.1916819373552,0.804442978975896,71.9679967286041,1.2219129851501707,0.9063475290960655,28.425731897805576,1.5865747560174883,8.656086360363615,240.71731835782407,0.64733485047064
9027-12702,121.0862788432363,1.0621052375032964,62.107706882067475,1.2433963617530885,0.6377599832785933,26.84460764167048,1.6158664036737433,11.111458611986412,139.49237733244104,1.3417291046955349
9027-12704,0.7350471880083495,0.7420230459912627,47.06402099140088,2.4221906531451713,0.5343256546012681,21.187630184881492,4.0,8.150902307397219,73.25125291340906,5.161386966170452
9027-3702,48.44003230060777,3.7970479197150953,105.99779975824835,0.7464517504187371,,,1.5600908055594487,14.999592141605453,103.60125683238316,4.0870932916032725
9027-6101,78.08087348880379,3.545444859233391,98.35005675415229,1.454693976928382,,,1.178,,142.01228892446548,6.200824065687789
9027-6103,37.00413904290831,3.0462387142126035,95.95519265879147,1.597709046596615,1.9885797607697469,47.87853809902093,2.071495567514936,6.182044909723642,126.8071408925102,2.5385867137403375
9027-9101,106.64994547809253,2.3568109932871777,67.80360285344787,1.2600175619348672,2.9357006031047264,44.013753310449026,1.7931794023094265,16.7754937715656,131.0226148187748,2.615763634509248
9027-9102,42.51487085235978,1.231067729428315,62.88678953640467,0.7740738626597627,0.6537643421668787,18.081467670892113,1.6869057572751207,6.934287324383499,69.77665465343388,1.8029998483300644
9028-12702,11.323051479024784,1.8483252348347279,57.20904794078357,2.0108472138133484,1.8984516678669068,26.540457142689988,2.5769317122979176,16.95865227735005,81.91131426177672,3.43691043043789
9028-12703,38.81324401517449,5.45261598641597,81.82783835277418,1.223362242913027,8.875248457440518,47.81680628761388,1.4673566240089329,29.429365603010318,98.47766680155316,2.9829563308769806
9028-12704,65.81719051896656,2.3059875854254,44.83904848342722,1.783402012226409,1.8337391790616908,22.53415457497146,2.808716070002231,17.427955981741828,88.98035810799418,2.9938260138047554
9028-12705,143.2925331938089,2.7916011794907627,69.86506512912376,1.522319221868646,1.6578478697231676,35.91007934770507,1.8707989752088796,17.13934561724858,167.2225583499151,2.1135974137244116
9028-9102,198.57684895071353,2.653533844033228,155.8322908022182,1.7867595339208866,3.496467087244474,50.53074627771018,2.8125652664136513,25.511135934769516,287.7879471716046,6.670536200031355
9029-12701,132.1990610079338,1.1495157249592056,71.6502903983924,1.5236757077522571,2.5186867008093357,51.53665172586828,1.6540339183030865,22.469191334208393,159.05591281520017,6.208369487749277
9029-12702,57.28553508043442,0.778153205184851,55.8907901868941,2.0161901208182673,0.3360498796456897,21.375737762206114,1.5388300139721114,5.62688315255959,97.87628807539122,1.8420052955516057
9029-12704,138.81395981001148,1.1516628895651884,53.37623935983993,2.1827910310331213,1.3448544393058068,27.217003003137783,3.154112102182065,18.25463978819046,159.65004582841752,3.2917666630548084
9029-12705,87.65751380148073,0.911484404500409,42.74046210061469,2.6909895422052306,9.228428921077729,17.37774139325292,1.1004557726401432,29.27352526116756,112.2479267949095,2.191435478494592
9029-3702,269.7630929294351,1.4900839362405254,114.04016471494077,1.5004273958011671,5.889051755679263,95.98995662265935,0.43196547087448445,17.229937150055516,303.7851599561659,6.774095341702838
9029-6103,116.9446870375789,1.5875572253403882,46.60047572783814,1.9075397462493644,1.8682546450031574,29.41513921034614,0.8893247029403495,10.346858635621299,133.48588470057743,4.916277102234027
9029-6104,11.92887202128503,8.445231069569532,68.40411639642952,0.946237042779525,6.031996230830652,32.94298418809373,1.1361617437139668,10.552413591470161,67.60072211502326,4.472491821851924
9029-9101,26.810814700947986,1.6655328797994577,116.0697021217223,1.4732825604076494,14.009943902928018,47.555270669034364,2.3311502291957216,19.26177044111043,143.41248679620517,6.761531472157054
9030-12702,32.396116562008096,2.18636675075575,55.618707071452754,1.4420040565166903,2.2270503228405443,28.131661580337955,2.2943910994971537,11.226640511029567,74.23114055379483,3.1356035628793695
9030-3702,130.82192657788008,1.9186816778544884,86.05626697561513,1.5489480957574164,1.8993453367640094,47.229078935135156,2.1292466432014274,4.743966898357066,169.072150542753,0.9731548278242688
9030-3703,194.28776566797302,1.6764492401889082,182.77007346267737,1.6780901229032938,2.338787101203179,73.53701756841365,4.0,23.116731016452267,306.2746614091089,6.833888777882284
9030-3704,235.23140474755849,2.7228503743110952,170.97005918283685,1.9055780662368984,3.7507904215196253,127.75027552892453,2.564227990327007,22.302682408367353,333.2196138608199,5.699267013109232
9030-9102,186.3293626723182,2.1482644781986013,92.75337389256683,1.8161068443881518,2.5081578406624945,64.06613516288218,1.864648530462083,11.612409082563746,224.37232599717524,4.647428639785316
9031-12701,106.99691207807544,1.9324409171252364,57.98111121714209,0.48755722583668726,0.5943643383171637,22.578051522063518,1.2018819408357913,4.962494142439305,114.40023422114832,4.116754055383371
9031-12703,143.6017568371333,3.062496917115925,99.75276665297535,2.341574160161519,2.413011555149177,45.51349040378277,4.0,18.42847026601718,209.57472713113205,7.145627377843017
9031-12704,127.12837971677546,2.473213136719936,66.90797336472284,1.6922949156182785,6.774887073696107,66.68778505654734,0.7516346633846778,27.20356674833897,154.06973254265992,6.331350778967573
9031-12705,144.84536674619383,2.169055264751004,46.8524501698122,2.537234365071914,0.9785771357691091,31.74443162075324,2.593099849465397,8.249638674751568,162.94108008516082,2.905644133157382
9031-1902,,,,1.178,,,1.178,6.996379145497267,,2.7185070955982242
9031-3703,75.96512129762638,2.318742028574736,83.54771098205651,1.9802026084024469,5.841418368213679,81.18772680059652,1.2132992187358378,13.68244515583778,139.97481746894255,6.260751610787386
9031-6102,62.66435669187701,2.4416542730634148,43.785321599108784,1.0205442574169057,1.5073454847854322,22.805672473044638,2.2620839737972713,4.015263801511547,76.70308012322381,5.075504929139516
9031-6103,49.61120937386137,3.3490594321261176,36.024712771635286,0.3697892724047943,2.237229418333255,25.370845824990806,1.8969936295832648,11.034760374290261,54.232621102952976,2.8498900826950795
9031-6104,74.47282025366407,2.349046087847225,55.88406447612092,0.8896236433618183,1.0440174451519355,32.35612607395375,2.003652273082136,4.45050904124785,91.23881352514753,2.6823052382849983
9032-12701,231.42376653785408,2.5385551881077175,58.69674720350089,1.7063779525018203,3.9934969711913153,32.34335902194186,1.7484295753208965,25.74816799065174,243.79490879641196,3.7959907928471974
9032-12702,76.25988240081999,1.477109750228812,55.26175968724601,2.9437972667936014,0.9253835321026216,34.589268767199464,4.0,8.938341041810565,121.6779376840297,4.886811310155963
9032-12703,241.00065017787833,2.6446411441641424,183.99810873025393,1.5276429311291682,3.7143203210185445,77.82060965857085,1.6946617318792083,32.23149418664081,331.3610255414863,8.653273232207516
9032-12705,172.65517241308908,3.147853994015547,85.8519515991211,2.220351168541944,3.6205637307075693,46.67066522479705,2.2171109951747887,19.362640535937324,214.88377027187437,2.9073125706617016
9032-3701,4.850101172163542,1.919079796749511,163.7871365245722,1.7020715666786765,6.73437212843614,89.5150618742131,2.601786060916706,27.359750184070855,213.73740934152556,8.643606494020826
9032-3703,153.98358630765915,7.071818316893301,82.85783711745448,1.5847130057705248,5.335280593993252,53.525916736937916,1.467922248852937,18.254947796966228,185.98566362272265,2.3756649576934605
9032-6102,65.33990428675904,2.975341363797323,177.36472172451454,1.72851182508888,3.893654170560053,84.55391933521285,3.248000090832952,21.247509841732946,242.16781522004246,5.457858244712698
9032-9101,173.46872050291057,3.571547958684935,97.63904303524508,2.3533970759386587,3.913061645549301,56.16931823596942,2.9507446507370556,18.859323733754664,229.18820218622906,4.546820765167008
9032-9102,61.43918415609898,9.235838189373437,61.56661827084569,1.0957430298094026,2.5529841568482725,28.336300135829624,1.4860390010969011,12.738191692545676,89.04005198445768,1.9996821446148623
9033-12701,214.67621251502794,3.0747445770790547,130.96607515919987,1.838368422180586,5.68430895782795,85.18008715294773,1.5422154825502168,20.00985633669386,278.5996748801421,7.763734473832198
9033-12705,155.23483718798738,0.8771622949137561,58.05031165789709,3.54837354075708,0.5517985280495767,24.69451300236906,2.127353075995633,7.632496454259576,189.8823348766606,1.6730755200487537
9033-1902,172.97926430129468,6.048214410634404,164.99371337890625,1.4835679896035152,3.599427920403069,85.3195591026344,2.4507817258744775,22.458369924728235,265.15822948942406,3.424400856124047
9033-3702,28.63513581548427,3.101108604782389,71.32611564568906,0.9054178625593008,1.8246571016732382,45.607496287734875,1.3551780983279627,9.801545715872255,73.66279395316229,3.0586458206637746
9033-3704,205.51497135226802,3.842457023783215,77.88391708359597,2.3547895859136743,5.622521512087225,32.971845780728415,2.852313717611014,25.418423016327573,237.7400519275872,5.727515382933114
9033-6101,120.90071618825385,2.206947880851738,86.92276904002196,2.0741807131353998,2.1632652376714434,60.73634792050992,3.2074852556733098,12.80765702774068,174.0361920288042,5.901110313591292
9033-6102,171.60459003819898,3.315652594860862,115.85423675314233,2.5091845518510194,8.357709622848462,98.7807666687437,3.9959988632437735,23.50963285645833,251.25071678803053,8.256155524773988
9034-12701,88.27993365270316,1.0625012644988432,52.66765918763592,0.8668973228317283,0.48634731764790856,23.35303017451303,0.8349539702678512,6.005563283227117,100.98523578482106,2.4092493468342804
9034-12703,148.31045927601502,1.5838698412787877,61.332565683236226,2.0963525777140513,2.033246991048145,33.68540025108,2.1268632888584476,16.266449869744065,172.86355159467405,3.209428638114945
9034-12705,105.04687219857858,0.9394456573848188,56.138527967063226,1.801594510317217,0.8633975711752863,37.217242682450994,2.1493184731655064,10.0668637402771,129.27734640242358,4.391220309530247
9034-3702,73.71752602839582,2.5956654622973856,66.66498317528519,1.0904837387318604,1.2488660554371953,29.662028139373,1.6782129543137367,7.526973657770104,101.39340839129954,0.7911462965675835
9034-6103,45.026832340334735,3.8118488360960394,122.11573106925675,1.9176121108322874,10.09331334626975,133.005298197949,2.9215320411583066,39.37932849797975,174.9952291730196,8.629198056977202
9035-12701,49.89653266232163,3.0612968992713356,66.53545629921676,0.599413015828822,0.9250671346196361,31.16879478011185,1.530097808119283,7.777397615019427,71.71642475169902,3.503919795577758
9035-12703,78.52047513273024,2.546175567772094,58.49622854492689,1.2371453538086603,3.1518207815493047,42.36385217507329,2.0321236954644926,8.501660943401177,101.97421152761252,4.605397545588747
9035-1902,,,,1.178,,,1.178,,,1.8206930604430809
9035-3702,20.22355199726465,2.455159598035765,55.42622188003199,0.24077174828966053,1.9608905202491802,47.92129653339919,1.5374305480259745,6.348495270845246,33.89186885342065,3.5071775923149353
9035-3704,58.748658939688845,1.206062421491248,80.14505950205452,2.6314685784333776,1.097731929318357,40.552959698158176,2.0412400953141683,6.747464347297045,142.66721531134888,2.2361441491555283
9035-6102,87.89239613824947,4.977621704944372,126.86643984599812,2.1760473319345306,4.610111498711761,75.48013845349624,2.72329711388975,16.04343522341733,206.75772947015304,2.6727498854932943
9035-6104,65.02397753179359,3.304011739734338,51.453265832279065,0.4255919568790313,0.9552342601608302,28.313552955103333,2.161608154954518,4.065622263579955,73.17681472685524,5.32269929347577
9035-9102,19.605304991984553,3.4698300144749443,55.679143021672566,1.3622419746539198,1.619326423909119,29.04564148549821,1.5206733993567907,7.632308641262599,67.87890361199845,3.278718743048428
9036-12701,21.105496710517805,1.4907168524220076,37.61186147319266,0.3483161530821738,0.745364239548561,18.023357559119944,0.6199056034900399,8.69340766848186,30.629857606546004,5.26038781135878
9036-12702,104.07047604507385,3.8329961916011257,102.50872440562641,1.1779999999999988,35.39889483918303,68.14686164156207,1.09769947787095,85.1878706834916,152.34544112190153,6.985769881380359
9036-12704,79.02053347172111,2.4655797959227934,38.598175048828125,1.9033758044382743,1.0838492779759719,24.314265145615252,2.2655061702736696,7.590735211768833,95.28866863711072,4.330568769409632
9036-12705,77.82572514748306,2.3181495015640885,49.7773321688198,0.3350385174421846,1.0832210828592794,24.963534002746524,1.1604969007054178,8.800269463109007,82.98792785619678,2.359935397271264
9036-6103,60.18006155585819,3.0743546114572826,54.62955957238874,0.6936311505425969,1.6604393451375028,33.20745599533324,1.0753518102558925,6.753518417758096,75.44338825478228,3.1562898155834564
9036-9101,202.89927135936998,1.5524074652572537,161.57870122086368,1.6338991789116202,6.447004954593696,156.9078681545589,2.7731403415486495,40.00723159158876,289.52620921487886,11.336529198283847
9037-12701,64.43787551819543,1.599896131470827,74.22643781018759,0.8087723177090502,0.4015853340485608,21.06084320039519,1.2797331506055087,7.50971661596041,92.78050821024038,2.3751158006816695
9037-12703,234.56060958267278,2.3926191263338503,64.06131263027423,2.400852352761754,1.5309950292933143,21.66777300323599,2.0273029101567053,12.505318947242605,254.6986881775857,3.5711503464560552
9037-12705,83.966422826836,24.73990425399275,137.5557950140663,0.9656930652124884,125.6320620341213,86.12018096031142,0.0,341.98686203353185,159.13143912748697,7.409084465691058
9037-1902,4.859747565210056,1.636670575257679,59.317470144408816,1.2183049824556844,1.7502059292561456,33.903736907216796,3.00553173884537,8.581627314455545,65.65286805703775,6.260019467856688
9037-3702,65.75488136671929,1.380022079256663,49.97800152297166,1.2716934585903676,2.26311127249109,60.96552045891593,0.9092912586799755,12.081789046624124,86.60335532476832,7.420722529461921
9037-6103,13.348924003971034,1.557299363696705,148.04127336574192,1.5851961385251228,5.0956660647142655,68.08629801061642,1.6435258640620285,42.274919733763895,186.86813237993363,6.703841675721083
9037-9101,28.565518749010998,1.7798342675756753,48.97191469077373,0.1736038265926536,1.2628553668123774,26.635380384506632,3.358687402594928,6.976539500977316,35.10461459273008,2.955291012487029
9038-12702,276.28673970494276,1.3990985386350225,168.4916488695883,1.5083051470076558,2.0339286792990694,34.93899516514057,2.1188644937139465,19.966068491594598,345.18733259239224,3.9338903103735716
9038-12703,99.27347266941055,1.9581349590021324,75.63537196347897,1.532549113522374,1.1310720123329299,34.2154985667897,2.5632738019697334,11.70576576780669,136.4642467337519,3.5543963709860082
9038-1901,83.87519508798039,1.7606762176449928,53.06360975407765,1.7411069797233543,2.016004974635128,37.42452650076585,2.125411133740366,7.909394993667154,109.25916231126466,4.610337678183147
9038-3701,16.62576062984062,4.638250256034393,64.48451449211234,1.085823041628134,0.9593934803890427,20.87757110141183,0.726062574164025,8.093918201408043,69.22096801252519,1.2909001349150784
9038-3702,67.39351056989501,1.4456496356567883,52.912832526739365,1.5509858638995055,1.8705833213824519,40.15360567849772,1.5152133792270623,15.710841528715893,94.25648846782491,1.6956341295133563
9038-9102,38.662977867305784,1.8797584237128349,39.78401672617632,0.9118788179451669,1.5163894026984337,22.457611749422355,0.8622300348434442,7.308406720286422,54.20441364423231,3.385096511264221
9039-12704,30.845546364327685,4.511420079705017,84.04974956415114,2.380327378598723,4.713193628515611,40.21474328140772,2.6889108622833446,20.04707442883514,133.29267874567918,3.9905208364630647
9039-1902,211.45106950531127,5.005986768486345,246.9908985487476,2.0157509223269914,4.700338284436089,167.70914651772904,3.353911789079737,10.721175054485625,409.4892427528948,7.452139862880213
9039-6102,309.36763649184957,1.5592195834523417,101.12326569115528,1.9221170197130197,1.422138380256443,45.116621702742734,1.9417300311134937,12.158744236163777,339.6523803992377,2.1567186759422468
9039-9102,251.72609745395937,2.1559765724451623,97.32888885784652,2.527114547858713,56.39910549311674,47.2947038481676,1.8011646955677323,170.56818794515598,295.4744716509074,3.2343061014999788
9040-12701,71.75833637929006,1.412755381265188,114.31148730048011,1.4535057043990787,7.374216962381072,64.02177900675643,1.3199249884532835,23.693081731203215,155.37820527103813,3.9884088377161855
9040-12704,134.45143997279317,9.311785994104602,107.14439591603261,0.8179036211222073,10.20026598186508,70.76355902711953,1.2515631788402093,22.665809297074752,165.7306825489474,4.692420709402513
9040-1901,29.50631867020949,2.349957696393348,44.99665493776855,0.0,1.4138669451081223,52.91745514031891,1.131775186541873,4.45303015986868,29.50631867020949,4.787917781615238
9040-3704,97.83454049738198,1.9295244670615244,43.742398594633755,1.497350743145907,1.453661965795956,34.36048007919394,2.2750778641618665,3.1875433857278965,111.51961435228702,3.5054544824640765
9040-6101,137.61179532981959,3.547276592951115,92.39709682326803,1.9220643864575662,4.044911248904005,45.075451521398875,2.2076585694792934,26.047568471571672,188.00558360087302,3.1627239727149163
9040-6104,196.77277626794228,1.4134119913799847,74.69457532588467,1.9795385344911973,1.3212046202796528,31.506541194992877,2.396443423635253,7.4730733824339195,223.07829210765516,0.9131699121841019
9040-9102,43.45294251440397,3.8750857016357654,105.1036921885617,1.7631637939350226,4.359145387811081,60.33100837843452,2.0131056134360867,18.51147626048552,146.16925642759915,3.1930439871420075
9041-12702,149.10599566598526,2.5615615988051093,71.43395156813095,1.281403977468285,2.4892447755970433,37.543105203040966,1.829782981369306,24.036562026782832,169.62121993405054,1.6996323623985488
9041-12703,49.12627423686161,3.6799168759992504,59.17493968852844,1.8540192245030669,4.853098433231638,36.668740346074536,1.6201987492059544,22.879752930556112,94.36927881194917,1.8467248883260343
9041-3702,27.784643035176828,2.468013063668681,50.1732649058941,1.2926323383601819,2.2284795852218346,30.615604965782392,1.9123945292013396,12.87456541929637,63.45079055695174,0.7341455712838337
9041-3704,183.42812526515297,5.398284061847106,92.64812498777803,1.7528313093004515,4.931737081109588,45.0260631167753,2.4519542591100554,25.409114787174662,220.66175821581058,2.672236288565293
9041-6102,132.07603914698424,1.8072048129252827,80.87759538965005,2.3338622375360054,2.6234688166582787,46.94457728543465,2.9240732010364203,9.171714629738158,180.8599065425626,2.0660735406235817
9041-9101,141.59705036255752,1.4750268603210608,76.45866076995105,1.9722910023425406,1.6638526150068458,37.562562663498944,1.9973323365152464,15.985636728942632,177.70648134677606,2.7754251202944302
9041-9102,69.07572683161854,1.2162212682663698,60.76104252313473,1.482277366812788,1.0345250495302698,26.096874644940016,1.5370825231919545,7.161447863827038,101.21206550899116,0.8567592622782241
9042-12701,21.397285964275266,10.448863535436617,67.47486857074936,1.178,2.938559253686208,63.94689724549941,1.2432820998537877,13.088298082475044,76.29620199888572,3.7317143071927554
9042-12702,142.5492299261132,3.3520224437799717,86.07595313504089,1.9568208561512117,3.1117855007279602,40.78785325338799,2.185541423637405,16.657551762661083,186.59717329591948,2.277459706512082
9042-12703,45.19103467885482,2.093964024112631,75.62117396951336,2.108173208134514,1.790613241567429,39.25491325496564,3.4925821264314054,23.300171325715702,118.73478307859551,4.7422242735903275
9042-6101,99.91539812968827,1.0611970313579984,85.47860691357036,1.7408790330786665,14.174461212387364,126.3408431441614,0.0,19.561770728722546,150.6750809426849,5.804404540328472
9042-6102,219.87330324237718,2.0275078381614606,111.64724578113731,1.4566148807949146,2.465210025003296,69.00324671278372,2.359606007210006,10.188165892670613,257.87813117847884,1.866449560677723
9042-6103,158.25085026830274,5.288967664065484,169.07885150449974,1.726374550302038,16.060058943481955,120.4553751547742,2.7651940939391135,39.70874111712415,272.756919031588,7.355041110382181
9042-9101,226.37066733735173,1.4617263388435775,85.48175564490309,1.9315041167717886,1.224588746319217,41.61608463571715,1.9696375916668263,15.927673898918254,255.6509960204917,2.301978466267298
9042-9102,79.10130680090735,3.0289259329362626,61.17667482447672,1.9143243780504213,3.1685793590035978,31.861068501725978,1.6228638349118407,25.176038325994117,115.85136804850764,1.147479397831908
9043-12704,89.51353896333684,1.1256386063235964,41.892608642578125,1.7060069383338625,0.5150198583619074,20.735635364178407,0.7882839533166299,9.757710243081096,104.91282046776543,2.615905659159468
9043-1901,81.90780657954431,3.521824974134396,115.3859756775303,1.5187103757310272,5.896275325275568,57.45489610520816,1.623072514260424,18.367837524366518,164.10022048189495,4.676159581128911
9043-6102,110.31135093383261,4.0212531739417265,98.04942895056293,2.9238568146542683,3.9786313395954234,59.1049985610956,3.365472504482528,20.481860951439028,200.69292134629146,4.837109736401701
9043-6104,137.10432071891455,2.8311323221858293,102.08548412986438,1.893516691808009,2.441890228135382,43.05642981737141,2.663981806766115,8.68818838523143,196.2925797022686,3.8016714073779103
9044-12701,192.31920407422834,1.7457576940353807,96.49179118375635,1.637839550593298,1.7853405084255687,47.3611553124215,2.813382604781374,16.354073897667202,228.55207916229568,2.691328349697581
9044-12704,222.9443537368549,3.130372605387066,160.19980225414082,1.776623770663825,1.8154639546421514,71.99420780577977,2.565151373186905,18.9070109039442,308.7060346276932,6.514423320762304
9044-6101,153.5631028727289,1.1579347160985958,52.88649622408392,2.0766046419434225,0.752820703866806,26.15135379998017,1.7791564309797616,3.789697103015503,171.43468521462418,0.7951323648766034
9044-9101,159.34441808317086,2.527529321890606,124.3535815493305,1.6945788353846858,3.2153078493489904,71.45541247830954,2.115060924533296,19.20936355958749,227.14597555786796,5.362952273344607
9045-12702,113.85212279294791,1.2408584938449108,56.564126054775635,1.2331885715626358,1.1337051178904547,25.485064385825954,1.4263892572257362,13.42549189143321,130.0303546815521,1.4757835658083058
9045-12703,61.87249555406478,4.02973022738892,75.34527137859767,1.914778833143,4.31923296004444,53.893329094400144,1.6617914468626482,28.312223260447503,121.23626791050526,5.1442839302639385
9045-12704,53.2302423093635,1.2920610778332742,38.469823132548015,2.4375995519816764,0.7854709858118728,20.49739407505472,3.7041017246777788,5.831411351309896,80.25539732560928,2.745972352255064
9045-1902,10.306116644227092,2.3083331901975552,127.17199499055288,2.0862269111331964,3.8944434047128667,56.998175893294686,2.927465831995883,14.617378331876353,183.9732916269995,2.9095393645858287
9045-3701,173.39351008702786,3.259068505069075,196.88794809045334,1.6143945014473746,5.362773660924166,76.66632317946863,2.6802478114322117,24.36489684714911,304.3798495268248,9.62067604140209
9045-3702,86.78625090575161,1.809539323027945,63.18109073959015,0.8737907548039936,1.2672062704614238,27.711925076595005,1.7802495129218991,5.896941530777243,104.9756884675191,0.8246197864506976
9045-3704,192.8076869592547,4.5116805050156765,180.96081683109452,1.5233756259605675,4.660706619798219,80.75024924967553,2.390328052742557,26.498390655910576,295.06017580108687,4.085745263559761
9045-6101,84.83089492196922,4.017693432836576,136.0346254526771,2.3044512836919306,7.327270420032644,109.32575416375782,1.9301369108123083,28.26066455825179,223.25124421874582,10.561623588150304
9045-9101,11.427801857995108,4.185262390694126,119.39991446391367,1.9851708674805901,5.061440540540656,95.08037600859646,1.3254665899576097,32.648498313877056,168.61750992853914,5.419431981349508
9046-12702,26.700471403353344,1.8897941651557553,62.086738864577626,1.855504645976298,1.083284928818091,29.700790078711492,2.697594540731679,16.53005127084591,88.68735024701023,2.5228350177678602
9046-12703,594.4690716260692,57.336681598221425,198.9431158315863,2.93286273657939,205.75484596004574,137.43009405041306,0.9233220744333239,247.00581090991832,685.1798188251041,4.829029792124163
9046-12705,49.39303459958072,1.8809405485156974,44.7330189249976,1.246533073903874,0.6005235216625635,20.46733619072829,1.6033980237545151,11.119866892576043,70.2427087070349,2.8906403897691924
9046-1901,71.00637867461293,2.6548904870746375,165.38780506363673,1.5492744435232004,24.515963094509043,191.60252072044966,0.962184650611638,54.628772242726065,217.75997100832348,11.697883615450785
9046-3701,106.24569269236935,2.8392960583059725,52.24875684070778,1.433133040718888,0.9924975493778194,33.59117410208441,1.5833907273049244,2.658137371976362,123.29032326728328,2.4995196039948544
9046-3704,125.36613410653042,2.604917247308133,39.66022315299012,2.094655102918117,1.114281987421895,34.46990097842631,1.4715780040261481,6.324614360858351,137.8819072443986,4.005086092592934
9047-12702,83.60234481590545,2.6171090210201307,61.72691781598017,1.0932630974157589,2.733813678893267,28.470210462575878,2.3260581984490316,15.535126172184542,105.6168388583679,3.461606653159049
9047-12703,218.54347389111345,2.1400392922359073,63.1500031673955,2.5084058633322073,2.186686391998908,31.358858619345607,2.5025825443593597,23.111809872458416,240.34262868949833,3.487314875376362
9047-6104,236.41683181703274,2.4796766693737795,107.88959461586994,2.0333158634807016,1.8704606094987861,55.76440176439901,1.8460786534307623,14.460285311635468,282.0656834050217,1.9564463521405275
9047-9101,92.76812691863665,2.2439796197399455,82.93643497545686,1.9836752250981227,2.077569512987845,42.489787323781826,0.9421587141651666,11.753991389462238,149.16615125514312,4.536717439719775
9047-9102,25.151913845536313,3.055950593834783,58.59294293793184,0.9450106658178954,2.673261327355986,37.37472937969604,1.4581896458161605,17.774658537412318,62.2652875724105,3.024421802183269
9048-12701,47.34920460830696,1.5581076607243938,42.16910809658825,1.1779999999999986,0.8369681691600882,35.06885630587273,0.6915655986839424,8.35560054220677,65.85367453168313,4.705382119600175
9048-12703,183.96883781723832,2.9484399734563076,86.73384525636179,1.6257557251172812,2.0486943329355016,56.497108688715144,1.5460622826259782,15.901172199872445,214.65018817833334,3.731137786731528
9048-12705,205.34145402473797,9.045270863210781,78.18620300292969,1.0378540633310578,,,1.178,64.47446913263299,220.2489502518816,7.922654289909145
9048-1901,60.34221370980878,1.390952124545539,118.89782931589004,2.303078436234848,4.604593837751319,142.24808465478623,2.979364610164545,6.963479664095169,190.26060402183805,6.9233015220083765
9048-6104,224.27808472470733,3.6472807678600767,124.16918968042637,2.2189371250661947,2.1876167610276234,62.65596403500339,2.3650483239566444,10.263314494593926,290.7098287183411,2.165548125651851
9048-9101,96.45859431384044,1.5004831154360223,74.84142789936976,2.109473082824844,3.7533471927256503,57.42038833958648,2.001096228947575,19.169100934734445,145.32695556617105,4.224228331977534
9049-12702,284.4356745443261,1.9244748859982401,66.94496337895802,1.8673430126998496,1.7474044816174663,37.16192215373128,2.440882045652808,13.747822152469558,298.78485556042983,2.7320757186187037
9049-12704,125.90135606477105,1.7740064127011332,66.40746790222926,2.591249589368415,3.182951645509613,71.53882942625714,2.6884584645253407,11.287287132397944,165.16185162492874,4.833464161526244
9049-1901,137.50248157522753,3.2879813306641568,93.25161907066123,2.285481109386297,1.7373330928417674,73.84927238742719,3.0492682460940914,10.01647421735479,196.929343651115,2.302882171445284
9049-3701,178.46048103191657,1.9140054856217277,64.63591036480543,2.2114517533382347,1.7750247731716786,38.09265870406132,2.2412344135379536,6.429957006672988,202.69965080077802,3.5785936451331253
9049-6102,83.13882429946298,1.78503034587849,65.5400716306082,1.5477236357652209,1.5492461873826775,38.732746662394156,1.4888450373400637,6.820619289305296,116.4487548862568,2.4537336798066343
9049-6103,57.048088778875396,1.7400078070715017,52.19881024771179,0.8260484223394526,1.653714210325976,33.66590465141712,1.0880037533318165,7.353922959488817,74.19724802194415,2.7192283166294873
9049-6104,40.01988985422976,3.2786095187012703,85.84823334381468,2.212204766206626,3.899315838250898,98.20069819838089,1.6685860717453207,18.66099389853113,133.81091844283063,4.836815381143402
9049-9101,89.08839711334663,6.071035518664892,122.28170181709528,1.5924104228335247,4.826387813847002,51.207372493897246,1.1380269810393102,18.28913922641857,178.17901200428764,2.9391359388758236
9050-12703,285.1567507486543,4.609852557875764,130.26762221834096,2.2765681264107043,10.314108115502117,68.22146119878144,3.457818704735857,24.168488958747286,346.333574088062,10.152339494257433
9050-12704,200.4145922129597,2.3156143979436608,95.12398511242559,1.8120189617826865,2.646901170998843,40.70193470954345,2.550497894348655,22.148322686184155,237.82807613501245,5.64778890331081
9050-12705,40.918204719157096,3.571975441364015,65.83582234547484,2.7889837604056096,2.154865361907719,33.85855967309705,2.939248216398827,17.546290624423765,117.31473304600048,6.357403436567744
9050-3701,119.23884718971571,4.494503248857119,255.021565689047,1.368360401623591,25.548628177378035,194.3586616706159,1.0007692960264618,43.182787820130706,321.26404770050766,12.479831463024075
9050-3702,69.70199860719475,2.672789421012388,59.79471493148892,0.39258591777814666,1.8993689125870348,35.12626692952787,1.7376546697556003,5.7562786784766065,79.13294772049875,2.9140252255516077
9050-9101,99.91715150859726,1.2658295378722848,56.424267517124306,1.1595156927810633,0.7437992247458532,27.777062843173255,1.33540982635172,10.353485560834688,116.94009114458454,1.5101810684906736
9050-9102,118.36114610751427,1.352210848711111,86.56416006958824,2.0205514146671995,1.5356310894220235,30.438057115250697,2.919063238540465,12.30376692357296,170.73390860153864,4.400121825032352
9085-12701,132.48836144379666,1.2688455846071045,53.71645715748951,1.4003398315955098,0.8368216466634989,23.992988046928502,1.401990540058391,9.78160831080617,146.9482472340282,2.0677922531211386
9085-12703,90.8449601291953,3.085002429571713,71.90199575940777,1.7029981538788372,5.321152435093286,76.81866662702328,3.1382637548848225,14.396696539192629,130.60295485829334,4.6166478629759355
9085-12704,200.96347560420276,5.983588240959907,166.03465749913602,1.7893706697417198,12.026930747729216,65.93412350114836,2.7336658571278223,18.509987071293452,299.5243026349328,8.561157780655384
9085-12705,127.51376357470436,2.9623244029193145,62.019398119787596,2.0576420410209666,4.686208565545847,32.731046125007246,2.743573306427671,18.935642986131832,155.48082217719465,4.7489232593255295
9085-3702,56.344051326386655,5.063649197549879,84.17205458240488,1.3588741139994756,3.2100220249067037,63.833069552836314,2.264507472469104,15.192148433182886,113.14674799464242,4.547251733907272
9085-6101,60.18691563718517,4.443535991805221,131.0345138615238,2.099038515552804,5.804167891961224,53.64897331673413,2.5600629224861082,20.777195850618046,199.1558387594212,4.344710479440689
9085-6103,39.55771084148116,2.015359986080286,38.2397846885373,1.4225201505198282,1.7309981364845772,26.619580049813088,1.6602782720096667,13.520033194509901,60.373312518630684,2.6990989198609436
9085-9101,166.9313411738483,2.0304013235113207,77.60602453022584,2.463242840606368,2.429981090354507,35.703151877417305,2.5960112920947456,9.76253622436746,206.6432508282712,3.7622590122271755
9085-9102,69.52021123596259,1.3627813664193844,47.660981491729636,1.0022404178211604,1.2662156791409296,22.202037261772944,1.5892186235230294,8.243121049689455,84.31914486680142,1.855243984637756
9086-12701,45.135957618790066,6.271974139448322,84.77173995997008,1.1801457199492709,5.164601226001407,33.09149985752688,1.5684944329743464,29.89334491116723,102.55766361874754,2.1532687615899064
9086-12702,109.82018000031641,2.4195402389078717,44.7391149234897,0.6129825114602823,0.36098972172905763,18.263943307071237,1.6282876420421055,4.672489569058632,115.27103114911269,3.787323706525848
9086-12703,249.27703968964312,2.0123349408453866,83.31363365848364,2.2763511438176716,1.6284078515409648,48.04047755040307,2.540896971353852,13.249145225581191,279.1765813206612,4.953650475423281
9086-12704,31.330978878351047,6.005068260753198,75.41161026775794,1.0731981925285867,3.55393794736708,34.35477850330274,2.027402965168229,17.16868226639176,84.17133006093819,3.630132736013773
9086-12705,39.682985290365764,6.0206398764910105,58.70262668908977,1.5954630282718414,2.749790053701377,31.213989116335238,1.2797500149989847,9.541181449565844,84.09935988250422,2.7581239920632967
9086-6101,232.8096652228861,20.05263477451565,174.67578776861188,1.8176839700871117,4.970285953917734,49.76514473091333,3.192690352305209,84.28593683662501,331.1507851218203,6.722298460457278
9086-6102,62.80200464399611,2.7435552540033954,58.8984543535201,0.8893758148845636,2.348217171820772,38.01961946699862,1.3017723808088224,8.677288096062028,83.84128651903268,2.4407734378925263
9087-12701,147.9698674538665,1.060890664362272,44.76287625645544,2.0010600872824122,0.6571093030145363,28.036384529762554,2.4920785520943314,17.000649865538602,160.9491720037776,4.738156526034276
9087-12704,28.97973615613994,2.549062764582783,60.45128534884834,1.4619900401133732,2.8025639105359765,30.66748576634859,1.796712808481372,22.246827508544538,78.62862049513824,2.440651327341447
9087-12705,131.4516680690142,1.248910880385505,54.04221946057223,1.6605515477622061,1.1692610753198769,26.423373912958148,1.4669792186461077,14.510920642880544,148.75914738627074,1.2638903125096985
9087-3702,33.551791604018696,3.0322614517942377,73.31461354811444,0.5826193086779206,4.057060857600607,44.938390597093935,2.847656558244099,9.311042434575524,65.24814536750208,6.54708078197868
9087-3704,16.42459106939512,2.7581804314065623,122.31507012294963,1.863021080233489,11.378498464608995,112.49121727726367,2.135064598959612,26.61491490729683,167.75691212909345,6.136821116625633
9087-6104,12.176228398350561,1.7730427959271424,91.25220787167811,1.3321858794800683,2.0768739498054423,19.6812869458311,4.0,8.763916887070437,106.02512116491512,5.322152814137322
9087-9101,34.55271082120572,2.742678539590462,79.82725889453525,1.6065709992429547,2.800933990416936,33.84633169846768,1.8400733715868762,16.804360600272318,106.91860840583632,1.6348226063140407
9087-9102,113.11508193694699,2.103676308342583,49.71241615349932,1.6115480898228576,5.263791650369406,45.5511353005559,0.9616311790659191,14.027034836810916,129.52868311126625,4.094643234423647
9088-12701,27.881007011199976,9.480803060370745,110.85520660866095,1.4676749545190662,8.453531418256786,54.26041053404275,1.5713318902430786,27.877246487487913,137.16204758540133,2.2648190072546592
9088-12702,115.79546400184164,0.5882922149356584,62.86630927755229,2.039424097823466,0.41427689029261106,25.624978185021284,2.635546069945815,12.880707481306667,146.52216902745093,3.1153211028184766
9088-12704,241.06421961315687,1.2114602479932088,57.873795748932366,1.079198691650716,0.5682795410081491,23.448159140600538,2.4036108450621674,7.46441099069239,248.44838584241012,2.373148499731863
9088-12705,231.76471179932386,2.6355607927357383,65.98742281819011,2.6721861526589876,1.6289547433002185,30.674014183489483,3.9018091134457515,10.496601833653328,255.63741629058492,4.701570751878757
9088-1901,6.546413912101783,5.3237486478582055,64.8651313521133,1.3979533770826027,1.9578837330579706,43.77825936168506,0.9462822047144976,8.96413943589647,76.97222726930542,0.9234224550522226
9088-3703,110.57945425563621,2.3441942613110927,109.39421470010626,1.6751654393407591,4.175207929121824,72.11765999877771,1.5732678195886893,12.816960514993633,179.65154698235943,6.461768848307588
9088-6102,16.472909902248556,4.760199542213242,100.66924295768806,1.4798258304743581,14.563841531515877,84.5862133135503,1.7949008773339261,33.50263518578474,123.56516686346086,3.2779218968625146
9088-6104,172.52668979433994,2.1489584027753432,135.39979084726224,1.3180916492700554,3.5410501003711605,108.32845166830407,1.4156686606514675,22.523693516264558,232.22870007250842,7.483038932300884
9088-9101,6.871760516750985,2.207790104666138,60.406897384714796,0.6255233147561619,3.198169606720957,38.54931789612559,1.532960594077776,17.68515855495047,48.26749886717732,3.7078045520471523
9088-9102,231.03776726575393,5.783251867055451,192.2253396849287,1.992192297369178,9.410954885376988,125.2442522892259,1.7995462936592737,88.29867156476803,356.3581249065873,7.932116845983514
9089-12702,85.55895700137387,1.9832106208577984,58.27791187091143,1.5196109070128974,1.6629309610690806,29.84465957815835,1.5657090315813833,15.725505568714425,111.72024193986076,0.8773463909371659
9089-12704,131.09039808645204,2.4501020094519994,67.90322339405904,1.969669287766373,2.764652157705015,42.682707075482924,1.523628180184084,33.287014218082106,162.0695457786407,2.890034745502956
9089-3702,45.43688755669805,3.39078638277973,49.374747829136595,1.6701651099179724,1.9668751136212146,36.891220730840104,1.597914479644944,8.583551632254586,78.33357533253727,1.9990314597774796
9089-3703,10.303554877987269,1.8386294502067415,74.59554584094099,1.030686264139735,1.3523502374810887,26.18472218175806,1.3063662348978253,4.996974312790614,76.42913240316354,0.9724645176468154
9089-3704,83.64004120422067,3.54493905893996,58.23986192002909,1.9187687599090868,2.8868636797784277,53.1187216163662,1.532608384370059,14.974320071741221,116.20625105280703,4.916005996095916
9089-6101,89.18376665557257,3.3538373859828736,61.05585925946605,1.5790072121811636,4.390430425610524,34.914844239635684,1.4718698201584521,23.426921941548432,117.64351092807725,1.6294869018508193
9089-6104,158.45058889857248,2.4942693648929706,98.87964300747905,2.449470163098956,2.7897426144200774,44.12855358115051,2.718453456607014,32.045321297798054,221.48478304996516,1.737719028369881
9089-9102,84.72097449224373,1.96907753932704,42.33641496102404,1.3662399788779072,0.8532873090765379,23.44891493590721,1.776272554669716,4.855271225436647,98.11449355583323,2.9998575736687103
9090-12702,62.62779280595688,2.9912101091846854,50.74081101805453,0.23568517547024037,0.679013997561717,26.049548716623573,1.1858765728475886,5.54361152995893,67.29816143217526,2.1307322664253903
9090-12703,88.23100879149962,2.330244839017439,74.79770490006669,1.6260335180993133,4.125667933911927,57.240898727183655,1.673208764357121,12.389521378894514,129.9302705391938,5.186690292872164
9090-12704,93.5016278145988,1.1410100646496484,48.07893318588896,1.5213800670092787,1.0074721094107943,22.0031676764684,1.4829023206262233,8.527805090655344,110.72195782819878,1.6133227150115572
9090-12705,116.95634509191923,3.6914406720805624,82.66979514344354,2.407307556666197,1.419349632661241,30.200034821021422,0.8963648486599882,30.592155079766854,173.582939038374,6.114257359316513
9090-1902,88.8106685620138,1.301209099306168,63.31044730569755,1.4570295653127672,1.5401760895494676,37.12296413787679,2.316545333744578,7.609122837012059,117.16407006343847,1.0619651152012093
9090-3702,110.63893952196999,1.7460900148912444,126.48351442708518,1.9646588590547118,3.5982092681107574,102.0087004747945,2.2311539296393024,15.744026393310103,208.977853856572,7.566343549438043
9090-3704,32.684828541284844,1.9952628612098762,120.71579874309487,1.2174458675920063,3.820969465103548,62.17379660096516,1.725328387649074,12.266097784135102,137.1469627204421,1.2400161222798318
9090-6101,38.505542065757716,1.6925124174907786,23.550839006073662,1.1779999999999995,0.8770139212266256,14.656845909345712,3.0977580315167965,7.8314313979916195,46.217367588951426,4.366901685900039
9090-6102,72.73930333284352,2.735094256931615,37.45468714595064,1.5905983073857435,1.2055280438723164,26.677486829668112,0.8542854150826877,7.495629444695237,86.73167122707028,3.7691967903916193
9090-9101,310.47805389488957,1.7481131873626923,91.40221683116167,2.3117244627715534,1.4542788853055022,47.628353951191514,2.5931140589365325,12.66522836356149,340.16115658671293,2.1936730673730804
9091-12701,209.3304664479927,3.2346094478599676,119.93616674755194,2.127907591399016,5.385784636897337,95.31762063425506,3.2965390512185273,18.834617081411857,272.81591351502755,8.542405941516465
9091-12703,107.11023901793115,1.9093042007487837,50.676125218940754,1.6848665561169787,3.4495096310144997,44.51559368319029,2.044245098936818,17.27540079896271,125.69589491519518,3.2052186022926636
9091-12704,115.01519016729439,5.2795072776906204,91.28979343273984,1.7023603207655178,6.699337998026032,59.4964028814419,1.1103465326459105,47.79470513744839,165.57677774125978,2.706005235223018
9091-6104,132.0714345104145,3.621394731003298,59.44705383141367,1.8003509019557646,2.4739930329792386,34.903976388776705,1.7976042185107133,19.21618636067268,154.28939646328095,2.050282978418144
9091-9101,33.060469454660975,3.388071466405713,49.42682797454118,0.7047484628121543,2.0632019927076186,43.42678935840663,0.0,18.29537958057859,53.053775695231124,3.140995472406488
9091-9102,202.96521369571488,6.319325093501423,121.13969567837101,2.0863524231139903,6.8104894913997835,83.54499092443092,1.8755355369538154,28.201868881689585,267.97711932404246,6.502094035133658
9092-12703,10.907620261705206,3.775300284465685,51.372941583945824,1.6358126649939964,2.976756079510072,26.858713080814173,1.678815476111097,14.384404982426082,66.6046456404321,2.591261233107943
9092-12705,345.9177648206091,1.7750647261469972,101.05093604740568,3.0661090472386863,1.9258912374770045,49.48233186856018,2.8429670811149905,27.531931801570533,388.5460510807403,8.106364140643024
9092-6102,32.74299898154082,3.5947628947806205,53.99365482700388,1.6256367562633711,2.2516832234211672,28.150940019885937,2.413276645822382,8.848806241163068,76.23219014827647,2.595220570974403
9092-9102,89.9127646480421,4.011942354647802,59.1719974451453,1.6656441510627977,6.48266612307998,34.1472853759756,2.165515904551673,23.744324104466923,117.96722944529965,2.9353207012682065
9093-12701,105.67512236785477,3.944874644480154,105.30395534149503,1.7519699123856047,7.884635734736266,103.61957391495946,1.122422466659068,47.148460034923644,174.91338131409177,6.805147967625649
9093-12702,65.37372914019922,2.3088562322049344,81.35400774510369,0.8583999905234505,0.8238542624375172,22.76116947972208,1.478131354639791,10.366454074335916,99.77486143903012,2.1827928376503754
9093-12703,20.302043952211434,2.0559125860736622,215.34942481387824,1.2215958358404748,11.705544018245265,91.36495851836183,1.2442839580298333,28.96965784687857,238.88101157346605,9.714047312997868
9093-12704,127.06169747127508,1.572514486749729,50.17876052856445,1.2058862557003196,1.1780730503592873,26.819461779718495,1.284976140796752,5.509487074071845,138.49543539217277,3.505140485399053
9093-12705,124.48723923236399,1.2503043464477561,66.7492783242517,1.3173004047111572,0.5849314979996648,26.88088621590464,1.8155615766686588,5.2739209261138225,146.17202229987933,0.7688114793298375
9093-1901,32.47886327696614,3.4328173956506425,36.64585849770836,2.0228655171874332,2.5798062323939197,32.79056787592027,1.0523220210058022,11.336171280942892,61.41189612811995,4.912243350280367
9093-3701,71.54357187237501,3.710040134925738,155.07529230529465,1.5608935871274907,6.720562247374095,87.08392574679843,1.5645678623328023,26.6251575351819,206.53181878661542,4.69346934329626
9093-3702,26.71520741363629,2.1262730287417417,58.73364882695327,1.3051843349198409,1.307201308104179,28.355894155993244,1.4850885213338152,4.753276514804579,72.2227136014197,1.1178147566259187
9093-6101,187.77707552405562,5.104746241918214,185.27525324020385,1.5904285372670497,4.795043144707502,79.60025191875857,1.8585230791109573,22.62605918332967,299.75780624221005,7.659049756750914
9093-6102,187.5965471105947,1.1774937403483354,69.33344481552075,1.9133809100902308,1.6081286725301875,44.69372129136079,1.944850444624655,12.852825053001515,210.69012482605342,1.7917631704571295
9093-6103,112.8336652851042,1.2627216114544373,51.60158856307373,1.6873252209166045,0.9502434481569816,33.99307266244412,1.531683749022771,5.462388385879476,131.241446524102,1.5995974420146672
9093-9102,56.338111180845715,1.8410381427414022,51.029340196517154,1.1359856859989406,1.2509872978433176,22.86428371228959,0.7334656228628524,11.706165918773868,78.30761254841013,1.9337809318393895
9094-12701,28.152860711809595,5.087118538673374,67.93296393014265,1.1660767326540407,7.4551825683878015,56.67545343498733,1.1324913264051388,19.245222188617028,78.57414719122836,5.416391610781972
9094-12703,100.40478081129753,2.5349817294000276,119.55166706300115,1.3133174628573328,7.520065049350469,70.40494569863476,2.0347214050792,31.217166438259262,169.85830159524548,4.955924931621219
9094-12705,25.607660734212736,4.560408222731634,53.10828311364447,1.4506051340881756,4.482492442441169,30.264409809526402,1.0328904433436759,16.560797102551312,68.89970376509088,2.7837112988073196
9094-1902,318.9239713759075,28.41534804659877,204.32958984375,1.2312832256240116,10.07810766154939,193.009476230544,1.1145134098321279,47.908310350225456,391.30459991588833,1.823992113900753
9094-6101,151.95987446386457,1.324150509719156,97.29296363898126,0.7595210893344955,4.071990458522044,95.65040241136012,0.21707379328580156,35.848935036193566,174.0154300762861,6.64897830886043
9095-12701,134.47807972322232,4.696313103397444,98.15022377466104,1.7274175802574305,6.5345371263023,48.296173701405834,3.120292714784144,44.35588489403016,186.34745286934452,4.420432937114386
9095-12702,252.3056023799479,2.2019846358826936,89.79411673400111,2.1072491485802933,2.5280425475571833,51.8817940420851,2.161398872634435,18.054451175016045,283.987379820052,3.894298241891613
9095-12703,297.0561866822369,4.226702498576187,92.5170669555664,1.622956941659727,2.8252011139703197,36.15594992239873,2.7566047894192116,15.182348629743695,319.583992330336,4.627213622812614
9095-12704,7.3387778092699625,3.3969593132527236,57.237815242656595,1.3750042343611464,4.120218239775252,28.3497797597546,1.4667577808164631,28.9991608661888,67.51741876078982,2.012832356975732
9095-12705,153.0361774858467,1.4354534645753247,41.567735187753264,2.3345079033441976,0.8135990723453432,27.683875278829845,2.121255374799818,6.217734200950844,165.69192261046194,2.5722089113118227
9095-1901,4.846151696513625,1.496083091074321,98.91557766748774,1.7896749718960878,2.144468687150928,69.22755496156739,1.1990320445530456,7.215215924659264,132.41671650899536,1.449115444083977
9095-1902,123.37309594583894,1.8557974397899062,81.04289463545004,1.9200000242624178,3.676306486617761,43.310488910913044,2.4452853215408816,10.659144925629729,166.82741514130538,5.830615544964106
9095-3701,167.80512604243873,1.1864076151341385,70.98483037605973,2.1390357715243775,1.6765893326868164,30.929802478539365,2.522941854079202,6.214687202114045,197.32418116974753,0.7952367563064857
9095-3703,59.60263923138055,3.3908999534497735,141.7380632182818,1.814095637203501,7.593710859395899,55.55284676045726,3.163996367644804,21.9885186452997,199.9926819678581,8.010838001013344
9095-3704,30.021230757828324,2.5001512182944676,146.6189887107468,1.8449734618352998,12.465658888077721,114.70770471797505,0.5324637438289401,32.524398828603246,201.40234528471203,5.630033784632253
9095-6102,204.9658589168862,1.4691319263224407,68.13308256101345,2.3377551201686773,2.159182340730667,48.586832246406885,0.27580465454407466,24.513554340475128,229.91984682651352,3.316389317251528
9095-6104,55.81832212097403,4.870364272695688,75.05651586640361,1.5825386562450428,4.097149097009181,60.46011645227969,1.3397380020123215,15.83464228856289,109.68539493463649,3.0172840228822597
9095-9101,44.134449095044296,4.1776231719105095,55.28855809677256,1.3276108583727404,1.462358124421041,29.154370717345465,1.4986293590953639,6.238456593266323,77.49918195005692,2.124027035947947
9095-9102,163.22364799890246,1.0922737014701513,59.77752137969636,2.0630444815260534,0.8812734744107655,25.070345351761226,1.800776142342726,9.201270152932008,184.4286949440013,1.7178769444443103
9181-12705,176.50935614028995,2.431279510923107,85.61637643338322,2.258299861994221,1.8981149235511021,55.64143370021661,2.5552884912664804,15.096253353421716,218.4244971597708,5.387361207679183
9181-3701,0.904067820257514,2.356123607806985,49.469866259879716,1.225851546375062,1.7697428792618324,29.381822999755503,1.3207176960005285,6.670743433398869,54.77959650776595,2.4939661343441264
9181-3703,10.732556005267705,2.0220316019618654,66.70510864257812,1.454922129769873,1.8346967314503677,32.11842460931406,0.7291356017807149,10.241803636799279,81.17245733264126,0.7389785423118569
9181-9102,122.6110521059058,4.547249829695908,65.13956518907527,1.402335172060122,5.628733094517216,44.84728377848813,1.7687878405069917,26.26280158156472,144.85788466052543,5.028175595895226
9182-12702,144.87259401596248,2.4445272258690776,70.55485140693675,1.1005519234006838,2.427846331277926,36.075175709438994,1.5201595045956608,17.512877173373493,162.6855916398849,1.9279134850511217
9182-12703,64.96807314494619,2.2782855933095685,66.34701844644245,2.367020617067256,2.542634584157216,31.3534192920622,3.147022918241472,13.786714017554015,120.9971162998323,3.830779953990858
9182-12704,36.67041529630897,7.3396693156109265,98.94777957140263,1.7181585586977426,11.552418561339403,69.249842039281,1.4441680620245658,22.758599908749478,134.7836448826734,6.97891921510554
9182-12705,54.75341248961506,7.759430696969782,75.5227966824807,1.4171030732612504,4.055378490243729,42.70232300601622,1.5464962210824535,16.45369818482026,105.26469874386767,4.694642122313677
9182-1902,73.77244072155081,2.8460583620097544,108.13264465332031,2.086757785759057,3.7075450049271326,55.36652950562603,2.3789942807175937,11.81896873461147,172.74877929411065,1.133424801886282
9182-3701,71.7332124462296,2.342187347989898,73.84055373312377,1.401428063066916,1.4241414260763237,32.03344768814463,0.4992553800789006,9.962628102070827,113.07890388519046,0.8698057184413351
9182-3703,146.0602378834021,1.18983266529546,112.05810499558979,2.456672681278369,3.3709941903616962,109.79334710920776,2.2414380205156466,14.92093976888722,228.43396938436408,5.8646366330224176
9182-6104,46.96687988147925,3.8471457772988904,86.18164909671032,2.4091019737759,2.117579347892712,63.54700089282009,2.5273625363323795,20.652703537094105,141.7707819738705,7.2894441849591
9182-9102,21.607092624872262,2.7842972678888085,76.54247441570786,1.286951433561476,3.6411887530851774,41.79618591915673,1.3206625450252525,17.664561813048046,89.48068878018559,1.4920412497608793
9183-12702,83.88180176387095,2.0308907141887564,68.30811128960745,1.5864900036980072,2.3359527678473175,34.47800851030951,1.8682312130686198,21.357469578859433,120.1612082131152,2.9624730593240858
9183-12703,110.03284954852887,2.4738078311178295,51.458501088098316,1.485144796950335,1.6424736138807616,37.52936377554117,2.0685758985414555,12.566234924084103,126.64855996081819,3.7883384231796327
9183-12704,125.40532316362497,3.7439139243978246,59.60830250020648,2.565648674750462,1.443256040378139,28.28430938111867,4.0,17.257463898937726,157.61544646997055,6.788645928184209
9183-3704,12.859429710382978,1.9607039417891037,125.63172647291108,1.6401538852419422,2.7892133270733828,48.09971587753259,1.848333977994716,14.346338859156722,161.40773245574297,3.559262988640419
9183-9101,156.4809031150159,1.611219736995891,92.2294763433189,1.6771411155676752,3.401472451300054,75.66618065019222,2.330984921169798,20.74047726023456,196.85654363979532,4.74976812120999
9184-12701,17.33019217506746,1.7231359134761695,54.364093733591154,2.0168926499885838,1.17616127391118,22.841115079039092,2.38543079301159,19.07461340622753,79.12755776192495,3.8734719600687053
9184-12705,175.64574221899267,2.3149035158576394,83.86119918058138,2.1315640838289083,2.8404399049828215,47.11291661684102,2.769706693681491,24.14467025934792,214.1076342492112,4.293860362839305
9184-3704,104.58403702748524,1.701017076654484,66.7280452087287,2.14247327329841,1.9411841135517032,63.95349890167025,1.5683173343307208,5.7364802115402975,143.099496484201,3.2967572598195503
9184-6102,170.16979217141835,2.9186754682123692,91.73886411938241,2.0353448329226698,4.910444704550094,52.9039227607131,2.7487898247061437,25.329163456589583,214.67943390002276,4.668266103354306
9184-6103,64.4938810980679,4.7281505779307285,124.44223464710403,1.8231453653417566,6.808693207869054,105.69138602719661,2.2842899354775756,35.1621464599934,179.97903318873108,5.078092551202948
9184-6104,85.33146407206266,3.964062519915844,65.30607526674815,1.691105376781497,4.689520532172565,37.952637824699224,2.3872041053647366,18.815908649075382,120.3903074281426,2.942773829675121
9184-9102,83.04108380480675,1.0828225299791117,54.38287004027169,0.621100537939631,0.6800449100581487,23.719449601927906,1.2486140492041893,6.053252655961815,93.4490465441319,2.201804268298372
9185-12701,134.84884839771382,2.780598915939219,51.40729778711511,1.03196332678416,2.0974635403480995,23.097935557668848,1.1174309670758549,8.584464300053067,144.60771760795998,2.9053054183623663
9185-1902,164.821548253087,5.076376464385038,73.35990584988798,1.3735106132664063,4.1580091317879555,40.74555270177602,1.6006258468800438,15.831184394955056,185.89763736581662,1.0066527435626558
9185-6104,72.51229890110473,1.7834532865794357,58.79321708715024,2.091793998492948,1.3286519195582356,25.055688418984033,1.1906707125119025,11.280183268739705,111.75248215516308,1.9079140768848517
9185-9102,213.74748984761658,5.6143459721419635,162.8063085086524,1.9118991458790893,10.45230305967693,78.15152824256211,1.7481182960918167,32.113433589001055,310.4264577770388,10.001909752746347
9186-12701,43.55366804229292,4.68422127649928,35.916363701371985,1.4252034173999557,5.314172869153512,38.905504401767544,1.66837452901961,16.323964770242565,61.11802752910969,3.582892724849682
9186-12703,29.702859460392492,6.186738540564687,45.27132657643509,2.1497724626498314,4.473387391060049,27.894988528266488,0.6961574789667917,9.560024803741054,72.72003503432983,3.673375092873985
9186-12705,121.02135248678606,2.006971246118116,54.69792943974181,1.3507944284595648,1.4419350203008094,28.37215515851996,1.3286228473671868,15.199888878698147,136.70245163849017,1.878698766970814
9186-3703,101.27726940957308,1.0679273296864427,64.64145039989579,1.8218873713116128,1.8601038689060265,32.99567959875124,2.1247332807994295,6.3677888718299105,133.67824375049722,2.7639045469159287
9186-6101,132.30807832618646,1.8902408704552396,67.76231537074278,2.3881116227719335,2.0235933247932887,29.609077672203263,2.6096478167408703,17.95729239738594,168.73350194347935,2.067906684912598
9186-6102,118.46929379389283,2.953297381121424,72.23094084285287,1.5381778539533704,2.379064063464752,31.250467182686858,2.61673201395262,21.045446141605176,148.52650419557997,1.9280278671372355
9186-6104,78.82919587364454,2.4950497449089846,114.717450580854,2.044163028598953,6.635601056104522,135.4266405422507,3.6647856175405984,11.091065658536792,181.97642331304576,7.719974660546838
9186-9101,170.66342233872393,1.9106797783516114,98.43512394590681,1.9774843370636446,2.718101344555022,53.028420879952684,4.0,29.04756542596337,219.7425449353367,2.8742756493396646
9186-9102,80.88035642099736,4.900046860710806,152.80852508544922,1.5940990628535046,16.937738387314955,78.27772241480622,3.0569793439907995,39.023027826337895,209.1997970519218,8.510275507254528
9187-12702,109.86517701462091,1.9175261524493001,64.60305817638425,1.3949169014820524,0.944161440070649,24.495766446975235,1.5768469207825926,13.105290196688236,133.76142831406057,1.4438489613437944
9187-12703,67.03802648882798,2.1458191293290465,56.72612325270296,1.3912632209561802,3.7836714815098724,30.24427450484223,1.0637900667323779,15.451861428566483,94.71524485179549,1.9985555576362692
9187-12704,156.47119842178478,0.8389537292703035,61.74796267831303,0.8789104887609027,0.399831844580004,26.741928653275057,1.1561804447314699,9.497757874469873,166.8363132617076,2.275411889514739
9187-12705,84.66494254474614,2.049216699459743,99.8187871302372,0.4953715175439871,2.5577715248827686,29.012478373585356,1.7061658100027075,16.59531982801051,110.01786400284251,2.982946070727243
9187-3701,16.233298560692646,1.3471057386435386,33.4220635116286,2.0197097966643205,0.9700572608069481,18.880891039578746,2.3061078004103006,7.5345101889219634,50.19566874153896,2.5602016488230337
9187-3702,1.9612644530499244,8.487770237776864,76.34142553571425,1.5908776078504951,7.406163763810347,43.066946972300144,1.4202549420995991,30.29738697811185,96.3094094075445,1.234609073325748
9187-6101,59.94642442535174,2.416392920687206,175.3909017593067,1.9207426513796135,4.577469140266807,136.69115513634173,0.0,32.95634612142743,250.35854006995893,9.415472157882846
9187-6104,77.23797323753033,2.6994607937635244,58.65231410479734,2.357209276935885,2.0448566624348863,78.3056192945509,0.8854487878805222,11.306827186899369,118.63694990159566,6.47382464590535
9187-9101,199.98772697909078,3.5330511150365704,57.665297373773576,1.339242905457271,3.571302439575086,26.966452194024672,1.4329172922513704,10.397006363163056,210.82802784355033,1.37334078559648
9188-12702,85.9485032256326,1.644583697473242,67.5776997964677,0.8594711821441949,1.2109555826117109,26.809398378510217,1.3483711976010138,12.918303859481787,106.35850397862028,1.8821794379825045
9188-12703,211.0461028343532,0.7599140161913825,54.98077728885465,1.2755898640375762,0.49042874427605276,23.805963154956295,1.8182448662400872,6.940212974299141,219.99186371119276,1.3661481076376685
9188-12704,80.14899182176119,1.730354208808499,43.730722091196604,1.5049133179680232,1.8899043267516409,25.142053236211936,1.1492601901146247,16.1603158272586,96.44594902639362,1.7267606799529207
9188-12705,29.22139737623509,1.9478579450656734,52.12789756155186,1.2694164229627125,2.1527816381312235,27.88341118617191,1.0017709626430258,18.946871082421474,65.59952579647941,4.384246197665869
9188-3704,122.30118015300397,1.3306941424598109,121.63992623501863,2.2343157513190226,9.978928475308093,134.10345188276935,2.3483847546926704,49.966190453319165,219.12809378346358,7.046371710942607
9188-6102,286.5095258719451,1.9194680823386205,79.1330372298814,1.9928115335717846,2.2141259566604026,45.469199586872804,2.875653686044433,14.611700041891007,307.5171038022007,2.6402196520629064
9188-6103,186.55579496300672,2.156213299867173,78.03094411723079,2.4573005173641955,2.733383627843253,53.44003395868327,2.94893049357777,15.473947979411568,223.0810288172137,2.677670719703369
9188-6104,111.69038663507358,1.0096701088741762,59.99165249426676,1.7819065186048633,4.4495071618177935,58.89603892162732,0.4098614489659169,16.317809890411567,137.43296955552142,6.443859117926285
9188-9101,106.35707752842967,1.786433463896863,73.47089662565989,1.7730513269394619,1.7968640052250426,38.565902724016325,1.762087366488692,9.954800599178663,144.50851363151094,1.977197148583725
9188-9102,101.62456840335659,2.610351084841518,78.94325228121295,1.160450397820707,2.8503495498426843,36.919678997318925,1.2727803319606141,20.287787305815304,132.51234966123386,0.650515012967782
9189-12704,33.66800687182521,1.4417456850355344,80.23297878563022,1.9015407250448244,1.5673548606297225,37.64238197959388,2.2392077681339817,14.519123503341977,115.64766112977195,0.5937645563686097
9189-12705,32.443281667219516,0.7826783613548907,48.77996759201291,2.6948266489305617,0.37595407631471717,17.596041052285685,1.5308166410241686,6.369685189766912,86.3994603929129,2.4081824679947093
9189-3704,34.59461936274967,12.708849478674104,88.4354327220477,1.9080864203746315,2.2888715501957875,54.54663557131134,1.0892634668858183,10.242096048725159,126.96298326295604,1.8672538896131856
9189-6104,81.92036989610942,2.85169795272866,55.13797806616951,1.0472208192588226,1.8626935976194883,46.88101236328416,2.103933416365968,8.117837149783812,99.47212777704028,5.455885018368245
9189-9101,29.228412984202556,1.8204324056354149,59.56243100095331,1.8849259170880632,1.6655894736533643,32.68668297885421,1.9161334305273074,12.24913554267177,86.84135023066582,1.995163335677057
9190-12701,27.67434200971337,2.5096525857307475,65.12472617934783,1.126777040335471,1.5366387160273498,24.123083643920424,0.5718825411214432,11.450205152290147,74.46334499140036,2.1463706181574844
9190-12703,50.5899601639031,2.0811360139524546,48.06422033569873,1.9677892440917688,1.8818212697686265,25.873834727735964,1.6852855322432028,20.295307933274035,84.29276554765033,1.5579855451653914
9190-12704,92.96908112403094,1.9345553924096064,64.64042613864751,0.0,1.2419363250751707,22.142099857747944,1.1912903926101612,8.822593581173631,92.96908112403094,4.436359665973442
9190-12705,,,,1.7990960007921113,5.883928597242573,40.75097267550394,1.5722821235562847,12.576670765378248,,3.652461948792266
9190-1901,1.2712399944568276,1.7381698839174646,64.50127712641721,0.8762166581347441,1.9644164225075265,40.46424038591907,1.980815040140575,6.1715342427735695,60.39073406281512,2.256560342486244
9190-3702,46.88355092709187,5.99887930249531,107.50649655074088,1.1494810486892622,4.4222993003552356,60.81799914064091,1.8684692424501486,14.959230883423597,124.43216349595318,2.5200591839367616
9190-3704,34.57037119358907,2.430092190956985,43.84393092527376,0.1612597107419662,1.5906311230616108,28.719129207022625,1.1999283229202282,3.209838231083276,38.79559947742746,2.6577500177811415
9190-9101,127.11373245114866,3.2452327067126214,87.0401017579028,2.306850753681885,2.3796076379847633,55.9407271237187,3.4005271752661397,11.340390795721811,183.3972588892801,4.211456305412771
9190-9102,53.19512679492165,1.4535509669612245,59.68648424506925,1.2317364653188687,2.0036899756598174,31.968894162897126,0.7777072382116523,15.040169394002618,84.95736345566955,4.550213971790267
9191-12702,66.92776728135927,0.8075838078918111,64.58195995184636,1.9663318288157567,0.681920021696363,27.71729760059661,1.957111106469771,7.553662368798266,112.60799675156609,1.2559736302008426
9191-12703,185.55266759601545,1.1146242262154882,50.876171760130866,1.4914837167190556,1.315964570050237,25.567160342337566,1.533407079140539,16.679622767167796,195.67914123073757,1.630404059119726
9191-3701,,,,1.178,,,1.178,,,0.9408738564400929
9191-6101,9.719766343305556,1.693291132667979,89.96683197546213,2.5314178503431006,1.813213708748295,68.0032413501296,2.844956604101123,7.053116738022797,143.47072191606864,4.37182648522
9191-6102,62.93278124569093,2.5372919926736004,85.49708476835252,2.0476909050337664,3.495941301837309,51.584213188026894,3.0932545988798257,13.752067292120916,137.58141817805193,2.7927253586864973
9191-9101,24.140353427448808,4.560339397122316,114.11933025709995,2.195708166606269,4.168211767884534,69.88706919355934,3.0046863266426973,18.854969381036504,170.81554540156435,6.01545751624052
9192-12701,73.02864191151286,2.9163865346315125,51.43724477716495,2.3274571044055152,3.2129871600555515,35.3933648455166,1.8105313794368305,30.461040420777056,107.19676124511724,2.9313478683499303
9192-12703,159.35911016993074,1.0087923527044005,49.944546125975926,1.7225000395577341,0.8874482402489511,23.663982000859434,2.0237761413368816,9.829752087928563,172.31375296226847,2.6039497069466737
9192-1901,48.495053917371365,2.852376112768421,69.15543621068585,1.3676167379749793,2.415549860760178,55.45935178313661,1.8947626770155805,9.65386627927397,94.29932255689084,2.8096779604042967
9192-1902,68.74150936766118,1.903032152916214,76.3673766955143,1.2446855986048573,1.7764501539432036,39.300896471853804,1.7669381735350358,5.404394764873595,109.47315619255544,0.5772125298145087
9192-6101,82.98089743939472,1.241422309099372,47.49517889935709,1.0776724388442267,0.9792655861289247,35.1715240763585,1.4269166859854683,9.509715000822307,96.52374954458436,1.4539038791989418
9192-6102,18.838174226633818,6.269409881791751,108.68022317484755,1.0418900981598824,7.3051057364505985,46.61715856258027,1.3705847185520874,36.34079062151828,112.52132261098096,3.599307976396701
9192-6104,99.35018430560972,1.460117412180201,57.613766083439344,1.0216449780565025,1.3896284048683647,22.113917443343418,1.3107182408262594,12.420606065593802,115.1592477229848,1.1896248558865006
9192-9102,228.4272688199603,1.7328645853672129,105.23677677606948,1.6648085162606505,1.69785684175525,54.40596049671877,2.3490747963173684,20.532815854147632,265.73747166228827,5.872631542209454
9193-12703,45.92539247237149,1.4411441637309264,38.99613716054857,0.6407519444069698,0.9342157678718768,30.828212245256974,1.3630346413812593,3.8618076252902296,55.52956267825256,4.586279947680943
9193-12705,95.42314006147127,3.884918925033172,160.09430818834124,1.5064610712473212,31.93047971609216,106.41396770010356,1.2778637135900257,43.191921496277644,218.44096547639288,9.84648145766224
9193-3701,9.64540772901289,1.917333654875489,51.97372631344637,1.0109877282421806,1.0463788787862183,22.070790249881384,1.3545503084138832,6.2123949420126365,53.14116030301181,1.8678664117938626
9193-6104,31.463444990206487,3.839925713165398,38.28783582136039,0.5079260127839393,1.0920289085319783,30.136232504182345,1.2984072378454077,4.7002279353273595,41.6478902393596,2.8335080454176946
9193-9101,155.44941148652202,1.3084481300899085,74.99561539201493,1.9696597134292193,0.764634372528792,30.758340187997042,3.532130483782894,10.943616146473355,187.73001898885428,4.945837817895368
9193-9102,11.867766031899196,3.4928316398424477,44.12101057766863,0.7487447001956253,2.3083642993881317,36.486374302876015,1.0907946370345702,14.80058799716147,39.97996879663414,3.114405365662778
9194-12703,107.26724617026443,2.1344273329759167,52.33396358917176,2.1815905793691317,1.4035879514660428,27.351892650657717,2.015435672234018,18.159422985681296,132.21685903584728,2.209874031808657
9194-12704,114.53508472466186,2.49024050659137,62.25715550017627,1.3335377628766012,1.0150537176181706,22.20044912814528,1.641930617077715,6.185105043900485,135.22949335691717,2.9591913215604198
9194-12705,94.43631719738839,1.9500315873593264,54.01015162539545,1.617353675426521,1.0642951249036998,34.82693120338019,0.48486991413773917,27.3421520451236,116.77411835265691,3.746168693994806
9194-6102,64.63068633124531,7.9039032582827025,117.2931138111669,1.0878880624944838,13.852657533076584,134.46017686368066,1.294061936343464,29.11295861911579,138.36161145194257,9.066464460779727
9194-6103,123.39583576200725,1.5515754071287078,135.4618037283519,1.7141194361910843,5.13466507402259,202.47982907838173,2.412527670216918,18.350516846689505,216.05659672235296,6.866872721323215
9194-6104,105.66082814912758,1.9675866069211183,59.54357109201282,1.2181404195187937,0.9853610645060501,28.23106427582447,1.9268623713958557,6.054955593111315,124.43090672021783,2.9862734913572155
9195-12702,267.34926519943775,4.981898029082883,98.62702654067292,2.2756232173322015,6.274867087262037,48.39560426395977,2.849910689500834,40.62801136525236,305.9596009235678,4.533662972867984
9195-12704,20.126838452459452,1.3822619955776956,87.19075534456648,0.5604254249616316,0.7005864324234953,14.710596372674246,1.4356022399069976,19.562158039786915,68.30498796867171,4.066787323808438
9195-12705,93.20827118952297,1.6689300308371917,71.06291925841651,1.3195413034767345,4.074434882049776,45.446651923975764,1.668291528574112,13.793450848975988,123.90070314718649,2.971438902616858
9195-3702,101.09398866484835,3.823408751857822,150.84789124458325,1.7720553730418964,8.089907212227997,114.50402506979248,1.0302183815862445,36.87430296605841,224.8182987961625,7.760971734617808
9195-3703,41.62390656960409,0.8936978869082695,58.826172232914885,2.26878844302467,0.8885464902273719,39.634303158639455,2.693980729190378,4.8793036625483985,97.89654778172238,1.0658575669096761
9195-3704,81.77457478433067,1.7927063971738717,90.34066397273384,0.9076013443456739,0.8405311657983466,26.321729348188207,2.512418850625344,4.573334464779761,118.71988449113785,0.7776974600841924
9195-6104,151.26010456148978,1.1721948219793905,69.35966743433714,1.7785825996331406,1.2695167592288792,36.891622074229176,2.1355603748203538,7.917923728261661,177.3018878201856,0.7716522973682078
9196-12701,97.56894769808598,1.1204313742753704,56.00685373213927,2.7188110431398647,0.9032030687112994,24.840310024295743,3.6088856155254234,14.188443988225973,134.34276356471582,4.486553271765356
9196-12703,79.6104751880941,4.058774342964082,102.61298864619452,2.3304279158639227,4.587207889327881,64.22989559313726,3.0231351195515552,25.913188746377863,175.71537992021038,5.916742765188106
9196-12704,101.55914628992488,7.228028444610585,91.5352708084677,1.91926708857955,6.357227572418864,51.186218684679424,1.8184920139373877,24.169453706697016,162.46610257456223,4.487147386125951
9196-1901,104.6204084064562,1.8751793802386962,150.25526534875186,1.4216837847727506,6.2121854400613365,123.918035846372,2.584421535578444,15.91324445861879,207.46633373186765,8.851537561748632
9196-1902,58.07543735801023,1.2867911176661853,62.309710930069784,1.746766171465715,1.9814704544945596,56.51307615561289,1.4618780699782716,6.646265696346504,100.76991722793032,2.466799916493008
9196-3702,191.89832886339192,3.1879192477145653,139.257226324873,2.023545643187792,4.272972953572162,67.38162936366282,2.54523757036026,16.073122422972343,275.8019750497982,3.6738690591705616
9196-3703,222.2319128486267,2.6931598648195987,101.39330714628794,2.4326564187565225,1.8229258576388985,55.13659171783102,3.461509650253314,13.03945665692097,272.7566631964472,4.944403714535746
9196-6101,124.91286735860602,4.471734060242868,129.00785485397626,2.1311193925067977,4.788710341610897,59.52620770308903,2.818897006916857,18.03610087333258,225.9900466810503,4.572976401613909
9196-6103,140.26823741760063,1.7794056064413009,58.0171095530692,1.744365269357783,1.9566214677806808,30.04182918508114,1.9324406204836322,15.221200088583586,159.8333061691995,1.6791398341550847
9196-9101,88.98300575585871,2.9375086273219813,55.52665816846978,1.4971849954392698,4.668657476203408,34.369499398848674,1.4538495855501652,31.615943201171262,111.95584270071626,2.5175740853056134
9196-9102,191.60178422194872,2.0586458544844466,108.95804021813831,1.6718145571986165,2.6669621777754817,53.83034315694903,2.9295946193702456,11.76963894784516,237.8209051748512,6.828458193479958
9484-12701,35.20560208117592,1.9076672208173808,33.23545419468467,0.5372097305638244,1.565162102984224,29.809352876055115,1.785830482088532,10.269329227126637,42.81160851282493,3.136555397230234
9484-12703,101.6853130477061,0.7194281317045408,42.036394226863095,2.129354145001453,0.4042761172244285,22.169437916500716,2.7457713217443533,8.272912862538032,118.75435193046216,3.4036395263652675
9484-12704,183.78994646698882,1.8419858458159086,79.33182498814807,1.924636699889894,2.397173092100753,44.81960665885678,1.8373501469029465,14.17370683467649,214.22306016586697,3.059841302376836
9484-3701,65.39954542400831,1.6011909535236037,50.25499447218913,1.713156955109096,0.550600802080201,0.0,1.178,8.781509793245943,92.75661096652648,5.0987238580347
9484-3702,127.0828073002937,2.846598135582163,58.774465715442155,2.569540341163748,2.469762541727507,31.105310800056266,2.7801433211374835,16.002423608890204,158.1972099823634,4.632341713704481
9484-6102,97.85584842125716,1.9200406452692853,56.33298125359828,1.5437050626659357,1.4332673736565669,20.342779709477867,1.5111390764945223,8.143871063500672,120.31029918615044,1.4925113292346182
9484-6103,123.942301508134,0.9852034562470614,50.97351965742992,1.553937236157723,0.6078526607303076,26.97392980394376,1.9326930976514363,4.961984437374541,139.28132957219435,0.9270936728745507
9484-9101,99.1305613076876,2.3857019347327073,73.76379625248723,1.8468863207822381,2.5545216701835427,30.3143044114269,2.5309630868529602,17.943407349030668,140.98211582346676,1.431954838686525
9484-9102,3.1220735771037478,2.0212408655768157,54.52765546514027,1.070597554253031,1.068460255211698,21.69220435777316,1.1979808794735918,8.010122629236125,56.50590947816505,2.0797039349480375
9485-12701,126.91951708620854,2.008263277472657,126.64333755936916,1.6796305463423185,8.551427988114868,80.89473963861059,4.0,34.926148148663195,207.47861825964657,8.561455247146286
9485-12703,12.704190259328879,2.207869639514034,52.781184874725966,1.7409815353447033,2.281146790398465,23.096366005799002,1.6668766142650382,17.584753620383268,70.79206109017488,1.8931851360601901
9485-12705,82.66648494132235,3.3048767582385725,88.31224765572995,1.8054538660328259,3.068659691211283,42.61486031980716,2.495562040574506,24.551587434571815,144.61873418779606,1.695182069571713
9485-3701,,,,1.178,3.221594080814852,69.41162432446626,1.4147430345603733,9.871276821035268,,5.32226541722559
9485-3702,5.603490055498956,3.02353756541433,105.57333597650731,0.9792887147828877,3.1538640256272563,60.13770303103406,1.3532643496025516,12.07610622837517,104.62449996135358,3.2326329782109475
9485-3703,12.12806241080323,2.139569408348108,71.06145585180838,1.1355885974156683,2.837675814454781,48.34752728453246,2.2537788892698982,7.568118468085256,76.69097914680479,3.799945731193099
9485-6101,126.24571518085855,6.290998732907048,196.7527618971444,1.2921230025122983,12.66797083871012,71.5739256930781,2.2270650376441203,47.61566595149722,256.8232722039317,6.403490157581757
9485-6104,99.90909859062621,1.5003285621212819,70.50854302984787,2.3411509590163933,2.2914129523897744,36.09437855473375,2.323272609981357,8.549772261000879,147.03997340785688,3.5388391998197632
9485-9102,35.364637170026654,1.7687307953358737,54.06459866785747,2.079682969181137,0.8098849958363523,4.963489331949043,1.047232943891163,7.720168221693276,85.61268020406887,3.00804273419191
9486-12701,,,,1.178,,,1.178,18.160491396721437,,4.225717798320256
9486-12702,160.7967649388918,0.8817248044842715,54.6853188118294,0.8799626241684191,0.5569733940680694,25.01741886553093,2.669319114995565,8.665335255322915,168.78126034992349,2.0576969175599173
9486-12704,38.677849853025165,3.497689519920262,48.83966759128913,1.4965070605048874,1.5769753953384937,31.140614229933444,0.9992417414715493,9.482900272355186,71.17312702455263,2.258779575244919
9486-3702,75.78903099787193,2.0607210724312517,53.026823976918514,1.2890044456415215,1.2001296942400415,23.245227013232128,1.3940918335484114,7.120225757748512,96.790788377707,1.8302624558283307
9486-3703,27.746174983546954,2.643825145477387,59.61102379230997,1.7377817374761015,1.1268802603440824,47.0406206457306,0.8819344022591196,4.844280325850023,83.33674292790315,4.003181673360832
9486-3704,52.388322098109306,1.5588419174432746,28.954926415555263,1.5891668544580284,2.6981807804821067,30.4934681326732,2.4152193206649066,6.928847654509445,63.850405931039326,5.961666752222046
9486-6102,110.03956120990414,2.508381641091302,108.31020739902783,2.334317455345306,3.4584208980685895,76.1453601947501,2.8875772959823136,13.525353629438618,198.72800237660115,7.757346182598431
9486-9101,31.481604681089273,1.9061697034943506,184.82411141317687,1.4373851932489896,10.764735889850066,88.48160552557879,1.8280653235293314,33.81345526049794,223.81264680464434,7.804872647247484
9487-12701,147.51451133935086,1.1003311807422183,57.81003552058474,0.4483987368066876,0.48165108584452626,17.068802532048174,1.7050621522006706,5.6024735492727595,152.50927751079672,1.927129473451538
9487-12703,138.4679114598842,1.5291800770997315,63.74366183298169,1.798773488840121,2.031260686323481,36.66630828233825,1.9064630303379935,9.385955561842296,162.73363770328973,2.1696774099639478
9487-12704,15.43272641569017,1.1748171475246048,44.40700554077991,0.6477762779921958,0.5272310297397074,19.721686524977102,2.6084893699866036,8.307870313868154,38.93035186393311,2.061594001254058
9487-3702,58.53127182119424,1.3333076934206167,98.91272569024082,2.253288115851002,2.07527473575387,100.46497450394311,3.7208667578554175,8.382430555047488,159.59782655991532,4.918547484217995
9487-3703,103.61216567434323,3.2259730625975527,90.12341154969903,1.949008999962511,4.444693351261859,61.41093813049034,1.165721793038116,16.322297925743776,162.9901190238921,3.2599946207425226
9487-3704,71.1324355358666,1.9797460385271366,56.73279948504011,0.9711623003629715,0.8775567795242213,29.148316127948817,1.3319118396101448,5.034071982825249,90.47439747656564,0.8452692486085618
9487-6102,73.87600292062378,2.0158504253353167,50.56566029692213,1.3339197085105334,0.9012086837409781,17.122395926261998,0.0,8.383283796813869,94.17188772148718,2.023991655775709
9487-6104,49.96110823017348,2.9235046097809616,33.09830938753502,0.9320758646219347,1.9629943490569715,30.871704032421476,1.227064327793011,14.751687841647534,59.30598333823334,1.2501587979681879
9487-9101,250.4443619807363,1.6430669927368662,79.68679014626494,2.6086634430619586,1.5175294578310565,31.234051775886503,3.4452611340003982,11.986457877404575,281.58009684497074,6.073462879113275
9487-9102,43.415483869701,1.3377881369169644,72.67363763885362,2.1715701440757904,2.7376278619221344,82.96348321031132,3.2452689055432726,19.796069665072405,115.55933496539369,3.0886204642590798
9488-12701,137.93675464158213,1.390221293681943,78.47427476213413,1.4083345489475496,1.116312654419474,34.30230894010755,1.4743361462320195,10.08292357876922,166.43127926547928,2.0540315328141907
9488-12702,71.85709569607707,1.4886090814608641,53.11142178598883,1.2234009277357294,1.0504022850797,31.822985713227663,0.9265300172838684,17.10850333649528,92.81400664184933,3.7112503925135982
9488-12704,21.743415750592153,7.00847800416788,49.94466817216966,0.4439086056716057,4.064402805644575,27.44528495161999,1.472147331456193,10.47381069509656,39.750380807025195,3.784201077411153
9488-12705,71.93991686596098,1.2946463376461572,53.09865244749925,1.3642191575981213,0.7916942344209539,22.936471905052755,1.4531478592483622,8.539418818796934,94.98274783668425,4.079177292354538
9488-3702,131.1597605445585,1.8522933568089701,71.98403322402682,1.4890086480191524,3.473137953410915,66.83565353412814,1.8178852110174804,16.271481757443965,157.8558850500078,5.05321986694854
9488-3703,56.22927413775203,2.12936509198918,49.24187566963634,1.1193223358207773,1.7533665190296124,35.289009996815125,1.3817630809726913,7.792796061992672,76.65390983694853,3.005866432320408
9488-6103,9.649817817810915,2.373886917278226,48.983432572385574,0.5810821033314038,4.135503062909854,30.90227134491095,1.874390550180193,18.26971146038436,38.56622646842351,3.5446406254402905
9488-9101,17.24375949080825,2.531108031110476,50.032706541533436,0.5885214543428179,1.551739241823446,24.347599994443954,1.1045267404180468,7.898835619531583,42.07821713101415,3.3710947944745095
9488-9102,46.58839801709221,1.737137123473612,43.16707567615456,2.4973827248441305,0.7682340033671847,23.10559968288894,2.1428191140502353,5.999187016948391,82.60806779433939,1.3226182213152988
9489-12703,102.48086714229673,2.633108362069825,35.58448199929172,2.0873317879968862,1.2359236352199676,28.394034515326645,1.3352580461193506,12.707417641272606,114.65349184882598,2.376562222841863
9489-12704,35.676206890668304,4.283423977825435,54.55458964144944,1.1413051733803725,3.594645810763813,23.740697243932097,1.8507175688888244,14.864738221070933,68.33409036083671,1.8212543407105313
9489-12705,74.51345699848201,1.4089358127521048,63.31210469028774,0.82384261758698,1.4627975783821718,35.327629211668956,0.6096453337230607,16.324323845375442,94.09869627843993,2.97307990269409
9489-3701,,,,1.178,,,1.178,13.736624856088909,,9.037997534301116
9489-6102,107.89696352497995,1.8551318796283003,69.36760167169854,1.7721842978541988,3.4890755731416303,55.91740534084923,2.4662467383932407,13.508610578019347,142.01853698955497,4.347633301753978
9489-6104,134.5162520044097,1.1944598997698472,64.52232625081714,2.0802270861388683,1.001797461362616,34.897948083337,2.7080735954829205,7.353072469891482,163.56918737642212,1.9656893667018693
9489-9102,31.011724828319192,1.8640629378384932,31.65718868819428,1.2352462468375844,,,1.178,16.622935044991415,46.900567059539206,5.06612857049471
9490-12703,32.436614325879006,3.6909767360113612,46.54335048966419,1.6505890470797668,1.9811172026946802,33.53709641167283,1.1998354296567078,10.20861234132759,68.0277717208696,2.5099774549555605
9490-12704,77.90501216271274,3.332735081345435,91.59266456221373,0.0,1.4137866554386533,18.81130011736535,1.8581289985343163,9.439833325627758,77.90501216271274,4.7454944025477435
9490-12705,102.39389683465508,1.4485569588023213,116.60277785654273,1.7167497605239728,,73.38064907907304,3.5795352824257245,18.78192791247156,183.91790723119016,8.258183294440308
9490-3701,30.291519886554447,1.5013169393951367,78.72251268127872,1.9230023072751457,3.438698420858295,57.967867321727624,2.3822506882236247,10.069010078682176,113.29109172061995,4.988597368843413
9490-3702,42.425604528782735,2.8601112947634855,47.62224287244448,0.7778295111811653,1.1617157660342623,37.88957343621466,1.1450858292806414,6.745550532042243,59.69886404609096,3.4016168994312013
9490-3704,34.126020134194974,2.3787805184836603,59.31720741742276,0.9567301267373094,0.7062591940385151,51.68352237383701,0.7267586053043287,2.6227068829417344,67.31173709996544,5.489963420836996
9490-6101,192.40964304129628,1.0666422138068292,67.30013447926234,2.0626141677506054,0.7157735139348967,33.66855373214118,2.3833381372673355,7.935377017990501,215.32228355272068,1.6999861711907969
9490-6102,161.9357893741133,2.3317416785647906,64.36209570967131,2.3310291558666103,2.833969287824917,34.4821838121874,2.8172500531382427,19.708274679985852,189.41868982654637,2.4041451429919887
9490-6104,32.67010541853651,2.03830680677461,54.51894025984208,1.4433487370984226,0.41303965892855626,25.631760558685436,0.9604367808094805,4.581713222324912,73.19441692380498,2.815167713837452
9491-12701,170.26559835316695,3.0032602659106833,126.2020670804531,1.5897139429944596,8.274375847558748,75.26786287853005,1.4161978172403633,44.74868442381239,233.04438873921313,6.204535164831993
9491-12703,124.86248288142113,2.5194807807503445,68.52222861367889,1.0059158764198357,2.340197844145158,46.14684469216562,1.2934989318645078,16.24152111305734,142.52618087667173,2.9746436093187008
9491-12704,72.86924590755265,1.2083572612334608,56.84509013929352,2.061442677240403,0.7485899120528319,29.73377703050941,2.237184714721656,4.054369733789073,109.41297554263335,2.6182606723791575
9491-1902,256.03106083560886,3.534162938991342,141.31986662845432,2.123629484687604,3.0014563918975425,76.16793627069768,0.8183507333754887,15.486215145432627,328.57808148057563,2.654926838325621
9491-3702,36.46365868871116,2.270084491845176,48.9158912921734,0.8452903049611855,1.1409302538248576,30.152991490641263,2.0669386867430433,3.1445336606968435,57.89800490531765,2.0406232164326203
9491-3703,224.2604909360198,2.29431851241592,150.37564345028278,2.3836184643362244,4.955583663259605,144.1975069513217,1.073985318019885,22.974366902498993,322.78961691680604,8.047552993706834
9491-3704,265.7080002379376,2.3209948710113966,165.72683066188813,1.9356557688673592,11.282862695359679,131.69601928438064,1.9757401627565185,31.369956768163725,351.8014600304279,10.339632973287678
9491-6101,174.44593207050977,2.2150853339975245,83.55551591661455,1.5368049915515871,2.7494258690953655,50.33081376015012,1.7705402518487086,14.772139903897846,202.88081357476887,0.4942660756067075
9491-9101,77.81727641196198,3.076391976759757,53.557348508436505,1.4050173996707953,2.903297198518141,31.7141073444445,1.78691001550669,11.350948449062125,100.42741546043159,2.683403148649674
9492-12701,53.64945126569366,2.4396107240996634,69.56275152432596,0.8551294585906328,1.7695866983827027,32.88566012744234,1.5269207680905161,17.88145008469278,83.76284910306516,0.9719298524448549
9492-12702,305.7039745570146,4.045288408765111,126.87916609945289,1.7984387713302246,4.357866756896635,49.6305837303273,2.631761014340491,25.386906484823886,349.86678596152456,5.5418527675355325
9492-12703,115.55192308224137,1.9160220278074909,66.07588500552195,1.4054178474648162,1.321747698656388,29.21761859223114,1.6136900989852307,11.220496441665516,139.60061956644304,2.5395508375228912
9492-12704,244.20722487496315,1.3361754982949727,61.63931515534067,1.843536932702996,1.4097445276779246,27.396997786012378,2.42846790488021,14.75619627746072,258.15017420006944,2.713086346740075
9492-12705,247.15409553710222,2.295819205680617,72.76855426052649,1.9958983513454767,2.788771509602719,35.11867220428418,2.4523001877301125,23.22131267704056,267.68255941101836,2.3858519262343165
9492-6101,84.45349508666133,0.8739807693463538,46.59182667418821,2.059855691384881,0.583966902178923,22.849994932081863,2.4252713093050953,5.082974399658278,107.72151174161988,2.7230065801423406
9492-6102,92.7207605632481,2.5244516042549496,80.73546363033883,1.6395554150782452,2.3268310955759977,32.08286864250512,2.705108078784108,7.567869195995944,138.86725417806724,3.4740117522740603
9492-6103,114.59386306253761,2.10378086580912,47.94651534890071,2.0972903949070254,1.0249190044049186,30.189540628074624,2.6010770854554326,3.694091790841256,133.98935751717164,2.78899475679957
9493-12701,93.67779340045047,1.3517546999198256,42.431081404754124,1.2339960643813181,1.2085397543114769,23.626156601663055,1.0029412778802258,11.591291996891332,104.867589752349,3.111777168512842
9493-12704,103.93140972662272,1.9853982864352562,40.41039434487544,1.327765615777636,0.8616550595830418,22.365453188456033,1.387283055605422,3.8353312258230168,113.88581623699528,2.046800047776202
9493-3702,48.24444330276872,1.4676979808422126,30.211476720485024,0.8784859850115101,0.8005244668400466,26.69486896863564,1.0915503173172918,3.509128868656022,55.94059120366072,2.572851113051339
9493-6101,175.4072852117903,5.174632350710562,91.21351210892746,1.6715964332545536,3.7359190831581333,48.14822611586283,2.0097302004415702,22.97805942158728,211.36517896624724,2.2895736534089575
9493-6102,209.58083546557324,5.019823491477501,114.90236386066383,1.992081220187048,3.843558380817852,53.886854178350646,1.8923310740377026,17.32762333517879,264.9994055164283,4.153108503976172
9493-6103,106.51994423517756,0.8123852492923257,55.68264434368936,1.347397177361414,1.0368748009577797,32.853312341427156,0.4244048042758818,9.226315110957811,124.59606779395489,2.906420078524915
9493-6104,31.890731341278617,6.367320133125982,71.58056850713238,1.410309614249679,2.6919799993683515,49.89292200535503,1.2292778650699907,11.37245052236268,90.79169466917625,3.047825933334307
9493-9101,78.88331302940928,4.099540342689024,115.18157651050862,0.7537798066505272,3.989991913397277,38.46676496967814,1.7195078557396828,13.655292385163387,127.36883320576271,4.973751887959944
9493-9102,162.8944757474563,1.6503595344730493,57.51860176770542,1.7034130265538794,1.722531460995113,31.217520520221328,1.8098216348414935,7.083722619202687,179.36043065361773,1.1518314242595389
9494-12704,81.28498769551241,6.900719184508586,62.1679802551589,0.9691170128019571,5.95647347942558,43.38579747510761,1.096345826257301,26.5464342027596,101.74845768198635,1.5360684885804754
9494-12705,41.157154221003296,2.0433078906987467,50.004789056664805,1.6805817310006206,1.950593820120971,23.496974059824858,1.0863218280343627,12.85238115857202,76.78652583449268,5.066501828714792
9494-1901,88.37919922104992,1.7797594384220297,79.49611753329712,1.8423623172052666,12.472496337179896,103.86686465259861,0.4996333240896891,51.30589413624059,139.47736735863532,4.519566945299852
9494-3704,8.001222264964191,1.711884346505207,106.57462408488703,2.0710729660352984,1.4899886099587467,69.36845421821772,1.7982169479001322,5.289038286479629,153.58247946960236,3.369581761056888
9494-9102,59.951095745179906,1.0327865373633758,63.28375854801847,1.356474724383392,0.9002994467846288,24.820648106438114,1.8992023544153964,6.831292870674036,95.00836861861995,0.7021217212594205
9495-12705,26.189323449476,4.964558340363871,57.397316750970425,1.2211347218347592,7.142848771067468,27.800272556712283,2.338284125698011,13.093568028286441,68.62106347895768,4.092173560614663
9495-3701,52.059640326117915,1.262004971045047,44.48497998489712,1.2601509141764877,3.245474169594498,6.181560330122134,4.0,7.833241325884767,72.13830977186105,4.673153634350116
9495-3703,147.02456963452525,2.4744182826687977,80.84556157402841,2.0135664634678294,4.4767836169500335,75.33887382999168,1.3637357074005536,11.476377790595613,186.48566754407125,6.955624201610245
9495-6101,51.508655161406516,0.9449054691977267,36.32508265278772,2.7723753995346287,3.240357180355451,56.528489703594396,0.0,14.409366908682461,79.44383637643101,6.141060670637555
9495-6102,101.13724418402239,1.6662069898252012,48.131773356265214,1.4958955832131717,1.4510778759620628,22.91005608358512,1.967091375933994,9.800751220392412,117.02236966218727,1.7976078148294303
9495-6103,30.33598474189468,3.1184733019526774,69.0117506763321,0.9538598546638826,3.0279976316263313,32.575260529628295,1.694956896133716,11.188900395265398,73.91309520514197,2.8402019828615788
9496-12701,117.35996092039154,2.5924526238928283,58.03020676118915,1.2656579186859453,2.537437931354843,25.78919645833906,2.0804032994006683,18.56701217116956,134.29620123449718,1.9563772906061365
9496-12702,70.37065378906728,4.97618684221688,92.4378214755876,0.6622209969518811,5.23212530295985,45.83652750709344,1.4399020333294326,18.2358804799521,103.00748678668862,3.7490372826950082
9496-12703,196.06285568725426,6.447408708473881,111.70126308886955,1.5711200496420976,5.340745126684892,55.183149947522786,1.153102409533242,22.897135260845566,240.9227651099819,3.685015136732711
9496-12705,21.98809407392887,1.6103222941334583,38.988049367286166,1.7359036819770708,1.0961347690788308,24.77627781659702,0.9302543218693105,8.567199199958857,55.8763626922599,1.9833663897193328
9496-3701,34.84310218816097,2.4272880780155828,122.75295993799153,1.1526785982978245,4.031877256345426,50.01626705973659,1.6634270634149018,19.22404509645081,136.31924373834704,1.5504977042656947
9496-3703,48.58140446962642,2.13765593289909,52.67345369845977,0.9842233880434987,1.4602452182208305,41.7341034279341,0.8297932331257365,4.616885353311085,71.35035731987806,3.0244917818788615
9496-6102,41.144010098809154,2.0591280761423083,54.46481019253979,1.275861374453954,0.93062847813317,20.100072140010006,1.057578692236629,9.69498673129012,74.01057077846626,2.0493807871616565
9496-6104,36.870006996559376,2.6781281428730495,51.66983457621688,1.050403394755763,1.1929477293712105,31.687895049514324,0.4867089984513494,12.608529114601343,64.52700816915278,1.757564143820553
9496-9101,82.39356502550477,7.744380437650194,80.78365903977624,2.143788469575202,6.233619745241714,44.21357823557115,2.1611579646846737,46.39833701462426,144.14944392411647,2.237523088716993
9496-9102,184.79799438823022,1.8286000902734165,68.07859722725414,2.4135622499053424,2.7561595611821144,41.59908983021946,3.466025159569293,19.240778982542157,212.92351816603494,2.6524564527539685
9497-12701,36.099345038752496,5.655912401770941,91.45320438002378,1.6727304137479257,7.321055378978343,51.46932422318557,1.467502677509331,40.07745225242321,123.66632116358686,3.096414572671307
9497-12703,223.59062442450798,0.8243767432009113,51.14762954977229,2.0472790958977254,0.8377034584165258,25.926263189283365,2.1780977803720583,10.489781443917046,235.26285989348963,3.3674879685112566
9497-3703,62.80255081238194,4.7549369458227,102.11132178949798,1.8910291807050745,4.092698918251619,73.16617023399121,1.9449375243965439,16.852629546410668,153.82261218930418,2.066773482146008
9497-9101,41.372169485607245,1.8225088304127888,58.698523611334736,2.0510116779312133,2.226731721126381,31.213848968150764,1.138831565135191,7.2805217176663595,93.693390071739,5.830406058248384
9497-9102,205.54882346337922,7.704898749986898,141.21779653331188,1.682894286630202,7.0531182605188505,68.57031255694383,2.2567400649177793,23.84710610152715,275.3386660406411,4.142596843997746
9498-12701,94.89651244826574,1.2155501051765212,46.547803193355655,1.2082796319034022,0.7084602415745828,24.76199453421793,1.2992879735987255,8.403670722308345,107.81152589187558,1.4401418874231993
9498-12703,99.952924117363,3.351845552474671,83.31302891740958,1.5349225889527207,4.0433344813118675,68.41806205718608,1.6172213949523746,20.05980976679239,143.68221195915308,4.402814341577638
9498-12705,124.55951281911673,1.9736745564348013,26.09821807603764,0.3834785353506136,0.8069843191839735,23.107256166601665,1.5799698331249643,5.856785973193293,125.60360654939363,3.316068060776276
9498-1902,33.48814458980151,1.4857197187760869,54.509838853884816,1.3529635782132026,2.036034379359065,44.25001187520661,1.4557849961674434,7.208776981460173,71.70458139352452,1.8072247487538702
9498-3701,203.80743012537155,2.6216396523623904,178.59000525473482,1.584692409382754,4.279500975909733,155.36012486588865,1.9548094243349565,25.94388225340349,303.44730394678606,8.998278683398269
9498-6102,66.37841031961312,2.5300902516977617,105.76354987512167,1.8688996848182766,3.011567109047503,45.63873006233679,2.9796812912888786,11.40445110455211,159.0957936946123,4.461181863213731
9498-9102,146.78936981828002,1.9138140457231565,142.10474950835894,1.7181171099061014,,73.55661544882696,2.5552783610779457,26.580956561225772,237.1547245444912,7.3866991013520975
9499-12701,46.47654700764434,1.943079475702867,56.662248100177344,1.0808703690139145,1.0832474997313104,24.645488824807572,1.270686988112726,11.537867467295335,75.03547844902438,2.6770781699521877
9499-12702,46.37845086935271,2.8226246967976185,65.8834733525955,0.0,1.6409230346235215,24.565424601165766,1.960305027713681,11.084929683399832,46.37845086935271,2.996421521598935
9499-12703,186.4784656949796,1.024721086063674,55.28845622644597,1.9153385133261365,1.0017225752601393,30.583570198582958,1.8564261250514011,9.176250842568251,201.566491722999,1.7157638005607125
9499-12705,211.6888125631077,2.688577991080718,81.17499389375594,2.5391654853124117,2.879994271157177,53.386495501450575,2.1578020065613206,28.798336094894637,248.07998448034152,4.495706276667933
9499-3701,45.090258195690545,3.483322638333683,141.63069986713404,1.3448318124866705,3.8827671345651185,145.16805658776917,1.840420999047074,18.492690119961377,170.32162469205397,8.421976035759457
9499-6102,14.640697103599171,1.1814964278579805,69.85369953258515,1.6859771716624459,1.0986579678893778,33.662534309473536,2.3843336140277156,6.931239940284584,91.87568745011674,0.6949874022501645
9499-6103,91.84319590809312,3.2505509494169536,210.6871084405327,1.3938307771326126,6.4112672441443905,160.0610143591062,1.3670991679100617,23.16191659270806,265.1528000479379,8.240960251516139
9499-6104,129.32558482529024,2.044142107506077,124.902266978762,2.0568132243999115,5.312299032003435,105.00312406920096,2.3071147914493046,41.106123712303955,220.93568866339467,2.880929710981442
9499-9101,142.5421714122187,1.331176811155071,95.08309242428236,1.474577374170515,1.0659034281465507,47.712841066677846,1.1535438358934278,13.864601401485453,183.43833185425882,3.530042729277757
9500-12701,89.1104685320151,1.3458196578812527,47.396772767881366,0.8399642578581723,0.8953977087819507,25.855569032628395,1.1546195884062127,10.446919517555092,99.13433676943559,1.3483878009676555
9500-12702,99.86865519745288,2.782951808305413,61.858967782034945,1.6608217274637238,2.4826261762151933,32.443587393317486,2.7967288191627064,24.90744909357706,127.78472366873275,2.3394636705590344
9500-12703,115.17222028193687,10.336227563310706,94.49376847392688,1.4981443952842128,11.844267599162665,49.990713676238045,1.2053146628631435,24.263566742320894,163.22279227070592,3.4201612914571062
9500-12704,76.00212578111748,2.408090644873448,71.40036200436357,2.0176559198158026,3.7346638249745503,29.91256698794526,2.0037129616972034,34.13296869559468,126.73735281144496,4.026870867926378
9500-6101,108.38318787774459,3.106970637500367,88.39458426941475,1.9111175809976872,6.399861079939112,71.56280846887725,2.994461997983164,15.986123802892699,163.33899894710427,4.817158230629466
9500-9102,97.85806595635687,1.6530312125510367,44.148862111185764,1.2905195020046851,1.6947693542192936,26.465923637372804,1.3310167636930046,10.580762937521744,109.96172542611153,2.0164575052273133
9501-12704,68.55310509525845,5.755871321413751,77.11194937406346,1.4474425216622204,2.9655468722894636,41.30802184929889,1.891842624813001,16.479472603984295,115.35331496418455,1.4714413105970987
9501-1901,36.66058821333759,1.4096985900820709,64.22224731366425,2.0562225902571942,2.838446455794308,80.80156856474986,1.4553008116183888,9.868638130372059,99.12054648680542,5.795984583506902
9501-3703,57.25126954622902,4.081546841549566,47.78497144060605,0.9073610452960534,2.650880382868207,50.55742916454163,1.2594318092352825,12.825819301370288,73.14081792840904,3.5266363040513533
9501-6102,59.45783579533338,2.5038589827264417,103.46748476531393,1.9883772682096748,6.065022658162048,76.82968636652699,2.7818086276122225,17.301435424858067,157.54950857574315,5.807611213784244
9501-9101,110.38200512152557,1.5187495307017482,57.78747843238072,1.5146656801223135,1.952550188106973,32.525732846061686,0.9667699336833868,11.785092079526464,131.30975026483964,4.282222537368168
9501-9102,41.60629326416989,1.6028396317446605,57.80664873904595,1.7554876111520121,1.4809133083054882,26.062131824957916,2.282124277333227,10.928132034266705,87.16212597959675,1.1920485302851316
9502-12703,133.38841868508425,1.7991008082445104,112.06897612952551,2.2317629132785384,1.1048927412749718,54.01091074470573,1.847106764084237,25.893135208537377,214.061199277048,4.864883697366022
9502-12704,120.62174793226016,2.1727568406352966,96.75697243246195,1.1940719386839536,2.9182945465978034,54.461083746129006,1.6364175586345668,19.12749392666,160.40075481340912,4.878577715658543
9502-3701,54.23090091341065,2.1222445388710733,99.17827276378364,1.7410455713148463,3.493217614054348,67.10141084455785,2.697608140112267,18.331705060704543,141.65623540804435,8.068582975614046
9502-3704,54.02594747273115,1.9211795488791346,67.89611667164324,2.0349466766310553,,,4.0,16.306401502368278,110.9038700726868,8.688773631337718
9502-6101,154.44607495292115,1.6262540761625253,79.28521523808985,2.4049725419918517,1.1299516816757385,51.445065194171576,3.3954093815398823,11.797495702375432,197.41225150164885,4.537715274193756
9502-9102,101.98207337007752,1.842259852149916,55.66336676733612,1.5329888247058605,1.2024708074046457,30.995330780117143,1.600585472613294,8.523488459661266,123.08603416399698,0.9994398297491065
9503-12702,129.10695872945826,1.4904478735764624,53.794655134713146,0.9591211520205896,0.961538853513514,28.286388678064693,1.4510839303058047,8.997453072237217,139.44236748295577,2.1065692223166446
9503-12703,55.31986140036394,1.2686882422343295,41.79644570614531,4.0,1.7226619630795605,17.905914788083276,1.193502647852395,10.914537459825448,100.24000478861964,3.2299356937525365
9503-12704,46.30645317259578,3.424082088732163,70.53088321385742,1.8149021646751144,3.4530653108848766,39.92377011817648,2.0508880515675787,12.784466464698003,105.70104007082404,2.7847793673752737
9503-12705,52.260778953890295,1.3807554210894895,48.46845676362741,0.6060304594112444,1.2646698265569174,16.61507584331386,1.3450595523722153,9.935434819030219,64.45828496233956,2.532577015656699
9503-3701,240.89961328870208,2.9376308941737057,153.7116655347453,1.4506268546915826,5.643190272032287,51.99826795312565,2.619948124184969,22.37573346278139,303.82064598650487,0.8906935675260201
9503-3702,,,,1.178,,,1.178,5.757241347547874,,3.762853918825961
9503-6104,87.02364663453072,1.7372606092720189,46.99047796056796,1.8744564679921734,2.6513251057593963,34.119418396357716,1.773374128365894,8.510733355396063,108.2225106360601,2.933388039655167
9504-12701,199.26603469500668,2.0640668188720976,89.40801096370399,1.0408907798888278,1.3880060492198067,33.889477796242026,2.5426528787116833,11.95268730279035,219.15204177480084,2.9510232239098144
9504-12702,24.998059841495714,2.0718467608363964,76.96730623717713,0.7298230003041797,0.7188002247634745,29.242239598022365,1.3698656944725114,10.716356651489857,70.34450798097711,2.0649927615204895
9504-12704,166.49005288139773,3.3583676308070256,88.8938932317889,1.669843255190116,4.738269439864997,44.40092638907051,2.0450360118255646,40.79880155754383,202.27270353536974,2.635615632253292
9504-1901,10.398465651643075,6.969682440177706,53.43476606166133,1.3780703139605648,7.733458737967103,31.632996432705703,1.752656220267459,18.831397277222806,63.58377728877419,2.082598800787892
9504-1902,231.3297990624177,5.096913715639516,91.87289428710938,2.004060354953919,4.664935743684661,49.46330189441268,1.8157343233721663,16.235552116632192,265.38463650372563,0.8926528021127602
9504-3701,155.78000550243894,2.3278263850750522,93.67959302128432,2.0768534723679237,3.2222768519377722,84.28843285661893,2.111838767269258,7.895221763864815,206.13975404604867,5.168539125273137
9504-3702,101.72120140964873,1.630194730488089,57.53868313601829,1.054785104347861,1.4298246367073109,26.162200112288573,0.6954491000582954,6.058269405045847,117.64046889288626,0.5675504258580963
9504-3704,107.97916462162863,2.561205965437145,104.15107722841717,2.1646745652997272,3.0966558969860998,89.90819471276129,1.9637602176405018,6.77042747580061,187.45850839300704,2.8010954940732202
9504-6103,67.80363337692697,1.2205790465402837,39.203976974129795,1.2121043926018977,0.6157567817699782,19.78095439480964,2.1370386896929836,5.359579003192236,80.37585918635023,1.214990808482764
9504-9101,75.4474128214873,1.5888498431717737,41.12627334961437,1.8652216846808853,2.211017111356283,38.917777816304294,2.5344239216212565,9.524392833353067,94.05898560509299,3.389771999059529
9505-12701,248.3802944944955,1.4607901858120276,92.67122700624279,1.6625426559695575,2.1626935543890826,40.479216219856255,1.4734508137196785,22.473709658459505,275.6276734912538,2.5885791248729686
9505-12703,98.86817764654053,2.8757424229042954,96.70407471785477,1.1662200317329083,4.439230819448368,69.25309128670447,0.6535519430096888,22.578017781723485,143.80900821312648,5.300299934150175
9505-12704,61.809693793667826,0.9682248948935966,51.21165109775499,0.9139405961137517,0.3822742024241546,14.226460634904033,0.6460507425248037,9.633323958748532,78.8502961599942,2.6441575670775337
9505-12705,91.23314058920256,1.5906979113921216,47.17506086760757,1.4713910516039312,1.7136598212704104,25.942315532212632,1.3020450314810375,12.490686638066714,107.69422764897192,2.5549200155356395
9505-3702,58.94594081035225,1.9388723478180203,56.43532313389919,1.061304672582305,1.143518999452162,26.222240633001867,1.4900243681641763,5.172358956049752,82.7938505470432,0.7556639382138698
9506-12701,9.516833664644105,2.998572595806823,32.540517032395414,2.239479014632811,0.9489523047328783,19.402407038571198,2.888591259791904,10.000693821313282,49.61775303707494,3.9451545430648602
9506-12702,109.77458814366771,4.230486707891175,116.62801626343399,1.5228182831128492,4.154360317678055,58.60291874341648,2.6637318773197087,24.84016816778509,181.00822606803933,5.60297540392151
9506-12704,129.90718864801215,1.3023759698110866,67.41859238379317,2.568044433535869,0.6074057849706088,28.095471768268823,2.316664642960235,6.441132088470448,168.9624936219859,2.859406235039551
9506-12705,78.6668544913,5.769081202377315,176.8880928322601,1.3117298158797595,18.37693089003573,74.36055041603153,2.7720639097379474,17.73000718055747,217.32857489861837,8.694324384243693
9506-1902,36.91027916172103,1.8281994354125966,69.40279617143791,1.6671885093515275,3.342502506407875,41.93843587988585,1.6723143374595364,9.330434831966471,96.91643730514693,5.336698535552446
9506-3703,29.742600677273746,1.2513544450862226,81.63783082317138,1.448801663483288,2.3803017676208245,31.824844873938865,1.5315133078330865,10.255694520788897,102.66694726352505,3.8819581096220395
9506-6101,75.94806573965414,2.050234196211767,60.54588034749662,0.6731208306703329,1.0411579400955686,25.62784404595714,0.38338908086710544,9.311341322623832,90.75041306854375,2.9965150415675756
9506-6102,132.68541962698077,1.0186947151627768,50.64413048998104,1.2173243662231377,1.3415827814596966,28.457187700776096,2.045590013459602,8.036059065169452,143.97099757954743,0.9508711501079231
9506-9101,261.8321558634642,2.581305526647484,56.69367229586907,2.2276060303698078,1.4991431411060179,33.56562433353949,2.2219400519685304,11.52282000428342,275.165382705788,2.975327295934413
9506-9102,65.15770572017303,3.8241264566814768,55.08492124045225,1.1917884477036687,3.80211801439286,37.55497247511663,1.2418316862117356,19.367212494226337,88.66695077992202,1.9776877596252862
9507-12705,4.087703935555051,2.005573806393675,74.03983154815532,1.437903603037155,4.368238793853565,47.48908309377514,1.4725768773370185,24.19302056597072,88.87715272297615,4.069033931169026
9507-3701,76.89057542000975,4.016469933703951,198.17072559835128,1.5867685988740554,8.185707115457644,198.36084663234328,3.3020153535826458,28.135836046761757,261.2032928351192,8.495101960092395
9507-3704,46.08342450694431,2.8523396170427313,69.8445879566587,1.4756956478855026,1.676226693705769,41.38260760096338,1.3772274161867064,5.7712823081969,96.55319056676518,3.5587144993738273
9507-6102,63.26944177287286,2.1598475745447674,27.68636054225804,2.063968360600596,0.9926058184173023,16.473483249384326,0.9056925060653045,6.031408083261695,74.73369615879112,2.916829623376519
9507-9102,50.797702437014415,3.6122683667400612,121.55299819714175,2.3892584404965698,6.84688588302273,79.82858251290564,3.2588852554442633,18.58600932971385,194.63302368766807,7.915225073887642
9508-12701,82.91441662802829,4.488945063089413,78.22892426497773,1.4045134638411823,3.1474925185683453,30.52567414929599,2.6534702541945787,33.08547930234271,124.37882556643277,3.838039733848758
9508-12702,17.773120173997434,5.148906153145221,100.54241674098608,1.81938463554265,8.935980887222494,48.82371619572541,0.7650237345717676,53.42249295449403,136.7758691619034,3.8941984351368255
9508-12704,180.8139029322117,3.238881831960893,84.92348573714803,1.7769378327600514,2.4891206977423637,46.288299959095085,2.2619426875011026,23.47861568436754,213.32824555881913,3.069153541108294
9508-12705,133.84472636703708,3.6367087940941016,99.90566366609985,2.0241633940773056,3.7131192387374607,42.28100875962093,1.7855414131364937,33.86942979876126,195.23798887512595,3.660430996296801
9508-1902,,,,1.178,,,1.178,7.763847650143081,,4.596242063618084
9508-3703,36.47576150364926,2.0179240171403756,56.96762601358229,1.3108205436004616,1.069527174716453,23.62712532595948,1.6475095596243134,5.084054657766932,74.72951717901793,0.6440974219294755
9508-3704,193.402088106262,1.9431120304756118,66.84009549501474,2.3433083426393835,2.41692263449502,36.48422698946233,2.3543310770963903,14.190551780493223,218.79974452901672,1.8282002774372945
9508-6101,188.0670201626307,2.7311652613908057,71.02904300678752,1.9052715773049607,1.555440893778909,50.43984649878756,1.9590191962609067,4.944398875566821,212.08851276039212,2.9322281924726115
9508-6103,166.74072225928492,3.5629283560690856,107.32649580016634,1.6105365473498279,3.888126530375936,56.630016887749974,2.4474452302743606,16.34784826005274,215.30025876474448,4.8865099366244324
9508-6104,104.693648282445,1.3999826266166995,80.49033416519893,2.5764755519612264,3.767724463002604,69.18284964340927,2.9752519424790935,10.892650897976091,166.29178096732622,3.1327367577676744
9508-9102,50.363974055242444,8.814418562391786,127.3023452758789,1.3952352221417448,10.719807950248411,57.93563363368956,1.2167716340176258,40.161077710336336,158.57980447832472,4.457059705442585
9509-12701,55.1032719419193,5.097578539583764,88.40829016080687,1.1888327787434845,3.7585830587000055,52.70253820248918,1.024241820196563,16.160698618256255,111.03296002801694,3.0306472751230085
9509-12703,241.5170032059667,2.2558745894310355,86.54989454318233,2.708446321233777,2.0758847640843108,43.498769137773095,3.7273914141478244,28.961055266852828,280.3910139696529,6.987362481023605
9509-12704,15.239792682773887,1.7216450614690773,62.56426814205475,1.1101503752013062,1.0999807412879357,18.502644500818135,1.0099985578068968,10.063318519370595,67.65869627959528,5.587886650765361
9509-1901,80.49269565476692,1.404579438051776,61.71600317107043,0.8877669614163812,1.0322342557670543,36.87514936333629,1.5805945232843994,3.7672955945879982,99.29984191002808,0.5233229289281981
9509-6104,116.13538977948532,1.1061532113656027,54.09792071223149,0.821166258021895,0.8463271065850851,25.955528882985966,1.7357813649759333,6.5449006361308495,126.05808832959845,1.0203742917977676
9509-9101,266.0961791441818,3.3211326119727866,121.25790688270976,1.8858556048891817,3.791535279152105,45.27600172792933,3.48887274223683,19.792455410727815,313.90415207474285,7.146079538024881
9509-9102,96.69920395003538,3.260739101841364,60.042880013170496,2.119886985427166,2.7024700698970925,36.08708931796526,1.8729018441493013,12.856912631850236,130.35812665023101,1.8279433812952524
9510-12701,7.041367759160912,1.148797928685843,54.77293817972067,0.5110107252407281,0.5411085966469719,19.0772354140638,2.4203449300587767,7.661971411988937,39.782549405344874,1.7397140538624978
9510-12702,64.67098652818254,1.3546426849398858,51.65757325673059,0.6943459568474188,0.61526659267603,22.605420513289005,0.3004330006527717,10.37509605400746,77.68656298971953,2.419217741589021
9510-12703,186.63698374934995,3.1643746670590867,80.92982713796765,2.226974211675624,2.6336350151821515,49.85149824461051,2.890157933355435,22.96273462001584,222.30437742210177,3.0339683667024637
9510-6102,139.2187689669838,6.111930135829656,112.32372440446565,1.7990056795074354,9.54129969875707,88.86724613420155,1.8528830351995085,29.25837074802748,205.13223780079701,4.290352240513476
9510-9101,96.49022262204511,1.0590057928917556,54.15293301518481,0.9555817026980393,1.019342218581319,20.86315404105951,1.0123076742035257,9.29662924337,110.05746124357982,2.2082210373212727
9511-12701,54.89002031390141,4.355912754734142,127.02175488012894,1.4969963724235658,8.513247131999325,43.700541136553376,1.3452919883419237,43.45927295234842,164.8218478886713,4.896823634951932
9511-12702,66.38327025048224,1.5604974064282946,58.27639957079439,1.5409500441059758,0.9124865826002895,20.81528531577012,1.670711839344575,5.713269783521694,98.18359700595555,4.079190280104891
9511-12703,90.4751801341028,1.2695480770765957,64.25531444349942,2.0293251583351064,1.3876532135870174,21.007106530408947,0.0,12.72677486143246,128.7024677399332,3.9470657230564328
9511-1901,64.48201201730163,1.4977994545127582,70.77875183979444,1.9530146512868196,1.1363136189763803,37.91046537584191,2.8301080108403065,4.145139997842451,118.0754589442063,2.337382746720067
9511-3701,83.38967396655217,1.4949922942224056,110.61029657924783,2.1261289696950048,3.584057384316136,68.91989331614862,1.6220611684690045,17.852905528110462,181.56611851283836,6.201155388995383
9511-6101,82.24641260223761,1.4780229416571922,50.37583360740437,2.011519050443715,3.3204875608970568,57.62178412494667,0.0,18.878600731394492,108.94564602145898,5.824197218784731
9511-6103,14.479509219820732,0.6199515661955172,54.83841894143907,1.8981621038945975,0.7079339496497815,36.4966688645372,1.942549085571021,8.867033933542189,76.9279424848288,1.2472818270707975
9511-9101,243.43302984489708,3.0586499725405805,115.52248642925366,2.0283410823383234,2.4332479223700987,63.73090983389802,2.261468691698594,18.048198658117137,293.81755242494546,5.358803551038903
9512-12704,34.432014870496495,0.9130061575327811,64.16989167884692,1.362710317335704,0.6681887925590967,17.78475206123316,1.1229312468855892,9.825068356418338,82.44330247137017,3.1901294757378404
9512-12705,58.73252224062383,2.1478999587514487,67.47293803631234,1.4125782749472335,0.8340041477001064,22.450002114691625,2.4092346049082094,8.266985906547362,99.40024800928609,3.5592044935166918
9512-1902,101.38276479245205,1.7410139349433391,56.43778705664886,1.271833500632207,1.2451117717488986,27.400177915251213,1.4415739571052142,6.571653917269143,119.7060539103961,1.2204729297147636
9512-3703,54.74776227902151,1.4854617151382117,83.51507130191891,1.5652747252467716,2.527045992776394,57.10938312136736,0.718489663342109,10.948276396715244,117.96077392411456,5.8150746800941215
9512-6102,131.42911324215535,3.596614527923133,124.9557009327305,2.420845485534797,6.193790181639905,69.83783015059164,1.6412315900156553,11.934182987093706,234.67534376353282,7.293853790366459
9512-9101,140.6017334254683,1.4735324689039606,72.54349740366132,1.662689927229919,1.584173970698909,39.106636132344164,1.9846503155169692,10.39361942091865,168.87525369000272,2.0145873580419202
9513-12702,167.7222104194716,0.7503004966516521,50.38519743315768,1.486831313757323,0.38278853209223346,27.04014331076801,1.642215325863965,6.365045074492824,178.62057867057024,2.5907885301270186
9513-12704,76.02326578779216,2.298915488853499,59.36263659636752,0.831016110722556,0.791650597148216,22.412088933566654,1.3667791094777144,6.901563587478788,93.3165227291113,3.2314612629762998
9513-12705,48.17913816139882,3.0284030998121416,74.29216766357422,1.8845556037643534,2.7687214009362315,36.986337349267764,1.7194327694308735,14.921564580155977,112.79497519059464,2.5250563368103918
9513-1901,34.99917169920844,2.050127570913097,102.70922553836377,1.527433366047084,2.885757541813648,72.14937179585007,1.726265779181475,7.450462645076605,131.67429206023124,6.129220182383156
9513-3703,168.51403678456063,3.691851943109222,58.93235430196223,2.156235364802697,1.242844752124246,33.83890197659053,3.154651199972575,10.18224599465671,189.43503973562431,3.5711156363071765
9513-6101,58.435170882666135,1.4800198339333708,61.66436289251441,0.9323948605813575,0.8453239161784921,22.68506992758737,1.5839503804773027,7.183354255396772,83.42718222267739,2.2237220282833587
9513-6104,79.10792584249482,3.607299596098375,160.57796427702363,1.2785613225999524,4.4352389001773975,92.13231838517143,2.238408778469352,19.574718659872254,198.05587335468445,8.13392119644972
9513-9101,94.37827724571339,3.225089519685457,91.60716247558594,1.0609041428924255,3.0849003898663274,36.713967714569705,1.7173503476249752,15.620926061052899,133.4549782410751,2.0658126361642473
9513-9102,75.67914103643184,1.6800785435402144,39.99214622463865,1.4499086003709984,1.0135734889388763,33.31751886728678,3.180015759222825,7.8391422038855625,89.70103264468781,3.6494233343669937
9514-12701,160.28962527038848,1.3250150282217685,51.170495218439356,0.9857740077666524,0.7622793634166563,29.424690105483663,2.0649515176504596,5.999712513947401,168.14854722417425,2.934607538849141
9514-12702,9.367022819699551,4.762507184753649,142.19858515894623,1.7381122166039837,8.047779998388544,132.72723911258393,0.8181038278215658,35.51558678342293,187.7049034282319,7.340816021737875
9514-12703,27.50343613147896,1.2411399781805528,52.13604786652834,2.386488617857311,0.9459747921407838,37.56127613359436,2.1133792222149372,6.756657613053936,85.10766574480816,3.8040958265995384
9514-12704,82.53151113583161,0.7547514304289658,62.23346662670009,1.0867551100153463,0.48920900840868087,21.3898657170358,2.883818731832432,11.409680983795061,104.97836738494708,4.878407913755514
9514-12705,3.2548512264862843,12.3478985304569,89.01909521331334,1.1743260945920504,5.547871065786106,53.040578491844606,1.1204945179241494,16.337927151807587,96.52161909777756,3.846341314025312
9514-1901,52.902192299657656,5.507793189987481,141.68939145117628,1.9284558147274073,14.238403338801785,275.8548489741933,3.025024948721459,26.061605359349798,203.75008346100537,4.092224693492037
9514-3702,161.19139760054736,5.0319632103152445,58.58530233573141,1.3882392426130354,2.9685104803966067,30.65819204575924,1.0657022160505834,7.782323583523524,175.34946152127495,1.1561579892050842
9514-3704,63.000484799463756,1.9936335027401224,93.81822121136017,2.157515662293854,3.122100353262546,67.17042058120819,3.028850834277994,16.95713454671011,151.52296505551647,4.829365837335464
9514-9101,110.28879003683386,1.4170982291693681,73.81608804979541,1.9058208303927056,1.3096386664759212,29.182637307082494,1.5659631938125647,6.403935014756982,150.16018799719743,4.787011134375213
9514-9102,22.342727865797887,0.8773970307113301,121.11905976911794,1.8217379123736235,56.075731729170066,104.25795540552431,0.4953686198911156,35.28895412877264,164.996293429116,6.84292784332983
9862-12703,22.257075174555567,1.4045683827110855,75.92461393492485,1.0874619925088993,3.785319886151289,74.06716129510261,1.6639635645272741,12.622275307511519,82.24416795813853,2.5339233626928115
9862-9101,6.926155260099076,1.9674441754777006,68.49241543903331,0.8506356127223342,1.320669463700493,33.094728881868264,0.0,9.844329272046767,63.54905779660736,2.1820283673268905
9863-6101,148.46373249237647,1.1382442236987382,61.62808801239496,2.6507442182899217,1.3743174578479502,25.876102099293924,3.016496837308491,8.893017162310375,179.1900183810544,4.6210237912219405
9863-9101,53.43278138312863,3.152560978686712,59.719374871763776,1.1545422344119856,1.7002339467640517,33.662634126456496,1.455023774207009,12.766155790056676,83.50225064898008,2.4804611340641776
9863-9102,13.214269150767635,2.5842924559360214,55.136811356047694,1.149659430713431,2.204062580603858,26.15460549130691,1.3711765423909772,13.473750267281341,60.577716339423866,2.2395098515994305
9864-12703,23.50356186182467,2.889361375882502,51.54083976108291,1.5829140144712754,2.019601328552887,35.22464174326669,1.681393833594682,11.662603702595343,68.97363464180638,2.561558046214624
9864-12704,211.49207913324946,2.4910749470947353,128.94826033431943,1.8202539996149767,3.6547500518373233,85.56378577718833,2.206755606479904,24.518595249848552,273.8529768844756,8.194328148934602
9864-3704,55.774108189335465,1.7724128721917378,91.75014094074989,1.6582631408274064,2.913871699100472,72.04209118844472,0.535227428029643,12.266327897619176,130.6528101202654,5.457764562775321
9864-6103,92.67171444376434,2.0684757443595836,75.82555729665734,1.6713172973727013,7.491232170064014,53.16860012468229,1.7732186297303145,17.357288651150796,134.89740828439307,6.506209085181855
9865-12701,83.91985451227038,2.560445786914197,86.18469919177902,1.4207743329844629,2.2847581992534085,46.97280357166035,2.1437673765192584,20.681881433244875,132.64905934806114,3.2969282629079935
9865-12702,93.94580638342427,1.2621702117967668,55.636165833799666,0.7313281902445175,0.6728415273019418,18.28091640615305,1.5648224840182858,6.131836449139586,105.30695773313438,1.823470223467284
9865-12704,11.956699882692135,4.064661932757545,116.37585802194455,1.3929550598309115,8.358951017733006,52.804200159832945,1.9040476989681068,14.398787713967044,137.87032716378536,5.346962898862361
9865-3702,,,,1.178,1.6127616330099594,38.328665750266694,1.5441516747165616,4.566527918617697,,4.1515111468009716
9865-3703,113.27884266634182,3.2829289251137905,97.84654256665179,2.054702236337464,5.844905399783464,74.83489687162354,2.2707791046987547,17.734511844309225,180.28783716934663,6.032416126772621
9865-6101,38.59747250706355,2.2612894985202145,39.21290406560518,1.2797782096146846,1.5628670112793803,40.598924668438016,1.1367601007119805,11.34222756091423,58.80151536711431,3.247177068781374
9865-9102,96.83702502865368,1.3724417656314714,63.49705103306274,1.5241438994374459,1.393659107814782,32.94459223691423,1.5961178266483342,13.38121066611547,124.58959767017268,1.056357249295564
9866-12701,218.19838984956166,1.0332633318827535,63.813487283999486,1.4996119355702422,0.6501911559371008,35.20512571924601,1.6748359894457168,5.951469847446249,231.769710728259,1.5720548222619464
9866-12702,6.460993936396631,4.570250790068354,58.815710519539216,1.1907004876221496,4.840996301650089,34.478954538176566,1.9313929308419184,15.41517934050574,64.50364421950866,2.4949059695524802
9866-12703,26.11479428893508,2.0775923176000264,44.11756455669664,1.379898800361088,2.4925531213155225,41.432455841990226,2.2226478459745063,10.952201252132458,58.03241872614209,3.028998847093545
9866-3701,55.46173137199599,2.2692075759343977,98.94562075746576,2.1841923029359833,3.08901712373576,62.34163296555821,1.978990315414459,16.08600896516739,156.39616834048044,5.239728458864272
9866-6102,328.32864276762433,4.257553645983855,150.6391195057325,1.8619496611257365,6.449205688988666,81.37298257239584,3.437858082934762,17.235869061028833,387.36459324342127,6.969197275350522
9867-12701,43.82661280780191,2.785849111799451,57.47858648660063,1.302746349975864,0.7696873514997516,18.67784500463366,0.7028863996651307,6.563007247800454,78.8972092274732,3.29007472679717
9867-12702,118.47372267949912,1.8352186654651277,59.6127813449707,0.5858694036625836,0.513306982578351,19.787782301941874,1.9085636385100102,7.666012191377921,126.95675450907586,2.704432305802519
9867-12704,147.9004233081786,0.8495527364418717,54.285528873832334,1.128891571249858,0.6223180909253211,19.45560053120621,1.1343508991323472,8.57449632443753,158.74913175940225,2.630515606286857
9867-3703,43.11847196593319,3.2450572551777346,66.89109060581102,1.178,1.915956095267613,46.33112789656091,1.7486311329870383,8.672788637789521,84.43972425076471,1.8198796523714116
9867-3704,4.822252541814536,2.346352172530488,85.58620447740486,1.358740726892544,2.3887444975142174,41.25648141467525,1.9517518669801976,11.370594177231963,99.88006690925482,0.734636349754447
9867-6101,193.2305770937786,2.8525454046346845,90.84201688505678,1.9981571649486964,3.4912155223385186,47.67168900909303,2.6746179969384634,14.551520343709132,232.00731111611893,2.6481498550256943
9867-6102,149.31412647633528,2.3067889867112026,148.32346771360938,1.4302385748981594,3.3848498910503007,99.51494325243159,2.4085358264755974,15.387850559823727,231.86147591673043,4.577688523516295
9867-6104,154.49941276888785,3.025818001863172,122.69157494706366,1.2273059184851756,3.0956188692240905,56.67089118655072,1.1411076574300145,21.57691166697382,205.77895346649169,3.1807504301751237
9867-9101,154.29098474079788,1.3842606533343562,69.49785472567599,1.5951429783795184,0.8406382603259052,32.65147854781618,1.9007493711986352,10.263412511502715,177.5110466710869,1.468250650503136
9867-9102,42.46882011858674,5.56147237545865,75.69657162613318,1.60935533878123,8.885124347471095,101.47945725149866,1.8407769875788054,41.04547907228904,105.00076205097227,7.0303505291497945
9868-12703,69.729452453599,2.402809468241844,43.11055050783781,1.0709681571274579,1.385007637812671,26.12416636935653,0.5400787717299136,6.411109794882632,82.78050382238101,3.251683801708201
9868-12704,18.583381828301846,3.8169577290449768,219.4738788519855,1.5489958341829797,41.403946473233795,46.17258609928392,3.127861952773002,104.41468782994976,273.78565896839956,6.2346598845127135
9868-12705,63.43595390312987,4.755336834747401,100.58181306535616,2.162923616377988,5.1529545674017125,58.31845298705275,2.198975654815941,20.85715373246301,160.95270118527066,1.8580963110061428
9868-1902,59.22074094864846,1.9798086026065973,60.394022752169164,0.9790204185725073,1.4252146690040013,35.52953551782929,0.8334309527754153,5.605195741521018,84.130924281773,4.1584369791216105
9868-3701,59.725679772531336,2.1533285149646297,56.13205777774778,1.0615114615307362,0.9098034186010476,36.71068446104765,0.5204495913223242,3.144306792958797,83.13708880051367,4.272989431914838
9868-3702,3.12247417034847,1.9229887018066654,61.19532091114848,1.4444832608020608,1.1972073300538746,43.887208555483966,0.7497619444187409,7.872581217353513,73.61486246518719,4.902240750785451
9868-6101,96.97410454890304,2.7056384392214903,62.19455150954744,1.401290102974767,2.0404840145247123,32.605940712598,1.3880231012060458,12.55474181280493,121.75546974626755,1.072822091133558
9868-6102,109.16497265758117,1.25718537913363,67.13085326856833,2.5578231861906278,1.6934380003832052,28.24052910094634,3.149467198899619,12.109859809048377,153.11418311484906,3.989742694031116
9868-6103,8.281699172084148,5.910209813166897,103.86576372130321,1.5222293745120972,3.9187424524971446,49.231009921415,2.8001155803725557,27.94141059249798,128.4155150165395,4.35906484317414
9868-9101,80.15050748762128,2.4931354013001887,53.852384050167714,1.2230357163675378,2.0767529147596804,41.02576765718263,0.5566133876748505,10.177256209929588,99.85491663130945,5.640121966940575
9868-9102,339.2792430231195,1.4084754393847772,69.53776168823242,2.3508965838706146,1.7887861829659082,36.70061066269265,2.0824257793783905,11.259506949327903,355.63768906620254,2.0725826376460894
9869-12701,80.82726102997573,2.4810727502237713,50.16232640812404,0.9653463717448223,3.368649816972678,29.710801439853935,1.911737110192353,10.457971271980409,94.66840873610586,4.7109215216246
9869-12702,124.94942274549483,4.040424031984804,86.90009792648317,1.6979101929604914,9.095469507903783,89.78793289711126,1.0224369618344267,53.08827218940902,168.62485799698106,6.0753081469400785
9869-12703,232.24553703004275,0.647593446233866,66.47229539294744,2.349027960972501,1.087208439339363,26.31510928700383,2.576431858266261,13.34720752687781,253.6086052966641,3.7799239446987487
9869-12705,58.188987760776584,8.106927187728619,91.18572078683606,1.7062945303207142,4.6738872726106075,52.44165687907049,1.3053363338622561,17.146674668737525,132.56514221355351,3.6067898483323497
9869-6103,43.360817551269506,1.936843970637997,68.90358639083107,1.2995789318185276,2.581686481714066,41.977726680887656,1.5612154060914039,11.585073084662875,89.72277790119841,3.1610710307393735
9869-9102,7.881657357337151,0.8379388788766127,75.36472620013416,2.0254043406847035,1.2178468904753021,52.17053345182245,1.4195231310834262,7.864997926635176,107.54579058804002,6.931417947597292
9870-12702,18.21428991941298,4.753031161889423,72.50508605309625,0.942178363067707,1.0681056908113515,27.417948565785917,1.5212603315734463,9.089213516316264,72.6964939873064,2.2198995865179993
9870-12703,224.62510244093139,1.5656350637052883,63.94639250768915,2.4122060590028855,0.6686036532845367,43.206222200786534,2.858240276435578,7.981929511976324,245.60188846934895,3.430119163321664
9870-6101,50.81973060543515,1.7904053172712486,26.653618878523563,1.5900013743999333,4.34043363800589,55.78447475530664,0.0,10.61973443435758,60.92787933389118,4.882710620154219
9870-6103,159.8372832168425,1.0549099363985885,75.24788460751961,2.3342486065790107,1.1745009690302082,37.21216271998372,3.0255975556052688,9.63307978037039,196.88840137285828,3.7920855093538193
9870-9101,80.35310544752123,1.0790781708014838,63.18452976258236,2.0726282331281976,1.2643752236282262,27.76976885678232,1.7227369544801228,8.806963510364024,121.37192323170177,1.704939735805453
9871-12702,103.89222011368189,2.3260953431641234,78.95801431861572,1.9449976377417109,1.7739433525091142,32.28299356320202,2.2439055199705784,19.325719574363877,151.391626194638,3.4234523932351983
9871-12705,26.1038589183375,1.141209546551947,58.215281989459676,2.260511952260253,1.3513005712216581,26.61959953538882,2.2133280222089393,13.4766499962526,91.33635385468709,2.0061372758769913
9871-3701,23.99440149967119,2.972354664823109,74.71516045881812,1.1676702844437643,0.8080162629920876,22.18987943823319,1.029657433326441,6.125987319021162,84.22637111003125,1.4211728018850696
9871-3702,40.096493646170345,3.6839098412118947,74.50326560624383,1.2460846093099223,3.94985435570312,48.244309176866345,1.996742759195989,22.12781814252369,92.32776523266793,2.3530466409561224
9871-3703,45.50217562959448,2.5510050536590594,47.20761136414573,1.2857719636994376,0.8624230761682437,23.379438023786037,0.803267608909823,5.6749359752625,70.2557194590247,1.3456455321455667
9871-6101,86.27252550800883,1.242839422572585,71.37986315035656,1.0756028027536189,1.3581739762866134,29.469240652024297,1.9469856357122568,6.984559661582118,113.68041263485762,1.0636718755748797
9871-6103,73.27769128492464,1.1822860701208724,47.41539888188419,1.1985467127471683,0.7727284771431219,25.870329987449924,1.573176420083481,5.106721014518035,89.80098435908526,2.6905902235601205
9871-9101,31.920756235084692,3.990662141742922,73.30296065725409,0.9099181143673916,2.1248048758286933,35.22666550126507,0.7926823515668788,15.502186284374016,76.8649436219114,2.410551520208956
9872-12701,27.367290810300226,1.4918286439181094,61.40941830448095,1.4829492671652456,0.8634420331299982,17.86667183530171,0.8944935953154527,8.453486644076044,79.63255168860935,2.4309293517464425
9872-12702,93.41169065682661,1.832196906998857,44.282782858638264,1.1115648543990528,1.1214266166605618,23.90342698618644,1.1789625098544139,6.204861977131827,104.42932331440018,2.7870624158814823
9872-12705,109.51941761833292,5.682295126616536,94.84091553336707,1.897292298115861,9.075747800447704,54.33355665486633,1.805960718763949,24.756456642300854,170.4707194595336,4.0845462926214875
9872-1901,44.939911877686534,1.6636799519860426,37.260797471044306,0.7028800324912823,1.040791212097134,30.17864546658832,0.9181359218166443,4.304027106543555,54.73071479023398,1.497875840577707
9872-1902,,,,1.1780000000000002,,,1.1780000000000002,7.197481976426976,,4.442110295084944
9872-6101,26.181030033833537,4.227157113525881,25.81445918621931,2.401707391082165,4.197588433575806,19.95955396815868,0.8163699480502673,12.732838786581025,47.811204158109234,1.8398943049528838
9872-6102,30.78792213718376,2.8912216147261836,80.33656149727392,1.5206238693483756,2.5412071207464284,28.587133221063652,0.8399143018190323,14.161619570268636,103.739801963177,2.2395222349418815
9872-9101,237.86778819465277,1.7323348571309092,69.96693967090167,1.9852952058905924,1.7556246181790143,45.477259723776164,2.2141154788095734,8.712332242234591,257.4875618502333,1.3515562570386495
9872-9102,151.72478759846575,1.5121812068043505,61.70179838110736,2.1523833502882566,1.6184150442064413,31.054003986321113,2.330573578801367,11.087915643600358,176.67703724181257,1.617757870889519
9875-12704,228.7531261100054,2.045454488936972,79.006332128708,2.3037420718902784,1.749574292205228,35.898612674895105,2.1524620726013546,14.865318916520616,258.27882589861025,7.16221848766261
9876-12705,40.88202000743786,1.6740875966110829,51.47053588385279,0.17279073215988117,0.7425158645287773,22.168552396357242,1.0435318148770747,9.722140560045464,46.14216665119196,2.593051750073686
9876-3703,35.02031398889223,1.8371365179836052,52.05474342183454,1.0704682048272356,0.7137928051973211,23.499326093464845,1.2270380934088352,5.0875280954300655,64.24224575291164,2.157224446476409
9876-6101,58.63400345584904,1.4053010168947975,46.40922434535891,0.693434954627012,1.0284662404365734,29.11039560490848,1.4923216157267607,4.909414291871828,70.22448101514858,1.3481925143114695
9878-12701,113.77554129435337,1.0109737329611217,45.63126938862052,0.649777007681785,0.4795477076574777,19.81142640197129,1.6879569434598043,4.872999438126116,119.57360814279552,1.3616816605945659
9878-12702,196.57748289104478,2.4249528525596054,69.0170697895351,2.0834763899955457,2.015040570201427,31.447499075306247,2.514063491038307,12.39186843093881,220.37932385118714,4.569643698050227
9878-12704,101.1306557441442,2.057528333158013,67.55110182587924,1.0352075700140257,3.7255915584500494,38.92121949176208,1.1265748302986778,22.68176440390164,122.27517474961314,2.667499479307848
9878-12705,192.39699454589254,1.517424827407838,53.43823237561105,2.056698420471404,1.124308003714621,30.85289969352696,2.326906231511009,10.361554475150857,207.09853551366086,2.233268320648553
9878-3702,4.20589488195771,2.79714370408737,70.31074874323184,0.8041652230722174,1.8781454180114558,36.11392953725365,1.3102086060175162,11.84120769300402,63.19146987837676,0.8616581208428402
9878-3703,106.09355013151713,1.4526464981563165,94.12926181042963,2.297337072894869,3.612858796619179,109.28556012130133,1.500686742502439,15.657255521250175,177.79476436436852,6.390569618129923
9878-3704,,,,1.178,,,1.178,7.900607270489209,,4.546281148304152
9878-6101,241.0291048921028,3.285544963307104,98.31894455738188,2.514001580595885,3.769364701906493,50.536098324351265,3.131746561521981,19.425385424937694,287.048627307845,3.3243258998430303
9878-9101,50.33263398274667,4.722131085871057,53.632006801744126,1.6534664228765368,2.4980671962433685,29.882535159345448,1.364095520795367,9.400697904781447,85.37793560759744,2.2670692296739348
9878-9102,9.43748038341581,3.0493012391192407,55.58754838322438,0.8470913459877001,2.437902223355553,32.40298224540214,1.5655018508936043,8.214595173120722,52.02458621860954,2.5603234362852016
9879-12701,28.513135978941886,4.487418933497154,132.1707830597248,1.8197497695762177,10.18835096672682,76.14064332200408,2.261529484204517,21.878585579068144,180.56139827573926,5.815304315973928
9879-12703,81.84118076302369,2.0893321487021463,53.0797681539957,1.3817935263673353,1.8294682712058707,32.709236408204646,1.0570476375618563,19.004223240040922,102.91321259750588,4.0198645758575955
9879-12704,171.4212456594087,1.7944387429153623,62.11414743576485,1.6003561062170406,1.2642562439965228,31.777784102383116,2.611972317643694,7.506829966933862,188.57275805233508,5.914301791474765
9879-12705,77.36506596134278,1.3368943955785615,50.82351029215439,0.0,0.3986495781987891,15.899730804155286,1.0344617615607121,10.063250251899836,77.36506596134278,2.882329190150681
9879-3703,78.2023055902508,1.2608538864976422,50.51425186148407,1.7871444282845026,0.9196908496588647,24.12159656864338,1.8016247321261418,4.085241269263879,103.32394942354651,0.872462093249226
9879-3704,94.96341238472606,2.7638700518169395,59.764041140474006,0.8577579523913128,2.099359222850454,39.40073895469439,1.1186407572863168,10.407679529519342,109.91696232524332,3.998177802377223
9879-6101,49.01775451862027,1.60535759686608,62.50501323826038,0.7015526811186388,0.42895810240902027,13.192806279164646,1.9808045426976655,7.0545658554302175,71.71903560172882,3.849879874945021
9879-6102,111.90084219399701,1.0386770830348715,56.115778887021214,2.6524970752889447,0.920837430558489,26.037527451392954,2.9183682526798354,9.5291621481742,144.47996546831249,1.4416839772275116
9880-12705,136.71214574061537,4.806432591070057,75.12315315615899,1.4492828912811149,12.984620300129967,59.55007743802323,1.121408348145236,34.08653889937169,163.91833821031875,5.110430301014199
9881-12701,137.97635706020017,1.033804303170338,65.31657274588922,1.1668768183796743,0.5943804200989337,30.286973037070013,1.3170253542393837,5.278614483637499,154.96989639758812,0.9219271819550705
9881-12702,155.51277563246353,2.5588425554281016,69.31517034748035,2.1683556853962878,2.6155676105890864,36.98093478482785,2.1744186196268642,18.66463166040419,186.0169067213844,3.536614618387477
9881-12703,274.85850952850177,1.1517974596884395,82.02423058490729,2.150006174599362,,,1.178,14.676511677328422,300.02064390525686,8.290751389087102
9881-12704,61.9357655130671,0.5939991430395533,67.48372515797232,2.4091074585151295,0.8281049836421849,11.583304233955156,3.01269707190752,10.402812826708576,121.68501340265003,6.016446307861587
9881-12705,3.0151049451988223,0.9864405598552924,58.258985255894096,1.7653562478167557,0.8551338661168341,28.75376630754383,2.3583076371360026,12.344874061175615,77.46549572330913,2.590871844117358
9881-1901,72.70657860660869,1.907456695919538,46.50439392496233,2.271250578013733,1.5652102602510167,58.90179153297193,1.9586214677508051,6.083194818548501,100.9860697886991,4.554305492767574
9881-3702,96.88885560381405,0.9614541443917766,58.86253670834577,2.0190918050443853,0.9772416256417908,34.65276523781755,1.9906504128344782,5.7620937589968495,127.99685952390242,0.8214185014525739
9881-3703,49.45133025383827,2.032097814897035,83.59944303529446,2.2241365719087742,3.0101087793325245,59.31250122435513,1.2776880504534556,13.179196964981646,134.12542070229725,7.22858008686512
9881-6101,196.9686318878207,2.2255297252236645,99.98321414389233,2.3605413725637945,3.0334750051741324,76.7117629483611,2.9221016543256813,17.693448251259703,249.78817345293274,7.324117192023662
9881-6103,65.17628168861475,2.5346538148631605,251.59078985407962,1.33967040810276,4.26389745878704,61.723717785026054,2.9648075222947945,21.183125873797813,298.4062757955658,7.330450992939188
9881-9102,8.165659522577123,2.5890380037206087,48.869171142578125,1.4292831495807037,1.2856704913338444,31.094678506406392,0.5599842100644765,12.214137386442403,58.99225488390292,1.4376937623446187
9882-12701,86.52981034110255,1.2486282583604273,49.445275684863745,1.7180452964896826,0.6575790977495412,16.28369560046147,2.553362900433074,6.59211138617281,108.109878568696,2.4606485894490118
9882-12702,167.97591916745571,1.6278217615711499,55.31043512728564,1.8034253984393889,1.48205929692187,26.427448149016016,2.1139361626721964,8.125083400974052,183.66553343434305,1.6081291045004948
9882-12703,130.6303287022588,1.9035140201905325,59.46240286488419,2.1042066121782455,1.9427292442860502,32.3453239785531,2.685722688493568,15.126548389175127,156.5384581031677,3.0277459093984467
9882-12704,84.61793308713834,1.8044219110810094,75.0233376802474,0.3251571094850084,1.1000179520260183,18.635350757278733,3.5536829782283217,6.923407504430197,94.8174128511543,5.294216035830802
9882-12705,11.026360212959586,2.726468890068161,67.03897793857783,1.7064772714124756,2.575625899187751,35.54531416111949,1.6806211818416479,21.783145642922957,88.26592031476777,1.0941897993607
9882-3701,6.923309877269758,2.340632965202565,99.25350658760975,2.3176440766387496,6.392637187842955,115.75736795494305,2.2857801879447175,21.754446748161847,151.26018409253373,6.471933785861317
9882-3703,68.62376873551561,2.322832521229753,63.46407643512909,1.9898012361195918,2.8063194850699986,52.35446474441994,1.467553152954933,17.024358383608092,112.79859122312402,4.067991076932151
9882-6101,30.025594763091707,2.804375987324505,45.53388586529069,1.0181041226417122,2.762879997014636,21.538158257040347,0.2078523254011596,7.278685186357964,54.88539887510313,3.416725494432627
9882-6104,119.67572903493195,1.1137425643371552,42.57298355161035,2.24371670681009,1.338400331119764,53.234273485619354,2.686719430396747,12.617886409701878,135.60576867631002,5.869132855098376
9882-9101,12.069345285701004,1.2131631572619381,187.15387034719777,1.6138291627622232,3.1426913977789526,62.235331402081144,3.2207751222472583,23.078039968116595,238.06001585116204,7.844218470370606
9883-12701,66.64002054693113,1.685012229010871,55.86273124674864,2.773886721651481,2.20904394744971,54.564496128274385,2.8443466342297095,10.095913670890324,114.4430310341428,7.814516511250223
9883-12703,161.99638054047125,6.328681371352551,94.58275604248047,1.794318661184946,2.7395115359287674,40.22478696755438,1.8036668316498785,20.966924523099216,205.65655488023842,3.102558028646422
9883-1902,,,,1.178,,,1.178,4.699039962834609,,3.0005184265407263
9883-3701,125.26818046362591,1.2302237754877,61.51147003245388,1.9622416966976504,1.4066298244969893,38.64938981000874,2.070205169745205,10.41850898257438,152.04135723611202,0.37488372503378276
9883-3704,22.854461810594774,2.76401694310782,42.489890661694105,0.0,1.4202350427593307,30.44058955336883,1.39827279977768,5.454784181543028,22.854461810594774,2.8805082983529577
9883-9102,145.8258694083754,1.281228153623019,53.78761199940796,1.3422052318992819,0.902569490328093,22.825125273668192,1.8266302371475756,8.59551127913645,158.58224306386467,1.1949846965790125
9884-12701,98.4811425967752,5.177582454937535,65.14122426013387,2.416425409262211,7.856579516993691,56.186401905521116,1.7957874315562008,23.992310406191518,141.25276818869517,5.470670191650161
9884-12702,219.76870742413158,1.7950087248897295,64.12700891575648,2.256111096170966,1.4547930803542546,29.952435614955657,2.9404727269346873,19.362659450712574,239.9500575607482,4.237026241648252
9884-12705,147.03269522773095,2.0182007982700574,72.28294245264375,1.9921262675068472,2.048282229715859,64.83340002271925,2.551807537352932,14.055022195170412,178.9612308307848,5.832698040665464
9884-3704,42.73427746526307,3.6088052281043406,99.00546169080167,2.061470042150855,4.520398336860738,98.39590353735278,1.5228629788644854,20.963263243176705,148.43488713662265,3.8184472353563113
9884-6101,95.33712652585491,4.847668111351547,145.06707654050814,1.3502876796374426,2.571434175304404,42.80840431472754,1.8753679849755467,18.36193094012546,193.66269205887946,1.9299241084345309
9884-6103,18.748328726874313,2.798027006152271,79.4796782608928,2.2219407929060524,2.616948352105321,46.37975911726063,2.3516695137238735,10.520262020266381,119.94808295900958,2.310399426600383
9884-6104,70.21145123395146,6.276311091269134,115.41951602782703,2.172476209614518,5.6093643303051675,71.61167430770828,2.9871401156987254,26.56167066046236,184.03979861527793,6.677172990261086
9884-9101,96.10785739091648,4.682180473997501,92.06410976149576,1.450824319732902,3.1628844896946604,47.034691155338336,2.0494321198548935,14.86635645666783,146.74337281687895,2.116548891661426
9885-12701,131.05175084575885,5.207250848262121,35.36702331959772,2.220632439821982,4.568928773404869,37.23560716310625,1.0419994325998567,15.819448392409702,141.25221040242596,5.8092148771801355
9885-12702,4.421496204497693,4.149290607395224,66.79403104770955,0.0,4.97905773612411,22.63006192722112,0.0,12.617148349338791,4.421496204497693,7.330112004078666
9885-12705,46.32194939713838,6.8495119702351595,88.26313538012238,1.1908721082465072,9.087112677144702,56.25197752112955,1.1826762201209131,31.314921449240735,106.878765530893,1.880614614065719
9885-3702,28.94536889850261,3.077635102751007,53.47070497200117,2.0098882674861853,3.8489524876401564,31.859079959563168,2.855730487328791,10.98792317954784,81.14393796043929,4.841130935101838
9885-3703,47.611804413273276,3.9401845785666403,97.54790289078,1.8806416007239894,7.703245535156461,52.75490439825463,2.711488062849143,27.398690734099983,141.9940303141196,6.9790894456960215
9885-3704,121.76029952564117,1.0512271145523524,49.64033922705064,1.6434391839258353,1.8640167044791263,35.166603464934326,1.6559307945933406,11.356367789348402,137.3873102880244,2.6989048243229634
9885-6101,6.14150465532476,4.044451978592743,53.74404468583959,1.4044446903343242,4.13388482786954,45.33254930279489,1.9688154556967388,17.534553292378163,63.98708851912835,4.293293899013998
9885-6103,24.965192371893842,6.896449351825553,49.14045406564778,1.5922752112993734,6.1494628340074735,32.75243115415757,1.6978148469361782,16.389665753954525,66.8450588563492,2.4443191842421665
9885-6104,81.40081159897504,2.9899564761799917,79.97539718230951,1.7772092018844443,3.483899924706903,49.22572061794447,1.9403821064134235,22.244641330505054,134.1388690877327,4.0504295385366
9885-9101,50.907853260642476,1.5640050561345815,45.31575270847919,1.693687073164111,0.6014416248117144,21.720118361200285,1.0047334586997145,8.176600946157638,77.90780110002534,2.9334395098799204
9885-9102,99.97085544818684,2.083506367782762,43.13491439819336,0.2724872014609673,0.8726907301015252,23.248547771978778,1.7582580783856336,6.107382055379267,102.4752033652621,3.5744649864106193
9886-12701,140.1269658897166,0.6987066777087688,44.162011446698855,1.3691369663209447,0.3148865102833793,22.517450267246417,2.1577719433600007,4.801967950444035,149.35116828702803,2.1004665582808557
9886-12702,56.162847562577895,3.725716737886328,82.84739427996314,1.1162527908274418,3.6460488937477087,70.89377965402923,0.4917397209166472,21.948693405078757,103.99942013828674,6.9309508874832595
9886-12703,94.83138631752098,1.1081004010231577,58.04103995134037,0.5809425390571095,0.6493337865994417,23.090572520038652,0.8327766074371101,11.270638522805665,104.64248260515194,2.4975362681448345
9886-12704,79.92557442173695,1.123758264914497,64.969171112459,1.1780000000000028,0.5471581767228726,17.85795623940602,0.8463692289701161,7.605176728321959,106.58530588407446,3.367477491033369
9886-12705,49.89341927280316,1.4198854830855205,54.988975353263655,1.3481208058351155,1.798193186293559,28.70946235202118,1.6407645899711358,16.2361040061843,81.02952552691352,1.1464169603779064
9886-1901,217.10595689258838,2.9326022751950345,127.23218123754692,1.3264761387696224,16.301630383896757,119.52191042383724,0.4226291455616681,43.88076126189578,261.9313446643239,7.717233289687139
9886-1902,,,,1.178,,,1.178,10.780558085015521,,2.1718196779026666
9886-3704,,,48.542665611647074,2.1375966877260426,,22.29855768828792,2.0151372040101148,5.749284367141117,,1.6585599846791712
9886-6104,92.23928041590759,4.942221393391986,90.71802927469935,1.2891493357716248,3.7199425914290005,66.21633720938104,0.9268799754623545,15.140980968981657,138.26595953548915,3.942304500311059
9886-9101,11.734090025195435,1.7426133950030884,51.17075743270869,0.7327240614469375,1.0761592466873442,24.1281073082727,1.543915324702537,10.744291838788957,45.34630703272126,2.252002632432412
9887-12701,103.1724629429986,2.3744285248106243,77.70527833443612,1.4414078853067342,3.8172188493463195,47.6697095999768,1.3225455692188484,21.601729907313267,139.0968615072097,3.643643735888779
9887-12705,46.355995420736825,4.385859280458175,107.56635773240896,2.0521939424650784,5.434163100171528,43.467449722800104,2.73526782402743,27.82057394575308,160.91560541765122,3.6843567134523125
9887-3701,124.2048694944992,0.9930618355326652,65.27950648689762,1.9220195589200064,1.054651185221101,31.527199901086064,2.7511115345835364,6.221298383856041,153.67944104435963,1.1695309606409003
9887-3702,218.37971022435187,1.8024608076398707,123.9893619780982,1.782760569407246,4.8605054971359065,97.68752349993386,1.3462203148029213,24.234516028981723,274.03780984240933,6.173244007160212
9887-3703,312.5956313936421,2.7701607826707306,100.18732616203998,2.1120409470211765,3.71631229838065,52.37888470803796,2.314062088856837,20.110485768047866,344.84147148415593,2.0191955437149756
9887-6103,6.748213781350077,3.2652087188285486,61.70084923454115,2.416506382848606,3.158290664931731,29.788825620161195,1.5873137302989067,13.371482892817316,96.15178424699755,5.161928192050462
9887-6104,76.99337268807831,2.4422400823321935,143.50924036273528,1.7082635095952812,2.9272047386244537,37.033777168608296,2.9106361362750874,17.88442688264795,202.7547758423517,6.019233990425983
9888-12701,231.1337244374313,0.7699090300639186,76.20988587691582,2.5099725881842447,1.2473307182422753,40.32393587127045,3.5700031982450167,18.621111496224792,260.7692190356034,5.584109192469244
9888-12702,46.77982501259243,2.7753578034973723,96.30904826485394,1.8073375280578916,1.720703200260733,28.628715835879383,2.333844645343326,10.480079285847912,137.6669523752583,5.167580375928727
9888-12704,103.4998797666191,0.7491625842951158,60.04337191234322,1.8240983651270888,0.8561986210593596,25.13294010191971,3.7832696037557803,13.168248497485143,131.4856509800322,2.5563096201915454
9888-12705,151.2508280479915,1.3830295017695582,97.1748581285941,1.637221087732005,1.1547859871448036,38.32888313287316,1.6109306591361547,11.903284537436488,195.79840360154176,1.3790956798048355
9888-3701,67.64654594228273,3.1259070193679874,94.58917093922506,2.310589010016656,4.30132233937997,57.63749255986441,2.9925534023754543,16.222179020556332,158.89981788628202,1.0430260285312467
9888-9101,10.48940324261933,2.7923645549321257,71.83404991067826,2.071195293613094,2.982728415785127,41.19517807530559,1.7972048867585126,42.58598305357306,103.91181865257671,2.3887277722180755
9889-12701,263.45586313104167,3.1458051611196,79.19406483752809,2.506464393642501,2.3201599403144,48.24449536730758,2.4803773522702355,15.184817256197022,291.76837443226333,3.7983180755671064
9889-12702,0.1049202555753483,3.7454232047156957,106.10577925982246,1.5056187591550745,12.675566718657254,79.11887860087819,2.4411218091536657,30.636506069266865,130.1957143661516,4.454894307133847
9889-12704,101.97508025335517,2.995852222774669,64.53089323652378,1.3459279432662314,1.7058689786544479,39.66860761431796,1.309702858831189,11.87301089423672,126.50564743228898,3.8843378999804354
9889-1901,36.6275039269772,2.6705524888140113,85.19517575030271,1.324075359123214,2.370262484815698,51.10915859310769,2.0105227177791383,4.128571258324981,104.6518113108062,1.3352019346733717
9889-1902,44.55229705893035,1.627611975605869,93.37355208684565,1.6443169141099951,3.146144585083074,73.04796277284595,1.8770054510483458,12.374404302110802,127.75398969891779,0.5570528159817018
9889-3704,136.9084867155508,4.012795209783053,114.3576592625024,2.0483811635855735,12.584666901296501,118.05831296372737,1.9412340129567611,21.214241832010437,213.3822750255431,6.696426039641367
9890-12701,98.01911570735926,6.489442629736142,86.78346185958944,1.6070828577544494,3.354141609920545,40.89173858197293,1.7015985670099583,27.132272600282203,147.3474854379908,3.5961511918263867
9890-12702,23.22900973482113,3.2522052104582815,59.021548228157556,1.954355957401603,2.761748085738084,29.6811493435146,2.4675707282313573,16.310817870719564,85.71855231854038,4.1881398208444285
9890-12704,149.73670749158495,4.945425137960826,85.14496749170709,1.9994160349794061,5.682339327193941,46.15260193706049,2.630031108630269,24.826542595090924,192.1358347567978,2.5831130391629977
9890-12705,54.59895764475627,2.295199265558523,69.75511157912761,1.196533306452771,1.7380520699481627,31.92382945013545,1.7490646010146973,12.726654763377441,93.8248833345862,3.6315778155091833
9890-1902,69.62612025923985,5.563479694177243,40.44881057739258,0.9952087947694914,1.4214853878907783,24.565469398933963,1.7069453211309802,3.9599055482731864,80.47399566647157,1.4270255534989575
9890-6102,224.78654389223507,3.428333438645118,92.13636456117382,2.17204957231424,2.375475750947341,51.346245545629486,2.6736743880264866,8.537257813896094,262.6171307301748,4.070817670591775
9890-9101,187.65023552082033,2.104953968764108,97.64286921617555,1.9677573172354363,,,1.178,18.359225531881048,232.32189905919148,9.715172536077798
9891-12704,41.551684322949036,4.2084122138824025,98.49363593158927,1.4543670631011443,8.812320582183675,51.19360616173188,1.214039826426506,10.89131746481075,125.8385950165076,5.558015453936678
9891-1902,183.85055690895967,4.4104561833014575,82.99305976614994,2.0753303307472653,4.749513329389917,58.56866624589591,1.8963468227299103,20.076206345858537,219.30706117245276,2.671308341017068
9891-3702,121.56794440156315,8.801261161388965,127.94770039072503,1.6276258241396588,4.345916631540877,36.593053808062955,1.3657047678421497,39.93358809415175,203.52886593026028,4.623346655915803
9891-6101,290.4904389936285,2.9308640912937864,166.16679024882518,1.4696619730825313,2.351611925377645,70.65023922374522,2.8893147007219344,19.79807618237777,353.50264915060006,7.048191571995496
9891-6102,57.17817978639352,4.916626312856532,96.48577248560159,0.9179923101192788,4.718234698680729,68.52349057203897,0.8817811239098017,25.26346464713652,108.69865498199637,3.8746650561537583
9892-12701,24.17674111627486,1.9682464476174204,45.82124264816996,1.8338826909640047,1.1433086505891856,29.837027881156487,1.9607269304170556,5.45565497341288,66.59511801992352,3.315991041690945
9892-12702,29.865185880376412,3.824984950305087,147.38731139347206,1.441633735436436,2.9566902964715114,132.49568623122798,2.9283285298469,24.13675924377219,179.4674543214377,6.991825157826586
9892-12703,61.52090020306379,1.7867695596236144,35.20965576171875,1.3249868383446581,0.8338214497243781,22.0634748438224,1.830373986440751,7.820636957091175,73.6711182080037,2.709778755844594
9892-12704,94.40948263286012,2.0182419596152363,57.315349053846795,2.3951258432418014,1.0066997249854686,25.682178647984,2.169841680518119,5.994581327249773,129.5424900766474,4.587381184275764
9892-12705,74.12620219148927,3.0381142154560377,54.28440475463867,0.6634415008783638,1.9569420546551497,20.41274197186218,2.349034938297985,9.736176560303669,86.31176634812024,4.501994149481494
9892-3703,120.07274989643064,2.7421187023597726,88.59849486765813,2.2014891144010598,4.240681751268702,145.8447337938978,2.450661317282237,9.612304547602147,178.04066839688284,6.495440103434339
9892-9101,120.42735421776408,1.8963726779289893,61.77008416888184,2.2132726004165084,1.8667837147585449,33.92379953377326,1.9062064342383,6.570380912761972,151.4846034472407,2.1409680904664303
9893-12701,106.07953604675454,2.3100246558836046,53.40983324297918,2.0790724646135628,1.412672065949064,32.19886673867616,1.9304471390616609,8.87798199861642,131.08642747423877,3.4287592038406327
9893-12702,138.8193536801284,2.1414449250062724,76.48845328793642,1.2531805059923018,0.9895471966450121,31.283462085017582,2.017647929559071,6.198789924085036,163.1028044269347,3.005654619731133
9893-12703,78.25938505138345,2.658591920080916,83.7569172756566,2.0395487540649477,2.4304659805728184,48.136595353773174,2.793022534056564,30.757246652765787,142.94200568509504,4.041955680027218
9893-12704,65.67563710617158,4.229262483448907,77.90608229141714,1.1779999999999968,2.9050291908894366,40.37960525572262,1.9458376663146968,9.65062449240077,107.06536615741832,3.454932136569569
9893-3701,53.36920181238285,1.980947514760738,68.26475979883833,1.5216697095434801,4.896529327162492,93.1134139785496,1.092617350065413,25.308606997768393,99.69639096801465,6.382303419601446
9893-3703,127.55079510157411,2.02008461091857,234.7292853604648,1.7041000524399004,15.33794238741592,197.8050607247386,2.4864689374531577,47.326589288406936,331.90575912998474,9.836814135125614
9893-3704,91.5005571603144,1.1034601490499847,83.57669528332455,1.7141001389575057,2.1635540308753454,58.95703530967891,2.1769260957142444,15.530370702629128,142.6374814844124,4.261283559259571
9893-6102,,,,2.156933079193027,4.534791809667894,96.088108813816,1.2814871241092238,24.74812814995113,,7.13432541166385
9893-6103,106.31926780882904,2.1455579914542096,97.02700994913778,1.6850443818899268,6.029542525796096,63.98957315751115,2.070286522982217,22.424542791390554,164.82475554582905,6.425251552000023
9893-6104,4.276879366577785,3.449511247991955,51.06502847466899,0.6311558020230505,1.7322578778198807,35.34827345045866,1.5071496394776345,9.80099757540103,40.79359022266752,3.6029841814098114
9893-9102,19.05129536022471,5.181584498345149,54.25556364562293,1.1624795709588238,3.4439150852998757,42.74787895595677,1.3475851529608036,9.823701997059173,61.521570692204904,4.004670490159765
9894-12702,218.30462130478344,1.709226706982718,80.54788974597578,2.389951538281232,2.3285151688268697,47.057370122446244,2.8697595620721668,10.221221669975563,251.32215131550817,3.2465310266376726
9894-12704,196.30205361764163,1.5205215228236493,51.9962232012318,1.1001688505824712,1.115125654635232,26.53599320692277,1.8430863368121875,8.571856704863563,203.73738171987506,2.1155996820168603
9894-12705,84.4902530977061,1.197140097039641,49.27301930986791,0.8733863532624295,1.0249884302045527,22.121963219763046,1.0681154328390599,8.462909547515114,96.22388911169824,1.4094112250418596
9894-1902,35.31164660353445,1.5300498415645438,46.36983352882051,0.7770065697035664,1.0767359764053286,32.25148063416992,0.8457323539122772,4.69892285556213,54.01483099440807,2.3541708521591804
9894-3701,102.90225677307441,3.864428323273837,106.42539561289843,1.5198349668095403,5.70902336802565,118.24963996195935,2.436191352285227,22.46579279751571,166.74255535566635,6.2015036834492445
9894-3703,61.623170300081874,1.9851378010092218,95.9107058279001,1.3769393395957277,2.593749590115719,59.17866607259571,0.36667850367290233,10.902198029143335,128.31091980068433,3.2814772531775365
9894-6101,140.2467533643318,3.954330995215943,107.51440139755476,2.2068294498566496,7.290487663606174,87.15608828203453,2.8619015054100805,20.93030266357231,212.55271845805885,3.7544916094287255
9894-6103,53.137484401723775,1.924557474469527,56.60244968838297,0.24885254787560118,0.4760299566746082,22.23281062342629,1.0607982774136429,5.008159043945895,60.17370959394558,3.0117246144045637
9894-6104,115.37345874824284,1.5311268284136712,69.15462421586012,1.5407945043941673,1.516334090775458,31.173621480076655,2.188319170619041,8.592702293214895,143.80428418120502,0.7588335935541018
9894-9102,27.441198440540788,4.709921239393548,60.52869987487793,1.1978472067429697,1.4765286444096526,31.073640004968954,0.38602871655436233,8.892390354368455,71.7049534051866,2.0910472519464
