plateifu,n_star,n_gas,pa_star,e_pa_star,pa_gas,e_pa_gas,dpa
10001-1902,92,5,175.0,6.999999999999997,,,
10001-1901,73,63,68.0,21.5,99.0,3.5,31.0
10001-3703,94,136,349.0,12.5,345.0,3.0,4.0
10001-6101,221,3,154.0,45.0,,,
10001-12701,149,197,253.0,9.0,235.0,3.0,18.0
10001-12703,255,268,232.0,7.0,235.0,1.5,3.0
10001-6103,306,16,70.0,4.0,,,
10001-12702,380,325,189.0,7.0,187.0,2.5,2.0
10213-12701,131,13,135.0,84.5,,,
10001-6104,309,63,139.0,32.500000000000014,166.0,16.0,27.0
10001-9102,361,36,299.0,2.5,,,
10001-12705,355,374,126.0,5.5,128.0,2.0,2.0
10001-6102,312,300,56.0,2.0,57.0,1.0,1.0
10001-9101,302,229,276.0,14.5,277.0,4.0,1.0
10213-3702,142,0,157.0,21.0,,,
10213-1902,98,98,123.0,3.0,123.0,1.5,0.0
10213-6102,249,17,347.0,3.5,,,
10213-12702,244,244,186.0,23.500000000000007,192.0,3.5,6.0
10213-12704,511,31,16.0,5.0,,,
10213-6104,326,2,19.0,29.5,,,
10213-6103,328,96,207.0,1.5,203.0,1.0,4.0
10213-9102,193,177,338.0,30.499999999999996,358.0,7.9999999999999964,20.0
10213-12705,667,644,333.0,2.5,334.0,1.0,1.0
10214-12705,373,12,326.0,37.49999999999999,,,
10213-9101,409,423,251.0,2.0,249.0,1.0,2.0
10214-3702,184,57,181.0,2.000000000000005,161.0,1.5,20.0
10214-12701,428,434,172.0,4.5,169.0,1.5,3.0
10214-12703,666,347,89.0,0.5,93.0,1.5,4.0
10214-6101,302,293,350.0,16.0,331.0,3.5,19.0
10214-6104,244,271,359.0,6.9999999999999964,6.0,3.0,7.0
10214-9101,470,1,333.0,8.5,,,
10214-6103,305,304,309.0,27.0,313.0,7.5,4.0
10214-9102,295,107,41.0,0.5,234.0,1.5,167.0
10215-12701,312,159,47.0,5.0,220.0,0.5,173.0
10215-1902,84,105,79.0,6.5,337.0,2.0,102.0
10215-12702,351,379,94.0,6.0,88.0,1.5,6.0
10215-3703,177,152,215.0,2.5,218.0,0.5,3.0
10215-3701,184,198,252.0,16.0,248.0,5.5,4.0
10215-12703,583,578,257.0,5.5,258.0,3.0,1.0
10215-12704,704,403,231.0,0.5,228.0,1.0,3.0
10216-1901,99,5,163.0,9.0,,,
10215-6101,178,68,23.0,2.0,295.0,0.5,88.0
10215-9101,138,124,264.0,11.0,267.0,4.0,3.0
10215-9102,211,85,8.0,4.0,18.0,5.0,10.0
10215-6103,185,76,36.0,10.0,24.0,13.0,12.0
10216-1902,89,4,180.0,32.5,,,
10215-6102,321,323,40.0,4.0,38.0,3.0,2.0
10215-6104,268,317,295.0,6.0,293.0,1.5,2.0
10216-12705,243,285,12.0,21.500000000000004,359.0,3.500000000000006,13.0
10216-12701,304,227,230.0,4.5,60.0,0.5,170.0
10216-3704,186,125,21.0,2.0,19.0,2.0,2.0
10216-12702,368,391,314.0,2.5,313.0,1.5,1.0
10217-1902,87,0,218.0,6.0,,,
10216-6103,196,170,225.0,4.0,44.0,2.0,179.0
10217-3702,149,64,180.0,4.500000000000006,180.0,1.0000000000000036,0.0
10216-6101,324,178,184.0,2.5,186.0,2.5,2.0
10217-3701,164,153,126.0,4.0,130.0,2.5,4.0
10217-12702,221,204,337.0,2.5,334.0,3.5,3.0
10217-3704,170,101,71.0,3.0,69.0,0.5,2.0
10216-9102,407,247,224.0,0.5,51.0,2.0,173.0
10217-6103,251,118,73.0,5.0,70.0,3.5,3.0
10217-9101,116,91,85.0,42.0,58.0,7.5,27.0
10217-12701,563,576,78.0,4.5,69.0,1.5,9.0
10218-1902,98,75,202.0,3.5,19.0,2.5,177.0
10218-1901,88,96,10.0,12.500000000000005,16.0,6.5,6.0
10218-3702,189,18,320.0,10.5,,,
10218-3701,145,152,25.0,3.5,25.0,2.5,0.0
10218-12701,331,274,331.0,3.0,331.0,2.0,0.0
10218-3703,169,169,0.0,1.5000000000000038,3.0,1.0,3.0
10218-3704,185,183,112.0,4.0,115.0,3.0,3.0
10218-6101,265,1,236.0,89.5,,,
10218-12703,588,516,210.0,0.5,194.0,0.5,16.0
10218-6104,233,120,236.0,9.5,246.0,2.5,10.0
10218-12704,567,549,158.0,10.5,147.0,2.0,11.0
10218-6102,317,171,277.0,2.0,274.0,1.0,3.0
10218-6103,203,276,296.0,20.0,296.0,3.0,0.0
10219-1901,97,0,97.0,89.5,,,
10218-9101,373,439,28.0,26.999999999999996,22.0,5.0,6.0
10219-3701,176,0,64.0,8.5,,,
10218-9102,452,379,169.0,16.000000000000007,172.0,4.0,3.0
10219-3702,185,2,187.0,6.0,,,
10219-12703,365,343,340.0,0.5,26.0,0.5,46.0
10219-3703,148,0,317.0,52.00000000000001,,,
10219-6101,215,0,273.0,89.5,,,
10219-12705,375,273,133.0,8.0,132.0,2.5,1.0
10219-12701,668,665,312.0,4.0,312.0,2.0,0.0
10219-6103,141,158,166.0,33.5,164.0,6.5,2.0
10220-1901,103,100,215.0,16.5,31.0,3.0,176.0
10220-12704,99,237,26.0,10.5,25.0,3.0,1.0
10220-1902,101,40,358.0,6.999999999999997,,,
10219-9101,358,377,51.0,9.0,57.0,3.5,6.0
10220-3701,113,80,149.0,11.5,179.0,11.000000000000007,30.0
10220-12702,388,371,210.0,1.5,212.0,0.5,2.0
10219-9102,476,476,67.0,2.0,68.0,1.5,1.0
10220-12701,391,536,95.0,4.0,101.0,2.5,6.0
10220-6101,319,20,136.0,5.0,,,
10220-12703,593,544,164.0,3.0,150.0,0.5,14.0
10220-6103,335,330,339.0,1.5,336.0,1.0,3.0
10220-12705,678,676,216.0,1.5,215.0,1.0,1.0
10221-12701,299,216,304.0,8.5,293.0,0.5,11.0
10220-9102,326,394,76.0,5.5,72.0,2.0,4.0
10220-9101,475,455,62.0,2.0,63.0,1.0,1.0
10221-1902,76,76,220.0,8.5,218.0,8.5,2.0
10221-3701,137,106,37.0,5.5,37.0,3.5,0.0
10221-3704,135,159,3.0,13.500000000000002,13.0,2.5,10.0
10221-12702,473,555,153.0,30.0,139.0,5.5,14.0
10221-12704,603,402,102.0,89.5,111.0,11.0,9.0
10221-6101,266,278,197.0,13.499999999999998,48.0,3.5,149.0
10221-6104,313,124,112.0,2.5,33.0,3.5,79.0
10221-6102,244,275,306.0,2.5,307.0,1.0,1.0
10221-12703,606,648,70.0,12.5,83.0,3.5,13.0
10221-12705,673,577,157.0,7.0,155.0,5.5,2.0
10222-12703,232,171,142.0,3.5,144.0,4.0,2.0
10222-12701,505,302,99.0,1.5,99.0,0.5,0.0
10222-12705,343,355,53.0,7.5,53.0,0.5,0.0
10222-3701,174,184,89.0,2.5,91.0,1.5,2.0
10222-3703,187,107,129.0,43.0,22.0,6.5,107.0
10222-3704,146,152,357.0,2.0,355.0,1.0,2.0
10222-12702,561,590,213.0,1.5,214.0,0.5,1.0
10222-1902,78,97,43.0,6.0,222.0,4.0,179.0
10222-6102,221,236,0.0,89.5,4.0,9.500000000000007,4.0
10222-6104,213,15,17.0,0.5,,,
10222-6101,321,321,74.0,1.5,74.0,1.0,0.0
10222-6103,302,275,172.0,6.5,171.0,1.5,1.0
10223-12701,264,39,182.0,1.0,,,
10222-9101,188,182,163.0,17.000000000000007,169.0,5.0,6.0
10223-1901,83,21,35.0,89.5,,,
10223-1902,95,93,99.0,14.0,89.0,5.0,10.0
10223-3701,187,155,1.0,2.5000000000000053,24.0,2.5,23.0
10223-3703,186,178,358.0,2.500000000000006,359.0,1.9999999999999993,1.0
10223-12703,271,314,287.0,7.0,283.0,2.0,4.0
10223-6101,149,199,289.0,28.5,285.0,5.0,4.0
10223-6102,314,6,157.0,22.5,,,
10223-6103,292,0,7.0,24.0,,,
10223-12702,484,491,143.0,11.5,313.0,2.0,170.0
10223-6104,161,146,165.0,42.0,182.0,8.0,17.0
10223-9102,197,121,162.0,10.0,157.0,6.0,5.0
10224-1901,76,53,64.0,17.0,76.0,11.0,12.0
10224-12701,302,174,10.0,69.5,332.0,12.5,38.0
10224-3702,183,183,24.0,7.0,27.0,2.5,3.0
10224-3704,194,55,201.0,2.5,189.0,1.0,12.0
10224-3703,145,150,3.0,9.0,359.0,3.500000000000006,4.0
10224-6102,313,35,10.0,5.0,,,
10224-12705,293,253,305.0,4.5,169.0,2.5,136.0
10224-6103,295,271,235.0,4.0,234.0,2.0,1.0
10224-6101,267,317,87.0,5.0,85.0,1.5,2.0
10224-6104,252,327,79.0,10.0,84.0,2.5,5.0
10224-12702,357,410,358.0,16.000000000000004,244.0,6.0,114.0
10224-9101,390,401,278.0,2.0,274.0,1.0,4.0
10224-12703,486,434,111.0,1.0,112.0,0.5,1.0
10225-12701,394,369,122.0,6.5,127.0,3.0,5.0
10224-9102,207,171,190.0,4.0,186.0,2.0,4.0
10225-6101,94,97,147.0,16.5,311.0,1.0,164.0
10226-12701,130,93,124.0,38.5,156.0,56.5,32.0
10225-12702,266,210,0.0,89.5,314.0,41.5,46.0
10225-1902,97,0,303.0,9.0,,,
10225-3701,141,106,88.0,10.0,82.0,4.0,6.0
10225-3703,164,3,16.0,6.5,,,
10225-6102,229,266,208.0,25.999999999999996,211.0,5.5,3.0
10225-6104,288,10,339.0,22.000000000000004,,,
10226-1902,86,104,313.0,89.5,42.0,8.5,89.0
10226-12702,333,2,173.0,3.5,,,
10226-3702,122,182,161.0,86.0,216.0,37.50000000000001,55.0
10226-12703,358,0,123.0,7.0,,,
10226-3701,104,26,51.0,35.5,,,
10226-12704,271,315,272.0,4.5,270.0,2.0,2.0
10226-1901,55,89,119.0,76.5,300.0,8.0,179.0
10225-9102,197,159,140.0,41.5,84.0,8.0,56.0
10226-6101,0,0,,,,,
10225-12703,661,654,316.0,6.5,321.0,2.5,5.0
10492-1901,84,74,313.0,40.5,347.0,17.5,34.0
10226-3703,180,180,42.0,3.5,34.0,1.5,8.0
10226-6104,317,295,149.0,2.0,150.0,0.5,1.0
10492-3701,187,0,12.0,7.0,,,
10226-9102,465,268,16.0,2.5,26.0,1.0,10.0
10492-3702,121,0,132.0,37.50000000000001,,,
10492-3703,128,33,124.0,8.0,,,
10492-3704,157,156,12.0,3.5,8.0,1.0,4.0
10492-6101,142,54,340.0,8.5,311.0,7.5,29.0
10492-12701,683,679,99.0,2.0,101.0,1.5,2.0
10492-12705,670,371,268.0,1.0,269.0,1.5,1.0
10492-12703,606,413,37.0,2.5,15.0,1.0,22.0
10492-6102,323,312,6.0,1.0,4.0,0.5,2.0
10492-6103,301,283,237.0,3.0,254.0,3.5,17.0
10492-12702,561,495,180.0,3.000000000000006,179.0,2.500000000000006,1.0
10493-12702,324,274,69.0,6.5,72.0,4.0,3.0
10492-9102,474,380,338.0,2.5,337.0,2.0,1.0
10492-12704,621,595,85.0,3.0,88.0,1.0,3.0
10493-6101,262,0,297.0,23.0,,,
10493-1902,98,81,303.0,11.5,97.0,89.5,154.0
10493-12703,522,501,179.0,14.500000000000007,162.0,3.5,17.0
10493-6103,240,4,16.0,1.5,,,
10493-12704,164,196,180.0,19.000000000000007,162.0,5.5,18.0
10493-3702,195,6,24.0,9.5,,,
10493-12701,313,362,273.0,5.5,279.0,1.5,6.0
10494-1901,65,0,30.0,30.5,,,
10493-12705,376,459,258.0,8.0,258.0,2.0,0.0
10492-9101,481,327,230.0,2.5,236.0,4.5,6.0
10494-1902,102,3,134.0,6.5,,,
10493-9102,372,385,60.0,5.0,66.0,3.0,6.0
10494-12704,447,194,4.0,0.5,351.0,0.5,13.0
10494-6103,6,57,,,160.0,2.5,
10494-3702,111,0,232.0,8.5,,,
10494-3704,107,125,62.0,9.5,64.0,5.0,2.0
10494-6102,317,11,2.0,15.499999999999996,,,
10493-9101,381,296,28.0,10.5,19.0,3.0,9.0
10494-12703,692,7,290.0,1.0,,,
10495-12703,297,157,219.0,0.5,118.0,0.5,101.0
10495-1902,96,0,86.0,3.5,,,
10495-12702,603,29,136.0,36.5,,,
10495-1901,96,96,323.0,5.0,329.0,2.0,6.0
10495-3704,132,0,318.0,20.5,,,
10495-3701,204,64,285.0,4.0,289.0,1.5,4.0
10495-3702,196,196,255.0,6.5,257.0,3.0,2.0
10495-3703,196,1,40.0,3.5,,,
10495-12704,298,285,17.0,2.5,18.0,1.0,1.0
10495-12701,451,430,178.0,1.0,173.0,0.5,5.0
10494-9102,390,285,155.0,2.0,154.0,1.5,1.0
10495-6101,326,120,70.0,1.5,266.0,0.5,164.0
10495-6102,265,198,128.0,2.5,129.0,2.0,1.0
10495-12705,267,281,317.0,4.5,320.0,2.0,3.0
10495-6103,301,310,273.0,6.5,282.0,1.5,9.0
10496-1902,93,10,117.0,11.0,,,
10495-9102,283,47,292.0,7.0,,,
10496-3704,174,13,249.0,3.5,,,
10496-3703,189,5,136.0,6.5,,,
10496-3701,140,0,343.0,25.000000000000007,,,
10496-1901,92,91,191.0,8.0,170.0,2.5,21.0
10496-3702,190,191,110.0,2.5,110.0,1.0,0.0
10496-12702,681,650,242.0,0.5,243.0,0.5,1.0
10496-6101,249,315,39.0,7.0,37.0,1.5,2.0
10496-12703,313,333,302.0,31.0,278.0,4.5,24.0
10496-6103,123,255,200.0,13.5,203.0,2.0,3.0
10496-6102,303,315,61.0,6.5,61.0,2.5,0.0
10496-12701,237,220,116.0,3.5,117.0,1.0,1.0
10497-12702,195,18,313.0,0.5,,,
10496-12705,349,419,305.0,4.5,303.0,2.0,2.0
10497-1901,82,68,359.0,43.0,20.0,4.0,21.0
10497-3704,168,22,13.0,4.0,,,
10496-9101,331,0,204.0,29.000000000000007,,,
10497-6103,195,102,118.0,15.5,121.0,6.0,3.0
10497-6104,155,142,41.0,11.0,218.0,4.0,177.0
10497-6102,316,0,228.0,89.5,,,
10497-3701,120,174,53.0,17.5,46.0,3.0,7.0
10497-12704,381,2,65.0,89.5,,,
10498-12703,280,28,199.0,7.5,,,
10497-12705,253,295,308.0,8.5,321.0,1.5,13.0
10498-1902,97,81,215.0,5.5,215.0,1.0,0.0
10496-9102,282,240,238.0,5.0,243.0,3.0,5.0
10498-3704,143,186,322.0,6.0,319.0,1.5,3.0
10497-12701,266,219,0.0,89.5,78.0,4.0,78.0
10498-6102,191,1,134.0,89.5,,,
10497-12703,308,273,35.0,4.5,33.0,3.5,2.0
10498-6101,224,84,302.0,0.5,316.0,0.5,14.0
10497-9101,396,0,279.0,31.0,,,
10498-6103,210,11,58.0,0.5,,,
10498-12704,701,669,185.0,4.5000000000000036,186.0,2.0,1.0
10498-12705,669,678,75.0,2.0,70.0,1.5,5.0
10498-9101,468,469,128.0,1.0,128.0,0.5,0.0
10498-6104,247,111,331.0,4.0,330.0,3.5,1.0
10499-1901,100,99,0.0,89.5,80.0,10.0,80.0
10499-1902,99,99,56.0,4.5,57.0,3.5,1.0
10499-3702,167,188,316.0,4.0,139.0,2.0,177.0
10499-12702,677,4,347.0,39.5,,,
10499-3704,184,188,356.0,3.0,354.0,2.0,2.0
10499-3703,171,185,147.0,3.5,147.0,2.5,0.0
10499-6101,245,12,344.0,0.5,,,
10499-6102,322,147,305.0,1.5,290.0,5.5,15.0
10499-12705,672,665,0.0,6.5,356.0,2.5,4.0
10499-12704,380,285,215.0,1.5,214.0,1.0,1.0
10499-6104,279,66,307.0,6.5,286.0,0.5,21.0
10500-1902,78,2,139.0,6.0,,,
10499-12701,653,630,104.0,7.5,103.0,3.0,1.0
10499-6103,264,320,165.0,9.5,163.0,3.5,2.0
10499-9101,354,4,41.0,34.0,,,
10499-9102,228,136,258.0,2.5,253.0,0.5,5.0
10500-3704,124,2,90.0,32.0,,,
10500-3702,187,175,261.0,4.0,255.0,0.5,6.0
10500-6101,224,234,165.0,4.0,164.0,2.0,1.0
10500-9101,483,4,9.0,11.999999999999998,,,
10500-6103,292,2,110.0,4.0,,,
10500-12701,239,214,140.0,2.5,136.0,0.5,4.0
10500-6102,210,141,334.0,16.5,333.0,4.5,1.0
10500-6104,304,321,121.0,3.0,122.0,1.0,1.0
10501-1901,81,96,58.0,8.0,57.0,3.0,1.0
10501-1902,98,98,277.0,5.0,275.0,3.5,2.0
10500-12705,675,1,176.0,82.5,,,
10501-3701,112,169,42.0,5.5,43.0,1.5,1.0
10500-12704,330,446,17.0,1.5,224.0,0.5,153.0
10501-12702,458,531,221.0,5.0,215.0,2.0,6.0
10501-3703,191,189,271.0,6.0,268.0,3.0,3.0
10501-3704,189,29,139.0,3.5,,,
10501-12705,186,187,137.0,42.5,152.0,24.999999999999996,15.0
10501-6103,141,82,266.0,2.0,278.0,11.5,12.0
10501-12703,659,628,239.0,10.5,234.0,3.0,5.0
10502-1902,98,98,13.0,9.5,19.0,4.0,6.0
10501-12704,530,530,266.0,4.0,265.0,1.0,1.0
10501-6102,247,212,298.0,4.0,303.0,2.5,5.0
10502-1901,103,103,241.0,8.5,241.0,3.5,0.0
10501-9101,218,38,271.0,7.0,,,
10502-3701,204,4,93.0,4.0,,,
10502-3703,134,12,358.0,4.000000000000002,,,
10502-12703,286,280,81.0,2.5,82.0,1.0,1.0
10502-3704,199,38,217.0,4.5,,,
10502-3702,188,10,62.0,3.5,,,
10502-12704,197,183,70.0,5.5,79.0,3.0,9.0
10502-6103,295,332,215.0,8.5,212.0,2.0,3.0
10502-12701,383,269,77.0,2.0,62.0,2.5,15.0
10502-6104,158,201,300.0,7.5,310.0,2.5,10.0
10503-1902,96,3,26.0,3.5,,,
10502-9102,304,35,159.0,5.5,,,
10502-9101,288,65,323.0,15.5,319.0,4.5,4.0
10503-3701,179,1,211.0,6.5,,,
10503-1901,88,60,42.0,3.5,177.0,10.500000000000007,135.0
10503-12705,651,2,55.0,62.0,,,
10503-3702,182,0,273.0,18.5,,,
10503-12701,514,548,94.0,13.0,87.0,2.5,7.0
10503-3704,181,0,339.0,4.5,,,
10503-3703,118,155,199.0,10.5,194.0,3.0,5.0
10503-12703,553,475,294.0,1.0,294.0,1.0,0.0
10503-12704,416,442,297.0,2.0,293.0,1.0,4.0
10503-6103,101,36,7.0,34.5,,,
10503-6102,172,121,328.0,4.5,328.0,5.0,0.0
10504-1902,94,4,52.0,3.0,,,
10504-1901,96,0,177.0,10.5,,,
10503-6101,315,3,109.0,89.5,,,
10503-12702,574,559,124.0,1.0,124.0,1.0,0.0
10504-3701,136,0,28.0,31.999999999999996,,,
10504-3702,187,1,33.0,4.0,,,
10504-12701,322,226,175.0,6.500000000000004,174.0,2.5,1.0
10503-9101,222,7,105.0,0.5,,,
10504-12702,250,5,225.0,2.5,,,
10504-3704,178,16,227.0,2.0,,,
10504-3703,184,147,352.0,2.5,349.0,2.5,3.0
10504-6103,194,27,120.0,4.5,,,
10504-6102,289,2,229.0,9.0,,,
10504-12703,626,567,215.0,6.5,207.0,2.5,8.0
10504-6101,128,0,231.0,23.0,,,
10504-6104,316,316,255.0,2.0,258.0,1.0,3.0
10505-12702,283,1,198.0,4.5,,,
10505-1902,83,0,259.0,6.0,,,
10505-12703,346,356,14.0,15.000000000000002,9.0,5.5,5.0
10504-12704,473,603,344.0,3.5,345.0,2.0,1.0
10505-1901,71,7,184.0,2.0,,,
10505-12701,312,222,70.0,4.5,74.0,0.5,4.0
10505-3701,187,13,340.0,4.0,,,
10505-3704,112,0,244.0,39.5,,,
10504-9101,466,345,336.0,4.0,334.0,0.5,2.0
10505-3702,165,0,127.0,8.0,,,
10505-12704,370,283,122.0,4.5,122.0,2.0,0.0
10506-1902,91,2,116.0,15.5,,,
10505-6103,147,9,266.0,7.0,,,
10505-3703,165,33,256.0,7.5,,,
10505-6104,155,97,242.0,89.5,244.0,25.0,2.0
10505-12705,656,2,321.0,3.5,,,
10506-3701,194,67,109.0,3.0,127.0,9.0,18.0
10506-3704,152,0,178.0,43.5,,,
10506-12701,166,148,228.0,19.5,44.0,7.0,176.0
10506-12704,240,370,224.0,26.0,240.0,2.5,16.0
10506-6104,163,263,285.0,15.0,291.0,5.5,6.0
10506-12705,435,428,275.0,7.0,284.0,4.0,9.0
10506-6101,323,170,105.0,2.5,102.0,3.0,3.0
10506-6103,320,6,293.0,3.0,,,
10506-12703,602,578,36.0,4.5,37.0,1.5,1.0
10506-6102,301,233,170.0,7.0,177.0,3.500000000000008,7.0
10506-9102,284,188,307.0,8.0,313.0,0.5,6.0
10507-12701,597,11,312.0,20.5,,,
10507-3701,172,105,202.0,4.0,201.0,4.5,1.0
10506-9101,480,475,54.0,2.5,54.0,1.5,0.0
10507-1901,89,39,359.0,11.000000000000007,,,
10507-12702,318,380,166.0,15.499999999999998,173.0,2.5,7.0
10507-12704,347,251,201.0,0.5,264.0,0.5,63.0
10507-3702,142,140,359.0,4.000000000000001,357.0,3.000000000000008,2.0
10507-3704,188,188,163.0,8.5,161.0,4.0,2.0
10507-6103,251,115,102.0,3.0,107.0,6.5,5.0
10507-6101,314,88,84.0,3.0,92.0,1.5,8.0
10507-6102,298,317,93.0,6.5,91.0,2.0,2.0
10507-12705,537,538,241.0,2.0,239.0,1.0,2.0
10507-12703,562,473,155.0,2.0,153.0,1.5,2.0
10507-6104,316,315,293.0,1.5,289.0,0.5,4.0
10508-3701,167,64,182.0,9.000000000000004,93.0,7.5,89.0
10508-3703,186,2,163.0,16.000000000000007,,,
10508-3704,190,3,51.0,9.5,,,
10507-9101,419,416,73.0,5.5,73.0,2.5,0.0
10507-9102,480,453,57.0,1.5,57.0,0.5,0.0
10508-9102,213,29,85.0,30.5,,,
10508-12705,450,318,106.0,3.5,106.0,3.0,0.0
10508-12702,575,507,110.0,2.5,109.0,1.5,1.0
10508-12701,585,636,120.0,2.5,119.0,1.0,1.0
10509-3702,195,0,350.0,3.0,,,
10509-3703,180,179,193.0,38.0,44.0,30.5,149.0
10508-6104,245,258,231.0,4.0,238.0,1.0,7.0
10508-12703,673,654,295.0,3.0,297.0,2.5,2.0
10509-12704,286,2,13.0,4.5,,,
10508-6103,204,275,281.0,2.0,327.0,0.5,46.0
10509-12705,415,296,77.0,4.0,76.0,0.5,1.0
10509-6102,324,280,97.0,10.5,98.0,6.5,1.0
10510-1901,87,42,268.0,5.0,,,
10509-12701,528,492,114.0,4.5,111.0,2.0,3.0
10509-12702,599,525,64.0,0.5,63.0,0.5,1.0
10509-6103,216,225,326.0,7.0,324.0,2.5,2.0
10509-9102,277,5,102.0,89.5,,,
10509-6104,270,302,164.0,4.5,165.0,2.0,1.0
10510-12702,433,10,302.0,4.5,,,
10509-9101,470,449,304.0,1.5,301.0,0.5,3.0
10510-3701,189,5,75.0,27.0,,,
10510-12705,507,131,315.0,0.5,235.0,0.5,80.0
10510-6104,283,5,125.0,1.5,,,
10510-3704,179,177,193.0,10.5,17.0,3.5,176.0
10510-9101,193,139,306.0,21.5,308.0,12.0,2.0
10510-6102,313,2,331.0,29.499999999999996,,,
10510-6101,308,299,216.0,2.5,220.0,1.5,4.0
10510-9102,473,130,358.0,3.000000000000008,4.0,0.5,6.0
10511-1902,104,5,318.0,7.0,,,
10511-1901,103,103,332.0,40.5,95.0,19.5,123.0
10510-12703,665,678,115.0,12.5,117.0,5.0,2.0
10511-3701,189,199,164.0,8.5,158.0,3.5,6.0
10511-3704,184,109,318.0,5.0,308.0,1.0,10.0
10511-12702,151,66,192.0,13.000000000000007,141.0,2.5,51.0
10511-12703,275,263,280.0,1.5,281.0,0.5,1.0
10511-12701,323,248,36.0,7.0,30.0,14.0,6.0
10511-12704,375,473,334.0,3.5,329.0,1.0,5.0
10511-9101,162,65,140.0,1.0,107.0,0.5,33.0
10511-6101,176,239,36.0,8.0,39.0,1.0,3.0
10512-12703,314,117,359.0,4.5,350.0,9.0,9.0
10512-1902,94,43,277.0,89.5,,,
10512-3701,139,15,106.0,10.5,,,
10512-12704,459,409,157.0,0.5,158.0,0.5,1.0
10512-3704,187,15,130.0,7.5,,,
10512-6101,260,114,69.0,2.0,189.0,2.5,120.0
10511-12705,607,682,33.0,1.5,29.0,0.5,4.0
10511-9102,440,7,27.0,9.5,,,
10512-6102,292,231,31.0,6.0,27.0,1.5,4.0
10512-12705,654,654,180.0,4.500000000000006,187.0,2.0,7.0
10512-12702,667,599,128.0,2.0,127.0,2.0,1.0
10512-6103,304,285,301.0,1.5,302.0,0.5,1.0
10512-12701,616,593,16.0,0.5,16.0,0.5,0.0
10512-6104,314,315,296.0,6.0,297.0,2.0,1.0
10512-9101,240,214,137.0,4.0,138.0,1.0,1.0
10513-12703,231,186,171.0,5.0,162.0,6.0,9.0
10512-9102,311,356,213.0,5.5,222.0,3.5,9.0
10513-12701,630,35,336.0,1.0,,,
10513-12704,664,35,349.0,1.5,,,
10513-6101,306,7,9.0,24.5,,,
10513-3702,178,125,106.0,11.0,128.0,14.5,22.0
10513-3703,155,147,208.0,9.0,209.0,5.0,1.0
10513-6104,275,87,134.0,3.5,129.0,4.5,5.0
10514-1902,80,18,137.0,33.0,,,
10513-6103,175,245,77.0,17.0,90.0,2.5,13.0
10513-12705,342,340,246.0,5.0,244.0,2.0,2.0
10513-9101,340,195,125.0,4.0,326.0,11.5,159.0
10514-3701,126,137,247.0,12.5,235.0,5.0,12.0
10513-12702,675,659,166.0,5.0,167.0,3.0,1.0
10514-3703,185,121,160.0,10.5,183.0,21.000000000000007,23.0
10514-12701,651,636,273.0,9.0,268.0,2.5,5.0
10514-6101,201,146,295.0,2.5,298.0,0.5,3.0
10514-12702,648,662,22.0,11.0,19.0,3.0,3.0
10514-12705,319,217,167.0,3.5,161.0,1.0,6.0
10514-6102,149,85,41.0,12.5,41.0,4.5,0.0
10515-1901,87,93,185.0,26.000000000000007,199.0,8.5,14.0
10514-12703,659,640,329.0,8.5,327.0,2.0,2.0
10515-1902,99,99,296.0,2.5,304.0,3.0,8.0
10514-6103,270,268,222.0,4.5,221.0,1.5,1.0
10514-12704,626,655,99.0,17.0,115.0,8.0,16.0
10514-6104,317,141,166.0,23.500000000000004,174.0,5.499999999999997,8.0
10515-3701,194,194,124.0,17.5,114.0,8.5,10.0
10515-6102,320,42,143.0,7.5,,,
10515-12703,525,0,140.0,89.5,,,
10515-3704,192,173,234.0,2.5,30.0,3.0,156.0
10515-6104,313,58,1.0,3.500000000000005,254.0,28.5,107.0
10514-9101,363,368,236.0,3.5,242.0,1.5,6.0
10515-6103,303,1,357.0,9.0,,,
10516-1901,93,93,276.0,11.5,276.0,4.5,0.0
10516-1902,91,91,321.0,10.5,318.0,9.0,3.0
10515-9101,288,313,175.0,10.999999999999996,187.0,3.5,12.0
10516-3703,179,3,258.0,5.0,,,
10516-12702,531,7,0.0,0.5,,,
10516-3702,170,174,338.0,4.5,332.0,2.0,6.0
10516-12703,132,304,115.0,3.5,309.0,2.0,166.0
10516-12704,109,401,92.0,8.0,85.0,2.5,7.0
10516-6101,319,29,124.0,12.0,,,
10516-6103,255,21,271.0,19.5,,,
10516-3704,178,177,324.0,2.5,317.0,2.0,7.0
10516-12705,230,400,144.0,4.5,282.0,5.0,138.0
10515-9102,460,435,323.0,1.5,323.0,1.5,0.0
10516-6102,184,298,154.0,32.5,145.0,4.0,9.0
10516-6104,277,307,78.0,3.0,84.0,1.5,6.0
10517-1901,76,94,196.0,74.0,70.0,6.5,126.0
10517-1902,83,84,161.0,12.5,154.0,6.5,7.0
10516-9102,176,284,118.0,23.5,129.0,2.5,11.0
10517-3701,175,180,68.0,6.0,63.0,2.5,5.0
10517-12705,167,0,280.0,89.5,,,
10517-12704,245,83,127.0,29.0,328.0,89.5,159.0
10517-12701,420,397,241.0,12.0,230.0,4.5,11.0
10517-3703,186,2,157.0,6.5,,,
10517-3702,129,178,354.0,30.999999999999996,349.0,2.5,5.0
10516-9101,419,72,50.0,10.5,104.0,89.5,54.0
10517-3704,195,195,98.0,2.0,98.0,1.0,0.0
10517-6101,141,172,246.0,4.0,64.0,3.0,178.0
10517-12703,574,590,98.0,2.5,98.0,0.5,0.0
10518-12701,214,37,115.0,5.5,,,
10518-1901,102,60,298.0,2.0,285.0,24.0,13.0
10518-1902,98,98,80.0,3.0,85.0,2.5,5.0
10517-6102,299,278,355.0,1.5,354.0,1.5,1.0
10517-9102,480,197,143.0,3.5,317.0,3.5,174.0
10518-3702,206,21,161.0,1.5,,,
10517-9101,362,362,272.0,7.0,266.0,1.5,6.0
10518-3704,108,127,324.0,2.0,17.0,8.5,53.0
10518-12703,429,433,313.0,3.5,311.0,1.0,2.0
10518-6103,311,282,220.0,1.5,219.0,0.5,1.0
10518-6102,327,303,208.0,1.5,207.0,1.0,1.0
10518-12704,302,161,136.0,2.5,67.0,8.0,69.0
10518-6104,251,66,126.0,6.5,114.0,6.5,12.0
10519-1901,93,44,207.0,5.5,,,
10518-12702,692,642,201.0,1.0,193.0,0.5,8.0
10518-9101,426,297,209.0,1.0,210.0,0.5,1.0
10518-12705,689,688,348.0,0.5,349.0,0.5,1.0
10519-1902,94,13,112.0,2.5,,,
10519-12702,152,254,184.0,8.500000000000002,184.0,1.0,0.0
10518-9102,472,466,265.0,3.0,262.0,1.5,3.0
10519-3701,189,1,305.0,15.0,,,
10519-3702,191,10,165.0,6.5,,,
10519-12703,603,0,317.0,89.5,,,
10519-6104,211,105,52.0,1.5,48.0,0.5,4.0
10519-12701,606,636,88.0,2.5,92.0,0.5,4.0
10519-12704,667,666,126.0,1.5,127.0,1.0,1.0
10520-1901,98,12,3.0,5.500000000000005,,,
10520-1902,94,28,109.0,17.0,,,
10520-3702,125,24,29.0,3.5,,,
10520-12702,223,23,106.0,0.5,,,
10520-12701,406,648,199.0,3.0,201.0,1.0,2.0
10520-3703,188,92,255.0,4.5,273.0,2.0,18.0
10520-3701,159,169,6.0,4.0,9.0,3.0,3.0
10520-6103,122,91,125.0,5.0,124.0,0.5,1.0
10520-12703,433,427,11.0,10.0,18.0,5.5,7.0
10519-9102,478,466,55.0,1.0,56.0,0.5,1.0
10520-6101,319,301,181.0,7.0,182.0,4.000000000000005,1.0
10520-12705,303,375,0.0,89.5,118.0,2.0,118.0
10837-1901,94,16,332.0,89.5,,,
10837-1902,83,89,296.0,9.5,300.0,5.0,4.0
10520-6104,320,323,169.0,5.5,166.0,1.0,3.0
10520-9101,362,377,130.0,9.0,133.0,4.0,3.0
10520-12704,622,610,100.0,2.5,101.0,1.0,1.0
10837-12705,480,5,248.0,8.5,,,
10837-3704,70,5,54.0,6.5,,,
10837-3702,176,30,242.0,17.5,,,
10837-3703,160,4,166.0,66.0,,,
10837-3701,191,187,112.0,1.0,110.0,1.0,2.0
10837-9101,350,87,34.0,6.0,23.0,0.5,11.0
10837-12701,250,428,263.0,89.5,28.0,81.5,125.0
10520-9102,482,475,315.0,1.5,316.0,0.5,1.0
10837-6101,242,44,117.0,17.0,,,
10837-12703,539,463,169.0,0.5,159.0,0.5,10.0
10838-12703,186,216,146.0,37.0,122.0,6.5,24.0
10838-6102,96,261,162.0,89.5,146.0,4.5,16.0
10838-1901,81,9,346.0,8.0,,,
10837-9102,400,446,20.0,5.0,16.0,2.5,4.0
10838-12702,276,0,84.0,0.5,,,
10838-3702,175,190,303.0,22.5,285.0,6.5,18.0
10838-12704,204,186,191.0,8.5,54.0,3.5,137.0
10838-6103,157,230,202.0,27.0,217.0,2.5,15.0
10838-12701,640,678,194.0,7.0,203.0,2.5,9.0
10839-12703,326,1,151.0,3.0,,,
10839-1901,90,1,47.0,10.5,,,
10839-1902,91,90,358.0,4.500000000000002,8.0,5.5,10.0
10838-9101,320,385,105.0,4.5,99.0,1.5,6.0
10838-12705,332,235,159.0,0.5,173.0,0.5,14.0
10839-3704,148,165,157.0,2.5,156.0,2.0,1.0
10839-12704,192,195,141.0,11.0,120.0,3.0,21.0
10838-9102,251,365,304.0,6.5,310.0,2.0,6.0
10840-1901,83,21,304.0,7.0,,,
10839-6101,306,232,344.0,3.5,356.0,3.0000000000000004,12.0
10839-6103,130,0,125.0,10.5,,,
10839-12701,263,363,69.0,17.5,75.0,3.0,6.0
10840-3702,195,79,84.0,5.5,50.0,6.0,34.0
10839-6104,295,178,303.0,4.0,10.0,1.5,67.0
10840-3701,94,100,174.0,14.500000000000002,158.0,7.0,16.0
10839-12705,675,669,306.0,2.0,308.0,1.0,2.0
10839-9101,392,232,235.0,6.0,36.0,4.5,161.0
10840-3703,196,126,103.0,10.0,258.0,24.0,155.0
10840-12701,352,61,313.0,12.0,354.0,2.0,41.0
10840-3704,139,132,8.0,1.5,14.0,1.0,6.0
10840-12702,519,428,193.0,2.0,197.0,1.0,4.0
10840-6104,298,1,130.0,10.5,,,
10841-1901,96,14,236.0,3.0,,,
10840-6103,323,46,119.0,5.5,,,
10841-1902,103,44,340.0,18.5,,,
10841-12703,372,31,255.0,42.5,,,
10840-9102,404,118,46.0,14.5,48.0,9.0,2.0
10841-3702,106,159,262.0,35.0,268.0,5.5,6.0
10841-6101,186,69,98.0,7.0,80.0,5.5,18.0
10841-3703,187,127,203.0,1.5,207.0,1.5,4.0
10841-12704,659,15,82.0,32.5,,,
10841-6103,258,95,259.0,1.5,254.0,0.5,5.0
10841-6104,165,147,324.0,17.5,135.0,6.0,171.0
10841-12705,401,364,252.0,89.5,42.0,29.500000000000007,150.0
10842-1901,98,98,108.0,2.5,107.0,1.0,1.0
10841-9102,457,4,67.0,89.5,,,
10841-12702,678,570,146.0,11.5,140.0,2.5,6.0
10841-12701,680,678,84.0,1.0,84.0,0.5,0.0
10842-12701,486,367,63.0,4.5,68.0,6.0,5.0
10842-3701,177,3,160.0,3.0,,,
10842-6101,208,1,354.0,78.0,,,
10842-3704,187,88,215.0,6.0,191.0,2.0,24.0
10842-3703,188,188,204.0,3.5,203.0,2.5,1.0
10843-1902,99,0,273.0,8.0,,,
10842-12705,514,558,170.0,1.5,171.0,1.0,1.0
10843-12702,124,216,203.0,46.0,175.0,7.999999999999998,28.0
10842-6102,305,274,33.0,1.0,33.0,1.5,0.0
10843-12703,198,147,329.0,16.5,344.0,4.0,15.0
10843-3701,168,97,133.0,6.5,136.0,1.0,3.0
10843-12705,281,6,148.0,48.5,,,
10843-3704,183,17,342.0,4.0,,,
10842-9102,405,378,299.0,2.5,297.0,0.5,2.0
10843-3703,165,180,71.0,7.0,212.0,3.5,141.0
10843-3702,189,189,240.0,2.5,244.0,0.5,4.0
10843-6101,251,51,129.0,12.0,133.0,2.5,4.0
10842-12704,622,591,353.0,1.0,354.0,1.0,1.0
10842-12702,690,516,27.0,1.5,31.0,1.0,4.0
10843-6103,169,175,20.0,32.000000000000014,229.0,5.5,151.0
10844-1901,82,82,232.0,5.5,238.0,3.0,6.0
10844-3702,191,17,23.0,6.5,,,
10843-9102,248,193,20.0,12.5,20.0,2.5,0.0
10844-6104,325,0,5.0,88.5,,,
10844-12701,271,298,228.0,16.5,251.0,5.0,23.0
10844-6103,298,17,62.0,27.0,,,
10844-12704,386,25,119.0,4.5,,,
10844-12705,266,329,180.0,3.000000000000005,177.0,0.5,3.0
10845-1902,95,40,345.0,3.0,,,
10845-12701,364,112,84.0,5.5,85.0,1.5,1.0
10845-3703,185,56,300.0,2.5,358.0,0.5,58.0
10845-3704,150,0,136.0,9.0,,,
10845-12703,211,217,254.0,10.0,249.0,4.0,5.0
10844-12702,603,592,129.0,7.0,125.0,2.0,4.0
10845-6104,278,139,337.0,5.5,346.0,2.5,9.0
10845-6103,313,140,344.0,2.5,344.0,0.5,0.0
10845-6101,248,251,44.0,4.5,202.0,0.5,158.0
10845-12704,468,429,126.0,5.5,128.0,2.0,2.0
10846-1902,94,8,328.0,14.0,,,
10846-12701,460,1,256.0,40.0,,,
10846-3701,108,8,93.0,9.5,,,
10846-1901,81,64,33.0,10.0,33.0,5.5,0.0
10846-3703,108,0,92.0,20.5,,,
10845-9101,418,256,320.0,3.0,323.0,3.0,3.0
10846-3704,93,82,72.0,13.5,65.0,3.0,7.0
10845-12705,595,593,344.0,1.0,348.0,0.5,4.0
10846-6102,202,1,67.0,5.5,,,
10846-12704,312,249,30.0,7.0,30.0,4.5,0.0
10846-12702,660,2,329.0,17.5,,,
10846-6103,258,0,238.0,13.0,,,
11004-1901,90,2,322.0,6.5,,,
11004-6104,19,21,,,,,
10846-9101,185,1,173.0,4.0,,,
11004-3702,152,195,203.0,9.0,221.0,3.0,18.0
10846-12705,385,495,19.0,6.0,26.0,2.5,7.0
11004-6103,297,0,164.0,11.0,,,
11004-6102,275,203,111.0,89.5,12.0,6.0,99.0
11004-9102,432,1,291.0,31.0,,,
10846-9102,456,456,147.0,1.5,144.0,1.0,3.0
11006-1901,97,7,266.0,2.5,,,
11006-12701,264,0,112.0,5.0,,,
11006-1902,91,0,52.0,16.5,,,
11004-12701,632,617,264.0,8.5,255.0,2.5,9.0
11004-12703,676,512,313.0,2.5,132.0,1.0,179.0
11006-3701,146,0,51.0,34.0,,,
11006-3703,180,0,53.0,7.5,,,
11004-12705,586,553,69.0,1.0,68.0,0.5,1.0
11006-12702,586,11,197.0,0.5,,,
11006-6101,150,0,160.0,29.499999999999996,,,
11006-3704,182,0,75.0,11.0,,,
11006-3702,188,194,279.0,19.0,273.0,4.5,6.0
11006-12704,633,7,93.0,2.5,,,
11006-12705,294,0,317.0,12.0,,,
11006-12703,536,5,173.0,2.0,,,
11006-6102,319,31,229.0,4.5,,,
11006-6104,229,0,197.0,15.5,,,
11006-9102,168,0,42.0,12.0,,,
11007-12703,246,0,350.0,66.0,,,
11007-3701,194,1,23.0,10.5,,,
11007-3704,192,0,149.0,5.5,,,
11007-3703,136,0,257.0,14.5,,,
11007-6101,146,0,334.0,89.5,,,
11007-1901,111,1,356.0,4.5000000000000036,,,
11007-12701,159,0,210.0,4.5,,,
11007-6102,161,2,96.0,23.0,,,
11007-6103,103,0,168.0,24.999999999999996,,,
11007-12702,642,0,143.0,5.0,,,
11007-12704,186,0,97.0,89.5,,,
11009-1901,82,1,221.0,44.5,,,
11009-3704,176,188,333.0,89.5,311.0,6.0,22.0
11007-9101,431,0,251.0,2.5,,,
11009-6103,213,2,35.0,22.0,,,
11009-12701,557,564,338.0,5.5,331.0,3.0,7.0
11009-12702,179,7,316.0,11.0,,,
11009-1902,99,99,1.0,12.000000000000004,4.0,5.999999999999998,3.0
11009-12704,559,495,13.0,2.5,14.0,1.5,1.0
11009-9101,318,246,95.0,2.0,96.0,1.0,1.0
11009-6104,90,1,101.0,89.5,,,
11009-6101,297,3,101.0,7.5,,,
11010-1902,90,1,334.0,6.5,,,
11009-12705,392,157,228.0,1.5,232.0,1.5,4.0
11009-6102,168,206,59.0,6.5,53.0,1.5,6.0
11009-12703,488,573,0.0,14.499999999999998,356.0,1.5,4.0
11010-3701,160,109,23.0,2.5,21.0,2.0,2.0
11010-3702,197,197,58.0,3.5,61.0,2.0,3.0
11010-12703,229,320,51.0,6.5,65.0,0.5,14.0
11010-12701,680,26,330.0,5.0,,,
11010-6101,306,190,323.0,14.0,325.0,12.5,2.0
11010-3703,197,17,76.0,3.5,,,
11010-12704,595,621,239.0,5.0,251.0,2.5,12.0
11011-12704,161,57,13.0,0.5,229.0,9.5,144.0
11011-1901,91,3,92.0,2.5,,,
11010-6103,329,324,292.0,9.0,290.0,4.5,2.0
11010-6104,324,322,165.0,2.5,170.0,2.0,5.0
11011-1902,98,98,274.0,7.0,282.0,7.0,8.0
11011-12705,300,255,49.0,2.5,48.0,3.0,1.0
11011-3701,190,10,120.0,25.0,,,
11010-9101,482,480,336.0,3.0,335.0,1.5,1.0
11011-12701,411,2,217.0,32.5,,,
11010-9102,478,475,292.0,2.5,289.0,0.5,3.0
11011-3702,184,88,184.0,4.499999999999998,159.0,7.0,25.0
11011-3704,122,35,258.0,3.0,,,
11011-9101,271,11,288.0,2.0,,,
11011-6104,154,232,287.0,10.5,297.0,4.0,10.0
11012-1901,67,1,319.0,7.0,,,
11011-12703,658,642,63.0,8.0,55.0,3.0,8.0
11011-6102,263,218,12.0,29.0,344.0,6.5,28.0
11012-1902,96,4,200.0,7.0,,,
11012-3701,192,4,155.0,3.0,,,
11012-3703,193,20,112.0,89.0,,,
11012-3702,129,108,83.0,24.0,281.0,2.5,162.0
11012-12704,286,271,90.0,2.5,92.0,1.5,2.0
11012-12701,381,317,281.0,2.0,281.0,0.5,0.0
11012-6101,158,202,216.0,7.0,47.0,3.0,169.0
11012-12703,316,229,303.0,7.5,127.0,0.5,176.0
11012-3704,130,29,355.0,3.0,,,
11012-12702,678,649,217.0,1.0,218.0,0.5,1.0
11012-6102,177,128,149.0,5.0,151.0,2.5,2.0
11012-9101,304,93,249.0,1.5,254.0,5.5,5.0
11012-6103,134,82,188.0,6.0,175.0,5.000000000000002,13.0
11013-1901,93,12,257.0,13.0,,,
11012-12705,686,681,39.0,1.0,41.0,1.5,2.0
11012-6104,312,216,180.0,9.500000000000004,354.0,0.5,174.0
11012-9102,496,451,27.0,2.0,27.0,1.0,0.0
11013-12701,696,513,157.0,9.0,137.0,11.0,20.0
11013-3701,183,183,218.0,3.5,218.0,3.0,0.0
11013-1902,91,92,142.0,89.5,150.0,2.5,8.0
11013-3702,192,192,210.0,2.0,221.0,1.0,11.0
11013-3704,169,182,56.0,6.5,56.0,3.0,0.0
11013-3703,189,186,185.0,9.999999999999998,199.0,4.0,14.0
11013-12703,271,288,203.0,9.5,207.0,2.0,4.0
11013-12702,663,649,144.0,1.5,143.0,1.0,1.0
11013-12705,331,295,104.0,13.5,109.0,4.5,5.0
11013-12704,382,487,247.0,8.0,251.0,2.0,4.0
11013-6101,263,312,0.0,1.0000000000000036,32.0,1.0,32.0
11013-6102,288,307,43.0,14.0,248.0,5.0,155.0
11014-1902,94,4,10.0,8.999999999999998,,,
11014-1901,79,0,180.0,38.5,,,
11013-6103,130,120,73.0,30.5,78.0,9.5,5.0
11013-9102,167,171,296.0,7.5,297.0,1.0,1.0
11014-12704,246,7,304.0,0.5,,,
11013-9101,290,31,259.0,4.0,,,
11014-3703,189,0,223.0,15.0,,,
11014-3701,135,0,235.0,16.0,,,
11014-3702,164,0,114.0,3.5,,,
11014-12703,337,0,11.0,19.5,,,
11014-12705,656,47,266.0,2.5,,,
11014-6101,252,2,253.0,5.5,,,
11014-12702,484,0,152.0,8.0,,,
11014-9102,239,0,122.0,40.5,,,
11014-12701,266,236,225.0,4.5,46.0,1.0,179.0
11014-6103,244,0,226.0,25.5,,,
11014-6102,306,52,135.0,1.5,310.0,4.0,175.0
11014-6104,317,14,261.0,5.5,,,
11014-9101,300,180,201.0,2.0,199.0,3.0,2.0
11015-1901,92,0,171.0,7.0,,,
11015-12704,128,0,269.0,24.5,,,
11015-12701,189,0,89.0,33.5,,,
11015-1902,97,13,136.0,6.0,,,
11015-3702,158,1,180.0,6.500000000000008,,,
11015-3704,112,0,234.0,89.5,,,
11015-3701,182,0,31.0,12.5,,,
11015-12702,520,4,300.0,3.0,,,
11015-3703,130,121,257.0,11.5,265.0,5.5,8.0
11015-6101,199,0,239.0,28.5,,,
11015-12705,495,1,94.0,5.0,,,
11015-6103,165,10,164.0,8.0,,,
11015-6102,313,14,189.0,3.0,,,
11016-1901,100,100,59.0,2.5,60.0,1.5,1.0
11016-3701,197,1,292.0,7.5,,,
11015-9102,335,0,320.0,12.0,,,
11015-6104,186,0,92.0,18.5,,,
11016-12705,214,0,345.0,47.5,,,
11016-6103,179,0,198.0,0.5,,,
11016-3703,198,42,246.0,5.5,,,
11016-6101,197,35,299.0,7.0,,,
11016-12701,288,440,349.0,10.5,8.0,1.0,19.0
11016-3702,143,126,23.0,11.5,22.0,5.5,1.0
11016-6104,315,31,197.0,11.0,,,
11017-1901,95,25,98.0,10.5,,,
11017-3702,154,10,76.0,6.0,,,
11017-1902,80,24,44.0,36.0,,,
11016-6102,342,35,337.0,60.0,,,
11017-3703,155,0,339.0,89.5,,,
11016-9101,197,238,253.0,6.0,256.0,2.0,3.0
11017-3704,140,151,271.0,4.0,88.0,2.0,177.0
11016-12703,689,586,271.0,0.5,269.0,0.5,2.0
11017-12701,639,369,134.0,2.0,298.0,1.0,164.0
11017-6101,206,217,44.0,2.5,222.0,1.5,178.0
11017-6104,188,226,79.0,2.0,79.0,1.0,0.0
11017-9102,338,23,194.0,7.0,,,
11017-12705,601,574,286.0,4.0,284.0,2.0,2.0
11018-1901,93,6,25.0,4.5,,,
11017-6103,320,335,155.0,4.0,157.0,1.5,2.0
11017-12704,674,675,248.0,2.0,251.0,1.0,3.0
11018-12701,275,201,348.0,8.0,326.0,14.5,22.0
11017-9101,475,465,350.0,2.0,351.0,1.0,1.0
11018-12703,411,211,116.0,14.5,116.0,5.5,0.0
11018-3701,180,171,126.0,2.0,124.0,1.0,2.0
11018-3702,188,188,97.0,5.5,97.0,3.0,0.0
11018-3703,187,190,185.0,3.0,193.0,2.5,8.0
11018-12705,379,30,253.0,6.0,,,
11017-12703,685,676,334.0,2.5,337.0,1.0,3.0
11018-6104,222,104,181.0,79.5,9.0,13.500000000000002,172.0
11019-1901,97,86,254.0,11.0,105.0,0.5,149.0
11019-1902,98,18,304.0,2.0,,,
11018-9101,484,466,81.0,1.0,82.0,0.5,1.0
11019-3701,190,190,145.0,2.0,143.0,1.0,2.0
11019-3704,103,0,75.0,9.5,,,
11019-3703,192,97,230.0,4.0,227.0,3.0,3.0
11019-6101,170,219,70.0,6.5,65.0,2.5,5.0
11019-6102,228,0,89.0,89.5,,,
11019-12703,304,257,80.0,3.5,83.0,1.5,3.0
11019-12704,369,317,290.0,0.5,289.0,1.0,1.0
11018-9102,441,444,266.0,6.5,264.0,2.5,2.0
11019-9102,166,54,313.0,10.0,300.0,8.5,13.0
11019-12701,357,392,180.0,1.4999999999999978,183.0,0.5,3.0
11020-1901,95,81,280.0,15.0,107.0,2.0,173.0
11020-1902,104,75,81.0,2.0,315.0,0.5,126.0
11019-12702,659,676,111.0,2.5,106.0,1.0,5.0
11019-6104,316,316,259.0,6.0,262.0,2.5,3.0
11020-3703,159,71,257.0,2.0,67.0,2.0,170.0
11019-9101,474,197,8.0,2.5,357.0,1.0,11.0
11020-12705,184,250,7.0,0.5,306.0,0.5,61.0
11020-3702,198,191,220.0,3.5,217.0,2.0,3.0
11020-3704,191,175,313.0,21.5,114.0,6.5,161.0
11020-12704,680,2,125.0,13.5,,,
11021-1902,99,95,83.0,2.0,85.0,0.5,2.0
11021-1901,90,69,129.0,3.0,109.0,6.0,20.0
11021-12703,113,159,276.0,11.5,275.0,2.0,1.0
11020-9102,482,208,248.0,2.5,245.0,1.5,3.0
11020-9101,463,5,135.0,1.5,,,
11020-6101,266,312,42.0,16.0,232.0,4.0,170.0
11020-6102,271,318,112.0,8.5,113.0,3.5,1.0
11021-12705,265,0,251.0,89.5,,,
11021-3704,186,27,194.0,3.5,,,
11021-3702,163,97,288.0,3.0,23.0,3.0,95.0
11021-12702,424,426,285.0,11.5,165.0,14.5,120.0
11021-12704,299,300,18.0,20.0,13.0,3.0,5.0
11021-6102,207,200,119.0,2.0,116.0,1.0,3.0
11021-6101,307,233,311.0,17.0,258.0,1.5,53.0
11022-1901,94,1,40.0,4.5,,,
11021-6103,291,305,41.0,12.0,35.0,2.5,6.0
11022-1902,94,0,322.0,16.0,,,
11022-12702,176,257,339.0,47.50000000000001,132.0,5.0,153.0
11022-3701,203,0,16.0,7.5,,,
11022-3704,189,1,191.0,4.5,,,
11021-9102,389,388,118.0,89.5,87.0,10.5,31.0
11021-9101,475,399,156.0,1.5,161.0,2.5,5.0
11022-12704,342,420,100.0,2.0,99.0,1.0,1.0
11022-3702,190,190,183.0,2.5000000000000036,183.0,2.0,0.0
11022-3703,164,144,19.0,8.0,18.0,4.5,1.0
11022-6102,307,0,26.0,6.5,,,
11022-6103,233,95,359.0,2.499999999999999,355.0,3.0,4.0
11022-6101,224,177,216.0,8.0,202.0,4.0,14.0
11022-12705,406,395,204.0,1.0,57.0,0.5,147.0
11022-12703,677,677,8.0,4.0,10.0,2.0,2.0
11022-6104,283,275,49.0,2.5,51.0,1.0,2.0
11024-3702,102,29,284.0,30.0,,,
11024-3701,198,76,128.0,3.0,135.0,0.5,7.0
11024-3703,149,160,181.0,32.5,177.0,10.500000000000002,4.0
11022-9101,225,120,297.0,12.0,236.0,6.0,61.0
11022-9102,370,24,194.0,0.5,,,
11024-12702,425,5,333.0,6.0,,,
11024-12704,651,120,19.0,5.0,334.0,32.5,45.0
11024-12705,398,0,191.0,11.000000000000004,,,
11024-12703,472,424,74.0,18.0,68.0,1.0,6.0
11024-12701,220,143,310.0,2.5,311.0,0.5,1.0
11024-6103,245,83,42.0,19.0,151.0,1.0,109.0
11024-6101,280,242,15.0,19.0,18.0,2.5,3.0
11024-6102,201,1,161.0,23.0,,,
11025-1901,97,0,352.0,6.5,,,
11025-12702,269,80,139.0,1.0,72.0,0.5,67.0
11025-3701,108,139,222.0,73.5,48.0,89.5,174.0
11024-9101,397,326,102.0,2.0,102.0,2.5,0.0
11025-3703,192,20,46.0,1.5,,,
11025-3704,192,7,157.0,2.0,,,
11024-9102,344,341,118.0,5.5,117.0,2.5,1.0
11025-6102,279,7,238.0,3.0,,,
11025-6104,289,78,212.0,7.5,52.0,3.5,160.0
11025-12705,684,240,269.0,3.5,9.0,1.0,100.0
11025-12703,500,485,347.0,9.0,5.0,4.0,18.0
11025-12701,583,631,166.0,1.5,165.0,0.5,1.0
11025-9101,397,416,49.0,12.5,212.0,4.0,163.0
11742-3701,187,0,317.0,4.0,,,
11025-9102,409,478,9.0,8.0,9.0,0.5,0.0
11742-3702,165,167,318.0,6.5,316.0,1.5,2.0
11742-12701,308,323,78.0,2.0,78.0,1.0,0.0
11742-12705,691,19,279.0,20.0,,,
11742-12702,361,346,311.0,13.5,320.0,4.5,9.0
11742-1901,87,0,252.0,21.0,,,
11025-6103,185,47,10.0,63.0,,,
11742-3703,198,128,227.0,3.5,313.0,2.0,86.0
11742-6102,146,138,217.0,23.0,214.0,6.0,3.0
11742-3704,163,162,301.0,5.0,299.0,1.5,2.0
11742-6101,302,1,342.0,28.499999999999996,,,
11742-9101,408,40,347.0,2.5,,,
11742-6104,309,183,158.0,3.0,158.0,1.5,0.0
11742-9102,295,190,298.0,8.5,300.0,4.0,2.0
11742-12704,692,628,125.0,4.5,125.0,2.0,0.0
11743-12701,197,260,346.0,7.0,350.0,1.0,4.0
11743-1902,94,5,314.0,2.0,,,
11743-1901,89,95,117.0,5.5,118.0,2.5,1.0
11743-3703,150,1,94.0,3.5,,,
11743-6103,208,12,31.0,2.5,,,
11743-6101,313,287,261.0,2.0,261.0,1.0,0.0
11743-6102,206,121,73.0,3.5,73.0,2.0,0.0
11743-3701,135,190,99.0,11.0,83.0,2.5,16.0
11743-12705,457,548,235.0,2.0,236.0,1.0,1.0
11743-12702,550,588,71.0,11.5,62.0,4.0,9.0
11743-12704,375,328,51.0,2.0,50.0,0.5,1.0
11744-1902,101,100,259.0,10.5,273.0,9.0,14.0
11743-6104,321,312,280.0,3.0,279.0,1.0,1.0
11744-1901,88,91,175.0,89.5,285.0,28.5,110.0
11743-9101,237,189,80.0,3.0,85.0,1.5,5.0
11744-12702,482,1,340.0,89.5,,,
11744-12701,542,494,177.0,1.0,178.0,0.5,1.0
11744-6103,288,285,292.0,2.5,292.0,2.0,0.0
11744-6104,301,2,265.0,89.5,,,
11743-9102,481,449,316.0,1.5,316.0,0.5,0.0
11744-12704,269,283,281.0,10.0,286.0,3.5,5.0
11744-12703,643,17,320.0,89.5,,,
11745-1901,102,29,52.0,29.5,,,
11745-3702,146,0,141.0,38.5,,,
11744-9101,447,190,173.0,5.0,175.0,6.0000000000000036,2.0
11745-3704,104,77,192.0,5.0,189.0,5.0,3.0
11745-1902,106,106,7.0,4.5,10.0,2.0,3.0
11745-3701,170,198,159.0,4.5,165.0,2.0,6.0
11745-3703,144,159,82.0,13.0,89.0,4.0,7.0
11745-12702,424,277,209.0,1.5,208.0,1.0,1.0
11745-12704,223,232,7.0,28.500000000000004,359.0,5.500000000000008,8.0
11745-6103,120,83,168.0,18.000000000000007,181.0,3.499999999999999,13.0
11745-9102,95,3,205.0,53.5,,,
11745-12705,635,571,222.0,1.0,223.0,0.5,1.0
11745-6104,321,324,147.0,2.0,148.0,1.0,1.0
11746-3702,138,1,231.0,3.5,,,
11745-9101,430,450,101.0,4.5,103.0,1.5,2.0
11746-3703,149,148,173.0,2.5,174.0,1.5,1.0
11746-12704,389,404,51.0,3.0,52.0,0.5,1.0
11745-12703,548,590,148.0,6.0,149.0,1.5,1.0
11746-12705,455,429,165.0,5.5,168.0,1.5,3.0
11746-3701,186,120,233.0,3.5,235.0,2.5,2.0
11746-6101,253,140,53.0,2.5,61.0,2.5,8.0
11746-12702,346,424,272.0,12.0,269.0,2.0,3.0
11746-3704,188,188,16.0,2.5,18.0,1.5,2.0
11746-6102,317,57,4.0,4.000000000000005,89.0,2.0,85.0
11746-9101,98,40,13.0,6.0,,,
11746-6104,319,69,226.0,5.0,30.0,0.5,164.0
11746-12701,564,402,142.0,2.0,140.0,0.5,2.0
11746-6103,311,85,190.0,14.0,113.0,0.5,77.0
11747-12701,426,370,324.0,29.999999999999996,327.0,9.0,3.0
11747-1901,99,57,53.0,30.5,133.0,25.0,80.0
11747-3704,207,3,179.0,3.500000000000006,,,
11747-3702,153,1,151.0,12.5,,,
11747-12702,397,402,128.0,2.5,127.0,1.5,1.0
11747-3701,205,210,201.0,2.0,215.0,4.5,14.0
11747-6102,156,198,99.0,27.5,68.0,5.5,31.0
11747-6103,238,10,5.0,1.5,,,
11747-6104,240,1,232.0,89.5,,,
11747-12703,687,518,49.0,2.5,337.0,0.5,72.0
11747-12705,451,370,149.0,3.0,150.0,2.0,1.0
11747-9102,400,420,85.0,4.5,88.0,2.0,3.0
11748-3702,191,0,300.0,4.5,,,
11748-3704,195,106,32.0,3.0,232.0,4.5,160.0
11748-1901,82,0,330.0,27.5,,,
11748-1902,87,2,54.0,11.0,,,
11747-9101,295,186,311.0,2.5,313.0,1.0,2.0
11748-9101,137,0,31.0,28.5,,,
11748-3703,199,0,93.0,30.0,,,
11748-6103,331,51,322.0,2.5,117.0,1.0,155.0
11749-1901,96,0,18.0,20.500000000000007,,,
11748-6101,244,67,76.0,11.5,80.0,17.0,4.0
11749-1902,81,12,170.0,89.5,,,
11748-9102,378,266,61.0,10.0,50.0,5.5,11.0
11749-3701,179,109,184.0,3.5000000000000036,180.0,2.9999999999999996,4.0
11749-3704,123,126,20.0,4.0,23.0,2.5,3.0
11749-3703,187,55,312.0,4.0,312.0,3.0,0.0
11749-6104,230,62,326.0,7.0,115.0,2.5,149.0
11748-12703,382,405,198.0,4.0,203.0,1.5,5.0
11749-12703,653,0,276.0,1.5,,,
11748-12705,686,664,203.0,1.0,203.0,0.5,0.0
11749-12705,105,58,37.0,0.5,119.0,1.5,82.0
11749-12704,648,487,339.0,2.0,337.0,1.0,2.0
11749-9102,402,129,216.0,4.0,234.0,0.5,18.0
11750-3703,152,81,33.0,7.0,217.0,3.5,176.0
11750-3701,196,196,89.0,6.5,89.0,3.5,0.0
11750-3702,156,182,266.0,89.5,338.0,6.0,72.0
11750-6104,178,60,185.0,2.0,154.0,25.000000000000004,31.0
11750-6102,206,247,135.0,7.5,142.0,4.0,7.0
11750-12701,668,665,187.0,2.5,187.0,1.5,0.0
11751-1902,74,1,154.0,5.5,,,
11751-1901,93,92,353.0,10.499999999999996,357.0,6.4999999999999964,4.0
11750-12704,610,614,46.0,4.5,226.0,2.0,180.0
11750-9102,279,190,142.0,11.5,239.0,2.5,97.0
11750-9101,287,303,171.0,2.0,167.0,1.0,4.0
11751-12703,188,121,39.0,40.0,28.0,15.5,11.0
11751-3701,159,190,37.0,5.5,37.0,1.5,0.0
11750-12703,523,499,327.0,89.5,76.0,4.5,109.0
11751-3702,189,188,46.0,44.0,76.0,6.0,30.0
11751-6104,118,23,178.0,8.499999999999996,,,
11751-6102,315,294,54.0,1.5,56.0,1.0,2.0
11751-6103,267,247,107.0,10.0,93.0,6.5,14.0
11751-9101,136,145,222.0,10.5,217.0,4.0,5.0
11751-9102,195,191,146.0,5.5,143.0,2.5,3.0
11751-12702,612,674,246.0,12.0,234.0,3.5,12.0
11751-12705,381,370,21.0,3.0,15.0,2.0,6.0
11751-6101,313,289,117.0,1.5,120.0,0.5,3.0
11752-3701,167,78,327.0,89.0,274.0,3.5,53.0
11752-3703,183,23,40.0,5.0,,,
11752-12702,265,157,336.0,3.0,330.0,1.5,6.0
11752-3704,190,88,130.0,3.5,314.0,1.5,176.0
11752-12704,271,226,308.0,3.5,306.0,2.5,2.0
11752-12701,416,501,199.0,43.5,162.0,1.0,37.0
11752-6103,304,75,172.0,1.0,146.0,0.5,26.0
11752-6102,315,93,260.0,16.0,131.0,2.0,129.0
11752-9101,441,2,358.0,26.000000000000007,,,
11752-12703,390,286,226.0,9.0,216.0,4.5,10.0
11753-1901,101,101,351.0,6.5,353.0,3.0,2.0
11752-9102,381,52,103.0,89.5,343.0,3.0,120.0
11752-6104,318,324,253.0,8.0,250.0,2.5,3.0
11753-12701,319,262,16.0,2.5,26.0,0.5,10.0
11753-6101,161,3,94.0,21.5,,,
11752-12705,621,665,108.0,26.5,111.0,11.0,3.0
11753-3704,116,185,188.0,35.0,197.0,7.5,9.0
11753-3703,203,203,110.0,2.5,107.0,1.5,3.0
11753-12705,378,451,285.0,89.5,291.0,3.5,6.0
11753-12702,474,462,311.0,3.5,144.0,1.5,167.0
11753-6104,244,322,321.0,3.5,323.0,1.5,2.0
11753-9102,120,6,121.0,45.0,,,
11753-6103,298,324,188.0,4.0,193.0,2.0,5.0
11754-1901,83,100,97.0,7.0,97.0,2.0,0.0
11754-1902,86,94,29.0,24.5,34.0,6.5,5.0
11754-3701,136,183,184.0,15.00000000000001,214.0,3.5,30.0
11754-12704,244,215,18.0,4.0,21.0,1.5,3.0
11754-3702,196,45,275.0,4.0,,,
11754-3704,145,116,157.0,3.0,159.0,1.5,2.0
11754-12702,158,195,115.0,7.0,108.0,3.5,7.0
11754-6103,247,0,7.0,33.5,,,
11754-12701,512,477,182.0,1.5,182.0,1.0,0.0
11754-6102,313,227,279.0,2.5,285.0,2.5,6.0
11754-12703,679,65,56.0,89.5,167.0,4.0,111.0
11755-1902,102,97,77.0,10.0,103.0,28.0,26.0
11755-3701,150,14,52.0,8.5,,,
11754-9101,272,4,81.0,89.5,,,
11754-6104,321,237,343.0,2.0,341.0,1.0,2.0
11754-12705,659,586,251.0,2.5,252.0,3.0,1.0
11754-9102,193,81,72.0,10.5,79.0,0.5,7.0
11755-3702,173,0,248.0,4.0,,,
11755-3703,154,195,162.0,20.5,193.0,7.5,31.0
11755-12702,112,135,260.0,17.5,275.0,5.0,15.0
11755-6104,157,129,185.0,5.0,183.0,1.5,2.0
11755-12704,275,320,326.0,3.0,324.0,0.5,2.0
11755-12701,358,389,22.0,5.5,18.0,2.0,4.0
11755-9101,108,153,254.0,12.5,285.0,3.0,31.0
11755-6103,325,127,252.0,3.0,250.0,5.0,2.0
11755-12703,584,601,334.0,2.5,336.0,1.0,2.0
11757-12702,199,87,198.0,7.0,206.0,4.5,8.0
11757-1901,93,1,208.0,14.5,,,
11757-1902,92,2,344.0,3.0,,,
11757-12705,250,228,143.0,9.0,141.0,3.5,2.0
11757-3702,181,155,23.0,2.5,23.0,1.0,0.0
11757-3701,168,124,81.0,7.5,76.0,3.5,5.0
11757-6101,297,2,203.0,7.0,,,
11757-3704,188,1,157.0,22.0,,,
11757-6102,257,10,168.0,2.5,,,
11757-6103,327,55,46.0,3.0,49.0,5.0,3.0
11755-9102,492,485,79.0,2.0,81.0,1.0,2.0
11757-9101,253,152,117.0,5.5,112.0,3.5,5.0
11757-6104,287,313,270.0,2.0,271.0,1.0,1.0
11757-12704,688,598,280.0,0.5,277.0,1.0,3.0
11757-12703,659,638,1.0,1.999999999999998,1.0,1.0000000000000036,0.0
11758-12702,657,624,128.0,5.0,123.0,2.0,5.0
11758-3703,185,32,304.0,3.5,,,
11758-3704,184,132,319.0,8.0,122.0,6.5,163.0
11757-9102,409,2,59.0,6.0,,,
11758-12701,664,124,275.0,1.5,184.0,0.5,91.0
11758-12703,504,443,336.0,8.0,353.0,1.0,17.0
11758-6102,257,194,299.0,2.0,300.0,1.5,1.0
11758-9102,121,4,315.0,0.5,,,
11758-6101,319,295,224.0,2.0,221.0,4.5,3.0
11758-12705,663,272,10.0,4.5,11.0,0.5,1.0
11758-6103,319,319,71.0,13.5,65.0,5.5,6.0
11759-1901,94,0,353.0,3.5,,,
11759-1902,90,52,4.0,6.500000000000005,191.0,7.5,173.0
11758-12704,365,384,297.0,1.0,287.0,0.5,10.0
11758-9101,457,473,189.0,22.0,212.0,5.5,23.0
11759-3703,180,146,198.0,15.500000000000007,319.0,82.0,121.0
11759-3704,142,6,260.0,40.5,,,
11759-3701,149,119,294.0,6.5,292.0,2.0,2.0
11759-12701,305,339,348.0,2.5,345.0,1.0,3.0
11759-3702,186,186,326.0,8.5,324.0,4.5,2.0
11759-12703,473,598,301.0,1.5,299.0,0.5,2.0
11759-12702,439,562,249.0,1.5,250.0,1.0,1.0
11759-6103,302,23,302.0,8.0,,,
11759-12704,491,437,227.0,6.5,48.0,4.0,179.0
11759-6102,205,250,330.0,1.5,5.0,0.5,35.0
11760-1901,94,94,41.0,6.5,34.0,4.0,7.0
11759-6104,152,111,197.0,89.5,208.0,12.0,11.0
11760-12703,364,376,7.0,6.0,7.0,1.5,0.0
11760-3701,112,152,14.0,22.0,19.0,3.5,5.0
11760-3703,138,99,32.0,3.5,33.0,2.0,1.0
11760-12704,274,247,232.0,4.5,229.0,3.0,3.0
11760-12702,228,229,8.0,16.0,12.0,4.5,4.0
11760-6104,164,8,204.0,76.5,,,
11760-6102,137,195,64.0,12.5,63.0,2.5,1.0
11759-9102,440,322,94.0,4.5,98.0,1.5,4.0
11760-6103,318,318,215.0,2.0,217.0,1.0,2.0
11760-3702,186,188,251.0,4.5,262.0,2.5,11.0
11761-1901,88,90,26.0,17.0,207.0,1.5,179.0
11760-12701,667,653,158.0,2.5,156.0,2.0,2.0
11760-9101,471,464,340.0,1.5,340.0,0.5,0.0
11760-9102,289,195,26.0,3.0,31.0,1.5,5.0
11761-3704,111,18,54.0,8.5,,,
11761-3703,142,189,347.0,6.5,357.0,3.5000000000000004,10.0
11761-3702,175,0,17.0,89.5,,,
11761-12701,661,650,15.0,4.0,19.0,2.5,4.0
11761-12703,676,672,143.0,1.5,143.0,0.5,0.0
11761-6101,318,159,131.0,2.5,127.0,1.0,4.0
11761-12704,662,668,220.0,1.5,218.0,0.5,2.0
11761-12702,650,654,239.0,2.0,240.0,1.0,1.0
11761-12705,666,636,231.0,3.0,231.0,0.5,0.0
11823-1902,105,10,38.0,3.5,,,
11823-1901,80,94,331.0,16.0,313.0,29.0,18.0
11761-9101,175,229,74.0,23.5,82.0,3.0,8.0
11823-3701,181,0,96.0,89.5,,,
11761-6103,174,258,192.0,25.5,186.0,3.5000000000000036,6.0
11823-12701,568,1,168.0,2.5,,,
11761-6104,322,162,152.0,4.0,143.0,3.0,9.0
11823-12703,285,143,302.0,2.5,305.0,0.5,3.0
11823-6101,152,27,276.0,89.5,,,
11823-12702,483,491,339.0,1.5,339.0,0.5,0.0
11823-3704,190,2,309.0,5.5,,,
11823-12705,438,31,312.0,0.5,,,
11823-3703,209,209,25.0,1.5,22.0,1.5,3.0
11823-6102,300,103,262.0,7.0,263.0,4.0,1.0
11824-1901,87,80,43.0,22.5,22.0,14.0,21.0
11824-1902,88,74,347.0,3.5,334.0,2.0,13.0
11824-3702,168,2,99.0,5.0,,,
11823-9102,484,277,276.0,11.0,262.0,5.5,14.0
11824-3701,186,181,44.0,3.5,41.0,1.5,3.0
11824-12703,334,0,352.0,15.500000000000004,,,
11824-3704,186,2,253.0,4.5,,,
11824-3703,171,22,117.0,14.5,,,
11823-9101,387,383,321.0,1.0,316.0,0.5,5.0
11824-12704,678,16,17.0,21.5,,,
11824-6103,260,11,340.0,7.5,,,
11824-6104,168,42,324.0,5.0,,,
11824-6101,318,164,275.0,1.0,275.0,1.5,0.0
11826-1901,93,64,186.0,6.000000000000004,189.0,3.0,3.0
11824-12701,585,613,100.0,3.0,98.0,1.0,2.0
11824-12705,642,620,319.0,2.0,317.0,1.0,2.0
11824-9102,157,127,206.0,12.0,205.0,5.0,1.0
11826-1902,95,104,334.0,9.0,335.0,5.5,1.0
11826-3701,190,204,160.0,6.5,154.0,3.5,6.0
11824-9101,476,447,64.0,2.5,62.0,2.0,2.0
11826-3702,123,99,325.0,17.5,345.0,10.0,20.0
11826-12702,223,282,319.0,8.0,126.0,1.0,167.0
11826-3703,89,70,258.0,8.0,266.0,7.0,8.0
11826-12704,390,362,321.0,4.0,133.0,1.5,172.0
11826-6101,215,1,230.0,23.0,,,
11826-6103,197,184,5.0,3.0,359.0,1.0000000000000049,6.0
11826-6102,308,169,7.0,1.5,8.0,1.0,1.0
11826-6104,332,284,233.0,6.5,237.0,1.0,4.0
11826-12703,390,617,287.0,11.0,282.0,3.0,5.0
11826-9102,310,7,54.0,89.5,,,
11827-3703,189,4,338.0,16.5,,,
11827-12703,292,31,186.0,0.5,,,
11827-3702,167,6,82.0,6.0,,,
11827-12701,201,18,275.0,0.5,,,
11827-3704,188,4,55.0,2.0,,,
11826-9101,487,490,208.0,21.0,218.0,10.0,10.0
11827-12702,437,8,78.0,89.5,,,
11827-6101,317,42,254.0,2.5,,,
11827-9102,297,12,109.0,71.0,,,
11827-6102,149,162,94.0,4.0,89.0,2.5,5.0
11828-1901,97,97,143.0,14.0,142.0,8.0,1.0
11828-12701,222,0,357.0,71.5,,,
11828-3702,165,41,156.0,4.5,,,
11827-12704,679,679,31.0,1.0,31.0,0.5,0.0
11828-3701,189,152,310.0,2.5,294.0,3.0,16.0
11828-6103,276,5,39.0,3.0,,,
11828-6102,212,73,250.0,14.5,252.0,19.0,2.0
11828-9101,206,249,126.0,6.0,132.0,2.0,6.0
11828-12704,515,492,318.0,2.0,316.0,1.0,2.0
11828-12705,661,225,102.0,16.5,68.0,77.5,34.0
11828-12702,589,575,292.0,17.5,296.0,2.0,4.0
11830-1901,91,39,316.0,8.5,,,
11830-1902,93,65,36.0,7.0,47.0,20.0,11.0
11828-9102,218,382,215.0,5.5,211.0,2.5,4.0
11830-3702,194,194,57.0,2.0,60.0,1.0,3.0
11830-3703,188,132,184.0,5.0000000000000036,186.0,3.0,2.0
11828-12703,673,669,65.0,4.0,66.0,1.5,1.0
11830-6104,316,316,309.0,4.0,308.0,1.5,1.0
11830-9101,480,111,77.0,11.5,91.0,0.5,14.0
11830-12701,614,641,282.0,1.5,284.0,0.5,2.0
11830-12705,650,481,336.0,4.5,336.0,3.0,0.0
11831-1901,94,93,263.0,89.5,246.0,7.5,17.0
11830-12704,674,649,17.0,1.0,16.0,0.5,1.0
11830-12702,687,593,224.0,3.0,221.0,3.5,3.0
11831-1902,75,0,276.0,9.5,,,
11830-9102,470,456,115.0,1.0,115.0,0.5,0.0
11831-12705,245,5,291.0,15.0,,,
11831-3703,185,44,3.0,2.5000000000000036,,,
11831-6103,123,99,1.0,69.5,200.0,15.5,161.0
11831-3704,180,127,176.0,4.5000000000000036,172.0,8.0,4.0
11831-3701,186,148,278.0,3.5,298.0,4.5,20.0
11831-12701,667,518,289.0,0.5,288.0,0.5,1.0
11831-6102,310,295,157.0,3.0,156.0,1.5,1.0
11831-12703,652,650,53.0,2.5,50.0,1.0,3.0
11831-12704,667,666,252.0,3.0,250.0,1.5,2.0
11831-6101,305,287,260.0,3.5,264.0,1.5,4.0
11832-1901,92,72,86.0,3.5,87.0,3.0,1.0
11831-9101,337,315,19.0,4.0,22.0,2.0,3.0
11832-3703,135,0,259.0,7.5,,,
11832-3701,108,161,36.0,3.5,33.0,1.0,3.0
11831-9102,304,397,39.0,3.0,26.0,1.5,13.0
11832-12705,300,256,246.0,5.0,251.0,4.5,5.0
11832-12704,374,344,207.0,7.0,210.0,2.5,3.0
11832-12701,486,506,190.0,7.0,203.0,1.5,13.0
11832-6101,207,2,248.0,13.5,,,
11832-12703,678,0,283.0,89.5,,,
11832-3704,193,191,88.0,4.5,76.0,2.0,12.0
11832-6102,244,195,337.0,2.5,342.0,2.0,5.0
11832-6103,193,224,302.0,4.5,302.0,2.0,0.0
11832-12702,527,457,302.0,1.5,302.0,1.5,0.0
11833-3701,190,40,345.0,2.5,,,
11832-9102,201,186,10.0,9.500000000000005,9.0,2.5,1.0
11832-9101,464,367,249.0,1.5,249.0,1.0,0.0
11833-1901,97,96,333.0,3.0,338.0,1.5,5.0
11833-3703,187,19,338.0,2.5,,,
11833-12701,120,115,155.0,13.5,140.0,3.5,15.0
11833-3702,189,168,78.0,0.5,79.0,1.0,1.0
11833-12704,230,165,92.0,10.5,81.0,5.0,11.0
11833-3704,86,148,80.0,15.0,81.0,2.5,1.0
11833-12702,677,675,115.0,1.5,114.0,1.0,1.0
11834-12701,151,79,3.0,6.500000000000006,16.0,10.000000000000007,13.0
11833-6103,185,207,6.0,7.0,10.0,2.5,4.0
11834-3702,108,0,271.0,6.5,,,
11834-1902,95,78,235.0,32.5,72.0,4.5,163.0
11834-12703,289,377,315.0,7.5,312.0,2.0,3.0
11833-6104,281,261,139.0,3.0,139.0,1.0,0.0
11833-9102,389,404,123.0,1.5,121.0,1.0,2.0
11834-3701,158,142,216.0,5.0,214.0,1.5,2.0
11834-3703,165,0,283.0,4.5,,,
11834-12702,196,205,287.0,17.5,292.0,2.5,5.0
11834-6104,270,109,46.0,0.5,161.0,1.0,115.0
11834-6102,205,296,329.0,11.5,335.0,2.5,6.0
11834-6101,303,2,268.0,89.5,,,
11834-12704,456,554,209.0,3.5,210.0,1.5,1.0
11835-1902,100,1,257.0,6.0,,,
11834-12705,652,625,267.0,1.0,267.0,0.5,0.0
11834-6103,219,144,183.0,6.500000000000006,184.0,2.999999999999998,1.0
11834-9101,482,463,281.0,1.0,279.0,0.5,2.0
11835-3701,187,7,156.0,5.5,,,
11834-9102,291,359,270.0,2.5,270.0,1.5,0.0
11835-12701,212,47,35.0,5.0,,,
11835-12704,379,19,268.0,2.5,,,
11835-3704,181,181,98.0,5.5,103.0,3.0,5.0
11835-12703,542,64,144.0,3.0,316.0,7.5,172.0
11835-6103,160,0,243.0,31.0,,,
11835-3703,168,61,96.0,5.5,111.0,89.5,15.0
11835-6104,289,124,352.0,0.5,358.0,5.0,6.0
11836-1902,97,97,61.0,7.0,60.0,3.0,1.0
11835-9102,469,4,254.0,2.5,,,
11835-6101,280,319,262.0,10.0,272.0,3.5,10.0
11836-12704,383,323,233.0,3.0,233.0,2.0,0.0
11836-1901,80,100,307.0,13.5,308.0,3.0,1.0
11835-12705,672,641,316.0,0.5,314.0,0.5,2.0
11836-12703,646,2,213.0,89.5,,,
11836-3703,180,23,35.0,14.0,,,
11836-3702,197,89,237.0,5.0,232.0,3.5,5.0
11836-3701,136,148,261.0,5.0,249.0,0.5,12.0
11836-6101,135,144,18.0,40.50000000000001,200.0,4.5,178.0
11836-6104,295,8,223.0,5.0,,,
11836-12705,256,348,6.0,19.5,13.0,3.5,7.0
11836-6102,325,61,272.0,0.5,35.0,0.5,123.0
11836-12702,372,432,53.0,8.5,57.0,3.5,4.0
11836-9102,225,236,5.0,4.5,17.0,1.5,12.0
11838-3703,162,4,239.0,2.5,,,
11836-9101,454,2,135.0,2.5,,,
11838-3701,193,188,266.0,5.0,265.0,3.0,1.0
11838-3704,184,180,0.0,8.499999999999996,173.0,1.0,173.0
11838-1901,69,54,81.0,2.5,113.0,7.0,32.0
11838-3702,194,199,350.0,3.0,344.0,1.5,6.0
11838-12702,545,500,246.0,2.5,246.0,1.5,0.0
11838-6104,151,1,205.0,2.0,,,
11838-6102,271,80,313.0,39.0,13.0,0.5,60.0
11838-12704,619,4,201.0,89.0,,,
11863-12701,244,252,279.0,16.5,282.0,4.0,3.0
11838-6103,328,328,6.0,4.0,359.0,2.499999999999999,7.0
11838-12705,675,302,344.0,2.5,345.0,1.0,1.0
11838-9101,275,232,199.0,6.5,230.0,3.0,31.0
11863-3701,192,0,163.0,8.0,,,
11863-3702,170,91,164.0,7.0,131.0,3.0,33.0
11863-1902,99,19,339.0,4.0,,,
11863-1901,53,82,225.0,89.5,103.0,12.5,122.0
11838-9102,377,67,12.0,4.5,2.0,1.0,10.0
11863-6104,331,8,130.0,6.5,,,
11865-1902,101,101,277.0,5.5,274.0,3.0,3.0
11865-3701,129,177,282.0,15.0,275.0,4.5,7.0
11863-12704,685,517,129.0,10.0,136.0,14.0,7.0
11865-3703,120,165,260.0,12.0,266.0,4.0,6.0
11865-12705,302,142,272.0,0.5,232.0,1.0,40.0
11863-9101,330,73,325.0,20.0,240.0,12.5,85.0
11863-12702,625,609,131.0,3.0,128.0,2.0,3.0
11865-12702,458,505,76.0,2.5,77.0,1.0,1.0
11863-9102,422,395,200.0,2.0,196.0,0.5,4.0
11865-3704,162,3,356.0,12.000000000000004,,,
11865-12703,195,233,174.0,6.500000000000006,173.0,3.5,1.0
11865-12701,511,540,322.0,3.0,323.0,1.0,1.0
11865-6102,312,277,140.0,4.0,140.0,3.0,0.0
11865-6103,227,193,212.0,16.5,212.0,4.0,0.0
11865-6104,234,225,126.0,3.5,125.0,1.5,1.0
11866-12704,302,6,47.0,2.5,,,
11866-3702,171,26,85.0,2.5,,,
11865-9102,434,463,302.0,4.0,301.0,1.5,1.0
11866-6104,208,1,165.0,45.00000000000001,,,
11866-12705,358,314,329.0,4.0,328.0,2.0,1.0
11866-3701,153,142,359.0,9.5,1.0,3.000000000000005,2.0
11866-6102,306,284,175.0,1.5,170.0,1.0,5.0
11866-12703,457,485,109.0,5.0,97.0,1.5,12.0
11866-12701,660,653,280.0,1.0,280.0,0.5,0.0
11867-1901,71,94,12.0,18.000000000000004,7.0,5.0,5.0
11866-9102,290,241,267.0,28.5,273.0,9.0,6.0
11867-3703,163,34,338.0,2.5,,,
11867-6101,252,19,117.0,6.5,,,
11866-12702,670,626,246.0,5.5,242.0,2.5,4.0
11867-3704,117,90,337.0,3.5,335.0,1.5,2.0
11867-3702,164,60,215.0,1.5,228.0,5.5,13.0
11867-3701,193,189,352.0,15.5,355.0,13.500000000000005,3.0
11867-12702,366,1,226.0,9.0,,,
11867-6103,230,75,312.0,3.5,310.0,0.5,2.0
11868-1902,96,0,12.0,17.499999999999996,,,
11867-12703,420,328,128.0,2.5,129.0,0.5,1.0
11867-12701,497,466,290.0,89.5,311.0,8.5,21.0
11867-12705,618,588,197.0,5.0,198.0,2.0,1.0
11867-6104,309,250,329.0,3.0,331.0,1.0,2.0
11867-9101,288,296,358.0,3.5000000000000004,359.0,0.5,1.0
11868-3701,173,1,268.0,5.0,,,
11868-3702,151,16,343.0,4.5,,,
11868-12702,216,204,336.0,9.5,24.0,0.5,48.0
11867-9102,458,9,247.0,89.5,,,
11868-6102,302,302,223.0,3.5,222.0,2.0,1.0
11871-1901,96,0,86.0,12.5,,,
11868-6101,106,121,204.0,46.5,188.0,4.0,16.0
11868-9102,237,50,46.0,65.5,314.0,89.5,92.0
11868-9101,115,144,11.0,14.499999999999995,12.0,3.0,1.0
11871-1902,86,86,15.0,4.5,17.0,3.5,2.0
11868-6104,323,323,80.0,4.5,83.0,2.5,3.0
11871-3702,147,175,51.0,7.0,52.0,4.5,1.0
11871-3701,163,0,116.0,30.5,,,
11871-3704,179,0,229.0,19.0,,,
11871-12705,368,2,144.0,10.5,,,
11868-12703,654,644,296.0,2.0,295.0,1.5,1.0
11871-6101,327,0,259.0,2.5,,,
11871-6102,315,0,193.0,89.5,,,
11871-12701,660,624,273.0,2.0,273.0,0.5,0.0
11871-6103,325,306,139.0,3.0,143.0,2.0,4.0
11871-12702,683,239,291.0,2.5,286.0,5.0,5.0
11871-6104,323,248,93.0,10.0,91.0,5.0,2.0
11872-3704,167,2,168.0,5.5,,,
11872-3703,167,64,250.0,3.5,250.0,3.0,0.0
11872-3701,191,96,182.0,20.5,174.0,2.5,8.0
11872-12702,574,514,343.0,2.5,344.0,1.0,1.0
11872-6103,321,15,308.0,14.0,,,
11872-12704,649,624,209.0,4.0,217.0,1.5,8.0
11939-12701,255,0,60.0,24.5,,,
11872-12703,674,5,84.0,40.5,,,
11872-6104,316,282,190.0,1.5,190.0,1.0,0.0
11939-3701,185,75,16.0,6.5,357.0,7.999999999999998,19.0
11872-9102,479,467,37.0,2.0,37.0,0.5,0.0
11939-3702,163,0,219.0,7.0,,,
11939-9101,95,182,355.0,9.500000000000007,348.0,5.0,7.0
11939-6104,304,118,339.0,5.0,347.0,3.5,8.0
11939-6102,324,4,295.0,4.5,,,
11939-12703,424,6,96.0,89.5,,,
11939-12702,619,561,227.0,14.5,231.0,4.0,4.0
11871-9101,272,10,182.0,12.999999999999996,,,
11939-6103,324,32,218.0,11.5,,,
11871-9102,401,29,156.0,4.5,,,
11940-1902,91,88,218.0,2.5,219.0,2.0,1.0
11940-3703,170,144,60.0,6.5,58.0,2.5,2.0
11939-12705,499,205,148.0,1.0,152.0,1.5,4.0
11940-1901,91,13,153.0,41.0,,,
11940-3702,190,7,100.0,12.0,,,
11940-3704,150,33,102.0,3.5,,,
11940-12703,137,0,260.0,89.5,,,
11939-9102,329,4,42.0,24.5,,,
11940-6101,120,78,186.0,40.00000000000001,184.0,11.5,2.0
11940-12702,652,301,226.0,5.0,211.0,1.0,15.0
11940-6102,303,52,38.0,3.5,257.0,1.0,141.0
11940-12701,669,574,199.0,1.0,199.0,1.0,0.0
11940-6103,293,293,31.0,5.0,30.0,1.5,1.0
11941-3701,184,24,357.0,8.0,,,
11940-12704,666,463,20.0,6.5,15.0,0.5,5.0
11940-6104,326,292,65.0,2.0,63.0,1.0,2.0
11941-3703,192,17,2.0,2.999999999999998,,,
11941-6101,144,52,288.0,17.5,294.0,9.5,6.0
11940-9102,409,400,9.0,0.5,8.0,1.0,1.0
11941-6102,320,0,35.0,2.5,,,
11941-6103,323,203,68.0,2.5,73.0,2.0,5.0
11941-6104,185,142,212.0,10.0,202.0,4.5,10.0
11941-12703,532,497,77.0,20.5,72.0,5.5,5.0
11942-1902,99,22,67.0,3.0,,,
11941-12701,601,474,295.0,1.0,296.0,0.5,1.0
11941-12702,674,1,198.0,2.0,,,
11942-3701,186,3,295.0,2.5,,,
11941-9101,276,430,77.0,33.0,70.0,4.0,7.0
11942-12701,454,419,104.0,1.0,105.0,0.5,1.0
11942-3703,192,3,305.0,3.0,,,
11942-3702,185,162,247.0,4.0,72.0,2.0,175.0
11941-9102,466,116,175.0,1.5,182.0,2.5,7.0
11942-12703,177,237,17.0,3.5,19.0,0.5,2.0
11942-6101,257,34,245.0,9.0,,,
11942-6103,218,222,183.0,6.500000000000006,184.0,2.0,1.0
11942-9102,308,7,162.0,27.500000000000004,,,
11942-12702,667,667,82.0,4.5,82.0,2.0,0.0
11943-1901,102,1,154.0,4.0,,,
11943-1902,104,8,353.0,4.0,,,
11942-12704,642,672,21.0,2.0,91.0,0.5,70.0
11943-12704,114,0,167.0,18.000000000000007,,,
11943-12702,102,0,255.0,6.5,,,
11943-3702,182,160,51.0,7.0,51.0,3.5,0.0
11943-3701,126,93,132.0,22.5,160.0,13.5,28.0
11943-3704,190,194,295.0,8.0,304.0,6.0,9.0
11943-6101,335,6,29.0,2.5,,,
11943-12705,471,3,234.0,4.5,,,
11943-3703,201,201,254.0,3.0,254.0,2.0,0.0
11942-9101,473,452,188.0,3.0,189.0,2.5,1.0
11943-12703,589,0,49.0,2.0,,,
11943-9101,396,7,264.0,3.0,,,
11943-6102,239,196,347.0,4.0,346.0,1.5,1.0
11944-1901,97,4,270.0,32.0,,,
11943-9102,150,6,146.0,3.0,,,
11944-3702,110,116,27.0,16.0,29.0,4.5,2.0
11944-3701,104,11,282.0,89.5,,,
11944-12702,346,372,296.0,38.5,234.0,28.5,62.0
11943-6104,319,298,282.0,1.5,234.0,3.5,48.0
11944-3703,118,138,268.0,17.5,261.0,2.5,7.0
11944-6102,193,4,146.0,3.5,,,
11944-6101,324,25,331.0,2.5,,,
11944-3704,196,79,222.0,3.0,223.0,1.0,1.0
11944-12703,230,355,347.0,14.500000000000002,341.0,2.5,6.0
11944-12701,581,547,305.0,4.0,305.0,3.0,0.0
11944-6103,144,236,219.0,9.0,218.0,2.0,1.0
11945-1902,98,76,88.0,4.0,94.0,4.5,6.0
11945-3703,164,30,162.0,8.0,,,
11945-3702,191,144,95.0,5.5,98.0,4.0,3.0
11944-9101,295,400,103.0,12.0,344.0,1.0,119.0
11944-12705,679,515,328.0,1.0,329.0,1.0,1.0
11945-12704,188,204,199.0,18.5,194.0,9.5,5.0
11945-12703,264,5,181.0,26.000000000000004,,,
11945-6103,92,152,337.0,13.0,324.0,3.0,13.0
11945-12705,469,462,306.0,3.5,305.0,1.0,1.0
11945-6102,268,288,228.0,2.5,231.0,1.0,3.0
11945-6101,324,323,72.0,2.5,73.0,1.5,1.0
11945-9101,144,166,296.0,14.0,297.0,3.0,1.0
11945-12701,447,576,35.0,2.0,33.0,1.5,2.0
11945-6104,321,311,144.0,1.5,147.0,1.5,3.0
11946-1902,82,4,122.0,5.5,,,
11946-1901,93,61,216.0,2.5,216.0,3.5,0.0
11946-3702,183,19,2.0,89.5,,,
11945-9102,296,295,71.0,3.0,70.0,1.5,1.0
11946-3704,190,29,139.0,6.5,,,
11946-12701,465,337,291.0,2.0,293.0,1.0,2.0
11946-3701,172,137,241.0,6.5,62.0,3.0,179.0
11946-12703,669,176,280.0,3.5,283.0,4.0,3.0
11946-6101,230,24,16.0,5.5,,,
11946-6104,232,1,219.0,28.5,,,
11946-12704,354,394,32.0,3.5,33.0,0.5,1.0
11946-12705,621,12,153.0,89.5,,,
11946-6102,301,195,76.0,1.5,70.0,3.0,6.0
11946-6103,239,212,154.0,2.5,156.0,1.5,2.0
11946-12702,562,521,100.0,3.0,101.0,0.5,1.0
11946-9101,312,318,138.0,3.5,138.0,1.0,0.0
11947-1902,92,4,323.0,2.5,,,
11946-9102,476,40,86.0,0.5,,,
11947-12702,201,2,40.0,51.50000000000001,,,
11947-1901,89,89,48.0,25.0,206.0,7.0,158.0
11947-12701,316,234,81.0,2.5,82.0,1.5,1.0
11947-3701,183,2,182.0,77.0,,,
11947-3704,114,81,245.0,11.5,236.0,7.0,9.0
11947-3703,185,169,179.0,1.4999999999999993,184.0,2.5,5.0
11947-3702,179,179,155.0,2.0,156.0,1.0,1.0
11947-6101,306,2,36.0,40.5,,,
11947-12705,474,206,72.0,5.0,42.0,0.5,30.0
11947-12703,395,503,306.0,1.0,304.0,0.5,2.0
11947-6103,322,303,68.0,2.0,72.0,1.0,4.0
11948-12702,155,187,110.0,7.5,98.0,1.5,12.0
11948-1902,97,101,221.0,21.5,213.0,13.5,8.0
11947-6104,210,23,332.0,3.5,,,
11947-9102,361,337,232.0,1.5,230.0,1.5,2.0
11948-12701,151,171,168.0,13.999999999999998,156.0,5.5,12.0
11948-3701,166,65,76.0,3.5,83.0,6.0,7.0
11948-3703,180,0,232.0,11.5,,,
11948-3702,153,102,300.0,10.5,298.0,8.5,2.0
11948-3704,128,108,34.0,13.5,110.0,3.0,76.0
11948-12705,401,6,278.0,89.5,,,
11948-6103,168,0,177.0,4.5000000000000036,,,
11948-6101,118,193,212.0,10.5,46.0,1.5,166.0
11948-6102,275,308,108.0,10.5,107.0,6.0,1.0
11948-9101,300,148,40.0,3.5,25.0,2.0,15.0
11948-9102,159,283,23.0,5.0,222.0,2.0,161.0
11948-12704,419,394,207.0,4.5,206.0,1.0,1.0
11948-12703,677,666,350.0,0.5,352.0,0.5,2.0
11949-1902,97,67,341.0,5.0,342.0,7.0,1.0
11949-3703,184,42,304.0,7.0,,,
11949-3702,149,179,121.0,4.5,116.0,2.0,5.0
11949-3704,172,46,292.0,2.5,,,
11949-6101,208,102,146.0,1.5,145.0,2.5,1.0
11949-6102,317,45,297.0,9.0,,,
11949-12702,667,654,1.0,0.5,2.0,0.5,1.0
11949-12704,583,94,303.0,3.5,285.0,0.5,18.0
11949-12701,648,641,155.0,1.5,157.0,0.5,2.0
11949-6103,290,3,305.0,8.5,,,
11949-6104,235,1,350.0,89.5,,,
11949-12705,431,2,146.0,2.0,,,
11949-12703,432,458,251.0,3.5,251.0,1.5,0.0
11950-3703,136,19,319.0,2.5,,,
11950-12701,128,181,0.0,89.5,179.0,0.9999999999999978,179.0
11949-9102,280,221,354.0,2.0,355.0,1.5,1.0
11950-3702,83,0,12.0,39.50000000000001,,,
11950-12702,101,15,21.0,89.5,,,
11949-9101,224,263,215.0,4.5,211.0,1.5,4.0
11950-9102,129,1,177.0,23.000000000000007,,,
11950-12704,153,160,0.0,89.5,207.0,2.0,153.0
11950-6101,303,139,314.0,3.0,137.0,3.0,177.0
11950-12703,220,3,166.0,2.5,,,
11951-1901,92,81,42.0,21.0,34.0,5.0,8.0
11951-1902,85,81,14.0,17.0,12.0,7.0,2.0
11951-3701,124,156,27.0,18.5,41.0,4.0,14.0
11951-3702,170,1,245.0,5.0,,,
11950-9101,284,238,302.0,10.5,281.0,0.5,21.0
11951-12701,443,487,7.0,2.0,8.0,0.5,1.0
11951-3704,164,3,108.0,2.0,,,
11951-12702,482,534,99.0,5.5,98.0,3.5,1.0
11951-12704,564,504,314.0,0.5,314.0,0.5,0.0
11951-6102,253,1,3.0,2.0000000000000036,,,
11951-12703,296,363,89.0,15.0,79.0,2.0,10.0
11951-6104,279,99,119.0,4.5,122.0,0.5,3.0
11951-9101,295,1,66.0,20.0,,,
11951-12705,491,554,278.0,2.0,274.0,0.5,4.0
11952-1902,101,36,340.0,3.5,,,
11952-3703,57,21,125.0,30.0,,,
11952-3704,194,3,22.0,2.0,,,
11952-12701,655,279,138.0,1.0,141.0,1.5,3.0
11952-12702,288,354,146.0,10.5,314.0,3.5,168.0
11952-6103,319,4,269.0,89.5,,,
11952-12703,612,423,110.0,3.5,111.0,2.5,1.0
11952-6104,235,31,153.0,0.5,,,
11952-6102,311,96,252.0,25.5,74.0,2.5,178.0
11951-9102,473,464,241.0,2.0,243.0,1.0,2.0
11952-12705,312,329,238.0,4.5,34.0,4.5,156.0
11953-1902,95,42,21.0,15.5,,,
11952-9101,454,15,161.0,30.500000000000007,,,
11953-3701,114,27,165.0,42.00000000000001,,,
11953-12701,242,266,313.0,24.0,312.0,3.0,1.0
11952-12704,679,595,196.0,1.5,188.0,1.0,8.0
11952-9102,224,174,221.0,15.0,213.0,5.5,8.0
11953-3702,189,73,259.0,4.0,239.0,4.5,20.0
11953-6104,318,2,264.0,3.5,,,
11953-12702,384,406,192.0,2.0,191.0,0.5,1.0
11953-3703,187,0,96.0,32.5,,,
11953-3704,181,124,319.0,1.5,322.0,1.5,3.0
11953-6103,318,5,157.0,84.5,,,
11953-6102,310,58,324.0,2.5,322.0,3.5,2.0
11953-12703,152,148,331.0,21.0,345.0,5.5,14.0
11953-6101,286,256,13.0,2.0,11.0,1.0,2.0
11953-9102,478,0,299.0,89.5,,,
11953-12705,675,644,104.0,13.5,111.0,6.0,7.0
11954-1901,98,86,230.0,4.5,227.0,3.5,3.0
11954-1902,93,76,327.0,3.5,349.0,5.0,22.0
11954-3701,143,175,335.0,12.0,322.0,3.5,13.0
11954-3702,188,91,290.0,23.0,299.0,20.0,9.0
11954-3703,192,191,76.0,3.0,73.0,2.0,3.0
11953-9101,282,410,232.0,4.5,192.0,5.0,40.0
11954-6102,222,13,256.0,9.0,,,
11954-6101,293,21,146.0,9.0,,,
11954-3704,195,196,264.0,32.0,264.0,7.5,0.0
11954-12702,634,589,210.0,6.0,211.0,3.5,1.0
11954-12705,369,388,303.0,5.5,306.0,2.5,3.0
11954-6104,219,324,206.0,10.0,49.0,2.0,157.0
11954-6103,302,205,279.0,3.0,279.0,0.5,0.0
11955-1901,97,31,129.0,9.5,,,
11955-12705,324,121,64.0,23.5,44.0,13.0,20.0
11955-3701,130,0,286.0,25.0,,,
11955-1902,94,91,175.0,2.0,246.0,3.5,71.0
11955-12702,374,432,143.0,1.5,325.0,0.5,178.0
11955-3702,191,128,243.0,3.0,108.0,10.5,135.0
11955-3704,108,177,145.0,9.0,142.0,3.0,3.0
11954-9102,472,471,356.0,7.000000000000004,355.0,2.5,1.0
11955-12701,445,539,169.0,16.000000000000007,163.0,2.5,6.0
11954-12704,662,671,333.0,1.5,329.0,1.0,4.0
11955-12703,674,665,117.0,1.0,118.0,1.0,1.0
11955-6104,103,160,286.0,10.0,285.0,1.0,1.0
11955-6102,318,5,37.0,7.0,,,
11956-1901,90,74,358.0,15.499999999999998,160.0,4.5,162.0
11955-6101,181,266,205.0,19.0,177.0,3.000000000000006,28.0
11956-1902,92,34,137.0,21.0,,,
11955-6103,310,12,21.0,2.5,,,
11956-12701,240,267,253.0,4.0,254.0,0.5,1.0
11956-3702,165,0,18.0,19.000000000000007,,,
11956-12703,297,66,229.0,3.0,14.0,5.0,145.0
11956-3701,188,16,58.0,4.0,,,
11956-3704,153,150,40.0,23.5,56.0,7.0,16.0
11955-9102,475,467,247.0,5.0,249.0,3.5,2.0
11956-3703,187,187,84.0,2.5,84.0,1.0,0.0
11956-6104,258,80,66.0,4.0,44.0,10.5,22.0
11956-12702,674,401,53.0,2.0,42.0,1.5,11.0
11956-9102,140,128,88.0,17.5,103.0,5.0,15.0
11956-6103,322,282,181.0,1.999999999999998,178.0,2.000000000000006,3.0
11956-9101,239,282,244.0,8.5,258.0,4.5,14.0
11956-12704,610,602,131.0,3.0,127.0,2.5,4.0
11957-3702,185,66,201.0,2.0,202.0,0.5,1.0
11957-3701,170,106,218.0,2.0,78.0,1.5,140.0
11957-3703,122,112,206.0,12.0,216.0,4.0,10.0
11957-3704,185,173,1.0,4.500000000000006,4.0,4.0000000000000036,3.0
11957-12701,380,331,17.0,4.0,16.0,1.5,1.0
11957-12702,498,472,85.0,1.5,86.0,0.5,1.0
11957-12703,266,246,68.0,4.5,71.0,1.5,3.0
11957-12705,484,518,316.0,4.5,315.0,1.5,1.0
11957-6103,177,142,165.0,7.0,166.0,4.5,1.0
11957-6101,320,294,111.0,3.5,112.0,2.0,1.0
11958-1902,98,0,259.0,35.0,,,
11957-12704,665,664,274.0,3.5,273.0,1.5,1.0
11957-9102,345,179,34.0,5.0,35.0,2.5,1.0
11958-1901,105,33,328.0,43.0,,,
11958-3701,155,162,57.0,17.5,2.0,35.5,55.0
11958-3703,140,156,259.0,7.0,253.0,3.0,6.0
11958-3702,195,55,81.0,2.0,144.0,6.0,63.0
11958-12701,460,403,207.0,1.5,206.0,1.0,1.0
11958-3704,193,179,22.0,20.5,24.0,7.5,2.0
11958-6101,336,22,119.0,1.5,,,
11958-12703,675,2,98.0,4.5,,,
11958-6102,261,239,246.0,9.5,244.0,5.0,2.0
11958-12702,628,405,311.0,3.0,313.0,2.5,2.0
11958-9101,144,166,63.0,12.0,54.0,1.5,9.0
11958-6104,309,296,77.0,3.0,86.0,1.5,9.0
11958-6103,319,319,334.0,4.0,331.0,1.5,3.0
11957-9101,482,482,5.0,1.0,5.0,0.5,0.0
11958-9102,248,245,308.0,2.5,310.0,0.5,2.0
11960-1902,76,2,90.0,5.0,,,
11960-1901,61,96,86.0,13.0,84.0,3.0,2.0
11960-12702,255,289,352.0,3.5,345.0,2.5,7.0
11960-3701,81,43,291.0,10.0,,,
11960-3702,179,45,152.0,4.0,,,
11960-3704,138,4,77.0,20.0,,,
11960-3703,180,3,295.0,3.0,,,
11960-12703,456,332,268.0,3.0,265.0,1.0,3.0
11960-6102,306,131,118.0,4.0,117.0,2.0,1.0
11960-6103,307,13,351.0,1.5,,,
11960-12701,602,605,19.0,1.5,18.0,0.5,1.0
11960-12705,391,318,99.0,1.0,102.0,2.0,3.0
11960-6104,315,97,235.0,1.5,241.0,0.5,6.0
11962-12701,191,59,239.0,0.5,65.0,0.5,174.0
11960-9101,187,111,254.0,4.5,256.0,4.0,2.0
11960-9102,453,20,316.0,12.0,,,
11962-1902,96,2,109.0,6.0,,,
11962-3702,187,58,92.0,26.0,48.0,9.5,44.0
11960-12704,664,664,280.0,1.0,281.0,0.5,1.0
11962-12702,517,12,124.0,0.5,,,
11962-3703,192,22,74.0,9.0,,,
11962-3701,147,56,96.0,8.0,134.0,2.5,38.0
11962-6104,226,196,148.0,89.0,265.0,2.5,117.0
11962-6103,324,0,222.0,15.0,,,
11962-12705,249,345,343.0,7.5,332.0,2.0,11.0
11962-9102,337,15,173.0,16.500000000000007,,,
11962-12704,429,378,0.0,89.5,103.0,6.0,103.0
11962-9101,246,218,219.0,30.50000000000001,194.0,7.0,25.0
11963-12703,230,378,61.0,89.5,74.0,9.0,13.0
11963-3704,169,99,22.0,2.5,22.0,3.0,0.0
11963-12702,329,380,136.0,8.0,161.0,5.5,25.0
11963-6101,192,13,352.0,19.500000000000007,,,
11963-12701,155,100,206.0,4.5,66.0,0.5,140.0
11963-12705,274,260,121.0,5.0,117.0,2.5,4.0
11963-6103,305,24,26.0,26.0,,,
11963-6102,274,279,333.0,5.0,338.0,3.0,5.0
11965-1901,79,2,231.0,6.0,,,
11963-9101,345,224,111.0,12.0,113.0,3.0,2.0
11965-12701,284,2,55.0,3.5,,,
11963-12704,326,401,264.0,9.5,261.0,3.0,3.0
11965-6103,111,0,300.0,20.5,,,
11965-3702,192,0,179.0,6.5000000000000036,,,
11965-12702,120,0,187.0,23.0,,,
11965-6102,317,41,253.0,2.5,,,
11965-12703,325,446,319.0,10.0,321.0,4.0,2.0
11965-6104,316,10,303.0,1.5,,,
11965-9101,458,19,68.0,0.5,,,
11965-12704,477,0,32.0,8.0,,,
11967-1902,91,1,138.0,4.0,,,
11967-1901,90,88,96.0,4.0,98.0,2.0,2.0
11967-12701,164,163,44.0,22.0,60.0,6.0,16.0
11967-3703,180,24,143.0,2.0,,,
11967-12704,180,31,274.0,16.5,,,
11965-12705,665,601,210.0,3.0,207.0,3.0,3.0
11967-6102,108,89,331.0,16.5,339.0,6.0,8.0
11967-6101,157,0,180.0,30.500000000000007,,,
11965-9102,472,434,286.0,3.0,287.0,1.5,1.0
11967-3704,134,89,275.0,6.0,277.0,2.5,2.0
11967-12705,268,262,339.0,7.0,336.0,2.0,3.0
11967-6103,152,1,96.0,3.5,,,
11967-12702,253,317,36.0,7.5,44.0,2.0,8.0
11967-6104,204,171,146.0,3.5,139.0,1.5,7.0
11968-1901,91,5,4.0,8.499999999999996,,,
11968-1902,94,1,343.0,2.5,,,
11968-12703,182,5,43.0,25.0,,,
11968-3701,156,6,19.0,3.0,,,
11968-3704,135,1,280.0,5.0,,,
11968-6103,57,68,328.0,19.5,332.0,0.5,4.0
11968-12705,210,2,117.0,5.0,,,
11968-12701,148,2,88.0,5.0,,,
11968-6102,198,7,340.0,3.0,,,
11968-6101,281,34,123.0,10.0,,,
11967-9102,472,404,88.0,5.5,109.0,5.0,21.0
11968-9101,205,300,313.0,11.5,305.0,2.5,8.0
11968-12704,679,225,108.0,3.0,107.0,1.0,1.0
11969-3701,121,1,116.0,3.0,,,
11969-3703,190,49,152.0,1.5,,,
11969-3702,193,193,269.0,2.0,269.0,1.5,0.0
11968-9102,405,335,24.0,2.0,28.0,1.5,4.0
11969-3704,167,118,69.0,5.5,65.0,1.0,4.0
11969-12703,649,24,323.0,1.5,,,
11969-6101,164,158,303.0,5.5,296.0,0.5,7.0
11969-6104,154,112,136.0,6.0,114.0,9.0,22.0
11969-6102,302,302,229.0,1.0,46.0,1.0,177.0
11969-9101,257,30,65.0,5.5,,,
11969-12705,264,314,92.0,9.0,318.0,0.5,134.0
11969-9102,332,49,183.0,5.999999999999999,,,
11969-12704,652,1,219.0,15.0,,,
11969-12702,661,655,251.0,1.5,254.0,0.5,3.0
11969-12701,677,290,10.0,3.0,24.0,1.0,14.0
11970-1901,86,75,35.0,11.5,35.0,5.0,0.0
11970-3703,181,17,194.0,9.5,,,
11970-3702,170,195,206.0,12.0,195.0,4.0,11.0
11970-3701,155,188,222.0,12.5,215.0,4.0,7.0
11970-12702,241,272,113.0,15.5,125.0,4.0,12.0
11970-3704,136,184,243.0,10.0,229.0,3.5,14.0
11970-6103,327,283,199.0,2.5,203.0,1.0,4.0
11970-12703,518,497,87.0,1.5,85.0,1.5,2.0
11970-6101,172,194,232.0,5.5,239.0,1.0,7.0
11970-12704,683,544,89.0,0.5,93.0,1.5,4.0
11974-1902,83,93,263.0,27.5,269.0,5.0,6.0
11970-12701,674,628,188.0,10.500000000000007,170.0,5.5,18.0
11970-9102,487,76,337.0,46.0,50.0,1.0,73.0
11974-3702,165,156,159.0,3.5,159.0,0.5,0.0
11974-12705,410,14,307.0,7.0,,,
11974-3704,150,112,11.0,8.5,204.0,3.5,167.0
11974-12702,449,324,211.0,2.5,207.0,1.0,4.0
11974-6102,143,49,257.0,11.5,,,
11974-6104,273,3,109.0,14.0,,,
11974-6101,150,95,58.0,3.0,64.0,0.5,6.0
11974-12703,409,368,316.0,1.5,355.0,0.5,39.0
11970-9101,458,414,28.0,7.0,34.0,2.5,6.0
11975-1901,72,0,271.0,3.0,,,
11974-12701,388,507,220.0,4.5,220.0,2.5,0.0
11975-12703,146,102,75.0,89.5,86.0,89.5,11.0
11975-3701,154,69,73.0,2.5,340.0,8.5,93.0
11975-3702,196,125,38.0,1.5,43.0,1.0,5.0
11974-9101,232,200,303.0,22.0,307.0,5.5,4.0
11975-6101,228,204,206.0,4.5,202.0,0.5,4.0
11975-6104,285,312,182.0,4.500000000000006,179.0,1.4999999999999993,3.0
11975-12704,167,194,59.0,24.5,54.0,5.0,5.0
11975-6102,323,3,189.0,32.0,,,
11975-9101,349,24,284.0,39.0,,,
11975-12701,669,671,118.0,5.0,340.0,0.5,138.0
11976-1901,39,16,,,,,
11975-12702,690,682,10.0,7.5,10.0,3.5,0.0
11976-1902,92,0,297.0,33.5,,,
11975-12705,678,686,188.0,4.0,193.0,1.5,5.0
11976-3703,74,84,63.0,89.5,249.0,4.0,174.0
11976-3701,190,190,297.0,9.0,291.0,9.5,6.0
11976-3704,70,117,203.0,17.5,198.0,1.5,5.0
11975-9102,491,482,231.0,1.0,231.0,0.5,0.0
11976-12702,249,330,282.0,8.5,285.0,3.5,3.0
11976-12701,618,501,120.0,1.0,120.0,0.5,0.0
11976-12703,633,498,342.0,1.0,341.0,1.0,1.0
11976-6102,124,74,167.0,12.0,176.0,15.5,9.0
11976-6103,285,14,304.0,5.0,,,
11976-6104,140,139,71.0,36.5,102.0,5.0,31.0
11976-12704,674,226,192.0,21.0,276.0,0.5,84.0
11977-3702,108,59,154.0,6.0,157.0,0.5,3.0
11976-9101,345,376,55.0,5.5,51.0,2.0,4.0
11977-3703,175,64,79.0,6.0,48.0,6.0,31.0
11977-12704,136,192,185.0,15.000000000000002,193.0,0.5,8.0
11977-3701,168,95,15.0,3.5,2.0,2.0,13.0
11976-12705,666,539,57.0,2.5,57.0,2.0,0.0
11977-12701,206,171,299.0,8.5,300.0,2.5,1.0
11977-6104,215,29,72.0,3.5,,,
11977-12705,315,321,179.0,7.9999999999999964,180.0,2.499999999999999,1.0
11977-6103,330,177,132.0,3.5,317.0,0.5,175.0
11977-9101,182,151,231.0,15.5,40.0,3.5,169.0
11978-1901,97,97,271.0,7.5,280.0,5.5,9.0
11977-9102,260,89,340.0,3.0,330.0,0.5,10.0
11978-3701,183,171,321.0,2.5,38.0,3.5,77.0
11978-3704,186,42,234.0,29.5,,,
11978-3702,131,157,355.0,11.500000000000004,354.0,4.0,1.0
11977-12703,684,470,303.0,1.0,304.0,1.5,1.0
11978-12704,208,213,256.0,11.0,268.0,3.5,12.0
11978-12701,354,397,316.0,1.5,320.0,0.5,4.0
11978-6104,253,25,258.0,1.5,,,
11978-6101,289,285,11.0,3.5,11.0,1.0,0.0
11979-1902,91,7,273.0,4.0,,,
11978-12702,489,520,300.0,12.0,304.0,3.5,4.0
11979-3703,164,50,191.0,4.0,210.0,7.0,19.0
11978-9102,401,416,297.0,3.5,311.0,1.5,14.0
11979-3701,195,184,304.0,2.0,305.0,1.0,1.0
11979-12701,695,16,191.0,16.5,,,
11979-3704,192,135,20.0,1.5,17.0,1.0,3.0
11979-6103,111,120,37.0,24.0,13.0,7.0,24.0
11979-6102,261,108,210.0,2.5,208.0,1.5,2.0
11978-12705,683,683,245.0,1.5,243.0,0.5,2.0
11979-12702,682,317,323.0,3.5,336.0,1.0,13.0
11979-6101,329,313,190.0,2.0,190.0,1.0,0.0
11980-1902,100,6,95.0,3.0,,,
11979-12705,685,471,65.0,1.5,75.0,1.0,10.0
11980-3701,153,0,115.0,10.5,,,
11980-12701,208,172,100.0,26.0,121.0,8.0,21.0
11979-12704,666,647,195.0,1.5,193.0,1.5,2.0
11979-9101,465,449,2.0,2.0000000000000036,2.0,1.5,0.0
11980-3702,157,6,262.0,4.5,,,
11979-9102,474,459,102.0,1.0,108.0,0.5,6.0
11980-3703,199,0,337.0,5.0,,,
11980-12702,416,390,233.0,1.5,234.0,0.5,1.0
11980-3704,203,205,208.0,15.0,202.0,3.5,6.0
11980-12704,435,111,354.0,2.0,350.0,3.0,4.0
11980-9101,161,0,48.0,2.0,,,
11980-6104,341,1,13.0,1.5,,,
11980-12703,695,651,318.0,2.0,321.0,1.5,3.0
11980-9102,260,123,347.0,7.0,344.0,8.0,3.0
11980-6102,291,106,146.0,3.5,151.0,4.0,5.0
11981-1901,66,81,318.0,72.5,167.0,3.5,151.0
11980-6101,331,180,358.0,4.000000000000008,232.0,1.0,126.0
11981-12703,356,0,244.0,89.5,,,
11981-3702,94,112,165.0,10.5,166.0,3.5,1.0
11981-3701,173,195,14.0,15.00000000000001,350.0,6.5,24.0
11981-3704,195,99,354.0,2.5,2.0,0.5,8.0
11981-6102,274,5,205.0,3.5,,,
11981-12701,511,572,73.0,7.5,95.0,3.5,22.0
11981-6103,146,169,243.0,11.0,240.0,3.0,3.0
11981-12705,629,60,216.0,5.0,199.0,1.0,17.0
11981-9102,328,306,19.0,2.5,23.0,0.5,4.0
11981-6104,321,324,27.0,1.5,27.0,0.5,0.0
11982-1901,50,81,157.0,23.500000000000007,208.0,21.0,51.0
11981-12704,662,566,115.0,1.5,113.0,1.0,2.0
11982-12703,169,196,136.0,8.0,137.0,3.5,1.0
11981-6101,282,320,157.0,6.5,160.0,2.5,3.0
11982-3702,125,132,196.0,33.5,188.0,12.5,8.0
11982-3701,183,86,103.0,8.5,84.0,2.0,19.0
11982-3703,175,175,204.0,4.0,197.0,2.5,7.0
11982-12705,288,290,222.0,4.5,224.0,2.0,2.0
11982-3704,170,170,273.0,1.5,272.0,1.5,1.0
11982-6102,214,275,150.0,6.5,146.0,2.0,4.0
11982-9101,192,12,106.0,22.0,,,
11983-1901,78,69,148.0,6.5,148.0,2.0,0.0
11982-12702,646,84,206.0,14.0,248.0,1.0,42.0
11982-6101,218,176,260.0,7.5,255.0,4.0,5.0
11983-12703,145,6,297.0,89.5,,,
11983-1902,90,29,305.0,15.0,,,
11982-12704,660,646,111.0,2.5,115.0,1.5,4.0
11982-6104,292,301,68.0,4.0,66.0,1.5,2.0
11983-3702,164,148,340.0,18.499999999999996,348.0,15.000000000000007,8.0
11983-6102,207,0,149.0,5.0,,,
11983-3701,187,193,113.0,24.0,105.0,5.5,8.0
11982-9102,482,479,61.0,2.5,57.0,1.0,4.0
11983-9101,318,1,208.0,2.0,,,
11983-6103,264,100,202.0,3.0,203.0,2.0,1.0
11984-1901,59,67,344.0,28.999999999999993,19.0,28.0,35.0
11983-6104,176,220,248.0,89.5,213.0,7.5,35.0
11984-3702,172,23,257.0,2.0,,,
11984-3701,186,155,227.0,11.0,229.0,2.0,2.0
11983-9102,355,1,289.0,89.5,,,
11984-3704,178,1,354.0,6.0,,,
11984-12702,349,354,47.0,3.0,223.0,1.0,176.0
11984-6101,325,126,318.0,6.5,2.0,0.5,44.0
11984-12703,582,574,99.0,8.5,98.0,3.0,1.0
11984-12701,541,618,76.0,4.0,78.0,1.0,2.0
11984-6104,323,293,320.0,2.5,318.0,0.5,2.0
11984-6102,293,246,19.0,1.0,21.0,1.0,2.0
11984-9101,207,206,116.0,9.0,115.0,2.5,1.0
11984-9102,210,184,235.0,10.5,232.0,4.0,3.0
12066-12703,367,126,281.0,4.0,331.0,3.0,50.0
12066-1901,95,95,72.0,5.5,75.0,4.0,3.0
11984-12704,687,668,231.0,1.0,235.0,0.5,4.0
12066-3702,153,44,160.0,5.5,,,
12066-3701,190,190,78.0,2.0,74.0,2.0,4.0
12066-3703,181,177,54.0,3.0,55.0,2.0,1.0
12066-12701,415,424,218.0,2.5,219.0,0.5,1.0
12066-3704,188,188,273.0,5.5,271.0,2.5,2.0
12066-12704,247,214,358.0,19.5,21.0,8.5,23.0
12067-1901,98,0,307.0,9.5,,,
12066-6101,322,280,98.0,2.5,101.0,1.0,3.0
12066-6103,314,190,62.0,1.5,62.0,1.0,0.0
12067-3704,180,15,11.0,2.5,,,
12067-3702,179,57,158.0,4.5,173.0,1.0,15.0
12067-1902,96,96,241.0,3.0,244.0,1.5,3.0
12067-12703,255,250,211.0,2.0,217.0,1.0,6.0
12066-9102,356,442,35.0,2.0,224.0,6.5,171.0
12066-12705,649,647,172.0,2.0,174.0,0.5,2.0
12067-6103,260,11,221.0,89.5,,,
12067-6102,312,76,150.0,6.5,192.0,0.5,42.0
12067-9101,165,60,351.0,19.500000000000004,351.0,14.5,0.0
12067-9102,250,61,279.0,1.0,217.0,37.5,62.0
12068-3701,37,2,,,,,
12067-12704,485,456,168.0,0.5,166.0,0.5,2.0
12068-12702,327,4,254.0,16.0,,,
12067-12701,645,628,213.0,2.0,210.0,1.0,3.0
12068-6101,270,28,156.0,5.0,,,
12068-3704,177,181,289.0,24.5,309.0,4.5,20.0
12068-12704,346,295,115.0,4.0,122.0,4.5,7.0
12068-6102,273,170,37.0,1.0,227.0,1.0,170.0
12068-12701,196,291,203.0,19.0,249.0,3.5,46.0
12068-9101,208,260,312.0,4.5,313.0,2.5,1.0
12068-12703,518,322,230.0,5.0,48.0,2.5,178.0
12068-6104,321,319,212.0,1.5,213.0,0.5,1.0
12069-1902,59,91,320.0,40.0,332.0,5.5,12.0
12068-12705,513,493,231.0,4.0,227.0,0.5,4.0
12069-3704,187,5,68.0,4.0,,,
12069-12701,239,260,351.0,18.500000000000004,349.0,6.0,2.0
12069-12703,527,4,296.0,21.5,,,
12068-9102,469,421,160.0,1.0,157.0,0.5,3.0
12069-6104,308,29,288.0,6.5,,,
12069-6102,238,304,221.0,3.0,46.0,1.5,175.0
12070-12702,257,38,282.0,6.0,,,
12070-1902,92,13,171.0,5.5,,,
12069-12705,493,389,30.0,9.0,344.0,2.0,46.0
12069-12702,625,460,184.0,9.500000000000005,185.0,10.500000000000002,1.0
12069-9101,255,329,313.0,9.0,309.0,2.0,4.0
12069-9102,473,61,0.0,2.5000000000000053,133.0,1.0,133.0
12070-12701,238,291,237.0,61.5,198.0,5.5,39.0
12070-3701,130,163,319.0,4.5,135.0,0.5,176.0
12070-3704,75,119,118.0,12.0,107.0,4.0,11.0
12070-6102,253,39,324.0,3.0,,,
12070-12705,307,25,237.0,43.5,,,
12070-12704,278,312,128.0,11.0,123.0,2.5,5.0
12070-6101,187,254,214.0,6.0,205.0,1.0,9.0
12070-6104,178,245,71.0,39.0,71.0,4.0,0.0
12071-1901,93,93,229.0,3.5,41.0,2.5,172.0
12070-9101,158,149,219.0,18.0,199.0,4.5,20.0
12071-1902,84,83,84.0,16.5,323.0,15.0,121.0
12070-9102,476,155,25.0,1.0,49.0,1.5,24.0
12071-12704,251,140,353.0,5.0,348.0,6.5,5.0
12071-3702,155,182,234.0,25.0,35.0,2.5,161.0
12071-6101,276,9,276.0,89.5,,,
12071-3704,188,183,309.0,5.5,296.0,4.5,13.0
12071-6103,253,1,149.0,25.499999999999996,,,
12071-6102,252,222,329.0,7.5,321.0,3.0,8.0
12073-3703,180,2,265.0,5.5,,,
12073-12704,154,1,317.0,0.5,,,
12071-12702,643,503,120.0,2.0,116.0,1.0,4.0
12073-6104,300,2,14.0,5.0,,,
12073-3704,162,135,60.0,4.5,58.0,3.0,2.0
12071-12705,666,538,345.0,2.0,342.0,0.5,3.0
12071-12703,678,650,35.0,6.5,37.0,4.5,2.0
12071-9101,315,303,34.0,3.5,33.0,2.5,1.0
12074-1902,93,0,196.0,43.5,,,
12071-9102,461,271,19.0,6.5,53.0,1.5,34.0
12074-3701,110,90,151.0,9.0,149.0,4.0,2.0
12074-3703,189,0,29.0,4.5,,,
12074-3704,123,179,237.0,3.5,243.0,1.5,6.0
12074-6101,216,11,290.0,4.0,,,
12074-6102,212,7,11.0,19.499999999999996,,,
12074-9102,297,1,328.0,3.0,,,
12075-12702,119,0,105.0,5.5,,,
12075-1902,94,57,184.0,12.0,186.0,8.000000000000007,2.0
12075-3703,142,1,48.0,6.5,,,
12075-3702,168,0,21.0,4.5,,,
12075-3704,192,77,304.0,89.5,276.0,24.5,28.0
12074-12703,691,684,228.0,3.0,229.0,0.5,1.0
12075-6103,196,28,193.0,3.5,,,
12074-12704,650,517,96.0,2.0,95.0,1.0,1.0
12075-6102,156,173,307.0,6.0,310.0,1.5,3.0
12075-6101,266,110,302.0,6.0,303.0,4.5,1.0
12075-12703,387,167,10.0,4.0,12.0,4.5,2.0
12075-6104,193,94,346.0,4.0,346.0,1.5,0.0
12075-12705,306,138,151.0,12.5,337.0,5.5,174.0
12078-1902,94,93,291.0,10.0,301.0,2.5,10.0
12078-1901,93,96,186.0,51.00000000000001,175.0,12.500000000000002,11.0
12074-12705,682,660,107.0,7.0,103.0,2.5,4.0
12078-3701,187,4,17.0,8.0,,,
12078-12704,175,14,184.0,70.0,,,
12078-3703,116,143,133.0,10.5,133.0,2.5,0.0
12075-9102,419,279,56.0,2.5,54.0,1.5,2.0
12078-3704,185,4,227.0,2.5,,,
12078-6101,221,55,40.0,5.0,11.0,4.0,29.0
12078-6102,123,86,299.0,1.5,275.0,0.5,24.0
12078-6104,99,205,346.0,18.500000000000007,346.0,2.5,0.0
12079-1902,103,102,335.0,2.0,336.0,1.0,1.0
12079-3701,135,187,203.0,18.999999999999996,212.0,3.0,9.0
12079-3703,143,97,223.0,4.5,218.0,2.0,5.0
12078-12703,650,654,22.0,1.5,20.0,0.5,2.0
12079-3704,194,105,208.0,2.0,213.0,2.5,5.0
12078-6103,303,308,101.0,7.0,111.0,2.0,10.0
12079-12703,295,289,100.0,15.0,104.0,4.0,4.0
12080-1901,83,0,153.0,36.0,,,
12079-6104,335,11,217.0,70.5,,,
12079-6101,232,169,223.0,1.5,226.0,1.0,3.0
12078-12705,661,656,69.0,3.5,72.0,1.5,3.0
12080-12701,241,101,75.0,3.5,69.0,5.5,6.0
12080-1902,105,102,72.0,31.5,259.0,13.5,173.0
12079-12702,458,467,146.0,2.0,148.0,0.5,2.0
12079-12701,552,549,44.0,5.0,223.0,3.0,179.0
12080-3702,142,13,135.0,4.0,,,
12080-3704,94,2,38.0,6.5,,,
12079-9102,474,225,24.0,2.5,25.0,0.5,1.0
12080-12704,247,263,130.0,6.5,126.0,2.5,4.0
12080-12705,205,312,347.0,1.5,339.0,0.5,8.0
12080-6103,175,2,187.0,6.000000000000004,,,
12081-1901,70,0,234.0,11.5,,,
12081-1902,94,2,229.0,6.5,,,
12081-3704,136,1,31.0,6.5,,,
12080-9102,263,276,294.0,21.5,302.0,4.5,8.0
12081-6101,187,128,276.0,6.0,265.0,1.5,11.0
12081-12704,236,242,293.0,16.5,292.0,1.0,1.0
12081-6103,201,167,155.0,14.0,177.0,4.4999999999999964,22.0
12080-9101,167,241,222.0,13.5,38.0,2.5,176.0
12081-6104,256,270,356.0,89.5,155.0,13.5,159.0
12081-12703,321,297,144.0,3.0,144.0,2.0,0.0
12082-12703,179,138,327.0,41.50000000000001,353.0,15.5,26.0
12081-9102,305,313,324.0,20.0,329.0,3.0,5.0
12081-12702,297,292,327.0,4.0,327.0,1.5,0.0
12082-1902,89,90,266.0,4.0,258.0,2.5,8.0
12082-3701,109,121,264.0,5.5,258.0,5.0,6.0
12081-12705,489,494,38.0,15.5,28.0,4.0,10.0
12082-12702,427,311,260.0,6.0,260.0,1.0,0.0
12082-12705,248,202,193.0,7.5,190.0,5.5,3.0
12082-6104,297,163,307.0,3.0,307.0,2.0,0.0
12082-12704,663,634,215.0,8.0,209.0,3.0,6.0
12082-6101,293,215,236.0,2.0,235.0,1.0,1.0
12083-6104,274,12,242.0,16.0,,,
12082-9102,215,122,356.0,9.0,2.0,5.499999999999999,6.0
12084-1902,98,98,131.0,11.5,320.0,6.0,171.0
12084-12701,169,300,277.0,13.0,268.0,2.0,9.0
12083-12704,440,5,22.0,10.0,,,
12084-3701,142,89,138.0,13.5,136.0,8.5,2.0
12083-12705,652,496,272.0,2.5,273.0,2.0,1.0
12083-12703,324,211,1.0,0.5,237.0,0.5,124.0
12084-12703,499,390,309.0,5.5,308.0,1.5,1.0
12084-12702,580,581,62.0,3.0,62.0,1.5,0.0
12084-3703,189,188,82.0,5.0,88.0,2.0,6.0
12084-6101,219,2,317.0,4.0,,,
12084-3702,190,190,48.0,4.0,44.0,3.0,4.0
12084-12705,399,404,150.0,8.5,155.0,1.5,5.0
12084-6102,176,129,264.0,11.0,97.0,11.0,167.0
12084-12704,562,598,231.0,4.5,43.0,1.5,172.0
12085-1901,53,0,116.0,26.5,,,
12085-1902,97,2,121.0,8.5,,,
12084-6104,322,322,357.0,3.0000000000000004,1.0,1.4999999999999978,4.0
12085-3701,69,88,181.0,89.5,344.0,5.0,163.0
12085-3703,157,38,331.0,14.0,,,
12085-3702,89,104,297.0,9.0,307.0,6.0,10.0
12085-3704,172,183,272.0,18.5,262.0,5.5,10.0
12085-12702,331,366,354.0,1.0,254.0,2.0,100.0
12085-12705,311,304,177.0,20.5,159.0,6.5,18.0
12085-6103,245,256,274.0,2.0,275.0,1.0,1.0
12085-12704,504,520,220.0,1.0,223.0,0.5,3.0
12085-6104,277,187,289.0,4.5,289.0,0.5,0.0
12085-6101,310,302,184.0,2.0,183.0,1.5,1.0
12087-1902,97,0,4.0,22.000000000000007,,,
12085-12701,402,571,0.0,89.5,337.0,2.5,23.0
12087-12703,176,108,248.0,13.0,257.0,3.5,9.0
12085-9102,464,464,201.0,1.5,201.0,1.0,0.0
12087-3702,172,89,333.0,2.5,330.0,1.5,3.0
12087-3703,131,136,228.0,8.0,230.0,2.5,2.0
12087-12702,298,345,127.0,3.0,127.0,1.5,0.0
12087-12704,190,264,272.0,18.5,268.0,2.5,4.0
12087-3701,186,150,23.0,3.0,24.0,2.0,1.0
12087-6101,333,246,170.0,2.0,177.0,1.5,7.0
12087-6102,161,119,239.0,12.5,241.0,7.0,2.0
12087-9101,141,136,286.0,32.5,259.0,7.0,27.0
12087-12705,487,333,4.0,0.5,6.0,0.5,2.0
12087-6104,260,229,169.0,4.5,155.0,1.0,14.0
12087-6103,319,269,134.0,2.0,319.0,1.0,175.0
12088-1901,78,6,263.0,9.5,,,
12088-3704,35,9,,,,,
12088-3703,149,43,203.0,3.5,,,
12088-3702,155,18,336.0,89.5,,,
12088-12703,245,211,94.0,5.0,108.0,4.0,14.0
12088-3701,188,188,231.0,2.5,249.0,3.0,18.0
12087-9102,353,267,227.0,11.5,41.0,1.5,174.0
12088-6104,158,0,342.0,10.5,,,
12088-6102,215,136,291.0,8.5,301.0,3.5,10.0
12088-12702,317,257,39.0,18.0,240.0,2.0,159.0
12088-6101,323,319,120.0,1.5,120.0,1.0,0.0
12089-1902,94,94,346.0,89.5,19.0,13.5,33.0
12089-3702,187,3,304.0,5.0,,,
12088-12705,666,668,9.0,9.5,21.0,7.0,12.0
12089-3704,191,28,297.0,6.0,,,
12089-6101,142,0,155.0,8.5,,,
12089-12703,348,281,316.0,4.0,319.0,2.5,3.0
12089-12701,412,467,286.0,5.0,289.0,2.5,3.0
12089-3703,118,123,53.0,5.5,227.0,6.0,174.0
12089-6104,311,119,182.0,4.999999999999999,177.0,3.000000000000008,5.0
12089-6103,127,279,59.0,7.0,52.0,0.5,7.0
12088-12704,686,673,62.0,7.5,65.0,3.5,3.0
12090-12701,131,75,131.0,4.0,121.0,3.5,10.0
12089-12705,403,412,134.0,3.0,134.0,0.5,0.0
12090-1901,92,92,270.0,5.0,268.0,4.0,2.0
12089-12702,623,621,139.0,4.0,139.0,1.5,0.0
12090-1902,99,0,58.0,12.0,,,
12090-3701,156,154,168.0,4.0,165.0,1.0,3.0
12090-12702,320,393,166.0,10.0,150.0,2.0,16.0
12090-12703,170,178,232.0,8.5,237.0,1.0,5.0
12089-9101,473,437,344.0,2.0,340.0,1.0,4.0
12090-3704,193,19,97.0,9.0,,,
12090-3702,92,132,103.0,9.0,97.0,2.0,6.0
12090-12705,233,261,248.0,1.5,231.0,0.5,17.0
12090-6101,119,176,242.0,8.0,350.0,2.5,108.0
12092-1902,78,64,123.0,3.5,116.0,3.0,7.0
12092-3701,179,133,240.0,10.0,232.0,4.5,8.0
12090-12704,675,30,286.0,5.0,,,
12092-3703,170,0,153.0,20.5,,,
12090-9101,281,305,38.0,7.5,30.0,1.5,8.0
12090-6102,157,1,217.0,0.5,,,
12092-3704,135,155,17.0,11.0,18.0,1.5,1.0
12090-9102,321,297,314.0,2.0,305.0,0.5,9.0
12092-12701,217,210,203.0,16.5,201.0,4.0,2.0
12092-6104,203,83,206.0,2.0,209.0,2.0,3.0
12092-12703,221,165,176.0,23.999999999999996,215.0,6.5,39.0
12092-6101,286,321,247.0,1.5,253.0,1.0,6.0
12092-9101,146,125,61.0,11.0,59.0,5.0,2.0
12092-12702,652,238,207.0,2.5,205.0,0.5,2.0
12092-6102,319,291,257.0,0.5,256.0,2.5,1.0
12093-3701,190,19,22.0,18.0,,,
12093-12701,359,152,124.0,3.0,112.0,0.5,12.0
12093-6102,123,129,230.0,13.0,213.0,5.0,17.0
12093-6101,186,2,296.0,5.5,,,
12093-12703,185,179,53.0,25.0,223.0,6.0,170.0
12092-9102,275,255,62.0,10.0,223.0,3.5,161.0
12093-6104,179,85,346.0,5.5,333.0,3.5,13.0
12093-12702,561,28,44.0,0.5,,,
12093-9102,321,20,55.0,10.5,,,
12093-12704,574,1,315.0,0.5,,,
12094-3702,120,4,140.0,5.0,,,
12094-1901,100,86,297.0,6.0,133.0,9.0,164.0
12094-3703,168,1,60.0,6.5,,,
12093-12705,447,421,261.0,4.5,264.0,1.0,3.0
12094-3701,179,171,230.0,4.5,239.0,0.5,9.0
12094-3704,171,37,190.0,3.5,,,
12094-12701,355,411,20.0,7.0,11.0,4.5,9.0
12094-12704,229,247,9.0,3.5,11.0,1.0,2.0
12094-12702,310,307,82.0,3.5,81.0,1.0,1.0
12094-6101,159,225,58.0,7.0,54.0,3.0,4.0
12094-12705,290,420,274.0,8.0,282.0,0.5,8.0
12483-1901,79,77,129.0,89.5,52.0,30.0,77.0
12094-6104,172,260,36.0,7.5,43.0,2.0,7.0
12094-9101,255,231,301.0,8.5,302.0,5.0,1.0
12094-6102,322,318,13.0,1.5,11.0,1.0,2.0
12483-1902,96,96,329.0,89.5,164.0,7.0,165.0
12483-3703,144,20,108.0,89.5,,,
12483-3704,149,0,173.0,8.500000000000002,,,
12483-3701,188,91,265.0,3.0,261.0,2.0,4.0
12483-6102,307,309,268.0,2.5,268.0,1.5,0.0
12483-12701,663,192,299.0,2.0,298.0,0.5,1.0
12484-1901,92,84,285.0,9.0,95.0,7.5,170.0
12484-12703,192,211,213.0,10.0,213.0,2.5,0.0
12484-12701,323,121,28.0,4.0,27.0,8.0,1.0
12483-12703,609,603,195.0,2.0,193.0,1.0,2.0
12483-12704,637,528,197.0,2.0,200.0,2.5,3.0
12483-12702,661,610,210.0,7.0,224.0,0.5,14.0
12483-9101,376,418,222.0,2.5,222.0,1.5,0.0
12484-3702,166,65,295.0,3.5,338.0,9.5,43.0
12484-6104,151,5,194.0,13.0,,,
12484-3704,164,158,108.0,6.5,110.0,1.5,2.0
12484-3701,191,93,94.0,5.5,88.0,4.5,6.0
12484-3703,191,191,116.0,3.0,108.0,4.0,8.0
12484-12704,677,675,287.0,6.5,289.0,3.0,2.0
12484-9102,369,14,91.0,7.5,,,
12484-6103,227,292,46.0,9.0,44.0,2.0,2.0
12485-3704,171,31,226.0,3.0,,,
12484-12705,686,682,11.0,0.5,11.0,0.5,0.0
12485-3701,193,10,341.0,1.5,,,
12485-12705,191,194,202.0,36.50000000000001,206.0,9.5,4.0
12485-12704,274,269,198.0,12.0,193.0,3.0,5.0
12485-9101,157,11,300.0,5.5,,,
12485-12701,679,6,256.0,14.5,,,
12485-6103,329,2,191.0,89.5,,,
12485-9102,118,132,296.0,18.5,138.0,4.0,158.0
12487-1901,92,0,314.0,47.50000000000001,,,
12485-12703,560,273,80.0,1.0,86.0,1.0,6.0
12485-6102,267,277,284.0,12.0,284.0,3.0,0.0
12487-1902,101,101,13.0,10.0,207.0,5.5,166.0
12487-3702,138,115,168.0,3.5,162.0,1.0,6.0
12487-3703,166,73,255.0,12.0,244.0,10.0,11.0
12487-3701,179,107,141.0,2.5,98.0,4.0,43.0
12487-12704,404,312,189.0,9.000000000000007,188.0,3.5,1.0
12487-6102,187,168,171.0,25.000000000000007,160.0,6.5,11.0
12487-6101,323,178,10.0,2.5,354.0,1.5,16.0
12487-6103,328,238,70.0,11.5,68.0,5.5,2.0
12487-9101,265,93,177.0,3.5000000000000018,166.0,3.5,11.0
12488-1901,71,84,70.0,32.0,255.0,6.0,175.0
12487-9102,359,0,122.0,7.5,,,
12487-12701,669,674,341.0,7.0,346.0,3.0,5.0
12488-1902,69,90,108.0,31.5,124.0,8.0,16.0
12488-3703,189,34,260.0,3.0,,,
12487-12705,682,635,146.0,0.5,145.0,0.5,1.0
12488-3701,171,127,336.0,3.0,333.0,1.0,3.0
12488-12701,327,372,275.0,9.5,275.0,2.5,0.0
12488-6101,268,99,159.0,10.0,174.0,8.0,15.0
12488-12702,281,230,249.0,10.0,252.0,10.0,3.0
12488-6102,172,170,227.0,3.5,227.0,1.5,0.0
12488-6104,169,196,233.0,26.0,208.0,5.5,25.0
12489-1902,81,94,284.0,13.0,278.0,6.0,6.0
12488-12703,375,544,234.0,4.5,227.0,1.5,7.0
12488-12704,632,624,99.0,2.5,99.0,1.0,0.0
12489-1901,97,60,197.0,89.5,353.0,10.000000000000002,156.0
12489-3702,91,108,126.0,13.0,129.0,3.0,3.0
12489-12701,233,277,198.0,21.5,55.0,3.5,143.0
12489-3704,121,4,5.0,4.5000000000000036,,,
12488-9102,456,464,63.0,2.0,65.0,1.5,2.0
12489-6104,312,1,223.0,89.5,,,
12489-9102,206,0,70.0,89.5,,,
12488-9101,446,467,112.0,3.0,115.0,1.0,3.0
12490-1902,93,0,176.0,11.5,,,
12490-12701,163,102,0.0,89.5,137.0,8.0,137.0
12490-12702,120,137,267.0,13.5,286.0,4.0,19.0
12489-12705,501,542,223.0,4.0,46.0,1.0,177.0
12490-12703,113,135,127.0,89.5,93.0,3.5,34.0
12490-12705,84,0,19.0,89.5,,,
12490-3702,95,159,37.0,89.5,279.0,2.5,118.0
12489-6102,280,238,191.0,2.0,190.0,2.0,1.0
12489-12703,664,659,207.0,2.5,205.0,1.0,2.0
12490-3704,151,99,90.0,9.0,98.0,6.0,8.0
12490-3703,176,173,173.0,10.000000000000002,167.0,5.5,6.0
12491-1902,94,8,50.0,5.5,,,
12489-9101,474,424,81.0,3.0,78.0,1.5,3.0
12491-3701,83,18,240.0,25.0,,,
12490-6103,196,206,185.0,11.500000000000002,173.0,5.0,12.0
12490-9102,116,144,0.0,89.5,267.0,7.0,93.0
12490-9101,252,186,97.0,3.5,104.0,3.5,7.0
12491-3703,181,126,158.0,2.5,154.0,0.5,4.0
12491-12705,322,14,85.0,31.0,,,
12491-3704,96,36,89.0,21.0,,,
12491-6103,202,76,27.0,28.000000000000007,51.0,7.5,24.0
12491-12702,296,331,0.0,89.5,232.0,5.0,128.0
12491-6101,320,279,15.0,2.0,17.0,0.5,2.0
12495-1901,77,86,162.0,23.500000000000007,158.0,3.0,4.0
12491-9101,149,209,22.0,22.0,38.0,2.5,16.0
12491-6104,314,207,239.0,5.5,290.0,1.0,51.0
12495-3701,118,135,0.0,89.5,329.0,6.0,31.0
12495-3702,90,139,0.0,89.5,338.0,0.5,22.0
12491-12701,483,379,244.0,18.5,256.0,8.0,12.0
12495-3703,132,114,139.0,8.5,136.0,9.0,3.0
12495-12704,180,179,349.0,0.5,358.0,3.500000000000006,9.0
12495-6104,89,91,0.0,89.5,294.0,9.0,66.0
12495-9101,90,56,259.0,11.0,250.0,0.5,9.0
12491-9102,383,355,283.0,1.5,285.0,1.0,2.0
12491-12704,469,589,191.0,7.5,194.0,2.5,3.0
12495-6103,206,202,217.0,12.0,30.0,2.5,173.0
12495-6102,300,291,228.0,2.0,228.0,1.5,0.0
12506-1901,90,5,206.0,4.5,,,
12506-1902,78,0,327.0,32.5,,,
12495-9102,242,212,235.0,2.5,232.0,0.5,3.0
12506-3701,161,0,295.0,8.0,,,
12506-3704,108,0,187.0,11.0,,,
12506-3702,170,2,21.0,2.5,,,
12506-3703,164,83,266.0,23.0,265.0,14.5,1.0
12495-6101,307,302,75.0,3.5,73.0,1.5,2.0
12506-6101,142,104,223.0,12.0,220.0,7.0,3.0
12506-12702,312,3,98.0,9.0,,,
12506-6104,306,4,35.0,3.0,,,
12506-6102,307,243,20.0,1.5,32.0,2.0,12.0
12506-9101,419,1,168.0,3.5,,,
12506-9102,387,3,115.0,3.0,,,
12506-12701,632,617,310.0,1.0,314.0,1.0,4.0
12510-1901,98,0,359.0,83.0,,,
12506-12703,569,519,94.0,4.0,96.0,0.5,2.0
12510-1902,77,98,157.0,16.0,155.0,5.5,2.0
12506-6103,286,299,224.0,17.0,57.0,1.5,167.0
12510-3704,152,137,110.0,9.0,82.0,7.0,28.0
12510-3702,157,181,120.0,11.5,121.0,4.5,1.0
12510-6102,89,135,277.0,89.5,279.0,4.5,2.0
12510-12702,502,483,357.0,2.5000000000000004,357.0,1.5,0.0
12510-12704,602,413,85.0,4.5,73.0,4.0,12.0
12510-6104,295,299,6.0,2.0,4.0,1.5,2.0
12511-12702,104,0,95.0,89.5,,,
12510-12701,596,597,124.0,3.5,125.0,1.5,1.0
12510-12703,513,438,333.0,10.0,334.0,4.5,1.0
12510-9101,468,483,26.0,4.0,26.0,2.0,0.0
12511-3701,177,182,310.0,4.0,312.0,2.5,2.0
12511-6104,196,243,8.0,23.000000000000007,4.0,3.5,4.0
12511-12701,528,517,70.0,3.0,74.0,1.0,4.0
12511-6101,317,235,331.0,3.0,119.0,8.5,148.0
12511-9101,153,222,43.0,18.5,223.0,3.5,180.0
12510-9102,452,466,22.0,2.0,17.0,1.0,5.0
12511-12703,573,563,322.0,2.0,323.0,1.0,1.0
12511-9102,341,385,231.0,21.0,238.0,2.5,7.0
12511-12705,541,592,89.0,1.0,89.0,0.5,0.0
12511-12704,550,566,314.0,5.0,313.0,2.0,1.0
12512-1902,92,20,279.0,5.0,,,
12512-12701,371,419,25.0,8.5,39.0,3.5,14.0
12512-12705,240,18,139.0,0.5,,,
12512-1901,92,25,162.0,2.5,,,
12512-12703,275,398,211.0,5.0,210.0,0.5,1.0
12512-3701,147,148,169.0,4.5,186.0,8.000000000000005,17.0
12512-6102,230,2,334.0,16.5,,,
12512-12704,655,5,115.0,8.5,,,
12512-6101,271,296,239.0,3.0,239.0,1.0,0.0
12514-1901,90,0,260.0,5.5,,,
12512-6104,138,150,307.0,13.5,298.0,6.0,9.0
12514-3704,120,25,138.0,5.0,,,
12514-3701,188,51,208.0,4.5,119.0,3.0,89.0
12512-12702,349,611,57.0,1.5,116.0,0.5,59.0
12512-9102,473,246,53.0,1.5,256.0,3.0,157.0
12512-9101,438,388,99.0,0.5,103.0,2.0,4.0
12514-3702,194,169,7.0,44.0,166.0,3.5,159.0
12514-12703,367,354,116.0,1.5,116.0,1.0,0.0
12514-6103,336,181,67.0,7.0,69.0,4.5,2.0
12518-12704,135,13,260.0,89.5,,,
12514-12702,672,598,65.0,1.0,63.0,0.5,2.0
12518-12702,183,198,22.0,20.5,31.0,6.0,9.0
12514-12701,607,612,349.0,3.5,347.0,1.5,2.0
12518-12701,311,296,181.0,1.999999999999998,180.0,0.9999999999999978,1.0
12518-1901,71,76,335.0,18.5,180.0,0.5,155.0
12514-12705,642,656,290.0,17.0,289.0,1.5,1.0
12514-9101,471,467,285.0,1.5,284.0,0.5,1.0
12518-12703,259,229,77.0,4.0,78.0,1.5,1.0
12518-3701,191,186,340.0,43.00000000000001,337.0,6.0,3.0
12518-3704,193,185,210.0,9.0,221.0,4.0,11.0
12518-6102,109,74,239.0,16.5,123.0,3.0,116.0
12514-9102,463,462,208.0,2.0,209.0,1.0,1.0
12518-6104,108,1,165.0,0.5,,,
12620-1901,91,6,31.0,7.0,,,
12518-6103,280,291,169.0,5.0,173.0,3.0,4.0
12620-3702,188,58,92.0,5.0,80.0,2.5,12.0
12620-3701,105,158,215.0,89.5,265.0,8.5,50.0
12518-12705,639,637,263.0,1.0,263.0,0.5,0.0
12620-3703,187,187,218.0,3.5,218.0,1.5,0.0
12620-12705,251,113,246.0,7.0,236.0,3.0,10.0
12518-6101,303,277,183.0,2.5,181.0,1.5000000000000038,2.0
12620-12701,309,304,301.0,1.5,297.0,0.5,4.0
12518-9102,368,149,345.0,15.0,358.0,10.000000000000004,13.0
12620-3704,114,68,119.0,14.0,124.0,6.0,5.0
12518-9101,475,475,92.0,1.5,91.0,0.5,1.0
12620-6102,233,279,70.0,11.0,80.0,2.5,10.0
12620-6101,312,299,144.0,8.5,148.0,4.0,4.0
12620-6103,314,296,223.0,3.5,221.0,1.5,2.0
12621-1902,96,92,276.0,7.0,46.0,89.5,130.0
12620-6104,224,300,191.0,10.0,189.0,4.5,2.0
12620-9102,473,89,140.0,4.5,303.0,13.5,163.0
12620-12704,676,674,116.0,3.0,114.0,1.5,2.0
12621-3701,166,5,285.0,3.5,,,
12621-3704,99,133,21.0,80.5,163.0,3.0,142.0
12621-3702,166,121,7.0,2.5,5.0,2.0,2.0
12621-12701,391,264,258.0,3.0,254.0,1.0,4.0
12621-3703,187,133,38.0,2.0,161.0,4.5,123.0
12620-9101,414,419,77.0,5.0,79.0,2.0,2.0
12621-6102,124,212,295.0,21.0,307.0,4.0,12.0
12621-12703,617,543,290.0,2.0,290.0,0.5,0.0
12621-6104,304,0,232.0,16.0,,,
12621-12704,678,104,20.0,24.500000000000007,234.0,9.5,146.0
12622-1902,100,99,74.0,4.5,89.0,5.5,15.0
12621-6103,309,323,87.0,2.0,89.0,1.0,2.0
12621-9102,243,233,317.0,2.5,319.0,0.5,2.0
12622-3704,190,42,268.0,4.5,,,
12622-6102,311,0,75.0,22.5,,,
12622-12701,245,241,150.0,13.5,147.0,2.0,3.0
12622-6103,140,130,36.0,12.0,41.0,1.0,5.0
12622-6101,176,215,327.0,77.0,47.0,2.0,80.0
12621-9101,393,377,272.0,1.5,271.0,1.0,1.0
12622-12703,459,417,284.0,4.0,282.0,2.0,2.0
12622-6104,171,116,344.0,20.000000000000007,338.0,9.5,6.0
12624-1902,85,44,53.0,20.5,,,
12624-3701,114,81,112.0,4.0,279.0,4.0,167.0
12622-12705,549,668,51.0,10.0,57.0,1.5,6.0
12622-12704,652,619,185.0,11.0,190.0,3.5,5.0
12624-3702,152,73,96.0,4.0,108.0,0.5,12.0
12624-3704,110,1,279.0,9.5,,,
12624-6102,98,0,269.0,13.5,,,
12622-9101,430,413,285.0,2.5,284.0,1.0,1.0
12622-9102,461,426,277.0,1.0,278.0,0.5,1.0
12624-6103,274,20,258.0,42.5,,,
12624-12704,220,233,195.0,38.0,37.0,6.0,158.0
12624-12703,569,538,107.0,1.0,105.0,1.0,2.0
12624-12702,586,622,335.0,6.0,342.0,1.0,7.0
12651-3702,129,15,211.0,5.5,,,
12624-9101,214,121,79.0,1.0,77.0,3.5,2.0
12651-12701,220,251,342.0,0.5,348.0,0.5,6.0
12651-3701,148,187,181.0,14.499999999999995,183.0,3.000000000000004,2.0
12624-12701,525,583,152.0,15.0,164.0,3.0,12.0
12651-12704,458,13,0.0,6.999999999999997,,,
12624-9102,468,189,57.0,3.5,62.0,1.0,5.0
12651-6102,212,16,123.0,5.0,,,
12651-6101,196,119,7.0,1.5,7.0,3.0,0.0
12652-1901,73,23,153.0,6.5,,,
12651-6103,206,141,100.0,3.5,98.0,2.5,2.0
12652-1902,98,89,346.0,3.5,339.0,3.0,7.0
12652-3702,108,10,155.0,6.5,,,
12652-3701,106,116,30.0,15.0,8.0,4.0,22.0
12652-6101,319,17,304.0,12.0,,,
12652-12702,386,289,231.0,2.0,43.0,1.5,172.0
12652-6104,147,78,218.0,20.5,199.0,10.0,19.0
12652-6102,312,13,88.0,7.0,,,
12651-12705,639,660,122.0,2.5,122.0,1.0,0.0
12651-9101,458,250,355.0,2.5,351.0,1.5,4.0
12667-9101,173,9,248.0,5.5,,,
12652-12704,435,355,301.0,4.5,298.0,1.5,3.0
12667-6104,128,148,49.0,12.0,60.0,3.5,11.0
12667-6101,304,319,101.0,2.0,100.0,1.0,1.0
12652-9102,446,438,281.0,2.0,280.0,1.0,1.0
12652-12703,643,628,144.0,1.0,145.0,0.5,1.0
12673-12701,142,0,228.0,42.00000000000001,,,
12667-6103,324,241,341.0,2.5,337.0,3.0,4.0
12673-1902,75,26,162.0,41.0,,,
12667-9102,459,119,235.0,1.5,228.0,3.0,7.0
12667-12701,660,493,351.0,0.5,355.0,1.0,4.0
12673-3703,189,42,116.0,1.0,,,
12673-3702,167,144,25.0,3.0,27.0,2.0,2.0
12673-3704,155,129,160.0,6.0,244.0,5.5,84.0
12673-12704,605,0,236.0,1.5,,,
12667-12703,684,552,172.0,0.5,172.0,0.5,0.0
12673-12705,568,39,80.0,11.5,,,
12673-6103,178,103,331.0,6.0,33.0,0.5,62.0
12673-6101,179,253,342.0,5.0,342.0,1.5,0.0
12674-1901,108,11,329.0,2.0,,,
12674-1902,102,19,301.0,2.0,,,
12674-12705,115,94,197.0,5.0,154.0,5.5,43.0
12673-9102,453,356,39.0,3.5,37.0,4.0,2.0
12674-3704,185,0,121.0,5.0,,,
12674-3702,190,0,144.0,4.5,,,
12674-6101,315,0,348.0,1.0,,,
12674-6103,326,57,81.0,2.0,73.0,1.0,8.0
12673-12703,668,667,283.0,3.5,280.0,1.5,3.0
12674-12702,516,554,222.0,14.0,46.0,2.5,176.0
12674-6104,122,48,29.0,30.0,,,
12674-9101,168,126,121.0,4.0,118.0,2.0,3.0
12675-3703,111,94,32.0,15.5,33.0,5.5,1.0
12674-12703,632,631,157.0,1.0,157.0,1.0,0.0
12675-6102,151,2,175.0,11.499999999999998,,,
12674-9102,237,175,13.0,4.0,5.0,1.5,8.0
12675-12703,336,257,159.0,4.0,158.0,1.0,1.0
12675-6103,146,67,91.0,4.0,93.0,0.5,2.0
12674-12704,683,606,62.0,0.5,63.0,0.5,1.0
12675-12704,410,463,279.0,4.0,281.0,1.5,2.0
12675-12705,552,0,357.0,2.5,,,
12675-9102,315,50,265.0,29.5,214.0,6.5,51.0
12675-12701,642,418,67.0,0.5,66.0,0.5,1.0
12678-1902,92,92,31.0,6.0,24.0,4.0,7.0
12678-3703,156,1,111.0,10.0,,,
12678-3704,169,33,235.0,5.0,,,
12678-12704,218,26,218.0,6.0,,,
12678-12702,239,397,0.0,89.5,51.0,0.5,51.0
12678-12703,429,4,151.0,8.5,,,
12678-6103,151,207,0.0,89.5,190.0,3.0,170.0
12678-12701,516,551,287.0,10.5,285.0,3.5,2.0
12678-6101,284,178,359.0,2.500000000000006,356.0,1.0,3.0
12679-1901,91,0,111.0,89.5,,,
12675-3701,154,8,47.0,4.5,,,
12679-3701,175,44,14.0,3.0,,,
12679-3703,184,7,131.0,3.0,,,
12679-1902,92,90,64.0,4.0,59.0,3.5,5.0
12679-3704,146,57,19.0,11.0,23.0,8.5,4.0
12678-9102,340,219,10.0,3.0,16.0,0.5,6.0
12679-6103,170,128,8.0,2.5,7.0,0.5,1.0
12679-6101,255,168,326.0,4.0,326.0,1.0,0.0
12679-6102,216,20,329.0,31.500000000000007,,,
12675-9101,282,8,305.0,89.5,,,
12679-6104,313,110,178.0,8.499999999999996,197.0,2.0,19.0
12679-9101,211,76,116.0,5.5,321.0,1.0,155.0
12682-1902,73,9,325.0,3.5,,,
12679-12703,652,447,108.0,1.5,353.0,0.5,115.0
12682-12701,162,3,216.0,3.5,,,
12682-12703,270,0,31.0,89.5,,,
12682-12704,371,80,285.0,2.5,272.0,3.5,13.0
12682-3702,184,0,86.0,2.5,,,
12682-6101,278,0,57.0,89.5,,,
12682-6103,285,92,205.0,3.0,173.0,2.5,32.0
12679-9102,440,439,187.0,3.0,188.0,1.0,1.0
12679-12705,679,673,200.0,1.5,200.0,1.0,0.0
12683-1901,96,96,15.0,3.0,14.0,2.0,1.0
12683-1902,90,0,164.0,18.0,,,
12682-9101,426,52,102.0,21.0,262.0,89.0,160.0
12683-3704,5,30,,,,,
12683-3703,173,0,137.0,4.0,,,
12682-12705,457,437,309.0,4.5,308.0,2.5,1.0
12682-12702,654,638,260.0,2.0,262.0,1.5,2.0
12683-3702,185,125,345.0,4.0,341.0,1.0,4.0
12682-9102,410,379,291.0,3.5,291.0,2.5,0.0
12683-6101,166,180,353.0,3.0,354.0,1.0,1.0
12683-6104,300,8,269.0,44.5,,,
12683-12705,320,370,249.0,4.0,249.0,1.5,0.0
12683-12704,577,616,95.0,9.5,101.0,3.0,6.0
12684-1901,95,95,294.0,3.5,298.0,2.5,4.0
12683-9101,317,318,175.0,2.0,175.0,0.5,0.0
12684-6101,101,3,158.0,25.5,,,
12683-9102,313,182,128.0,3.0,127.0,2.0,1.0
12684-12701,270,238,32.0,3.5,350.0,0.5,42.0
12684-6103,297,7,2.0,38.0,,,
12684-12702,385,382,345.0,2.5,344.0,1.5,1.0
12684-9101,305,7,247.0,7.0,,,
12684-9102,435,21,284.0,37.0,,,
12684-6104,291,69,134.0,2.0,126.0,0.5,8.0
12685-1901,71,54,233.0,20.5,144.0,4.0,89.0
12685-3702,143,32,58.0,5.5,,,
12684-12703,523,447,300.0,0.5,190.0,0.5,110.0
12685-3704,152,15,299.0,2.0,,,
12685-3701,185,130,243.0,2.5,244.0,1.5,1.0
12685-12703,342,361,288.0,26.0,245.0,6.5,43.0
12685-3703,175,100,159.0,2.5,160.0,1.5,1.0
12684-12704,661,661,60.0,11.5,59.0,4.0,1.0
12685-12704,433,103,127.0,3.5,129.0,2.0,2.0
12685-12702,255,309,161.0,7.5,180.0,0.5,19.0
12685-6103,214,6,317.0,5.0,,,
12685-12701,491,587,134.0,3.5,314.0,2.5,180.0
12685-6104,277,0,167.0,22.5,,,
12685-9102,374,0,100.0,89.5,,,
12696-1901,104,0,51.0,18.5,,,
12685-9101,299,422,286.0,1.5,285.0,1.5,1.0
12696-12701,677,33,16.0,0.5,,,
12696-12703,359,1,154.0,4.5,,,
12696-3701,151,37,151.0,5.0,,,
12696-12702,668,254,126.0,2.5,120.0,1.5,6.0
12696-3702,199,5,84.0,2.5,,,
12696-9102,224,0,281.0,3.5,,,
12696-6101,329,9,57.0,3.5,,,
12696-6104,318,0,186.0,2.5,,,
12700-1901,36,3,,,,,
12696-6103,329,173,218.0,2.5,213.0,0.5,5.0
12696-12704,519,394,159.0,5.5,160.0,2.5,1.0
12700-1902,89,93,294.0,89.5,71.0,14.5,137.0
12700-12704,324,368,347.0,13.000000000000007,339.0,5.0,8.0
12700-3701,172,7,214.0,5.0,,,
12700-3704,89,44,67.0,21.5,,,
12700-3702,166,186,191.0,13.5,201.0,2.5,10.0
12700-3703,188,177,146.0,0.5,145.0,1.5,1.0
12700-12701,413,559,333.0,49.49999999999999,351.0,2.5,18.0
12700-12703,616,481,55.0,0.5,53.0,0.5,2.0
12700-6103,77,105,0.0,89.5,297.0,1.5,63.0
12700-12705,560,503,346.0,4.0,356.0,2.0,10.0
12700-6101,238,114,347.0,10.0,2.0,13.499999999999998,15.0
12700-9101,160,202,187.0,5.5000000000000036,185.0,2.0,2.0
12700-6104,225,175,335.0,3.0,336.0,1.0,1.0
12700-6102,276,288,167.0,5.5,166.0,1.0,1.0
12700-9102,261,253,347.0,21.0,0.0,3.000000000000005,13.0
12769-1901,91,71,205.0,4.5,213.0,1.0,8.0
12769-3704,152,4,111.0,6.5,,,
12769-3703,185,113,87.0,8.5,158.0,0.5,71.0
12769-12703,535,540,0.0,89.5,285.0,3.0,75.0
12769-6101,115,56,203.0,7.5,180.0,0.5,23.0
12769-6103,126,3,321.0,7.5,,,
12769-12704,176,187,16.0,17.000000000000007,8.0,3.5,8.0
12769-6102,178,242,280.0,8.0,286.0,0.5,6.0
12769-12701,525,514,342.0,1.5,343.0,1.5,1.0
12769-9101,277,25,265.0,38.5,,,
12772-1902,91,0,204.0,13.0,,,
12772-12702,177,12,324.0,3.0,,,
12772-3701,139,0,254.0,89.5,,,
12769-12705,270,427,13.0,3.0,19.0,3.0,6.0
12769-9102,226,259,260.0,2.5,260.0,2.0,0.0
12772-3703,107,86,57.0,10.5,47.0,4.5,10.0
12772-6103,116,122,210.0,14.5,196.0,4.0,14.0
7443-1901,109,109,64.0,13.5,59.0,9.5,5.0
12772-12701,382,513,0.0,89.5,14.0,5.0,14.0
7443-1902,107,0,8.0,7.499999999999998,,,
12772-9102,206,136,84.0,5.5,80.0,3.0,4.0
12772-12703,506,346,16.0,5.0,27.0,4.0,11.0
7443-12701,389,4,132.0,3.0,,,
12772-9101,188,124,160.0,8.0,154.0,14.5,6.0
12772-6101,211,263,210.0,15.0,223.0,9.5,13.0
12772-12705,491,542,95.0,12.0,131.0,3.5,36.0
7495-3702,122,149,49.0,11.0,226.0,4.0,177.0
7443-3701,194,198,323.0,89.0,148.0,7.0,175.0
7443-12703,614,683,189.0,2.5,161.0,1.0,28.0
7443-6103,262,326,209.0,7.0,199.0,2.0,10.0
7443-6102,342,342,138.0,3.0,315.0,2.0,177.0
7495-9102,399,118,284.0,2.0,291.0,2.5,7.0
7815-1901,99,65,298.0,40.5,186.0,7.499999999999998,112.0
7815-12702,253,277,108.0,10.0,111.0,6.5,3.0
7815-1902,98,0,184.0,26.0,,,
7815-12701,448,394,162.0,29.000000000000007,167.0,6.0,5.0
7495-12702,520,567,14.0,1.5,13.0,0.5,1.0
7495-12703,616,619,15.0,1.5,17.0,1.0,2.0
7957-1901,96,0,132.0,4.5,,,
7957-1902,86,0,62.0,3.0,,,
7495-12704,680,667,352.0,1.0,352.0,0.5,0.0
7957-12703,280,167,300.0,1.0,294.0,0.5,6.0
7957-3704,81,71,187.0,20.499999999999996,201.0,6.5,14.0
7957-3703,104,84,59.0,17.0,72.0,7.0,13.0
7957-3701,183,118,14.0,2.5,15.0,2.0,1.0
7815-9101,445,435,121.0,3.5,125.0,1.5,4.0
7957-12702,606,621,121.0,2.5,118.0,1.0,3.0
7957-6102,213,135,34.0,4.0,217.0,1.5,177.0
7815-12705,453,538,324.0,1.5,319.0,1.0,5.0
7957-12705,449,483,210.0,2.5,212.0,1.0,2.0
7957-9101,217,249,349.0,16.0,352.0,3.5,3.0
7957-6104,211,324,75.0,9.5,81.0,2.5,6.0
7957-9102,485,486,62.0,6.0,61.0,2.0,1.0
7958-1902,77,70,307.0,7.5,302.0,3.5,5.0
7958-3701,181,1,134.0,17.5,,,
7957-12704,662,650,213.0,5.5,207.0,2.5,6.0
7958-3704,118,23,338.0,12.5,,,
7958-3703,197,134,102.0,2.5,111.0,2.5,9.0
7958-3702,199,199,322.0,2.0,321.0,1.0,1.0
7958-12704,464,526,103.0,5.0,101.0,0.5,2.0
7958-12703,180,192,4.0,9.000000000000009,7.0,1.0,3.0
7958-12702,277,298,174.0,12.499999999999998,184.0,3.0,10.0
7958-6102,233,21,215.0,4.5,,,
7958-6103,322,233,11.0,8.0,6.0,2.5,5.0
7958-6101,327,326,154.0,2.5,155.0,1.5,1.0
7959-1901,46,34,,,,,
7958-6104,254,9,109.0,41.0,,,
7958-12705,644,649,161.0,8.5,164.0,3.5,3.0
7958-9101,144,153,358.0,23.000000000000007,175.0,1.5,177.0
7958-9102,452,67,15.0,5.5,260.0,7.0,115.0
7959-12701,414,430,233.0,1.0,233.0,0.5,0.0
7959-12702,404,331,338.0,2.0,335.0,0.5,3.0
7959-9101,403,22,90.0,89.5,,,
7959-3702,129,67,209.0,17.0,135.0,25.0,74.0
7959-3703,174,105,1.0,2.0000000000000036,314.0,3.5,47.0
7959-3701,178,167,200.0,2.5,192.0,2.0,8.0
7959-12705,662,662,214.0,1.5,214.0,1.5,0.0
7959-6104,319,46,79.0,8.5,,,
7959-12704,660,553,72.0,2.0,72.0,1.0,0.0
7959-6102,312,308,32.0,5.5,35.0,3.5,3.0
7960-3701,178,38,144.0,5.5,,,
7960-12702,443,280,197.0,5.5,197.0,4.0,0.0
7959-12703,660,632,182.0,1.5,179.0,0.5,3.0
7960-3703,127,86,295.0,19.0,126.0,5.5,169.0
7960-3704,104,189,158.0,62.50000000000001,141.0,4.5,17.0
7959-9102,461,461,38.0,2.0,37.0,1.0,1.0
7960-6101,309,265,307.0,8.5,312.0,4.0,5.0
7960-9102,229,6,41.0,27.0,,,
7960-6103,127,87,138.0,9.5,308.0,8.5,170.0
7960-9101,380,300,6.0,5.0,0.0,5.500000000000002,6.0
7960-12703,640,590,322.0,3.0,322.0,2.0,0.0
7960-12704,600,649,242.0,3.0,240.0,1.0,2.0
7960-6102,279,238,259.0,9.5,257.0,3.5,2.0
7961-3702,167,183,184.0,5.0000000000000036,188.0,2.0,4.0
7960-12705,653,652,159.0,2.0,159.0,1.0,0.0
7961-9101,380,0,352.0,89.5,,,
7961-6104,279,34,295.0,13.5,,,
7961-6101,283,36,321.0,3.5,,,
7961-6103,317,248,65.0,5.0,14.0,1.5,51.0
7961-12701,673,551,151.0,3.0,150.0,0.5,1.0
7961-12702,668,557,155.0,1.5,156.0,1.0,1.0
7962-1902,90,2,304.0,8.5,,,
7962-3701,117,14,75.0,4.0,,,
7962-12701,665,666,32.0,14.5,228.0,8.0,164.0
7961-12703,538,512,290.0,3.5,292.0,1.5,2.0
7962-3703,178,4,349.0,2.0,,,
7962-12705,207,234,52.0,4.5,53.0,1.5,1.0
7961-12705,666,655,298.0,1.0,297.0,0.5,1.0
7962-12702,510,517,208.0,4.0,209.0,1.5,1.0
7962-6102,126,142,358.0,19.500000000000004,347.0,5.0,11.0
7962-3704,120,1,10.0,8.499999999999998,,,
7962-12704,610,521,267.0,3.0,267.0,2.0,0.0
7962-12703,670,590,40.0,1.0,41.0,0.5,1.0
7963-1902,94,94,326.0,4.5,324.0,3.0,2.0
7963-3701,145,21,190.0,4.5,,,
7963-3703,134,37,301.0,2.5,,,
7962-6101,244,6,200.0,7.0,,,
7963-3702,141,165,15.0,19.500000000000007,6.0,5.5,9.0
7963-3704,142,33,298.0,6.5,,,
7962-6104,193,269,114.0,5.5,111.0,1.0,3.0
7963-12704,285,175,185.0,5.5,184.0,1.0,1.0
7963-6103,224,58,2.0,1.999999999999998,355.0,3.5000000000000018,7.0
7963-12701,161,213,100.0,10.5,104.0,1.5,4.0
7963-12702,404,285,121.0,4.5,88.0,2.5,33.0
7963-6104,204,126,182.0,13.499999999999996,172.0,22.0,10.0
7963-6102,319,132,281.0,6.0,300.0,0.5,19.0
7964-3703,174,36,153.0,3.0,,,
7964-12703,284,57,188.0,2.5,185.0,4.000000000000005,3.0
7964-12704,467,377,248.0,1.5,245.0,0.5,3.0
7964-12702,395,292,17.0,1.5,14.0,1.0,3.0
7963-9102,452,451,41.0,2.0,43.0,1.0,2.0
7964-12701,658,638,58.0,5.0,47.0,2.0,11.0
7963-9101,448,415,281.0,10.5,289.0,2.0,8.0
7965-3702,155,7,85.0,8.5,,,
7964-9102,492,422,61.0,3.0,54.0,0.5,7.0
7965-1901,65,90,329.0,17.5,342.0,3.5,13.0
7965-12705,316,247,33.0,0.5,35.0,0.5,2.0
7965-3701,159,1,67.0,2.0,,,
7964-9101,282,317,295.0,2.0,298.0,0.5,3.0
7965-12704,140,18,54.0,0.5,,,
7965-12703,142,40,200.0,18.0,,,
7965-3703,165,197,188.0,16.000000000000007,181.0,6.500000000000006,7.0
7965-9101,249,28,262.0,0.5,,,
7965-12702,439,390,342.0,1.0,340.0,0.5,2.0
7968-1901,89,88,18.0,5.0,324.0,2.0,54.0
7968-3703,175,19,77.0,4.5,,,
7968-1902,93,93,220.0,13.5,48.0,6.0,172.0
7965-9102,358,268,103.0,9.5,95.0,1.5,8.0
7965-6103,309,292,138.0,2.5,314.0,1.5,176.0
7968-12701,261,285,228.0,2.5,230.0,0.5,2.0
7968-3704,158,167,15.0,4.0,23.0,3.0,8.0
7968-12705,442,2,304.0,9.0,,,
7968-12704,631,263,240.0,0.5,255.0,0.5,15.0
7968-6103,201,3,342.0,20.000000000000004,,,
7968-12702,659,641,213.0,2.0,216.0,1.0,3.0
7972-12701,216,89,354.0,6.500000000000004,332.0,5.0,22.0
7968-6102,296,250,169.0,1.5,162.0,2.0,7.0
7968-6101,300,300,327.0,4.5,328.0,2.0,1.0
7968-9101,282,225,66.0,1.0,58.0,0.5,8.0
7972-1901,96,1,247.0,6.0,,,
7972-3704,115,90,203.0,13.0,32.0,3.5,171.0
7972-3703,184,13,273.0,6.5,,,
7972-3702,152,99,283.0,2.0,284.0,2.0,1.0
7968-9102,464,178,65.0,12.5,204.0,3.0,139.0
7972-12703,450,377,73.0,6.0,77.0,4.0,4.0
7972-6102,132,184,220.0,7.5,46.0,0.5,174.0
7972-6101,326,105,184.0,9.500000000000004,13.0,2.5,171.0
7972-12702,315,252,69.0,7.5,87.0,3.5,18.0
7975-1902,101,99,81.0,2.5,77.0,1.5,4.0
7975-1901,101,102,340.0,23.0,13.0,19.500000000000004,33.0
7975-3702,189,10,197.0,5.0,,,
7972-9101,310,136,211.0,3.5,208.0,1.0,3.0
7975-3701,151,154,330.0,6.0,328.0,3.0,2.0
7975-12702,154,154,199.0,2.0,194.0,12.0,5.0
7975-12701,363,123,29.0,3.0,43.0,2.5,14.0
7975-3704,178,180,344.0,89.5,117.0,2.0,133.0
7975-6101,226,7,39.0,5.5,,,
7975-12704,413,170,182.0,2.499999999999998,181.0,0.5,1.0
7975-6104,328,206,250.0,11.5,88.0,3.5,162.0
7977-1901,96,6,137.0,38.99999999999999,,,
7977-3701,183,95,239.0,6.0,68.0,5.0,171.0
7977-3702,190,104,18.0,2.0,112.0,1.0,94.0
7975-12705,513,580,308.0,7.5,308.0,2.5,0.0
7975-6102,311,307,146.0,1.5,146.0,1.0,0.0
7975-9102,343,418,214.0,2.5,208.0,1.5,6.0
7977-3703,189,189,168.0,4.0,169.0,3.0,1.0
7977-6102,276,7,163.0,19.5,,,
7977-12701,281,423,133.0,1.0,70.0,0.5,63.0
7977-12703,426,449,254.0,1.0,252.0,0.5,2.0
7977-3704,174,174,216.0,3.0,216.0,1.5,0.0
7977-6103,168,214,263.0,22.0,256.0,4.0,7.0
7977-6104,229,4,220.0,2.0,,,
7977-12704,537,468,306.0,1.5,307.0,1.0,1.0
7978-3701,189,1,174.0,7.000000000000006,,,
7977-9101,397,317,26.0,2.0,27.0,1.5,1.0
7978-12705,330,1,65.0,22.0,,,
7978-3703,194,112,178.0,7.499999999999997,180.0,5.500000000000008,2.0
7977-9102,321,282,294.0,2.5,292.0,1.0,2.0
7978-6101,322,100,102.0,2.5,100.0,6.0,2.0
7978-12703,443,357,64.0,5.0,63.0,2.5,1.0
7979-3701,206,0,252.0,5.0,,,
7979-3702,204,0,98.0,5.0,,,
7978-9101,394,215,344.0,1.5,346.0,1.5,2.0
7979-12702,604,0,320.0,2.0,,,
7978-12702,681,650,12.0,3.5,11.0,1.5,1.0
7978-12704,655,644,176.0,2.0,176.0,1.5,0.0
7979-3704,188,1,31.0,4.0,,,
7979-12703,680,21,346.0,6.5,,,
7978-9102,478,430,76.0,3.0,77.0,1.5,1.0
7979-6101,295,4,89.0,89.5,,,
7979-6103,227,73,37.0,17.5,22.0,8.0,15.0
7979-6102,257,118,11.0,4.0,30.0,7.5,19.0
7979-12704,366,449,269.0,7.0,275.0,4.5,6.0
7980-1901,92,31,31.0,3.5,,,
7979-6104,334,4,128.0,3.0,,,
7980-1902,92,59,99.0,4.5,290.0,6.0,169.0
7979-12701,651,632,348.0,1.0,347.0,0.5,1.0
7980-12702,94,161,180.0,24.0,147.0,2.0,33.0
7980-3704,171,41,256.0,3.0,,,
7979-9101,344,283,115.0,1.5,115.0,0.5,0.0
7980-3701,185,27,226.0,3.5,,,
7979-9102,410,192,138.0,2.0,135.0,1.5,3.0
7980-6103,214,2,102.0,5.0,,,
7980-6102,239,70,117.0,3.5,110.0,4.5,7.0
7981-12701,330,0,112.0,1.5,,,
7981-1902,97,9,231.0,3.0,,,
7981-6101,149,200,22.0,17.0,227.0,3.5,155.0
7980-9101,474,0,203.0,20.000000000000007,,,
7981-6102,164,189,148.0,5.0,152.0,1.0,4.0
7981-12705,321,21,269.0,0.5,,,
7981-6103,301,323,189.0,24.0,172.0,4.0,17.0
7981-12703,534,491,131.0,0.5,131.0,0.5,0.0
7981-12704,300,371,335.0,5.5,345.0,0.5,10.0
7981-9102,340,279,56.0,1.5,62.0,0.5,6.0
7990-1901,98,75,184.0,3.0,291.0,2.5,107.0
7981-9101,286,398,205.0,10.5,196.0,3.5,9.0
7990-1902,95,95,237.0,4.5,236.0,1.0,1.0
7990-12702,372,214,197.0,4.0,204.0,5.0,7.0
7990-3701,186,78,96.0,7.0,99.0,3.5,3.0
7990-3702,116,114,2.0,8.499999999999996,352.0,3.0,10.0
7990-6102,128,86,217.0,20.0,201.0,7.5,16.0
7990-3703,170,183,283.0,7.0,276.0,3.5,7.0
7990-12704,654,483,257.0,2.0,257.0,1.5,0.0
7990-12705,647,161,185.0,7.000000000000005,282.0,0.5,97.0
7991-1902,95,42,126.0,3.0,,,
7990-9101,295,200,24.0,5.0,16.0,3.0,8.0
7990-6104,314,314,218.0,8.0,224.0,3.5,6.0
7991-3701,150,6,104.0,1.0,,,
7990-9102,270,76,243.0,4.0,277.0,22.5,34.0
7991-3702,185,112,237.0,2.5,242.0,3.0,5.0
7991-12705,305,316,196.0,1.5,196.0,0.5,0.0
7991-3703,164,3,46.0,6.0,,,
7991-12703,590,367,139.0,0.5,136.0,2.0,3.0
7991-6102,187,3,49.0,5.0,,,
7991-3704,152,110,162.0,2.5,165.0,1.0,3.0
7991-12701,579,659,188.0,1.5,187.0,0.5,1.0
7991-9102,274,0,293.0,12.0,,,
7991-12704,632,621,173.0,4.5,174.0,2.0,1.0
7992-1901,88,90,264.0,12.0,258.0,5.5,6.0
7991-6104,226,91,155.0,1.5,164.0,2.0,9.0
7991-12702,628,165,353.0,1.0,245.0,0.5,108.0
7992-1902,91,91,38.0,4.5,35.0,6.0,3.0
7992-3701,160,67,334.0,5.5,130.0,14.5,156.0
7992-12705,204,6,317.0,0.5,,,
7992-12702,468,43,231.0,8.5,,,
7992-12704,324,74,183.0,0.5,221.0,60.50000000000001,38.0
7992-12701,478,6,38.0,54.50000000000001,,,
7992-3703,147,88,173.0,7.500000000000006,173.0,3.0,0.0
7992-3704,93,105,206.0,19.999999999999996,203.0,4.5,3.0
7993-1901,99,1,47.0,4.0,,,
7992-12703,267,357,299.0,21.0,297.0,4.5,2.0
7992-6102,288,308,319.0,19.5,134.0,5.5,175.0
7992-6104,318,314,6.0,3.5,7.0,3.0,1.0
7993-3702,128,22,137.0,2.5,,,
7993-3701,182,142,110.0,4.5,106.0,1.5,4.0
7992-9101,281,319,33.0,27.0,17.0,5.0,16.0
7992-9102,282,214,216.0,1.5,217.0,1.0,1.0
7993-12705,217,215,112.0,9.5,129.0,2.0,17.0
7993-3703,147,188,219.0,26.0,253.0,4.0,34.0
7993-6101,133,0,309.0,89.5,,,
7993-3704,187,186,180.0,4.000000000000001,176.0,1.5,4.0
7993-6102,314,0,33.0,89.5,,,
7993-12704,684,296,310.0,1.5,311.0,2.0,1.0
8075-1901,89,98,310.0,7.5,307.0,6.5,3.0
7993-9101,335,166,300.0,5.0,285.0,1.0,15.0
8075-1902,90,90,343.0,4.0,342.0,2.0,1.0
7993-6103,317,226,257.0,2.5,252.0,0.5,5.0
8075-12702,181,79,18.0,0.5,46.0,0.5,28.0
7993-12702,684,642,18.0,3.0,18.0,3.0,0.0
8075-12704,509,15,228.0,37.5,,,
8075-12703,262,280,44.0,13.0,36.0,2.5,8.0
8075-3704,169,52,156.0,6.5,315.0,1.5,159.0
8075-6103,142,7,316.0,89.5,,,
8075-3702,131,138,52.0,3.5,65.0,0.5,13.0
8075-3703,201,201,85.0,4.5,78.0,2.0,7.0
8075-6102,264,3,141.0,46.50000000000001,,,
8075-6104,188,63,267.0,9.5,241.0,89.5,26.0
8075-6101,231,279,205.0,9.5,212.0,4.5,7.0
8077-1901,89,1,55.0,42.0,,,
8075-12701,611,668,161.0,1.5,160.0,1.0,1.0
8075-9101,449,8,19.0,89.5,,,
8075-12705,677,659,190.0,13.500000000000005,207.0,7.0,17.0
8077-1902,76,3,131.0,4.0,,,
8077-3703,169,0,158.0,3.5,,,
8077-12703,270,219,317.0,1.5,319.0,0.5,2.0
8075-9102,427,329,87.0,5.0,88.0,1.0,1.0
8077-12701,237,457,0.0,89.5,207.0,3.5,153.0
8077-6101,304,177,276.0,26.5,284.0,1.5,8.0
8077-6103,205,241,156.0,5.5,155.0,1.5,1.0
8077-6102,215,267,141.0,4.5,333.0,3.5,168.0
8077-9102,300,225,144.0,23.5,91.0,20.5,53.0
8077-12704,667,655,352.0,3.0,351.0,2.0,1.0
8078-1901,97,7,23.0,4.0,,,
8077-9101,199,164,229.0,3.5,231.0,1.5,2.0
8078-12702,233,255,171.0,19.0,183.0,8.000000000000007,12.0
8078-3701,185,195,9.0,6.5,4.0,3.0,5.0
8077-12705,663,605,200.0,2.0,200.0,1.5,0.0
8078-3704,193,193,191.0,7.5,187.0,3.5,4.0
8078-6102,335,31,333.0,11.0,,,
8078-12704,264,318,44.0,3.0,228.0,1.5,176.0
8078-6104,251,297,352.0,10.500000000000005,346.0,5.5,6.0
8078-12701,681,680,195.0,0.5,195.0,0.5,0.0
8078-12703,697,697,7.0,1.0,6.0,0.5,1.0
8078-6103,329,328,168.0,1.5,167.0,1.0,1.0
8079-1901,93,45,99.0,22.0,,,
8078-12705,630,575,337.0,7.5,340.0,11.5,3.0
8079-1902,79,94,355.0,21.500000000000007,111.0,0.5,116.0
8079-12701,454,389,91.0,3.5,90.0,2.0,1.0
8078-9102,491,467,48.0,2.0,44.0,0.5,4.0
8079-12703,360,354,53.0,4.5,54.0,1.5,1.0
8079-3702,132,38,236.0,6.0,,,
8078-9101,337,454,36.0,2.5,38.0,1.5,2.0
8079-12705,365,323,348.0,4.5,354.0,0.5,6.0
8079-12704,664,542,186.0,1.0,183.0,1.999999999999998,3.0
8079-3703,185,8,280.0,2.0,,,
8079-6101,187,11,93.0,89.5,,,
8079-6103,128,108,266.0,7.0,264.0,0.5,2.0
8080-1901,84,1,186.0,14.500000000000007,,,
8079-12702,462,404,249.0,2.5,244.0,1.5,5.0
8080-1902,76,96,275.0,89.5,260.0,8.5,15.0
8080-3701,87,102,269.0,18.0,287.0,6.0,18.0
8080-3703,153,160,309.0,5.0,298.0,3.5,11.0
8080-3702,182,179,325.0,5.5,121.0,7.0,156.0
8079-9101,466,390,13.0,1.5,6.0,0.5,7.0
8080-3704,183,147,22.0,3.5,299.0,0.5,83.0
8080-12702,645,384,210.0,3.0,208.0,2.5,2.0
8080-12701,653,647,5.0,3.5,7.0,1.5,2.0
8080-12704,462,416,273.0,13.5,251.0,4.0,22.0
8080-12703,659,654,68.0,1.0,67.0,1.0,1.0
8080-6103,255,207,61.0,2.5,60.0,1.5,1.0
8080-9102,193,157,296.0,3.0,295.0,1.0,1.0
8080-9101,223,290,36.0,6.5,222.0,1.0,174.0
8081-1901,91,103,359.0,11.000000000000004,347.0,5.0,12.0
8080-6101,313,313,14.0,7.5,5.0,2.0,9.0
8081-12701,464,26,261.0,5.5,,,
8080-6104,321,319,213.0,3.5,213.0,1.5,0.0
8081-3701,112,2,52.0,5.5,,,
8081-12702,255,335,0.0,89.5,21.0,5.5,21.0
8081-3703,164,174,316.0,5.5,133.0,1.5,177.0
8081-6102,313,247,344.0,1.5,345.0,0.5,1.0
8081-6101,166,214,261.0,6.5,251.0,2.0,10.0
8081-6104,319,91,311.0,1.0,157.0,1.0,154.0
8081-6103,206,257,201.0,9.0,196.0,3.5,5.0
8081-12703,325,223,276.0,6.0,272.0,5.5,4.0
8081-12704,306,328,227.0,16.5,220.0,2.0,7.0
8081-9101,471,328,112.0,3.0,113.0,0.5,1.0
8082-1902,99,0,106.0,4.5,,,
8082-3703,186,14,334.0,23.0,,,
8082-3702,133,142,330.0,12.5,327.0,4.0,3.0
8082-3701,138,85,348.0,89.5,325.0,10.0,23.0
8082-3704,167,27,162.0,5.0,,,
8082-12704,307,157,162.0,2.5,159.0,1.5,3.0
8081-9102,308,369,283.0,1.5,281.0,1.0,2.0
8082-12705,497,12,108.0,0.5,,,
8082-6101,213,59,70.0,70.5,315.0,28.0,115.0
8082-12703,448,493,50.0,2.5,63.0,2.0,13.0
8083-1902,95,9,115.0,75.0,,,
8082-6103,311,314,272.0,7.5,278.0,4.0,6.0
8083-1901,63,0,137.0,14.0,,,
8082-12701,656,656,10.0,2.5,10.0,1.5,0.0
8082-6104,275,16,174.0,7.0,,,
8082-12702,641,423,66.0,1.5,62.0,1.0,4.0
8083-3704,102,33,281.0,7.0,,,
8083-3703,107,118,94.0,12.0,95.0,4.0,1.0
8083-12701,137,159,64.0,11.5,67.0,6.5,3.0
8082-9102,311,389,285.0,0.5,310.0,0.5,25.0
8083-3702,147,119,54.0,18.0,212.0,5.5,158.0
8083-6101,267,199,324.0,5.0,123.0,4.0,159.0
8084-1901,84,0,296.0,21.5,,,
8084-1902,95,58,317.0,14.0,52.0,16.5,95.0
8083-6103,310,57,334.0,2.5,76.0,4.0,102.0
8083-12703,568,491,136.0,9.5,156.0,2.5,20.0
8083-6102,316,285,64.0,1.0,63.0,0.5,1.0
8084-3703,197,6,124.0,2.5,,,
8083-9101,392,329,212.0,1.5,204.0,0.5,8.0
8084-3702,170,183,19.0,10.0,19.0,3.5,0.0
8083-12705,630,665,324.0,3.5,322.0,2.0,2.0
8084-12701,412,453,272.0,10.5,254.0,2.5,18.0
8084-3701,182,188,61.0,15.5,69.0,6.0,8.0
8084-12705,342,406,240.0,1.5,241.0,1.0,1.0
8084-6104,161,30,196.0,3.5,,,
8084-6101,314,294,246.0,2.5,243.0,2.0,3.0
8084-6102,199,246,245.0,15.0,235.0,4.5,10.0
8084-6103,224,123,128.0,3.0,132.0,2.5,4.0
8084-9101,250,89,188.0,45.0,181.0,14.0,7.0
8084-12703,686,636,226.0,2.5,224.0,1.0,2.0
8085-1901,71,0,205.0,14.0,,,
8085-1902,94,4,312.0,3.5,,,
8084-9102,427,365,257.0,5.0,254.0,3.0,3.0
8085-3703,101,0,166.0,7.5,,,
8085-3702,143,0,319.0,89.5,,,
8085-3701,111,123,92.0,8.0,95.0,3.0,3.0
8085-6102,155,0,175.0,10.500000000000002,,,
8085-3704,171,170,107.0,6.0,108.0,3.5,1.0
8085-12701,527,649,250.0,3.5,243.0,1.0,7.0
8085-12703,660,1,234.0,89.5,,,
8085-6103,304,28,86.0,11.0,,,
8085-12702,622,587,175.0,31.999999999999996,167.0,10.0,8.0
8085-6101,300,124,248.0,9.0,264.0,1.0,16.0
8085-9101,437,7,86.0,13.5,,,
8085-6104,319,293,211.0,17.5,201.0,4.5,10.0
8085-12704,495,460,210.0,1.5,209.0,1.0,1.0
8085-9102,229,190,66.0,0.5,15.0,0.5,51.0
8086-1901,102,47,162.0,2.0,,,
8086-3704,82,84,46.0,13.5,223.0,4.5,177.0
8086-3701,157,2,351.0,4.5,,,
8086-3703,120,140,333.0,34.5,334.0,3.0,1.0
8086-6101,170,0,315.0,3.0,,,
8086-12703,146,94,26.0,20.0,29.0,8.0,3.0
8086-12704,201,198,349.0,6.5,346.0,0.5,3.0
8086-6102,140,190,19.0,14.0,242.0,2.0,137.0
8086-6103,100,81,15.0,11.0,9.0,5.499999999999998,6.0
8086-12701,245,260,162.0,3.5,152.0,3.0,10.0
8087-1902,93,40,197.0,2.5,,,
8086-12702,353,541,79.0,9.0,113.0,1.0,34.0
8086-6104,96,164,22.0,32.5,239.0,5.5,143.0
8087-3703,191,159,95.0,4.0,89.0,0.5,6.0
8087-6101,205,157,147.0,1.5,146.0,0.5,1.0
8087-6104,179,42,285.0,5.5,,,
8087-12702,286,163,46.0,1.5,39.0,0.5,7.0
8087-6102,182,22,337.0,89.5,,,
8086-9102,467,465,234.0,1.5,233.0,1.0,1.0
8086-9101,475,452,86.0,1.5,86.0,1.0,0.0
8087-9101,463,169,171.0,3.0,171.0,1.0,0.0
8088-1901,96,14,328.0,11.5,,,
8087-12701,678,389,229.0,10.0,19.0,5.0,150.0
8087-12704,648,629,351.0,4.0,354.0,1.5,3.0
8087-9102,461,441,146.0,8.5,149.0,3.5,3.0
8088-12702,309,353,43.0,18.5,0.0,1.0000000000000049,43.0
8088-12704,224,264,121.0,0.5,132.0,0.5,11.0
8088-3704,198,198,297.0,16.5,293.0,6.5,4.0
8088-3701,192,156,46.0,4.5,39.0,2.0,7.0
8088-6101,284,5,59.0,89.5,,,
8088-6103,321,0,277.0,25.0,,,
8088-12705,672,533,120.0,3.0,118.0,1.5,2.0
8088-9101,267,271,127.0,13.0,120.0,3.5,7.0
8088-12703,528,562,237.0,1.0,237.0,0.5,0.0
8089-1901,70,88,106.0,87.5,320.0,8.5,146.0
8089-3701,120,76,213.0,2.5,190.0,11.5,23.0
8089-12701,497,503,177.0,10.500000000000002,180.0,0.9999999999999978,3.0
8089-1902,96,95,27.0,3.5,26.0,2.0,1.0
8088-9102,474,415,170.0,0.5,171.0,0.5,1.0
8089-3703,127,3,58.0,89.5,,,
8089-3704,138,7,273.0,8.0,,,
8089-12702,186,214,78.0,15.5,66.0,0.5,12.0
8089-6101,229,298,309.0,35.0,259.0,5.5,50.0
8089-12705,197,0,331.0,12.5,,,
8089-6103,188,248,199.0,5.5,199.0,1.0,0.0
8089-12704,464,506,168.0,5.5,168.0,1.5,0.0
8091-1901,99,100,42.0,10.0,41.0,5.0,1.0
8089-6102,160,148,75.0,13.0,72.0,7.0,3.0
8091-1902,95,99,142.0,3.0,147.0,2.0,5.0
8089-9101,414,472,98.0,13.0,76.0,4.0,22.0
8091-12701,396,377,343.0,2.0,350.0,1.5,7.0
8091-3701,167,0,51.0,28.0,,,
8091-3702,190,182,319.0,4.5,28.0,7.5,69.0
8091-12702,193,247,195.0,4.5,203.0,0.5,8.0
8089-9102,495,439,196.0,9.0,195.0,3.5,1.0
8091-3703,194,177,40.0,1.5,227.0,0.5,173.0
8091-3704,194,171,175.0,3.0,172.0,1.5,3.0
8091-12703,411,462,188.0,0.5,196.0,0.5,8.0
8091-12705,505,262,260.0,2.0,266.0,2.0,6.0
8091-12704,576,557,183.0,2.5,187.0,1.0,4.0
8091-6101,326,321,86.0,2.0,85.0,0.5,1.0
8091-6103,103,166,136.0,25.0,145.0,0.5,9.0
8092-1901,90,0,248.0,7.0,,,
8091-6102,96,144,102.0,37.0,68.0,1.5,34.0
8092-1902,68,69,321.0,1.5,89.0,0.5,128.0
8091-6104,292,55,132.0,2.5,316.0,1.5,176.0
8092-3702,159,0,308.0,89.5,,,
8091-9101,487,455,42.0,2.0,44.0,1.0,2.0
8092-12703,651,8,280.0,89.5,,,
8092-12704,244,2,289.0,8.0,,,
8092-3701,184,177,140.0,3.0,140.0,1.5,0.0
8092-3704,169,161,189.0,3.0,192.0,1.5,3.0
8092-3703,157,164,266.0,20.0,268.0,5.5,2.0
8092-6103,152,82,116.0,7.0,86.0,4.5,30.0
8092-6102,247,74,294.0,31.0,112.0,10.5,178.0
8092-12705,435,65,82.0,33.0,84.0,3.5,2.0
8092-12702,609,664,132.0,3.0,327.0,0.5,165.0
8093-12701,284,285,190.0,14.5,172.0,3.5,18.0
8092-9102,139,0,30.0,49.0,,,
8093-1901,83,93,87.0,36.0,98.0,8.5,11.0
8093-1902,103,62,57.0,7.5,50.0,8.5,7.0
8093-12704,634,560,352.0,3.0,347.0,1.0,5.0
8093-3704,199,83,336.0,4.5,167.0,4.5,169.0
8093-3703,195,127,43.0,4.5,33.0,2.5,10.0
8093-6101,212,79,111.0,89.5,92.0,0.5,19.0
8093-12702,182,229,258.0,66.0,36.0,16.0,138.0
8093-6103,310,71,124.0,8.5,241.0,2.5,117.0
8093-12703,677,492,252.0,2.5,257.0,2.0,5.0
8093-9101,107,3,274.0,0.5,,,
8093-12705,496,486,145.0,8.0,301.0,4.0,156.0
8093-9102,485,408,224.0,1.5,227.0,1.0,3.0
8095-3701,198,15,293.0,2.0,,,
8093-6102,224,208,74.0,4.5,78.0,1.5,4.0
8095-1901,102,0,309.0,24.5,,,
8095-6101,157,11,214.0,1.0,,,
8095-3702,200,77,326.0,11.5,357.0,21.999999999999996,31.0
8095-6102,276,318,26.0,4.0,26.0,1.5,0.0
8095-6103,149,64,169.0,12.5,151.0,3.0,18.0
8095-12701,422,453,229.0,8.5,209.0,2.5,20.0
8095-9102,473,7,14.0,5.5,,,
8096-3703,181,0,207.0,42.0,,,
8096-6101,235,20,188.0,67.0,,,
8095-9101,490,469,115.0,7.5,117.0,4.5,2.0
8095-12702,328,395,167.0,6.5,167.0,1.5,0.0
8096-3704,150,0,126.0,36.5,,,
8096-12702,496,107,184.0,5.000000000000007,208.0,18.500000000000004,24.0
8095-12704,421,497,326.0,5.0,333.0,1.5,7.0
8095-12703,695,688,125.0,13.0,134.0,5.0,9.0
8097-1902,99,0,155.0,26.999999999999996,,,
8097-1901,96,87,175.0,5.499999999999997,177.0,2.5,2.0
8096-6102,276,85,242.0,89.5,234.0,34.5,8.0
8097-3701,192,0,27.0,6.5,,,
8096-9102,373,0,50.0,34.0,,,
8096-12705,266,239,110.0,26.5,103.0,4.5,7.0
8097-12701,149,94,187.0,5.0,178.0,8.500000000000002,9.0
8097-12703,265,83,185.0,1.5,184.0,2.5,1.0
8097-3702,126,0,37.0,5.0,,,
8097-12705,185,0,0.0,89.5,,,
8097-3703,144,161,153.0,12.5,310.0,5.0,157.0
8097-12704,212,226,201.0,7.5,209.0,2.5,8.0
8097-3704,129,69,152.0,10.0,150.0,11.0,2.0
8097-6102,106,121,315.0,89.5,76.0,4.5,121.0
8097-6104,270,17,205.0,4.0,,,
8131-1901,99,2,110.0,4.0,,,
8097-6101,318,168,109.0,1.5,102.0,0.5,7.0
8097-6103,147,1,254.0,8.5,,,
8131-12702,270,37,58.0,0.5,,,
8097-9102,306,180,155.0,2.5,152.0,1.0,3.0
8131-3701,194,140,54.0,1.0,54.0,0.5,0.0
8131-12703,248,290,91.0,5.5,92.0,1.5,1.0
8131-3702,191,2,264.0,5.0,,,
8097-9101,385,40,339.0,44.0,,,
8131-3703,159,8,260.0,13.5,,,
8131-6103,257,1,226.0,12.0,,,
8132-3701,159,2,313.0,3.0,,,
8131-12704,382,331,182.0,1.0,181.0,0.5,1.0
8132-1902,100,64,346.0,2.5,347.0,3.5,1.0
8131-6101,193,313,305.0,5.0,307.0,1.0,2.0
8131-6104,280,168,199.0,2.0,203.0,1.5,4.0
8131-9102,405,251,132.0,5.5,318.0,4.5,174.0
8132-12701,226,15,38.0,4.0,,,
8132-12704,334,281,359.0,2.000000000000005,357.0,0.5,2.0
8132-6101,318,268,253.0,2.0,257.0,1.5,4.0
8131-12701,581,574,275.0,4.5,275.0,2.0,0.0
8132-3703,136,140,1.0,38.5,10.0,4.5,9.0
8132-3702,132,173,222.0,4.0,50.0,7.0,172.0
8132-3704,182,108,241.0,7.0,137.0,1.0,104.0
8132-6104,269,11,84.0,2.0,,,
8132-6103,244,12,265.0,89.5,,,
8132-6102,237,163,279.0,4.5,275.0,3.5,4.0
8133-1902,83,1,168.0,6.0,,,
8133-3703,202,8,296.0,3.5,,,
8133-3702,203,105,266.0,4.0,261.0,1.0,5.0
8133-12701,181,154,24.0,4.5,44.0,1.0,20.0
8133-3701,183,180,105.0,4.0,107.0,3.5,2.0
8133-12703,708,10,78.0,6.5,,,
8133-6103,292,76,254.0,31.0,187.0,5.5,67.0
8133-6104,322,38,288.0,2.5,,,
8132-9101,396,376,230.0,2.5,231.0,1.5,1.0
8133-12704,256,256,55.0,4.5,142.0,3.5,87.0
8134-1902,98,14,219.0,89.5,,,
8134-3703,158,3,316.0,2.0,,,
8134-3701,112,76,346.0,0.5,331.0,0.5,15.0
8134-3704,155,25,354.0,9.500000000000007,,,
8133-9101,389,332,266.0,2.0,262.0,0.5,4.0
8134-6104,139,119,324.0,39.5,132.0,11.5,168.0
8134-9101,174,0,12.0,26.0,,,
8134-6103,289,316,103.0,13.5,116.0,3.5,13.0
8134-12705,640,577,306.0,5.0,306.0,2.5,0.0
8134-12703,624,614,299.0,5.5,296.0,2.0,3.0
8134-12701,658,655,251.0,7.5,253.0,3.0,2.0
8134-9102,481,484,218.0,1.0,220.0,0.5,2.0
8134-12704,611,645,42.0,1.5,44.0,0.5,2.0
8135-3701,184,19,0.0,4.500000000000005,,,
8134-12702,683,683,25.0,1.5,26.0,0.5,1.0
8135-12703,385,408,351.0,3.0,351.0,1.0,0.0
8135-12701,682,677,67.0,1.0,65.0,1.0,2.0
8135-3703,192,1,105.0,89.5,,,
8135-3702,193,195,24.0,13.0,9.0,3.5,15.0
8135-12705,304,329,202.0,5.5,193.0,3.0,9.0
8135-12702,548,556,316.0,3.0,131.0,1.5,175.0
8135-3704,168,184,243.0,9.0,228.0,3.0,15.0
8135-6104,158,68,289.0,2.5,293.0,5.0,4.0
8135-12704,519,492,33.0,1.0,34.0,0.5,1.0
8135-6102,319,20,49.0,4.0,,,
8135-6101,323,322,348.0,18.000000000000007,14.0,10.000000000000004,26.0
8135-6103,326,254,33.0,2.5,33.0,2.5,0.0
8135-9101,428,13,22.0,89.5,,,
8137-12701,189,197,287.0,11.0,291.0,4.0,4.0
8137-1901,101,101,220.0,4.0,220.0,2.5,0.0
8137-1902,105,72,182.0,4.999999999999999,329.0,7.0,147.0
8137-3704,106,144,91.0,7.5,100.0,2.0,9.0
8137-3701,195,107,1.0,2.5000000000000053,7.0,4.0,6.0
8135-9102,343,271,34.0,8.5,46.0,2.5,12.0
8137-9101,330,8,206.0,89.5,,,
8137-6102,327,10,177.0,6.000000000000002,,,
8137-12705,258,211,178.0,6.5000000000000036,173.0,4.0,5.0
8138-1901,91,90,114.0,10.0,100.0,3.0,14.0
8138-3702,189,174,179.0,6.000000000000002,189.0,6.5,10.0
8138-3703,186,4,271.0,14.0,,,
8138-3701,195,195,318.0,5.0,319.0,2.5,1.0
8137-9102,492,484,134.0,2.5,133.0,1.0,1.0
8138-12705,233,266,306.0,1.0,309.0,0.5,3.0
8138-12702,208,304,181.0,2.499999999999998,180.0,1.5000000000000049,1.0
8138-3704,175,131,290.0,25.5,304.0,6.0,14.0
8138-6101,210,199,348.0,2.5,346.0,1.5,2.0
8137-12703,664,660,252.0,1.5,253.0,1.0,1.0
8138-6103,122,168,83.0,8.0,73.0,1.0,10.0
8138-12701,555,581,207.0,10.0,205.0,2.0,2.0
8138-12704,678,669,166.0,1.0,166.0,0.5,0.0
8137-12704,563,466,296.0,6.5,292.0,2.5,4.0
8138-6102,320,287,138.0,8.0,157.0,1.0,19.0
8139-1901,87,94,5.0,21.000000000000007,13.0,2.5,8.0
8139-12701,337,355,211.0,19.0,200.0,3.0,11.0
8138-9101,466,456,39.0,1.5,39.0,1.0,0.0
8139-1902,94,89,271.0,9.5,276.0,3.5,5.0
8138-9102,482,367,110.0,3.5,115.0,2.5,5.0
8139-3701,190,5,231.0,5.0,,,
8139-12702,349,402,169.0,9.5,174.0,8.500000000000002,5.0
8139-3704,157,114,23.0,2.5,23.0,0.5,0.0
8139-3702,187,187,158.0,41.0,184.0,8.500000000000002,26.0
8139-12704,337,371,304.0,33.0,345.0,5.0,41.0
8139-6101,297,299,212.0,2.5,212.0,1.5,0.0
8139-6104,270,189,197.0,1.5,197.0,1.0,0.0
8139-12703,663,560,273.0,40.0,284.0,3.0,11.0
8139-6103,275,316,286.0,14.5,287.0,2.5,1.0
8139-9102,477,121,247.0,2.0,240.0,1.0,7.0
8140-1901,99,0,275.0,6.0,,,
8139-12705,651,640,190.0,2.5,188.0,1.5,2.0
8140-1902,96,99,190.0,10.999999999999996,207.0,4.0,17.0
8140-12702,165,157,2.0,5.9999999999999964,3.0,2.499999999999998,1.0
8139-9101,448,442,190.0,18.5,167.0,3.0,23.0
8140-3703,180,0,304.0,10.5,,,
8140-12701,687,1,244.0,2.0,,,
8140-3701,182,182,206.0,2.5,206.0,3.0,0.0
8140-6101,286,54,23.0,3.0,36.0,4.5,13.0
8140-6104,136,137,208.0,7.0,55.0,3.0,153.0
8140-12705,321,377,210.0,9.0,226.0,2.0,16.0
8140-6103,292,159,351.0,2.5,0.0,0.5,9.0
8141-1902,107,2,352.0,1.5,,,
8140-12703,691,685,207.0,1.5,207.0,0.5,0.0
8140-12704,672,679,221.0,12.0,197.0,0.5,24.0
8140-9101,398,370,336.0,7.0,342.0,2.0,6.0
8141-3701,202,184,145.0,1.5,148.0,2.0,3.0
8141-12705,237,170,281.0,1.0,283.0,2.0,2.0
8141-3702,179,198,246.0,5.0,251.0,2.5,5.0
8141-3703,198,19,170.0,2.0,,,
8141-3704,160,60,47.0,3.5,60.0,2.0,13.0
8141-12703,653,391,181.0,1.0000000000000036,180.0,0.5000000000000036,1.0
8141-6101,327,49,174.0,1.5,,,
8141-6104,265,3,320.0,20.5,,,
8141-12702,663,609,61.0,2.0,59.0,0.5,2.0
8141-12701,632,638,349.0,1.5,350.0,1.0,1.0
8141-12704,516,595,160.0,3.0,160.0,1.0,0.0
8143-1902,101,22,228.0,19.0,,,
8141-6103,341,172,359.0,15.5,175.0,0.5,176.0
8143-3701,170,4,55.0,4.5,,,
8141-9101,496,27,290.0,89.5,,,
8143-3702,179,151,277.0,12.5,272.0,2.0,5.0
8143-3703,188,61,308.0,8.0,186.0,51.0,122.0
8143-12705,168,143,19.0,14.5,8.0,5.0,11.0
8143-12702,379,293,174.0,5.0000000000000036,177.0,2.0,3.0
8143-12701,670,2,181.0,69.5,,,
8143-6103,298,91,134.0,2.5,81.0,3.0,53.0
8143-6101,327,311,109.0,1.0,113.0,0.5,4.0
8143-6102,254,289,208.0,17.0,199.0,3.0,9.0
8143-12704,536,517,25.0,0.5,25.0,1.0,0.0
8144-3703,168,185,298.0,89.5,324.0,19.0,26.0
8143-6104,327,193,27.0,7.0,28.0,1.0,1.0
8144-3704,125,78,203.0,8.0,198.0,9.0,5.0
8143-9101,222,188,250.0,4.5,252.0,0.5,2.0
8144-6102,304,7,357.0,21.499999999999996,,,
8143-9102,303,331,60.0,4.0,60.0,1.5,0.0
8144-6103,317,64,345.0,9.5,347.0,15.499999999999996,2.0
8145-1901,97,97,304.0,3.5,304.0,2.5,0.0
8145-1902,91,95,263.0,2.0,263.0,1.0,0.0
8144-12702,333,359,272.0,4.5,269.0,1.0,3.0
8145-12702,307,3,105.0,0.5,,,
8144-9101,393,289,106.0,3.0,106.0,1.5,0.0
8145-12701,385,411,212.0,10.0,221.0,2.0,9.0
8145-6102,246,0,15.0,31.0,,,
8145-3704,176,2,271.0,1.5,,,
8145-3702,173,191,200.0,89.5,182.0,6.500000000000002,18.0
8145-3701,192,192,13.0,13.5,42.0,3.5,29.0
8144-9102,453,402,32.0,1.5,32.0,1.0,0.0
8145-6104,159,158,21.0,9.0,23.0,3.0,2.0
8145-12703,227,230,308.0,23.5,297.0,4.0,11.0
8145-6101,171,288,56.0,14.5,54.0,1.0,2.0
8145-6103,317,310,347.0,5.0,345.0,2.5,2.0
8146-1902,93,90,181.0,5.500000000000001,5.0,4.5000000000000036,176.0
8146-3702,194,63,357.0,2.000000000000006,5.0,3.0,8.0
8145-9101,324,313,72.0,3.0,73.0,1.0,1.0
8145-9102,387,427,321.0,15.0,324.0,2.5,3.0
8146-12704,551,35,145.0,0.5,,,
8146-3703,193,11,75.0,3.0,,,
8146-3701,150,69,230.0,3.0,26.0,0.5,156.0
8146-12703,419,180,341.0,2.5,347.0,3.0,6.0
8146-6104,157,96,156.0,4.0,153.0,1.0,3.0
8146-12702,561,517,290.0,2.0,289.0,0.5,1.0
8146-6103,297,318,336.0,14.5,103.0,5.0,127.0
8146-9101,451,469,65.0,9.0,67.0,3.0,2.0
8146-12701,673,670,351.0,1.5,351.0,1.0,0.0
8146-9102,368,282,20.0,3.5,15.0,1.0,5.0
8147-1902,103,100,217.0,16.5,216.0,7.5,1.0
8147-3704,185,185,192.0,3.0,185.0,2.0,7.0
8147-3701,191,201,287.0,6.5,280.0,4.0,7.0
8147-12702,624,2,10.0,29.0,,,
8147-12701,633,592,119.0,4.5,118.0,1.5,1.0
8147-6103,310,325,356.0,3.0,355.0,1.0,1.0
8147-12705,439,357,341.0,2.0,341.0,1.5,0.0
8147-6101,309,293,205.0,5.0,208.0,2.5,3.0
8147-6104,241,253,130.0,9.0,123.0,4.5,7.0
8147-12704,566,473,42.0,20.5,23.0,9.0,19.0
8148-3701,164,17,180.0,6.500000000000008,,,
8148-3703,183,21,248.0,3.0,,,
8148-6102,107,134,44.0,33.0,19.0,3.5,25.0
8148-12702,601,0,102.0,1.0,,,
8147-9101,482,496,80.0,2.0,83.0,1.5,3.0
8148-6103,222,267,148.0,11.5,138.0,4.0,10.0
8147-9102,458,493,181.0,14.000000000000004,173.0,5.0,8.0
8148-12703,363,302,21.0,1.0,20.0,0.5,1.0
8147-12703,688,696,175.0,2.0,177.0,1.5,2.0
8149-3701,201,58,281.0,3.0,171.0,6.0,110.0
8149-1902,101,0,349.0,8.0,,,
8148-12704,493,473,197.0,17.50000000000001,197.0,3.5,0.0
8149-3703,198,81,106.0,7.5,301.0,9.5,165.0
8148-6104,305,286,80.0,3.0,80.0,1.5,0.0
8149-12702,272,174,55.0,5.5,49.0,1.5,6.0
8149-6102,237,189,182.0,8.499999999999996,172.0,8.000000000000007,10.0
8148-9102,425,466,230.0,6.0,229.0,2.0,1.0
8149-12701,366,294,114.0,28.0,115.0,4.0,1.0
8148-9101,410,442,285.0,5.5,287.0,2.5,2.0
8149-12705,648,187,191.0,4.0,204.0,0.5,13.0
8149-3704,197,197,58.0,4.5,64.0,4.0,6.0
8149-6103,222,196,2.0,38.5,337.0,24.0,25.0
8149-6104,304,324,93.0,8.5,92.0,4.0,1.0
8150-1901,79,44,133.0,38.0,,,
8150-1902,102,102,132.0,3.5,129.0,3.0,3.0
8149-9101,402,314,153.0,11.5,154.0,6.5,1.0
8150-3704,157,0,24.0,24.000000000000004,,,
8150-12704,315,105,52.0,4.0,209.0,0.5,157.0
8150-6101,317,312,234.0,5.0,232.0,1.5,2.0
8150-12701,122,157,74.0,8.5,68.0,4.0,6.0
8149-9102,494,446,294.0,2.0,297.0,2.0,3.0
8150-12703,353,394,336.0,10.0,325.0,1.0,11.0
8150-6102,326,252,130.0,2.0,129.0,1.0,1.0
8150-12702,607,618,276.0,12.5,277.0,3.5,1.0
8150-6104,334,225,261.0,1.5,254.0,1.0,7.0
8150-9102,451,401,317.0,1.0,345.0,0.5,28.0
8152-1901,103,103,212.0,5.0,209.0,2.5,3.0
8152-3702,137,108,198.0,11.5,189.0,2.5,9.0
8152-12701,669,670,2.0,5.499999999999999,4.0,1.5,2.0
8152-6101,161,114,116.0,5.0,106.0,3.0,10.0
8152-3704,186,187,204.0,24.5,160.0,7.0,44.0
8152-3703,200,184,67.0,6.0,63.0,1.5,4.0
8152-6103,327,144,238.0,2.5,236.0,1.0,2.0
8152-6102,319,276,319.0,1.5,318.0,1.0,1.0
8152-12705,254,195,332.0,7.5,335.0,2.0,3.0
8152-6104,329,106,69.0,1.0,63.0,3.0,6.0
8153-1901,93,92,27.0,7.0,31.0,4.5,4.0
8153-12703,274,48,324.0,14.5,,,
8152-12703,498,467,303.0,6.0,310.0,2.5,7.0
8153-12702,227,217,96.0,21.0,202.0,3.5,106.0
8153-1902,94,1,255.0,8.5,,,
8152-12704,571,568,285.0,13.0,273.0,5.5,12.0
8153-3704,110,9,79.0,4.0,,,
8153-3703,186,2,31.0,89.5,,,
8153-6101,112,6,177.0,30.000000000000007,,,
8153-12701,482,454,33.0,7.5,5.0,5.0,28.0
8153-6103,314,6,104.0,3.0,,,
8153-12704,207,367,221.0,18.5,224.0,3.5,3.0
8153-6104,301,39,41.0,8.0,,,
8153-12705,489,450,125.0,14.0,134.0,3.0,9.0
8153-9101,426,42,259.0,10.0,,,
8154-1902,95,2,99.0,6.0,,,
8153-6102,285,292,47.0,4.5,42.0,2.0,5.0
8153-9102,314,288,67.0,12.0,66.0,4.0,1.0
8154-3701,111,102,294.0,5.0,292.0,3.0,2.0
8154-3702,149,14,196.0,11.0,,,
8154-3703,162,75,150.0,10.0,156.0,3.5,6.0
8154-12703,238,267,325.0,26.0,7.0,2.5,42.0
8154-3704,168,79,99.0,2.0,66.0,6.0,33.0
8154-6101,138,0,2.0,6.000000000000006,,,
8154-12702,678,346,122.0,10.0,329.0,1.0,153.0
8154-6102,283,293,37.0,10.0,36.0,5.5,1.0
8154-12701,679,679,334.0,2.5,331.0,1.5,3.0
8154-6103,309,201,311.0,10.0,289.0,1.0,22.0
8154-9101,206,230,171.0,8.999999999999996,166.0,4.5,5.0
8155-1901,86,38,86.0,11.0,,,
8154-12705,604,604,0.0,6.500000000000002,1.0,2.000000000000005,1.0
8155-12705,226,13,214.0,41.50000000000001,,,
8155-1902,87,92,60.0,36.0,283.0,12.5,137.0
8155-3704,105,14,94.0,6.5,,,
8155-3702,174,180,93.0,11.0,274.0,1.5,179.0
8155-3701,184,185,41.0,26.5,32.0,8.5,9.0
8155-12703,373,425,154.0,5.5,166.0,3.0,12.0
8155-6101,317,134,153.0,3.0,138.0,1.5,15.0
8154-9102,484,487,4.0,2.5,4.0,1.5,0.0
8155-9101,152,2,58.0,89.5,,,
8155-6104,304,297,309.0,5.0,308.0,1.5,1.0
8155-12701,662,655,157.0,3.0,164.0,2.0,7.0
8156-1902,95,14,85.0,3.5,,,
8155-12704,514,436,70.0,14.5,75.0,5.0,5.0
8156-3703,111,116,85.0,11.5,78.0,7.0,7.0
8156-3701,158,168,208.0,13.5,218.0,9.5,10.0
8156-12704,41,64,,,152.0,72.5,
8155-9102,327,337,201.0,7.0,205.0,2.5,4.0
8156-3702,166,159,247.0,19.5,224.0,5.0,23.0
8156-3704,142,0,324.0,89.5,,,
8156-12701,330,96,55.0,3.5,42.0,0.5,13.0
8156-6104,144,15,184.0,21.0,,,
8156-9101,271,21,325.0,75.5,,,
8156-6101,315,0,288.0,16.0,,,
8157-1901,95,12,0.0,2.9999999999999996,,,
8156-12705,381,477,111.0,13.0,104.0,3.0,7.0
8157-3701,195,141,257.0,8.0,265.0,7.0,8.0
8156-9102,173,210,344.0,24.000000000000007,344.0,3.5,0.0
8157-3703,149,0,305.0,19.5,,,
8157-3704,53,162,250.0,4.5,240.0,1.5,10.0
8157-3702,167,178,37.0,13.0,30.0,2.0,7.0
8157-12704,465,299,90.0,12.0,72.0,4.5,18.0
8157-6101,331,4,308.0,89.5,,,
8157-6103,164,121,130.0,2.5,122.0,0.5,8.0
8157-6102,290,161,292.0,3.0,289.0,1.0,3.0
8157-12705,500,668,106.0,1.0,118.0,1.0,12.0
8158-1902,80,41,244.0,8.0,,,
8158-1901,67,76,233.0,22.0,260.0,18.5,27.0
8157-9102,279,287,250.0,10.0,254.0,3.0,4.0
8157-9101,210,199,247.0,4.0,247.0,2.0,0.0
8157-12702,684,684,21.0,4.0,23.0,1.5,2.0
8158-12701,288,317,16.0,1.5,16.0,0.5,0.0
8158-12704,497,28,353.0,56.5,,,
8158-12702,421,374,95.0,3.0,93.0,1.0,2.0
8158-12703,360,38,109.0,5.0,,,
8158-3701,182,97,108.0,1.0,114.0,2.0,6.0
8158-12705,130,196,237.0,13.5,252.0,0.5,15.0
8158-6101,243,2,70.0,4.0,,,
8158-6103,315,3,277.0,26.0,,,
8158-6102,318,195,181.0,2.9999999999999996,180.0,3.5000000000000004,1.0
8158-6104,212,151,230.0,13.0,219.0,0.5,11.0
8158-9102,146,148,304.0,13.5,302.0,3.0,2.0
8158-9101,211,346,298.0,13.0,309.0,1.5,11.0
8239-6103,255,2,323.0,1.0,,,
8239-6104,225,1,34.0,5.0,,,
8239-1901,41,98,,,200.0,6.5,
8239-12701,196,10,153.0,21.5,,,
8239-3704,129,160,91.0,10.0,89.0,3.5,2.0
8239-12703,427,499,0.0,89.5,98.0,5.0,98.0
8239-12702,289,303,130.0,2.0,132.0,0.5,2.0
8240-1902,102,2,69.0,5.0,,,
8239-6101,311,310,130.0,10.5,131.0,5.0,1.0
8239-12705,321,460,257.0,7.5,260.0,2.0,3.0
8240-1901,107,106,19.0,5.5,18.0,3.0,1.0
8240-12704,237,0,206.0,89.5,,,
8239-12704,578,641,76.0,9.5,76.0,2.0,0.0
8240-12703,540,4,177.0,66.5,,,
8240-12705,194,189,43.0,1.5,273.0,0.5,130.0
8240-3701,185,62,160.0,7.5,155.0,1.5,5.0
8240-3702,171,185,123.0,33.5,347.0,4.0,136.0
8239-9102,371,380,189.0,5.0,182.0,1.5,7.0
8239-9101,440,435,328.0,5.5,325.0,1.5,3.0
8240-6101,326,326,343.0,22.500000000000007,344.0,6.5,1.0
8240-6102,275,327,348.0,17.500000000000007,334.0,0.5,14.0
8240-6103,323,232,134.0,4.0,321.0,3.5,173.0
8240-6104,324,324,339.0,6.0,336.0,2.0,3.0
8241-1901,98,16,164.0,1.5,,,
8241-6104,259,13,269.0,13.0,,,
8241-12702,224,153,157.0,10.0,152.0,4.0,5.0
8241-1902,86,100,88.0,19.0,110.0,7.0,22.0
8241-3702,190,5,76.0,5.0,,,
8241-6103,286,5,19.0,89.5,,,
8241-12705,604,419,345.0,9.5,346.0,1.5,1.0
8241-6101,263,325,302.0,34.5,309.0,6.5,7.0
8241-9102,322,141,73.0,1.5,83.0,1.5,10.0
8241-12703,403,378,9.0,2.5,8.0,0.5,1.0
8241-12701,646,623,65.0,9.5,78.0,2.5,13.0
8241-12704,641,568,323.0,3.0,325.0,2.0,2.0
8243-3701,168,10,192.0,11.000000000000005,,,
8243-3702,167,22,134.0,3.5,,,
8243-3704,170,6,291.0,6.0,,,
8241-9101,339,279,280.0,2.5,278.0,1.0,2.0
8243-12701,641,647,260.0,1.0,261.0,0.5,1.0
8243-6103,320,4,192.0,1.0,,,
8243-12702,667,508,98.0,34.5,103.0,5.0,5.0
8243-12703,675,7,77.0,43.5,,,
8243-12705,345,334,263.0,7.0,260.0,1.5,3.0
8244-1901,97,10,179.0,1.4999999999999978,,,
8244-1902,84,71,50.0,9.5,48.0,7.0,2.0
8244-12701,120,0,269.0,89.5,,,
8244-3704,152,7,50.0,7.0,,,
8244-3703,189,36,251.0,3.0,,,
8243-9101,260,321,324.0,7.0,316.0,2.5,8.0
8244-3702,196,196,69.0,4.0,74.0,4.5,5.0
8243-12704,662,596,22.0,2.0,25.0,1.5,3.0
8244-12705,430,310,274.0,5.5,265.0,4.5,9.0
8244-6101,311,310,78.0,3.0,75.0,1.5,3.0
8244-6102,322,273,193.0,3.5,190.0,1.5,3.0
8244-6103,269,15,301.0,16.5,,,
8244-6104,324,18,75.0,2.0,,,
8244-12703,617,593,230.0,6.5,240.0,4.0,10.0
8244-9102,414,10,130.0,14.0,,,
8244-12704,383,337,163.0,3.0,160.0,1.0,3.0
8245-12701,396,432,221.0,2.5,222.0,1.0,1.0
8245-6101,80,127,263.0,3.0,237.0,1.5,26.0
8245-1902,94,94,72.0,4.0,71.0,2.5,1.0
8245-12702,674,625,196.0,1.0,195.0,1.0,1.0
8245-3704,174,51,333.0,3.0,236.0,15.5,97.0
8245-12705,340,125,358.0,3.500000000000008,4.0,10.0,6.0
8245-3701,180,183,341.0,89.5,350.0,5.0,9.0
8245-3702,187,181,301.0,4.5,40.0,7.5,99.0
8245-3703,193,18,353.0,89.5,,,
8245-6104,313,2,258.0,1.5,,,
8245-6103,319,323,295.0,26.5,314.0,4.0,19.0
8245-9102,370,35,74.0,89.5,,,
8247-1901,98,78,87.0,6.5,19.0,3.0,68.0
8247-1902,100,0,182.0,10.0,,,
8245-6102,322,322,248.0,6.5,249.0,3.5,1.0
8245-9101,412,363,143.0,7.5,141.0,3.5,2.0
8245-12703,657,652,107.0,2.0,105.0,0.5,2.0
8247-12702,337,350,272.0,4.0,275.0,1.5,3.0
8247-3704,148,71,143.0,7.0,258.0,0.5,115.0
8247-3701,196,196,48.0,9.5,52.0,9.5,4.0
8247-12703,392,512,85.0,1.5,84.0,1.0,1.0
8247-6104,199,78,267.0,3.5,271.0,5.0,4.0
8247-6102,239,100,221.0,10.5,49.0,1.5,172.0
8247-12701,626,618,60.0,14.5,49.0,3.5,11.0
8247-6103,332,241,62.0,1.0,239.0,1.5,177.0
8248-1901,95,61,89.0,3.5,71.0,0.5,18.0
8248-12701,262,376,299.0,8.5,291.0,1.5,8.0
8248-6104,60,139,115.0,89.5,335.0,0.5,140.0
8248-3702,175,0,161.0,20.0,,,
8248-3701,192,45,278.0,6.0,,,
8248-12702,463,500,57.0,1.5,56.0,0.5,1.0
8248-6103,242,9,233.0,7.0,,,
8248-3703,194,186,244.0,5.0,242.0,3.5,2.0
8248-12704,676,671,315.0,1.5,132.0,0.5,177.0
8248-6102,254,85,324.0,4.5,326.0,0.5,2.0
8248-9101,166,32,239.0,11.0,,,
8248-12703,682,658,98.0,5.0,100.0,3.0,2.0
8249-12702,170,122,231.0,2.5,15.0,4.0,144.0
8249-12701,105,206,67.0,7.5,79.0,2.0,12.0
8249-1901,88,97,62.0,20.0,240.0,2.5,178.0
8249-3702,176,185,53.0,7.5,50.0,4.0,3.0
8249-3704,176,163,238.0,4.0,230.0,2.0,8.0
8249-6104,328,37,176.0,4.9999999999999964,,,
8249-9101,371,241,272.0,3.0,272.0,1.5,0.0
8249-12705,692,0,76.0,20.0,,,
8249-12703,659,655,16.0,1.0,17.0,0.5,1.0
8249-9102,234,6,155.0,2.0,,,
8250-1902,98,71,283.0,2.0,189.0,0.5,94.0
8250-3701,193,36,89.0,2.5,,,
8249-6101,316,286,65.0,3.0,60.0,2.5,5.0
8250-3704,144,154,21.0,6.0,16.0,2.5,5.0
8250-12701,461,130,171.0,3.0,180.0,4.000000000000008,9.0
8249-12704,673,672,105.0,1.5,103.0,1.0,2.0
8250-12702,358,384,30.0,4.5,32.0,1.5,2.0
8250-6103,239,163,131.0,7.5,134.0,2.5,3.0
8250-6102,323,318,277.0,4.5,280.0,1.5,3.0
8250-6101,312,321,223.0,4.5,211.0,2.0,12.0
8250-9102,478,141,232.0,3.0,220.0,0.5,12.0
8252-12703,246,335,180.0,4.500000000000006,179.0,1.9999999999999993,1.0
8252-12701,180,246,85.0,36.5,9.0,44.0,76.0
8250-12703,623,620,46.0,30.0,52.0,5.0,6.0
8250-12704,634,645,328.0,0.5,150.0,0.5,178.0
8252-3702,193,5,131.0,4.5,,,
8250-6104,318,305,319.0,2.0,134.0,1.5,175.0
8252-3703,196,194,247.0,5.0,256.0,2.5,9.0
8252-3701,193,177,292.0,1.5,294.0,1.0,2.0
8252-3704,175,98,320.0,5.5,143.0,17.0,177.0
8252-12702,676,629,283.0,2.5,282.0,0.5,1.0
8252-6101,326,251,214.0,11.5,214.0,4.0,0.0
8252-6104,153,168,47.0,4.0,224.0,2.0,177.0
8252-12704,676,593,180.0,3.499999999999999,185.0,2.0,5.0
8252-12705,688,688,109.0,3.0,109.0,2.0,0.0
8252-9101,286,307,239.0,2.0,249.0,0.5,10.0
8252-6103,330,330,230.0,2.0,39.0,1.0,169.0
8252-6102,320,322,54.0,2.0,55.0,1.0,1.0
8253-1902,101,32,341.0,10.5,,,
8253-3701,173,1,6.0,2.0,,,
8252-9102,270,476,350.0,10.5,6.0,2.5,16.0
8253-12701,209,224,306.0,4.0,309.0,1.5,3.0
8253-12702,445,217,0.0,0.5,352.0,1.0,8.0
8253-3702,189,175,1.0,1.5000000000000038,3.0,1.0,2.0
8253-12705,303,172,270.0,0.5,252.0,3.5,18.0
8253-3703,190,191,227.0,4.0,232.0,3.0,5.0
8253-6102,286,7,108.0,89.5,,,
8253-6101,222,174,233.0,6.0,235.0,2.5,2.0
8253-6103,322,1,41.0,22.0,,,
8253-12704,369,156,332.0,2.5,324.0,3.0,8.0
8253-6104,326,309,326.0,3.5,326.0,2.5,0.0
8253-12703,657,386,187.0,2.0,193.0,1.0,6.0
8254-1901,92,97,112.0,89.5,137.0,10.5,25.0
8253-9101,472,200,153.0,3.5,106.0,2.5,47.0
8254-12702,165,176,258.0,24.5,280.0,4.0,22.0
8254-3701,188,21,123.0,7.5,,,
8254-12703,299,316,204.0,6.0,197.0,2.5,7.0
8253-9102,432,438,230.0,4.5,232.0,2.5,2.0
8254-3703,96,21,241.0,10.0,,,
8254-3702,191,4,283.0,11.0,,,
8254-12704,393,343,250.0,4.0,255.0,1.5,5.0
8254-12701,597,335,53.0,2.0,53.0,2.0,0.0
8254-3704,169,169,116.0,2.0,115.0,1.5,1.0
8254-12705,427,172,152.0,2.5,145.0,2.5,7.0
8254-6101,170,17,12.0,66.0,,,
8254-6104,149,35,315.0,11.5,,,
8254-6103,319,240,77.0,0.5,75.0,0.5,2.0
8254-6102,326,298,152.0,3.5,152.0,2.5,0.0
8254-9102,171,147,247.0,12.5,259.0,4.5,12.0
8255-1901,101,90,3.0,2.5,356.0,2.5,7.0
8255-3701,138,125,168.0,57.5,211.0,19.0,43.0
8255-3704,99,108,217.0,18.0,218.0,2.5,1.0
8255-12703,345,190,105.0,5.5,112.0,0.5,7.0
8254-9101,471,433,204.0,0.5,206.0,0.5,2.0
8255-12701,435,340,260.0,3.0,258.0,1.0,2.0
8255-6101,296,106,322.0,20.5,49.0,3.0,87.0
8255-6103,313,10,125.0,17.5,,,
8255-9102,106,144,33.0,23.0,42.0,3.5,9.0
8255-12704,329,396,218.0,3.0,219.0,1.0,1.0
8255-6102,327,84,38.0,4.5,28.0,6.0,10.0
8255-9101,327,1,263.0,0.5,,,
8256-1901,106,0,305.0,14.5,,,
8255-12705,545,516,239.0,3.0,239.0,1.0,0.0
8256-3701,204,27,172.0,2.0,,,
8256-3703,209,36,95.0,1.0,,,
8256-3704,175,115,203.0,2.5,201.0,2.5,2.0
8256-12701,232,190,103.0,4.5,93.0,3.0,10.0
8256-3702,175,1,224.0,6.0,,,
8256-12703,422,317,129.0,2.0,128.0,1.0,1.0
8256-12702,303,277,206.0,21.0,54.0,6.5,152.0
8256-6103,343,1,226.0,82.0,,,
8256-12704,298,89,341.0,0.5,158.0,0.5,177.0
8256-6104,337,71,206.0,3.0,333.0,19.5,127.0
8257-1902,105,105,78.0,2.0,80.0,1.5,2.0
8256-9101,389,18,262.0,0.5,,,
8256-12705,695,237,339.0,13.5,275.0,1.5,64.0
8257-3701,196,180,180.0,7.4999999999999964,172.0,1.0,8.0
8257-12701,672,669,99.0,4.5,95.0,0.5,4.0
8257-6101,332,333,341.0,2.5,340.0,1.5,1.0
8257-6104,167,6,11.0,0.5,,,
8257-3704,167,182,264.0,25.5,264.0,8.0,0.0
8257-9101,278,328,276.0,3.0,274.0,1.0,2.0
8257-3703,204,198,156.0,2.5,151.0,2.0,5.0
8257-12704,673,7,199.0,5.5,,,
8257-12703,481,480,295.0,1.5,294.0,0.5,1.0
8257-6102,326,295,282.0,8.0,283.0,3.0,1.0
8258-1901,95,95,152.0,4.5,150.0,3.5,2.0
8258-1902,98,98,63.0,4.5,60.0,2.5,3.0
8257-9102,468,416,237.0,1.0,238.0,1.0,1.0
8257-12705,567,624,4.0,1.0,3.0,0.5,1.0
8258-3701,172,187,234.0,7.0,233.0,3.0,1.0
8258-3704,137,168,239.0,7.0,255.0,3.0,16.0
8258-12702,400,444,297.0,5.5,298.0,2.0,1.0
8258-6103,313,17,322.0,2.5,,,
8258-6102,318,181,246.0,3.0,241.0,0.5,5.0
8258-6104,137,69,104.0,4.0,276.0,0.5,172.0
8258-12703,360,393,224.0,2.0,223.0,1.0,1.0
8258-6101,316,310,295.0,13.0,289.0,4.5,6.0
8258-12701,609,597,118.0,3.5,115.0,1.5,3.0
8258-12705,382,272,343.0,3.5,342.0,2.5,1.0
8258-12704,668,660,117.0,0.5,118.0,0.5,1.0
8259-1902,100,99,95.0,5.5,90.0,3.0,5.0
8259-3703,197,8,92.0,9.0,,,
8259-12705,325,0,234.0,23.5,,,
8258-9101,466,450,302.0,2.5,309.0,0.5,7.0
8259-6101,220,313,113.0,9.0,115.0,2.5,2.0
8259-12701,340,372,319.0,14.5,314.0,8.5,5.0
8259-6102,144,113,305.0,5.0,302.0,4.0,3.0
8259-12702,418,460,171.0,2.0,175.0,1.5,4.0
8259-6103,335,232,220.0,4.0,226.0,1.0,6.0
8260-1902,93,0,93.0,40.5,,,
8260-1901,81,84,273.0,89.5,77.0,10.5,164.0
8259-12704,624,616,311.0,15.0,298.0,5.0,13.0
8259-9101,268,407,292.0,11.0,308.0,2.0,16.0
8260-3702,189,0,344.0,6.0,,,
8260-3704,188,75,238.0,7.0,132.0,11.5,106.0
8259-9102,491,481,198.0,3.5,199.0,1.5,1.0
8260-3703,184,184,163.0,21.5,162.0,4.0,1.0
8260-6101,243,323,115.0,6.0,113.0,1.5,2.0
8260-6102,251,210,47.0,0.5,48.0,0.5,1.0
8260-12705,336,390,238.0,9.0,240.0,2.0,2.0
8260-12702,501,422,298.0,30.0,62.0,21.0,124.0
8260-6103,198,173,142.0,6.0,134.0,0.5,8.0
8260-12701,670,671,131.0,5.0,133.0,2.5,2.0
8260-12703,625,641,247.0,9.0,244.0,2.0,3.0
8260-12704,586,607,329.0,5.0,328.0,1.5,1.0
8260-6104,291,320,271.0,6.0,274.0,1.5,3.0
8261-1902,97,7,133.0,3.0,,,
8261-1901,102,102,49.0,11.0,238.0,5.5,171.0
8260-9101,472,471,103.0,1.5,104.0,1.0,1.0
8261-3701,191,189,185.0,2.5,186.0,1.0,1.0
8260-9102,325,2,42.0,13.0,,,
8261-6104,129,55,102.0,15.5,345.0,40.5,117.0
8261-12704,274,265,355.0,6.000000000000004,347.0,4.0,8.0
8261-12703,496,609,330.0,89.5,311.0,5.5,19.0
8261-6103,308,137,23.0,4.5,27.0,2.5,4.0
8261-6101,326,3,96.0,9.0,,,
8261-9101,390,47,135.0,5.5,,,
8261-6102,328,326,188.0,3.5,187.0,2.0,1.0
8261-9102,175,167,12.0,16.0,26.0,4.5,14.0
8262-12702,187,167,296.0,25.5,295.0,4.0,1.0
8262-1902,86,99,93.0,89.5,16.0,47.5,77.0
8262-3701,173,191,136.0,6.5,297.0,7.0,161.0
8262-3704,101,93,359.0,29.0,8.0,7.5,9.0
8262-3703,197,168,75.0,3.5,75.0,1.0,0.0
8262-6102,294,25,206.0,7.0,,,
8262-3702,199,198,140.0,7.0,142.0,2.5,2.0
8262-12704,453,494,55.0,3.0,53.0,1.0,2.0
8262-6101,193,232,13.0,17.000000000000004,226.0,5.0,147.0
8262-6103,325,18,24.0,1.0,,,
8261-12705,658,646,183.0,3.000000000000004,182.0,0.5,1.0
8262-12705,341,315,217.0,2.0,217.0,0.5,0.0
8262-6104,328,57,125.0,2.0,125.0,0.5,0.0
8263-3703,132,99,220.0,10.5,215.0,3.5,5.0
8263-3701,129,88,85.0,5.5,75.0,4.0,10.0
8263-3702,166,3,337.0,12.5,,,
8262-9102,488,487,272.0,2.5,265.0,2.0,7.0
8262-9101,486,454,163.0,1.5,165.0,0.5,2.0
8263-3704,171,65,100.0,11.0,103.0,10.0,3.0
8263-6103,283,77,129.0,2.0,320.0,3.0,169.0
8263-12703,652,616,256.0,4.0,254.0,0.5,2.0
8263-9101,123,86,248.0,10.5,242.0,6.5,6.0
8263-12705,668,666,118.0,1.5,117.0,0.5,1.0
8263-6104,305,232,174.0,1.0,173.0,1.0,1.0
8263-12704,219,243,335.0,13.5,333.0,4.0,2.0
8263-6101,317,318,118.0,9.0,114.0,2.0,4.0
8263-6102,253,278,20.0,13.5,31.0,4.0,11.0
8263-9102,479,78,20.0,6.5,353.0,0.5,27.0
8309-12702,172,9,214.0,89.5,,,
8309-6102,121,3,29.0,38.5,,,
8309-6103,172,117,152.0,35.50000000000001,179.0,5.500000000000008,27.0
8309-3701,187,2,186.0,4.0,,,
8309-3704,186,9,14.0,3.0,,,
8309-12701,253,205,174.0,2.0,171.0,1.5,3.0
8309-12703,220,67,6.0,3.000000000000004,350.0,0.5,16.0
8310-1901,91,46,295.0,9.5,,,
8310-1902,82,96,320.0,7.5,133.0,4.0,173.0
8309-6104,257,218,70.0,10.5,67.0,4.5,3.0
8309-12704,670,7,168.0,30.999999999999996,,,
8310-3701,190,102,122.0,3.0,118.0,3.0,4.0
8310-3702,182,35,105.0,6.0,,,
8310-3703,197,45,2.0,14.000000000000005,,,
8310-12701,550,628,251.0,10.5,243.0,3.5,8.0
8310-6101,318,2,10.0,19.500000000000004,,,
8309-9102,400,330,303.0,2.5,305.0,1.0,2.0
8310-3704,188,195,144.0,89.5,309.0,7.0,165.0
8310-12705,254,224,37.0,9.5,29.0,6.5,8.0
8310-6102,220,48,40.0,0.5,,,
8310-12702,399,298,213.0,4.5,211.0,1.5,2.0
8310-12704,681,39,239.0,2.5,,,
8310-6104,324,13,19.0,3.0,,,
8311-1902,95,0,192.0,3.5,,,
8311-1901,99,69,24.0,4.5,206.0,7.5,178.0
8310-6103,181,126,46.0,89.5,88.0,11.5,42.0
8310-9102,303,1,328.0,89.5,,,
8311-12704,152,98,181.0,19.0,149.0,6.0,32.0
8311-12702,255,57,275.0,2.5,270.0,4.5,5.0
8311-3702,159,182,132.0,13.0,124.0,4.5,8.0
8311-3704,188,188,206.0,1.5,206.0,1.0,0.0
8311-3703,193,165,309.0,2.0,308.0,1.5,1.0
8311-12701,432,464,355.0,2.5,354.0,1.5,1.0
8311-9101,119,152,209.0,17.0,216.0,4.0,7.0
8311-6104,322,322,95.0,3.0,97.0,2.0,2.0
8311-6103,301,41,164.0,6.5,,,
8311-12705,437,457,232.0,7.5,230.0,1.5,2.0
8311-6101,293,20,222.0,6.5,,,
8312-1902,90,5,150.0,3.5,,,
8312-1901,96,45,124.0,13.0,,,
8311-12703,530,559,143.0,1.5,142.0,0.5,1.0
8311-9102,463,0,164.0,37.0,,,
8312-3703,156,1,212.0,8.0,,,
8312-3704,180,2,240.0,9.5,,,
8312-3702,186,109,5.0,4.0,14.0,4.5,9.0
8312-6103,242,119,118.0,15.5,106.0,10.5,12.0
8312-6102,319,187,291.0,2.0,290.0,1.5,1.0
8312-6104,160,128,284.0,8.5,283.0,3.0,1.0
8312-12704,648,251,211.0,1.0,216.0,2.5,5.0
8312-9101,467,0,305.0,3.0,,,
8312-12705,561,351,100.0,4.5,99.0,5.5,1.0
8312-12702,665,636,93.0,2.5,97.0,1.0,4.0
8313-1901,93,96,205.0,89.5,306.0,7.5,101.0
8312-9102,477,67,1.0,4.500000000000006,315.0,0.5,46.0
8313-6102,290,55,64.0,1.0,142.0,9.0,78.0
8313-6104,155,184,308.0,28.0,291.0,5.0,17.0
8313-12704,665,591,310.0,1.0,312.0,0.5,2.0
8313-12701,648,632,313.0,1.5,312.0,1.0,1.0
8313-9101,464,460,112.0,1.5,111.0,1.0,1.0
8313-12702,661,677,36.0,2.5,29.0,1.0,7.0
8313-12703,675,656,153.0,3.5,155.0,2.0,2.0
8313-9102,475,474,221.0,1.5,221.0,1.0,0.0
8314-1901,84,0,297.0,10.0,,,
8313-12705,658,602,169.0,1.0,169.0,0.5,0.0
8314-3703,189,9,153.0,7.0,,,
8314-3702,186,171,344.0,7.0,170.0,4.0,174.0
8314-6103,210,25,164.0,5.0,,,
8314-6102,180,62,80.0,11.5,106.0,15.5,26.0
8314-12702,678,504,338.0,0.5,325.0,1.5,13.0
8314-12703,673,620,319.0,1.0,322.0,0.5,3.0
8314-12701,680,680,134.0,11.0,126.0,5.5,8.0
8314-6104,194,6,353.0,12.000000000000005,,,
8315-1902,96,3,214.0,3.0,,,
8314-9102,479,10,308.0,10.5,,,
8314-12704,668,668,43.0,2.0,43.0,0.5,0.0
8314-12705,505,425,221.0,1.0,222.0,0.5,1.0
8315-3701,179,164,343.0,7.5,339.0,3.0,4.0
8315-3703,189,48,153.0,9.0,,,
8315-12701,392,7,167.0,1.5,,,
8315-6102,257,3,224.0,29.0,,,
8315-12704,235,251,353.0,3.0,355.0,1.5,2.0
8315-6104,311,0,264.0,2.5,,,
8315-12702,669,16,213.0,32.0,,,
8315-6103,315,166,46.0,3.0,229.0,1.5,177.0
8315-9102,271,173,57.0,4.5,54.0,3.0,3.0
8315-12703,438,486,301.0,1.5,301.0,0.5,0.0
8317-12702,367,14,201.0,2.5,,,
8317-3702,198,1,134.0,6.5,,,
8315-9101,343,118,275.0,3.5,278.0,1.5,3.0
8317-3703,160,24,62.0,3.0,,,
8317-3701,150,133,317.0,28.5,119.0,7.5,162.0
8317-12703,412,250,25.0,3.0,21.0,0.5,4.0
8317-12705,272,286,146.0,10.5,142.0,3.5,4.0
8317-6103,276,12,318.0,0.5,,,
8317-12701,481,37,304.0,1.0,,,
8317-6104,153,223,203.0,21.0,48.0,3.5,155.0
8317-6101,150,162,227.0,9.0,234.0,2.0,7.0
8317-6102,320,325,219.0,1.5,219.0,0.5,0.0
8318-1901,91,66,296.0,4.0,130.0,0.5,166.0
8318-1902,99,25,318.0,6.0,,,
8317-9101,360,346,49.0,3.5,47.0,2.0,2.0
8317-12704,619,545,283.0,1.0,286.0,0.5,3.0
8318-3701,194,15,33.0,2.5,,,
8318-12701,684,126,347.0,2.0,301.0,2.0,46.0
8318-3702,140,109,103.0,9.0,107.0,7.5,4.0
8318-3704,167,99,66.0,3.5,241.0,0.5,175.0
8317-9102,488,488,317.0,6.5,304.0,5.5,13.0
8318-6103,118,48,140.0,22.5,,,
8318-3703,182,182,312.0,4.0,314.0,2.0,2.0
8318-12704,580,548,279.0,4.0,281.0,2.5,2.0
8318-12703,659,653,234.0,1.0,237.0,0.5,3.0
8318-6101,312,306,334.0,3.0,330.0,1.0,4.0
8318-6104,300,294,180.0,3.499999999999999,182.0,2.499999999999998,2.0
8318-12705,614,632,172.0,4.0,175.0,1.0,3.0
8319-3703,194,181,261.0,2.5,262.0,1.0,1.0
8319-3704,163,166,191.0,10.5,183.0,0.5,8.0
8318-9102,469,457,235.0,5.0,237.0,2.5,2.0
8318-9101,434,463,283.0,6.0,294.0,2.5,11.0
8319-9102,321,22,151.0,38.500000000000014,,,
8319-12703,668,5,237.0,22.5,,,
8319-12705,307,276,22.0,3.5,20.0,1.0,2.0
8319-12702,523,370,94.0,2.5,95.0,2.0,1.0
8320-3701,178,12,59.0,2.0,,,
8320-3703,197,17,245.0,1.0,,,
8320-3702,183,168,260.0,4.0,271.0,3.0,11.0
8320-3704,179,181,128.0,9.5,123.0,4.0,5.0
8320-12701,219,318,229.0,7.5,234.0,2.5,5.0
8320-6103,212,0,134.0,3.0,,,
8320-12702,323,246,69.0,3.0,50.0,9.0,19.0
8319-12704,672,672,295.0,2.0,296.0,1.0,1.0
8320-6101,328,278,6.0,1.5,6.0,1.5,0.0
8320-6104,271,294,179.0,8.000000000000004,184.0,1.5,5.0
8321-1901,95,0,159.0,30.5,,,
8320-12704,448,412,197.0,3.5,194.0,1.5,3.0
8320-9101,453,465,89.0,5.5,85.0,2.0,4.0
8320-12705,675,674,24.0,1.5,23.0,0.5,1.0
8320-9102,491,491,292.0,1.5,291.0,0.5,1.0
8321-1902,98,0,218.0,22.5,,,
8321-3701,182,0,293.0,8.0,,,
8321-3702,153,22,180.0,18.500000000000007,,,
8321-12704,657,1,76.0,7.5,,,
8321-12703,522,444,314.0,3.0,136.0,2.0,178.0
8321-12701,671,665,253.0,3.0,248.0,2.0,5.0
8321-6104,283,220,353.0,4.0,352.0,2.0,1.0
8321-12705,684,680,201.0,6.0,199.0,2.5,2.0
8321-6103,198,17,299.0,18.5,,,
8321-6101,317,0,103.0,3.5,,,
8321-6102,329,0,174.0,7.500000000000001,,,
8322-1901,98,97,100.0,3.0,108.0,2.0,8.0
8322-12702,514,173,325.0,5.0,162.0,3.5,163.0
8322-1902,86,0,341.0,6.0,,,
8321-9101,474,0,185.0,7.500000000000005,,,
8322-3703,176,9,357.0,4.9999999999999964,,,
8321-9102,423,193,127.0,3.0,114.0,1.5,13.0
8322-3704,95,73,259.0,21.5,31.0,4.5,132.0
8322-6104,159,81,239.0,7.0,252.0,5.0,13.0
8322-12701,674,666,280.0,7.0,287.0,4.0,7.0
8322-12703,535,472,308.0,8.0,147.0,5.0,161.0
8322-6103,308,313,87.0,5.0,84.0,3.0,3.0
8322-12705,682,555,320.0,1.0,320.0,0.5,0.0
8322-9102,301,283,359.0,5.500000000000002,354.0,2.0,5.0
8323-1902,97,24,288.0,2.5,,,
8322-12704,665,665,356.0,1.0,355.0,1.0,1.0
8323-3701,97,40,108.0,17.5,,,
8323-1901,96,52,314.0,2.0,164.0,1.5,150.0
8322-9101,442,452,271.0,10.0,274.0,7.0,3.0
8323-12702,253,261,66.0,62.0,222.0,4.5,156.0
8323-3704,134,58,19.0,11.0,13.0,9.5,6.0
8323-12704,269,363,54.0,5.5,54.0,3.0,0.0
8323-6103,220,220,298.0,2.5,142.0,3.5,156.0
8323-12703,571,598,305.0,7.0,314.0,2.0,9.0
8323-3703,191,137,6.0,3.0,5.0,2.0,1.0
8324-1902,94,38,256.0,13.0,,,
8323-6102,261,7,93.0,11.5,,,
8323-6104,158,89,338.0,28.5,349.0,10.0,11.0
8323-9102,187,181,250.0,11.0,269.0,3.0,19.0
8324-3701,186,54,293.0,6.5,273.0,4.5,20.0
8323-12701,486,602,184.0,16.0,179.0,2.499999999999999,5.0
8323-12705,553,297,310.0,1.5,309.0,1.0,1.0
8324-12701,489,203,122.0,1.0,117.0,2.0,5.0
8324-12704,351,394,310.0,10.0,303.0,0.5,7.0
8324-3702,117,147,332.0,16.0,332.0,3.0,0.0
8324-3704,185,62,119.0,7.0,117.0,8.0,2.0
8324-12703,505,361,167.0,6.0,164.0,3.0,3.0
8325-1901,80,23,168.0,11.499999999999998,,,
8325-1902,90,30,305.0,6.0,,,
8324-6104,182,203,264.0,2.0,258.0,0.5,6.0
8324-6103,170,179,8.0,3.0,9.0,2.0,1.0
8325-3701,121,174,202.0,15.5,218.0,1.5,16.0
8325-3702,141,149,255.0,10.5,268.0,7.0,13.0
8324-9101,477,473,281.0,3.0,282.0,1.0,1.0
8325-12701,462,484,52.0,3.5,45.0,2.0,7.0
8325-9101,309,178,193.0,2.0,193.0,1.0,0.0
8326-3702,192,11,270.0,3.0,,,
8325-12702,375,513,141.0,24.5,139.0,4.5,2.0
8325-9102,457,298,236.0,7.5,228.0,2.5,8.0
8326-3704,180,2,159.0,5.5,,,
8326-3703,183,2,283.0,11.0,,,
8326-6101,256,10,51.0,2.0,,,
8326-6103,319,13,285.0,5.0,,,
8325-12703,538,469,278.0,1.5,279.0,0.5,1.0
8326-12705,319,419,52.0,27.5,63.0,9.5,11.0
8325-12705,370,393,96.0,6.0,97.0,1.5,1.0
8326-6104,324,0,173.0,5.0,,,
8327-1901,80,87,92.0,20.0,89.0,7.5,3.0
8327-12701,254,233,260.0,4.0,257.0,0.5,3.0
8326-12703,437,498,42.0,5.0,35.0,1.5,7.0
8327-3701,184,104,339.0,2.0,342.0,2.0,3.0
8327-6101,215,29,328.0,4.0,,,
8327-3703,183,192,43.0,9.5,54.0,3.0,11.0
8327-12704,430,408,258.0,3.0,260.0,0.5,2.0
8327-12705,686,11,213.0,4.0,,,
8327-6102,322,48,152.0,3.5,,,
8328-1902,98,83,269.0,2.5,288.0,2.0,19.0
8327-6104,295,76,310.0,3.5,303.0,5.5,7.0
8327-6103,328,290,248.0,2.0,253.0,0.5,5.0
8328-3702,174,2,135.0,0.5,,,
8328-3703,99,2,252.0,29.0,,,
8328-3701,117,150,107.0,5.5,112.0,2.5,5.0
8327-9102,259,188,77.0,6.5,75.0,3.0,2.0
8328-6101,172,21,42.0,0.5,,,
8328-12705,244,275,254.0,13.5,267.0,2.5,13.0
8328-12701,303,233,347.0,3.0,349.0,1.0,2.0
8328-6103,313,1,164.0,4.0,,,
8328-12702,560,359,274.0,2.5,278.0,1.5,4.0
8328-3704,185,184,28.0,44.0,40.0,9.0,12.0
8328-9101,303,346,298.0,3.0,308.0,1.5,10.0
8329-12703,154,186,108.0,9.0,118.0,2.0,10.0
8329-3704,13,21,,,,,
8329-3701,101,124,196.0,25.5,194.0,1.0,2.0
8329-3702,145,92,48.0,20.0,213.0,4.5,165.0
8329-3703,180,4,285.0,43.0,,,
8328-9102,207,173,68.0,6.5,71.0,3.5,3.0
8329-6101,299,3,173.0,23.5,,,
8329-6102,251,141,145.0,0.5,167.0,0.5,22.0
8329-6104,317,325,278.0,3.5,272.0,2.5,6.0
8330-1901,89,26,44.0,5.0,,,
8329-6103,323,302,207.0,1.5,209.0,1.0,2.0
8329-9101,318,48,331.0,4.5,,,
8330-12702,258,315,183.0,8.000000000000002,290.0,0.5,107.0
8330-3701,186,9,196.0,12.0,,,
8329-9102,110,107,33.0,6.5,24.0,5.5,9.0
8330-3704,160,170,319.0,4.5,324.0,2.5,5.0
8329-12704,604,669,116.0,3.5,120.0,2.0,4.0
8330-6104,314,0,186.0,9.5,,,
8330-6103,317,115,8.0,3.5,3.0,3.5000000000000036,5.0
8329-12701,693,691,315.0,2.0,136.0,1.0,179.0
8330-12703,668,644,247.0,2.5,244.0,1.0,3.0
8330-12704,432,442,313.0,3.5,313.0,2.0,0.0
8331-1901,96,96,16.0,6.5,17.0,3.5,1.0
8330-9102,376,316,51.0,1.5,50.0,1.5,1.0
8330-9101,467,460,291.0,3.0,292.0,1.0,1.0
8331-1902,95,93,252.0,4.0,263.0,2.5,11.0
8331-12701,666,8,155.0,34.99999999999999,,,
8330-12701,561,570,85.0,3.5,93.0,1.0,8.0
8331-12703,199,292,51.0,29.0,64.0,4.0,13.0
8331-3704,169,105,115.0,5.5,119.0,1.5,4.0
8331-3703,188,126,266.0,6.5,261.0,8.5,5.0
8331-12702,424,315,28.0,1.5,30.0,2.0,2.0
8331-6104,323,161,60.0,6.5,51.0,4.5,9.0
8331-9102,485,3,135.0,0.5,,,
8331-9101,474,9,146.0,23.0,,,
8331-12704,676,581,306.0,1.5,305.0,1.0,1.0
8332-3701,195,116,282.0,18.0,243.0,31.0,39.0
8331-12705,683,437,186.0,2.0,184.0,1.5,2.0
8332-3704,99,80,236.0,8.0,224.0,0.5,12.0
8332-12702,420,353,129.0,0.5,133.0,0.5,4.0
8332-3702,195,195,100.0,3.5,98.0,1.5,2.0
8332-12704,341,350,322.0,0.5,263.0,0.5,59.0
8333-1902,97,97,50.0,36.0,47.0,8.5,3.0
8333-3703,53,4,4.0,17.999999999999996,,,
8332-6101,227,14,342.0,2.0,,,
8332-6103,300,212,168.0,3.5,170.0,3.0,2.0
8333-12702,157,54,235.0,14.5,30.0,10.5,155.0
8332-6104,291,217,325.0,3.5,324.0,1.5,1.0
8332-12701,669,677,232.0,9.5,44.0,3.5,172.0
8333-3704,152,3,146.0,6.0,,,
8333-6104,160,0,243.0,89.5,,,
8332-12705,679,641,146.0,2.0,146.0,0.5,0.0
8332-9102,334,317,162.0,3.0,164.0,0.5,2.0
8333-6101,324,6,254.0,18.0,,,
8333-12703,470,424,62.0,3.0,61.0,1.0,1.0
8333-9101,447,3,191.0,36.0,,,
8334-1901,95,2,53.0,11.0,,,
8333-9102,130,3,7.0,89.5,,,
8334-1902,85,76,170.0,34.0,79.0,10.5,91.0
8333-6102,320,299,60.0,0.5,62.0,0.5,2.0
8334-3701,173,0,284.0,14.5,,,
8334-3703,161,53,96.0,5.5,268.0,7.5,172.0
8334-3704,133,107,84.0,8.5,85.0,3.0,1.0
8334-12702,471,257,42.0,15.0,26.0,2.5,16.0
8334-6101,324,84,261.0,2.0,252.0,0.5,9.0
8334-12704,313,344,253.0,4.5,248.0,2.5,5.0
8334-6103,226,102,125.0,5.0,133.0,5.0,8.0
8334-6104,123,130,163.0,39.50000000000001,352.0,5.0,171.0
8334-12703,584,478,195.0,2.0,198.0,1.5,3.0
8334-12701,685,667,59.0,3.0,56.0,1.0,3.0
8334-6102,224,172,204.0,10.5,217.0,4.5,13.0
8335-1902,95,3,106.0,9.5,,,
8334-9101,122,29,236.0,89.5,,,
8334-12705,546,409,129.0,15.5,130.0,5.5,1.0
8334-9102,287,177,317.0,11.5,315.0,4.0,2.0
8335-3701,196,197,179.0,9.000000000000004,185.0,3.5,6.0
8335-3704,110,102,282.0,8.0,288.0,6.5,6.0
8335-3702,118,99,10.0,8.0,25.0,4.0,15.0
8335-12701,372,402,258.0,1.5,264.0,0.5,6.0
8335-6103,271,6,214.0,81.0,,,
8335-12703,345,274,58.0,9.5,57.0,6.0,1.0
8335-9101,377,3,252.0,89.5,,,
8336-1901,92,0,310.0,49.5,,,
8335-6102,321,321,274.0,12.5,263.0,2.5,11.0
8335-12704,581,431,56.0,7.0,57.0,3.5,1.0
8336-3702,113,13,345.0,27.0,,,
8336-3701,139,67,156.0,89.5,142.0,6.0,14.0
8335-9102,449,468,183.0,18.5,192.0,3.5,9.0
8336-12701,418,103,335.0,4.5,331.0,2.5,4.0
8336-3704,167,8,156.0,4.0,,,
8336-3703,176,65,27.0,4.0,33.0,2.0,6.0
8336-6103,319,10,140.0,5.0,,,
8336-6102,301,132,19.0,8.0,15.0,7.0,4.0
8336-6104,315,8,228.0,10.5,,,
8336-9101,256,310,265.0,18.5,285.0,2.5,20.0
8336-12702,682,358,77.0,2.0,74.0,1.0,3.0
8337-1901,91,87,78.0,6.0,83.0,2.0,5.0
8336-12705,656,635,314.0,6.0,139.0,2.5,175.0
8337-3702,117,0,102.0,89.5,,,
8336-12703,674,425,45.0,2.0,40.0,3.5,5.0
8336-9102,393,434,346.0,5.0,340.0,2.0,6.0
8337-12701,335,395,5.0,4.0,359.0,1.4999999999999993,6.0
8337-3703,182,182,129.0,4.0,128.0,3.0,1.0
8337-12703,251,273,273.0,6.5,275.0,2.0,2.0
8337-6103,277,181,159.0,5.5,222.0,1.0,63.0
8337-9101,201,168,350.0,31.500000000000007,354.0,13.500000000000005,4.0
8337-6102,320,298,161.0,1.5,162.0,0.5,1.0
8337-6101,319,319,29.0,3.0,23.0,2.0,6.0
8337-12702,615,568,124.0,7.0,126.0,3.0,2.0
8337-12705,646,563,304.0,11.0,311.0,2.5,7.0
8337-6104,325,306,185.0,1.0,186.0,0.5,1.0
8338-1901,79,94,205.0,89.5,4.0,9.5,159.0
8338-12705,125,14,69.0,13.0,,,
8338-1902,92,53,217.0,1.5,357.0,3.500000000000006,140.0
8337-9102,315,245,222.0,15.0,216.0,8.5,6.0
8338-3703,189,9,40.0,20.5,,,
8338-3702,182,182,259.0,16.5,266.0,4.5,7.0
8338-3704,144,156,121.0,3.0,120.0,2.5,1.0
8338-6104,110,206,158.0,11.0,151.0,2.5,7.0
8338-9102,134,2,159.0,3.0,,,
8338-12703,492,400,135.0,11.5,339.0,12.0,156.0
8338-6102,307,307,92.0,6.0,92.0,4.0,0.0
8338-6101,285,273,301.0,3.0,292.0,2.0,9.0
8338-9101,318,284,156.0,9.0,159.0,4.5,3.0
8341-3704,169,42,68.0,2.0,,,
8341-3702,150,193,168.0,5.5,165.0,3.0,3.0
8338-12701,664,667,286.0,10.5,275.0,2.5,11.0
8341-12703,341,301,136.0,11.5,307.0,4.5,171.0
8341-12701,310,385,336.0,3.5,341.0,2.0,5.0
8341-6104,325,5,284.0,3.5,,,
8341-6103,150,111,145.0,8.5,148.0,3.5,3.0
8341-6101,332,263,22.0,2.5,18.0,1.5,4.0
8341-6102,250,290,275.0,5.5,277.0,2.0,2.0
8438-3703,188,8,8.0,3.0,,,
8438-3701,127,84,42.0,6.0,226.0,4.0,176.0
8438-3704,187,45,119.0,6.0,,,
8341-12704,693,693,57.0,4.5,60.0,3.0,3.0
8341-9102,373,344,18.0,4.5,18.0,2.5,0.0
8341-9101,365,450,10.0,4.0,10.0,1.0,0.0
8341-12705,681,691,96.0,8.0,96.0,4.0,0.0
8438-12703,362,44,234.0,89.5,,,
8438-12705,282,217,202.0,2.5,199.0,1.0,3.0
8438-6101,282,0,99.0,8.0,,,
8438-12702,674,674,92.0,2.0,92.0,1.0,0.0
8438-6102,276,307,316.0,3.5,318.0,1.5,2.0
8439-1902,97,80,97.0,21.5,289.0,3.5,168.0
8438-6104,190,223,195.0,9.5,185.0,3.0,10.0
8438-9102,405,266,292.0,4.5,280.0,0.5,12.0
8439-12704,341,353,166.0,2.5,170.0,1.5,4.0
8439-3701,193,80,139.0,2.0,216.0,0.5,77.0
8439-6101,302,319,136.0,5.0,314.0,2.0,178.0
8439-3702,191,99,243.0,1.0,248.0,1.0,5.0
8439-6102,328,326,44.0,1.5,220.0,1.0,176.0
8439-12701,582,569,23.0,7.0,24.0,3.5,1.0
8439-12703,678,635,169.0,1.0,172.0,0.5,3.0
8439-12705,685,454,77.0,12.0,71.0,1.0,6.0
8439-12702,685,662,31.0,1.0,32.0,0.5,1.0
8440-1901,103,78,348.0,15.999999999999998,340.0,2.0,8.0
8440-1902,97,97,40.0,14.0,213.0,0.5,173.0
8439-6103,231,271,160.0,1.5,162.0,1.5,2.0
8440-12702,204,0,292.0,89.5,,,
8439-9101,204,244,81.0,15.0,95.0,2.5,14.0
8439-9102,308,362,125.0,6.5,322.0,3.0,163.0
8440-6101,188,9,202.0,9.5,,,
8440-6103,321,159,121.0,5.0,346.0,1.0,135.0
8440-9102,280,247,257.0,5.0,253.0,4.0,4.0
8441-12701,405,437,65.0,1.5,67.0,1.0,2.0
8440-12705,637,365,184.0,2.0,180.0,0.5,4.0
8440-3704,153,91,23.0,16.5,15.0,16.500000000000007,8.0
8440-3701,201,88,317.0,7.0,135.0,6.5,178.0
8440-12703,457,486,219.0,5.5,219.0,2.0,0.0
8440-3703,197,194,257.0,14.0,259.0,12.5,2.0
8440-6102,156,178,301.0,30.5,308.0,6.0,7.0
8441-12702,321,481,219.0,10.5,221.0,2.5,2.0
8440-12701,680,649,102.0,3.5,105.0,1.5,3.0
8441-1901,101,93,205.0,5.5,199.0,5.5,6.0
8441-3701,123,157,15.0,14.5,12.0,6.0,3.0
8441-3702,185,0,229.0,3.0,,,
8440-12704,588,466,148.0,1.5,147.0,1.5,1.0
8441-6101,330,8,115.0,8.0,,,
8441-3704,191,191,326.0,3.0,327.0,1.5,1.0
8441-6103,244,197,245.0,11.5,247.0,7.5,2.0
8441-9101,196,133,321.0,16.5,316.0,4.0,5.0
8441-12704,682,320,249.0,0.5,250.0,0.5,1.0
8441-12703,694,119,314.0,1.0,321.0,1.5,7.0
8441-6104,323,323,18.0,1.5,17.0,1.0,1.0
8442-1901,59,87,237.0,15.5,97.0,7.0,140.0
8442-1902,68,85,91.0,89.5,257.0,6.5,166.0
8442-12701,271,271,267.0,3.0,253.0,1.5,14.0
8441-12705,620,604,347.0,5.5,347.0,2.5,0.0
8441-9102,485,426,240.0,2.0,240.0,0.5,0.0
8442-3701,183,183,253.0,2.5,253.0,2.0,0.0
8442-3703,159,89,191.0,4.0,191.0,3.5,0.0
8442-3704,165,103,106.0,6.0,109.0,2.0,3.0
8442-12702,358,400,301.0,8.5,299.0,3.0,2.0
8442-6101,273,242,222.0,2.0,219.0,1.5,3.0
8442-6104,196,1,13.0,7.0,,,
8442-6103,270,92,0.0,2.5000000000000053,15.0,0.5,15.0
8442-6102,175,298,279.0,5.0,273.0,4.0,6.0
8442-12703,663,658,83.0,4.0,85.0,3.0,2.0
8442-12704,658,660,309.0,5.5,306.0,2.0,3.0
8442-12705,654,654,268.0,3.0,266.0,1.5,2.0
8443-1902,90,33,90.0,4.0,,,
8443-3703,192,9,37.0,3.0,,,
8442-9102,469,405,195.0,4.0,196.0,1.5,1.0
8442-9101,420,440,291.0,43.5,260.0,14.5,31.0
8443-3701,188,120,272.0,1.5,294.0,1.0,22.0
8443-3704,156,174,78.0,8.5,95.0,2.0,17.0
8443-12701,424,512,294.0,7.0,259.0,3.5,35.0
8443-12702,436,357,228.0,2.5,227.0,1.5,1.0
8443-6102,321,266,129.0,2.5,133.0,2.0,4.0
8443-6104,323,87,121.0,2.0,133.0,2.0,12.0
8444-1901,89,89,78.0,13.5,82.0,5.0,4.0
8443-9102,224,197,54.0,13.0,50.0,0.5,4.0
8444-1902,88,66,82.0,8.5,82.0,10.0,0.0
8443-12705,606,528,230.0,1.5,231.0,1.0,1.0
8443-12703,626,596,298.0,0.5,299.0,0.5,1.0
8443-9101,438,346,230.0,1.0,229.0,1.0,1.0
8444-6101,104,35,342.0,29.000000000000004,,,
8444-12704,140,145,336.0,12.0,332.0,4.0,4.0
8444-3702,143,125,16.0,16.0,26.0,6.0,10.0
8444-3704,172,122,267.0,9.5,260.0,4.0,7.0
8444-3701,191,181,81.0,6.0,255.0,1.5,174.0
8444-6103,282,2,274.0,1.5,,,
8444-12702,469,464,315.0,15.5,325.0,2.0,10.0
8444-12701,517,449,18.0,4.5,11.0,4.5,7.0
8444-6102,322,321,30.0,1.5,32.0,1.0,2.0
8444-6104,325,258,198.0,5.0,197.0,4.0,1.0
8445-1901,75,0,200.0,7.0,,,
8444-9101,304,184,2.0,2.0000000000000036,358.0,1.0000000000000049,4.0
8444-12703,681,677,6.0,1.5,7.0,0.5,1.0
8445-3702,168,61,170.0,7.5,155.0,1.5,15.0
8445-3704,174,2,279.0,3.0,,,
8445-3703,163,185,57.0,89.5,159.0,9.0,102.0
8444-9102,489,477,89.0,2.0,91.0,0.5,2.0
8445-6101,319,4,337.0,3.0,,,
8445-12702,560,287,50.0,1.0,46.0,3.0,4.0
8445-12703,478,495,144.0,7.0,295.0,4.5,151.0
8445-6104,315,168,31.0,89.5,35.0,88.0,4.0
8445-12701,671,671,154.0,1.0,153.0,0.5,1.0
8445-12704,382,213,11.0,2.5,15.0,2.0,4.0
8445-6103,315,258,232.0,2.0,229.0,1.5,3.0
8445-9102,292,262,230.0,2.0,235.0,1.5,5.0
8446-1902,99,91,241.0,4.0,72.0,2.5,169.0
8446-1901,102,91,238.0,20.0,271.0,13.5,33.0
8446-3702,122,13,337.0,15.5,,,
8445-9101,450,278,146.0,3.5,145.0,2.5,1.0
8446-3703,194,195,70.0,4.5,79.0,5.0,9.0
8446-3704,196,156,274.0,3.0,274.0,1.5,0.0
8446-6101,149,118,266.0,30.0,273.0,10.0,7.0
8446-6102,279,9,327.0,89.5,,,
8446-12701,465,478,78.0,11.0,77.0,3.5,1.0
8446-12702,283,298,282.0,7.0,282.0,1.5,0.0
8446-6104,324,227,135.0,16.5,336.0,13.5,159.0
8447-1901,97,100,193.0,89.5,274.0,8.0,81.0
8446-12705,653,572,297.0,8.0,306.0,5.0,9.0
8447-1902,88,61,102.0,4.0,203.0,7.0,101.0
8447-12703,255,275,0.0,89.5,195.0,3.0,165.0
8446-12704,683,671,16.0,1.5,15.0,0.5,1.0
8446-9101,493,444,11.0,1.0,12.0,0.5,1.0
8447-3702,197,0,280.0,25.5,,,
8447-12702,302,477,110.0,8.5,103.0,3.0,7.0
8447-3704,174,163,57.0,6.0,57.0,3.0,0.0
8447-3701,198,198,355.0,5.0000000000000036,358.0,1.5,3.0
8447-12704,619,49,8.0,21.0,,,
8448-1901,81,93,134.0,89.5,323.0,22.0,171.0
8447-9101,294,45,151.0,12.0,,,
8447-6101,285,243,358.0,1.0,1.0,0.5,3.0
8447-9102,306,148,106.0,14.5,115.0,0.5,9.0
8447-3703,187,100,236.0,7.5,245.0,2.0,9.0
8448-1902,97,0,285.0,7.0,,,
8448-12701,408,10,168.0,0.5,,,
8448-3704,114,150,41.0,89.5,86.0,7.5,45.0
8448-3701,135,101,346.0,16.5,137.0,11.5,151.0
8448-3702,135,155,29.0,8.5,23.0,4.0,6.0
8448-3703,167,160,328.0,6.0,131.0,0.5,163.0
8446-9102,431,404,71.0,9.0,92.0,3.5,21.0
8448-6102,164,186,297.0,15.5,298.0,2.5,1.0
8448-12702,480,471,152.0,5.5,155.0,2.0,3.0
8448-12703,375,402,49.0,1.5,51.0,0.5,2.0
8449-1901,102,2,121.0,5.0,,,
8449-1902,88,66,289.0,24.0,297.0,8.5,8.0
8448-6104,261,285,261.0,5.0,260.0,3.0,1.0
8448-6103,237,164,325.0,2.5,327.0,1.0,2.0
8448-12705,649,564,75.0,7.5,85.0,4.5,10.0
8449-3704,171,1,76.0,17.0,,,
8449-3701,185,180,234.0,2.0,229.0,2.0,5.0
8449-12701,450,417,11.0,16.5,8.0,6.499999999999999,3.0
8449-6101,199,230,72.0,37.0,53.0,12.0,19.0
8449-3703,146,166,68.0,29.5,201.0,11.0,133.0
8449-6102,199,186,93.0,20.5,92.0,3.5,1.0
8449-6103,332,158,201.0,1.0,200.0,1.0,1.0
8449-12705,614,523,138.0,1.0,316.0,0.5,178.0
8449-12702,689,658,271.0,6.0,271.0,2.0,0.0
8449-12704,668,673,93.0,5.0,89.0,2.0,4.0
8449-6104,148,85,104.0,9.5,95.0,8.0,9.0
8450-1902,94,94,197.0,3.5,196.0,2.0,1.0
8450-3701,185,0,356.0,6.0,,,
8450-3702,182,1,357.0,12.500000000000004,,,
8449-9101,347,166,279.0,8.0,255.0,9.5,24.0
8450-12701,279,292,46.0,8.0,53.0,2.5,7.0
8450-1901,84,63,203.0,14.5,199.0,10.5,4.0
8449-9102,452,488,51.0,5.0,44.0,2.5,7.0
8450-12704,666,21,108.0,2.5,,,
8450-3704,144,4,170.0,4.0,,,
8450-12703,269,204,297.0,6.5,300.0,2.5,3.0
8451-3701,85,93,222.0,7.5,223.0,3.5,1.0
8450-12705,679,476,309.0,1.0,311.0,1.0,2.0
8450-9102,302,266,189.0,4.0,192.0,1.5,3.0
8450-6101,326,323,324.0,2.5,327.0,1.5,3.0
8450-6102,320,316,355.0,12.999999999999996,354.0,4.5,1.0
8451-6104,286,94,115.0,89.5,97.0,2.0,18.0
8451-12703,309,319,163.0,7.5,185.0,2.5,22.0
8451-12705,251,213,231.0,5.0,232.0,2.0,1.0
8450-9101,469,422,110.0,4.5,108.0,2.0,2.0
8451-9102,113,119,194.0,20.500000000000004,47.0,2.5,147.0
8450-6103,323,133,172.0,1.5,156.0,1.0,16.0
8452-1901,96,79,36.0,18.5,241.0,6.0,155.0
8452-3702,181,16,58.0,8.0,,,
8452-6102,303,292,125.0,2.0,119.0,0.5,6.0
8452-3704,174,172,74.0,3.5,73.0,2.0,1.0
8452-12704,327,372,194.0,2.5,183.0,1.0,11.0
8452-3703,187,87,102.0,3.0,104.0,1.5,2.0
8452-6103,318,2,127.0,18.0,,,
8452-6101,236,224,252.0,7.5,257.0,3.5,5.0
8452-6104,218,265,23.0,6.0,28.0,2.0,5.0
8453-1901,93,92,43.0,5.5,352.0,65.5,51.0
8452-12703,660,643,247.0,1.5,246.0,1.0,1.0
8452-9102,482,479,302.0,2.5,299.0,1.0,3.0
8453-12703,447,428,148.0,1.5,148.0,0.5,0.0
8453-1902,93,101,47.0,5.5,51.0,3.0,4.0
8453-3701,196,4,93.0,2.0,,,
8453-12702,381,431,168.0,7.5,164.0,1.0,4.0
8453-3702,178,170,3.0,2.0,2.0,1.0,1.0
8453-3704,178,166,41.0,6.5,272.0,18.0,129.0
8453-3703,193,60,214.0,88.0,51.0,9.5,163.0
8453-12705,616,650,153.0,2.0,152.0,1.0,1.0
8453-6104,125,122,16.0,11.0,16.0,0.5,0.0
8453-6102,216,250,205.0,89.5,110.0,11.5,95.0
8453-6101,210,97,216.0,13.0,210.0,9.5,6.0
8453-12701,674,665,108.0,2.5,104.0,2.0,4.0
8454-3702,133,180,347.0,7.0,349.0,2.0,2.0
8454-1902,95,5,191.0,35.5,,,
8453-9101,143,210,160.0,15.0,147.0,3.0,13.0
8454-3704,107,140,336.0,20.5,349.0,5.0,13.0
8454-6102,215,108,283.0,21.0,267.0,0.5,16.0
8454-6103,323,11,163.0,65.5,,,
8454-6104,320,320,7.0,7.999999999999999,1.0,3.500000000000005,6.0
8454-12702,432,492,64.0,4.0,61.0,1.5,3.0
8454-9101,254,49,68.0,1.5,,,
8455-1901,88,0,291.0,29.5,,,
8454-12703,665,665,190.0,2.5,190.0,1.5,0.0
8455-1902,89,94,297.0,42.5,352.0,3.5,55.0
8454-12704,316,4,159.0,39.5,,,
8455-12702,311,151,219.0,3.5,69.0,0.5,150.0
8455-3701,193,193,351.0,4.0,350.0,2.5,1.0
8455-12703,585,18,334.0,89.5,,,
8454-9102,477,345,15.0,1.0,15.0,0.5,0.0
8455-3703,171,1,328.0,3.5,,,
8455-6102,152,115,302.0,7.5,298.0,2.0,4.0
8455-6103,159,0,334.0,15.5,,,
8455-6101,325,304,77.0,4.5,74.0,3.0,3.0
8455-3704,153,169,301.0,29.5,135.0,3.5,166.0
8456-1901,95,14,89.0,5.5,,,
8455-6104,287,0,39.0,34.0,,,
8456-1902,92,91,300.0,3.5,49.0,7.5,109.0
8456-6102,281,208,273.0,2.5,269.0,0.5,4.0
8456-3703,172,51,99.0,7.5,242.0,89.5,143.0
8456-6101,325,294,129.0,2.5,136.0,6.0,7.0
8456-3701,195,111,358.0,1.0,11.0,2.5,13.0
8455-9101,368,429,160.0,10.0,172.0,1.0,12.0
8456-9101,380,358,167.0,6.5,166.0,1.5,1.0
8458-1901,66,93,273.0,89.5,201.0,6.0,72.0
8456-12702,482,529,132.0,16.5,112.0,1.5,20.0
8456-12703,616,631,73.0,3.0,74.0,1.5,1.0
8458-12701,300,209,40.0,5.5,25.0,2.5,15.0
8458-12702,417,254,69.0,12.0,74.0,2.0,5.0
8458-6103,137,0,152.0,89.5,,,
8456-12704,635,567,65.0,8.5,68.0,5.0,3.0
8456-9102,435,430,57.0,5.5,49.0,2.5,8.0
8458-6101,160,146,260.0,6.5,252.0,1.5,8.0
8458-3701,147,172,38.0,9.0,176.0,6.4999999999999964,138.0
8458-6102,326,86,28.0,12.5,231.0,32.0,157.0
8458-9101,186,1,126.0,80.0,,,
8458-12703,372,212,7.0,2.5,359.0,0.5,8.0
8459-1902,100,100,273.0,89.5,233.0,11.5,40.0
8458-12704,508,471,14.0,7.5,20.0,2.5,6.0
8458-9102,309,289,77.0,30.5,95.0,3.5,18.0
8459-1901,96,96,82.0,11.0,84.0,3.5,2.0
8459-3702,190,190,285.0,2.0,283.0,1.0,2.0
8459-12701,488,1,154.0,42.5,,,
8459-3704,165,164,280.0,19.0,283.0,5.0,3.0
8458-6104,328,65,61.0,9.0,82.0,9.5,21.0
8459-6101,260,260,254.0,4.0,253.0,1.5,1.0
8459-6103,285,9,306.0,0.5,,,
8459-12702,652,648,155.0,14.5,158.0,6.0,3.0
8459-12703,406,419,136.0,4.0,131.0,1.5,5.0
8461-1901,93,83,230.0,17.0,279.0,0.5,49.0
8461-3701,189,3,64.0,20.0,,,
8459-9101,459,292,32.0,13.5,116.0,3.0,84.0
8461-1902,86,54,261.0,10.0,86.0,22.5,175.0
8461-6102,265,137,273.0,8.5,273.0,4.0,0.0
8459-9102,419,423,139.0,23.0,164.0,8.0,25.0
8459-12704,516,479,140.0,6.5,144.0,3.0,4.0
8461-12702,401,486,353.0,14.500000000000002,8.0,3.0,15.0
8461-6101,325,324,226.0,4.5,232.0,1.0,6.0
8461-12704,466,371,129.0,10.0,126.0,2.5,3.0
8461-9101,287,0,88.0,9.0,,,
8461-6103,311,231,336.0,3.5,340.0,1.5,4.0
8462-1901,94,4,233.0,7.5,,,
8462-1902,72,72,2.0,12.000000000000007,341.0,9.5,21.0
8461-12701,668,21,285.0,11.5,,,
8462-3702,159,2,298.0,12.5,,,
8461-9102,358,132,243.0,18.0,236.0,14.0,7.0
8462-3701,185,177,297.0,2.5,296.0,2.0,1.0
8462-6103,281,24,33.0,1.5,,,
8462-12701,473,463,53.0,6.0,51.0,2.5,2.0
8462-9101,261,234,39.0,3.0,41.0,4.5,2.0
8462-12704,545,505,49.0,26.5,11.0,5.5,38.0
8462-9102,303,318,323.0,5.5,318.0,3.0,5.0
8462-12703,451,407,203.0,5.0,197.0,2.5,6.0
8464-12702,261,229,317.0,3.0,316.0,2.0,1.0
8462-12702,679,668,330.0,6.0,324.0,5.0,6.0
8464-1902,95,94,162.0,8.5,181.0,5.000000000000005,19.0
8464-3703,97,1,212.0,6.0,,,
8462-12705,597,506,343.0,0.5,343.0,1.0,0.0
8464-12704,339,382,140.0,5.0,148.0,2.0,8.0
8464-3702,190,190,123.0,5.0,324.0,7.5,159.0
8464-6103,127,186,183.0,43.0,138.0,3.5,45.0
8464-9101,359,80,59.0,3.0,327.0,0.5,92.0
8465-1901,92,35,204.0,10.5,,,
8464-6104,316,295,52.0,4.5,52.0,2.5,0.0
8464-12705,633,612,337.0,13.0,351.0,3.5,14.0
8465-12704,239,228,274.0,5.0,88.0,2.0,174.0
8465-12702,249,219,275.0,10.5,286.0,6.0,11.0
8464-12701,660,619,268.0,2.5,269.0,2.0,1.0
8465-3702,120,113,104.0,89.5,61.0,17.0,43.0
8465-3704,174,5,13.0,1.5,,,
8465-3703,142,172,218.0,2.5,214.0,2.0,4.0
8465-12703,260,247,99.0,2.0,95.0,1.0,4.0
8464-9102,478,471,292.0,5.0,294.0,2.0,2.0
8465-3701,192,192,253.0,11.0,229.0,5.5,24.0
8465-6101,82,0,87.0,89.5,,,
8465-6104,170,1,1.0,2.000000000000005,,,
8465-9101,235,278,230.0,3.0,230.0,2.0,0.0
8465-12705,657,586,229.0,1.0,232.0,1.0,3.0
8466-12703,150,152,113.0,43.5,122.0,8.5,9.0
8466-1901,93,68,58.0,6.5,292.0,89.5,126.0
8465-6102,222,312,78.0,8.0,77.0,2.0,1.0
8466-1902,95,35,276.0,2.0,,,
8465-6103,310,159,46.0,2.0,44.0,3.5,2.0
8466-3701,192,43,48.0,8.5,,,
8466-12705,255,231,183.0,12.999999999999996,189.0,2.5,6.0
8466-3703,185,0,72.0,5.0,,,
8466-6102,148,21,359.0,4.000000000000001,,,
8465-9102,482,436,251.0,2.5,247.0,1.5,4.0
8466-3704,156,86,28.0,5.5,27.0,0.5,1.0
8466-6101,226,3,359.0,25.0,,,
8479-3703,173,0,47.0,13.5,,,
8466-12704,552,570,199.0,4.5,195.0,1.5,4.0
8466-6104,318,13,151.0,15.0,,,
8466-6103,260,3,230.0,28.0,,,
8481-1902,90,90,298.0,2.5,302.0,1.5,4.0
8481-3703,127,10,176.0,4.0,,,
8481-3704,128,21,107.0,89.5,,,
8481-3701,108,150,237.0,8.5,244.0,2.0,7.0
8466-12702,676,677,320.0,2.0,319.0,1.0,1.0
8466-9102,240,414,18.0,17.500000000000007,26.0,3.5,8.0
8466-9101,351,362,269.0,3.5,268.0,2.0,1.0
8481-6104,156,1,10.0,0.5,,,
8481-12705,192,235,245.0,4.0,234.0,3.0,11.0
8481-12701,491,406,325.0,0.5,324.0,0.5,1.0
8481-6102,298,104,304.0,4.5,315.0,6.5,11.0
8481-9101,398,24,39.0,3.0,,,
8482-1902,100,70,145.0,5.5,143.0,4.5,2.0
8481-6103,265,298,247.0,0.5,154.0,0.5,93.0
8482-3704,190,190,283.0,1.5,281.0,1.0,2.0
8482-3703,190,158,301.0,2.0,304.0,0.5,3.0
8482-6102,306,2,58.0,20.0,,,
8482-6103,242,0,261.0,24.0,,,
8482-12702,636,16,324.0,0.5,,,
8482-6101,285,1,193.0,10.5,,,
8482-12704,677,146,229.0,20.5,290.0,3.5,61.0
8482-9102,276,161,63.0,2.5,62.0,1.5,1.0
8482-12705,647,577,297.0,1.0,297.0,0.5,0.0
8482-12703,691,682,177.0,1.5,176.0,1.0,1.0
8483-1902,99,19,213.0,3.5,,,
8483-12705,234,232,237.0,14.0,41.0,6.0,164.0
8483-3704,142,115,159.0,11.0,156.0,4.5,3.0
8483-3702,186,8,43.0,3.0,,,
8483-3701,195,191,51.0,3.0,49.0,2.0,2.0
8483-12704,369,426,228.0,23.5,227.0,3.5,1.0
8483-12701,334,312,208.0,17.5,203.0,2.0,5.0
8483-12703,488,92,72.0,4.5,110.0,3.0,38.0
8483-6103,189,200,337.0,10.5,342.0,3.0,5.0
8483-6101,301,307,256.0,1.0,258.0,1.5,2.0
8483-12702,175,72,257.0,26.0,247.0,10.0,10.0
8483-6104,237,0,280.0,89.5,,,
8483-6102,310,5,138.0,0.5,,,
8483-9102,193,205,207.0,10.0,202.0,3.5,5.0
8484-3702,185,137,1.0,1.5000000000000038,3.0,1.5,2.0
8484-3701,187,189,301.0,7.0,300.0,3.0,1.0
8484-12701,242,4,50.0,12.5,,,
8484-3703,191,159,19.0,2.0,13.0,2.5,6.0
8483-9101,403,34,91.0,4.5,,,
8484-12702,407,324,204.0,3.0,203.0,1.0,1.0
8484-12704,286,169,292.0,3.0,295.0,0.5,3.0
8485-3701,124,84,29.0,89.5,85.0,89.5,56.0
8484-6101,271,176,97.0,3.0,85.0,4.0,12.0
8484-12703,676,672,243.0,2.0,240.0,1.5,3.0
8484-6103,312,309,196.0,6.5,193.0,2.5,3.0
8485-3702,190,193,64.0,8.0,54.0,5.0,10.0
8484-12705,676,664,72.0,11.0,82.0,3.5,10.0
8485-12705,228,267,313.0,8.0,313.0,2.5,0.0
8485-3704,96,101,118.0,18.0,109.0,1.5,9.0
8485-12702,422,388,220.0,6.0,235.0,2.0,15.0
8485-9101,438,4,271.0,32.5,,,
8485-9102,488,488,182.0,2.0000000000000036,181.0,1.0000000000000036,1.0
8486-12704,335,259,93.0,11.0,85.0,5.0,8.0
8485-6102,111,186,46.0,23.0,62.0,3.5,16.0
8486-12701,670,643,130.0,0.5,129.0,0.5,1.0
8485-12704,333,343,174.0,20.000000000000007,209.0,4.5,35.0
8486-12705,384,187,232.0,6.5,237.0,1.0,5.0
8485-6103,218,311,86.0,4.0,97.0,1.0,11.0
8486-3702,99,13,315.0,10.5,,,
8486-1901,97,76,118.0,7.0,268.0,13.5,150.0
8486-3704,140,113,307.0,5.0,314.0,3.0,7.0
8485-6101,173,202,191.0,9.0,189.0,3.5,2.0
8486-3703,171,0,316.0,23.5,,,
8486-6102,255,212,151.0,7.0,156.0,4.0,5.0
8486-6103,313,0,99.0,15.5,,,
8486-12702,344,372,91.0,20.0,76.0,2.5,15.0
8486-6101,296,199,296.0,2.5,291.0,2.0,5.0
8485-12701,480,535,273.0,10.0,272.0,4.0,1.0
8486-6104,261,54,194.0,5.5,305.0,12.5,111.0
8487-1902,75,33,34.0,7.5,,,
8486-9101,376,175,220.0,8.0,218.0,8.5,2.0
8487-3701,193,0,57.0,10.0,,,
8487-3702,201,5,194.0,4.5,,,
8487-3704,185,120,218.0,14.5,210.0,8.5,8.0
8487-6101,199,85,215.0,22.5,237.0,0.5,22.0
8487-12704,283,247,94.0,7.0,82.0,3.5,12.0
8487-6103,265,141,86.0,21.5,32.0,89.5,54.0
8487-12702,563,5,44.0,0.5,,,
8486-9102,461,327,207.0,6.5,204.0,4.5,3.0
8487-12703,451,373,10.0,4.0,356.0,2.5,14.0
8487-12701,447,504,182.0,13.999999999999996,179.0,3.000000000000005,3.0
8487-12705,609,621,279.0,8.5,268.0,4.0,11.0
8487-9102,309,71,168.0,8.0,209.0,35.5,41.0
8488-12701,171,68,10.0,35.0,15.0,17.500000000000004,5.0
8488-3703,123,0,76.0,22.0,,,
8488-12704,245,230,175.0,30.999999999999996,155.0,11.5,20.0
8488-3701,116,162,221.0,11.0,230.0,3.5,9.0
8488-3704,138,15,72.0,36.5,,,
8488-12702,354,302,134.0,2.5,132.0,2.0,2.0
8488-6102,245,2,116.0,89.5,,,
8488-6104,161,183,100.0,16.5,112.0,3.5,12.0
8488-12703,675,2,237.0,22.5,,,
8546-1901,98,2,165.0,5.0,,,
8488-9101,170,153,255.0,13.0,261.0,4.0,6.0
8488-12705,588,406,83.0,0.5,83.0,1.0,0.0
8546-1902,92,92,201.0,3.0,201.0,3.0,0.0
8546-3702,184,4,288.0,89.5,,,
8488-9102,219,221,156.0,5.5,153.0,3.0,3.0
8546-3704,171,80,224.0,5.0,230.0,5.0,6.0
8546-12704,294,242,60.0,3.5,61.0,2.0,1.0
8546-12701,613,43,307.0,4.0,,,
8547-3701,52,0,273.0,29.5,,,
8546-6101,237,232,205.0,6.0,199.0,3.0,6.0
8546-6104,273,2,199.0,2.0,,,
8546-9101,104,97,82.0,31.0,87.0,5.5,5.0
8546-6102,264,173,129.0,4.0,128.0,3.5,1.0
8547-1901,79,54,26.0,7.0,18.0,1.0,8.0
8547-6101,166,0,311.0,8.5,,,
8547-12705,216,242,211.0,33.0,49.0,3.0,162.0
8546-12705,664,667,99.0,3.0,101.0,1.0,2.0
8547-6104,139,103,273.0,43.5,69.0,2.5,156.0
8547-12704,284,212,29.0,6.5,38.0,3.0,9.0
8547-6103,258,263,14.0,6.5,9.0,1.0,5.0
8547-9102,213,84,48.0,3.0,218.0,8.0,170.0
8548-1902,93,93,28.0,39.0,39.0,6.0,11.0
8547-6102,324,322,317.0,2.0,318.0,1.5,1.0
8547-12701,627,496,157.0,1.0,161.0,1.0,4.0
8548-12701,257,230,43.0,2.5,41.0,0.5,2.0
8548-3702,143,194,174.0,26.0,176.0,5.499999999999997,2.0
8548-3704,178,179,267.0,8.5,263.0,3.5,4.0
8548-6101,297,2,301.0,9.5,,,
8548-6104,204,154,115.0,6.5,121.0,2.5,6.0
8548-12705,442,57,162.0,7.5,146.0,6.5,16.0
8548-6102,291,300,237.0,6.5,232.0,2.0,5.0
8548-9101,339,3,351.0,55.50000000000001,,,
8548-6103,295,315,26.0,12.0,30.0,3.5,4.0
8549-1901,77,98,114.0,17.5,117.0,10.5,3.0
8549-1902,79,93,220.0,13.0,237.0,4.5,17.0
8549-3701,128,2,265.0,6.5,,,
8548-12704,563,588,271.0,4.5,279.0,1.5,8.0
8548-12703,665,638,65.0,5.0,70.0,3.5,5.0
8548-12702,666,539,43.0,6.5,223.0,3.0,180.0
8549-3704,96,34,144.0,3.5,,,
8549-12703,425,410,286.0,6.5,291.0,2.0,5.0
8549-3702,165,183,3.0,10.999999999999996,8.0,3.0,5.0
8549-12704,319,322,72.0,6.5,75.0,4.0,3.0
8549-3703,185,156,215.0,5.0,207.0,3.0,8.0
8549-6101,321,1,72.0,35.0,,,
8549-12702,612,605,101.0,1.0,98.0,0.5,3.0
8549-6102,227,210,277.0,2.5,280.0,1.0,3.0
8550-1902,80,5,163.0,5.5,,,
8549-6103,271,289,43.0,11.5,58.0,3.0,15.0
8549-12705,581,410,59.0,0.5,34.0,0.5,25.0
8549-6104,257,299,197.0,11.0,142.0,4.5,55.0
8550-3702,166,1,174.0,3.0,,,
8550-3701,168,155,260.0,3.0,259.0,1.5,1.0
8550-3703,167,56,341.0,3.0,348.0,5.0,7.0
8549-9102,421,441,47.0,5.5,54.0,1.5,7.0
8550-12702,639,394,157.0,0.5,157.0,0.5,0.0
8550-6102,291,115,78.0,6.5,81.0,4.0,3.0
8550-9101,193,154,84.0,20.5,72.0,3.0,12.0
8550-6104,219,226,47.0,1.5,226.0,0.5,179.0
8550-12701,677,575,270.0,3.0,269.0,0.5,1.0
8550-6103,322,321,300.0,3.0,298.0,1.0,2.0
8550-12703,678,530,55.0,43.0,214.0,89.5,159.0
8550-12704,669,669,164.0,3.0,165.0,2.5,1.0
8551-1902,80,99,309.0,89.5,258.0,28.5,51.0
8551-3702,188,7,329.0,20.0,,,
8551-3703,188,43,291.0,11.0,,,
8551-3701,126,180,259.0,13.5,260.0,3.5,1.0
8551-12701,355,422,137.0,2.0,142.0,1.0,5.0
8550-12705,688,688,224.0,1.0,46.0,0.5,178.0
8551-6104,78,108,326.0,10.5,342.0,4.0,16.0
8551-12703,176,187,76.0,9.0,78.0,4.5,2.0
8552-1901,96,0,213.0,6.5,,,
8551-9101,130,175,337.0,3.0,283.0,0.5,54.0
8551-12702,421,424,174.0,4.5,175.0,1.0,1.0
8551-9102,167,150,233.0,11.0,242.0,6.5,9.0
8552-1902,90,35,41.0,6.0,,,
8551-12704,477,460,321.0,1.5,321.0,0.5,0.0
8552-3701,196,142,26.0,38.5,252.0,85.5,134.0
8552-3704,178,178,253.0,15.0,251.0,7.5,2.0
8552-6103,240,26,155.0,9.5,,,
8552-6102,136,190,256.0,10.5,246.0,2.0,10.0
8552-6104,299,0,10.0,6.0,,,
8552-12704,328,406,356.0,3.5,358.0,1.4999999999999993,2.0
8552-12702,274,430,232.0,13.5,267.0,3.0,35.0
8553-3701,188,0,222.0,89.5,,,
8552-12705,516,478,273.0,8.5,265.0,3.0,8.0
8552-12701,574,396,353.0,1.0,351.0,1.5,2.0
8553-3703,169,130,178.0,1.4999999999999993,176.0,1.0,2.0
8553-3704,112,157,50.0,7.0,218.0,1.0,168.0
8552-9101,462,450,111.0,3.0,111.0,1.5,0.0
8553-6101,284,0,76.0,9.0,,,
8553-6103,325,8,35.0,4.5,,,
8554-1902,95,75,289.0,4.5,315.0,6.0,26.0
8554-3701,190,152,69.0,4.5,255.0,5.0,174.0
8553-1902,97,22,290.0,3.5,,,
8554-12701,516,519,228.0,1.5,232.0,1.0,4.0
8554-12705,537,424,192.0,2.5,195.0,1.5,3.0
8554-3702,180,1,28.0,2.5,,,
8554-12702,636,532,144.0,4.5,137.0,2.5,7.0
8553-6104,209,30,156.0,2.5,,,
8554-6102,168,0,204.0,89.5,,,
8553-9101,219,184,241.0,5.5,241.0,1.0,0.0
8554-6103,234,8,208.0,3.5,,,
8554-6101,292,288,275.0,13.5,271.0,4.0,4.0
8554-6104,259,161,272.0,1.5,272.0,1.5,0.0
8553-12701,160,138,46.0,12.0,39.0,3.5,7.0
8554-3703,192,51,286.0,7.0,313.0,6.5,27.0
8554-9102,182,26,297.0,12.0,,,
8555-12704,291,2,234.0,89.5,,,
8554-12703,534,503,261.0,2.0,251.0,0.5,10.0
8555-12703,258,252,324.0,2.5,323.0,1.0,1.0
8555-3701,195,135,208.0,2.5,188.0,3.5,20.0
8553-12703,383,430,327.0,28.0,120.0,5.5,153.0
8555-3702,142,0,282.0,17.0,,,
8555-1901,75,76,253.0,8.0,247.0,5.0,6.0
8555-1902,96,83,284.0,6.5,278.0,4.0,6.0
8555-3703,169,100,77.0,3.0,84.0,1.5,7.0
8555-12705,592,532,290.0,1.0,291.0,1.0,1.0
8555-6104,323,37,38.0,25.0,,,
8555-6103,138,9,14.0,0.5,,,
8555-12702,262,240,179.0,2.500000000000006,178.0,1.0,1.0
8555-9102,292,222,292.0,5.0,292.0,1.5,0.0
8555-6102,221,145,318.0,5.0,321.0,1.5,3.0
8554-9101,443,395,47.0,5.5,226.0,3.0,179.0
8555-9101,449,4,89.0,10.0,,,
8561-1902,81,46,334.0,3.0,,,
8561-1901,75,79,337.0,11.5,336.0,2.5,1.0
8561-12703,270,236,198.0,28.5,181.0,2.0000000000000036,17.0
8561-3701,191,9,266.0,6.5,,,
8561-3703,181,108,278.0,5.5,316.0,14.5,38.0
8561-6101,317,29,305.0,5.0,,,
8561-6102,159,204,61.0,6.5,67.0,2.0,6.0
8561-12701,377,285,15.0,5.0,16.0,1.5,1.0
8561-6104,254,94,201.0,1.5,211.0,1.0,10.0
8562-12701,207,249,0.0,89.5,351.0,5.0,9.0
8561-12702,456,503,271.0,6.5,271.0,3.5,0.0
8561-6103,191,178,9.0,4.0,10.0,2.0,1.0
8562-1902,94,5,167.0,3.0,,,
8562-1901,86,37,321.0,12.5,,,
8562-12703,289,275,196.0,0.5,75.0,0.5,121.0
8562-3704,166,89,177.0,6.999999999999997,4.0,2.5000000000000036,173.0
8562-3703,167,174,112.0,4.0,111.0,2.0,1.0
8562-3701,185,45,48.0,3.0,,,
8561-12705,619,474,212.0,2.0,198.0,0.5,14.0
8562-6104,185,0,311.0,6.0,,,
8562-6103,299,300,74.0,4.5,78.0,2.0,4.0
8562-12702,389,411,285.0,15.5,289.0,2.5,4.0
8562-6102,291,248,50.0,2.5,50.0,1.5,0.0
8563-12702,136,194,278.0,19.5,265.0,4.5,13.0
8562-12705,667,525,311.0,1.0,312.0,0.5,1.0
8563-3701,167,189,49.0,11.5,220.0,4.0,171.0
8562-12704,676,425,156.0,8.5,154.0,8.5,2.0
8563-12703,240,276,171.0,8.000000000000007,176.0,1.5,5.0
8563-12704,379,389,18.0,8.5,15.0,4.5,3.0
8563-3703,187,146,39.0,1.5,46.0,1.5,7.0
8562-9102,455,455,219.0,2.0,220.0,0.5,1.0
8563-3702,173,181,197.0,5.5,192.0,1.0,5.0
8563-3704,158,193,223.0,37.0,217.0,8.5,6.0
8563-6101,145,142,337.0,5.5,333.0,0.5,4.0
8563-12701,554,530,185.0,1.5,181.0,1.5000000000000038,4.0
8563-6102,164,212,56.0,14.0,51.0,3.0,5.0
8563-6103,244,285,281.0,12.0,273.0,3.0,8.0
8564-1901,93,97,338.0,33.5,344.0,7.0,6.0
8564-1902,88,50,259.0,11.5,252.0,8.0,7.0
8563-12705,683,683,36.0,1.0,36.0,1.0,0.0
8564-3701,184,193,95.0,7.0,91.0,4.0,4.0
8564-3702,115,125,176.0,8.000000000000004,183.0,3.000000000000004,7.0
8563-9102,265,244,168.0,19.500000000000004,169.0,3.0,1.0
8564-6101,247,0,174.0,22.000000000000004,,,
8564-12702,358,282,47.0,5.0,224.0,0.5,177.0
8564-6102,254,162,43.0,12.5,233.0,4.5,170.0
8564-6104,279,220,34.0,62.50000000000001,5.0,6.499999999999999,29.0
8564-12703,387,349,127.0,4.5,313.0,2.5,174.0
8564-12705,610,322,95.0,3.0,84.0,4.0,11.0
8563-6104,300,281,150.0,2.5,151.0,1.0,1.0
8564-9101,402,273,265.0,14.5,255.0,5.0,10.0
8564-12704,672,481,123.0,2.5,124.0,4.0,1.0
8565-1901,80,0,138.0,5.5,,,
8565-12701,179,181,287.0,6.0,152.0,8.5,135.0
8565-3701,152,172,23.0,3.0,18.0,2.0,5.0
8565-6103,159,52,39.0,5.0,42.0,5.5,3.0
8565-6102,153,219,324.0,13.0,318.0,2.0,6.0
8565-12702,321,94,30.0,37.0,81.0,2.0,51.0
8564-9102,256,286,357.0,3.500000000000008,0.0,1.4999999999999978,3.0
8565-3704,181,162,206.0,42.5,193.0,16.999999999999996,13.0
8565-12705,245,222,1.0,4.999999999999999,356.0,1.5,5.0
8565-9102,177,262,190.0,8.999999999999998,176.0,1.5,14.0
8566-1902,96,1,198.0,6.5,,,
8565-9101,278,265,153.0,20.0,155.0,4.5,2.0
8566-12703,153,85,292.0,18.0,293.0,13.0,1.0
8566-3702,206,53,202.0,7.5,83.0,24.5,119.0
8565-12704,636,624,298.0,6.0,284.0,0.5,14.0
8566-3701,95,93,240.0,8.0,239.0,4.5,1.0
8566-12701,298,5,177.0,23.5,,,
8566-3704,102,174,0.0,9.999999999999996,21.0,1.5,21.0
8566-6101,153,18,0.0,17.000000000000004,,,
8566-3703,108,126,164.0,6.5,173.0,5.5,9.0
8566-6102,226,69,237.0,4.0,245.0,1.0,8.0
8566-12702,358,388,183.0,5.999999999999999,189.0,2.0,6.0
8567-1901,94,22,235.0,12.0,,,
8567-3702,163,98,193.0,1.5,197.0,2.5,4.0
8566-9101,448,182,103.0,4.0,105.0,1.0,2.0
8567-1902,93,93,282.0,5.0,283.0,2.5,1.0
8567-3701,180,179,295.0,2.0,296.0,1.5,1.0
8567-3703,177,24,81.0,2.0,,,
8566-9102,296,209,118.0,0.5,167.0,0.5,49.0
8567-12705,531,22,332.0,9.5,,,
8567-3704,152,47,165.0,2.5,,,
8566-12704,697,683,1.0,4.000000000000005,7.0,1.5,6.0
8568-1901,98,85,326.0,2.5,34.0,2.5,68.0
8567-6103,316,117,222.0,11.5,181.0,27.000000000000004,41.0
8568-12701,129,17,120.0,9.5,,,
8567-6104,305,0,59.0,35.0,,,
8567-12704,489,455,243.0,3.5,241.0,2.0,2.0
8568-3702,191,0,223.0,3.0,,,
8568-3701,189,26,222.0,6.0,,,
8568-3703,195,193,305.0,12.0,286.0,12.0,19.0
8567-9101,402,343,288.0,89.5,0.0,59.5,72.0
8568-6101,226,224,159.0,3.5,167.0,1.0,8.0
8567-9102,373,319,241.0,3.0,242.0,2.0,1.0
8568-6102,287,16,75.0,5.0,,,
8569-1901,96,0,176.0,89.5,,,
8569-1902,92,26,186.0,4.5,,,
8568-6104,308,287,63.0,1.5,61.0,0.5,2.0
8568-12704,420,59,359.0,0.5,126.0,0.5,127.0
8569-3702,200,1,162.0,3.5,,,
8569-3701,146,143,247.0,2.0,245.0,1.5,2.0
8569-3703,181,113,123.0,2.5,123.0,1.5,0.0
8568-12705,689,680,258.0,2.5,256.0,1.5,2.0
8569-6101,120,188,48.0,21.0,63.0,4.0,15.0
8569-12703,315,339,9.0,8.0,12.0,2.5,3.0
8568-9101,484,411,173.0,1.5,178.0,1.0000000000000049,5.0
8569-12704,331,350,154.0,5.0,153.0,3.0,1.0
8569-6103,270,170,92.0,2.5,94.0,2.0,2.0
8569-6104,214,235,44.0,3.5,41.0,2.0,3.0
8570-1902,101,26,217.0,4.0,,,
8569-9101,275,372,108.0,6.0,105.0,2.0,3.0
8570-1901,98,98,175.0,12.499999999999996,182.0,9.999999999999996,7.0
8569-12701,567,503,69.0,3.0,65.0,2.5,4.0
8569-9102,314,313,62.0,13.5,59.0,5.0,3.0
8570-3703,187,3,92.0,2.0,,,
8570-3701,189,189,325.0,8.5,328.0,6.5,3.0
8570-3704,195,20,200.0,4.0,,,
8570-12703,438,448,0.0,12.500000000000002,3.0,2.5,3.0
8570-12701,584,623,2.0,15.0,15.0,4.0,13.0
8570-12705,364,368,217.0,4.0,220.0,1.5,3.0
8570-6101,302,170,152.0,5.5,153.0,2.5,1.0
8570-6103,187,148,39.0,13.0,205.0,0.5,166.0
8570-12702,582,634,212.0,9.0,216.0,3.0,4.0
8570-12704,434,560,200.0,15.5,218.0,4.0,18.0
8570-6102,314,312,158.0,5.0,155.0,2.5,3.0
8570-6104,331,331,176.0,3.000000000000008,178.0,1.0,2.0
8588-1901,79,85,61.0,13.0,63.0,1.0,2.0
8588-1902,99,81,37.0,3.0,263.0,5.5,134.0
8588-3703,127,115,33.0,9.0,25.0,7.5,8.0
8588-3701,195,160,134.0,0.5,320.0,3.0,174.0
8588-3702,194,194,87.0,1.5,86.0,1.0,1.0
8570-9102,427,420,194.0,0.5,212.0,0.5,18.0
8588-6103,125,44,272.0,13.5,,,
8588-12701,394,292,239.0,2.0,238.0,0.5,1.0
8588-6102,321,14,202.0,2.0,,,
8589-1901,93,49,356.0,7.499999999999997,,,
8588-6104,258,184,320.0,2.0,324.0,1.0,4.0
8588-12702,663,676,57.0,11.5,49.0,3.5,8.0
8588-9101,324,300,248.0,1.0,247.0,0.5,1.0
8589-3704,182,53,212.0,6.0,221.0,12.5,9.0
8588-12705,489,492,323.0,4.5,323.0,1.5,0.0
8589-12701,282,229,232.0,23.5,238.0,7.0,6.0
8589-3702,177,84,189.0,2.5,185.0,1.5,4.0
8589-3701,159,100,340.0,2.0,342.0,2.0,2.0
8588-12704,556,462,165.0,1.0,167.0,0.5,2.0
8589-12702,309,338,170.0,0.5,233.0,1.0,63.0
8589-6103,135,34,129.0,8.0,,,
8589-12704,390,420,321.0,5.0,319.0,1.0,2.0
8591-1901,88,5,247.0,6.0,,,
8591-1902,92,0,330.0,4.5,,,
8591-12703,166,111,300.0,9.0,299.0,3.5,1.0
8589-9102,240,209,126.0,7.0,126.0,1.5,0.0
8591-3701,191,20,28.0,11.0,,,
8589-9101,299,191,13.0,1.5,15.0,1.0,2.0
8591-3704,162,1,146.0,19.5,,,
8591-3703,167,182,236.0,13.0,249.0,6.5,13.0
8591-12704,255,190,344.0,6.0,342.0,4.5,2.0
8591-12702,257,362,132.0,8.0,144.0,2.0,12.0
8592-1901,92,0,31.0,4.5,,,
8591-12701,362,365,231.0,23.5,319.0,3.0,88.0
8592-1902,91,85,52.0,7.5,357.0,6.5,55.0
8591-6101,283,132,157.0,9.0,194.0,0.5,37.0
8591-6104,316,316,267.0,2.5,266.0,1.0,1.0
8592-3703,185,189,288.0,7.0,290.0,3.0,2.0
8592-12704,496,111,296.0,8.5,250.0,1.0,46.0
8591-9102,366,355,217.0,3.5,218.0,3.5,1.0
8592-3701,205,19,40.0,2.5,,,
8592-3704,89,101,120.0,89.5,280.0,3.0,160.0
8592-12701,196,230,235.0,26.0,251.0,3.0,16.0
8592-3702,150,161,122.0,19.5,64.0,9.0,58.0
8592-6104,111,105,147.0,12.5,149.0,4.0,2.0
8592-6101,324,331,289.0,4.5,289.0,1.0,0.0
8592-9102,336,5,304.0,6.5,,,
8592-6102,326,312,167.0,2.0,165.0,1.0,2.0
8593-1902,95,33,224.0,5.5,,,
8593-3704,115,5,197.0,3.5,,,
8593-1901,78,83,82.0,37.5,247.0,4.0,165.0
8592-9101,478,465,318.0,1.5,320.0,1.0,2.0
8593-3703,190,189,3.0,6.5,332.0,5.0,31.0
8593-6103,309,202,290.0,6.0,166.0,0.5,124.0
8593-6104,296,243,61.0,1.5,55.0,1.0,6.0
8593-9101,469,3,130.0,2.0,,,
8593-12701,668,660,322.0,1.5,323.0,0.5,1.0
8595-12701,333,1,285.0,89.5,,,
8593-12705,546,399,148.0,1.0,147.0,0.5,1.0
8595-1902,75,65,76.0,15.5,29.0,24.5,47.0
8593-12703,411,323,80.0,1.5,78.0,1.0,2.0
8593-9102,389,327,12.0,20.5,357.0,5.000000000000002,15.0
8595-3701,190,7,237.0,11.5,,,
8595-3704,121,119,11.0,7.5,4.0,1.5,7.0
8595-12704,665,56,285.0,8.5,170.0,11.0,115.0
8595-3702,189,189,318.0,3.5,318.0,0.5,0.0
8595-12702,503,467,237.0,4.0,228.0,1.5,9.0
8595-6101,245,1,103.0,43.0,,,
8595-9102,280,33,341.0,4.0,,,
8595-6103,319,321,293.0,4.5,299.0,2.0,6.0
8595-9101,54,0,214.0,12.5,,,
8595-6102,249,238,44.0,8.5,225.0,4.0,179.0
8596-12701,467,23,351.0,43.0,,,
8596-12703,225,264,293.0,15.5,302.0,2.5,9.0
8596-3701,191,190,219.0,16.5,89.0,0.5,130.0
8596-1901,89,0,206.0,24.5,,,
8596-1902,95,94,50.0,4.5,57.0,2.0,7.0
8596-12702,686,664,213.0,1.0,213.0,0.5,0.0
8596-3703,193,2,94.0,3.5,,,
8595-12705,562,578,188.0,4.0,188.0,1.5,0.0
8596-3702,121,94,103.0,1.5,105.0,3.5,2.0
8596-3704,189,66,192.0,6.0,148.0,2.0,44.0
8596-12704,671,639,259.0,2.0,259.0,0.5,0.0
8596-12705,368,375,69.0,9.5,75.0,3.0,6.0
8596-6101,314,293,92.0,1.5,89.0,1.0,3.0
8597-1901,104,103,171.0,11.999999999999998,277.0,7.0,106.0
8596-6102,239,300,295.0,3.5,295.0,1.5,0.0
8596-6103,176,314,94.0,14.5,86.0,3.0,8.0
8596-9102,474,10,31.0,2.5,,,
8596-6104,318,268,313.0,3.5,315.0,1.0,2.0
8597-1902,101,44,57.0,4.0,,,
8597-12701,512,581,5.0,3.5,4.0,1.5,1.0
8597-3701,116,0,133.0,89.5,,,
8597-12704,693,640,331.0,1.0,329.0,1.0,2.0
8597-3702,87,53,247.0,10.0,249.0,7.0,2.0
8597-12703,685,670,169.0,1.5,167.0,0.5,2.0
8597-12705,375,410,359.0,10.5,359.0,1.5000000000000049,0.0
8597-6101,242,4,141.0,5.5,,,
8597-3703,195,158,223.0,2.5,186.0,2.5,37.0
8597-6104,101,221,95.0,13.5,107.0,2.5,12.0
8597-6103,329,327,313.0,3.5,313.0,2.0,0.0
8598-1902,95,54,31.0,3.0,69.0,8.0,38.0
8597-9101,421,26,324.0,3.5,,,
8598-3701,191,48,168.0,19.5,,,
8597-12702,601,550,92.0,0.5,95.0,0.5,3.0
8598-3704,176,0,218.0,5.5,,,
8598-12704,209,278,228.0,18.0,241.0,4.5,13.0
8598-3702,162,181,349.0,19.5,25.0,4.0,36.0
8598-3703,153,122,241.0,14.5,242.0,8.0,1.0
8598-12701,585,477,323.0,6.0,325.0,3.0,2.0
8597-9102,168,79,254.0,14.5,261.0,9.5,7.0
8598-6102,296,6,93.0,2.0,,,
8598-6104,329,315,128.0,2.0,127.0,0.5,1.0
8600-1902,107,92,319.0,5.5,141.0,3.0,178.0
8600-1901,97,97,134.0,12.5,147.0,3.0,13.0
8598-9101,231,46,139.0,14.5,,,
8600-3701,174,150,293.0,12.5,286.0,7.0,7.0
8598-12702,438,516,122.0,3.5,123.0,1.0,1.0
8600-3702,189,30,144.0,1.5,,,
8600-12702,504,517,286.0,2.0,287.0,0.5,1.0
8600-12703,623,25,320.0,8.5,,,
8600-12705,359,339,310.0,8.0,309.0,1.5,1.0
8600-3704,178,178,151.0,3.5,151.0,2.0,0.0
8600-6101,314,6,324.0,10.5,,,
8600-12701,689,634,256.0,3.5,256.0,2.0,0.0
8600-6103,274,247,104.0,2.5,103.0,0.5,1.0
8600-12704,632,510,250.0,5.5,239.0,2.5,11.0
8600-6102,159,125,246.0,7.0,238.0,4.0,8.0
8601-1901,98,3,160.0,9.5,,,
8601-1902,84,82,214.0,13.0,272.0,6.0,58.0
8601-3704,146,33,340.0,6.5,,,
8600-9101,160,2,286.0,1.5,,,
8601-3701,189,0,203.0,8.0,,,
8600-6104,108,202,136.0,8.0,316.0,2.0,180.0
8601-3702,197,41,213.0,2.0,,,
8601-12701,311,201,204.0,5.5,340.0,1.0,136.0
8601-6102,215,18,15.0,17.0,,,
8601-6103,258,234,325.0,2.0,325.0,1.0,0.0
8601-9101,231,276,83.0,5.5,82.0,3.0,1.0
8601-6104,326,108,191.0,7.0,288.0,3.0,97.0
8601-6101,322,50,91.0,1.5,102.0,0.5,11.0
8601-12705,562,509,232.0,1.5,231.0,0.5,1.0
8601-9102,478,9,61.0,3.5,,,
8601-12703,678,301,187.0,0.5,41.0,0.5,146.0
8602-1901,99,34,46.0,2.5,,,
8602-3702,107,0,354.0,16.5,,,
8602-1902,100,0,225.0,15.0,,,
8602-3703,139,0,121.0,89.5,,,
8602-3704,140,0,186.0,9.5,,,
8602-3701,201,201,333.0,3.5,334.0,2.0,1.0
8602-12704,684,23,78.0,18.5,,,
8602-6101,90,54,57.0,14.0,62.0,7.5,5.0
8602-6103,333,219,188.0,2.5,188.0,3.0,0.0
8602-12701,700,476,156.0,1.0,148.0,1.0,8.0
8602-6104,327,64,55.0,2.0,59.0,2.5,4.0
8602-12702,689,419,97.0,43.0,143.0,3.5,46.0
8602-12705,688,655,145.0,2.0,144.0,1.5,1.0
8602-6102,156,91,212.0,17.0,213.0,7.5,1.0
8603-3701,187,2,12.0,2.0,,,
8603-1901,101,8,269.0,10.5,,,
8602-9102,315,25,14.0,2.0,,,
8603-3702,199,10,200.0,2.0,,,
8603-3703,186,4,76.0,2.0,,,
8602-9101,439,452,224.0,6.0,221.0,2.5,3.0
8603-12702,686,6,320.0,6.5,,,
8603-3704,161,18,5.0,2.0,,,
8603-6102,259,4,163.0,3.5,,,
8604-1902,89,1,40.0,6.5,,,
8603-12705,524,2,99.0,1.0,,,
8603-6103,186,281,181.0,4.500000000000006,181.0,1.999999999999998,0.0
8603-6104,262,195,305.0,2.5,302.0,1.0,3.0
8603-12703,595,411,248.0,1.5,246.0,2.0,2.0
8604-3702,120,42,22.0,9.5,,,
8603-12704,680,606,288.0,1.5,284.0,1.0,4.0
8604-3701,184,0,21.0,18.0,,,
8604-6101,174,97,153.0,14.0,294.0,89.5,141.0
8604-3704,185,0,191.0,89.5,,,
8604-6103,328,215,111.0,11.5,259.0,3.0,148.0
8603-9102,491,491,122.0,3.5,122.0,1.5,0.0
8606-12704,146,7,58.0,19.5,,,
8604-9101,473,2,67.0,1.0,,,
8604-12703,690,495,279.0,0.5,285.0,1.5,6.0
8606-12703,341,4,102.0,25.0,,,
8604-12702,556,592,50.0,2.5,47.0,1.0,3.0
8606-1901,95,96,290.0,30.5,286.0,6.5,4.0
8606-1902,98,85,0.0,89.5,262.0,11.5,98.0
8604-9102,412,490,11.0,5.0,8.0,1.0,3.0
8604-12704,678,672,130.0,2.5,129.0,1.0,1.0
8606-3701,194,194,306.0,1.5,305.0,0.5,1.0
8606-3704,112,52,278.0,32.0,247.0,10.0,31.0
8606-3703,196,77,27.0,6.0,24.0,6.0,3.0
8606-3702,193,176,75.0,7.0,82.0,3.0,7.0
8606-6101,149,151,347.0,6.0,355.0,1.5,8.0
8606-12705,350,305,167.0,3.5,165.0,1.5,2.0
8606-6104,288,3,152.0,15.5,,,
8609-1901,87,6,329.0,3.5,,,
8606-6102,297,0,41.0,16.0,,,
8609-3701,180,2,136.0,11.0,,,
8609-3703,182,60,284.0,4.5,280.0,4.0,4.0
8606-9102,332,448,113.0,7.0,110.0,1.0,3.0
8609-6103,205,216,341.0,6.0,335.0,3.0,6.0
8609-12704,474,431,335.0,2.0,337.0,1.0,2.0
8609-12705,303,195,196.0,3.0,203.0,1.0,7.0
8609-12703,345,328,219.0,2.0,219.0,0.5,0.0
8609-6104,317,74,97.0,2.0,111.0,3.5,14.0
8610-1902,92,30,218.0,10.0,,,
8609-9101,218,205,220.0,1.5,214.0,2.0,6.0
8609-12702,640,639,224.0,2.5,227.0,1.0,3.0
8610-1901,75,91,58.0,34.5,219.0,8.5,161.0
8609-12701,665,655,259.0,1.5,261.0,1.5,2.0
8610-3702,175,182,353.0,5.500000000000004,354.0,3.0,1.0
8610-3701,180,185,336.0,9.5,53.0,17.0,77.0
8610-3703,184,185,269.0,11.5,269.0,4.5,0.0
8610-12705,255,6,299.0,0.5,,,
8610-3704,181,135,26.0,23.5,219.0,18.5,167.0
8610-12701,473,592,173.0,3.5,173.0,0.5,0.0
8610-12703,592,386,138.0,1.5,159.0,2.5,21.0
8610-12704,547,442,248.0,16.5,282.0,5.5,34.0
8610-6104,310,5,305.0,2.5,,,
8610-12702,658,475,73.0,2.5,68.0,1.0,5.0
8611-1901,95,0,317.0,3.0,,,
8610-6103,304,301,313.0,6.5,312.0,2.5,1.0
8610-9102,318,10,271.0,8.0,,,
8611-1902,92,91,224.0,4.0,44.0,2.0,180.0
8611-3703,154,0,31.0,3.5,,,
8611-3701,200,96,306.0,3.0,299.0,4.0,7.0
8611-3702,200,175,236.0,3.5,241.0,3.0,5.0
8611-6102,289,235,237.0,5.0,233.0,3.5,4.0
8611-6103,285,278,204.0,4.5,208.0,2.0,4.0
8611-12703,459,417,102.0,1.0,103.0,0.5,1.0
8611-12701,685,686,338.0,4.0,337.0,2.0,1.0
8611-9102,314,289,313.0,2.5,312.0,1.5,1.0
8612-1901,97,47,346.0,6.0,,,
8611-12705,671,639,116.0,8.0,106.0,3.5,10.0
8611-12704,671,617,85.0,2.5,84.0,1.0,1.0
8611-9101,479,473,167.0,3.0,169.0,1.5,2.0
8612-3702,119,0,330.0,49.00000000000001,,,
8612-1902,93,95,336.0,2.0,337.0,1.5,1.0
8612-12703,427,458,298.0,5.5,302.0,2.0,4.0
8612-12704,352,387,101.0,1.0,103.0,1.0,2.0
8612-3703,194,19,42.0,10.0,,,
8612-3701,195,100,162.0,5.0,162.0,3.0,0.0
8612-12705,396,456,225.0,1.0,217.0,0.5,8.0
8612-12702,659,654,44.0,1.5,225.0,1.0,179.0
8612-6102,306,110,24.0,34.5,9.0,2.5,15.0
8612-6101,320,99,163.0,1.0,162.0,0.5,1.0
8612-9102,154,111,134.0,11.0,140.0,5.5,6.0
8612-6103,327,0,271.0,24.5,,,
8613-12704,212,2,169.0,53.50000000000001,,,
8612-6104,327,324,333.0,2.0,331.0,1.5,2.0
8613-3702,181,30,161.0,38.0,,,
8613-12701,416,330,193.0,3.5,193.0,1.5,0.0
8613-1902,75,97,263.0,21.0,271.0,4.5,8.0
8613-3703,154,4,172.0,3.0,,,
8613-6101,278,291,290.0,3.5,290.0,1.5,0.0
8613-9102,461,134,235.0,1.5,228.0,0.5,7.0
8614-1902,94,71,60.0,4.5,312.0,11.0,108.0
8612-9101,381,364,199.0,6.5,189.0,2.0,10.0
8614-12701,483,155,60.0,0.5,81.0,0.5,21.0
8614-3704,173,5,325.0,6.0,,,
8613-9101,269,209,171.0,2.0,173.0,1.0,2.0
8614-3703,193,187,324.0,15.0,328.0,1.5,4.0
8613-12702,610,654,245.0,1.5,247.0,0.5,2.0
8614-6103,255,5,353.0,13.000000000000002,,,
8614-6104,164,100,158.0,11.5,150.0,7.0,8.0
8614-6101,183,287,38.0,3.5,39.0,0.5,1.0
8614-12705,660,5,99.0,89.5,,,
8614-12704,456,400,68.0,1.5,69.0,0.5,1.0
8614-12702,670,666,102.0,6.0,100.0,2.5,2.0
8615-1901,92,97,279.0,24.5,298.0,5.0,19.0
8615-1902,90,90,97.0,9.0,282.0,3.5,175.0
8614-9101,477,4,16.0,5.0,,,
8615-3702,186,9,351.0,11.999999999999998,,,
8615-3701,189,189,107.0,5.5,105.0,2.5,2.0
8615-12705,460,446,61.0,3.5,68.0,2.0,7.0
8615-6101,112,7,173.0,7.000000000000001,,,
8615-12703,680,6,81.0,33.0,,,
8615-6103,93,36,153.0,10.5,,,
8615-12701,350,365,185.0,5.0,190.0,2.0,5.0
8615-12702,512,594,320.0,4.0,130.0,2.0,170.0
8614-9102,484,481,205.0,1.0,205.0,0.5,0.0
8615-3704,171,14,120.0,2.5,,,
8615-3703,185,188,271.0,5.5,275.0,4.0,4.0
8615-6102,308,300,187.0,6.0,192.0,2.0,5.0
8615-6104,314,231,352.0,1.0,359.0,1.5000000000000049,7.0
8616-1901,94,94,256.0,30.0,276.0,7.0,20.0
8616-12701,80,35,113.0,30.0,,,
8615-9102,442,421,78.0,2.5,81.0,1.0,3.0
8615-9101,280,268,355.0,1.0,355.0,0.5,0.0
8616-3702,140,0,222.0,89.5,,,
8616-1902,94,92,138.0,2.5,170.0,1.0,32.0
8616-3701,184,59,320.0,2.0,315.0,1.5,5.0
8616-3704,164,148,294.0,6.0,298.0,3.0,4.0
8616-6103,282,15,23.0,8.5,,,
8617-1902,93,8,54.0,22.0,,,
8617-3701,145,13,175.0,3.5,,,
8616-6101,228,77,170.0,3.0,167.0,7.0,3.0
8616-9101,173,177,185.0,3.5,181.0,0.5,4.0
8616-12702,658,642,40.0,0.5,40.0,0.5,0.0
8616-6102,171,284,40.0,15.0,14.0,3.0,26.0
8616-12704,660,640,9.0,0.5,9.0,0.5,0.0
8616-6104,252,236,210.0,1.5,207.0,0.5,3.0
8617-6103,173,2,140.0,29.000000000000004,,,
8617-3704,44,75,,,155.0,1.0,
8617-3702,168,0,122.0,11.5,,,
8617-6104,314,71,70.0,4.0,47.0,7.0,23.0
8618-1901,86,96,243.0,89.5,226.0,7.0,17.0
8618-12705,175,25,14.0,61.000000000000014,,,
8618-12703,95,136,204.0,89.5,115.0,4.5,89.0
8617-9102,478,9,135.0,7.5,,,
8617-9101,283,256,232.0,2.5,232.0,1.0,0.0
8618-3701,167,7,50.0,7.0,,,
8618-3703,68,79,16.0,12.0,24.0,5.5,8.0
8617-12701,381,447,133.0,3.0,125.0,0.5,8.0
8616-9102,469,471,91.0,5.5,89.0,2.0,2.0
8618-12701,371,235,51.0,8.0,61.0,6.0,10.0
8618-6104,278,55,133.0,5.0,131.0,2.0,2.0
8618-6102,320,196,72.0,4.0,36.0,6.5,36.0
8619-3702,191,80,25.0,5.0,22.0,2.0,3.0
8618-9101,411,83,290.0,5.0,159.0,19.5,131.0
8619-3703,201,178,107.0,1.5,108.0,1.0,1.0
8618-12704,387,565,8.0,3.5,25.0,0.5,17.0
8619-12701,671,250,265.0,2.5,128.0,2.5,137.0
8619-12702,374,429,56.0,1.5,68.0,0.5,12.0
8619-12703,431,398,37.0,4.0,43.0,1.5,6.0
8618-9102,203,245,325.0,4.0,323.0,2.0,2.0
8619-6103,243,69,277.0,6.5,248.0,3.0,29.0
8619-6101,297,12,149.0,2.5,,,
8619-9101,281,34,299.0,32.0,,,
8620-1902,96,46,349.0,2.5,,,
8621-1902,94,5,294.0,5.0,,,
8619-6104,321,93,238.0,2.5,87.0,2.0,151.0
8620-3703,193,178,230.0,3.5,229.0,2.5,1.0
8620-12704,274,258,215.0,6.0,214.0,2.0,1.0
8620-6104,231,34,62.0,30.5,,,
8621-3704,127,163,74.0,6.5,70.0,1.5,4.0
8621-3703,137,182,314.0,7.5,320.0,1.0,6.0
8620-12705,666,349,342.0,8.5,6.0,0.5,24.0
8621-9102,465,43,91.0,89.5,,,
8622-1901,79,0,12.0,11.5,,,
8622-1902,84,4,64.0,3.0,,,
8622-3702,108,10,206.0,7.5,,,
8622-3701,152,0,246.0,9.5,,,
8621-12705,391,231,173.0,1.0,173.0,0.5,0.0
8622-12703,203,161,258.0,1.0,247.0,1.5,11.0
8621-12704,687,492,145.0,0.5,136.0,1.5,9.0
8622-3703,172,128,157.0,31.499999999999996,23.0,4.5,134.0
8622-3704,142,79,11.0,12.000000000000005,169.0,5.5,158.0
8622-12701,681,70,256.0,1.0,129.0,5.5,127.0
8622-6102,86,57,329.0,20.5,316.0,7.0,13.0
8622-12705,357,454,345.0,7.0,337.0,0.5,8.0
8622-6103,152,171,233.0,9.5,227.0,2.5,6.0
8622-6101,133,0,356.0,11.000000000000002,,,
8622-12704,499,439,73.0,1.5,74.0,1.0,1.0
8623-1901,80,3,169.0,2.5,,,
8623-12705,124,152,25.0,63.50000000000001,3.0,12.500000000000007,22.0
8623-3702,122,72,51.0,5.0,41.0,8.0,10.0
8623-3703,187,0,354.0,5.0,,,
8623-12702,496,397,47.0,1.5,46.0,1.0,1.0
8623-3701,184,174,286.0,7.0,289.0,6.5,3.0
8623-6103,296,18,26.0,13.0,,,
8623-3704,177,177,301.0,5.0,299.0,2.0,2.0
8623-6101,283,264,303.0,2.0,301.0,1.0,2.0
8623-6102,317,72,329.0,9.0,285.0,15.5,44.0
8623-6104,166,245,221.0,2.0,219.0,0.5,2.0
8623-12703,382,417,62.0,3.0,46.0,2.0,16.0
8624-12701,312,0,127.0,89.5,,,
8623-9102,444,63,82.0,7.5,3.0,19.5,79.0
8624-3702,186,85,349.0,1.0,339.0,3.0,10.0
8624-3701,182,180,232.0,1.5,214.0,5.0,18.0
8624-3704,159,8,281.0,4.5,,,
8624-3703,184,156,295.0,6.0,295.0,4.0,0.0
8623-9101,474,437,345.0,6.5,337.0,4.0,8.0
8624-6102,210,87,301.0,5.0,301.0,6.0,0.0
8624-12704,320,121,87.0,4.0,87.0,10.0,0.0
8624-12705,227,301,131.0,20.5,150.0,4.5,19.0
8624-6103,156,126,314.0,8.5,304.0,8.5,10.0
8624-12702,424,427,37.0,2.5,32.0,0.5,5.0
8625-1902,99,0,1.0,7.9999999999999964,,,
8624-12703,488,419,47.0,3.5,42.0,2.0,5.0
8625-3701,195,27,26.0,1.0,,,
8625-3704,196,7,142.0,2.5,,,
8625-3703,191,94,236.0,5.5,30.0,11.0,154.0
8625-6102,186,132,20.0,31.0,21.0,5.5,1.0
8625-12705,433,115,320.0,6.0,324.0,10.0,4.0
8625-12701,649,239,117.0,1.5,117.0,1.0,0.0
8624-9102,475,472,140.0,2.0,137.0,0.5,3.0
8625-6104,295,224,290.0,3.0,293.0,2.5,3.0
8625-12702,456,433,116.0,2.5,114.0,0.5,2.0
8625-6101,287,286,125.0,86.0,122.0,5.0,3.0
8626-1901,91,1,59.0,14.5,,,
8626-3702,180,183,173.0,2.5,171.0,1.5,2.0
8625-12703,680,669,269.0,0.5,268.0,0.5,1.0
8626-3703,171,174,328.0,5.0,138.0,3.0,170.0
8626-3704,166,153,97.0,1.5,85.0,2.5,12.0
8626-12705,255,44,147.0,0.5,,,
8625-9101,450,371,179.0,1.9999999999999993,172.0,1.5,7.0
8625-9102,480,452,86.0,3.0,82.0,1.0,4.0
8626-12702,656,230,354.0,2.5,11.0,6.0,17.0
8626-6102,283,252,249.0,6.5,240.0,0.5,9.0
8651-3702,164,145,212.0,4.5,210.0,2.5,2.0
8626-6103,312,105,135.0,1.5,149.0,4.5,14.0
8651-6101,150,67,154.0,2.5,123.0,17.0,31.0
8626-6104,309,297,266.0,1.5,264.0,1.5,2.0
8626-12703,501,488,301.0,3.0,300.0,1.0,1.0
8652-3701,166,70,288.0,1.5,300.0,1.5,12.0
8626-9101,431,418,169.0,3.5,171.0,1.5,2.0
8652-3703,194,73,171.0,2.5,357.0,3.0,174.0
8652-3704,191,13,356.0,18.000000000000007,,,
8652-6101,138,20,331.0,14.0,,,
8652-12702,289,226,254.0,3.5,258.0,0.5,4.0
8651-9101,291,351,333.0,7.5,354.0,3.5,21.0
8652-12704,377,17,335.0,7.0,,,
8652-6102,250,138,221.0,15.5,228.0,1.0,7.0
8652-6104,164,148,212.0,7.5,210.0,2.5,2.0
8652-12705,603,480,97.0,0.5,97.0,1.5,0.0
8652-6103,322,306,2.0,2.999999999999998,359.0,1.4999999999999993,3.0
8654-1901,96,93,131.0,8.0,134.0,4.5,3.0
8654-1902,98,0,100.0,89.5,,,
8652-9101,254,259,118.0,7.5,123.0,3.5,5.0
8654-12701,463,329,335.0,0.5,345.0,2.0,10.0
8652-12703,681,667,103.0,1.0,102.0,0.5,1.0
8652-9102,441,257,31.0,5.0,327.0,0.5,64.0
8654-3701,188,187,195.0,6.0,196.0,3.0,1.0
8654-3702,185,47,56.0,4.0,,,
8654-12705,342,383,0.0,89.5,157.0,5.5,157.0
8654-3704,184,184,150.0,7.0,155.0,4.0,5.0
8654-6103,171,12,120.0,21.0,,,
8654-12704,604,591,228.0,3.0,229.0,0.5,1.0
8654-6102,233,274,34.0,6.5,35.0,1.0,1.0
8654-9101,345,0,133.0,8.5,,,
8654-6104,300,1,235.0,89.5,,,
8654-6101,307,307,107.0,1.5,106.0,0.5,1.0
8654-9102,284,314,57.0,3.5,61.0,2.5,4.0
8655-1901,91,62,93.0,5.0,89.0,7.0,4.0
8655-1902,90,52,339.0,11.5,303.0,11.5,36.0
8655-3701,182,182,148.0,3.5,143.0,3.0,5.0
8655-12703,242,272,127.0,12.0,109.0,1.5,18.0
8655-3704,137,148,105.0,12.5,107.0,4.5,2.0
8655-6103,126,28,280.0,11.5,,,
8655-3703,164,0,269.0,5.5,,,
8655-12702,422,443,26.0,5.0,23.0,2.0,3.0
8655-3702,180,2,1.0,4.5,,,
8655-6104,301,2,338.0,2.0,,,
8655-12704,649,636,44.0,2.0,42.0,1.0,2.0
8655-12705,280,131,191.0,10.500000000000005,202.0,0.5,11.0
8655-12701,651,569,355.0,5.5,357.0,3.5000000000000018,2.0
8655-6102,295,301,39.0,19.0,231.0,4.0,168.0
8656-3701,159,3,276.0,89.5,,,
8655-9101,271,9,180.0,89.5,,,
8656-1901,97,97,14.0,18.000000000000004,18.0,7.5,4.0
8655-9102,240,205,164.0,7.0,172.0,3.0,8.0
8656-3703,181,181,322.0,8.5,332.0,4.0,10.0
8656-6102,189,216,335.0,13.0,329.0,6.0,6.0
8656-9102,415,37,209.0,2.0,,,
8656-12704,234,228,95.0,12.0,81.0,3.5,14.0
8656-12702,660,651,46.0,1.0,40.0,0.5,6.0
8656-6101,306,306,35.0,3.0,206.0,1.5,171.0
8657-1901,106,30,232.0,3.5,,,
8657-1902,98,98,107.0,6.0,89.0,4.5,18.0
8657-3703,178,0,133.0,30.5,,,
8656-12705,638,580,155.0,1.5,152.0,1.0,3.0
8657-3701,168,79,78.0,9.5,124.0,21.0,46.0
8657-3702,168,201,50.0,13.5,51.0,4.0,1.0
8657-3704,162,91,101.0,12.5,83.0,9.5,18.0
8657-12703,276,203,337.0,7.5,331.0,1.5,6.0
8657-12701,446,500,207.0,4.0,215.0,1.5,8.0
8657-12702,392,420,13.0,4.0,9.0,2.0,4.0
8657-6103,319,49,47.0,89.5,,,
8657-6101,317,317,294.0,3.5,293.0,2.0,1.0
8710-1902,96,0,358.0,7.0000000000000036,,,
8710-3701,161,1,116.0,5.0,,,
8657-12704,536,491,196.0,43.5,48.0,3.5,148.0
8710-3702,184,161,65.0,3.0,65.0,2.0,0.0
8710-12702,357,117,173.0,5.0,36.0,3.5,137.0
8657-6102,267,256,10.0,4.5,13.0,2.5,3.0
8710-3704,188,0,236.0,19.5,,,
8710-12703,375,522,287.0,37.0,281.0,6.5,6.0
8710-6101,261,237,145.0,14.0,142.0,10.5,3.0
8710-6104,272,171,349.0,4.5,4.0,15.500000000000004,15.0
8710-6102,332,328,48.0,3.0,48.0,3.0,0.0
8710-6103,122,137,320.0,18.0,125.0,1.0,165.0
8710-12704,616,499,327.0,12.0,316.0,10.5,11.0
8711-1902,83,73,333.0,10.0,152.0,3.5,179.0
8710-9102,279,224,9.0,11.500000000000007,2.0,2.999999999999998,7.0
8711-12703,153,86,72.0,9.0,73.0,5.0,1.0
8710-9101,376,293,308.0,1.5,309.0,1.0,1.0
8711-3702,133,11,75.0,1.5,,,
8711-12701,262,202,79.0,0.5,80.0,0.5,1.0
8711-12702,278,295,132.0,34.5,117.0,8.0,15.0
8711-12705,385,242,124.0,30.5,318.0,11.5,166.0
8711-3701,178,170,182.0,89.5,155.0,6.0,27.0
8711-6104,269,2,292.0,6.0,,,
8711-3703,134,8,212.0,18.0,,,
8711-9102,193,65,289.0,8.0,280.0,6.5,9.0
8711-6101,238,0,351.0,89.5,,,
8711-3704,158,165,55.0,11.5,223.0,4.0,168.0
8711-6102,317,314,198.0,1.5,201.0,0.5,3.0
8712-1901,91,90,297.0,2.5,289.0,1.0,8.0
8712-12702,283,429,106.0,13.0,89.0,2.5,17.0
8711-9101,474,0,196.0,1.5,,,
8712-12701,399,399,121.0,3.5,125.0,1.0,4.0
8712-3703,168,121,160.0,3.5,161.0,2.0,1.0
8712-1902,96,93,205.0,6.0,184.0,8.0,21.0
8712-3702,187,100,159.0,6.5,147.0,7.5,12.0
8712-12703,673,74,359.0,3.500000000000006,7.0,0.5,8.0
8712-3701,186,0,144.0,27.0,,,
8712-9102,102,0,321.0,89.5,,,
8712-6103,168,158,162.0,10.0,152.0,3.5,10.0
8712-12704,673,512,176.0,1.5,176.0,1.5,0.0
8712-6104,248,272,58.0,1.0,228.0,2.5,170.0
8712-6102,289,320,289.0,4.0,285.0,1.0,4.0
8712-9101,172,234,135.0,28.5,160.0,2.5,25.0
8713-12702,265,245,217.0,9.5,207.0,3.5,10.0
8712-12705,555,513,338.0,0.5,336.0,0.5,2.0
8713-1901,97,20,264.0,4.5,,,
8713-3703,163,26,218.0,89.5,,,
8713-3704,102,46,278.0,26.5,,,
8713-1902,78,98,20.0,18.5,32.0,8.0,12.0
8713-3701,186,189,220.0,16.5,191.0,11.0,29.0
8713-9101,303,10,265.0,13.5,,,
8714-12701,217,1,177.0,37.0,,,
8714-3701,111,17,356.0,2.0,,,
8713-12705,483,542,62.0,9.5,59.0,2.5,3.0
8713-6102,295,279,72.0,2.5,72.0,1.5,0.0
8713-12704,221,292,310.0,8.5,303.0,3.5,7.0
8713-9102,489,489,150.0,3.5,151.0,2.0,1.0
8714-3702,194,5,78.0,11.0,,,
8714-12704,235,222,104.0,24.5,79.0,4.5,25.0
8714-3703,172,174,162.0,10.0,174.0,2.0,12.0
8713-12701,459,553,282.0,1.5,279.0,0.5,3.0
8714-12705,276,233,245.0,3.0,244.0,0.5,1.0
8713-12703,413,473,355.0,6.500000000000004,353.0,2.5,2.0
8714-6104,254,173,86.0,27.5,111.0,6.0,25.0
8714-9102,327,1,86.0,89.5,,,
8714-9101,188,85,170.0,11.000000000000007,180.0,20.500000000000004,10.0
8714-6102,322,315,237.0,2.0,237.0,0.5,0.0
8715-1901,97,97,201.0,4.5,203.0,3.5,2.0
8715-3703,181,58,260.0,5.5,55.0,8.5,155.0
8715-12702,199,11,243.0,13.0,,,
8715-3704,109,12,102.0,6.5,,,
8715-6102,160,125,146.0,10.5,144.0,3.5,2.0
8715-12703,294,0,52.0,89.5,,,
8715-12705,318,273,202.0,2.0,200.0,1.0,2.0
8715-6101,272,104,267.0,2.5,262.0,1.0,5.0
8715-6103,217,132,133.0,4.0,136.0,1.5,3.0
8716-1901,90,24,310.0,89.5,,,
8715-12704,266,519,276.0,89.5,291.0,2.0,15.0
8715-12701,665,659,314.0,1.5,138.0,1.5,176.0
8715-9101,436,417,39.0,3.5,40.0,1.5,1.0
8716-12701,167,157,149.0,47.49999999999999,44.0,16.5,105.0
8716-12702,213,126,224.0,22.5,78.0,21.5,146.0
8715-9102,462,465,176.0,3.0,176.0,1.5,0.0
8716-1902,90,57,234.0,2.5,231.0,3.5,3.0
8716-12704,181,136,238.0,9.0,234.0,2.0,4.0
8716-3704,91,91,63.0,13.5,77.0,2.5,14.0
8716-6101,183,106,180.0,11.000000000000004,177.0,5.0000000000000036,3.0
8716-12703,344,435,229.0,6.5,42.0,3.5,173.0
8716-6104,318,3,175.0,81.0,,,
8716-6102,170,138,226.0,7.5,44.0,5.5,178.0
8716-6103,286,253,103.0,1.5,103.0,0.5,0.0
8716-12705,429,471,235.0,8.5,229.0,3.0,6.0
8717-1902,55,48,250.0,80.0,,,
8717-1901,89,31,9.0,9.000000000000007,,,
8717-12702,324,9,164.0,34.0,,,
8716-9101,467,168,340.0,2.5,234.0,2.5,106.0
8717-6103,116,3,282.0,3.0,,,
8717-6104,121,9,314.0,89.5,,,
8717-6101,173,67,342.0,4.0,347.0,13.0,5.0
8717-3704,172,172,50.0,5.5,49.0,2.0,1.0
8717-6102,258,253,313.0,2.0,314.0,0.5,1.0
8716-9102,467,478,324.0,4.5,325.0,2.5,1.0
8718-1901,108,90,38.0,6.0,35.0,7.0,3.0
8718-1902,79,80,326.0,12.0,323.0,9.5,3.0
8718-3701,159,31,306.0,12.5,,,
8717-12703,417,413,3.0,16.5,8.0,3.0,5.0
8717-9102,450,20,286.0,41.5,,,
8718-3703,120,92,145.0,20.0,151.0,15.5,6.0
8718-12705,229,391,0.0,89.5,299.0,7.0,61.0
8718-6102,169,93,160.0,3.5,157.0,2.5,3.0
8717-9101,466,459,125.0,3.5,130.0,1.5,5.0
8718-6104,151,103,27.0,12.5,33.0,5.0,6.0
8718-6101,230,69,103.0,24.5,354.0,5.500000000000002,109.0
8718-12704,238,302,148.0,89.5,350.0,9.0,158.0
8718-6103,315,10,80.0,32.5,,,
8718-9102,169,147,0.0,89.5,8.0,18.499999999999996,8.0
8719-1901,94,0,53.0,12.0,,,
8719-12701,282,256,262.0,2.5,258.0,1.5,4.0
8719-12703,259,66,86.0,0.5,67.0,6.5,19.0
8719-3701,192,0,198.0,16.5,,,
8719-3702,126,125,188.0,31.999999999999996,161.0,2.0,27.0
8719-1902,93,44,60.0,3.5,,,
8719-3704,175,0,44.0,9.0,,,
8719-3703,93,145,105.0,13.0,105.0,4.5,0.0
8719-12705,132,204,304.0,89.5,281.0,5.5,23.0
8720-1901,104,103,311.0,8.5,273.0,4.5,38.0
8719-6101,151,139,357.0,11.000000000000007,353.0,3.5,4.0
8719-12702,602,589,355.0,7.0,0.0,4.000000000000001,5.0
8720-1902,95,95,43.0,8.5,224.0,7.0,179.0
8720-3701,151,143,244.0,3.0,240.0,0.5,4.0
8719-6102,254,266,272.0,13.0,273.0,3.5,1.0
8720-12703,339,14,226.0,4.5,,,
8720-12701,266,147,91.0,4.0,199.0,0.5,108.0
8719-9101,427,186,36.0,89.5,151.0,16.0,115.0
8720-3703,190,108,172.0,19.0,137.0,1.5,35.0
8720-3704,108,7,340.0,5.0,,,
8720-6102,206,244,162.0,14.5,162.0,3.0,0.0
8720-12705,230,0,257.0,0.5,,,
8720-6104,85,156,309.0,4.5,43.0,4.0,94.0
8720-6101,305,63,22.0,89.5,300.0,5.0,82.0
8720-9102,188,12,184.0,3.0,,,
8720-6103,227,272,144.0,17.5,155.0,3.0,11.0
8721-1902,94,0,117.0,14.0,,,
8721-3702,119,30,110.0,6.5,,,
8721-12704,429,36,110.0,18.0,,,
8721-6101,58,128,85.0,11.5,94.0,3.0,9.0
8721-12703,240,104,24.0,2.0,67.0,0.5,43.0
8721-3703,187,81,206.0,3.5,206.0,4.0,0.0
8721-12702,265,267,39.0,8.0,32.0,0.5,7.0
8721-12701,685,5,97.0,26.0,,,
8721-12705,303,284,0.0,15.000000000000002,6.0,4.0,6.0
8722-3703,173,159,339.0,40.5,329.0,6.0,10.0
8721-6103,320,293,49.0,2.0,51.0,1.5,2.0
8721-9101,184,166,32.0,7.0,32.0,4.5,0.0
8722-12701,546,26,172.0,64.0,,,
8722-6101,212,100,185.0,3.0,185.0,3.5,0.0
8722-6102,285,1,228.0,33.0,,,
8722-12703,404,498,88.0,15.0,64.0,0.5,24.0
8722-6103,323,255,336.0,4.5,332.0,1.5,4.0
8722-6104,328,3,272.0,11.5,,,
8722-9101,374,19,191.0,78.0,,,
8722-9102,352,52,332.0,5.5,0.0,4.000000000000001,28.0
8723-1901,104,84,15.0,5.5,20.0,2.0,5.0
8723-1902,98,80,273.0,6.5,247.0,5.0,26.0
8722-12705,686,686,146.0,3.0,147.0,1.5,1.0
8722-12704,691,658,76.0,3.0,75.0,1.5,1.0
8723-3701,137,14,162.0,2.0,,,
8723-12702,344,235,34.0,2.5,33.0,2.5,1.0
8723-3704,129,50,46.0,5.0,109.0,11.5,63.0
8723-6102,308,27,318.0,3.5,,,
8723-6103,318,13,294.0,8.5,,,
8723-12704,667,631,55.0,2.0,56.0,1.0,1.0
8723-6101,319,313,336.0,7.5,336.0,4.0,0.0
8723-12701,670,671,182.0,1.0,181.0,0.5,1.0
8723-9101,290,0,213.0,33.5,,,
8724-3703,151,0,312.0,6.5,,,
8723-9102,471,27,317.0,5.5,,,
8723-12703,644,573,185.0,1.5,187.0,0.5,2.0
8724-1901,95,2,333.0,5.5,,,
8724-12703,663,15,7.0,27.0,,,
8724-6104,172,23,289.0,4.5,,,
8724-12704,201,122,106.0,18.0,118.0,3.5,12.0
8724-3701,180,2,299.0,5.0,,,
8724-3704,117,62,24.0,12.0,14.0,7.5,10.0
8724-6101,317,1,102.0,3.0,,,
8723-12705,681,681,110.0,1.0,110.0,1.0,0.0
8724-12701,661,654,138.0,1.5,138.0,1.0,0.0
8724-9102,185,159,314.0,11.0,317.0,2.5,3.0
8725-1901,105,105,199.0,11.5,193.0,6.5,6.0
8725-1902,101,41,346.0,77.0,,,
8724-9101,220,302,152.0,10.5,155.0,2.5,3.0
8725-3701,125,178,56.0,34.0,209.0,4.5,153.0
8725-3702,178,0,146.0,24.0,,,
8725-6101,184,5,358.0,6.9999999999999964,,,
8725-3704,171,56,60.0,13.0,65.0,16.5,5.0
8725-3703,186,157,47.0,3.5,224.0,0.5,177.0
8725-12705,419,399,253.0,1.5,254.0,1.0,1.0
8725-12702,188,200,341.0,8.0,343.0,1.0,2.0
8725-12703,280,18,305.0,89.5,,,
8725-12701,357,361,222.0,3.0,223.0,0.5,1.0
8726-1901,100,58,231.0,9.0,155.0,1.0,76.0
8725-6103,320,8,109.0,14.5,,,
8726-3701,189,39,196.0,8.0,,,
8726-6103,194,83,78.0,5.0,78.0,0.5,0.0
8725-9102,281,204,82.0,7.0,85.0,1.5,3.0
8726-6102,256,173,321.0,7.5,312.0,2.0,9.0
8726-12702,396,469,319.0,4.0,320.0,1.0,1.0
8726-12705,170,220,63.0,28.0,119.0,0.5,56.0
8726-12704,264,162,267.0,17.0,319.0,20.0,52.0
8727-1901,93,4,230.0,12.0,,,
8727-1902,90,0,314.0,17.0,,,
8726-6104,183,0,334.0,5.5,,,
8726-12703,352,358,82.0,31.5,43.0,8.0,39.0
8726-9101,473,5,129.0,5.0,,,
8726-12701,683,683,152.0,8.5,140.0,9.5,12.0
8727-6101,283,45,272.0,10.0,,,
8727-12704,277,355,354.0,11.500000000000002,335.0,3.5,19.0
8727-3704,139,38,277.0,89.5,,,
8727-3703,184,97,140.0,13.0,305.0,10.0,165.0
8727-6102,98,80,250.0,24.0,263.0,6.5,13.0
8727-12701,667,663,168.0,3.5,168.0,2.0,0.0
8727-12705,662,662,164.0,17.0,161.0,12.0,3.0
8727-6104,147,171,77.0,36.0,93.0,3.5,16.0
8728-3702,177,26,233.0,2.0,,,
8727-12702,667,662,188.0,3.5,188.0,1.5,0.0
8728-1901,88,16,72.0,89.5,,,
8727-9101,421,320,129.0,1.0,138.0,1.5,9.0
8728-3701,182,160,175.0,3.0,154.0,1.0,21.0
8727-9102,273,248,228.0,28.0,209.0,15.5,19.0
8728-12702,591,52,335.0,0.5,280.0,3.0,55.0
8728-6103,66,66,284.0,21.0,279.0,6.5,5.0
8728-12704,312,351,247.0,45.0,39.0,10.0,152.0
8728-6102,90,4,170.0,30.000000000000007,,,
8728-3704,167,26,73.0,17.0,,,
8728-3703,179,8,18.0,40.50000000000001,,,
8728-6101,185,23,354.0,6.0,,,
8931-1901,95,1,332.0,10.0,,,
8728-9101,156,164,5.0,45.0,347.0,9.000000000000004,18.0
8728-9102,210,239,271.0,4.5,271.0,1.5,0.0
8728-12701,652,650,37.0,7.0,37.0,5.5,0.0
8931-1902,92,1,40.0,5.5,,,
8931-12705,395,6,0.0,16.0,,,
8931-3702,164,1,172.0,6.5,,,
8931-3701,191,0,144.0,19.0,,,
8931-3704,169,0,263.0,89.5,,,
8931-12703,309,0,24.0,7.5,,,
8931-3703,186,125,180.0,7.4999999999999964,181.0,7.0,1.0
8931-12701,485,430,47.0,5.5,223.0,2.0,176.0
8931-6103,316,23,313.0,14.0,,,
8931-6101,222,4,156.0,5.0,,,
8931-6104,220,35,199.0,6.5,,,
8931-12704,661,1,77.0,2.0,,,
8931-12702,672,671,250.0,7.5,250.0,4.5,0.0
8932-1902,106,9,152.0,1.5,,,
8932-3703,137,0,79.0,8.0,,,
8932-3702,144,0,101.0,89.5,,,
8932-12702,404,0,293.0,3.5,,,
8931-9101,473,190,229.0,11.0,84.0,10.5,145.0
8932-12705,313,0,195.0,89.5,,,
8932-3701,193,198,198.0,6.0,195.0,3.0,3.0
8932-3704,136,0,249.0,6.5,,,
8932-12704,615,340,165.0,4.5,128.0,2.0,37.0
8932-12703,630,17,238.0,3.5,,,
8933-1901,97,3,37.0,5.5,,,
8933-1902,104,1,247.0,3.5,,,
8933-12703,204,0,126.0,8.5,,,
8932-6102,193,0,167.0,14.0,,,
8932-6101,328,9,320.0,3.0,,,
8933-12701,221,208,269.0,5.5,272.0,0.5,3.0
8932-6104,341,75,81.0,2.0,79.0,3.0,2.0
8932-12701,705,676,242.0,4.0,250.0,1.5,8.0
8932-9102,432,433,131.0,5.5,316.0,1.5,175.0
8933-3701,151,2,257.0,21.0,,,
8933-3703,194,11,229.0,2.0,,,
8933-6102,289,3,70.0,4.5,,,
8933-9101,142,0,186.0,23.000000000000007,,,
8933-6101,314,0,228.0,11.5,,,
8934-1901,88,2,110.0,6.5,,,
8933-6103,320,8,330.0,3.5,,,
8934-1902,80,0,176.0,7.5,,,
8934-3703,195,3,72.0,2.0,,,
8934-3704,141,0,293.0,10.0,,,
8934-3701,180,189,348.0,12.0,359.0,0.5,11.0
8934-12703,141,328,278.0,16.5,279.0,2.0,1.0
8934-12704,628,1,288.0,2.0,,,
8934-6101,199,0,92.0,7.5,,,
8934-6102,318,124,17.0,5.5,25.0,7.5,8.0
8934-6104,330,6,235.0,2.0,,,
8934-6103,138,0,177.0,7.500000000000002,,,
8934-9102,234,0,69.0,89.5,,,
8934-12701,624,663,196.0,2.5,196.0,1.0,0.0
8935-1901,95,0,185.0,78.0,,,
8935-1902,94,0,184.0,5.499999999999999,,,
8934-12705,679,0,55.0,3.5,,,
8934-9101,334,0,273.0,9.5,,,
8935-12701,284,0,92.0,27.0,,,
8935-3701,183,0,91.0,15.0,,,
8935-12702,284,0,178.0,25.5,,,
8935-3702,185,2,280.0,3.0,,,
8935-3704,135,0,109.0,11.5,,,
8935-6101,149,0,185.0,18.999999999999993,,,
8935-3703,176,86,285.0,32.0,264.0,40.0,21.0
8935-6103,313,0,210.0,5.0,,,
8935-12704,285,265,206.0,9.5,190.0,4.5,16.0
8935-9101,391,2,203.0,2.0,,,
8935-6104,321,315,84.0,5.0,94.0,2.5,10.0
8935-12703,594,286,29.0,1.5,25.0,1.0,4.0
8935-9102,480,0,155.0,3.0,,,
8936-1902,100,70,219.0,3.5,170.0,5.0,49.0
8936-12702,413,11,30.0,11.5,,,
8936-3701,177,2,29.0,14.0,,,
8936-12701,672,21,234.0,89.5,,,
8936-6103,91,1,135.0,0.5,,,
8936-3702,179,56,186.0,2.5,171.0,1.0,15.0
8936-6101,298,22,59.0,4.0,,,
8936-12705,570,231,335.0,1.5,335.0,0.5,0.0
8936-12703,612,549,346.0,19.500000000000004,346.0,6.5,0.0
8936-12704,594,621,78.0,30.0,213.0,4.0,135.0
8937-1901,98,53,246.0,13.0,100.0,20.5,146.0
8936-6104,305,320,288.0,23.0,278.0,7.0,10.0
8937-12702,379,14,171.0,81.0,,,
8936-9101,261,123,183.0,3.4999999999999982,178.0,13.0,5.0
8936-9102,332,158,93.0,2.0,89.0,0.5,4.0
8937-12703,205,154,338.0,11.5,301.0,0.5,37.0
8937-3701,192,8,28.0,2.0,,,
8937-1902,95,76,162.0,3.0,338.0,10.0,176.0
8937-3702,183,0,280.0,10.0,,,
8937-3704,197,0,93.0,10.0,,,
8937-6101,203,43,198.0,7.0,,,
8937-3703,195,189,294.0,4.5,295.0,3.5,1.0
8937-12705,686,0,25.0,18.0,,,
8938-1901,92,3,12.0,3.0,,,
8937-6103,169,205,118.0,22.0,332.0,6.5,146.0
8937-12704,586,593,140.0,8.0,145.0,2.0,5.0
8937-6104,325,7,353.0,3.5,,,
8938-1902,81,42,128.0,4.5,,,
8938-3704,66,1,295.0,35.5,,,
8938-12701,341,315,82.0,2.5,80.0,1.0,2.0
8938-6103,231,0,124.0,11.5,,,
8938-12703,467,399,242.0,2.0,243.0,1.0,1.0
8938-6104,284,0,296.0,3.5,,,
8938-6102,163,91,210.0,10.0,42.0,11.0,168.0
8938-9101,195,203,1.0,5.500000000000006,2.0,2.0000000000000036,1.0
8939-1901,94,0,111.0,17.5,,,
8938-12705,381,391,255.0,7.5,248.0,4.0,7.0
8938-12704,540,284,93.0,2.5,91.0,1.0,2.0
8939-1902,84,93,155.0,12.0,162.0,5.0,7.0
8938-9102,360,46,334.0,6.5,,,
8939-12705,153,81,61.0,2.0,70.0,5.5,9.0
8938-12702,669,667,52.0,1.5,53.0,0.5,1.0
8939-12701,389,87,262.0,4.5,274.0,1.5,12.0
8939-12702,348,138,75.0,0.5,265.0,2.5,170.0
8939-3701,189,143,351.0,11.0,6.0,4.999999999999998,15.0
8939-3703,159,190,6.0,23.500000000000007,25.0,4.0,19.0
8939-3704,169,156,278.0,89.5,247.0,0.5,31.0
8939-3702,192,190,305.0,2.5,302.0,0.5,3.0
8939-6101,206,127,343.0,6.0,342.0,3.0,1.0
8939-6103,190,0,53.0,54.0,,,
8939-9102,378,7,68.0,3.0,,,
8939-12703,685,386,272.0,1.5,274.0,2.0,2.0
8940-1901,99,0,60.0,5.5,,,
8939-6102,275,315,80.0,27.0,60.0,5.5,20.0
8940-12703,232,210,71.0,4.0,75.0,5.0,4.0
8940-1902,107,107,91.0,4.0,89.0,0.5,2.0
8940-3702,204,19,239.0,11.5,,,
8940-3704,169,178,3.0,39.50000000000001,347.0,10.0,16.0
8940-6101,111,134,4.0,8.000000000000007,13.0,7.5,9.0
8940-3703,209,207,166.0,1.5,165.0,1.0,1.0
8940-12705,231,247,114.0,3.0,109.0,2.5,5.0
8940-12704,546,0,79.0,27.0,,,
8940-6103,303,1,339.0,18.5,,,
8941-1902,103,6,142.0,3.0,,,
8940-9101,355,370,160.0,1.0,160.0,0.5,0.0
8940-6104,331,333,211.0,1.5,206.0,0.5,5.0
8941-3701,197,107,208.0,4.0,314.0,26.0,106.0
8941-12702,375,402,267.0,8.5,258.0,3.0,9.0
8941-12703,290,378,55.0,13.5,44.0,2.5,11.0
8940-9102,481,9,294.0,5.0,,,
8941-3702,174,200,94.0,22.0,80.0,3.0,14.0
8941-3703,173,127,151.0,11.5,157.0,7.0,6.0
8941-3704,170,54,267.0,5.0,253.0,21.0,14.0
8941-12704,372,370,343.0,25.000000000000007,357.0,4.000000000000008,14.0
8941-12701,521,464,115.0,4.0,123.0,5.0,8.0
8941-6102,172,172,276.0,5.5,278.0,0.5,2.0
8941-9101,298,14,111.0,15.0,,,
8942-1901,90,60,60.0,3.5,58.0,3.0,2.0
8941-12705,690,680,324.0,7.5,329.0,3.0,5.0
8941-6101,164,216,91.0,9.0,87.0,1.5,4.0
8941-6104,261,255,117.0,16.5,119.0,4.5,2.0
8941-6103,257,230,326.0,14.0,331.0,4.0,5.0
8942-3702,150,7,314.0,6.0,,,
8942-3701,211,47,78.0,1.0,,,
8942-3703,194,199,189.0,24.999999999999996,160.0,28.0,29.0
8942-3704,80,172,357.0,8.500000000000005,359.0,2.5000000000000004,2.0
8942-12701,477,92,166.0,3.5,178.0,2.0,12.0
8942-6101,331,54,325.0,14.5,319.0,11.5,6.0
8941-9102,489,464,103.0,2.5,101.0,1.0,2.0
8942-12705,528,477,231.0,15.0,251.0,4.5,20.0
8942-6103,221,312,315.0,12.0,313.0,2.5,2.0
8942-6104,338,281,223.0,3.0,224.0,2.0,1.0
8943-1902,99,46,301.0,8.0,,,
8942-12702,702,702,278.0,1.0,277.0,1.0,1.0
8942-6102,291,297,134.0,9.0,136.0,3.0,2.0
8942-9101,284,335,172.0,8.0,173.0,2.0,1.0
8943-1901,85,87,113.0,3.5,114.0,0.5,1.0
8943-12705,277,0,18.0,1.5,,,
8942-9102,320,269,26.0,10.0,23.0,4.0,3.0
8943-6101,304,10,74.0,10.0,,,
8943-12703,477,444,188.0,7.499999999999998,187.0,2.5,1.0
8943-12701,430,426,125.0,2.0,125.0,1.0,0.0
8943-6103,210,200,55.0,32.5,28.0,4.0,27.0
8943-3703,158,27,157.0,4.0,,,
8943-3702,188,169,287.0,2.0,290.0,1.0,3.0
8943-12702,517,539,87.0,7.5,90.0,3.0,3.0
8943-6102,238,142,217.0,6.5,53.0,1.0,164.0
8944-1901,97,97,39.0,45.5,44.0,10.5,5.0
8943-6104,210,0,253.0,31.5,,,
8944-12701,123,13,8.0,10.000000000000005,,,
8943-9102,254,36,100.0,2.5,,,
8944-12702,295,234,161.0,5.0,160.0,1.5,1.0
8944-12705,336,306,67.0,3.5,69.0,0.5,2.0
8944-6101,130,179,189.0,22.0,180.0,2.499999999999999,9.0
8944-1902,79,14,354.0,11.500000000000005,,,
8944-12704,692,683,146.0,1.0,146.0,0.5,0.0
8944-6103,207,196,19.0,4.5,22.0,2.0,3.0
8944-3701,114,156,201.0,16.5,205.0,4.0,4.0
8943-9101,301,303,129.0,5.0,322.0,0.5,167.0
8944-12703,689,665,291.0,6.0,299.0,3.0,8.0
8944-6104,205,264,263.0,89.5,294.0,5.5,31.0
8945-12703,291,264,31.0,0.5,19.0,0.5,12.0
8945-3701,194,2,85.0,3.0,,,
8944-9101,346,306,288.0,20.0,268.0,5.5,20.0
8944-9102,460,475,12.0,15.999999999999996,359.0,4.5,13.0
8945-3703,160,101,61.0,4.0,56.0,2.0,5.0
8945-6102,291,64,280.0,1.5,278.0,4.0,2.0
8945-1901,97,82,187.0,7.499999999999998,200.0,4.0,13.0
8945-12702,681,667,247.0,3.5,249.0,1.5,2.0
8945-1902,102,4,58.0,2.0,,,
8945-12705,683,676,342.0,3.5,343.0,2.0,1.0
8945-12704,191,179,93.0,43.0,110.0,9.0,17.0
8945-6101,304,246,212.0,4.0,213.0,1.5,1.0
8945-6103,336,257,1.0,2.499999999999998,1.0,0.5,0.0
8945-6104,340,120,151.0,8.5,153.0,2.5,2.0
8946-1901,94,64,97.0,4.5,218.0,5.5,121.0
8945-9101,155,197,233.0,6.0,225.0,1.5,8.0
8946-12704,158,138,68.0,26.5,105.0,9.0,37.0
8946-1902,101,48,4.0,3.0,,,
8946-12701,675,4,95.0,5.5,,,
8946-3701,192,115,174.0,20.000000000000007,204.0,16.5,30.0
8946-3702,92,95,292.0,28.5,147.0,3.5,145.0
8946-6101,253,239,291.0,4.5,287.0,2.5,4.0
8946-6102,307,189,168.0,2.0,348.0,1.5,180.0
8946-6103,176,270,184.0,18.000000000000004,172.0,3.5,12.0
8946-3704,178,177,310.0,3.0,134.0,1.5,176.0
8946-9101,401,397,349.0,5.5,347.0,2.0,2.0
8947-1901,97,97,55.0,5.5,66.0,4.0,11.0
8946-12705,235,28,20.0,8.0,,,
8946-12703,181,30,19.0,8.5,,,
8947-3702,184,19,174.0,1.5,,,
8946-6104,153,10,122.0,43.5,,,
8947-3704,127,25,78.0,6.0,,,
8947-12704,659,644,61.0,6.0,68.0,3.5,7.0
8947-6101,211,2,9.0,30.500000000000004,,,
8947-6103,182,202,141.0,5.0,139.0,1.5,2.0
8947-12702,519,254,79.0,89.5,50.0,20.5,29.0
8947-12701,450,405,259.0,0.5,260.0,0.5,1.0
8947-6102,161,8,253.0,89.5,,,
8948-1901,103,103,24.0,3.0,12.0,3.5,12.0
8948-3701,146,174,14.0,30.000000000000007,18.0,4.5,4.0
8948-3704,175,40,323.0,3.5,,,
8948-3703,111,117,186.0,15.500000000000004,203.0,8.5,17.0
8947-9101,476,473,205.0,5.0,206.0,2.5,1.0
8948-6102,270,0,87.0,89.5,,,
8948-6104,279,0,203.0,89.5,,,
8948-12701,602,615,282.0,2.5,279.0,1.0,3.0
8948-6103,216,237,278.0,13.0,230.0,0.5,48.0
8948-6101,319,259,158.0,4.0,162.0,3.0,4.0
8948-12704,484,480,192.0,9.0,198.0,4.0,6.0
8947-9102,477,476,25.0,2.5,26.0,1.5,1.0
8949-3701,174,0,196.0,15.0,,,
8949-3704,180,0,292.0,89.5,,,
8949-12705,218,0,175.0,13.999999999999998,,,
8949-12704,190,0,359.0,21.0,,,
8949-6102,329,4,105.0,6.0,,,
8949-6104,154,0,27.0,30.0,,,
8949-6103,264,0,268.0,21.0,,,
8949-9102,284,1,255.0,8.5,,,
8950-12701,178,69,280.0,11.5,276.0,4.5,4.0
8949-1902,98,1,279.0,3.5,,,
8949-3702,198,0,140.0,6.0,,,
8950-1902,97,11,321.0,4.0,,,
8949-3703,167,0,266.0,32.5,,,
8950-1901,86,90,135.0,5.5,316.0,0.5,179.0
8950-3701,144,0,319.0,44.5,,,
8950-3702,173,0,155.0,6.5,,,
8950-3704,119,0,182.0,43.50000000000001,,,
8950-3703,188,0,345.0,5.5,,,
8950-12702,201,0,179.0,30.5,,,
8948-9101,437,440,115.0,84.5,141.0,13.5,26.0
8949-12701,364,52,34.0,9.5,341.0,24.0,53.0
8950-12704,674,6,162.0,1.5,,,
8950-6101,173,0,140.0,43.5,,,
8950-6104,310,2,327.0,4.0,,,
8949-12703,531,505,92.0,8.5,79.0,5.0,13.0
8950-12703,686,19,354.0,1.5,,,
8950-6103,324,9,167.0,1.5,,,
8951-1902,94,2,132.0,10.5,,,
8951-3702,171,0,185.0,14.000000000000004,,,
8950-9101,200,102,158.0,6.5,146.0,5.0,12.0
8950-9102,476,1,137.0,1.5,,,
8951-3704,126,0,141.0,13.5,,,
8951-12703,196,3,51.0,31.0,,,
8951-12701,372,264,103.0,1.5,106.0,1.0,3.0
8951-6103,157,0,356.0,11.500000000000002,,,
8951-12702,586,20,2.0,1.0,,,
8951-3703,193,2,230.0,5.5,,,
8951-9102,447,1,187.0,1.5,,,
8951-6102,256,0,79.0,2.5,,,
8952-1901,97,21,210.0,3.0,,,
8951-6104,285,0,349.0,12.5,,,
8951-6101,316,0,211.0,2.0,,,
8952-1902,86,1,200.0,9.0,,,
8952-3701,185,39,273.0,2.0,,,
8952-3702,154,137,208.0,4.0,206.0,2.5,2.0
8952-6101,203,4,18.0,8.0,,,
8952-3703,197,197,200.0,2.5,197.0,1.0,3.0
8952-12704,666,15,107.0,44.5,,,
8952-12701,612,423,22.0,1.0,22.0,1.0,0.0
8952-12702,509,345,139.0,0.5,288.0,0.5,149.0
8952-3704,171,54,116.0,8.0,75.0,8.5,41.0
8952-12705,389,349,85.0,2.5,83.0,0.5,2.0
8952-12703,608,609,16.0,1.5,16.0,1.0,0.0
8977-1902,85,2,129.0,5.0,,,
8952-6103,326,314,186.0,3.5,192.0,2.0,6.0
8977-1901,77,51,172.0,84.0,271.0,0.5,99.0
8977-3702,144,3,316.0,3.0,,,
8952-9101,469,125,205.0,3.5,201.0,2.5,4.0
8977-12703,338,267,9.0,1.5,7.0,1.0,2.0
8952-9102,495,495,40.0,1.5,40.0,0.5,0.0
8977-6101,219,99,81.0,5.5,77.0,6.5,4.0
8977-3704,185,182,61.0,25.0,173.0,13.000000000000002,112.0
8977-12704,279,439,192.0,10.5,136.0,9.0,56.0
8977-6102,312,312,171.0,3.5,171.0,1.5,0.0
8978-1902,93,34,92.0,3.0,,,
8977-12705,574,475,229.0,89.5,230.0,12.0,1.0
8977-9101,415,261,192.0,1.0,192.0,1.0,0.0
8977-12702,639,672,50.0,9.0,55.0,3.5,5.0
8977-9102,345,358,175.0,4.0,171.0,1.5,4.0
8978-3702,174,22,249.0,17.5,,,
8978-3703,192,39,70.0,3.0,,,
8978-12702,290,282,56.0,0.5,230.0,1.0,174.0
8978-3701,193,192,200.0,2.5,195.0,1.5,5.0
8978-6102,257,170,264.0,4.0,262.0,3.0,2.0
8978-6103,318,317,228.0,2.5,229.0,1.5,1.0
8978-12703,576,514,146.0,11.5,150.0,3.5,4.0
8978-12704,541,538,172.0,1.0,172.0,0.5,0.0
8978-12705,538,483,280.0,1.5,279.0,0.5,1.0
8979-3701,109,77,197.0,46.5,174.0,7.0,23.0
8979-12702,268,0,166.0,89.5,,,
8978-9101,466,461,96.0,2.5,96.0,1.5,0.0
8978-9102,361,241,321.0,3.0,320.0,1.0,1.0
8979-3704,177,152,144.0,7.5,138.0,2.5,6.0
8979-3702,187,187,353.0,1.5,353.0,1.0,0.0
8979-12703,319,432,316.0,8.5,133.0,3.0,177.0
8979-12705,426,235,86.0,2.5,86.0,1.5,0.0
8979-6103,174,110,166.0,3.5,171.0,1.5,5.0
8979-6101,267,266,197.0,3.5,195.0,3.0,2.0
8980-12702,261,2,101.0,89.5,,,
8979-12701,560,609,302.0,2.0,300.0,0.5,2.0
8980-1901,98,71,115.0,2.5,107.0,2.0,8.0
8979-6102,323,323,49.0,2.5,49.0,1.5,0.0
8979-6104,314,314,311.0,2.5,309.0,1.5,2.0
8980-1902,93,51,181.0,4.500000000000006,355.0,3.000000000000008,174.0
8980-3701,187,35,206.0,38.0,,,
8980-3704,164,167,9.0,12.0,351.0,6.5,18.0
8980-6102,257,8,200.0,3.5,,,
8979-9101,473,460,332.0,1.0,331.0,1.0,1.0
8980-12703,652,107,114.0,14.5,328.0,5.0,146.0
8980-6103,318,1,252.0,2.0,,,
8980-12704,586,556,96.0,9.0,101.0,3.0,5.0
8980-6104,319,311,118.0,1.5,118.0,0.5,0.0
8981-12701,197,1,249.0,42.5,,,
8981-1902,91,64,251.0,11.5,87.0,11.5,164.0
8981-3701,174,22,95.0,4.0,,,
8980-12705,548,560,319.0,16.5,322.0,2.5,3.0
8981-12702,298,253,143.0,22.0,315.0,4.0,172.0
8981-3702,197,197,236.0,4.0,227.0,3.0,9.0
8980-9101,347,345,104.0,1.5,104.0,1.0,0.0
8981-12704,302,277,58.0,28.0,70.0,13.5,12.0
8981-3703,173,197,112.0,6.0,125.0,3.5,13.0
8981-6103,268,202,221.0,2.0,224.0,0.5,3.0
8982-1902,88,88,341.0,11.5,332.0,2.0,9.0
8981-6104,250,235,151.0,3.5,159.0,2.0,8.0
8981-12703,653,626,300.0,1.0,301.0,0.5,1.0
8981-6101,322,322,29.0,1.5,30.0,1.0,1.0
8982-3701,186,180,300.0,1.0,299.0,0.5,1.0
8981-9101,395,308,226.0,1.5,225.0,1.0,1.0
8981-9102,263,241,130.0,28.0,158.0,7.5,28.0
8982-6104,309,186,334.0,1.5,329.0,2.0,5.0
8982-3702,179,4,105.0,2.5,,,
8982-12703,659,605,338.0,4.0,330.0,5.0,8.0
8982-12705,614,451,152.0,3.0,160.0,0.5,8.0
8982-6101,216,88,208.0,2.5,208.0,5.0,0.0
8982-12704,603,194,226.0,5.0,40.0,1.5,174.0
8982-9102,369,387,89.0,9.0,85.0,2.5,4.0
8982-9101,388,364,302.0,4.5,155.0,2.0,147.0
8983-1902,95,6,168.0,4.5,,,
8983-3703,192,157,355.0,2.0,358.0,2.0,3.0
8983-3702,156,0,211.0,14.0,,,
8983-6103,199,103,148.0,13.5,156.0,1.5,8.0
8983-3704,185,183,315.0,1.0,129.0,1.5,174.0
8983-12703,619,76,48.0,1.0,64.0,3.5,16.0
8983-12701,681,674,252.0,1.5,251.0,0.5,1.0
8983-6101,164,193,201.0,11.0,202.0,3.5,1.0
8983-6104,289,191,304.0,5.0,303.0,2.0,1.0
8983-9101,342,242,147.0,2.0,147.0,0.5,0.0
8984-1901,96,3,222.0,2.0,,,
8984-12702,358,465,306.0,36.5,305.0,5.0,1.0
8983-12705,636,626,242.0,2.0,245.0,1.0,3.0
8983-9102,331,7,103.0,5.0,,,
8984-3701,190,0,327.0,4.0,,,
8984-3703,191,5,24.0,3.0,,,
8984-3702,102,0,196.0,15.0,,,
8984-3704,159,132,175.0,1.5,174.0,1.0,1.0
8984-6102,227,11,79.0,28.5,,,
8984-12704,584,330,300.0,3.0,306.0,4.5,6.0
8984-6101,199,223,159.0,5.0,156.0,3.5,3.0
8984-12705,658,658,229.0,1.5,229.0,0.5,0.0
8984-6103,184,202,335.0,6.5,335.0,2.5,0.0
8984-9101,477,7,219.0,8.5,,,
8985-1902,95,79,321.0,4.0,323.0,10.0,2.0
8985-1901,94,97,90.0,28.5,123.0,11.5,33.0
8984-9102,471,299,144.0,2.0,139.0,1.5,5.0
8985-3702,193,40,328.0,12.5,,,
8985-3703,160,179,246.0,4.5,226.0,2.0,20.0
8985-12704,338,311,222.0,21.0,51.0,3.5,171.0
8985-12705,266,260,49.0,4.5,46.0,1.5,3.0
8985-12701,675,675,83.0,8.0,82.0,2.5,1.0
8985-3704,129,182,334.0,21.0,337.0,4.0,3.0
8985-6103,276,288,295.0,9.0,294.0,3.0,1.0
8985-12702,662,627,287.0,0.5,287.0,0.5,0.0
8985-12703,679,669,109.0,2.0,108.0,1.5,1.0
8985-6104,314,298,71.0,4.0,75.0,1.0,4.0
8985-9101,344,60,202.0,3.5,194.0,5.5,8.0
8985-6102,303,317,70.0,3.5,68.0,1.5,2.0
8986-1902,99,33,119.0,27.0,,,
8986-12701,660,1,138.0,18.5,,,
8986-1901,101,101,284.0,3.0,286.0,1.0,2.0
8985-9102,428,421,125.0,1.5,127.0,0.5,2.0
8986-3701,191,134,315.0,14.5,314.0,8.0,1.0
8986-12704,399,88,331.0,0.5,269.0,0.5,62.0
8986-12703,215,233,254.0,13.5,220.0,5.5,34.0
8986-12702,662,110,254.0,2.5,216.0,0.5,38.0
8986-6103,272,2,274.0,9.5,,,
8986-3702,183,196,199.0,10.0,197.0,4.0,2.0
8987-1902,96,10,126.0,3.5,,,
8987-1901,82,96,220.0,89.5,162.0,89.5,58.0
8986-6101,323,323,155.0,2.0,155.0,1.5,0.0
8986-6104,271,312,155.0,15.0,156.0,5.5,1.0
8986-12705,420,411,268.0,2.5,269.0,2.0,1.0
8986-9102,275,227,270.0,7.5,268.0,3.5,2.0
8987-3701,179,197,244.0,5.0,241.0,2.5,3.0
8987-3702,139,109,33.0,3.5,30.0,1.5,3.0
8987-3704,128,93,190.0,14.500000000000007,185.0,3.0,5.0
8986-9101,367,241,76.0,3.0,75.0,2.5,1.0
8987-12703,250,288,294.0,9.5,297.0,2.0,3.0
8987-3703,190,187,136.0,3.5,313.0,3.0,177.0
8988-1902,82,17,342.0,22.0,,,
8988-1901,90,73,167.0,34.0,147.0,13.0,20.0
8987-6102,220,143,339.0,9.5,2.0,14.999999999999998,23.0
8987-9102,267,146,124.0,4.0,125.0,3.0,1.0
8987-12702,639,582,138.0,4.0,139.0,2.5,1.0
8988-12702,318,239,357.0,39.50000000000001,359.0,16.000000000000007,2.0
8987-9101,298,364,146.0,46.0,163.0,3.5,17.0
8988-3701,127,120,356.0,27.500000000000007,19.0,4.0,23.0
8988-3704,183,167,23.0,13.5,38.0,5.5,15.0
8988-12703,275,377,275.0,7.5,276.0,3.5,1.0
8988-12704,453,369,22.0,2.5,27.0,1.5,5.0
8988-6101,255,246,265.0,14.0,271.0,4.0,6.0
8988-6103,318,87,136.0,4.0,267.0,0.5,131.0
8988-6102,314,311,314.0,3.5,132.0,1.0,178.0
8989-1901,93,93,345.0,5.5,344.0,4.0,1.0
8988-6104,310,313,209.0,2.5,206.0,1.5,3.0
8989-1902,92,92,85.0,11.5,83.0,12.0,2.0
8988-9102,355,60,164.0,2.0,160.0,2.5,4.0
8989-12701,280,192,51.0,4.0,238.0,0.5,173.0
8989-12705,466,95,198.0,11.5,230.0,7.5,32.0
8989-3701,193,147,321.0,4.0,136.0,2.5,175.0
8988-12705,681,667,65.0,6.0,57.0,2.5,8.0
8988-9101,336,297,357.0,2.0,357.0,1.0,0.0
8989-6103,181,8,83.0,9.5,,,
8989-3704,181,185,262.0,30.0,251.0,6.5,11.0
8989-3703,185,142,216.0,2.5,213.0,2.5,3.0
8989-6101,249,276,199.0,7.0,199.0,2.5,0.0
8989-6102,202,289,109.0,60.00000000000001,354.0,4.5,115.0
8990-1901,93,0,180.0,20.500000000000004,,,
8989-12702,526,570,186.0,3.5,189.0,1.0,3.0
8989-6104,273,286,283.0,2.0,282.0,0.5,1.0
8990-3702,130,18,64.0,1.5,,,
8990-1902,90,94,274.0,25.5,247.0,21.0,27.0
8990-3703,94,31,327.0,13.5,,,
8989-9102,443,382,48.0,2.0,50.0,1.5,2.0
8990-6102,318,2,237.0,3.0,,,
8990-12704,253,175,204.0,6.0,184.0,3.5,20.0
8989-9101,450,397,245.0,3.5,246.0,1.0,1.0
8990-6101,320,1,93.0,31.0,,,
8990-12701,301,148,27.0,9.0,25.0,3.0,2.0
8990-12703,524,490,122.0,5.0,126.0,1.0,4.0
8990-6103,314,219,191.0,7.0,164.0,0.5,27.0
8990-6104,296,310,145.0,10.0,145.0,3.0,0.0
8991-1901,94,19,235.0,4.5,,,
8991-1902,90,0,341.0,2.5,,,
8991-3701,173,59,312.0,2.5,320.0,0.5,8.0
8991-3702,189,5,359.0,8.5,,,
8991-3704,176,164,0.0,89.5,5.0,10.000000000000002,5.0
8990-9101,250,231,106.0,3.0,100.0,2.5,6.0
8991-12702,204,5,248.0,54.5,,,
8991-3703,138,152,234.0,24.5,37.0,6.0,163.0
8990-9102,460,452,216.0,2.0,216.0,1.0,0.0
8991-12701,512,572,70.0,6.5,71.0,2.0,1.0
8991-6101,275,302,153.0,3.5,154.0,1.5,1.0
8991-6103,305,234,114.0,7.5,275.0,2.0,161.0
8991-6104,198,222,196.0,4.5,191.0,1.0,5.0
8992-1901,94,1,117.0,16.5,,,
8991-12704,455,159,142.0,5.0,299.0,3.5,157.0
8992-3701,187,57,88.0,3.5,213.0,5.5,125.0
8992-12705,316,30,163.0,5.0,,,
8991-12705,449,542,132.0,3.5,130.0,1.0,2.0
8992-3702,190,187,359.0,6.4999999999999964,0.0,4.000000000000001,1.0
8991-9101,255,276,76.0,10.0,92.0,2.0,16.0
8992-3703,145,114,321.0,10.5,328.0,6.5,7.0
8992-12701,282,243,239.0,4.0,230.0,2.5,9.0
8992-6104,318,7,87.0,5.0,,,
8992-6102,304,154,133.0,1.0,122.0,4.0,11.0
8992-6101,322,317,331.0,1.5,336.0,1.5,5.0
8992-6103,261,250,348.0,2.5,345.0,0.5,3.0
8993-1901,96,2,83.0,7.0,,,
8992-12704,671,670,323.0,2.5,320.0,1.0,3.0
8993-1902,101,1,24.0,5.0,,,
8992-12702,520,519,8.0,2.0,8.0,0.5,0.0
8992-9102,475,104,236.0,3.0,236.0,1.0,0.0
8993-3704,150,4,177.0,21.5,,,
8992-9101,429,424,25.0,11.0,26.0,3.0,1.0
8993-3702,187,193,319.0,9.5,325.0,4.0,6.0
8993-6104,113,94,20.0,25.0,255.0,18.5,125.0
8993-6102,152,171,311.0,6.5,305.0,4.0,6.0
8993-12703,358,395,241.0,21.5,254.0,8.0,13.0
8994-1902,93,17,185.0,5.999999999999998,,,
8994-1901,96,87,67.0,7.5,68.0,4.5,1.0
8994-3702,180,1,242.0,4.0,,,
8993-12702,684,683,104.0,0.5,104.0,0.5,0.0
8994-3703,153,0,86.0,4.0,,,
8994-12702,272,259,281.0,9.0,285.0,2.0,4.0
8994-3704,184,181,235.0,4.0,233.0,3.0,2.0
8993-9102,479,407,34.0,2.0,34.0,1.5,0.0
8994-6103,186,82,243.0,4.0,250.0,3.5,7.0
8993-12705,684,684,14.0,1.5,15.0,0.5,1.0
8994-6104,220,186,184.0,28.000000000000007,206.0,9.5,22.0
8994-12703,565,473,342.0,2.0,343.0,1.0,1.0
8994-9101,182,48,220.0,5.5,,,
8994-6101,316,308,314.0,9.0,313.0,8.5,1.0
8994-12701,638,619,76.0,1.0,76.0,1.0,0.0
8995-1902,101,27,83.0,3.5,,,
8995-1901,102,52,358.0,6.5000000000000036,25.0,12.5,27.0
8994-12705,594,617,252.0,2.0,252.0,0.5,0.0
8995-3703,113,48,350.0,14.000000000000002,,,
8995-3701,189,4,323.0,3.0,,,
8995-3704,192,7,341.0,4.5,,,
8994-9102,472,356,237.0,4.5,239.0,3.0,2.0
8995-12703,602,14,56.0,37.0,,,
8995-12704,395,26,316.0,26.5,,,
8995-12701,630,0,216.0,5.5,,,
8995-6102,239,4,97.0,4.5,,,
8995-12702,507,480,282.0,21.5,286.0,5.5,4.0
8995-6103,176,2,164.0,78.5,,,
8995-6101,291,143,98.0,5.5,93.0,1.5,5.0
8995-9102,173,202,54.0,38.0,71.0,9.5,17.0
8996-1902,81,3,37.0,3.0,,,
8996-1901,101,4,60.0,4.0,,,
8995-9101,233,137,8.0,3.0,9.0,6.5,1.0
8996-12704,164,176,117.0,34.5,93.0,7.0,24.0
8995-12705,686,637,357.0,1.0,357.0,0.5,0.0
8996-3701,170,89,114.0,2.0,196.0,4.0,82.0
8996-3702,166,3,136.0,3.5,,,
8996-3704,190,42,12.0,5.0,,,
8996-12701,382,321,38.0,1.0,38.0,0.5,0.0
8996-3703,186,157,323.0,2.0,325.0,2.0,2.0
8996-12702,387,322,254.0,1.0,254.0,0.5,0.0
8997-1902,100,38,349.0,2.5,,,
8997-12703,127,83,159.0,12.0,173.0,8.0,14.0
8996-12703,415,361,278.0,10.5,255.0,8.5,23.0
8996-6102,274,297,183.0,13.0,175.0,4.0,8.0
8997-1901,91,86,263.0,12.5,248.0,5.0,15.0
8996-12705,620,495,144.0,1.0,145.0,0.5,1.0
8997-3702,152,123,168.0,36.500000000000014,1.0,12.000000000000002,167.0
8997-3704,188,105,46.0,10.5,255.0,12.5,151.0
8997-6103,225,182,192.0,3.0,198.0,0.5,6.0
8997-6102,251,233,89.0,2.5,89.0,0.5,0.0
8997-12704,649,321,92.0,1.5,96.0,0.5,4.0
8998-1901,102,8,263.0,4.0,,,
8997-12702,612,456,65.0,36.5,145.0,2.0,80.0
8997-6104,320,219,173.0,1.5,181.0,1.0000000000000036,8.0
8998-3702,194,34,73.0,3.0,,,
8998-3701,114,148,314.0,16.0,332.0,2.5,18.0
8998-3704,139,29,106.0,16.5,,,
8998-3703,167,68,0.0,4.000000000000001,65.0,89.5,65.0
8998-12703,503,481,314.0,8.5,136.0,4.0,178.0
8998-12701,461,303,313.0,2.0,136.0,1.5,177.0
8998-6101,327,6,31.0,4.5,,,
8998-12702,613,456,237.0,2.0,236.0,0.5,1.0
8998-6102,219,117,282.0,6.5,288.0,9.0,6.0
8998-6103,224,225,313.0,16.0,154.0,5.0,159.0
8998-6104,202,225,205.0,18.5,202.0,3.5,3.0
8998-12704,673,655,248.0,3.5,252.0,2.0,4.0
8998-12705,676,676,189.0,2.0,188.0,0.5,1.0
8998-9101,195,82,241.0,39.5,278.0,17.0,37.0
8998-9102,309,354,106.0,10.5,110.0,3.0,4.0
8999-3702,173,19,267.0,89.5,,,
8999-1902,90,5,137.0,6.0,,,
8999-1901,91,93,232.0,8.5,247.0,5.5,15.0
8999-12705,242,2,309.0,7.0,,,
8999-3701,192,192,109.0,14.0,113.0,7.0,4.0
8999-3704,107,138,154.0,24.000000000000004,155.0,5.0,1.0
8999-12702,258,28,116.0,3.5,,,
8999-6102,243,202,91.0,4.5,92.0,1.5,1.0
8999-12704,540,447,24.0,7.5,5.0,4.5,19.0
8999-6103,267,224,237.0,0.5,237.0,0.5,0.0
9000-1901,103,101,336.0,10.5,223.0,1.0,113.0
9000-3703,156,0,67.0,8.0,,,
8999-12701,633,605,187.0,5.5,187.0,2.5,0.0
8999-12703,574,538,68.0,4.0,63.0,1.5,5.0
8999-6101,237,124,243.0,13.5,230.0,11.5,13.0
9000-3701,183,164,103.0,12.5,103.0,6.5,0.0
9000-12703,497,193,288.0,24.5,1.0,1.0,73.0
8999-9102,446,378,128.0,5.5,117.0,4.5,11.0
9000-3704,105,0,176.0,12.0,,,
9000-12702,640,655,91.0,4.5,88.0,1.5,3.0
9000-6102,272,321,304.0,9.0,313.0,2.5,9.0
9001-12701,191,2,153.0,89.5,,,
9001-12702,298,160,231.0,8.0,239.0,2.0,8.0
9000-6101,335,50,271.0,3.0,66.0,78.0,155.0
9001-3701,176,0,356.0,7.999999999999998,,,
9001-3702,175,0,71.0,2.0,,,
9001-3703,185,28,178.0,3.500000000000008,,,
9000-6103,214,215,137.0,22.0,300.0,3.5,163.0
9001-12703,296,1,113.0,29.5,,,
9000-12704,665,0,19.0,5.5,,,
9001-12704,270,316,134.0,77.0,326.0,18.0,168.0
9001-3704,187,187,151.0,2.5,150.0,1.5,1.0
9001-12705,243,87,310.0,21.5,336.0,0.5,26.0
9001-6103,291,260,137.0,22.5,324.0,6.0,173.0
9001-6102,149,196,308.0,44.00000000000001,143.0,7.0,165.0
9001-6104,316,288,269.0,6.5,265.0,4.0,4.0
9001-6101,225,217,144.0,17.5,147.0,6.5,3.0
9001-9102,162,218,83.0,39.0,122.0,10.0,39.0
9002-1901,97,97,206.0,5.5,211.0,4.5,5.0
9001-9101,352,216,274.0,4.5,277.0,3.0,3.0
9002-12702,674,108,142.0,38.0,288.0,2.0,146.0
9002-3702,108,62,266.0,34.5,266.0,7.0,0.0
9002-3701,158,18,328.0,5.5,,,
9002-12703,372,19,353.0,1.0,,,
9002-1902,90,94,158.0,89.5,252.0,27.0,94.0
9002-3703,187,0,185.0,83.0,,,
9002-6101,281,53,167.0,3.0,164.0,3.5,3.0
9002-3704,165,94,187.0,3.0,188.0,1.5,1.0
9002-6103,302,46,8.0,4.0,,,
9002-12704,384,433,33.0,1.5,34.0,1.5,1.0
9002-12701,645,373,323.0,4.0,328.0,0.5,5.0
9024-1902,95,95,261.0,17.0,250.0,4.0,11.0
9024-12702,258,107,156.0,4.0,166.0,3.0,10.0
9024-6104,283,0,103.0,46.5,,,
9002-12705,622,635,306.0,6.5,316.0,3.5,10.0
9024-12701,595,639,328.0,0.5,330.0,0.5,2.0
9024-6102,320,323,297.0,2.5,296.0,1.0,1.0
9024-12704,510,507,175.0,3.5,182.0,1.0000000000000036,7.0
9024-9101,388,365,215.0,2.5,214.0,1.5,1.0
9025-1901,90,96,64.0,89.5,117.0,18.5,53.0
9024-9102,220,206,289.0,3.5,290.0,1.0,1.0
9024-12705,670,597,5.0,2.5,5.0,1.0,0.0
9025-3704,129,65,4.0,4.0000000000000036,359.0,5.999999999999997,5.0
9025-3701,126,175,318.0,7.0,155.0,1.5,163.0
9025-12703,600,3,136.0,2.0,,,
9025-3703,191,166,232.0,2.0,250.0,2.0,18.0
9025-12701,642,185,271.0,14.0,177.0,3.500000000000008,94.0
9025-3702,189,184,170.0,6.0,173.0,2.5,3.0
9025-6102,172,12,287.0,3.0,,,
9025-6103,291,205,249.0,1.5,248.0,0.5,1.0
9025-12704,671,605,169.0,0.5,170.0,0.5,1.0
9026-1901,94,6,169.0,1.5,,,
9026-3702,190,76,62.0,6.0,149.0,4.5,87.0
9025-12705,572,599,164.0,2.5,171.0,1.5,7.0
9026-12701,660,99,9.0,1.5,7.0,0.5,2.0
9025-6104,320,320,18.0,3.0,20.0,1.5,2.0
9026-3701,158,186,87.0,89.5,125.0,5.5,38.0
9026-12704,646,3,2.0,80.0,,,
9026-3704,157,140,246.0,12.0,62.0,2.0,176.0
9025-9102,478,472,129.0,10.0,318.0,3.5,171.0
9026-6104,289,182,96.0,2.0,96.0,1.5,0.0
9026-6103,221,163,232.0,1.5,228.0,1.5,4.0
9026-6102,305,278,213.0,22.0,49.0,11.5,164.0
9026-9102,476,77,209.0,4.0,338.0,8.0,129.0
9026-12702,555,558,291.0,5.5,290.0,2.0,1.0
9027-1902,98,81,312.0,89.5,120.0,6.0,168.0
9027-3702,99,131,248.0,9.0,256.0,3.0,8.0
9026-12705,678,537,146.0,1.0,147.0,0.5,1.0
9026-9101,460,447,66.0,3.5,68.0,2.5,2.0
9027-3704,182,22,261.0,9.0,,,
9027-3703,198,198,22.0,89.5,216.0,4.0,166.0
9027-6101,147,90,297.0,5.0,300.0,13.0,3.0
9027-6104,156,242,182.0,3.000000000000004,295.0,13.5,113.0
9027-12701,673,676,80.0,1.5,80.0,0.5,0.0
9027-6103,279,267,127.0,6.5,122.0,1.0,5.0
9028-1901,93,13,42.0,10.0,,,
9027-12705,627,646,90.0,89.5,227.0,12.0,137.0
9027-12702,556,620,86.0,4.5,80.0,1.5,6.0
9027-9101,250,310,9.0,3.5,12.0,1.0,3.0
9028-1902,91,54,70.0,5.5,40.0,0.5,30.0
9027-12704,679,639,134.0,3.0,131.0,4.0,3.0
9028-3701,135,7,35.0,4.0,,,
9027-9102,432,408,112.0,11.0,103.0,3.5,9.0
9028-3702,130,35,19.0,5.5,,,
9028-12705,342,314,289.0,3.0,289.0,0.5,0.0
9028-6103,227,2,285.0,3.5,,,
9028-12703,277,236,125.0,3.5,125.0,1.5,0.0
9029-1901,95,0,265.0,18.5,,,
9028-12702,674,657,137.0,1.0,138.0,1.0,1.0
9028-9102,457,392,347.0,1.5,345.0,0.5,2.0
9029-3701,137,0,323.0,13.0,,,
9029-3703,193,1,108.0,8.0,,,
9029-3702,194,68,96.0,1.5,95.0,0.5,1.0
9028-12704,649,628,235.0,1.0,233.0,0.5,2.0
9029-3704,175,8,327.0,2.5,,,
9029-12703,671,0,117.0,20.0,,,
9029-12701,515,238,181.0,3.500000000000005,189.0,2.0,8.0
9029-6104,133,107,223.0,15.5,234.0,6.0,11.0
9029-12702,688,662,278.0,6.0,276.0,5.0,2.0
9029-6103,281,88,6.0,3.5,9.0,4.5,3.0
9029-6101,322,17,97.0,1.5,,,
9030-1901,82,2,168.0,8.0,,,
9029-12705,686,686,163.0,4.5,188.0,0.5,25.0
9030-1902,91,68,198.0,6.5,203.0,14.0,5.0
9029-9101,477,143,58.0,4.5,56.0,2.0,2.0
9029-12704,671,655,292.0,1.0,292.0,0.5,0.0
9030-12702,365,325,34.0,4.5,37.0,2.0,3.0
9030-12703,474,36,194.0,0.5,,,
9030-3701,190,2,100.0,4.5,,,
9030-3702,181,186,4.0,6.000000000000005,1.0,2.499999999999998,3.0
9030-3703,189,140,89.0,2.5,84.0,1.0,5.0
9030-6101,220,0,106.0,89.5,,,
9030-9101,268,0,11.0,18.500000000000004,,,
9030-3704,185,105,171.0,1.5,170.0,1.0,1.0
9030-12705,618,9,113.0,39.5,,,
9030-6102,241,0,247.0,44.5,,,
9030-12704,548,542,249.0,2.0,250.0,1.0,1.0
9031-1901,97,1,120.0,8.5,,,
9031-1902,90,93,168.0,8.0,172.0,4.5,4.0
9031-3701,176,38,186.0,1.5,,,
9031-12704,207,154,358.0,5.500000000000002,342.0,2.5,16.0
9030-9102,218,291,275.0,1.0,277.0,1.0,2.0
9031-3704,166,87,62.0,5.5,164.0,0.5,102.0
9031-3703,167,69,13.0,8.5,40.0,7.5,27.0
9031-3702,106,81,87.0,12.5,123.0,26.5,36.0
9031-12703,411,293,195.0,6.0,192.0,1.5,3.0
9031-6103,141,98,22.0,6.0,21.0,11.0,1.0
9031-6102,188,209,155.0,13.5,156.0,5.0,1.0
9031-6104,203,283,338.0,8.0,341.0,2.0,3.0
9031-9101,320,12,94.0,10.0,,,
9031-9102,447,8,44.0,10.0,,,
9031-12705,350,255,23.0,2.0,23.0,2.0,0.0
9031-12701,427,503,99.0,5.5,89.0,2.5,10.0
9032-3701,194,170,42.0,18.5,50.0,3.0,8.0
9032-3703,146,128,345.0,2.0,348.0,2.0,3.0
9032-3702,190,62,200.0,0.5,304.0,3.0,104.0
9032-12703,387,69,85.0,3.0,100.0,3.5,15.0
9032-6102,290,95,355.0,17.000000000000007,10.0,1.5,15.0
9032-6104,265,182,34.0,8.5,316.0,18.5,78.0
9032-12704,411,359,151.0,6.5,143.0,2.0,8.0
9032-12705,387,275,112.0,1.5,111.0,0.5,1.0
9032-12702,489,388,332.0,3.0,327.0,1.5,5.0
9032-12701,675,638,94.0,1.5,91.0,0.5,3.0
9032-9101,418,375,66.0,3.5,68.0,1.5,2.0
9032-9102,217,302,324.0,5.5,326.0,2.5,2.0
9033-1901,91,91,337.0,89.5,28.0,17.5,51.0
9033-12702,421,0,14.0,38.0,,,
9033-3702,155,137,329.0,5.0,328.0,2.5,1.0
9033-1902,86,90,114.0,4.0,117.0,1.5,3.0
9033-12701,378,111,88.0,3.0,93.0,1.5,5.0
9033-12703,132,15,275.0,12.5,,,
9033-3701,138,24,97.0,2.5,,,
9033-3704,182,173,63.0,1.5,68.0,1.0,5.0
9033-12704,260,0,48.0,29.5,,,
9033-6101,216,192,190.0,4.0,186.0,1.5,4.0
9033-6103,169,4,215.0,9.5,,,
9033-6102,257,183,160.0,2.0,157.0,1.0,3.0
9033-6104,316,3,142.0,44.0,,,
9034-3703,117,0,279.0,8.5,,,
9033-12705,665,638,254.0,2.5,256.0,1.5,2.0
9034-3701,143,0,161.0,89.5,,,
9033-9101,443,11,353.0,18.0,,,
9034-3702,174,187,242.0,6.0,249.0,2.5,7.0
9033-9102,454,458,243.0,6.0,248.0,2.5,5.0
9034-6101,115,53,164.0,13.999999999999998,221.0,89.5,57.0
9034-6104,278,28,115.0,7.0,,,
9034-6103,168,76,54.0,2.5,55.0,4.5,1.0
9034-6102,144,120,306.0,26.0,311.0,4.0,5.0
9034-12705,635,247,165.0,3.0,158.0,3.0,7.0
9035-1902,66,79,320.0,13.0,337.0,2.5,17.0
9035-1901,66,31,336.0,11.0,,,
9034-9102,385,1,321.0,37.5,,,
9034-12703,443,491,282.0,2.0,283.0,1.0,1.0
9035-3701,99,115,49.0,30.0,47.0,3.5,2.0
9034-12701,656,641,94.0,7.5,99.0,3.0,5.0
9035-12702,116,195,49.0,23.0,57.0,2.5,8.0
9035-12701,367,388,33.0,6.0,229.0,3.0,164.0
9035-12704,164,172,111.0,28.0,125.0,2.0,14.0
9035-3702,94,92,323.0,9.5,321.0,3.5,2.0
9035-3703,115,114,131.0,26.0,76.0,9.0,55.0
9035-12703,93,98,183.0,9.500000000000005,189.0,4.0,6.0
9035-3704,185,176,151.0,4.0,150.0,4.0,1.0
9035-6102,164,257,330.0,4.5,324.0,1.0,6.0
9035-6104,124,144,202.0,13.0,190.0,5.0,12.0
9036-1902,87,24,330.0,8.0,,,
9035-6103,237,1,147.0,6.5,,,
9035-9102,147,139,57.0,17.5,80.0,2.5,23.0
9036-3702,199,6,271.0,5.5,,,
9036-3704,155,61,292.0,5.0,167.0,0.5,125.0
9035-9101,468,166,278.0,2.5,241.0,4.0,37.0
9036-12701,392,412,331.0,13.0,334.0,4.0,3.0
9036-12702,291,241,250.0,3.5,245.0,1.0,5.0
9036-12704,330,403,25.0,5.0,18.0,2.5,7.0
9036-9101,446,92,359.0,2.0,1.0,1.5,2.0
9036-6103,150,139,82.0,12.5,63.0,0.5,19.0
9037-1901,95,2,239.0,88.5,,,
9037-1902,100,89,313.0,8.5,302.0,7.5,11.0
9037-12701,353,298,346.0,15.000000000000002,0.0,4.000000000000001,14.0
9037-3702,193,125,284.0,6.5,263.0,19.5,21.0
9037-3701,184,93,203.0,21.5,353.0,31.000000000000004,150.0
9037-6102,246,0,105.0,31.5,,,
9036-12705,230,221,254.0,6.0,249.0,3.0,5.0
9037-6101,173,227,122.0,35.5,128.0,6.5,6.0
9037-12705,362,226,286.0,0.5,263.0,0.5,23.0
9037-6103,317,112,220.0,7.5,206.0,3.5,14.0
9038-12701,189,5,110.0,0.5,,,
9037-12702,687,654,230.0,53.0,17.0,9.5,147.0
9037-12703,666,654,110.0,1.0,109.0,0.5,1.0
9037-6104,325,95,193.0,4.5,303.0,7.5,110.0
9037-9101,376,156,22.0,19.000000000000004,13.0,15.5,9.0
9038-12702,672,422,11.0,1.5,11.0,0.5,0.0
9038-3701,161,185,234.0,13.0,245.0,4.5,11.0
9038-3703,190,5,265.0,89.5,,,
9038-12704,246,163,184.0,51.0,181.0,20.5,3.0
9038-3702,186,185,107.0,5.5,119.0,5.0,12.0
9038-12703,595,587,155.0,3.5,157.0,0.5,2.0
9038-1901,93,76,101.0,7.5,109.0,6.5,8.0
9038-3704,181,0,295.0,1.5,,,
9038-6102,296,6,3.0,1.5,,,
9038-12705,222,118,83.0,89.5,80.0,16.0,3.0
9038-9101,226,192,137.0,89.5,117.0,39.5,20.0
9038-9102,287,213,158.0,16.0,161.0,5.5,3.0
9039-1901,96,0,137.0,10.5,,,
9039-12703,461,2,303.0,11.5,,,
9039-12701,583,0,301.0,5.5,,,
9039-1902,83,78,347.0,3.0,195.0,3.5,152.0
9039-3703,152,48,53.0,5.0,,,
9039-12702,386,38,123.0,3.0,,,
9039-3704,164,28,26.0,11.0,,,
9039-12705,278,1,136.0,8.0,,,
9039-6103,244,20,250.0,3.5,,,
9040-1901,100,90,291.0,17.0,84.0,12.0,153.0
9039-12704,352,334,222.0,2.0,222.0,1.0,0.0
9040-3703,157,70,72.0,89.5,232.0,18.0,160.0
9040-3704,125,108,7.0,7.999999999999997,4.0,3.999999999999998,3.0
9040-1902,92,92,20.0,3.5,17.0,2.0,3.0
9039-6102,316,309,269.0,1.5,272.0,1.0,3.0
9039-9102,470,107,278.0,1.0,78.0,0.5,160.0
9040-12704,236,195,209.0,3.0,202.0,2.0,7.0
9040-6103,286,28,185.0,1.5,,,
9039-9101,258,279,16.0,1.5,25.0,3.5,9.0
9040-12701,608,374,297.0,2.5,300.0,1.0,3.0
9041-1901,103,37,70.0,3.5,,,
9041-1902,94,1,104.0,5.5,,,
9040-6101,323,323,120.0,1.0,120.0,1.0,0.0
9041-12704,394,18,274.0,3.5,,,
9040-6104,307,307,283.0,1.5,283.0,1.0,0.0
9040-9102,287,229,309.0,2.0,305.0,0.5,4.0
9041-3703,186,9,31.0,1.5,,,
9041-12705,244,40,275.0,0.5,,,
9041-3702,188,188,139.0,2.5,139.0,1.5,0.0
9041-3704,167,167,246.0,1.5,246.0,0.5,0.0
9041-12703,406,409,145.0,1.5,143.0,0.5,2.0
9041-6103,321,41,197.0,33.0,,,
9041-6102,244,271,198.0,5.0,196.0,1.5,2.0
9042-12701,191,218,226.0,10.5,218.0,3.0,8.0
9042-3701,178,0,197.0,24.0,,,
9041-12702,593,639,343.0,1.5,343.0,1.0,0.0
9042-12705,141,12,44.0,0.5,,,
9042-3703,183,11,141.0,8.0,,,
9041-9101,452,330,163.0,1.5,164.0,1.5,1.0
9042-12704,415,2,261.0,3.5,,,
9042-3704,166,6,149.0,3.5,,,
9041-9102,465,465,302.0,2.5,305.0,1.5,3.0
9042-12702,369,400,245.0,2.5,246.0,0.5,1.0
9042-6101,313,56,0.0,4.000000000000006,5.0,4.0,5.0
9042-6104,183,1,50.0,89.5,,,
9042-6103,245,66,248.0,2.0,242.0,0.5,6.0
9042-6102,163,270,177.0,2.500000000000006,179.0,1.0000000000000049,2.0
9043-1902,99,16,309.0,4.5,,,
9043-1901,101,69,63.0,6.0,69.0,2.5,6.0
9042-12703,667,512,322.0,1.5,319.0,0.5,3.0
9043-12701,309,17,16.0,0.5,,,
9043-12702,535,43,39.0,25.0,,,
9043-3703,192,11,327.0,16.5,,,
9042-9102,449,428,31.0,1.5,32.0,1.0,1.0
9042-9101,441,432,10.0,1.5,9.0,0.5,1.0
9043-6101,211,2,240.0,3.5,,,
9043-12705,342,2,259.0,2.5,,,
9043-12704,426,386,189.0,5.5,182.0,2.499999999999998,7.0
9044-1902,90,4,283.0,2.5,,,
9044-1901,98,64,195.0,3.0,286.0,2.5,91.0
9043-6104,327,257,292.0,3.0,294.0,1.0,2.0
9043-6102,299,290,59.0,1.5,59.0,1.0,0.0
9043-9102,463,36,130.0,5.0,,,
9044-3701,182,19,172.0,2.0,,,
9044-3702,94,4,0.0,14.999999999999996,,,
9044-12702,473,23,187.0,0.5,,,
9043-12703,319,10,127.0,22.0,,,
9044-6102,270,8,16.0,3.5,,,
9044-12704,389,128,265.0,2.5,265.0,0.5,0.0
9044-12701,423,310,92.0,1.0,90.0,0.5,2.0
9044-6104,294,3,188.0,35.0,,,
9044-9102,259,3,163.0,3.0,,,
9044-9101,289,226,10.0,3.0,9.0,0.5,1.0
9044-6101,312,312,276.0,3.0,277.0,1.5,1.0
9045-1902,92,92,227.0,2.5,227.0,1.0,0.0
9045-3701,186,76,206.0,3.0,193.0,4.0,13.0
9045-3702,172,188,180.0,11.0,172.0,2.5,8.0
9045-12701,665,5,137.0,43.49999999999999,,,
9045-3703,177,185,100.0,1.0,313.0,0.5,147.0
9045-3704,189,173,287.0,2.0,288.0,0.5,1.0
9045-12705,462,10,102.0,18.0,,,
9045-6101,244,174,238.0,2.0,233.0,1.0,5.0
9045-6102,225,2,341.0,40.49999999999999,,,
9045-12703,464,458,308.0,3.5,307.0,1.5,1.0
9045-6103,225,35,247.0,28.0,,,
9045-6104,266,14,143.0,7.5,,,
9045-12702,661,664,72.0,3.0,71.0,1.0,1.0
9045-12704,481,449,108.0,6.0,103.0,2.5,5.0
9045-9102,473,171,27.0,10.5,87.0,0.5,60.0
9046-1901,104,63,149.0,3.0,301.0,5.0,152.0
9046-12701,197,4,39.0,84.0,,,
9045-9101,430,400,47.0,1.5,53.0,0.5,6.0
9046-3702,194,5,190.0,1.5,,,
9046-3701,170,195,96.0,14.5,93.0,3.5,3.0
9046-12704,284,88,135.0,2.0,180.0,0.5,45.0
9046-6102,52,4,57.0,56.0,,,
9046-12703,304,129,78.0,0.5,96.0,0.5,18.0
9046-3704,196,188,353.0,5.5,356.0,3.0,3.0
9046-12705,469,491,114.0,9.0,106.0,0.5,8.0
9046-9102,354,0,34.0,40.0,,,
9046-12702,669,667,222.0,1.5,223.0,1.0,1.0
9047-12701,674,25,53.0,30.5,,,
9046-6104,79,14,139.0,0.5,,,
9047-3701,161,17,71.0,6.5,,,
9047-3703,168,25,279.0,29.0,,,
9047-12705,273,210,101.0,0.5,343.0,0.5,118.0
9047-6103,191,4,41.0,74.0,,,
9046-9101,390,39,29.0,36.50000000000001,,,
9047-3704,115,111,196.0,6.5,196.0,2.5,0.0
9047-12703,661,567,287.0,1.0,289.0,0.5,2.0
9047-12704,333,38,67.0,0.5,,,
9048-1901,96,95,275.0,9.5,254.0,8.0,21.0
9047-9101,132,101,76.0,15.5,83.0,0.5,7.0
9047-12702,281,237,336.0,4.5,332.0,1.5,4.0
9048-3703,98,18,317.0,0.5,,,
9047-9102,165,158,145.0,8.0,144.0,3.0,1.0
9048-12705,127,59,2.0,5.500000000000005,358.0,2.000000000000005,4.0
9048-3704,193,6,219.0,89.5,,,
9048-12703,251,228,187.0,4.0,182.0,1.5,5.0
9047-6104,331,276,189.0,1.0,181.0,0.5,8.0
9048-6102,287,19,316.0,6.0,,,
9049-1902,87,4,102.0,7.5,,,
9049-1901,98,98,183.0,6.500000000000006,181.0,5.000000000000005,2.0
9049-3701,185,158,181.0,4.5,181.0,1.5000000000000038,0.0
9048-6104,251,249,79.0,3.5,78.0,1.0,1.0
9048-12701,488,532,180.0,6.5000000000000036,164.0,3.0,16.0
9049-3703,161,33,113.0,2.0,,,
9049-12704,403,73,192.0,4.0,202.0,4.0,10.0
9049-6103,163,100,197.0,8.0,196.0,6.0,1.0
9049-3704,145,166,139.0,24.5,137.0,5.0,2.0
9049-6102,161,205,290.0,5.5,292.0,2.0,2.0
9050-1901,105,21,279.0,2.0,,,
9048-9101,295,162,16.0,4.5,9.0,4.0,7.0
9049-6104,253,132,220.0,3.5,205.0,0.5,15.0
9050-1902,93,0,31.0,2.5,,,
9049-12702,475,506,7.0,1.5,9.0,0.5,2.0
9049-9101,186,175,242.0,2.0,244.0,1.0,2.0
9050-3701,158,56,59.0,5.0,70.0,2.5,11.0
9050-12703,137,84,259.0,1.5,240.0,0.5,19.0
9050-3702,111,112,102.0,14.0,101.0,4.0,1.0
9050-6101,283,11,23.0,0.5,,,
9050-12705,398,309,309.0,1.5,307.0,1.5,2.0
9085-1901,77,35,127.0,24.5,,,
9050-12702,668,10,319.0,12.0,,,
9085-3702,125,79,301.0,7.0,304.0,2.0,3.0
9085-6102,128,3,318.0,89.5,,,
9085-12703,341,106,114.0,3.5,109.0,4.0,5.0
9050-12704,655,565,340.0,1.5,338.0,0.5,2.0
9085-12704,291,72,206.0,2.0,196.0,5.0,10.0
9050-9101,454,421,292.0,3.5,287.0,1.5,5.0
9085-6101,267,190,232.0,3.5,230.0,1.0,2.0
9085-12705,277,239,353.0,6.0,334.0,1.0,19.0
9050-9102,494,486,203.0,2.5,205.0,1.0,2.0
9085-6104,169,16,343.0,3.5,,,
9086-1901,84,2,321.0,7.0,,,
9085-6103,316,310,322.0,3.5,322.0,1.5,0.0
9085-12701,619,629,101.0,3.0,102.0,1.0,1.0
9086-1902,102,5,349.0,3.5,,,
9085-9101,285,189,165.0,2.5,163.0,1.5,2.0
9086-3701,146,0,122.0,10.0,,,
9086-3702,156,0,318.0,12.0,,,
9086-3704,175,24,72.0,9.5,,,
9085-9102,305,310,88.0,8.5,99.0,6.0,11.0
9086-12704,311,276,214.0,5.5,211.0,1.5,3.0
9086-3703,169,160,221.0,28.5,40.0,4.0,179.0
9086-12703,429,424,263.0,1.0,263.0,0.5,0.0
9086-6101,198,106,337.0,0.5,359.0,0.5,22.0
9086-12705,197,210,144.0,16.5,151.0,4.5,7.0
9086-6102,132,142,31.0,12.0,18.0,3.5,13.0
9086-12701,586,508,325.0,1.0,326.0,0.5,1.0
9086-6104,318,2,111.0,4.5,,,
9086-12702,470,496,352.0,5.5,8.0,2.5,16.0
9087-1901,99,24,285.0,2.0,,,
9087-12702,215,180,259.0,22.5,261.0,5.5,2.0
9087-1902,90,0,115.0,9.0,,,
9087-3702,121,52,55.0,11.0,234.0,10.5,179.0
9087-12703,279,338,314.0,27.0,311.0,5.0,3.0
9086-9102,250,4,302.0,89.5,,,
9087-3704,175,101,319.0,2.0,318.0,2.0,1.0
9087-6104,292,264,199.0,10.0,196.0,6.5,3.0
9087-9102,258,78,352.0,4.0,352.0,3.5,0.0
9088-1901,93,99,318.0,8.0,322.0,4.5,4.0
9088-1902,89,0,175.0,7.500000000000001,,,
9087-12701,668,578,71.0,1.5,73.0,1.0,2.0
9088-3703,118,64,80.0,5.5,82.0,4.5,2.0
9087-12704,623,644,130.0,2.0,126.0,0.5,4.0
9087-12705,676,678,19.0,1.5,18.0,1.0,1.0
9088-12701,349,389,44.0,2.0,226.0,0.5,178.0
9087-9101,471,464,48.0,1.5,47.0,0.5,1.0
9088-3702,165,0,319.0,2.5,,,
9088-12702,673,667,67.0,1.5,68.0,1.5,1.0
9088-6102,250,215,42.0,2.5,228.0,1.5,174.0
9088-6104,320,137,82.0,2.0,81.0,1.5,1.0
9088-12705,675,553,165.0,1.0,164.0,1.0,1.0
9088-9101,385,351,228.0,12.5,43.0,1.5,175.0
9089-1901,98,1,98.0,9.0,,,
9088-12704,682,676,82.0,2.0,81.0,1.0,1.0
9089-1902,99,1,0.0,29.000000000000007,,,
9088-9102,378,286,11.0,0.5,19.0,0.5,8.0
9089-12703,600,290,123.0,2.5,62.0,0.5,61.0
9089-3704,129,141,287.0,6.5,282.0,3.0,5.0
9089-3701,193,5,166.0,2.0,,,
9089-3702,170,174,57.0,5.0,59.0,3.0,2.0
9089-3703,194,194,220.0,11.0,218.0,3.0,2.0
9089-6102,278,1,187.0,20.000000000000007,,,
9089-12702,644,643,155.0,2.5,156.0,1.0,1.0
9089-12704,648,469,202.0,1.0,201.0,1.0,1.0
9090-1902,89,91,90.0,6.5,87.0,3.0,3.0
9089-9102,349,411,249.0,11.0,261.0,2.5,12.0
9089-6103,253,21,150.0,4.0,,,
9089-9101,207,192,330.0,7.0,335.0,3.5,5.0
9089-6101,318,249,153.0,2.0,149.0,1.5,4.0
9089-6104,329,325,204.0,1.5,205.0,0.5,1.0
9090-12702,228,195,15.0,17.5,2.0,2.5,13.0
9090-3704,196,195,148.0,12.5,154.0,2.0,6.0
9090-12703,366,332,67.0,5.0,58.0,5.0,9.0
9090-3702,191,130,299.0,2.0,304.0,2.0,5.0
9090-12704,671,671,241.0,2.0,240.0,1.0,1.0
9090-6102,159,97,270.0,11.5,271.0,10.5,1.0
9090-6104,321,31,351.0,2.5,,,
9091-12701,300,50,199.0,1.5,189.0,2.0,10.0
9090-6101,242,205,163.0,13.0,176.0,8.500000000000007,13.0
9091-12702,397,13,18.0,0.5,,,
9091-1902,95,36,57.0,2.0,,,
9090-12705,633,425,211.0,0.5,210.0,0.5,1.0
9090-9102,486,369,102.0,89.5,305.0,3.5,157.0
9091-1901,98,17,205.0,29.5,,,
9090-9101,481,475,187.0,1.5,184.0,0.5,3.0
9091-3701,139,21,172.0,0.5,,,
9091-12703,245,209,271.0,9.0,277.0,3.0,6.0
9091-3703,184,3,318.0,6.5,,,
9091-6104,322,264,19.0,1.5,21.0,1.5,2.0
9091-12705,510,217,67.0,1.0,119.0,0.5,52.0
9091-12704,447,411,296.0,1.5,296.0,0.5,0.0
9091-9102,221,88,74.0,3.0,78.0,2.5,4.0
9092-3701,196,5,34.0,4.5,,,
9091-6101,293,189,15.0,0.5,11.0,0.5,4.0
9091-9101,296,417,328.0,4.5,329.0,3.0,1.0
9092-6104,321,4,123.0,17.5,,,
9092-12704,309,3,330.0,56.0,,,
9092-6102,208,261,56.0,8.5,62.0,2.5,6.0
9092-12703,329,348,320.0,3.5,320.0,2.0,0.0
9093-12701,328,152,289.0,3.0,290.0,1.0,1.0
9093-1901,97,65,333.0,19.0,321.0,11.5,12.0
9093-1902,75,93,205.0,89.5,72.0,18.0,133.0
9092-9102,360,151,62.0,1.5,64.0,2.0,2.0
9092-12705,683,448,277.0,0.5,275.0,0.5,2.0
9093-3701,185,185,120.0,4.5,130.0,0.5,10.0
9093-3702,178,181,53.0,10.0,55.0,3.5,2.0
9093-12703,619,239,175.0,0.5,327.0,7.5,152.0
9093-6101,229,66,17.0,6.0,3.0,0.5,14.0
9093-6102,245,227,89.0,1.5,88.0,1.0,1.0
9093-12702,486,505,163.0,7.0,169.0,2.5,6.0
9093-6103,281,258,267.0,5.5,272.0,1.0,5.0
9093-6104,130,130,192.0,27.5,68.0,6.0,124.0
9093-12704,474,438,17.0,6.0,12.0,2.0,5.0
9093-9101,269,28,185.0,4.0000000000000036,,,
9094-1901,109,4,103.0,3.0,,,
9094-3702,166,6,33.0,42.0,,,
9093-12705,669,669,351.0,4.5,354.0,1.5,3.0
9094-12701,220,211,132.0,12.0,126.0,1.0,6.0
9093-9102,293,275,255.0,9.0,252.0,4.0,3.0
9094-1902,76,101,21.0,0.5,10.0,0.5,11.0
9094-12705,265,253,313.0,19.0,297.0,2.0,16.0
9094-6103,316,0,212.0,25.5,,,
9094-12703,327,146,265.0,3.5,251.0,2.5,14.0
9094-12704,419,86,221.0,0.5,156.0,0.5,65.0
9094-6101,322,253,181.0,3.000000000000005,173.0,2.5,8.0
9095-1902,100,94,96.0,4.0,100.0,3.0,4.0
9095-1901,99,99,222.0,8.5,215.0,5.5,7.0
9095-3702,104,0,227.0,19.5,,,
9095-12702,287,142,268.0,0.5,267.0,2.0,1.0
9095-3701,192,192,89.0,3.5,91.0,1.5,2.0
9095-12701,343,264,66.0,2.5,68.0,0.5,2.0
9095-3703,194,101,235.0,3.5,44.0,2.5,169.0
9095-3704,189,73,329.0,5.5,333.0,0.5,4.0
9095-12703,395,407,92.0,1.5,96.0,0.5,4.0
9095-6103,216,5,124.0,9.5,,,
9095-12705,359,336,85.0,3.5,88.0,1.5,3.0
9095-6104,125,130,240.0,5.5,224.0,2.5,16.0
9181-1901,90,0,97.0,9.0,,,
9095-6102,323,249,346.0,1.5,352.0,0.5,6.0
9181-12701,248,28,260.0,0.5,,,
9181-3701,132,117,136.0,7.5,137.0,4.0,1.0
9095-12704,635,584,228.0,1.0,229.0,0.5,1.0
9181-6102,155,40,235.0,16.0,,,
9095-9101,226,265,301.0,16.0,295.0,1.0,6.0
9181-3704,188,12,243.0,33.0,,,
9181-3703,165,192,211.0,17.0,211.0,6.0,0.0
9181-12703,378,10,76.0,42.5,,,
9181-6103,293,2,94.0,89.5,,,
9181-12705,333,288,84.0,3.0,88.0,1.0,4.0
9095-9102,481,480,80.0,2.0,82.0,1.0,2.0
9181-9101,150,118,321.0,20.5,314.0,6.5,7.0
9181-6104,267,268,243.0,89.5,245.0,8.5,2.0
9182-1902,94,94,127.0,3.5,129.0,1.0,2.0
9182-12701,422,2,353.0,5.5,,,
9181-9102,163,132,10.0,4.5,18.0,1.0,8.0
9182-3702,177,0,239.0,89.5,,,
9182-12704,223,109,140.0,2.0,141.0,0.5,1.0
9182-3701,177,195,28.0,5.5,26.0,2.0,2.0
9182-12705,246,226,333.0,8.0,329.0,2.5,4.0
9182-3703,190,113,169.0,3.0,190.0,2.0,21.0
9182-12703,427,315,302.0,1.5,304.0,1.0,2.0
9182-6103,314,33,55.0,2.5,,,
9182-12702,411,441,10.0,1.5,12.0,1.0,2.0
9183-1901,91,0,93.0,28.0,,,
9182-6104,305,240,129.0,1.0,133.0,2.5,4.0
9183-6102,246,13,149.0,23.5,,,
9183-3704,184,179,133.0,3.5,134.0,1.0,1.0
9183-6103,314,19,29.0,2.0,,,
9183-12701,190,0,264.0,10.5,,,
9183-12703,229,140,259.0,6.0,252.0,3.5,7.0
9182-9102,410,372,311.0,2.0,136.0,0.5,175.0
9184-1902,95,13,135.0,1.0,,,
9184-1901,96,78,343.0,89.5,42.0,83.5,59.0
9183-9101,352,244,263.0,2.0,268.0,1.5,5.0
9184-3702,192,14,282.0,1.5,,,
9184-3701,98,43,195.0,4.5,,,
9184-3703,161,51,0.0,19.000000000000007,269.0,89.5,91.0
9184-3704,169,184,182.0,5.500000000000001,180.0,2.000000000000005,2.0
9184-12705,381,299,255.0,2.5,254.0,2.0,1.0
9183-12704,607,482,150.0,1.5,150.0,1.0,0.0
9183-12702,631,550,302.0,2.0,302.0,1.5,0.0
9184-6102,281,238,201.0,2.5,211.0,0.5,10.0
9184-6103,254,167,326.0,3.0,323.0,0.5,3.0
9184-6104,196,171,65.0,3.5,64.0,2.0,1.0
9184-12701,663,601,132.0,1.5,313.0,0.5,179.0
9184-9101,456,15,299.0,20.0,,,
9185-12702,254,8,316.0,0.5,,,
9185-1902,99,105,193.0,3.5,194.0,2.0,1.0
9185-3701,195,2,273.0,36.5,,,
9185-3703,193,38,216.0,5.5,,,
9185-6101,237,8,58.0,2.0,,,
9185-6103,258,0,289.0,3.5,,,
9184-9102,468,469,82.0,6.5,83.0,3.0,1.0
9185-12703,460,12,214.0,2.0,,,
9185-6102,126,170,25.0,21.5,12.0,4.0,13.0
9185-12704,335,0,65.0,36.0,,,
9185-6104,260,266,104.0,9.0,109.0,2.5,5.0
9186-1901,72,89,95.0,11.5,305.0,17.0,150.0
9186-1902,99,2,183.0,4.999999999999999,,,
9185-12701,665,657,264.0,3.5,260.0,1.5,4.0
9185-9102,441,71,201.0,3.5,202.0,2.5,1.0
9186-3703,195,138,179.0,5.000000000000002,173.0,4.0,6.0
9186-3704,169,42,255.0,6.5,,,
9186-12701,274,252,301.0,4.0,300.0,2.0,1.0
9185-9101,378,416,156.0,0.5,200.0,0.5,44.0
9186-12704,397,15,251.0,5.5,,,
9186-12703,261,200,234.0,8.5,231.0,8.0,3.0
9186-6104,154,60,297.0,5.0,269.0,4.5,28.0
9186-6102,315,315,108.0,4.0,108.0,1.5,0.0
9187-1901,93,23,172.0,2.0,,,
9186-12705,655,646,345.0,2.5,344.0,0.5,1.0
9187-12701,167,55,236.0,89.5,124.0,1.0,112.0
9186-6101,329,329,299.0,1.0,299.0,0.5,0.0
9186-9101,470,450,299.0,1.0,297.0,0.5,2.0
9186-9102,332,58,122.0,3.0,129.0,0.5,7.0
9187-1902,88,0,233.0,89.5,,,
9187-3701,181,181,142.0,7.5,141.0,5.0,1.0
9187-12703,497,401,251.0,6.0,248.0,2.5,3.0
9187-3702,138,171,136.0,3.0,321.0,1.5,175.0
9187-12705,491,444,291.0,12.5,303.0,1.5,12.0
9187-3704,122,123,15.0,57.00000000000001,25.0,5.5,10.0
9187-12704,670,668,77.0,2.0,75.0,1.5,2.0
9187-12702,648,660,178.0,9.0,188.0,0.5,10.0
9187-6101,311,266,108.0,8.0,91.0,1.0,17.0
9187-6104,179,128,111.0,4.0,306.0,5.5,165.0
9188-12701,222,260,298.0,27.5,298.0,8.0,0.0
9188-1902,79,0,15.0,14.500000000000002,,,
9187-9101,470,469,70.0,1.5,73.0,1.0,3.0
9187-9102,269,427,313.0,72.5,353.0,26.500000000000004,40.0
9188-3702,183,2,271.0,12.5,,,
9188-3701,188,187,116.0,21.0,128.0,6.5,12.0
9188-3703,162,121,241.0,18.0,1.0,52.00000000000001,120.0
9188-3704,183,64,254.0,3.0,250.0,4.0,4.0
9188-6101,228,22,36.0,8.5,,,
9188-12705,448,336,337.0,5.5,344.0,3.0,7.0
9188-6104,277,112,8.0,2.5,5.0,5.5,3.0
9188-6102,266,272,84.0,1.5,83.0,1.0,1.0
9188-12702,602,592,15.0,5.0,25.0,2.0,10.0
9188-6103,300,293,353.0,2.0,354.0,1.0,1.0
9189-12701,172,122,122.0,9.0,91.0,1.0,31.0
9188-12703,666,666,95.0,2.0,95.0,0.5,0.0
9188-12704,578,565,156.0,3.5,155.0,1.0,1.0
9189-1901,86,1,271.0,8.5,,,
9189-1902,87,21,182.0,27.500000000000004,,,
9188-9101,348,390,72.0,4.5,70.0,1.5,2.0
9189-3703,147,0,166.0,89.5,,,
9188-9102,376,402,290.0,2.5,293.0,1.0,3.0
9189-3701,185,1,6.0,3.0,,,
9189-6103,143,0,54.0,89.5,,,
9189-6101,119,7,311.0,37.0,,,
9189-3704,94,179,143.0,14.0,146.0,2.0,3.0
9189-6104,134,105,101.0,7.5,105.0,4.5,4.0
9190-1902,90,0,156.0,89.5,,,
9190-1901,100,100,226.0,9.5,231.0,4.0,5.0
9189-12704,698,696,47.0,1.0,50.0,0.5,3.0
9190-12705,183,196,315.0,9.5,316.0,3.5,1.0
9190-3702,108,153,292.0,10.5,295.0,2.0,3.0
9190-3703,124,188,277.0,27.0,118.0,7.0,159.0
9189-12705,670,651,302.0,10.0,300.0,6.0,2.0
9190-3701,153,11,267.0,0.5,,,
9190-3704,126,158,285.0,19.5,281.0,7.0,4.0
9190-12701,421,462,146.0,18.5,142.0,2.5,4.0
9189-9101,482,481,230.0,2.0,227.0,1.0,3.0
9190-6104,155,0,320.0,11.0,,,
9190-12704,378,456,191.0,11.0,196.0,2.0,5.0
9190-6103,127,60,108.0,89.5,320.0,16.0,148.0
9190-6101,301,158,336.0,39.5,217.0,15.5,119.0
9190-9101,273,201,333.0,2.5,329.0,1.5,4.0
9190-12703,690,690,51.0,1.0,50.0,0.5,1.0
9191-3704,180,29,300.0,10.5,,,
9190-9102,325,177,110.0,7.0,106.0,4.0,4.0
9191-3701,158,159,342.0,5.0,335.0,1.5,7.0
9191-6104,310,2,172.0,6.5,,,
9191-6102,265,238,235.0,2.0,234.0,1.0,1.0
9191-6101,291,265,316.0,4.5,319.0,3.0,3.0
9191-9101,297,349,47.0,3.5,224.0,1.0,177.0
9191-12704,635,48,179.0,86.5,,,
9191-12703,646,616,172.0,1.5,170.0,0.5,2.0
9192-1901,92,82,121.0,5.5,123.0,3.0,2.0
9192-3701,184,7,182.0,2.999999999999998,,,
9192-3702,72,0,260.0,22.5,,,
9192-1902,104,104,290.0,7.0,290.0,2.0,0.0
9191-12702,624,623,147.0,2.0,145.0,1.5,2.0
9192-3703,128,121,158.0,36.0,359.0,4.000000000000008,159.0
9192-3704,168,125,304.0,89.5,169.0,4.5,135.0
9192-12705,228,7,26.0,9.5,,,
9192-6103,320,3,210.0,89.5,,,
9192-6101,304,310,81.0,5.0,85.0,2.5,4.0
9192-9101,210,128,213.0,89.5,286.0,27.5,73.0
9192-6102,331,301,221.0,1.5,220.0,0.5,1.0
9192-12701,572,580,31.0,1.5,35.0,0.5,4.0
9192-12703,623,596,263.0,1.0,262.0,1.0,1.0
9193-1901,81,26,303.0,7.5,,,
9192-9102,469,389,0.0,0.9999999999999978,357.0,0.5,3.0
9192-6104,311,301,168.0,6.5,165.0,2.5,3.0
9193-3703,191,23,285.0,1.5,,,
9193-12703,130,94,7.0,12.999999999999996,12.0,6.5,5.0
9193-3702,184,3,79.0,5.0,,,
9193-3701,176,180,317.0,9.5,316.0,4.0,1.0
9193-6103,276,12,171.0,3.0,,,
9193-12705,590,166,330.0,2.0,333.0,0.5,3.0
9193-6104,188,191,238.0,19.5,228.0,3.5,10.0
9193-12702,485,583,284.0,22.5,269.0,8.0,15.0
9194-1902,92,0,38.0,12.0,,,
9193-6101,302,60,268.0,8.0,356.0,32.50000000000001,88.0
9194-6102,239,73,3.0,16.5,30.0,1.5,27.0
9193-9102,178,217,131.0,10.5,127.0,3.0,4.0
9194-12704,264,265,86.0,6.5,89.0,3.0,3.0
9194-6103,317,75,80.0,3.5,70.0,1.5,10.0
9193-9101,479,396,157.0,2.0,158.0,0.5,1.0
9194-12705,215,216,100.0,7.5,84.0,1.0,16.0
9194-12702,513,521,246.0,42.0,261.0,2.0,15.0
9194-9101,203,125,56.0,0.5,200.0,11.0,144.0
9194-12701,432,656,324.0,0.5,15.0,1.5,51.0
9194-9102,183,6,186.0,79.5,,,
9194-6104,175,270,273.0,13.5,277.0,3.0,4.0
9194-12703,670,661,33.0,1.5,32.0,0.5,1.0
9195-3702,192,110,116.0,4.0,87.0,1.5,29.0
9195-12701,321,357,149.0,26.5,151.0,4.0,2.0
9195-12702,355,340,344.0,2.0,342.0,0.5,2.0
9195-12703,364,372,190.0,31.999999999999996,189.0,2.0,1.0
9195-12705,365,277,163.0,1.5,142.0,2.0,21.0
9195-3701,191,1,308.0,89.5,,,
9195-6101,220,7,232.0,7.5,,,
9196-12702,166,34,333.0,0.5,,,
9195-3703,194,170,15.0,9.5,12.0,5.5,3.0
9195-3704,189,189,87.0,7.0,89.0,2.0,2.0
9196-12705,287,0,325.0,13.5,,,
9195-6104,334,338,8.0,3.0,8.0,1.5,0.0
9196-3701,175,2,250.0,4.5,,,
9196-1901,93,67,291.0,3.0,133.0,10.0,158.0
9195-12704,686,668,47.0,4.5,59.0,2.5,12.0
9196-3702,180,149,166.0,4.0,168.0,1.0,2.0
9196-3703,181,170,267.0,2.5,271.0,1.0,4.0
9196-12703,473,459,304.0,2.5,302.0,1.0,2.0
9196-1902,98,98,155.0,6.0,162.0,5.0,7.0
9196-12701,654,616,121.0,1.5,127.0,0.5,6.0
9196-6102,266,27,35.0,2.0,,,
9196-12704,305,215,209.0,1.5,208.0,1.0,1.0
9196-6101,251,241,237.0,2.5,235.0,1.0,2.0
9196-6103,315,315,200.0,1.5,200.0,1.5,0.0
9484-1901,91,54,354.0,3.5,29.0,5.5,35.0
9196-9102,410,290,88.0,4.5,81.0,2.5,7.0
9484-1902,98,97,98.0,89.5,89.0,20.0,9.0
9196-9101,377,382,62.0,2.5,62.0,1.0,0.0
9484-3704,191,0,60.0,89.5,,,
9484-12704,293,253,6.0,2.0,7.0,1.0,1.0
9484-3701,197,183,331.0,5.0,332.0,4.0,1.0
9484-3702,191,178,24.0,2.0,28.0,1.5,4.0
9484-12701,479,480,337.0,16.0,340.0,8.5,3.0
9484-6102,187,291,175.0,5.0000000000000036,180.0,2.5000000000000053,5.0
9485-1902,91,8,102.0,2.0,,,
9484-6104,234,3,134.0,23.5,,,
9484-6103,315,315,191.0,3.5,189.0,2.0,2.0
9485-3701,94,100,247.0,3.5,264.0,2.5,17.0
9484-9102,369,345,319.0,14.5,325.0,4.0,6.0
9485-3702,105,106,313.0,10.5,315.0,2.5,2.0
9484-12703,677,671,111.0,2.5,114.0,1.5,3.0
9485-6103,158,2,330.0,2.5,,,
9485-3703,167,160,308.0,13.5,136.0,2.5,172.0
9484-9101,480,480,304.0,1.0,304.0,0.5,0.0
9485-12701,683,210,118.0,2.0,122.0,2.5,4.0
9485-6101,313,169,57.0,1.0,57.0,0.5,0.0
9485-9101,437,18,109.0,7.0,,,
9485-6104,321,288,153.0,3.0,158.0,1.5,5.0
9485-12703,658,644,48.0,3.0,46.0,1.5,2.0
9486-1901,98,61,262.0,34.5,255.0,14.0,7.0
9485-12705,670,670,33.0,1.0,33.0,0.5,0.0
9486-1902,97,2,179.0,8.000000000000004,,,
9486-12703,163,193,85.0,89.5,101.0,8.5,16.0
9486-12705,320,91,168.0,36.50000000000001,251.0,89.5,83.0
9485-9102,384,336,297.0,13.0,307.0,6.0,10.0
9486-3701,188,155,86.0,89.5,316.0,9.5,130.0
9486-3703,137,73,53.0,9.0,65.0,11.0,12.0
9486-3702,157,177,194.0,9.0,195.0,4.5,1.0
9486-3704,189,67,334.0,5.0,345.0,10.5,11.0
9486-12704,346,386,147.0,16.0,142.0,2.5,5.0
9486-6101,326,5,94.0,8.0,,,
9486-12701,673,653,332.0,1.5,334.0,0.5,2.0
9486-6102,318,162,248.0,3.0,246.0,2.5,2.0
9487-1902,101,0,278.0,3.0,,,
9487-1901,100,5,218.0,2.5,,,
9486-9102,152,208,109.0,10.0,114.0,2.5,5.0
9486-12702,686,682,12.0,2.5,11.0,1.5,1.0
9486-9101,454,255,57.0,5.0,42.0,2.0,15.0
9487-3701,183,4,139.0,3.5,,,
9487-3703,98,168,105.0,7.0,95.0,2.5,10.0
9487-3702,196,100,281.0,8.0,290.0,6.0,9.0
9487-12703,392,291,282.0,4.5,283.0,2.0,1.0
9487-3704,183,190,93.0,14.5,93.0,3.5,0.0
9487-12705,685,17,165.0,18.0,,,
9487-12704,545,518,149.0,15.0,137.0,5.5,12.0
9487-6103,185,278,157.0,46.00000000000001,169.0,3.5,12.0
9487-6102,284,302,165.0,12.0,168.0,3.5,3.0
9487-6104,253,279,24.0,5.5,26.0,2.5,2.0
9487-12701,685,685,67.0,2.0,69.0,1.0,2.0
9488-1901,95,84,21.0,8.0,74.0,11.0,53.0
9488-3703,109,90,20.0,10.0,22.0,4.5,2.0
9488-3702,166,107,8.0,4.0,6.0,2.5,2.0
9487-9102,497,374,211.0,4.5,199.0,4.0,12.0
9488-12704,260,232,239.0,12.5,240.0,4.0,1.0
9487-9101,468,344,185.0,1.5,187.0,1.0,2.0
9488-12703,382,470,171.0,25.000000000000004,181.0,1.4999999999999978,10.0
9488-3704,132,14,122.0,34.0,,,
9488-12701,380,510,269.0,2.5,267.0,1.0,2.0
9488-12702,604,584,86.0,8.5,70.0,1.0,16.0
9488-6102,253,42,178.0,20.500000000000007,,,
9488-6104,302,0,338.0,21.5,,,
9488-6103,281,113,42.0,3.5,230.0,4.0,172.0
9488-12705,582,512,88.0,6.5,80.0,4.5,8.0
9489-1901,97,0,164.0,15.000000000000005,,,
9489-3702,195,17,91.0,9.5,,,
9488-9101,268,245,38.0,12.5,42.0,5.5,4.0
9489-12701,628,0,92.0,89.5,,,
9489-3701,119,113,271.0,3.0,93.0,5.5,178.0
9489-3703,193,193,273.0,89.5,260.0,7.0,13.0
9489-12702,406,123,128.0,21.0,158.0,0.5,30.0
9489-12704,418,360,206.0,3.0,209.0,2.5,3.0
9489-6102,170,155,102.0,5.0,103.0,2.0,1.0
9489-12703,385,478,359.0,8.000000000000004,2.0,1.0000000000000036,3.0
9489-6103,307,0,129.0,5.5,,,
9488-9102,474,474,265.0,15.0,281.0,7.0,16.0
9489-6104,331,330,98.0,3.0,98.0,1.5,0.0
9489-12705,633,614,69.0,7.5,77.0,1.0,8.0
9490-1901,72,21,98.0,4.5,,,
9490-1902,79,0,8.0,7.999999999999997,,,
9489-9102,485,72,253.0,19.5,95.0,12.0,158.0
9490-12701,230,226,66.0,4.0,9.0,1.5,57.0
9490-3701,180,75,323.0,4.0,329.0,4.5,6.0
9490-3702,177,114,329.0,11.0,317.0,8.0,12.0
9490-12703,221,217,124.0,11.0,116.0,2.5,8.0
9490-12704,284,302,353.0,12.999999999999998,345.0,3.5,8.0
9490-3704,168,125,115.0,8.5,314.0,5.0,161.0
9490-6103,293,12,51.0,37.50000000000001,,,
9490-12705,684,97,237.0,1.5,259.0,3.0,22.0
9490-12702,488,417,288.0,22.5,279.0,10.0,9.0
9490-9101,181,1,52.0,26.0,,,
9490-6102,313,295,166.0,2.0,166.0,0.5,0.0
9490-9102,199,4,89.0,89.5,,,
9490-6101,320,320,177.0,2.0,174.0,1.0,3.0
9490-6104,200,201,66.0,15.5,84.0,5.5,18.0
9491-1901,95,6,276.0,5.0,,,
9491-1902,96,96,0.0,3.499999999999999,4.0,1.5,4.0
9491-12703,207,200,272.0,7.5,280.0,1.0,8.0
9491-3702,129,125,327.0,9.0,321.0,4.5,6.0
9491-3703,189,79,276.0,2.0,270.0,2.0,6.0
9491-12705,189,2,354.0,12.499999999999998,,,
9491-12701,576,347,66.0,0.5,70.0,0.5,4.0
9491-3704,191,140,13.0,1.5,38.0,2.0,25.0
9491-6104,58,5,270.0,8.0,,,
9491-6103,83,217,27.0,38.5,246.0,6.5,141.0
9491-6101,298,322,71.0,2.0,68.0,1.0,3.0
9491-12704,407,336,283.0,5.5,289.0,2.5,6.0
9491-6102,127,45,261.0,13.5,,,
9492-1901,85,0,246.0,5.0,,,
9492-3701,163,0,182.0,5.000000000000007,,,
9492-3704,152,0,355.0,3.5,,,
9492-3702,147,42,240.0,2.5,,,
9492-3703,190,34,161.0,7.0,,,
9492-12702,168,138,15.0,1.0,0.0,3.000000000000004,15.0
9491-9101,199,191,199.0,9.5,207.0,3.5,8.0
9492-12705,642,572,8.0,1.0,5.0,0.5,3.0
9492-12701,576,613,305.0,2.5,299.0,1.0,6.0
9492-6104,201,13,337.0,3.0,,,
9492-12703,380,393,103.0,7.5,100.0,1.0,3.0
9492-6103,275,213,194.0,5.0,192.0,3.5,2.0
9492-12704,682,665,11.0,1.0,12.0,0.5,1.0
9492-6101,325,316,8.0,4.5,2.0,3.4999999999999982,6.0
9492-6102,325,319,298.0,4.5,297.0,1.0,1.0
9493-12703,662,9,283.0,9.5,,,
9492-9102,480,428,322.0,89.5,323.0,21.0,1.0
9493-1901,76,1,203.0,6.5,,,
9493-12704,302,295,183.0,8.999999999999996,178.0,3.0000000000000004,5.0
9493-3701,191,39,245.0,18.0,,,
9493-3702,122,179,90.0,9.0,102.0,5.0,12.0
9493-6104,167,136,61.0,14.0,52.0,4.5,9.0
9493-6102,192,235,268.0,3.5,269.0,0.5,1.0
9493-6101,306,285,208.0,2.0,207.0,0.5,1.0
9493-12701,578,579,259.0,4.5,256.0,2.0,3.0
9493-6103,310,293,88.0,3.0,80.0,2.0,8.0
9493-9102,410,259,97.0,4.0,96.0,2.0,1.0
9494-1902,100,38,30.0,6.5,,,
9493-9101,187,181,78.0,13.5,72.0,5.5,6.0
9494-1901,97,84,160.0,3.5,157.0,1.0,3.0
9494-12701,253,259,179.0,42.0,207.0,10.0,28.0
9493-12705,457,295,128.0,14.5,173.0,13.000000000000004,45.0
9494-12703,273,271,285.0,20.5,299.0,4.0,14.0
9494-3701,185,138,140.0,2.0,68.0,4.5,72.0
9494-3704,175,179,135.0,9.5,311.0,4.0,176.0
9495-1902,86,99,122.0,89.5,126.0,12.5,4.0
9494-12705,331,308,199.0,14.5,177.0,6.000000000000002,22.0
9495-3701,183,53,104.0,9.5,100.0,11.5,4.0
9494-6101,311,3,254.0,26.0,,,
9494-12702,319,394,7.0,34.0,20.0,6.5,13.0
9494-12704,452,485,155.0,2.0,160.0,1.0,5.0
9495-3703,169,128,97.0,4.5,100.0,2.5,3.0
9494-9102,485,485,211.0,4.0,214.0,2.0,3.0
9495-3704,146,109,69.0,20.5,84.0,10.5,15.0
9495-12703,454,461,222.0,21.5,245.0,3.5,23.0
9495-6104,326,7,166.0,2.5,,,
9495-6101,290,85,2.0,8.000000000000007,200.0,10.0,162.0
9495-6103,178,242,212.0,10.0,223.0,2.5,11.0
9496-1902,58,20,63.0,5.0,,,
9495-12705,435,280,46.0,7.5,44.0,4.0,2.0
9495-6102,313,309,69.0,3.5,71.0,2.0,2.0
9495-9102,271,305,251.0,22.5,30.0,2.5,139.0
9496-1901,104,105,90.0,23.0,102.0,6.0,12.0
9496-12702,223,179,26.0,5.0,27.0,3.0,1.0
9496-3701,179,174,254.0,9.5,75.0,1.0,179.0
9496-3702,199,170,138.0,42.0,120.0,22.5,18.0
9496-12701,444,404,18.0,2.5,18.0,1.0,0.0
9496-12703,414,238,108.0,0.5,109.0,0.5,1.0
9496-3703,108,57,69.0,12.5,71.0,9.0,2.0
9496-6102,259,246,12.0,11.5,24.0,4.0,12.0
9496-6104,284,272,326.0,6.0,328.0,2.5,2.0
9496-12705,356,223,141.0,5.0,145.0,3.5,4.0
9497-1902,82,2,279.0,5.0,,,
9497-3702,186,135,228.0,11.5,91.0,7.0,137.0
9497-3704,113,3,25.0,3.0,,,
9496-9102,353,335,181.0,1.999999999999998,181.0,1.0000000000000036,0.0
9496-9101,373,379,217.0,1.5,216.0,0.5,1.0
9497-3703,136,147,213.0,4.0,221.0,1.5,8.0
9497-6102,320,18,271.0,2.0,,,
9497-6103,197,0,16.0,19.500000000000007,,,
9497-12701,299,219,230.0,2.5,228.0,1.0,2.0
9497-9101,127,277,4.0,11.000000000000007,12.0,3.0,8.0
9498-1902,87,92,57.0,7.0,63.0,3.5,6.0
9497-9102,261,144,105.0,2.0,99.0,6.5,6.0
9498-12703,206,166,66.0,3.0,65.0,1.0,1.0
9498-1901,92,5,331.0,7.0,,,
9498-12704,176,332,301.0,21.5,274.0,3.5,27.0
9498-3701,187,92,178.0,3.5000000000000004,178.0,2.000000000000006,0.0
9497-12703,608,576,177.0,1.0,175.0,1.0,2.0
9498-3704,186,0,253.0,8.0,,,
9498-3702,123,112,121.0,3.5,340.0,2.5,141.0
9498-6104,187,29,266.0,4.0,,,
9498-6102,303,137,237.0,4.5,241.0,3.0,4.0
9498-9101,436,10,170.0,5.5,,,
9498-12705,450,411,167.0,4.0,169.0,2.5,2.0
9499-1901,79,69,169.0,24.499999999999996,176.0,1.5,7.0
9498-12701,663,666,349.0,5.0,351.0,2.0,2.0
9498-9102,463,52,251.0,3.0,238.0,0.5,13.0
9499-3701,136,98,51.0,6.5,48.0,3.0,3.0
9499-12702,280,292,251.0,15.0,261.0,5.5,10.0
9499-3704,184,29,94.0,3.0,,,
9499-6103,251,124,21.0,7.0,22.0,1.5,1.0
9499-6102,327,326,318.0,3.5,318.0,2.0,0.0
9499-12705,602,426,14.0,0.5,14.0,0.5,0.0
9499-12701,438,487,297.0,14.0,288.0,3.0,9.0
9499-6104,327,316,343.0,1.5,345.0,0.5,2.0
9500-3704,174,74,253.0,3.0,312.0,6.5,59.0
9499-9101,483,366,352.0,2.5,353.0,1.5,1.0
9499-12703,693,678,12.0,1.5,11.0,1.0,1.0
9500-6101,116,139,11.0,5.5,13.0,1.0,2.0
9500-12703,263,254,327.0,2.0,331.0,0.5,4.0
9500-12705,347,8,305.0,0.5,,,
9501-1901,97,67,38.0,4.5,232.0,9.5,166.0
9501-1902,93,55,58.0,10.0,86.0,21.5,28.0
9500-12701,603,554,293.0,2.5,295.0,1.5,2.0
9500-6104,114,278,128.0,25.5,121.0,2.5,7.0
9500-9101,181,281,268.0,23.5,288.0,2.5,20.0
9501-3702,192,14,250.0,3.0,,,
9501-3701,194,11,193.0,3.5,,,
9500-12702,691,664,29.0,1.5,30.0,1.0,1.0
9500-9102,292,222,289.0,5.0,290.0,2.5,1.0
9501-3703,137,123,341.0,19.999999999999996,337.0,5.5,4.0
9501-6101,172,236,263.0,89.5,242.0,3.0,21.0
9501-6102,241,188,145.0,2.5,145.0,2.0,0.0
9501-12704,390,459,331.0,3.5,335.0,1.0,4.0
9502-1902,93,0,39.0,35.0,,,
9502-1901,72,84,354.0,50.0,183.0,2.5,171.0
9500-12704,674,569,303.0,1.5,303.0,1.0,0.0
9502-12701,199,0,297.0,89.5,,,
9501-9101,310,186,93.0,4.0,93.0,3.5,0.0
9502-3703,190,112,140.0,3.5,67.0,3.0,73.0
9502-3701,191,118,330.0,3.5,155.0,4.5,175.0
9502-3704,190,63,69.0,6.5,73.0,11.5,4.0
9502-12702,346,382,342.0,89.5,98.0,29.5,116.0
9501-9102,483,458,232.0,1.5,232.0,1.0,0.0
9502-12704,452,256,346.0,2.0,348.0,2.0,2.0
9502-6101,308,175,178.0,2.499999999999999,176.0,1.5,2.0
9503-1901,83,96,63.0,20.5,57.0,6.0,6.0
9502-9101,443,46,126.0,3.0,,,
9503-1902,77,51,308.0,36.5,137.0,44.5,171.0
9502-12703,690,555,22.0,2.5,19.0,0.5,3.0
9503-3702,141,65,346.0,5.5,11.0,11.0,25.0
9502-9102,373,430,350.0,3.5,356.0,1.5,6.0
9503-12702,286,229,86.0,6.5,84.0,2.0,2.0
9503-3701,193,193,20.0,2.5,22.0,0.5,2.0
9503-12704,319,238,148.0,4.5,148.0,1.5,0.0
9503-3704,163,182,152.0,5.0,13.0,1.0,139.0
9503-6101,293,6,193.0,2.0,,,
9503-6104,211,182,254.0,7.5,263.0,3.0,9.0
9503-6103,325,75,58.0,5.0,138.0,3.5,80.0
9503-9101,239,153,220.0,3.5,153.0,46.5,67.0
9503-12705,590,536,158.0,6.0,156.0,4.0,2.0
9504-1901,107,106,310.0,8.0,303.0,3.0,7.0
9504-1902,108,108,344.0,2.0,347.0,1.0,3.0
9503-12703,690,682,7.0,11.0,21.0,3.5,14.0
9504-3701,148,82,179.0,3.999999999999999,179.0,3.500000000000008,0.0
9504-3704,191,195,350.0,4.5,341.0,1.5,9.0
9504-6101,298,3,77.0,6.0,,,
9504-3702,195,198,274.0,5.0,275.0,3.0,1.0
9503-9102,402,457,161.0,7.5,164.0,2.0,3.0
9504-12701,385,374,263.0,2.5,264.0,1.0,1.0
9504-12705,398,459,78.0,89.5,68.0,7.5,10.0
9504-6102,293,275,18.0,21.0,230.0,7.5,148.0
9504-6103,332,332,63.0,4.5,62.0,2.5,1.0
9505-1902,103,0,282.0,89.5,,,
9504-6104,194,160,80.0,42.5,80.0,6.0,0.0
9504-12702,653,659,221.0,13.5,207.0,4.0,14.0
9504-12704,573,535,14.0,1.5,16.0,0.5,2.0
9504-9101,213,132,285.0,8.0,293.0,5.0,8.0
9505-3701,184,11,218.0,13.5,,,
9505-3704,163,0,236.0,29.5,,,
9505-12703,314,195,163.0,5.5,163.0,3.0,0.0
9505-3702,181,200,261.0,15.5,263.0,3.5,2.0
9505-6103,231,26,11.0,9.0,,,
9505-6101,322,56,201.0,1.5,57.0,11.0,144.0
9505-6102,194,188,51.0,6.5,193.0,10.0,142.0
9505-12701,565,392,266.0,0.5,266.0,0.5,0.0
9505-12705,338,339,13.0,7.0,14.0,2.5,1.0
9506-1902,99,75,337.0,7.5,155.0,7.0,178.0
9505-6104,241,267,180.0,7.000000000000002,193.0,4.0,13.0
9506-3704,174,2,32.0,89.5,,,
9506-12705,374,59,326.0,3.0,321.0,7.0,5.0
9506-3703,196,167,334.0,7.0,331.0,2.5,3.0
9505-12704,692,639,113.0,5.5,110.0,2.0,3.0
9506-12702,345,265,202.0,0.5,188.0,2.0,14.0
9506-6101,257,226,351.0,12.999999999999998,355.0,7.5,4.0
9506-6103,269,10,5.0,73.5,,,
9506-12701,559,582,47.0,1.5,48.0,1.5,1.0
9506-12704,417,434,91.0,5.5,89.0,1.5,2.0
9507-1901,103,3,108.0,7.0,,,
9506-6102,327,322,9.0,3.5,12.0,1.5,3.0
9507-1902,75,6,177.0,4.000000000000002,,,
9507-6103,276,9,37.0,35.0,,,
9507-3701,170,57,230.0,1.5,230.0,3.5,0.0
9507-3704,120,148,61.0,8.5,50.0,3.5,11.0
9507-6102,285,265,267.0,12.5,264.0,6.5,3.0
9506-9101,468,455,252.0,1.0,252.0,1.0,0.0
9506-9102,364,380,153.0,2.5,149.0,1.0,4.0
9507-9102,319,170,321.0,2.5,324.0,2.0,3.0
9508-1902,80,75,303.0,8.0,303.0,3.5,0.0
9507-12705,654,352,316.0,2.5,146.0,2.0,170.0
9508-3703,172,184,28.0,12.0,24.0,3.5,4.0
9508-3704,200,200,166.0,2.0,166.0,1.0,0.0
9508-6102,328,5,230.0,39.50000000000001,,,
9508-12703,691,19,155.0,2.0,,,
9508-12701,577,588,54.0,1.0,56.0,0.5,2.0
9508-12702,563,432,41.0,1.0,42.0,0.5,1.0
9508-6101,222,308,2.0,4.5,355.0,2.0,7.0
9508-6104,234,205,353.0,7.500000000000007,353.0,2.5,0.0
9508-12705,509,436,101.0,1.5,103.0,0.5,2.0
9508-6103,249,181,109.0,4.0,111.0,1.0,2.0
9508-12704,436,552,74.0,3.0,76.0,0.5,2.0
9508-9101,278,281,36.0,26.5,228.0,3.5,168.0
9509-1902,101,33,281.0,9.5,,,
9508-9102,397,253,320.0,1.0,322.0,0.5,2.0
9509-1901,97,98,351.0,9.0,352.0,4.0,1.0
9509-3703,83,0,93.0,26.0,,,
9509-12701,260,328,205.0,20.0,205.0,2.0,0.0
9509-3702,192,199,112.0,25.0,123.0,9.0,11.0
9509-6101,156,152,290.0,28.0,288.0,3.5,2.0
9509-3704,190,61,343.0,3.0,72.0,31.5,89.0
9509-12702,388,421,228.0,25.5,217.0,3.5,11.0
9509-9102,221,238,110.0,5.0,107.0,0.5,3.0
9509-9101,301,209,349.0,3.0,344.0,1.5,5.0
9509-12704,417,522,231.0,10.5,37.0,5.5,166.0
9509-6104,297,330,264.0,5.0,259.0,2.0,5.0
9510-1902,93,9,142.0,12.0,,,
9510-3701,110,26,53.0,6.0,,,
9509-12703,687,536,111.0,0.5,113.0,0.5,2.0
9510-12704,386,0,289.0,1.5,,,
9510-12705,501,0,270.0,24.0,,,
9510-3703,136,0,233.0,11.5,,,
9511-1902,92,0,10.0,3.0,,,
9511-1901,90,90,265.0,8.0,269.0,5.0,4.0
9510-12703,421,429,15.0,3.0,13.0,0.5,2.0
9510-6102,223,131,66.0,2.5,68.0,0.5,2.0
9510-9101,302,245,7.0,4.0,9.0,0.5,2.0
9510-12702,386,306,95.0,13.5,92.0,3.0,3.0
9510-12701,682,671,226.0,3.5,223.0,2.0,3.0
9511-3703,186,36,182.0,2.0000000000000036,,,
9511-3701,184,149,119.0,2.5,124.0,1.0,5.0
9511-6101,304,75,171.0,5.0,189.0,0.5,18.0
9511-12701,555,391,124.0,1.5,124.0,0.5,0.0
9511-12702,477,397,206.0,5.5,206.0,2.5,0.0
9511-3704,152,187,210.0,5.0,307.0,8.0,97.0
9512-1902,95,95,186.0,6.5000000000000036,187.0,3.5,1.0
9511-12703,673,604,349.0,7.0,349.0,2.0,0.0
9511-6102,218,87,79.0,3.5,190.0,9.5,111.0
9512-3703,196,132,358.0,14.5,343.0,3.5,15.0
9512-6101,284,31,108.0,12.5,,,
9511-9101,323,279,260.0,1.5,261.0,0.5,1.0
9511-6103,313,310,52.0,5.0,55.0,3.5,3.0
9512-6102,272,71,174.0,3.0,161.0,5.0,13.0
9513-1901,96,82,211.0,5.5,21.0,5.5,170.0
9513-1902,93,95,35.0,20.5,18.0,6.0,17.0
9512-12705,484,493,64.0,13.0,53.0,3.5,11.0
9513-12703,582,11,71.0,23.0,,,
9512-9101,324,317,264.0,2.0,265.0,1.0,1.0
9512-12704,659,632,155.0,9.0,139.0,4.5,16.0
9513-3701,125,42,197.0,7.5,,,
9513-12704,414,404,246.0,6.5,238.0,2.0,8.0
9513-3704,154,1,163.0,6.5,,,
9513-12705,314,322,122.0,5.5,119.0,2.5,3.0
9513-6103,318,61,134.0,3.0,221.0,3.0,87.0
9513-3703,187,187,113.0,2.0,117.0,1.5,4.0
9513-12702,676,668,270.0,1.5,271.0,1.0,1.0
9513-6104,320,143,243.0,3.5,76.0,3.0,167.0
9513-9101,196,305,286.0,4.5,280.0,1.5,6.0
9513-6101,318,314,265.0,12.5,246.0,5.5,19.0
9514-1901,87,87,215.0,1.0,215.0,1.5,0.0
9514-1902,74,105,300.0,89.5,334.0,4.5,34.0
9514-3701,138,32,77.0,19.5,,,
9513-9102,303,132,14.0,8.5,11.0,4.5,3.0
9514-3702,203,202,78.0,5.0,73.0,2.5,5.0
9514-6103,185,27,157.0,89.5,,,
9514-12705,178,218,135.0,6.0,141.0,2.5,6.0
9514-12702,130,239,211.0,14.0,236.0,0.5,25.0
9514-12701,394,411,183.0,3.5,184.0,1.5,1.0
9514-3703,140,72,33.0,26.5,340.0,23.000000000000004,53.0
9514-12703,606,525,150.0,12.0,157.0,4.5,7.0
9514-3704,187,174,214.0,2.0,203.0,1.5,11.0
9514-6102,255,23,82.0,5.5,,,
9514-12704,683,604,107.0,3.0,102.0,2.5,5.0
9862-3702,193,1,152.0,5.0,,,
9862-3701,155,0,358.0,11.500000000000007,,,
9862-12703,291,145,54.0,4.0,207.0,0.5,153.0
9514-9102,489,70,123.0,7.5,306.0,3.5,177.0
9862-6103,321,0,43.0,3.0,,,
9862-12701,271,1,309.0,6.5,,,
9862-3703,135,1,154.0,14.0,,,
9862-6104,325,2,106.0,6.5,,,
9514-9101,437,371,170.0,4.5,173.0,3.0,3.0
9862-12702,282,1,270.0,3.0,,,
9862-6101,259,5,322.0,4.0,,,
9862-9102,270,0,224.0,12.0,,,
9863-1901,94,8,139.0,6.0,,,
9863-3701,116,0,338.0,18.500000000000004,,,
9863-3702,192,0,0.0,3.5000000000000004,,,
9863-3703,195,11,130.0,2.0,,,
9863-12701,327,194,66.0,17.5,210.0,3.0,144.0
9863-12702,574,4,234.0,5.5,,,
9862-9101,464,323,221.0,10.5,227.0,3.5,6.0
9863-12704,574,8,28.0,4.5,,,
9863-6103,304,0,145.0,8.5,,,
9863-12705,389,0,279.0,3.5,,,
9863-6104,325,1,33.0,8.5,,,
9863-6101,325,278,172.0,3.0,176.0,1.5,4.0
9864-1901,69,0,56.0,7.5,,,
9863-9101,284,209,294.0,4.5,295.0,1.5,1.0
9863-9102,426,311,220.0,5.0,224.0,3.0,4.0
9864-6102,173,42,6.0,5.0,,,
9864-3702,186,95,275.0,22.0,175.0,5.0,100.0
9864-12705,366,42,350.0,1.5,,,
9864-3704,188,127,31.0,6.0,33.0,3.0,2.0
9864-12704,363,109,183.0,2.499999999999998,177.0,0.5,6.0
9864-6103,190,63,106.0,5.0,119.0,8.0,13.0
9864-12702,613,0,56.0,42.5,,,
9864-9102,125,69,138.0,89.5,333.0,7.5,165.0
9865-1902,95,46,92.0,21.5,,,
9865-3702,78,137,24.0,19.5,15.0,4.0,9.0
9864-12703,369,317,56.0,4.5,63.0,1.5,7.0
9865-3701,92,145,38.0,29.500000000000007,20.0,4.5,18.0
9865-3703,188,92,205.0,1.5,205.0,2.5,0.0
9865-12703,280,0,235.0,40.5,,,
9865-3704,187,63,356.0,2.5,293.0,8.0,63.0
9864-9101,182,64,27.0,7.5,240.0,8.0,147.0
9865-12701,570,387,111.0,3.5,109.0,2.0,2.0
9865-12704,537,215,232.0,2.5,37.0,5.5,165.0
9865-6104,298,4,339.0,2.0,,,
9865-6103,303,25,69.0,10.0,,,
9865-6101,225,242,106.0,9.0,115.0,3.5,9.0
9866-1901,85,0,188.0,12.0,,,
9866-1902,94,93,348.0,3.5,107.0,2.5,119.0
9866-3703,178,26,256.0,4.5,,,
9866-3701,158,90,31.0,3.0,209.0,2.0,178.0
9865-12702,652,608,193.0,6.5,202.0,3.0,9.0
9866-3704,183,30,295.0,5.0,,,
9865-9102,461,475,346.0,4.5,341.0,1.5,5.0
9866-12702,457,451,132.0,2.0,131.0,1.0,1.0
9866-12705,427,9,196.0,67.0,,,
9866-12701,599,604,1.0,2.5000000000000053,1.0,0.5,0.0
9866-12703,624,375,49.0,3.0,49.0,1.5,0.0
9867-1902,101,4,260.0,2.5,,,
9867-1901,86,23,108.0,20.5,,,
9866-6102,242,184,182.0,3.000000000000004,180.0,1.4999999999999978,2.0
9866-6103,257,308,142.0,25.5,309.0,4.5,167.0
9867-12703,252,268,22.0,28.5,25.0,5.0,3.0
9867-3703,95,174,239.0,9.0,242.0,2.0,3.0
9867-12705,658,10,313.0,39.00000000000001,,,
9867-3704,192,199,134.0,4.5,134.0,2.0,0.0
9867-12701,289,340,236.0,14.5,265.0,3.0,29.0
9867-6103,184,7,353.0,78.5,,,
9867-6101,278,263,205.0,2.0,204.0,1.0,1.0
9867-6102,334,175,281.0,2.5,282.0,1.0,1.0
9868-12701,151,44,12.0,12.500000000000004,,,
9867-12702,591,621,193.0,5.5,189.0,2.5,4.0
9868-1901,95,3,238.0,89.5,,,
9867-6104,324,274,11.0,1.5,11.0,1.0,0.0
9867-9102,315,254,331.0,3.0,338.0,1.0,7.0
9867-12704,683,678,85.0,2.5,82.0,1.0,3.0
9868-1902,75,71,167.0,13.0,171.0,10.000000000000007,4.0
9867-9101,449,487,82.0,3.5,83.0,1.0,1.0
9868-12703,144,73,355.0,14.0,3.0,10.500000000000002,8.0
9868-3702,168,132,48.0,7.5,59.0,6.5,11.0
9868-3701,108,63,258.0,9.5,257.0,14.5,1.0
9868-3703,182,155,249.0,89.5,44.0,3.5,155.0
9868-12705,260,307,220.0,2.0,217.0,1.0,3.0
9868-12704,661,160,30.0,4.0,208.0,0.5,178.0
9868-6101,263,310,71.0,3.0,72.0,1.5,1.0
9868-6104,201,6,315.0,89.5,,,
9868-9101,140,58,268.0,19.0,254.0,11.5,14.0
9868-6102,322,319,334.0,1.5,332.0,1.5,2.0
9868-6103,325,225,225.0,2.0,233.0,2.0,8.0
9869-1901,97,16,297.0,7.5,,,
9869-1902,78,78,278.0,89.5,101.0,6.0,177.0
9869-12704,165,0,159.0,89.5,,,
9869-12701,125,74,255.0,14.5,251.0,9.5,4.0
9869-3701,186,18,54.0,7.0,,,
9869-3702,193,22,93.0,3.0,,,
9868-9102,483,483,185.0,1.5,184.0,0.5,1.0
9869-3704,161,129,16.0,19.500000000000004,342.0,13.5,34.0
9869-12705,239,269,63.0,18.0,55.0,5.0,8.0
9870-1901,99,27,158.0,1.5,,,
9869-6104,250,1,122.0,6.0,,,
9870-1902,71,33,54.0,15.5,,,
9869-6103,268,185,146.0,3.5,147.0,2.5,1.0
9869-12702,415,471,110.0,1.5,109.0,1.0,1.0
9870-3701,188,30,19.0,37.5,,,
9870-3703,163,46,310.0,89.5,,,
9869-12703,681,628,177.0,0.5,177.0,0.5,0.0
9870-3704,153,0,330.0,10.5,,,
9870-12702,279,294,43.0,13.0,69.0,4.5,26.0
9869-9102,470,376,212.0,15.5,226.0,9.0,14.0
9870-12705,282,331,236.0,89.5,44.0,7.0,168.0
9870-6101,286,66,294.0,6.0,287.0,10.5,7.0
9871-1901,94,94,145.0,39.5,147.0,12.5,2.0
9870-12703,522,528,267.0,2.0,268.0,1.0,1.0
9870-6104,276,244,330.0,12.5,0.0,0.5,30.0
9870-6103,327,243,4.0,2.0,4.0,2.0,0.0
9871-1902,98,98,259.0,33.0,244.0,11.0,15.0
9870-9101,472,467,124.0,2.0,124.0,1.0,0.0
9871-3701,154,188,146.0,19.0,152.0,4.5,6.0
9871-3702,168,161,146.0,2.5,149.0,1.5,3.0
9871-6102,169,29,243.0,2.5,,,
9871-12701,595,382,124.0,13.5,192.0,5.5,68.0
9871-3703,165,184,249.0,13.0,262.0,4.5,13.0
9871-6101,321,322,289.0,5.0,295.0,2.0,6.0
9871-12703,590,583,148.0,89.5,133.0,57.00000000000001,15.0
9871-12702,681,681,325.0,0.5,329.0,0.5,4.0
9871-6103,260,275,82.0,6.5,83.0,3.0,1.0
9871-9101,269,311,68.0,8.0,77.0,3.5,9.0
9871-12705,673,655,132.0,2.0,129.0,1.0,3.0
9871-6104,324,299,125.0,2.5,38.0,4.0,87.0
9872-1901,88,88,64.0,11.0,58.0,10.0,6.0
9871-9102,181,1,197.0,5.5,,,
9872-1902,84,51,150.0,8.0,159.0,5.0,9.0
9872-3703,168,0,10.0,7.0,,,
9872-3701,187,186,221.0,15.0,257.0,2.5,36.0
9872-3702,174,177,9.0,89.5,147.0,6.5,138.0
9872-12705,285,195,296.0,3.0,297.0,1.5,1.0
9872-12702,178,190,264.0,14.0,272.0,3.0,8.0
9872-12704,452,389,139.0,57.5,268.0,10.0,129.0
9872-6101,328,321,221.0,4.0,217.0,2.5,4.0
9873-1902,98,1,224.0,4.0,,,
9872-6102,207,244,201.0,16.0,201.0,5.0,0.0
9873-12702,213,54,196.0,14.500000000000005,201.0,22.499999999999996,5.0
9872-6104,248,260,314.0,26.5,139.0,3.0,175.0
9873-12701,232,1,231.0,8.5,,,
9872-12701,655,619,53.0,8.5,55.0,3.0,2.0
9872-9101,465,462,194.0,2.0,192.0,1.0,2.0
9872-9102,471,452,243.0,1.5,245.0,1.0,2.0
9873-3703,165,0,297.0,3.0,,,
9873-3702,145,0,178.0,28.5,,,
9873-3704,132,0,100.0,36.0,,,
9874-1901,93,5,231.0,7.0,,,
9874-1902,96,10,135.0,2.5,,,
9873-6102,197,2,272.0,14.5,,,
9874-12703,200,2,164.0,10.5,,,
9873-12703,445,1,286.0,5.0,,,
9873-6103,318,4,329.0,11.0,,,
9874-12702,109,1,0.0,89.5,,,
9873-12705,503,0,165.0,11.5,,,
9874-3703,181,9,193.0,3.0,,,
9874-12701,146,26,133.0,89.5,,,
9874-12705,488,7,252.0,32.5,,,
9874-3701,189,13,273.0,4.5,,,
9874-3702,187,0,75.0,2.5,,,
9874-3704,184,2,79.0,6.0,,,
9874-6103,121,0,120.0,27.0,,,
9874-6102,106,0,142.0,11.5,,,
9874-6104,171,0,279.0,17.0,,,
9874-6101,314,0,44.0,14.0,,,
9875-1901,97,3,228.0,6.0,,,
9874-9101,423,0,312.0,3.0,,,
9875-1902,102,22,311.0,37.0,,,
9875-12701,233,2,35.0,12.0,,,
9874-9102,459,0,82.0,3.0,,,
9875-12702,129,0,53.0,32.0,,,
9875-12703,259,0,193.0,11.000000000000004,,,
9875-3702,150,4,106.0,8.0,,,
9875-3703,193,2,190.0,3.0,,,
9875-3704,167,0,108.0,23.5,,,
9875-12704,603,399,357.0,1.0,348.0,1.5,9.0
9875-6101,179,200,15.0,2.5,10.0,1.0,5.0
9875-6104,273,17,152.0,8.0,,,
9875-9101,231,3,201.0,9.0,,,
9875-12705,651,6,137.0,3.0,,,
9876-3704,184,4,48.0,8.5,,,
9876-3703,189,163,156.0,14.0,160.0,10.0,4.0
9876-3701,188,49,84.0,18.5,,,
9876-12701,336,3,79.0,20.5,,,
9876-12702,542,7,175.0,2.5,,,
9876-3702,178,187,155.0,22.0,137.0,2.0,18.0
9876-12705,528,488,64.0,13.5,77.0,4.5,13.0
9876-6102,239,0,60.0,5.0,,,
9876-6103,229,4,152.0,11.5,,,
9876-12704,222,0,35.0,23.5,,,
9877-1901,99,4,258.0,5.5,,,
9877-1902,101,0,338.0,24.499999999999996,,,
9876-6101,322,302,271.0,7.5,284.0,5.0,13.0
9877-3701,125,0,33.0,11.5,,,
9876-9102,475,0,210.0,2.0,,,
9877-12703,233,0,9.0,24.5,,,
9877-3702,149,29,31.0,4.0,,,
9877-12702,240,1,136.0,8.0,,,
9876-12703,676,3,98.0,13.0,,,
9877-3703,148,0,178.0,7.4999999999999964,,,
9877-3704,145,0,312.0,10.5,,,
9877-12701,586,1,148.0,2.5,,,
9877-6101,70,81,266.0,10.5,257.0,2.5,9.0
9877-6102,176,5,338.0,4.0,,,
9877-6104,132,0,262.0,18.0,,,
9877-6103,285,4,185.0,5.500000000000005,,,
9878-1901,101,0,325.0,3.0,,,
9877-9101,135,0,217.0,31.5,,,
9878-1902,91,1,286.0,5.0,,,
9877-9102,400,1,225.0,7.0,,,
9878-3701,190,0,29.0,7.5,,,
9878-3704,95,95,183.0,12.5,181.0,3.4999999999999982,2.0
9878-3702,176,192,47.0,4.5,48.0,1.0,1.0
9878-12703,194,223,51.0,28.0,218.0,6.0,167.0
9878-3703,198,189,69.0,1.5,70.0,2.5,1.0
9878-6102,313,6,232.0,89.5,,,
9878-6104,293,6,31.0,7.0,,,
9878-12705,458,384,279.0,2.5,280.0,1.5,1.0
9878-12702,578,560,258.0,3.0,255.0,1.5,3.0
9878-6101,323,322,68.0,1.0,67.0,0.5,1.0
9878-9101,139,137,26.0,20.0,34.0,4.0,8.0
9878-12704,484,382,79.0,4.0,75.0,2.0,4.0
9879-1901,99,2,352.0,10.999999999999998,,,
9878-9102,216,249,43.0,7.0,40.0,3.0,3.0
9879-3702,204,74,172.0,7.0,189.0,28.500000000000007,17.0
9879-3701,85,95,2.0,15.500000000000007,328.0,2.0,34.0
9879-3704,113,148,86.0,6.5,99.0,3.0,13.0
9878-12701,676,676,277.0,4.0,278.0,2.5,1.0
9879-12701,363,131,138.0,4.0,136.0,1.5,2.0
9879-12703,433,365,108.0,3.5,104.0,2.0,4.0
9879-3703,197,197,106.0,7.0,103.0,4.0,3.0
9879-6103,216,0,61.0,9.0,,,
9879-6101,306,270,260.0,8.5,272.0,10.5,12.0
9879-12704,508,480,94.0,3.5,93.0,2.0,1.0
9880-3701,181,3,175.0,8.500000000000007,,,
9879-6102,327,321,246.0,2.5,245.0,1.5,1.0
9880-12702,519,0,239.0,5.5,,,
9880-3702,174,0,219.0,3.5,,,
9880-3704,100,0,241.0,33.0,,,
9880-12703,321,0,161.0,28.999999999999996,,,
9879-12705,639,599,272.0,10.5,281.0,5.0,9.0
9880-3703,181,2,81.0,5.0,,,
9880-12705,403,111,283.0,1.5,288.0,0.5,5.0
9880-12704,584,3,5.0,3.5,,,
9880-6102,272,0,276.0,4.5,,,
9880-6104,206,0,244.0,13.0,,,
9880-9101,139,0,274.0,89.5,,,
9880-6101,279,0,303.0,8.0,,,
9880-6103,303,37,58.0,2.5,,,
9880-9102,296,0,255.0,20.0,,,
9881-1901,94,77,290.0,5.5,296.0,5.0,6.0
9881-1902,91,80,264.0,17.5,9.0,8.0,105.0
9881-3703,189,137,125.0,2.5,292.0,3.0,167.0
9881-3704,188,32,266.0,3.0,,,
9881-3702,184,184,297.0,3.0,297.0,3.0,0.0
9881-12703,678,75,86.0,0.5,83.0,2.0,3.0
9881-12702,443,421,285.0,3.0,286.0,0.5,1.0
9881-6101,318,223,181.0,2.9999999999999996,182.0,1.999999999999998,1.0
9881-6103,305,138,337.0,11.5,338.0,0.5,1.0
9881-12701,630,641,171.0,3.0,170.0,2.0,1.0
9881-9102,370,400,46.0,9.0,69.0,2.5,23.0
9882-1902,96,1,104.0,3.0,,,
9881-12705,676,638,47.0,2.0,49.0,1.5,2.0
9881-12704,665,554,66.0,3.0,68.0,3.5,2.0
9882-12703,432,302,74.0,1.5,75.0,1.5,1.0
9882-3702,184,63,131.0,13.0,4.0,0.5,127.0
9882-3703,186,113,63.0,4.0,67.0,3.5,4.0
9882-3701,190,183,226.0,1.5,231.0,3.0,5.0
9882-12701,608,533,71.0,3.0,75.0,2.0,4.0
9882-3704,187,154,186.0,2.5,334.0,2.5,148.0
9882-6101,183,126,143.0,9.5,137.0,8.0,6.0
9882-12702,637,619,169.0,2.5,166.0,1.0,3.0
9882-12704,514,513,89.0,6.5,91.0,3.5,2.0
9882-6104,318,115,181.0,4.5,157.0,5.5,24.0
9883-1901,86,51,243.0,21.5,117.0,18.5,126.0
9883-1902,71,88,195.0,12.0,196.0,4.0,1.0
9882-12705,652,590,43.0,1.5,43.0,1.0,0.0
9882-9102,441,78,147.0,7.5,4.0,3.5,143.0
9882-9101,476,311,131.0,6.0,324.0,1.0,167.0
9883-3701,184,184,182.0,3.999999999999998,173.0,2.0,9.0
9883-3702,154,1,71.0,5.5,,,
9883-3703,190,26,291.0,4.0,,,
9883-3704,139,109,50.0,12.0,55.0,6.0,5.0
9883-12703,336,320,291.0,1.0,289.0,1.0,2.0
9883-6101,315,19,31.0,9.0,,,
9883-6102,80,79,182.0,32.0,162.0,4.0,20.0
9883-6103,308,4,102.0,3.0,,,
9883-12702,676,214,305.0,4.0,190.0,2.5,115.0
9883-6104,318,6,235.0,8.5,,,
9883-12701,539,415,351.0,7.0,336.0,1.5,15.0
9883-12705,436,491,214.0,25.5,57.0,5.0,157.0
9884-3702,174,15,315.0,25.0,,,
9884-3703,182,1,224.0,11.0,,,
9884-3701,195,104,346.0,2.0,291.0,2.0,55.0
9884-3704,196,164,322.0,2.0,330.0,0.5,8.0
9884-6102,167,1,107.0,5.5,,,
9884-12701,361,196,66.0,2.0,69.0,0.5,3.0
9883-9102,475,484,191.0,3.0,191.0,1.5,0.0
9884-12705,243,223,89.0,2.5,95.0,1.5,6.0
9884-6101,327,327,310.0,0.5,283.0,0.5,27.0
9884-6103,264,229,44.0,3.0,41.0,1.0,3.0
9884-6104,217,178,39.0,2.0,37.0,1.0,2.0
9884-9102,103,16,348.0,3.0,,,
9884-12702,679,527,19.0,1.0,22.0,1.0,3.0
9884-9101,284,313,28.0,3.5,20.0,0.5,8.0
9885-1901,94,97,351.0,10.500000000000005,70.0,5.5,79.0
9885-1902,92,0,228.0,4.5,,,
9885-3701,193,0,153.0,5.0,,,
9885-12703,691,19,156.0,50.5,,,
9885-3702,145,83,230.0,7.5,228.0,4.0,2.0
9885-12702,196,168,132.0,7.5,120.0,3.5,12.0
9885-12701,148,156,347.0,11.500000000000005,346.0,3.5,1.0
9885-3703,190,121,35.0,2.0,32.0,2.5,3.0
9885-3704,189,121,82.0,3.0,78.0,3.0,4.0
9885-12704,192,118,15.0,21.0,32.0,13.0,17.0
9885-6101,156,175,116.0,11.5,129.0,2.0,13.0
9885-6102,315,3,157.0,16.5,,,
9885-12705,442,392,51.0,1.0,50.0,1.0,1.0
9885-6103,212,218,50.0,8.5,224.0,3.0,174.0
9885-6104,299,197,207.0,1.5,210.0,1.5,3.0
9886-1901,95,59,179.0,3.5000000000000004,163.0,2.0,16.0
9885-9102,238,297,273.0,9.0,265.0,2.0,8.0
9886-12702,286,152,59.0,10.0,84.0,0.5,25.0
9885-9101,350,354,19.0,13.5,18.0,3.5,1.0
9886-1902,94,94,44.0,3.5,45.0,2.5,1.0
9886-3701,193,125,237.0,89.5,317.0,42.0,80.0
9886-6104,116,95,70.0,7.0,65.0,2.0,5.0
9886-3704,190,190,92.0,3.0,94.0,2.0,2.0
9886-12701,664,621,92.0,2.5,89.0,1.0,3.0
9886-12704,417,386,359.0,9.000000000000009,13.0,4.5,14.0
9886-6102,173,199,89.0,20.0,333.0,26.5,116.0
9886-12703,687,632,257.0,3.5,254.0,2.0,3.0
9887-12701,348,308,105.0,2.5,101.0,1.5,4.0
9887-1902,106,23,205.0,7.0,,,
9886-9101,452,436,49.0,8.0,50.0,3.5,1.0
9886-12705,684,684,145.0,2.0,140.0,1.0,5.0
9887-12704,420,4,352.0,2.0,,,
9887-12702,527,0,158.0,89.5,,,
9887-3701,195,195,91.0,3.5,92.0,1.5,1.0
9887-3702,193,105,184.0,1.5,188.0,2.0,4.0
9887-3704,197,103,167.0,20.0,165.0,21.0,2.0
9887-12705,455,369,50.0,2.5,53.0,0.5,3.0
9887-12703,555,7,331.0,44.5,,,
9887-6101,289,4,149.0,22.5,,,
9887-3703,198,196,193.0,1.5,195.0,0.5,2.0
9887-6102,333,2,94.0,17.0,,,
9888-1901,103,6,137.0,7.0,,,
9887-6103,182,138,318.0,13.0,138.0,9.0,180.0
9888-3704,172,2,264.0,5.5,,,
9887-6104,328,247,15.0,9.5,43.0,5.5,28.0
9888-3701,190,189,327.0,1.5,330.0,1.5,3.0
9888-6101,322,2,213.0,5.5,,,
9888-6103,278,22,226.0,16.5,,,
9888-6104,237,9,0.0,27.5,,,
9888-12702,468,360,143.0,4.5,146.0,2.0,3.0
9889-1901,87,96,199.0,17.5,195.0,3.5,4.0
9888-12705,686,668,286.0,2.0,286.0,0.5,0.0
9888-12704,682,681,19.0,2.5,16.0,1.0,3.0
9888-12701,691,651,264.0,0.5,271.0,1.0,7.0
9889-3704,183,62,17.0,2.0,43.0,3.0,26.0
9889-12701,309,222,188.0,1.5,189.0,1.0,1.0
9888-9101,402,338,312.0,3.5,310.0,0.5,2.0
9889-6101,149,139,147.0,15.0,166.0,7.0,19.0
9889-1902,96,96,119.0,5.5,118.0,2.0,1.0
9889-12702,405,251,50.0,2.0,208.0,0.5,158.0
9889-12703,382,0,308.0,43.5,,,
9889-12704,255,214,14.0,4.5,8.0,2.5,6.0
9889-9102,390,9,249.0,10.0,,,
9889-9101,453,4,126.0,2.5,,,
9890-12701,340,278,237.0,1.5,237.0,0.5,0.0
9889-6104,131,0,48.0,35.5,,,
9890-1902,95,95,115.0,12.0,115.0,5.5,0.0
9890-3702,190,6,19.0,3.0,,,
9889-6102,216,282,145.0,32.5,147.0,4.5,2.0
9890-1901,97,97,269.0,6.0,122.0,8.0,147.0
9890-3704,99,17,249.0,2.0,,,
9890-12702,660,632,318.0,1.5,318.0,0.5,0.0
9890-3703,184,4,84.0,6.5,,,
9890-6103,192,2,283.0,0.5,,,
9890-6104,316,3,176.0,3.0,,,
9890-9101,295,96,185.0,2.5,189.0,3.0,4.0
9891-12701,142,4,41.0,89.5,,,
9890-12704,333,289,161.0,2.0,162.0,1.0,1.0
9890-12703,587,0,348.0,13.5,,,
9891-12702,229,4,74.0,1.0,,,
9890-12705,295,362,12.0,9.0,32.0,2.5,20.0
9890-6102,312,309,70.0,3.0,73.0,1.0,3.0
9891-1902,96,96,109.0,2.0,108.0,1.0,1.0
9891-3701,191,1,105.0,26.0,,,
9891-3704,142,34,31.0,3.5,,,
9890-9102,467,8,299.0,73.0,,,
9891-3702,188,180,248.0,0.5,256.0,3.0,8.0
9891-6102,153,114,339.0,11.0,349.0,5.0,10.0
9891-12705,254,1,335.0,52.50000000000001,,,
9891-6104,216,12,214.0,10.0,,,
9891-9101,282,1,113.0,71.0,,,
9891-9102,368,4,165.0,2.0,,,
9891-6101,311,182,186.0,2.0,188.0,1.0,2.0
9891-12704,356,163,306.0,2.5,292.0,9.5,14.0
9892-1901,93,2,357.0,5.000000000000008,,,
9892-3703,173,92,340.0,4.0,339.0,5.0,1.0
9892-6101,317,1,15.0,14.5,,,
9892-12701,243,238,140.0,6.5,143.0,3.5,3.0
9892-6104,270,43,110.0,3.0,,,
9892-12702,385,131,355.0,16.000000000000004,17.0,2.0,22.0
9892-6102,320,320,313.0,5.0,51.0,1.0,98.0
9892-9101,312,259,105.0,5.0,110.0,3.0,5.0
9892-12705,300,336,336.0,3.5,325.0,2.0,11.0
9892-9102,223,202,27.0,21.500000000000004,341.0,6.5,46.0
9892-12704,521,442,208.0,4.0,202.0,2.0,6.0
9892-12703,516,484,61.0,3.5,63.0,1.5,2.0
9893-1902,97,5,154.0,10.5,,,
9893-3701,176,106,120.0,6.0,122.0,5.0,2.0
9893-3704,204,161,109.0,3.0,110.0,3.0,1.0
9893-3703,198,68,245.0,1.5,60.0,5.0,175.0
9893-6102,125,67,268.0,7.0,284.0,4.0,16.0
9893-12704,207,205,108.0,11.5,124.0,6.5,16.0
9893-12702,323,392,177.0,6.999999999999997,174.0,2.0,3.0
9893-6104,182,151,220.0,15.5,227.0,6.0,7.0
9893-6103,326,182,295.0,2.0,300.0,1.5,5.0
9893-9101,470,0,339.0,14.0,,,
9893-12701,472,543,65.0,3.5,64.0,1.5,1.0
9893-9102,182,103,231.0,8.5,229.0,3.0,2.0
9894-1902,102,105,251.0,13.5,231.0,6.5,20.0
9893-12703,511,452,204.0,1.5,204.0,0.5,0.0
9894-3701,193,130,206.0,2.5,204.0,3.0,2.0
9894-3703,193,193,326.0,3.5,329.0,3.0,3.0
9894-3704,178,90,257.0,5.5,219.0,6.0,38.0
9894-12702,293,295,6.0,3.0,2.0,1.0,4.0
9894-12705,413,406,86.0,4.0,83.0,2.5,3.0
9894-6101,215,215,158.0,3.0,156.0,1.0,2.0
9894-9101,186,1,47.0,37.5,,,
9894-6103,258,293,159.0,18.0,183.0,3.999999999999998,24.0
9894-12703,353,524,65.0,5.5,248.0,1.5,177.0
9894-6104,330,339,114.0,3.0,115.0,1.5,1.0
9894-9102,195,399,223.0,8.0,240.0,0.5,17.0
9894-12704,611,559,347.0,2.0,346.0,1.5,1.0
9894-12701,664,658,79.0,29.5,88.0,5.5,9.0
