plateifu,mangaid,mngtarg1,drp3qual,z,logMstar,ba,phi,Re_arcsec,sersic_n,dapdone,dapqual,adist_mpc,inc,kpc_per_arcsec,n_star,n_gas,pa_star,e_pa_star,pa_gas,e_pa_gas,dpa,merger,ttype,sig1re,group,Re_kpc,med_eg,gas_resid,D_lo_0.5,D_mid_0.5,D_hi_0.5,D_lo_1.0,D_mid_1.0,D_hi_1.0,D_lo_1.5,D_mid_1.5,D_hi_1.5,Vs_1,Vc_star,log_sig1re,twist,resid_ratio,disturb
10218-1902,1-382697,4224,0,0.0364051,10.243181962438763,0.614132,19.9269,3.07868,5.11867,True,0,104.43698120117188,53.656373036406436,0.5063247730010754,98,75,158.0,3.5,341.0,2.5,177.0,False,-1.6885102987289429,145.90621948242188,CR,1.5588119521429507,5.024247890539527,11.065324682020966,,,,40.57478784043252,-1.0085206282466512,-42.59182909692578,14.482930538608501,-9.633009228017182,-33.74894899464291,124.44902011934387,217.59223381499896,2.1640738047743717,3.0,2.2023843017094284,0.2943106704438149
10220-1901,1-153127,1552,0,0.0175908,9.492831601897251,0.800838,24.8678,2.45927,4.00794,True,0,51.61838150024414,37.67852216068149,0.25025297548049735,103,100,145.0,16.5,329.0,3.0,176.0,False,-1.6164711713790894,109.27394104003906,CR,0.6154396350099227,4.29031466291212,6.473199921737253,,,,126.72393386170023,91.10206827973144,55.48020269776268,107.56524177650779,70.09270216709075,32.620162557673666,47.6959829309689,129.3422892240122,2.038516606489112,5.0,1.5087937436606256,0.25056263770853004
10495-6101,1-548290,1040,0,0.0520024,10.805005793024174,0.845295,26.3664,6.79471,6.0,True,0,146.44061279296875,33.046365372749115,0.7099641255209539,326,120,110.0,1.5,274.0,0.5,164.0,False,-0.9645308256149292,182.4074249267578,CR,4.824000343318481,8.192469288322517,68.24505400934589,74.60082244845272,73.90815127519683,70.8954376956155,-129.93699199866518,-79.30993579659693,-28.682879594528618,416.2637312461564,412.69744071215746,409.1311501781585,349.7584361344988,393.250663007259,2.2610425123865285,25.0,8.330217863205403,0.8462976078061064
10510-3704,1-189376,1552,0,0.01941,9.562159581042156,0.844699,7.70407,4.09955,2.7579,True,0,56.831443786621094,33.112088768756806,0.27552661464961437,179,177,167.0,10.5,343.0,3.5,176.0,False,1.583787441253662,60.26576614379883,CR,1.1295351330868266,2.7450084661106926,4.686963571103082,148.70920866557236,248.79779084275873,318.10013940558696,65.47297393500888,48.760264793091565,32.047555651174285,37.99745846221153,24.99288191805269,11.988305373893857,59.25910867571445,92.26369831162914,1.7800706820109276,4.0,1.7074495867562398,0.25755429650613787
10511-3704,1-76425,1040,0,0.028474,10.29074893910876,0.784298,140.037,7.75593,4.96522,True,0,82.46465301513672,39.28491028231506,0.3997999198968903,184,109,42.0,5.0,232.0,1.0,170.0,False,3.2141761779785156,137.42044067382812,CR,3.1008201927258883,6.679396484220032,26.056784331865856,138.0987684519313,106.0606932730615,71.10771086693146,116.35769344554389,86.93792301259134,73.8859673082232,,,,120.76652408476815,195.02325202445942,2.1380513368835756,,3.901068665922826,
10517-6101,1-78715,2080,0,0.0542183,10.340378668274829,0.683101,69.5691,2.46504,6.0,True,1,152.28126525878906,48.19206872482157,0.7382804077413122,141,172,294.0,4.0,116.0,3.0,178.0,False,-0.38726601004600525,222.53778076171875,CR,1.8198907362986443,12.389217272260748,26.062983912739497,,,,-9.96626018139288,-46.85912266168213,-83.75198514197142,-68.80891585243104,-81.83510376202497,-94.8612916716189,193.8314313273815,343.94384402232834,2.3474037527706466,1.0,2.1036828509815617,0.1828257790368272
10517-9102,1-78858,1040,0,0.0230007,9.877922216272186,0.715064,141.713,6.96047,3.95591,True,0,67.05350494384766,45.518285064888204,0.3250845656312325,480,197,217.0,3.5,43.0,3.5,174.0,False,0.12809810042381287,75.755126953125,CR,2.262741366539225,5.127939274176048,17.31282520220551,40.41014356268756,23.392607359475086,4.506026253484258,-40.91259433024102,-45.7906499113478,-44.59784101461265,-51.22938273304182,-49.49387095609629,-47.758359179150766,121.34389454679966,138.8393398545653,1.8794120303374229,38.0,3.376175940575528,0.72626298394712
11012-6104,1-245301,4288,0,0.039540492,10.430371877942077,0.58037686,179.17375,5.7637296,5.381576,True,0,113.0078125,56.216070611838475,0.5478773357226123,312,216,180.0,9.500000000000004,6.0,0.5,174.0,False,-0.43067821860313416,168.0951690673828,CR,3.1578168170735577,7.9827447606805,36.08853658674228,84.29115411894479,80.95852839729551,17.904400291148267,168.09351070220336,99.56580578940745,31.038100876611512,124.82169425146832,17.456613389767394,-89.90846747193359,66.84013224051459,197.42872078870306,2.2255552323120114,0.0,4.520818048010076,0.3981232294617564
11017-3704,1-319646,4288,0,0.02890861,9.958698068562569,0.46455252,90.770134,4.087705,2.6695607,True,0,83.67964935302734,64.66297014008688,0.4056903883679639,140,151,269.0,4.0,92.0,2.0,177.0,False,1.3928718566894531,118.74398803710938,CR,1.6583426289836678,5.32241744756596,18.567599926211294,40.993129431024194,22.24269707363885,-9.766842634770903,13.885379982395829,-6.899448116579288,-27.684276215554412,7.017552473235023,-3.1156894298028828,-13.248931332840828,127.16548489199799,188.74493764665115,2.074611630689294,3.0,3.4885651321285596,0.4595884482215927
11020-1901,1-244115,1168,0,0.025058512,9.826533467077875,0.47738665,106.791794,3.537801,2.4866,True,0,72.8716812133789,63.74221465582173,0.3532918801769884,95,81,260.0,15.0,73.0,2.0,173.0,False,0.016951829195022583,133.68263244628906,CR,1.2498763669820299,2.8970166057129445,12.522198162054544,,,,133.67051741776473,53.66530928399935,-35.92630154016232,79.33543036365717,-1.6789399740419164,-82.69331031174106,45.83772355472325,150.24323323974804,2.1260749889921633,1.0,4.322446111410148,0.41893689014793833
11020-3703,1-244629,1168,0,0.03741112,10.482975530843387,0.43340355,77.600174,4.4791923,5.0160856,True,0,107.19407653808594,66.89443040025022,0.5196915483956679,159,71,283.0,2.0,113.0,2.0,170.0,False,3.954944133758545,144.63282775878906,CR,2.327798381948953,9.553176145078814,52.454087725559745,4.434356602935164,-59.54666481337232,-108.44137725728586,-33.316816915122274,-26.408593290200926,-19.50036966527958,25.57070593275715,26.75961762557351,27.948529318389845,150.382043755464,216.96738223224813,2.160266877304328,13.0,5.490748514312775,0.7472379603399433
11750-3703,1-283580,1168,0,0.023385841,9.577346826987402,0.370143,37.095688,4.8529634,1.2184758,True,0,68.1446533203125,71.46523005399605,0.33037460224153864,152,81,327.0,7.0,143.0,3.5,176.0,False,3.866008758544922,57.02035140991211,CR,1.603295852967745,5.374032787711269,17.515115052340207,22.822268012068356,10.908044423996188,0.596768123837201,19.582086272000495,17.305421827882224,16.05658727724022,15.073153465400527,18.373324260087365,21.67349505477422,96.00763353708832,116.71053265653198,1.7560298894889697,38.0,3.25921254004847,0.7068185395026755
11758-6101,1-319587,1040,0,0.03048668,10.486966887255438,0.842698,76.90947,7.3769364,6.0,True,0,88.08055877685547,33.33192729283292,0.42702659934792153,319,295,316.0,2.0,139.0,4.5,177.0,False,0.6390584707260132,139.54563903808594,CR,3.1501480644978987,4.939346285761954,23.851701183821756,-195.69813210766887,-200.3724961484494,-219.32010056991763,-185.84641677930713,-222.5298350974653,-259.21325341562346,47.57352604113454,13.11099087259214,-21.351544295950244,230.35150315550942,274.69118994174875,2.1447162688340464,68.0,4.828918606613211,0.8695192005036199
11759-1902,1-225,4288,4096,0.026602052,9.608643683632732,0.4516902,4.4235535,3.6276271,2.997066,True,0,77.21681213378906,65.5845376239682,0.3743576693412576,90,52,356.0,6.500000000000005,169.0,7.5,173.0,False,1.8931396007537842,68.87789154052734,CR,1.3580300263951852,4.8772025350697845,9.990050706956064,,,,5.497202576863998,-9.2772485431599,-22.277242995247256,-4.768976535485876,-11.681466880054362,-18.593957224622873,79.8948730436985,104.3734724039158,1.8380798442189792,28.0,2.048315737376513,0.5144633301857098
11838-3704,1-586725,1040,4096,0.0234129,10.056067837910957,0.6219516,173.65297,3.7882662,2.737856,True,0,68.22127532958984,53.05404863737036,0.3307460762252562,184,180,0.0,8.499999999999996,187.0,1.0,173.0,False,-1.2185747623443604,139.71253967285156,CR,1.2529541813467615,1.8438801825867746,6.389950175185272,120.49951725906448,123.59820615115932,46.20883902120943,157.19077786037766,86.29331221900806,11.221826160026755,97.19303351231751,20.600398897880964,-55.99223571655559,51.3781789738486,149.69636949561215,2.145235387261802,2.0,3.465490998564141,0.41431775259678943
11942-3702,1-135190,4288,0,0.03049852,10.15424973342847,0.6792144,69.40367,5.108996,3.648158,True,0,88.11351013183594,48.51025345617378,0.4271863520249778,185,162,293.0,4.0,108.0,2.0,175.0,False,-1.1330783367156982,105.08323669433594,CR,2.1824933637502038,3.5207740767970863,11.632445598145889,66.41006534105728,48.813480843619004,16.66672147428984,44.49417704115854,19.733187410693148,-5.027802219772215,25.877540171397175,12.150744603329352,-1.576050964738484,120.08526205370535,173.87594206341967,2.0215334411300314,2.0,3.303945480287148,0.38098441926345605
11946-3701,1-211561,4672,0,0.03047918,9.947504105221379,0.561535,61.955704,3.8572702,3.8185256,True,0,88.05967712402344,57.6200807096603,0.42692536223815,172,137,299.0,6.5,118.0,3.0,179.0,False,0.32775503396987915,102.95263671875,CR,1.6467664773854211,6.884423215975553,8.931435121760568,62.10099918566819,-6.545422909211429,-57.903387617700105,2.729915409016107,-9.679251770064191,-22.08841894914447,-19.863943929907734,-18.685914091061775,-17.507884252215806,91.34688281349923,155.14902804628952,2.012637473807276,3.0,1.2973396378413882,0.16514400377714827
11974-3704,1-337237,2080,4096,0.039766036,9.598427790551476,0.83241284,174.61884,2.4972968,4.150327,True,0,113.62186431884766,34.44279200941583,0.5508543429494878,150,112,349.0,8.5,156.0,3.5,167.0,False,-0.16930635273456573,53.90144729614258,CR,1.3756467879138583,4.611147820326603,2.8972195098821176,,,,-26.849191210563845,-42.72530703354235,-56.82800508628457,-41.78559186550139,-44.188130244521446,-46.590668623541504,58.59526189580634,92.64727229775298,1.7316004264908158,12.0,0.6283076628146157,0.31436496694995275
12071-1901,1-551121,4288,4096,0.0421037,10.443503512159518,0.8669529,52.552643,3.6986763,4.002168,True,0,119.966552734375,30.575096155184642,0.5816142604117361,93,93,311.0,3.5,139.0,2.5,172.0,False,1.8040803670883179,142.04051208496094,CR,2.151202880726917,3.8523877146339367,22.560150493295858,-57.68573099415499,-39.01472544899994,-4.903561367004636,-138.9585988433596,-111.33173109126747,-83.70486333917535,7.284721482340613,32.13570287371187,56.98668426508312,191.06659683498577,243.1727770415729,2.1524122293524157,123.0,5.85614745047529,0.9234183191690274
12075-12705,1-34036,1168,4096,0.020970145,9.516879196346682,0.59190387,158.36078,3.4808457,4.5206475,True,0,61.283843994140625,55.34884415227046,0.29711245999341845,306,138,209.0,12.5,23.0,5.5,174.0,False,0.660550594329834,58.54777908325195,CR,1.0342026287845127,6.596632187375279,4.617640878176581,35.401814026659835,107.05981447718463,161.67236846021174,52.7027605941621,57.7336484626736,62.7645363311851,18.234124736223137,16.33514679414747,14.436168852071798,41.221148204039736,84.63659908931027,1.7675104254513845,3.0,0.6999997494196937,0.14292178155492605
12089-3703,1-118369,2080,4098,0.04199946,9.799222488031425,0.5817635,53.50135,2.7393498,1.7939717,True,0,119.68439483642578,56.11209741723172,0.5802463203201472,118,123,127.0,5.5,313.0,6.0,174.0,False,3.0140440464019775,77.64849090576172,CR,1.589497641519731,6.462526412417871,15.846885893825094,,,,-85.35512900162358,-78.20521617100677,-71.05530334038997,-43.320644344550985,-33.62296872895009,-23.925293113349216,100.97879355453267,138.00615868674214,1.8901330196567336,42.0,2.4521193233926275,0.6313581995593327
12484-1901,1-409368,4240,4160,0.02615431,9.659281495497142,0.45237347,114.352104,3.694008,2.888184,True,0,75.95806884765625,65.53559849628847,0.36825510968003794,92,84,255.0,9.0,85.0,7.5,170.0,False,4.313611030578613,73.35163879394531,CR,1.3603373211989376,2.8242649452854867,16.887726800486597,,,,-28.150896971896373,-42.33168636765931,-56.51247576342223,-38.016670614832464,-39.1222651847795,-40.22785975472653,77.5639508630597,113.93739236554437,1.8654098211270436,14.0,5.979512236866122,0.7689172175007869
12512-9102,1-92,4096,4096,0.021608172,10.287713003907113,0.5679686,59.413742,7.8177795,2.9625907,True,0,63.09981155395508,57.14245510661523,0.3059165191679099,473,246,127.0,1.5,284.0,3.0,157.0,False,0.5079051852226257,132.70687866210938,CR,2.391587892262243,7.997679063990597,37.50917648321533,21.654020984115586,-12.837198427531092,-44.27610809615417,-121.49381600204372,-125.53864896883901,-129.58348193563432,-184.4133183039023,-187.91946065520304,-191.4256030065038,170.67854859597915,219.08176876725275,2.1228934344512695,69.0,4.69000771137463,0.8654076172489771
12518-1901,1-2668,4672,4096,0.028495844,9.435650577746395,0.5138447,134.71896,3.1952655,2.110517,True,0,82.5257568359375,61.11290989006556,0.4000961595798131,71,76,25.0,18.5,180.0,0.5,155.0,False,0.6418249607086182,60.6104621887207,CR,1.2784134553878712,5.918086293656463,14.44344629156493,,,,-34.32952352042656,-23.121608946607218,-35.09569820312947,-12.860121116019025,-24.27200053312908,-35.68387995023914,58.35490876991859,74.02442788039622,1.7825475957613,171.0,2.440560271492951,0.6916115832546428
12624-3701,1-415754,2336,4098,0.043922607,9.692226042406052,0.56811094,27.931915,4.847346,0.5,True,0,124.87861633300781,57.13186772200284,0.6054286167627094,114,81,68.0,4.0,261.0,4.0,167.0,False,-0.28200361132621765,75.72970581054688,CR,2.9347219837502525,4.996881200001365,14.13305612142922,29.810391579738084,11.08161982689957,-8.302406700619112,-16.37345563279423,-28.949608381139765,-39.12616610173038,-56.13480492062599,-53.8192145953072,-51.503624269988414,103.21611458168074,130.60381247453492,1.8792662697111269,140.0,2.82837545175686,0.727640069247718
7957-6102,1-561039,1168,0,0.0256566,9.969858369034851,0.375966,36.334,5.6189,1.21981,True,0,74.5572509765625,71.03923801600796,0.3614637529935481,213,135,326.0,4.0,143.0,1.5,177.0,False,3.7531001567840576,79.07083129882812,CR,2.0310286816954473,5.1457783863490745,18.521865653298875,49.164499317148945,33.0946243103726,8.748204531036949,37.71706988200929,27.664706587833006,18.197156999454414,7.815664874675015,-0.13709719792805777,-8.089859270531116,120.58176881081113,147.35179958911144,1.8980163047086696,55.0,3.5994293307372924,0.7837858042178155
7960-3703,1-547295,2080,0,0.0405781,9.533583967386882,0.714246,125.614,2.98015,5.552,True,1,115.8299560546875,45.588078120728305,0.5615594737762883,127,86,245.0,19.0,54.0,5.5,169.0,False,1.5184046030044556,76.47321319580078,CR,1.6735314657744058,5.337754567638023,6.660018551874037,,,,13.370406044142019,-5.060298450938577,-15.641178039897099,-45.180167317336625,-35.277509806135825,-25.374852294935028,61.81255964236995,104.91416231909555,1.8835093384416848,4.0,1.247719142474758,0.19644318539502675
7972-3704,1-113405,2080,2,0.0424723,9.790449840925927,0.591441,28.8634,2.43736,3.80674,True,0,120.96371459960938,55.3837982067659,0.5864486375571993,115,90,157.0,13.0,328.0,3.5,171.0,False,1.614134430885315,80.49888610839844,CR,1.4293864512364154,3.8866627748009868,6.206587550824185,,,,74.99361833229811,54.62583975260699,34.25806117291587,46.360084843662094,26.480788962549962,6.601493081437836,47.75594070854777,104.62826605941433,1.9057898709228631,1.0,1.5968937647650658,0.10504800125904942
7977-3701,1-115097,4288,0,0.0274473,9.909029957699211,0.528689,59.06,4.65282,2.69354,True,0,79.5893325805664,60.033638425710784,0.38585997305435527,183,95,301.0,6.0,112.0,5.0,171.0,False,-0.8561398386955261,111.58621215820312,CR,1.7953369998267654,5.849019428736902,29.270221378799665,97.66423799234897,68.0661904651552,12.193788290201006,68.15396298908497,26.888259350353373,-14.377444288378216,59.9225482410579,41.65117959612266,23.379810951187405,55.751154538525704,145.80704566578038,2.047610535519671,59.0,5.0042954610462935,0.864423984891407
7980-1902,1-115650,1552,2,0.0268433,10.135612814169132,0.797075,102.31,3.34116,6.0,True,0,77.89446258544922,38.04882595099017,0.3776430114410066,92,59,81.0,4.5,250.0,6.0,169.0,False,-0.9951125383377075,104.7045669555664,CR,1.2617657241062334,6.464630290971668,11.900568372580882,5.676779548935228,-48.749213044197994,-42.94223284602501,-103.48617241706378,-112.8083593796581,-118.20687794376681,-118.00839394072106,-56.03039218995734,5.947609560806386,132.38308030194742,182.77011074776888,2.0199656249486164,7.0,1.8408737757518634,0.3520971041863393
7992-3701,1-22347,2080,0,0.0437936,9.955318707771447,0.867903,157.323,2.35543,2.42972,True,0,124.53093719482422,30.462659832580275,0.6037430207344315,160,67,26.0,5.5,230.0,14.5,156.0,False,-1.2122892141342163,101.22352600097656,CR,1.422074423328502,10.458174218631964,24.911954586767788,,,,248.31899346847737,309.33606771549523,370.3531419625132,71.01421343160163,66.40152981917755,61.78884620675351,90.63278691170117,158.9125496952129,2.0052814613673164,85.0,2.382055803046904,0.6705028328611897
7993-9101,1-41752,2080,0,0.0649659,10.551265749718677,0.708461,111.899,4.23408,6.0,True,0,180.1737823486328,46.07950569949086,0.87350714659869,335,166,60.0,5.0,255.0,1.0,165.0,False,0.8354498147964478,172.2135467529297,CR,3.698499139270581,7.725113254272009,19.53053978669127,198.87126431491535,145.7851820006576,64.85536202757613,131.07153922190514,89.83536540785619,48.599191593807234,9.179132068892219,-33.854052314121546,-76.88723669713531,95.22446890338414,212.5696847160837,2.236067311163177,6.0,2.528188149978362,0.4462110481586402
8075-3704,1-119687,2080,4096,0.0399585,9.78454312106777,0.765275,152.455,3.05018,1.21671,True,0,114.14558410644531,41.069735958937144,0.5533934081304389,169,52,204.0,6.5,45.0,1.5,159.0,False,0.34706559777259827,53.585777282714844,CR,1.6879495056113023,5.19863569493308,14.949367998599975,,,,-14.021140502143306,-28.2126983201664,-25.637492180605065,-22.48008091888245,-36.74309147852681,4.017047440704883,97.10798663871641,110.837726334717,1.7290495347060086,22.0,2.875632930611117,0.6091753226314133
8093-3704,1-40992,1040,4096,0.0236139,10.153253728763753,0.676102,168.699,3.87641,3.47934,True,0,68.790283203125,48.764057515038026,0.3335047042427451,199,83,24.0,4.5,193.0,4.5,169.0,False,-0.3821566104888916,176.83238220214844,CR,1.2928009705736194,10.888391931953535,49.832804702022145,90.49467616420645,32.51389307835447,-43.68813701317366,98.97081576790232,69.07518760781304,39.179559447723804,-8.461474344068932,-28.67693449441127,-48.89239464475361,96.52292325420449,231.81231304081504,2.247561797577248,51.0,4.576690939621735,0.8364534151715455
8146-1902,1-201364,4288,0,0.0277225,9.638564128859297,0.686904,3.00069,3.25005,1.98051,True,0,80.36074829101562,47.879356450553324,0.38959990195684135,93,90,179.0,5.500000000000001,355.0,4.500000000000004,176.0,False,0.1905198097229004,75.32075500488281,CR,1.2662191613548321,4.2730369523686305,9.796234631429371,15.08515772956848,23.772061702053872,16.617775338795084,21.406540949422364,10.940510474383336,0.47447999934428703,-3.352088088439101,-7.824054510367331,-12.296020932295573,81.93953213677177,121.15435039308522,1.8769146646745665,10.0,2.2925696034524394,0.46253541076487253
8149-3703,1-145920,4672,4096,0.0266886,9.392593202509863,0.7048,108.43,3.03509,4.22596,True,0,77.4599609375,46.388591224908176,0.3755364880071024,198,81,74.0,7.5,239.0,9.5,165.0,False,0.10602463781833649,53.0291862487793,CR,1.1397870393854763,4.994896548970166,7.560926125031769,,,,-54.39484759860977,-81.90161818024971,-93.35827630290184,-88.8981867069653,-94.67710897523494,-85.13483072718704,60.50181526146922,87.36288013712789,1.7245149627705265,26.0,1.5137302746721872,0.42829713566257477
8247-6103,1-217050,1024,64,0.0273577,10.506291214893626,0.766516,59.3991,6.40087,3.35213,True,0,79.33806610107422,40.95517313376302,0.38464179878573485,332,241,118.0,1.0,301.0,1.5,177.0,False,-2.053615093231201,175.38731384277344,CR,2.4620421505936467,6.651080388561834,33.82789038512986,13.767269848906011,29.96460056139323,1.9447771600250388,61.32889739337326,37.77476150564458,14.220625617915914,7.041702807773552,-22.265616661406103,-51.57293613058576,255.9046294132307,316.85466071254433,2.2439981766735024,5.0,5.086074503520545,0.6213959710418634
8252-3704,1-138140,2080,0,0.0467992,10.184640334343406,0.869377,138.468,3.05485,3.54255,True,0,132.60325622558594,30.287491624058283,0.6428787277783732,175,98,40.0,5.5,217.0,17.0,177.0,False,-0.85483717918396,84.64790344238281,CR,1.9638980815537634,5.356231378439326,5.137781061513126,-32.396315067538865,-61.67007817186268,-56.676619901538125,-75.03548088213348,-51.99882335704153,-28.9621658319496,-121.22530583450624,-97.08311324855404,-72.94092066260184,119.51300482384794,152.5712756398419,1.9276162059809263,7.0,0.9592156683511586,0.2645971041863393
8256-12704,1-558912,1024,0,0.12611,11.211286107836402,0.510732,175.094,8.60511,6.0,True,0,325.98138427734375,61.338474275021596,1.5804023488468124,298,89,19.0,0.5,202.0,0.5,177.0,False,-1.1886872053146362,240.57167053222656,CR,13.599536056085194,6.334753988333881,55.16179350059078,294.38756944503757,518.6222789717243,48.84342125245634,107.70724227375034,-16.47009035182983,-140.64742297740997,,,,150.65299280701623,303.1390368682434,2.381244483951812,,8.707803586718136,
8258-6104,1-256283,2080,0,0.061473,10.552350590580089,0.580616,109.702,3.95189,6.0,True,0,171.1875,56.19814602839641,0.8299404203493869,137,69,76.0,4.0,264.0,0.5,172.0,False,-1.5116993188858032,253.073486328125,CR,3.2798332477745387,7.066520429645953,35.80115500335768,42.708143893295535,-52.78338200214324,-208.68341504982635,199.49287219737798,126.48743432289358,53.83498857441749,231.41584582016873,206.96595120873408,182.51605659729944,132.4867388368643,308.11402763955317,2.4032466479454926,27.0,5.0663060214419255,0.7963802329241423
8311-1901,1-523154,4224,0,0.0281846,9.884489494829575,0.84485,26.225,3.23161,4.3151,True,0,81.65489959716797,33.09544805301759,0.39587412454332566,99,69,336.0,4.5,154.0,7.5,178.0,False,-1.3576027154922485,98.91642761230469,CR,1.2793107796154566,7.17710465666852,10.97153224205023,44.90845447491593,68.42977461979405,72.1423837362038,11.273265692857093,-3.6635264878462475,-18.600318668549587,-33.21822884396133,-40.24048810675141,-47.26274736954152,126.40833784045616,176.10418740462822,1.995268423335451,20.0,1.5286850013892668,0.4054965376141013
8314-3702,1-199775,4288,0,0.0301584,9.905111259788315,0.764885,161.036,4.08416,3.50664,True,0,87.16643524169922,41.10568731732307,0.42259480338724187,186,171,16.0,7.0,190.0,4.0,174.0,False,-0.8224405646324158,78.59479522705078,CR,1.7259447922020377,3.405054928960163,5.92268385693262,96.17392014296176,65.07876162406961,26.160697279074267,45.22886645856619,18.5365636927613,-8.155739073043613,29.04011593353433,19.66220828013256,10.284300626730783,57.11918221235195,122.31334260492105,1.8953937867644082,9.0,1.7393798280785127,0.3636764242996538
8318-1901,1-284321,1168,0,0.0244567,9.792538764335696,0.600477,117.086,2.86511,4.52246,True,0,71.17314910888672,54.69936909068336,0.3450571641563726,91,66,244.0,4.0,50.0,0.5,166.0,False,-0.8822381496429443,130.53128051757812,CR,0.9886267315960647,5.705177191546577,19.20182133018485,,,,10.746713105211153,-24.482320410873267,-59.7113539269577,-12.802698920178468,-27.373428087215792,-41.944157254253106,108.79082076495365,199.619507412351,2.1157145984811634,7.0,3.3656836037689413,0.5479304375196726
8318-3704,1-575704,1168,0,0.0247632,9.91895144829258,0.620028,62.4558,4.06623,3.76429,True,0,72.03851318359375,53.20257445994304,0.3492525675819592,167,99,114.0,3.5,299.0,0.5,175.0,False,0.5456040501594543,95.71142578125,CR,1.4201412678787901,7.255324834100396,27.785021149116666,191.85698359487677,468.69337067308464,745.5297577512928,62.18532291980959,69.14395345693458,76.10258399405956,-60.2575910491908,-54.29644706367144,-48.33530307815207,110.15171890863988,165.60744534123947,1.9809637858181395,2.0,3.8296040197298478,0.4379288637079005
8323-6103,1-405760,1040,0,0.0232315,9.857637601744099,0.370433,122.821,5.6741,1.3499,True,0,67.70751190185547,71.44397587969449,0.3282552808390627,220,220,242.0,2.5,38.0,3.5,156.0,False,3.4595327377319336,98.39724731445312,CR,1.8625532890089256,5.60144687072634,41.10944543914165,22.337922279055295,32.020734506813575,42.74997501473921,3.0577292513339493,17.83301944684433,32.60830964235471,-82.81867328804312,-84.73586396401208,-86.6530546399811,140.67008269556618,170.9712398588217,1.9929829491136064,29.0,7.339076204396988,0.8436850802644004
8332-3704,1-251198,2336,0,0.0427671,9.782621663362733,0.529183,57.59,2.72026,1.66615,True,0,121.7605972290039,59.9976122872161,0.5903120335668895,99,80,304.0,8.0,136.0,0.5,168.0,False,1.8284268379211426,114.94413757324219,CR,1.605802212430667,4.646562799589592,19.140429741573122,,,,35.487306717373684,-0.8811038740941526,-37.24951446556199,-1.8682138365242467,-18.079429576708094,-34.29064531689193,91.88603512692102,186.35239363670777,2.0604868261097176,15.0,4.119266340974387,0.6967776203966005
8334-3703,1-261224,1168,2,0.0250682,9.794006779788786,0.456411,99.3748,4.74091,3.4938,True,0,72.89900207519531,65.24638469239271,0.35342433545287144,161,53,84.0,5.5,272.0,7.5,172.0,False,3.345247268676758,87.4533462524414,CR,1.6755529661918729,7.55805776829663,25.337137475928962,6.862731484054647,51.15800492748396,80.67295874669634,-20.271835653652644,-18.75130703092537,-17.230778408198084,-85.9708666865475,-96.6996303197371,-107.4283939529267,103.6659671405535,143.86664384845687,1.9417764316668025,45.0,3.3523344558451593,0.7349543594586088
8444-3701,1-419257,1040,0,0.0231736,9.994122622623689,0.536161,75.0134,5.27503,1.82791,True,0,67.5434799194336,59.487907045945306,0.3274600313468862,191,181,99.0,6.0,285.0,1.5,174.0,False,2.0770819187164307,118.00371551513672,CR,1.7273614891557654,2.446336609089462,11.276603484014165,130.51614624116058,95.67839671575231,26.94574119576036,81.07937444386886,18.833344619946015,-43.412685203976835,16.865022416694988,-7.185670966596851,-31.236364349888703,60.44769974024681,168.63644617979995,2.0718956819020353,5.0,4.6095878392677,0.60056263770853
8446-1902,1-418253,1552,0,0.0266073,10.182503100253506,0.725481,53.6168,3.64385,4.87074,True,0,77.23155212402344,44.622631839641315,0.37442913083050805,99,91,299.0,4.0,108.0,2.5,169.0,False,-2.3353819847106934,148.55287170410156,CR,1.3643635883767469,5.727734825774566,13.930340083026598,57.70905200400605,55.60546221444945,-20.39189798126861,60.60184091992183,5.808067933499724,-48.985705052922384,-4.388864469426006,-56.602144461577616,-108.81542445372924,112.40865060117552,203.47607568983008,2.1718810516508933,3.0,2.4320853717495186,0.3276440037771483
8465-12704,1-576537,2336,0,0.0558079,10.33697177927909,0.34077,93.2834,5.29701,2.04436,True,0,156.4520263671875,73.64454684782132,0.7585008282012236,239,228,266.0,5.0,92.0,2.0,174.0,False,2.5390396118164062,124.79595184326172,CR,4.0177864719901635,5.268530146845987,11.369625165418995,-11.08125555642778,-47.089940256726486,-94.15224102129392,-23.953103968334695,-41.520215796321224,-59.08732762430773,-22.75224886975408,-32.15931800090797,-41.566387132061855,171.5536361202642,222.09210130081655,2.0962004978412154,35.0,2.158026024056337,0.5621813031161473
8546-3704,1-91923,2080,0,0.0444204,9.92571834329714,0.748684,50.8059,3.12579,5.57885,True,0,126.21919250488281,42.57829600038772,0.6119279134496539,171,80,136.0,5.0,310.0,5.0,174.0,False,-0.6544746160507202,83.64485168457031,CR,1.9127581525817936,5.278746024725324,11.971505957408425,,,,-17.385378105659377,-17.004584933038032,-16.62379176041669,-13.758279255911019,-6.515946040881966,0.7263871741470834,141.5677950186656,176.86883254479827,1.922439215426449,2.0,2.267869282086053,0.2657066414856783
8554-3701,1-419380,1168,0,0.0235125,9.656898942807697,0.684283,71.0088,4.84438,2.66647,True,0,68.50326538085938,48.09502231776834,0.3321132025731787,190,152,111.0,4.5,285.0,5.0,174.0,False,1.9977260828018188,63.93941879272461,CR,1.6088825562814555,5.826474615985516,8.221445265122446,-3.3280060729491265,-30.41565544617437,-59.82913855544513,-37.97225873746287,-45.25066524648532,-48.12979071777705,-48.317147073655065,-48.89715911574396,-49.47717115783285,98.1579872687699,119.77161981011142,1.8057686842306369,10.0,1.4110497010604128,0.32781318854265035
8562-3704,1-92908,1040,0,0.0473438,10.707342750626136,0.804927,87.9134,4.37835,6.0,True,1,134.0596923828125,37.27272450123256,0.6499397295252335,166,89,183.0,6.999999999999997,356.0,2.500000000000004,173.0,False,-1.2437061071395874,216.4429168701172,CR,2.845663614766806,9.579290142364055,57.18250009342883,683.3981082429617,1371.088119978819,1957.1506801646642,173.827022340901,96.63069192055656,19.434361500211995,92.18689869423837,8.315221484776561,-75.55645572468526,125.63494092914938,277.884556867346,2.335343378023714,5.0,5.969388048968404,0.6436181932640856
8600-1902,1-210611,1168,0,0.0269555,9.980797563041955,0.696531,136.154,2.91409,3.1558,True,0,78.2094955444336,47.08146270522278,0.37917033432616704,107,92,41.0,5.5,219.0,3.0,178.0,False,-0.5376401245594025,111.60894775390625,CR,1.10493647955654,3.7768993015480827,11.129966062161905,,,,82.96225338963245,43.91687682338804,4.871500257143606,28.843638635413928,1.8403216158360438,-25.16299540374183,74.10345562137498,152.11674860335455,2.0476990136371596,1.0,2.9468527417715196,0.29949244570349387
8619-6104,1-114124,2080,0,0.0772846,10.700504692004627,0.684858,34.3697,6.03248,4.88053,True,0,211.27484130859375,48.047765090200585,1.024289335406524,321,93,302.0,2.5,93.0,2.0,151.0,False,-0.6709116101264954,159.91917419433594,CR,6.179004930053146,6.817618317730277,10.524815989173431,-8.57956664736845,-141.13144044362573,-401.4910779701922,-78.20555311671409,-285.82226579677945,-478.63289140674203,,,,45.63542835009462,190.91298446917824,2.2039005384651817,90.0,1.5437672657329629,0.5399748190116462
8622-3704,1-118383,2080,0,0.0402731,9.734989342179276,0.616459,175.442,2.83003,5.71928,True,0,115.00112915039062,53.47752774703645,0.5575412075515405,142,79,349.0,12.000000000000004,191.0,5.5,158.0,False,-1.057821273803711,85.5062026977539,CR,1.5778583436070859,6.116371074916332,8.276295341275436,,,,-6.481557141838563,-8.097588658294363,-9.713620174750178,10.973337864125297,19.036837014198046,27.100336164270754,53.59468045277233,122.32182624048154,1.9319976199878195,3.0,1.3531381990895068,0.1706995593327038
8623-3702,1-178790,4224,0,0.026936,9.719140619695214,0.500055,50.7426,3.88122,2.21019,True,0,78.15474700927734,62.11046290836519,0.37890490593752246,122,72,129.0,5.0,319.0,8.0,170.0,False,2.668424367904663,74.70596313476562,CR,1.4706132990228309,6.31497527774301,10.102675072338736,27.967259035702185,9.400264610355997,-2.929314590971047,8.44264243820932,6.1455278412180325,3.8484132442267343,-8.529887114793905,-7.759512839010829,-6.9891385632277645,79.04986636559812,116.20027290232551,1.8733552691937363,5.0,1.59979645651906,0.2686181932640856
8624-3701,1-595204,1024,0,0.0285298,10.624479082617682,0.488997,62.3859,4.56362,2.60427,True,0,82.62071990966797,62.907524901501226,0.40055655355326053,182,180,308.0,1.5,146.0,5.0,162.0,False,-0.061350125819444656,162.9783935546875,CR,1.8279878989267309,8.579696013998085,40.68067775252086,24.241195670286835,47.36428876659071,91.47325572480511,-52.167427594206785,-26.728757390845512,-1.2900871874842446,-69.56510775656402,-46.14935528698464,-22.73360281740522,189.10033177481748,255.6114922315132,2.212130032735577,23.0,4.7415057230639475,0.7711323575700346
8652-3701,1-26390,4096,8,0.0631259,10.831748231572611,0.763952,116.032,4.95816,3.68261,True,1,175.44932556152344,41.1915947785098,0.8506023337366758,166,70,252.0,1.5,60.0,1.5,168.0,False,-0.7528769969940186,235.93331909179688,CR,4.217422467039837,8.990243088020044,66.47622219451061,-22.109590611216827,4.0231098244929955,8.85928668838671,99.81970642965858,94.4949247654976,89.17014310133652,,,,395.3895595585972,459.82288240670664,2.3727892773667127,178.0,7.394263040906375,0.9555555555555555
8652-3703,1-26587,1040,8,0.0426293,10.813083700297454,0.65888,168.688,4.55039,4.45641,True,0,121.38818359375,50.15315938039612,0.5885065213128612,194,73,189.0,2.5,3.0,3.0,174.0,False,-1.8616293668746948,205.70729064941406,CR,2.6779341895168307,8.360579707685824,43.42447392436215,19.616526834510832,22.674454027744094,-56.15522815912046,104.89274114121932,38.64780360585436,-27.59713392951063,117.86236901471658,51.89845764772246,-14.065453719271646,176.5691522044867,283.96727568005116,2.3132496841726033,22.0,5.1939548981803645,0.7813975448536356
8652-6102,1-26197,2208,8,0.0636583,10.608767716447339,0.699415,50.4025,4.06462,4.63313,True,0,176.81846618652344,46.840619239925715,0.8572401148003045,250,138,139.0,15.5,312.0,1.0,173.0,False,-0.7710668444633484,195.24729919433594,CR,3.4843553154196134,5.904481962004302,12.107450941270557,216.40398813424645,190.13839558511276,65.13236407212136,190.1540022944776,86.43515062919514,-17.2837010360873,128.58980728742978,60.10179978931881,-8.386207708792123,47.29545063999791,236.2747629024131,2.290585035107038,3.0,2.0505526173477597,0.2651440037771483
8656-6101,1-600853,4160,0,0.0194424,10.030672570475327,0.652279,31.5944,6.44794,5.34507,True,0,56.92407989501953,50.67909282641551,0.2759757271767775,306,306,325.0,3.0,154.0,1.5,171.0,False,1.379830002784729,105.57548522949219,CR,1.7794749302922306,3.295315821433808,15.537128995129729,92.33139976849132,35.13883050241623,-7.376154172902436,30.30406007153245,17.68322666125072,9.09828302701908,-4.689299004789536,3.3687829496043835,11.426864903998316,117.58758858795916,162.90527187644983,2.0235630861377376,5.0,4.714913482365234,0.6047293043751967
8711-1902,1-379008,1168,0,0.0231706,9.348039921041762,0.577731,149.144,2.59109,2.00994,True,0,67.53497314453125,56.414206494518076,0.3274187893383385,83,73,27.0,10.0,208.0,3.5,179.0,False,0.8150864839553833,83.56678009033203,CR,0.8483715508666755,3.9384722349093013,12.035044934530191,,,,59.765232145256775,35.924922488412285,12.084612831567751,47.3771724536179,28.55900936021441,9.740846266810921,58.86921649611753,110.50578845823883,1.9220336686989277,3.0,3.055764828771821,0.3998662259993705
8715-3703,1-379124,2080,0,0.0545403,10.36406108258761,0.812346,83.2462,2.94652,4.06068,True,0,153.12741088867188,36.52698191916535,0.7423826375170945,181,58,280.0,5.5,125.0,8.5,155.0,False,-0.549690306186676,162.47837829589844,CR,2.1874452890968694,8.729581065697083,16.7143147755396,57.90848921150263,65.82280489135204,-13.341983781001096,79.8452656252826,19.116691428889602,-41.61188276750336,25.961500927848167,-18.58473953920156,-63.13098000625124,85.66359478228081,200.31942775866338,2.210795575705358,23.0,1.9146754752319735,0.48363235757003464
8937-1902,1-201392,1040,0,0.0226821,9.996942688106225,0.588133,157.066,2.92907,2.51036,True,1,66.15010833740234,55.63328148617932,0.3207047752885064,95,76,198.0,3.0,22.0,10.0,176.0,False,-0.6324552297592163,116.24015045166016,CR,0.9393667361543053,5.085400409200642,15.93069939720851,,,,62.05196106808666,98.71508441969023,135.3782077712938,-66.068888921212,-67.14341081009175,-68.21793269897148,117.31924555155572,180.27380139182222,2.065356163405274,4.0,3.132634230411093,0.4478320742839157
8938-6102,1-146344,2336,0,0.0452691,9.82269689017419,0.521897,25.1316,2.71978,3.33592,True,0,128.50106811523438,60.528224910450724,0.62299075859454,163,91,150.0,10.0,318.0,11.0,168.0,False,3.1349446773529053,65.01378631591797,CR,1.694397805410258,3.9050550653036407,4.975064352768197,,,,14.651351817614026,3.60951481382449,-7.432322189965078,-21.397281321272363,-35.32222601560419,-49.24717070993601,59.065152673150564,96.19566870959653,1.8130054595054987,13.0,1.2740061969859462,0.34862684922883225
8946-6102,1-279532,1168,0,0.0247756,10.00850649029981,0.522688,167.899,5.82981,2.00745,True,0,72.0735092163086,60.470694003281466,0.34942223313640636,307,189,192.0,2.0,12.0,1.5,180.0,False,1.8729944229125977,86.82965087890625,CR,2.037065228960953,5.296733875073105,13.923411502760217,59.4930162474799,33.29918561059332,11.109779366303483,16.418962529957057,12.398710547878293,9.102284318709634,-23.39279544103092,-22.903826333398364,-22.41485722576582,166.91611572231267,191.18631485206626,1.9386680548327753,4.0,2.6286786973166643,0.3950542965061379
8980-1902,1-236099,1552,0,0.0204592,9.618199811654703,0.721158,3.20493,2.78822,3.70974,True,0,59.827545166015625,44.99589016393341,0.2900521240368306,93,51,179.0,4.500000000000006,5.0,3.000000000000008,174.0,False,3.8628275394439697,72.72612762451172,CR,0.8087291332819718,6.208981989743273,22.880297746829,,,,-6.170736737453104,-13.808875059220846,-21.447013380988587,-109.42027053022117,-118.52583438967865,-127.63139824913611,88.05116176557402,122.62138826166924,1.8616904637424931,2.0,3.68503206880377,0.4295955303745672
8981-1902,1-404060,1168,0,0.0223856,9.077244322745349,0.538724,72.4969,3.07009,2.2675,True,0,65.30874633789062,59.30029638366541,0.3166257372072168,91,64,289.0,11.5,93.0,11.5,164.0,False,3.5787911415100098,54.85663986206055,CR,0.9720695095425043,4.686956462703403,3.941421526985797,,,,-49.53856017252395,-70.23135982861363,-90.92415948470332,-60.2521439241551,-72.88083665222644,-85.50952938029779,59.48765277250687,85.3437825689431,1.739229202210224,3.0,0.8409341026207043,0.1470884482215927
8989-12701,1-174952,2208,0,0.1138,10.922784086385166,0.472851,87.5086,9.67466,6.0,True,0,298.2956237792969,64.06780545959899,1.4461779942330615,280,192,129.0,4.0,302.0,0.5,173.0,False,2.7001090049743652,165.74769592285156,CR,13.99128039368683,5.673683534033671,41.4604327309108,80.64290245106784,67.7684944082108,36.310563921341206,94.17284174803736,62.67406417819143,31.17528660834551,,,,194.22063643386292,248.60391784484958,2.2194474999428953,12.0,7.307498291402721,0.761587189172175
8991-6103,1-188177,1040,0,0.0272949,9.977218158219188,0.735691,101.939,5.4371,6.0,True,0,79.16192626953125,43.73184229089192,0.38378784878453126,305,234,66.0,7.5,265.0,2.0,161.0,False,-0.5331332683563232,123.28071594238281,CR,2.086692912626375,3.9112629693956342,8.56380224089973,75.85745667264136,85.32906783907882,38.58614131545774,126.01639688635254,71.30178690837344,3.1856317673572203,113.64194454481019,35.49485625399797,-42.65223203681426,65.50587577261904,137.44671885187753,2.0908951478463407,1.0,2.1895235139924645,0.20088133459238275
8997-3704,1-149557,1168,0,0.0145049,9.026888562421457,0.839778,58.0673,2.89231,2.25044,True,0,42.722557067871094,33.65050532861295,0.2071248015848681,188,105,134.0,10.5,285.0,12.5,151.0,False,1.2895156145095825,51.98727798461914,CR,0.5990691348719299,6.184953207156599,4.252857767991574,-32.55106360450254,-76.75980300231993,-122.92215645915442,-73.29995624379625,-102.86602384976756,-115.64439631636276,-102.90729235838869,-99.96635112563821,-94.36644666939205,52.87674340862017,82.18606957884218,1.7158970786913705,31.0,0.6876135720914751,0.3993232609379918
9025-3701,1-272473,2080,0,0.0444465,9.972771955950364,0.438096,155.876,4.58687,1.91562,True,1,126.2894287109375,66.55821456708169,0.6122684281856993,126,175,42.0,7.0,205.0,1.5,163.0,False,1.4273386001586914,130.6435546875,CR,2.8083956851921386,6.167739467031243,29.82458321284822,83.67145294525407,57.32659304756432,10.948997608945454,59.457869753273144,23.959834855129003,-11.538200043015117,58.13864378078936,38.92914996309074,19.71965614539206,139.1491904434833,210.1423387224911,2.1160879886312722,10.0,4.835577665410676,0.6903131885426503
9026-3704,1-94690,4672,0,0.0314593,9.90640562239346,0.52005,58.5504,3.93232,2.53215,True,0,90.78463745117188,60.66249232175201,0.4401363427089728,157,140,294.0,12.0,118.0,2.0,176.0,False,2.3804736137390137,111.11012268066406,CR,1.7307569431613479,3.49797061983848,16.47385958780951,,,,106.64578186890238,55.45342004643443,4.480619103203376,62.91339887972231,22.223481085543515,-18.466436708635296,56.23582655984725,133.13185755936448,2.0457536271144905,1.0,4.709547728725691,0.44115911237016053
9039-1902,1-263219,2080,0,0.0616178,10.533759352099315,0.672816,165.491,2.1218,5.90852,True,0,171.5615234375,49.031073888131814,0.831753737144943,83,78,13.0,3.0,165.0,3.5,152.0,False,-2.187065362930298,273.5128479003906,CR,1.7648150794741402,7.452139862880213,10.021122960257166,,,,-152.99555595636284,-248.69307146006437,-344.39058696376577,-250.7761351164873,-310.99959029333957,-371.22304547019183,232.4501858009031,426.11581695877965,2.436977731551316,11.0,1.3447309289206033,0.33290840415486306
9039-9102,1-593805,1040,0,0.0317065,10.612548638459819,0.754036,106.753,7.0015,5.07326,True,0,91.47088623046875,42.09620459487594,0.44346337067745123,470,107,262.0,1.0,102.0,0.5,160.0,False,0.24964465200901031,168.94427490234375,CR,3.104908789798175,3.2343061014999788,133.2977081459535,-179.4504911621529,-299.4897376113165,-410.2144595645713,1429.8903819158384,1426.2191385823244,1422.5478952488104,,,,255.2281288269979,298.7620172129857,2.2277434792097695,13.0,41.21369590965241,0.8222379603399433
9040-1901,1-296799,4096,0,0.0309552,9.376314111122856,0.699587,121.793,2.53536,6.0,True,0,89.38392639160156,46.82622833217821,0.43334550385936155,100,90,249.0,17.0,96.0,12.0,153.0,False,-0.33299216628074646,50.99934387207031,CR,1.0986868566648709,4.787917781615238,4.10489902173204,,,,-8.401799895889699,25.679058721282868,37.44144342176943,-3.320618703531217,14.013633960940837,12.74031446436375,41.983517168544964,42.68647083637732,1.7075645887533815,33.0,0.8573453448791728,0.41476628895184137
9046-12703,1-296301,2048,0,0.0994905,10.900435954780733,0.818004,115.252,11.7206,6.0,True,0,265.08746337890625,35.94963218702898,1.2851802893671687,304,129,102.0,0.5,264.0,0.5,162.0,False,-1.350777268409729,209.22740173339844,CR,15.063084099556836,4.829029792124163,180.08195239798303,223.13247207508553,160.56356070016147,96.71154836421533,1646.642302148995,1634.38318799795,1623.8775987815059,-237.35612968764292,-247.76995315888004,-258.1837766301172,188.3202861301837,353.84753381877186,2.3206185618505835,3.0,37.29153891153977,0.6345884482215927
9087-3702,1-317979,2080,0,0.037064,9.498481480516565,0.64236,64.3023,3.00608,2.69124,True,0,106.24352264404297,51.46307752989709,0.5150831330710282,121,52,125.0,11.0,306.0,10.5,179.0,False,1.264177680015564,60.92662048339844,CR,1.5483811046621563,6.54708078197868,11.943038296650005,,,,37.24603441720173,22.67411587319534,8.10219732918897,14.512548740600357,-0.15986163098768533,-14.83227200257574,63.7419110386839,89.92369122424346,1.7848070890695436,31.0,1.8241776288333105,0.4909899276046585
9095-3703,1-318434,1152,0,0.0319131,10.253437358211718,0.806617,52.8568,4.25813,5.81156,True,0,92.04411315917969,37.1039407140698,0.44624245325164585,194,101,305.0,3.5,136.0,2.5,169.0,False,-2.2283570766448975,168.67723083496094,CR,1.9001583774644308,8.010838001013344,17.781624215999983,122.53877503265561,100.90113175214488,53.175646920878926,69.48494972276144,30.19981154224532,-9.085326638270796,64.49282752000589,34.7294767040657,4.966125888125497,179.99809462819857,257.80581813176366,2.227056462612166,22.0,2.219695893706834,0.5300086559647467
9196-1901,1-24547,4288,0,0.0300519,10.169665618790413,0.570124,109.473,3.1957,3.62058,True,0,86.86972045898438,56.98203874932611,0.42115628952676587,93,67,249.0,3.0,47.0,10.0,158.0,False,-0.9468048214912415,161.40773010253906,CR,1.3458891544406857,8.851537561748632,13.405336109219546,,,,-45.40751770357111,-95.9539110656597,-146.50030442774826,-83.32927281996682,-119.00909732469886,-154.68892182943085,146.128406155798,232.78928548408604,2.2079243300173172,31.0,1.5144641273567963,0.4396010387157696
9495-6101,1-298482,1168,0,0.0155937,9.247916828948654,0.638762,174.125,6.16673,1.68447,True,0,45.86890411376953,51.74566259017419,0.22237872251856944,290,85,358.0,8.000000000000007,160.0,10.0,162.0,False,2.0356380939483643,33.65694808959961,CR,1.3713495395169377,6.141060670637555,15.13512834263094,26.452657259476993,9.093078580721665,6.534763971569863,11.040948902094037,0.19544123344473383,15.923278181512751,,,,51.90599328092243,81.6118724303026,1.5270747329132086,121.0,2.4645788658296444,0.6900574441296821
9502-3701,1-556703,4160,0,0.0184405,9.897411539786017,0.658912,153.225,4.54851,3.80801,True,0,54.05613327026367,50.150601330156796,0.2620715295730419,191,118,30.0,3.5,205.0,4.5,175.0,False,-0.8034688234329224,109.00879669189453,CR,1.1920349729782769,8.068582975614046,19.914110008025084,41.71693226432157,59.66901814527515,50.87978208452924,-39.830227462589626,-68.62149473003439,-97.41276199747912,-75.75249537075489,-97.80828228079298,-119.86406919083107,121.21143753827842,179.48726229250926,2.0374615456525405,10.0,2.468105002850213,0.4930909663204281
9506-1902,1-386154,4288,0,0.0271732,9.612486104064997,0.752072,142.56,3.01198,3.60625,True,0,78.82049560546875,42.273603064131045,0.38213254621365306,99,75,23.0,7.5,205.0,7.0,178.0,False,1.5851612091064453,73.97198486328125,CR,1.1509755865445987,5.336698535552446,9.807813127235493,2.0491438977057475,-45.67851539121312,-140.72167008150035,19.978714277828995,-4.749261300616534,-29.477236879062076,-2.702503875991394,-13.945883746686473,-25.18926361738155,53.8814400523784,107.42243906671814,1.8690672721236357,3.0,1.8378053513603996,0.2345884482215927
9513-1901,1-42626,1040,0,0.0207535,9.823972794656555,0.744576,30.6438,2.78476,3.45012,True,0,60.66658020019531,42.945533409534804,0.29411988067183575,96,82,149.0,5.5,339.0,5.5,170.0,False,-0.8215956687927246,107.94764709472656,CR,0.8190532788997013,6.129220182383156,8.060774447025754,,,,11.967076428714286,-15.134935597964278,-42.23694762464288,-11.274407445025421,-30.38486666637845,-49.49532588773148,75.84986969815154,146.80796370942159,2.0332131805756397,0.0,1.3151386648165042,0.041178785017311925
9513-6104,1-42583,1040,0,0.0323373,10.397195859345285,0.726547,60.608,6.05029,5.412,True,0,93.22018432617188,44.530240502237994,0.4519442071688085,320,143,297.0,3.5,104.0,3.0,167.0,False,-1.8570830821990967,169.93991088867188,CR,2.7343935171913705,8.13392119644972,17.159690363292817,92.59016648172978,93.68695728856103,51.96575395156046,109.82346741494511,65.25012560628772,20.676783797630332,78.08091565849031,28.532399148881343,-21.016117360727634,157.60235849859626,239.23060477689208,2.23029538618627,43.0,2.1096455139966994,0.5765659427132515
9514-12702,1-42078,2080,0,0.0995751,10.850138751445124,0.529843,158.151,5.21664,1.48693,True,1,265.287109375,59.94946852374414,1.2861482004700184,130,239,329.0,14.0,124.0,0.5,155.0,False,1.2245310544967651,158.54922485351562,CR,6.7093721484999165,7.340816021737875,63.26285430825136,-16.236436920537358,-149.77913919213398,-284.778079409469,-85.95149349821975,-97.14015458099048,-108.32881566376125,-200.9529731395967,-201.94403206591042,-202.9350909922241,87.06250000099227,216.3351954584621,2.200164123104427,175.0,8.617959382296906,0.9694169027384325
9866-3701,1-271717,2080,0,0.0493778,10.143058539941677,0.716497,28.0314,2.93538,3.77822,True,0,139.48239135742188,45.39583386240421,0.6762297160395263,158,90,329.0,3.0,151.0,2.0,178.0,False,-0.5538973212242126,111.43037414550781,CR,1.9849911838681047,5.239728458864272,11.18100349016068,,,,34.786484905768454,15.241176875675432,-4.304131154417605,10.875769375848334,2.7805246128894234,-5.314720150069514,120.48538027403671,184.428348387895,2.0470035887349343,8.0,2.133889871954204,0.41135898646521873
9881-3703,1-458301,1168,0,0.0264207,10.037386652582377,0.724021,120.628,3.97837,3.17501,True,0,76.70713806152344,44.74894527556538,0.3718866997098457,189,137,55.0,2.5,248.0,3.0,167.0,False,0.6418703198432922,107.89625549316406,CR,1.479502889524659,7.22858008686512,9.185356705106008,28.555671439896372,-15.373605643826606,-55.139668515777785,-8.795860235132949,-20.024102146792128,-31.252344058451317,-22.940141855756973,-26.62294925958154,-30.3057566634061,152.7221584642189,197.5288106388527,2.033006372886111,20.0,1.2706999984404266,0.37910764872521246
9893-3703,1-326103,1040,0,0.0375402,10.707739603048942,0.630998,64.9333,4.4911,3.25621,True,0,107.54735565185547,52.35232687313683,0.521404293871725,198,68,295.0,1.5,120.0,5.0,175.0,False,-0.6050224900245667,270.7311706542969,CR,2.3416788242073046,9.836814135125614,48.12150406903711,25.599443302873595,2.36818988856258,-58.52605006810021,-132.0846640361983,-185.65376107612573,-239.2228581160532,-304.53356173182686,-341.8679162936951,-379.20227085556337,204.88128550477205,367.58120823861776,2.4325382611780526,35.0,4.891980615675484,0.8177368586717029
11951-1902,1-212158,2336,4096,0.036945693,9.357541136840956,0.6379137,8.352356,4.718305,1.3365777,True,0,105.91935729980469,51.81215246019628,0.5135115351327452,85,81,346.0,17.0,348.0,7.0,2.0,False,1.5780171155929565,64.00556182861328,CO,2.422904043774507,3.2412466357438046,9.756894084588277,13.16461711887006,4.466520907811674,-26.155251678823014,-11.119933532180626,-37.165436284030996,-59.98199274408705,-40.80921475015698,-63.84969561144448,-73.67190422065335,76.50262612783443,97.89537653359614,1.8062177140858493,36.0,3.010228835100435,0.6754721435316337
8086-3704,1-229021,2336,2,0.040191,9.662863560075973,0.632792,36.6798,2.42988,1.76891,True,0,114.77791595458984,52.21251791364257,0.5564590394402564,82,84,134.0,13.5,137.0,4.5,3.0,False,0.8035328984260559,62.0832633972168,CO,1.3521286907550902,3.6572291921989435,5.9510709645231294,,,,32.31081730578825,24.70447944361319,7.1379055803672,17.080780920517597,-3.2316856378246115,-23.54415219616682,72.84289609364606,94.6885875445399,1.7929745374729642,1.0,1.6272075529794707,0.11199244570349387
8085-3701,1-38379,2048,0,0.0368454,9.564290775852793,0.621862,97.1622,2.64785,1.55909,True,0,105.64449310302734,53.06097211061658,0.5121789559022967,111,123,88.0,8.0,85.0,3.0,3.0,False,2.051029682159424,61.541988372802734,CO,1.3561730483858963,2.9987090795746796,4.648644979217856,,,,28.51994249909933,24.048299987274362,16.578885936742957,23.96837729501971,11.344157754757571,-1.280061785504579,81.7505820724339,94.74798888977813,1.7891715238481622,2.0,1.5502153946448165,0.15042886370790054
11957-3702,1-151266,1040,4098,0.030019931,10.521633001953239,0.6777685,19.782593,4.3989406,6.0,True,0,86.7806396484375,48.62827025782064,0.4207244135699913,185,66,159.0,2.0,158.0,0.5,1.0,False,-2.1495816707611084,213.86041259765625,CO,1.8507417042642258,9.129457391760678,66.96123644256664,71.10218691131641,71.48039696827365,-4.800025356145431,169.368919387974,125.52047042787964,81.6720214677853,,,,226.0252897508442,327.75421296570767,2.330130400366101,38.0,7.334634860446259,0.874874095058231
10507-6104,1-174945,1040,0,0.0322098,10.777457272687794,0.701494,114.255,6.78072,6.0,True,0,92.8668212890625,46.66646639467233,0.4502310548209182,316,315,247.0,1.5,251.0,0.5,4.0,False,-2.653059720993042,244.5022430419922,CO,3.052890718045296,7.017024113320523,28.61748607851113,-50.62439145629132,-73.27895691981762,-144.59591034072142,41.287442056034315,-4.217118888237956,-49.72167983251022,-7.691605117699361,-51.06492323923353,-94.43824136076769,282.4298416387005,381.22442031256486,2.3882828476571505,3.0,4.078293820337047,0.4956995593327038
9030-3704,1-269099,1040,0,0.0320821,10.572811214812331,0.640677,170.673,4.3396,6.0,True,0,92.5127944946289,51.59537565130192,0.4485146844867105,185,105,189.0,1.5,190.0,1.0,1.0,False,-2.7761168479919434,219.1683807373047,CO,1.9463743247985288,5.699267013109232,18.362580548337593,62.58796244099932,61.57762200622222,28.01357435550395,85.97761442035383,56.24859565223444,26.519576884115047,73.55874807110729,51.993264171565976,30.42778027202465,247.0985234643112,342.05425472878045,2.340777898982857,0.0,3.2219196795132956,0.2939565627950897
10841-6103,1-77488,2048,4096,0.08748508,10.8015313998931,0.83446604,79.49262,3.529228,2.486096,True,0,236.34646606445312,34.22350371762014,1.1458400022993753,258,95,281.0,1.5,286.0,0.5,5.0,False,-1.0372127294540405,169.2845916748047,CO,4.043930619635019,4.983631788448484,22.479330036303818,97.57782330769066,68.13162678007718,32.416214740420216,53.68266600340587,41.153837291081885,28.625008578757846,33.03039829737284,24.284566897139314,15.538735496905787,315.43456114836306,363.7718325898764,2.2286174303171995,5.0,4.510632203688976,0.5936181932640856
11975-9102,1-325063,1040,0,0.055056237,10.888046376025203,0.8370191,50.186462,7.082542,4.977135,True,0,154.4818115234375,33.94914149561553,0.7489489570914727,491,482,309.0,1.0,309.0,0.5,0.0,False,-1.3095442056655884,184.01698303222656,CO,5.304462444456553,4.8082967302524535,11.213604223787371,109.30860499931396,83.8377502118177,53.681460141822235,49.51136795867038,31.51222395117419,13.513079943677964,36.029306357674294,24.898311472229224,13.767316586784187,352.58089120285507,400.0177848169939,2.264857906144431,1.0,2.332136482599861,0.22588133459238274
9866-6102,1-272266,2080,0,0.0949428,10.845080047441586,0.818984,175.354,3.19551,2.50213,True,0,254.29629516601562,35.84884248344804,1.2328632295195312,242,184,178.0,3.000000000000004,180.0,1.4999999999999978,2.0,False,-1.1170023679733276,182.25599670410156,CO,3.939626778561957,6.969197275350522,17.235869061028833,63.48872891102209,49.77809023641246,8.360328515130437,31.833283408130335,8.96260619350163,-13.90807102112708,15.201102049289478,-5.648248962214255,-26.497599973717985,327.5866029901151,386.4990398374197,2.2606818266616484,5.0,2.47314983061115,0.4144515265974189
9187-6101,1-96483,1040,2,0.041727,10.714354072848396,0.792008,105.427,5.61078,5.77962,True,0,118.9465560913086,38.54285955760392,0.5766691771392922,311,266,72.0,8.0,89.0,1.0,17.0,False,-1.4000557661056519,217.0664520263672,CO,3.235563885709598,9.415472157882846,33.425284407968974,303.30215977569685,241.4824380873629,173.19600472756815,208.27639493497858,139.10403460468208,113.0853862995882,-450.77415236210635,-616.0324757165035,-571.8838449778272,83.29544908569424,255.92974719212003,2.3365927077213238,16.0,3.5500380488072043,0.6642075857727416
8149-12705,1-218116,1040,4096,0.0470305,10.80614129290905,0.826337,103.686,8.49835,5.00679,True,1,133.22206115722656,35.084861117000216,0.6458787787463474,648,187,169.0,4.0,156.0,0.5,13.0,False,-0.9499351978302002,210.9403533935547,CO,5.488903919359021,7.98650905507915,68.4940262044815,92.05181954951068,106.58108234547878,22.700835490446014,201.86905067085488,128.0963860434514,54.323721416048,48.95607181707197,-66.6623184080606,-182.28070863319317,127.656498985212,258.06567406843106,2.324159669259298,21.0,8.576215932657288,0.8292178155492603
9038-12702,1-199742,4096,0,0.0331128,10.877046367430593,0.79638,8.41345,8.93979,4.12665,True,0,95.36711120605469,38.1168967306123,0.46235280240589854,672,422,349.0,1.5,349.0,0.5,0.0,False,-1.3873003721237183,217.08177185058594,CO,4.133336959420228,3.9338903103735716,15.95632551597752,147.90542615147922,114.32586120264426,49.489977890905394,107.23893722635991,70.53683803225951,33.834738838159154,103.33645490848048,65.64212559123847,27.94779627399647,301.68609276466515,368.2264267050008,2.336623357691812,2.0,4.05611856383008,0.4518177525967894
9504-3701,1-164336,2336,0,0.0489643,10.14173189476714,0.759598,1.7021,2.72549,6.0,True,1,138.3821258544922,41.590670369378046,0.6708954783527945,148,82,181.0,3.999999999999999,181.0,3.500000000000008,0.0,False,0.2427399754524231,114.7218246459961,CO,1.828518917295758,5.168539125273137,7.842019912543921,31.182626062268806,27.742613126106434,23.9035180872261,29.544284788799263,24.727490907660677,19.910697026522065,1.2470068036025204,2.4321660138546384,3.6173252241067564,156.02689362393272,206.00249769303693,2.0596460458148833,36.0,1.517260433262078,0.4643610324205225
7964-12703,1-179535,2080,0,0.0473295,10.161173274852654,0.751964,15.7547,3.32741,4.72998,True,0,134.02146911621094,42.283341653758555,0.6497544178993822,284,57,172.0,2.5,175.0,4.000000000000005,3.0,False,0.04271914064884186,106.09355926513672,CO,2.161999347662583,7.343616841499708,19.47729453952859,69.76099702504101,44.40810227826326,35.19082292600876,4.372360117799819,4.605106768304698,4.837853418809583,-47.36235810119534,-36.82366370469067,-26.284969308185993,167.57433059983833,206.52384106003285,2.0256890195232597,39.0,2.6522754331979757,0.6499567201762669
7977-3704,1-114956,1168,64,0.0270248,10.056157526974676,0.756417,36.9942,3.93806,3.28839,True,0,78.4040298461914,41.880368840715036,0.38011346323553985,174,174,144.0,3.0,144.0,1.5,0.0,False,1.1679980754852295,96.24014282226562,CO,1.49690962502935,1.6088380127596296,5.7568907001305325,61.405671951244216,39.4425664558986,13.538590075254335,19.26592073774548,7.892295458962245,-3.4813298198209934,10.970910639007208,4.466535568422105,-2.0378395021629827,155.04013973644282,189.48416984808742,1.9833562588338232,1.0,3.57829107372704,0.3744924457034939
11984-3701,1-324891,4288,0,0.030956624,9.93192671659028,0.7138645,45.034454,4.5154405,4.39788,True,1,89.38788604736328,45.620602155661,0.43336470081221923,186,155,313.0,11.0,311.0,2.0,2.0,False,-0.6989610195159912,108.90403747558594,CO,1.9568325213178779,6.522874366334924,14.402413345198562,39.44996927544983,27.522577380271734,9.939557580634743,83.32107318468226,65.704821853406,48.08857052212972,132.27997428812213,126.50578462320573,120.73159495828934,71.48724809565894,143.2389916715315,2.0370439809574634,9.0,2.2079857032860497,0.43589864652187604
11960-1901,1-496457,2336,4098,0.053609814,9.965644286414577,0.7379271,91.19936,2.2690113,1.1468999,True,0,150.68051147460938,43.53495270100043,0.7305197343947305,61,96,94.0,13.0,96.0,3.0,2.0,False,-0.1800398826599121,97.05394744873047,CO,1.657557532214642,1.2763998987717236,10.584726010809902,,,,38.24470230548994,7.022530248022406,-24.199641809445108,37.33905857263234,13.596176478797231,-10.14670561503788,81.02883793134166,146.97057324172107,1.9870132040246085,10.0,8.292640904308719,0.7514242996537615
11954-1901,1-195235,1168,4096,0.023667818,9.834842711663999,0.74345106,50.754395,3.359072,3.0934298,True,0,68.94287109375,43.04568449924665,0.33424447121221157,98,86,310.0,4.5,313.0,3.5,3.0,False,-0.43724673986434937,102.2027587890625,CO,1.122751244403746,3.7660618205941137,6.780959698684462,,,,54.62047588151546,42.86488321330998,31.1092905451045,39.10685968110581,25.300455624220984,11.49405156733613,115.20385279937355,164.73876587074471,2.0094626189953253,2.0,1.800543916088646,0.18931775259678943
8982-12705,1-626533,1040,0,0.0250478,10.226158943397147,0.573957,142.499,10.0362,3.12978,True,0,72.84146881103516,56.696252633837354,0.35314540631703406,614,451,208.0,3.0,200.0,0.5,8.0,False,0.6625286936759949,134.55575561523438,CO,3.544237926879017,5.467526688818038,44.66408345249178,76.87189280658332,55.42606940039167,9.002046306381354,67.63030591037798,26.239679109498315,-14.844709167701222,19.436316223342903,-17.71864030229567,-54.873596827934236,129.82668164995903,196.6410290511689,2.128902279420284,1.0,8.168974015954406,0.5078257790368272
8152-6102,1-585622,1024,0,0.026942,10.342398991386203,0.588697,138.442,6.25406,2.45052,True,0,78.17159271240234,55.59078546160081,0.37898657621095155,319,276,41.0,1.5,42.0,1.0,1.0,False,0.21138426661491394,132.93353271484375,CO,2.3702047868178635,2.064225558884536,14.91524504424616,24.237819004742327,-3.1795968376344166,-52.500200433470575,33.14326260416391,8.559953755307903,-16.023355093548112,8.149413222481462,-12.873538658010945,-33.89649053850335,196.81050447078619,243.62846139081597,2.123634546300784,4.0,7.225588783188036,0.6242209631728045
8255-1901,1-256155,4224,0,0.0364872,10.398039016527445,0.573199,179.662,3.5321,6.0,True,0,104.6622314453125,56.75282153358034,0.5074168170014018,101,90,357.0,2.5,4.0,2.5,7.0,False,0.2542218267917633,141.5189971923828,CO,1.7922469393306513,2.8138571000017096,14.2609570859451,26.319557630768298,4.142933726423661,-58.69120364999182,-7.995363178788802,-43.37346941366506,-78.75157564854135,-22.972901404331214,-48.54243656781647,-74.11197173130172,147.64045871139723,223.7586494036976,2.1508147424895867,3.0,5.068117029090224,0.5484773371104816
10497-6103,1-412397,1552,0,0.0164805,9.041503218777208,0.655819,136.13,6.31534,3.12127,True,0,48.42537307739258,50.397472934146386,0.23477283380753314,195,102,62.0,15.5,59.0,6.0,3.0,False,1.5861115455627441,31.121479034423828,CO,1.4826702682580664,4.727058765065954,16.959273759597416,3.584666676516782,3.584666676516782,-2.1481646592101304,-12.104683434469989,-18.556934694952297,-23.032164326318487,,,,80.12672246924123,85.88471742292667,1.493060228459849,80.0,3.5877010636995523,0.8093090966320429
9486-3704,1-72128,4624,0,0.0129214,9.197451484852584,0.638744,151.261,4.53077,1.12212,True,0,38.131736755371094,51.74707396420833,0.18486787663471252,189,67,26.0,5.0,15.0,10.5,11.0,False,1.0029895305633545,35.47654724121094,CO,0.8375938294202565,5.961666752222046,6.705884214869711,7.263237619884355,3.8336956635889528,-3.7887487101589015,-5.798923338002981,-5.973051466425167,-6.147179594847353,,,,85.17629954649392,89.58009886667374,1.5499413454590898,33.0,1.1248337912162365,0.4203218445073969
9193-12703,1-109270,4672,0,0.0252266,9.148778434465797,0.684278,3.17703,2.7424,0.864366,True,0,73.34564971923828,48.09543311297952,0.35558974433754514,130,94,353.0,12.999999999999996,348.0,6.5,5.0,False,2.8306314945220947,37.14120864868164,CO,0.9751693148712838,4.586279947680943,2.7306964089092207,,,,25.896924484676873,25.683849977317177,20.522107363300638,25.114043485328832,16.300503350124334,7.486963214919824,46.75014239231196,55.99198011855504,1.5698560324385518,4.0,0.5954055225717305,0.1756098520616934
10502-12701,1-230783,1040,4096,0.0276261,9.956181401466408,0.58366,74.7057,4.06426,2.52009,True,0,80.09059143066406,55.969742081449866,0.388290144537401,383,269,103.0,2.0,118.0,2.5,15.0,False,-0.4516560137271881,111.65601348876953,CO,1.5781121028375775,8.682279030047617,22.0111740758783,22.034554588097066,3.226718694799106,8.718162371962698,-11.224986145629881,-12.839127778017767,-14.45326941040567,-13.067094804262217,4.776814587169862,22.620723978601923,179.7647938377992,222.24328099769704,2.0478821179552473,3.0,2.5351839073245706,0.34986622599937045
10496-3702,1-548653,1168,0,0.0248709,10.002675680534987,0.524647,111.511,4.97475,1.94614,True,0,72.34243774414062,60.328135304412996,0.3507260354317425,190,191,70.0,2.5,70.0,1.0,0.0,False,0.2003360241651535,116.22122955322266,CO,1.7447743447640611,3.4100828770351743,7.251944609510758,56.887266776707946,36.34026792139929,-20.126473596357293,51.428989478489626,22.96721505574346,-5.494559367002719,44.47306725379872,14.88411167036334,-14.704843913072015,130.938435100195,179.59939811622888,2.0652854657108697,1.0,2.1266182878862496,0.18699244570349385
8148-6104,1-146104,1552,0,0.0216744,9.86199653619357,0.523096,79.1539,5.75632,3.25164,True,0,63.288150787353516,60.4410124548791,0.3068296135383224,305,286,100.0,3.0,100.0,1.5,0.0,False,0.025458231568336487,90.05872344970703,CO,1.7662094410029159,3.5341754928707565,10.141646965786224,36.881926690844246,29.577955166707163,5.165880706016142,37.58894709491062,20.356448773226422,3.1239504515422185,23.001490032752805,0.8900774303065888,-21.221335172139625,130.94918281356192,159.60437207327675,1.9545257867011168,1.0,2.8695934840372965,0.28838133459238274
7958-1902,1-547433,2080,2,0.0380607,9.518265136328614,0.732349,123.144,2.18265,0.879795,True,0,108.97076416015625,44.02488477113622,0.5283051730580445,77,70,233.0,7.5,238.0,3.5,5.0,False,1.1768922805786133,75.44664001464844,CO,1.153105285975141,3.5181198280421033,5.984370137151355,,,,27.083968540748504,16.11411039415232,5.144252247556137,21.43675707303032,12.6520709415472,3.8673848100640873,98.48109661132563,136.6863739702393,1.8776399034145916,1.0,1.7010137316675096,0.12727022348127165
8442-3703,1-421884,2080,0,0.038682,9.675751770101792,0.756832,18.3077,3.13622,2.93813,True,0,110.66749572753906,41.84266189454549,0.5365311598284206,159,89,169.0,4.0,169.0,3.5,0.0,False,2.2575676441192627,73.99726867675781,CO,1.682679754077089,6.295187344179983,7.136317525672526,71.33784985198218,69.11328730686235,64.84994825478303,25.788517953883574,18.76408061251447,11.739643271145358,15.243534199449691,11.935838586473533,8.628142973497377,128.45810036603996,156.3439295545638,1.8692156897241643,9.0,1.1336147973848918,0.2942319798552093
8718-6104,1-44633,2080,2,0.0403949,9.730804877765026,0.789446,135.897,3.24973,2.05892,True,0,115.33218383789062,38.79070933137143,0.5591462059684948,151,103,333.0,12.5,327.0,5.0,6.0,False,1.896289348602295,74.0128402709961,CO,1.8170741999219968,2.693042520190696,10.687116018645712,7.3280892458077815,-5.189802950793071,-36.66435850024039,0.4641832832429049,-9.705286647933969,-19.874756579110855,8.42706035442817,-0.1745705631584642,-8.77620148074511,102.47365288721174,125.28325970191598,1.869307070745706,23.0,3.9684171113232,0.7225212464589235
8440-12705,1-216973,4288,0,0.0412467,10.45476866130985,0.462887,2.15529,10.8547,2.91494,True,0,117.64470672607422,64.78235239998844,0.5703576333091983,637,365,176.0,2.0,180.0,0.5,4.0,False,3.526183843612671,137.80397033691406,CO,6.191061002281354,4.059904495525643,22.445346297768786,13.324582159366138,1.9993957725078775,-24.096447586961936,-21.310274100923724,-40.246273029349084,-59.18227195777444,-43.07293440532706,-60.12418492407623,-77.17543544282537,207.39913114267213,247.59851687952957,2.1392617304204684,46.0,5.528540467517265,0.8690234497954045
9893-12703,1-324658,1552,0,0.0372185,10.514647350065127,0.433482,16.0897,9.11834,2.84411,True,0,106.66670227050781,66.88880839345671,0.5171347657957979,511,452,156.0,1.5,156.0,0.5,0.0,False,3.3222062587738037,135.47665405273438,CO,4.715410620346455,4.041955680027218,24.940999603076044,60.559734769672744,41.619797531171145,18.604931930334946,-9.38983701698946,-26.305043802318345,-43.22025058764721,4.7683710384072455,-4.068929898242844,-12.906230834892922,178.14622468294766,231.50358238671242,2.131864462076679,29.0,6.170527729019556,0.8311850802644003
8612-12705,1-95842,4160,0,0.0357928,10.31041501988746,0.418028,29.1903,11.2803,6.0,True,1,102.75563049316406,67.99737853720005,0.49817335474122154,396,456,135.0,1.0,143.0,0.5,8.0,False,3.745229482650757,139.1605682373047,CO,5.619544893487402,5.420603115590598,81.42285881808816,2.012655050643052,-12.346550103048054,-26.702351860500713,15.850652502178997,5.801016172518671,-4.248620157141661,97.55857680204333,97.40251008148117,97.24644336091899,140.03632011797362,218.53236329771738,2.143516193443056,65.0,15.020996203153453,0.954131255901794
9025-3704,1-272470,2336,0,0.0504021,10.196350310232734,0.628382,9.18246,2.2895,6.0,True,0,142.20318603515625,52.55580469378268,0.6894205008720826,129,65,356.0,4.000000000000004,1.0,5.999999999999997,5.0,False,-0.6595790386199951,178.9459991455078,CO,1.5784282367466331,8.28819042889887,17.682377496545012,,,,-12.772271985325412,-37.723730606427296,-62.67518922752912,-30.43794432496632,-38.43616959563836,-46.434394866310406,139.5839846944945,266.42041194076404,2.252721992927461,22.0,2.1334424743537426,0.5119531004091911
10214-3702,1-153317,1168,0,0.0336851,10.363704093194816,0.679511,177.675,5.04224,3.78455,True,0,96.94890594482422,48.486020852646476,0.47002155970652404,184,57,179.0,2.000000000000005,199.0,1.5,20.0,False,-0.3569340109825134,182.05735778808594,CO,2.369961509214624,10.477776193375004,30.672802545692008,50.02801301310183,71.90736950893513,127.58941764674188,-90.21636013672382,-31.40468612544721,27.40698788582945,,,,230.45197549632428,306.2828498470979,2.2602082354929367,,2.927415319778077,
10520-3703,1-79747,1040,0,0.0292015,10.300358491819042,0.675436,79.4962,4.01103,4.39867,True,0,84.49772644042969,48.81825360848909,0.4096565380097128,188,92,285.0,4.5,267.0,2.0,18.0,False,-0.9849095940589905,169.61480712890625,CO,1.6431446636530982,6.502515643739279,14.978271076150985,65.74141847585948,69.50995572778433,-9.254558848831474,88.94023112425167,18.632524064583066,-51.675182995085535,-2.585341529534082,-67.60664601892616,-132.6279505083182,85.67700118926456,208.32091517330403,2.2294637628598175,49.0,2.303457907182783,0.6211480956877558
12092-12702,1-39672,1040,4096,0.039807778,10.689837807742677,0.6481808,27.48346,10.61997,4.7645345,True,0,113.73546600341797,51.00390748476542,0.5514050994582554,652,238,153.0,2.5,155.0,0.5,2.0,False,-1.1215176582336426,248.35292053222656,CO,5.85590561409369,6.7421898743812685,40.15325490291413,62.992319720230526,55.219310028634816,-0.1321862412487647,69.40998426784024,25.31171158492258,-18.786561097995094,75.67001336330851,30.43883966074062,-14.792334041827319,186.84609244402208,265.4087616293671,2.395069271492798,9.0,5.9555212254533245,0.7095097576329872
8327-3701,1-250810,2048,0,0.078144,10.778007909552077,0.634328,157.895,2.75934,6.0,True,0,213.4106903076172,52.092639822986946,1.0346442235616307,184,104,21.0,2.0,18.0,2.0,3.0,False,-1.1979573965072632,249.1419677734375,CO,2.85493519184255,7.346486112730596,33.72797465795904,,,,-58.397153501360705,-113.0832031116403,-167.7692527219199,-95.10447940928987,-134.99392059867932,-174.8833617880688,277.48535837002765,397.216505061393,2.3964468902712563,1.0,4.591034971060848,0.4369924457034939
11830-9101,1-233722,1040,0,0.034177035,10.735696269739588,0.5817251,88.49282,8.284621,4.696624,True,0,98.30683898925781,56.11497798620262,0.4766050048862454,480,111,103.0,11.5,89.0,0.5,14.0,False,-0.8047348260879517,248.9008026123047,CO,3.948491832185691,10.103150856362074,50.25724992187322,213.61958177125885,400.91716193225216,401.21035021293324,260.00125624998543,111.42662164750664,-37.14801295497206,-11.347747975376048,-230.96661102896164,-450.58547408254725,41.62199297903171,282.01253311650527,2.3960262970486617,46.0,4.974413491037366,0.84957900535096
11967-1901,1-335441,4224,28672,0.031182118,10.046504646132288,0.6537327,96.7874,3.5770705,5.990107,True,0,90.01465606689453,50.563564483179086,0.4364033676159996,90,88,84.0,4.0,82.0,2.0,2.0,False,-1.4380558729171753,110.10987091064453,CO,1.5610456123998475,1.7083025206405693,10.201449466032582,40.96741905606428,30.820477649902827,5.6778960127642435,45.7195819309541,27.770330521754637,9.82107911255515,45.03779518802987,31.05951479585541,17.08123440368095,148.23895975928295,192.28052348393305,2.0418262534846274,3.0,5.971687884770726,0.5734773371104815
11011-3702,1-321127,1168,0,0.025556073,9.879394585124846,0.65388304,1.7195435,4.989942,6.0,True,0,74.27410888671875,50.551607266099225,0.36009104140500614,184,88,176.0,4.499999999999998,201.0,7.0,25.0,False,0.12078773975372314,103.3869857788086,CO,1.7968334113305793,8.695779431912815,26.84777106026171,-6.501281291149356,65.4112758976543,147.1537380474453,109.82908266732797,131.9505657658423,154.07204886435665,112.591612285589,122.37214665733367,132.1526810290783,91.21130637757072,145.1995388789527,2.014465873765967,54.0,3.087448488140412,0.7177447277305634
12078-1902,1-35371,1552,4096,0.022330577,9.769464988580232,0.6965885,115.23129,2.988433,3.5294242,True,0,65.15254974365234,47.07666920994441,0.3158684747489225,94,93,249.0,10.0,239.0,2.5,10.0,False,-0.16443970799446106,99.68072509765625,CO,0.9439517735993467,0.5133627978220271,5.080793606482822,,,,60.07087983995383,33.595815132777105,7.1207504256003435,38.08485193000168,8.339682695019468,-21.40548653996275,80.94720464227902,130.9664163691761,1.9986111884720528,5.0,9.897081806547725,0.68806263770853
9088-12705,1-296074,2080,0,0.0637745,10.473161309610306,0.847768,142.024,5.74768,3.01202,True,0,177.1170654296875,32.77243876053594,0.8586877647828535,675,553,195.0,1.0,196.0,1.0,1.0,False,1.5335921049118042,132.40220642089844,CO,4.935462491887111,4.701570751878757,7.844739772564165,78.33626762636179,56.36856779890792,34.40086797145409,16.19219526737669,11.260656616452385,6.3291179655280825,11.180612992305733,7.397345150659445,3.6140773090131595,276.22617394538116,294.6747908874561,2.12189522247858,1.0,1.6685359397025754,0.12171466792571609
8462-3701,1-232397,2080,0,0.0529626,10.348166567900387,0.860438,122.329,3.1804,6.0,True,0,148.97531127929688,31.33644695029689,0.7222526905575489,185,177,243.0,2.5,244.0,2.0,1.0,False,1.771188497543335,159.20355224609375,CO,2.2970524570492286,6.611034673028711,14.09446324706173,116.40255825901352,80.53407825480356,44.665598250593526,76.64378390603602,57.46513845179912,38.28649299756225,-2.5172444062750428,-13.513782345913166,-24.510320285551288,197.90325145316547,282.8021523936059,2.2019527537513093,1.0,2.131960267061289,0.19115911237016053
9032-9101,1-268854,2080,0,0.0725183,10.596567408659903,0.850248,61.6625,4.37833,5.59493,True,0,199.349609375,32.49572626249353,0.9664741794884181,418,375,114.0,3.5,112.0,1.5,2.0,False,2.0439987182617188,134.32498168945312,CO,4.231542894279525,4.546820765167008,15.70202356142895,175.63765073492695,159.74638618773375,141.3635538118763,28.19739302402494,16.936320543117002,5.675248062209057,-9.633697081846034,-16.485468588449596,-23.33724009505318,266.59301611778443,306.59435170972586,2.1281567900397635,1.0,3.4534071986565764,0.36199244570349387
8310-12702,1-494684,1168,0,0.0255917,9.71181566186188,0.513016,29.5659,7.82651,2.04622,True,0,74.37446594238281,61.17298596156827,0.36057758614082425,399,298,147.0,4.5,149.0,1.5,2.0,False,2.5887553691864014,78.82803344726562,CO,2.8220640837070223,4.263317623575236,8.493514370092441,19.0482882018491,-3.9514728985865415,-38.15709915293458,27.352845936078293,14.32703590357047,1.3012258710626565,23.16618047477721,11.607173398094272,0.04816632141133585,102.81571110541529,136.0642360906913,1.8966806921894965,6.0,1.9922311964572195,0.35176660371419577
8952-3702,1-458359,4608,0,0.0293917,9.758630342012436,0.501992,26.8435,4.53352,2.69444,True,0,85.02867126464844,61.9705974737769,0.4122306311566683,154,137,152.0,4.0,154.0,2.5,2.0,False,3.132887840270996,73.53160095214844,CO,1.8688558109613789,3.1147144088740752,6.639761305204838,19.618339928358314,6.373463595101216,-11.848421854633337,-0.611208733893916,-8.843449144920971,-17.075689555948017,-6.13618301523479,-11.303914789071126,-16.47164656290745,131.9686504575257,157.73519894734477,1.8664740216648565,2.0,2.1317400036059864,0.2379288637079005
8941-6101,1-604928,2080,0,0.042296,9.81865733363468,0.522866,91.757,3.40948,1.17179,True,0,120.48689270019531,60.45774528388804,0.5841369397543137,164,216,89.0,9.0,93.0,1.5,4.0,False,2.443873405456543,80.19449615478516,CO,1.9916032133535373,4.808135849854904,6.332753617193166,26.280424217076508,25.783397773056475,0.36267601004337496,22.94867306137075,4.3211075224236355,-14.30645801652348,15.975708103682335,-1.122956843534453,-18.221621790751243,100.2333300990722,135.97350118921938,1.9041445631516396,4.0,1.3170912417926526,0.20616540761724897
9893-3704,1-325913,4224,0,0.0313472,10.213637271141508,0.694682,105.218,5.12011,2.37716,True,0,90.47329711914062,47.235425685579216,0.4386269221844734,204,161,71.0,3.0,70.0,3.0,1.0,False,-1.3790457248687744,101.84386444091797,CO,2.2458180905459444,4.261283559259571,12.17896509608055,36.21298750226628,26.74072197497975,8.469686815776782,17.1784564877027,3.8975405135378094,-9.383375460627068,21.986792765704628,16.16519919820615,10.343605630707692,121.06684273317713,168.40332930866282,2.007934870157819,2.0,2.858050849401051,0.332373308152345
7958-3703,1-177250,1168,2,0.0302212,10.231308994119322,0.684304,106.536,4.29007,2.75958,True,0,87.34136199951172,48.0932969520791,0.42344287224103816,197,134,78.0,2.5,69.0,2.5,9.0,False,-1.005768358707428,116.59595489501953,CO,1.8165995629151106,7.343739275142741,11.1499518416955,55.59651935644995,80.76129474558931,94.3278369398389,11.238218377808531,5.503804451687188,-0.23060947443416926,0.9146015598731719,-6.021696411395732,-12.957994382664637,182.34726005807184,226.07725652739825,2.0666834835512504,17.0,1.5182935319389832,0.3892626691847655
8079-9101,1-603795,4160,66,0.0232391,10.299862346708919,0.676882,29.3714,7.90812,2.90339,True,0,67.72904205322266,48.70053393944682,0.3283596619584544,466,390,347.0,1.5,354.0,0.5,7.0,False,-0.9915485382080078,97.29216766357422,CO,2.5967076099268924,7.89712478847035,29.849240563484067,-67.13013406614775,-63.299753622032334,-82.30871898122126,1.8526334892114742,-3.4509053536854126,-8.75444419658231,-13.556921154684957,-21.301305552516574,-29.045689950348184,163.3875867985148,192.06750372478666,1.9880778795550529,20.0,3.779760528422114,0.6943854265029903
8720-3701,1-351470,2080,0,0.0582017,10.438327125886639,0.576623,63.6473,2.80671,2.94407,True,0,162.70294189453125,56.49708070892267,0.7888061218723863,151,143,296.0,3.0,300.0,0.5,4.0,False,-0.2121204435825348,160.26947021484375,CO,2.2139500303204454,3.505080905663568,19.79867152874997,,,,51.95504665317349,25.870635374454896,-0.2137759042636995,33.3367890602704,10.730674946761816,-11.87543916674676,191.16119224001665,261.5152252397928,2.2048508013310966,2.0,5.648563346072539,0.5212621970412339
8157-6102,1-41801,2080,8,0.0634238,10.517173456621872,0.602521,111.249,4.06472,3.45734,True,0,176.21563720703125,54.543927568126215,0.8543175174340333,290,161,248.0,3.0,251.0,1.0,3.0,False,-0.7189439535140991,175.50582885742188,CO,3.4725614994644642,6.482305285416807,21.513121611952933,88.89620026997353,54.87934757325724,-0.1272467544875587,55.326640156755644,21.91501287828049,-11.496614400194701,57.789073011659994,32.27202952512356,6.75498603858715,227.52497842746388,301.0709048487234,2.2442915447253577,1.0,3.3187455179488135,0.335603556814605
9184-6103,1-201915,2048,0,0.0592941,10.501836733920078,0.55216,143.403,4.00491,6.0,True,1,165.5436248779297,58.31301550900499,0.8025781416128525,254,167,34.0,3.0,37.0,0.5,3.0,False,-0.11572453379631042,157.86375427246094,CO,3.2142532251267286,5.078092551202948,17.249432764784622,94.88249063585509,58.142630120991946,19.216458712612123,47.95880559013245,26.24108460274993,4.52336361536741,31.543626611844772,21.819443428089496,12.095260244334233,189.21416197610023,257.1544386990753,2.198282426864289,14.0,3.396833080700431,0.6383616619452314
7991-3702,1-23979,1168,64,0.0266298,9.950524034052464,0.740375,43.3663,4.33234,2.96698,True,0,77.29476928710938,43.31864874192586,0.374735616285958,185,112,303.0,2.5,298.0,3.0,5.0,False,-0.08945766091346741,95.09603881835938,CO,1.6234820998603072,5.41113682874762,11.984723959360394,19.132884663124248,11.32548656846686,4.722974588092785,25.82705776435618,24.580145668726882,23.333233573097555,28.707660377663018,26.976866466264774,25.24607255486653,145.83566171060394,176.98748846466256,1.97816242697782,8.0,2.2148255234813936,0.42663676424299657
11761-6104,1-195292,1168,0,0.027622078,10.08823133941959,0.74340904,146.63672,6.3879013,3.954261,True,0,80.07931518554688,43.04942204877523,0.38823547575835743,322,162,208.0,4.0,217.0,3.0,9.0,False,-1.1428859233856201,119.56275177001953,CO,2.48000990030293,7.864524590344546,21.974918190428784,71.47582016104671,84.7114056425759,82.05216747110612,53.73520770863082,45.33180310212552,36.928398495620236,27.539526935609405,15.953854799750724,4.368182663892008,144.12745614928022,192.96768087871845,2.0775959018906818,16.0,2.7941826537624266,0.5683742524394082
8945-1901,1-279544,4608,8,0.0331186,9.770621553603656,0.784845,149.189,2.43629,3.67727,True,0,95.38314819335938,39.23263678415984,0.4624305519143894,97,82,173.0,7.499999999999998,160.0,4.0,13.0,False,-0.252000629901886,90.23226928710938,CO,1.126614929323508,5.294005368885172,9.745550206844003,,,,46.25367175277637,39.012173898862876,31.77067604494944,13.153094546555865,3.553859983420902,-6.045374579714045,66.22725457445745,133.60483270879192,1.9553618797490906,6.0,1.8408651914337313,0.3337110481586402
10516-3702,1-60715,1168,0,0.0225089,9.649393280049168,0.453329,158.991,5.24894,0.969029,True,0,65.65870666503906,65.46715697165072,0.3183223927516881,170,174,22.0,4.5,28.0,2.0,6.0,False,3.985299587249756,67.68783569335938,CO,1.6708551402100458,1.8744595057127866,10.05104901335995,16.321203245132807,6.024415806988066,-10.940572386185194,4.471695845747517,-5.139359458876635,-14.750414763500793,9.197671152725425,4.079695090879949,-1.0382809709655307,115.17347212306753,136.63683789270797,1.8305106278295924,6.0,5.3621051736393275,0.6559332703808625
9862-12703,1-456987,1168,0,0.0237407,9.731998693908151,0.461002,55.961,3.4259,2.94966,True,0,69.14909362792969,64.91744443482563,0.3352442662714455,291,145,126.0,4.0,153.0,0.5,27.0,False,3.8761680126190186,71.74421691894531,CO,1.148513331819345,2.5339233626928115,7.316501918910023,,,,-10.438475162549253,16.802155243541787,44.04278564963279,-22.770606938320128,-4.950892726216057,12.868821485888022,75.37906711941149,110.35541077871763,1.8557868996720606,23.0,2.887420364258667,0.6211323575700347
9047-9102,1-270068,2336,0,0.0427618,9.68038809703681,0.453685,147.78,4.45111,0.777284,True,0,121.74627685546875,65.44165723627063,0.590242606436805,165,158,215.0,8.0,216.0,3.0,1.0,False,4.6225504875183105,66.63058471679688,CO,2.627234767936927,3.024421802183269,7.062248143514465,9.231669216613838,-0.24506625554648498,-20.822968153070146,0.012828213453577698,-10.470157263813778,-20.95314274108114,-6.37322266303782,-14.826906941873423,-23.280591220709013,108.13765446505377,128.85132952912934,1.823673624436741,15.0,2.3350738109401177,0.516222064841045
9085-6101,1-178403,2080,0,0.0668766,10.545566873074014,0.751823,50.0742,3.67338,2.89912,True,0,185.05784606933594,42.29605334505928,0.8971857557107662,267,190,308.0,3.5,310.0,1.0,2.0,False,0.4129147231578827,166.21055603027344,CO,3.295704211312814,4.344710479440689,11.617171134036505,106.17711297992622,64.76632845898904,7.445174618139553,39.37429158428892,14.248631832647792,-10.877027918993313,18.983383796723782,1.2842856476907576,-16.414812501342276,250.23888240347583,312.4123630678849,2.2206586023609507,2.0,2.673865425327956,0.3184844192634561
10507-6101,1-280180,1040,0,0.0334189,10.642779986367342,0.744769,76.9496,6.27381,3.19064,True,0,96.21342468261719,42.92833330249539,0.46645584592534733,314,88,96.0,3.0,88.0,1.5,8.0,False,0.5091778635978699,174.87303161621094,CO,2.9264553507249036,6.949231775222645,24.041098592330137,152.99712403738823,120.58305731275613,61.619474881460775,112.25933186031038,60.9262047295505,9.593077598790611,,,,128.77761393791974,243.12694705070388,2.2427228390765586,79.0,3.459533279354449,0.7967815549260309
8620-12705,1-114820,1040,0,0.0298338,10.615734428237468,0.733706,165.684,10.6338,2.19084,True,0,86.26184844970703,43.906071472333636,0.4182092428621539,666,349,18.0,8.5,354.0,0.5,24.0,False,0.1939356029033661,183.0093994140625,CO,4.447153446747572,2.7114291371623036,27.715978454248006,269.22561507388355,259.54730123091446,211.33346409412854,233.72046613600892,181.55113676222507,129.38180738844122,179.38254074454358,132.99978608163488,86.61703141872621,92.97990523248312,223.47673801418318,2.262473395789607,23.0,10.221907729167016,0.854465690903368
8137-1901,1-338677,1552,0,0.023256,9.880185697361707,0.605651,34.7409,3.56944,3.7918,True,0,67.77690887451172,54.305440833225255,0.328591726856776,101,101,140.0,4.0,140.0,2.5,0.0,False,0.17945614457130432,117.92916870117188,CO,1.1728884535116506,4.011092427933,13.5014405752469,40.16370889007595,65.66139695961863,73.75343831673614,48.905590792970344,43.65065252208141,38.39571425119246,32.61629908012238,24.635867497575614,16.655435915028818,110.34248762670299,176.55355206370467,2.071621237149382,5.0,3.3660257941760956,0.5061181932640856
8440-3701,1-216520,1040,0,0.0239988,9.93775553551394,0.60331,135.413,4.71245,5.41287,True,0,69.8791275024414,54.48386312553083,0.33878357037181234,201,88,43.0,7.0,45.0,6.5,2.0,False,-0.22055308520793915,166.6129913330078,CO,1.596500636198647,8.390366964238256,28.554237757955736,104.2433999506688,66.62904567534585,5.8969401856763115,72.18103583897077,22.632919812248865,-26.915196214473042,26.889316803666635,-2.852736528936037,-32.59478986153872,87.80230668960488,207.4565061124221,2.2217088616822185,23.0,3.4032167936945674,0.6822434686811458
8328-1902,1-592574,1168,0,0.0274285,10.141296096902925,0.577347,95.6716,2.92828,4.61915,True,0,79.53662109375,56.4429347874732,0.385604420554753,98,83,271.0,2.5,252.0,2.0,19.0,False,-0.1801355481147766,136.30075073242188,CO,1.1291577126220722,4.295570142639109,19.499976246566888,,,,31.201215562949365,57.92149364180219,84.64177172065503,36.13903971349909,50.94379465453682,65.74854959557453,138.79461319928234,203.72584612477937,2.1344982478966714,15.0,4.539554843489649,0.7231665092854895
8258-1901,1-277213,1168,0,0.021032,9.313650018823289,0.704367,149.314,2.88093,0.924546,True,0,61.46002197265625,46.42505197988393,0.2979665949363644,95,95,208.0,4.5,210.0,3.5,2.0,False,0.1985020637512207,54.057334899902344,CO,0.8584209023500203,1.0483211266925176,4.251222531678642,,,,7.277270328063255,0.5443869854140282,-6.188496357235194,-3.183355142974434,-10.232878109865677,-17.282401076756937,97.01564682209701,109.92706696685667,1.7328546305821424,1.0,4.055267439941201,0.40227022348127167
9037-3702,1-199449,1552,0,0.0187803,9.496083748599895,0.637244,104.993,4.45665,3.15769,True,0,55.029598236083984,51.864607592850305,0.26679102090814705,193,125,256.0,6.5,277.0,19.5,21.0,False,-0.9218056797981262,51.24615478515625,CO,1.1889942033302934,7.420722529461921,12.243937560404984,-41.066115184730855,-43.65732714211216,-25.130328686378654,-59.20682246282296,-45.378351971200566,-29.959006734763236,-56.639771935852764,-33.62550160989957,-10.611231283946386,77.38113390629267,93.66408198494456,1.709661284006061,21.0,1.6499656888926684,0.4292178155492603
8720-1902,1-351702,1040,0,0.0167758,9.229786756419653,0.760277,54.2955,2.80515,1.81083,True,0,49.27544021606445,41.52863086165489,0.23889407559443077,95,95,137.0,8.5,136.0,7.0,1.0,False,0.28005844354629517,52.744876861572266,CO,0.6701337161537174,0.6948822386676468,4.323806270466859,,,,9.239749029040548,-3.1407929893534132,-15.52133500774737,-5.825884102102908,-14.64751726798843,-23.469150433873956,59.47830577917687,82.60568873030934,1.7221802827602322,8.0,6.22235830744104,0.7071923197985521
8245-1902,1-464210,1168,0,0.0253694,9.844267122760417,0.628983,73.0945,3.59485,3.02224,True,0,73.74815368652344,52.50909837634645,0.3575411386379522,94,94,108.0,4.0,109.0,2.5,1.0,False,1.0537337064743042,90.88042449951172,CO,1.2853067622326426,1.3106588606177465,14.91241484106123,74.73467938974208,68.26973129534505,52.04972452409808,36.426567399272514,21.28183092584815,6.137094452423774,17.163207604135245,7.706170464892472,-1.7508666743503,127.21814427477116,164.78676537104542,1.9584703469471036,2.0,11.377800348469497,0.5809844192634561
9494-1901,1-384818,4096,0,0.0154535,9.965749046950636,0.642953,155.402,4.7995,2.75191,True,0,45.464229583740234,51.41641360816544,0.2204168050330217,97,84,200.0,3.5,203.0,1.0,3.0,False,0.23111504316329956,105.64795684814453,CO,1.0578904557559876,4.519566945299852,49.1595529867764,51.99902578430414,22.931087137037153,4.44437330657746,-109.08478216611987,-78.38605560597631,-47.68732904583273,-33.58660229438795,-26.599974622336134,-19.61334695028431,118.68292078886843,166.2404827514116,2.023861102541606,157.0,10.877049412422165,0.9790840415486308
11754-3704,1-52986,2336,4096,0.049214877,10.058453888261534,0.6240798,152.28003,2.6847255,1.7885122,True,0,139.04901123046875,52.88944887419017,0.6741286298928476,145,116,203.0,3.0,201.0,1.5,2.0,False,1.0176522731781006,99.98820495605469,CO,1.8098503229533902,4.405427374798949,23.112671790025512,,,,14.596028326974105,2.7752950013920374,-9.045438324190025,13.783193882377153,9.019562043820557,4.255930205263964,156.97701778880185,202.4565708276413,1.999948771753751,4.0,5.246408537396513,0.5950542965061378
9037-6103,1-247774,1040,0,0.0372465,10.542941140444507,0.776937,51.5954,5.55967,5.00657,True,0,106.74337768554688,39.98303145835998,0.5175064986979548,317,112,140.0,7.5,154.0,3.5,14.0,False,-2.4554669857025146,172.4688720703125,CO,2.8771653556160586,6.703841675721083,53.80070209528968,69.75361288496356,-2.7828704467054552,-131.5255980899671,182.16528111382112,127.20501850560633,72.24475589739158,543.5482997372553,528.0301732819945,512.5120468267337,69.41826367544809,201.88475563693277,2.236710723131156,62.0,8.025353923577368,0.920742839156437
11977-6103,1-325684,1040,0,0.032695293,10.529058195551368,0.79882944,133.3999,6.1460433,6.0,True,0,94.2117691040039,37.87654598885539,0.4567515458315378,330,177,48.0,3.5,43.0,0.5,5.0,False,-2.035736083984375,189.46478271484375,CO,2.8072147780225656,7.15129969272607,17.883987455556838,146.2668717200219,121.08897835473736,65.61237196475203,132.53951440906317,86.95154739736061,41.363580385658075,110.0357585021673,69.57262218378693,29.10948586540658,163.38233671679512,258.46862538260893,2.2775284961299884,33.0,2.5008024029181017,0.6119885111740636
8152-6104,1-301213,4096,0,0.0272526,10.530403346090637,0.742299,77.2159,6.59624,2.90931,True,0,79.04325866699219,43.14806835808252,0.38321253201237715,329,106,111.0,1.0,117.0,3.0,6.0,False,-1.494523286819458,173.20301818847656,CO,2.5277618321613224,9.359188144600576,25.298941247644564,148.23625730493472,125.68285432474666,95.78179898370158,60.43699702603701,52.82923907568625,45.22148112533554,,,,272.465428464217,322.17777961897514,2.238555455644261,13.0,2.7031127974748337,0.5500157381177211
9031-12703,1-134620,2080,0,0.0546778,10.225203280256359,0.764862,7.39801,6.19139,6.0,True,1,153.488525390625,41.10780676018286,0.7441333700270338,411,293,165.0,6.0,168.0,1.5,3.0,False,2.9738855361938477,152.58558654785156,CO,4.607219905851677,7.145627377843017,17.86401657857604,137.0892197809305,105.06100506892679,63.27741386193804,51.52813280157958,30.964690957368337,10.40124911315713,23.3823164265942,9.821508645801211,-3.7392991349917803,162.15295485731212,223.92565936121596,2.183513511480112,2.0,2.4999927415706478,0.30181775259678945
11838-3701,1-1747,2080,4160,0.055798467,10.338589012888326,0.80972683,91.36948,2.4758403,3.2008867,True,0,156.42733764648438,36.79168532177184,0.7583811339055638,193,188,274.0,5.0,275.0,3.0,1.0,False,3.0746328830718994,122.3533935546875,CO,1.8776305740830914,2.0785175847870816,6.105437703223869,,,,23.681524823017632,5.844154705609587,-11.99321541179845,-8.790473523163275,-23.64052667891804,-38.49057983467281,133.46123174338155,199.17167393532722,2.0876160193080464,5.0,2.937400072008193,0.4602848599307523
10839-9101,1-53217,2080,0,0.058613725,10.290207515229044,0.754914,96.344734,4.611101,3.1504738,True,0,163.77523803710938,42.01671368861904,0.7940047602736149,392,232,305.0,6.0,324.0,4.5,19.0,False,3.498093843460083,123.65676879882812,CO,3.6612361441024257,6.572681639828919,22.46649484526983,39.12612266533738,40.72353591815561,-4.799112976918587,33.5311875319846,-3.009822550553537,-39.550832633091666,-47.56822342935097,-92.44422308476209,-137.32022274017322,95.6631922503147,162.70863127352814,2.092217894021396,12.0,3.4181626429504974,0.624087189172175
9512-3703,1-53968,4160,0,0.0163325,9.653154603983685,0.823527,167.417,4.03517,6.0,True,0,47.99909973144531,35.37846362258734,0.2327062023074574,196,132,2.0,14.5,17.0,3.5,15.0,False,-0.878136157989502,91.13358306884766,CO,0.9390090863649828,5.8150746800941215,10.112021705800284,19.36198539504204,-23.70958173916215,-76.52836733411442,6.480343666880667,-27.436296146861338,-54.07714187750797,-17.475484737316542,-21.121594227896583,-24.76770371847662,54.30053022121263,118.30176507044322,1.9596784456212177,7.0,1.7389323890224937,0.3382082152974504
12484-3701,1-575184,1168,4096,0.026111374,9.756630708053217,0.8557001,99.06622,3.3161368,2.7855682,True,0,75.83729553222656,31.880051282197538,0.36766958412370526,191,93,86.0,5.5,92.0,4.5,6.0,False,-1.4140477180480957,108.2770004272461,CO,1.2192426381533148,7.266543919620835,12.120821204281347,60.265457006189735,38.273895449090524,0.7666636895665829,28.730949351501287,10.704252544064012,-7.322444263373235,21.227610991176448,8.987101419081439,-3.253408153013584,146.03570446319793,188.75671977865508,2.0345362161053115,5.0,1.6680310940601604,0.2825070821529745
12622-1902,1-420769,1168,4096,0.024402563,9.595165800878625,0.7640088,105.049164,2.5253625,6.0,True,0,71.02023315429688,41.18636881749536,0.34431580668792183,100,99,106.0,4.5,91.0,5.5,15.0,False,0.06887023150920868,100.33209228515625,CO,0.869522226366927,1.8421031791763314,8.186772188228124,,,,-32.825706297164594,-31.664676775006157,-30.503647252847713,-12.39629216851363,-5.71103207775399,0.9742280130056564,95.320843303768,151.86834821466937,2.0014398689435313,11.0,4.444252787126026,0.6773528485993074
8725-3704,1-73029,2080,0,0.0501992,10.193188624231412,0.755791,6.23082,3.13793,5.3251,True,0,141.66476440429688,41.93719791119923,0.6868101591436233,171,56,120.0,13.0,115.0,16.5,5.0,False,-0.8073987364768982,110.4000244140625,CO,2.15516220268155,8.094135536881339,17.845527315893293,19.317863967471567,-90.94463352706536,-181.86006332447954,-46.30583453432476,-27.67833092125804,-9.050827308191272,-90.6119629615231,-71.10360299628643,-51.59524303104981,49.831796371564685,151.26483183339354,2.0429691694338636,6.0,2.2047477750501265,0.3934332703808624
8940-6104,1-584801,1040,4160,0.0256511,10.258814411932045,0.707567,25.7249,3.62949,3.36754,True,0,74.54176330566406,46.155117795307305,0.36138866664614727,331,333,149.0,1.5,154.0,0.5,5.0,False,-0.14814864099025726,121.05187225341797,CO,1.3116565517055252,5.724947292704162,12.49107307948973,25.5601215111444,19.316506248794255,10.298052095623502,-17.153629170903038,-19.755782792452393,-22.357936414001777,-55.132160231457746,-56.79274402531412,-58.4533278191705,179.3486238339772,225.83986450592352,2.082971510861933,4.0,2.181866913501244,0.32699874095058235
7990-3701,1-23894,1216,0,0.030415,10.183688273447988,0.721846,91.2139,5.00001,3.78586,True,0,87.88101959228516,44.9366375176555,0.42605920608195014,186,78,84.0,7.0,81.0,3.5,3.0,False,-0.5615603923797607,130.78497314453125,CO,2.130300291001811,7.161320967187207,15.988186798342085,124.94648801310952,109.82560386837152,75.39617462328093,138.57484130112874,110.66110665856846,82.7473720160082,,,,87.06016395892811,163.2674575870671,2.116557847540917,32.0,2.2325750893723533,0.565364337425244
11746-6101,1-218690,2048,0,0.06555224,10.645212715928915,0.7054129,39.380447,3.5970583,2.5466864,True,0,181.67495727539062,46.336947527972164,0.880785048020998,253,140,127.0,2.5,119.0,2.5,8.0,False,0.9305694699287415,171.52745056152344,CO,3.1682351674998293,6.871669266489915,23.672963316875315,30.64922809296297,13.795405537700153,-17.943762622448922,17.912934028345145,1.7639973617587505,-14.384939304827617,40.80093930145069,31.68465234379161,22.56836538613253,245.26344612493574,314.46304874672444,2.2343336326784935,41.0,3.4450091235208107,0.7458726786276362
10496-1901,1-122869,2080,0,0.0597207,10.510359993522783,0.742408,11.0909,5.05838,4.46862,True,0,166.65093994140625,43.13838933588384,0.8079465565335736,92,91,169.0,8.0,190.0,2.5,21.0,False,0.6827789545059204,161.1542510986328,CO,4.086900702638298,5.961732852413344,22.052491868634146,37.22355962149006,18.939658088546565,-63.028853970166054,51.707975572201654,-14.283984136995366,-80.27594384619239,,,,127.55212996279643,224.5143072007943,2.207241766282279,39.0,3.699007052908647,0.7638456090651558
9045-6101,1-373995,2048,0,0.0587474,10.526421992270944,0.703507,59.4561,3.71645,6.0,True,0,164.12290954589844,46.497408712129214,0.7956903193135442,244,174,302.0,2.0,307.0,1.0,5.0,False,1.4011116027832031,182.05296325683594,CO,2.9571432872128214,10.561623588150304,24.407437566796556,62.30723891170777,-12.861133836012748,-45.879881841744094,-62.669357486925854,-59.08177080943308,-55.49418413194028,-111.21005616211005,-97.28109323603807,-83.35213030996614,227.59092112171103,303.6865913568972,2.260197752292861,17.0,2.3109550688949634,0.5184293358514321
11759-9102,1-54894,4624,4096,0.022028822,9.984485051959279,0.5036024,103.320656,7.798556,5.0785136,True,0,64.29553985595703,61.854254124539004,0.31171357356491414,440,322,86.0,4.5,82.0,1.5,4.0,False,1.942169427871704,93.7668228149414,CO,2.4309157594061026,4.664621111118423,18.68740988182672,73.59902797342333,50.4042011920586,32.591611037762895,21.947170568160384,21.653092478661964,21.359014389163544,8.670527282496247,13.641477106554259,18.612426930612287,87.33826773415987,131.6193615989888,1.97204920066926,2.0,4.00620102612066,0.44765108593012276
8717-6101,1-121697,2080,0,0.0456332,10.119533010088299,0.523431,162.449,3.93459,1.71699,True,0,129.4785919189453,60.41663801967211,0.627729927731033,173,67,18.0,4.0,13.0,13.0,5.0,False,2.205536365509033,86.00193786621094,CO,2.4698598963512453,11.017502786339591,21.41741429375508,-27.276955799912624,-46.728540274378446,-41.8329899254487,-125.9930509287555,-121.42988794482795,-116.86672496090037,,,,143.48008916261116,174.56888978997114,1.9345082372333369,139.0,1.9439445316328994,0.6040014164305949
8945-6101,1-279381,4224,8,0.033343,10.129128942251212,0.519689,28.5351,5.41735,3.77353,True,0,96.00362396240234,60.68872412124889,0.4654387033306793,304,246,148.0,4.0,147.0,1.5,1.0,False,2.281982898712158,87.77818298339844,CO,2.5214443594884557,2.258225869536229,8.250379897129719,49.29587342653333,41.522580804659235,19.514832238139768,41.71628341477372,26.59676013891958,11.477236863065475,31.519474567929205,19.488562156216748,7.457649744504269,129.775194026373,161.92836803307696,1.943386586665585,2.0,3.6534786039024945,0.4268177525967894
12078-6102,1-34944,1040,4096,0.047719218,10.77916433365887,0.6099948,117.457756,5.357586,3.8494062,True,0,135.0625457763672,53.97353327201299,0.6548016999786579,123,86,241.0,1.5,265.0,0.5,24.0,False,-0.962263286113739,314.4666748046875,CO,3.5081564205818583,14.515600675423144,281.27462743425696,365.098606946226,365.696884764801,300.1700436154905,-110.1855486675862,-87.87977902416954,-60.027046885603006,-131.45216533403877,-190.59902790591778,-249.74589047779685,647.3291030301417,688.462299064938,2.497574628429042,69.0,19.377401853613442,0.9667965061378659
9499-6103,1-218047,2080,0,0.0732575,10.67832987071773,0.672955,25.9436,3.2812,2.8381,True,0,201.2079620361328,49.019798306324475,0.9754837274328532,251,124,339.0,7.0,338.0,1.5,1.0,False,-1.1894466876983643,217.73031616210938,CO,3.200757206452678,8.240960251516139,18.733802011886926,13.528530831068409,-73.64730973817001,-245.15651815284755,62.602024887135535,17.52628976085439,-27.54944536542678,100.38086281579646,58.68503082150005,16.989198827203623,133.97467546569086,276.9146542874664,2.3379189032040046,1.0,2.273254747035135,0.2189368901479383
8601-6101,1-594528,1040,0,0.0281495,10.457494339235367,0.558738,91.8217,5.86529,3.23006,True,0,81.55665588378906,57.82718543267913,0.3953978255800347,322,50,89.0,1.5,78.0,0.5,11.0,False,-0.8949516415596008,189.53643798828125,CO,2.3191229123963217,10.556164809437954,83.49558480268483,121.24559924904567,97.517859317159,72.50669794939645,25.326510571898122,17.397943121037766,9.469375670177413,,,,223.93633249047537,308.7984565866756,2.2776927145468377,,7.909651498433778,
8452-1901,1-167688,1168,0,0.0257723,9.636589186486667,0.868904,160.796,3.74878,6.0,True,0,74.88304138183594,30.34380016558284,0.36304322945005596,96,79,324.0,18.5,299.0,6.0,25.0,False,0.09985354542732239,54.979896545410156,CO,1.3609691976977807,3.803903470387284,10.656794504499041,42.51591928792355,43.849350862683636,45.44204094429028,49.570037231409195,44.29443464755053,39.018832063691896,52.79840438818178,54.90515817233738,57.011911956493,43.55372040345365,65.4147592353449,1.7402039183048348,6.0,2.801541781346531,0.4656554926030847
9093-1901,1-265373,4608,0,0.0302226,9.44328489725826,0.855711,156.712,3.73693,1.69396,True,0,87.34526062011719,31.878810006364038,0.42346177328710805,97,65,27.0,19.0,39.0,11.5,12.0,False,-0.12778955698013306,52.098182678222656,CO,1.5824470044497927,4.912243350280367,11.969554403178243,-8.578663563252233,-33.61082669421387,-46.24444869123814,-1.6196936298742266,-7.1865677446454095,-10.114722320102471,,,,52.45909901632908,78.88047312582822,1.7168225742287915,4.0,2.4366778169683063,0.3672765187283601
8263-3704,1-258782,1168,0,0.0241444,9.55271444107593,0.831102,98.576,5.00609,1.71923,True,0,70.29074096679688,34.58217310139994,0.3407791287602966,171,65,80.0,11.0,77.0,10.0,3.0,False,0.8994603157043457,50.68644714355469,CO,1.7059709886956334,5.546526530773917,8.50995179258746,29.671911641895544,32.121476243711776,23.385457355701973,11.111611151376236,11.111611151376236,-13.965677347488572,,,,82.41345026276738,82.41345026276738,1.7048918505048067,,1.5342848799823643,
11982-3701,1-96299,1040,0,0.035910875,10.498302667481692,0.7153573,94.57494,6.8266172,5.8038964,True,0,103.08004760742188,45.493241558875255,0.49974617329500415,183,86,77.0,8.5,96.0,2.0,19.0,False,-1.81621515750885,167.27171325683594,CO,3.4115758222498562,7.752978913101038,25.709298533376955,198.47088125962927,143.23162878780045,64.18422071466286,150.97013701603427,94.71814874572557,45.46297880347054,,,,69.29272013205164,203.3931744187814,2.2234225051278056,7.0,3.316054231739648,0.5395971041863392
9867-6102,1-198001,1024,64,0.0254747,10.370709190248483,0.70373,105.086,3.31754,6.0,True,0,74.04486846923828,46.478654032998605,0.3589796524984282,334,175,259.0,2.5,258.0,1.0,1.0,False,-1.3587095737457275,164.1221160888672,CO,1.1909293563496357,4.577688523516295,15.638002523088769,-32.62354821698568,-13.284231353287796,-67.02445692677632,1.143452316472921,-34.981870829836126,-71.10719397614517,-23.899344596207918,-70.96160983980806,-118.0238750834082,165.57863070801295,242.8858026932628,2.2151671078549144,3.0,3.4161351177027286,0.4484773371104816
8609-6104,1-446659,1040,0,0.033198,10.491644593561931,0.704731,96.4523,5.49884,3.27173,True,0,95.60272979736328,46.39440271678518,0.4634951135718002,317,74,83.0,2.0,69.0,3.5,14.0,False,-1.3119362592697144,173.30258178710938,CO,2.548685470313158,8.53549814644832,32.58770242631628,41.97173294678878,86.95409913408963,91.37629789026754,73.2931731848651,58.10865419150527,42.924135198145464,,,,206.08447103011753,272.04225267470366,2.238805032693969,20.0,3.817902817995016,0.6971632042807681
9884-3704,1-196637,1040,0,0.0291777,10.22508432097251,0.668641,140.22,4.16624,4.57824,True,0,84.43126678466797,49.36896076763626,0.40933433250616175,196,164,38.0,2.0,30.0,0.5,8.0,False,-1.4782390594482422,130.0614013671875,CO,1.7053850694604713,3.8184472353563113,18.37545557883644,-54.2407033244297,-90.04118256856069,-107.517187559835,-26.17946093620868,-27.79014730888244,-29.400833681556193,-28.6434439955668,-21.409373770017957,-14.175303544469081,192.2941945721788,239.28167930204887,2.114148429071833,1.0,4.812284796995963,0.44532577903682724
10217-3702,1-556959,2336,0,0.0518635,10.194761250652373,0.631217,179.12,2.95279,6.0,True,0,146.07345581054688,52.33527164636482,0.7081840982390237,149,64,180.0,4.500000000000006,180.0,1.0000000000000036,0.0,False,-0.42429032921791077,149.53172302246094,CO,2.0911189234392067,6.272235622139305,26.861338900138872,106.91146040785051,118.32890300599354,104.48787353322864,105.96176806294743,90.85821319339351,75.75465832383959,54.03789487004443,32.046727874815865,10.0555608795873,157.98906992442917,226.4110285479865,2.1747333376243105,10.0,4.2825780978835635,0.656979855209317
8977-6101,1-121277,2080,0,0.0541615,10.290753386067953,0.654242,87.4059,3.7656,3.60922,True,0,152.13194274902344,50.52305040047463,0.7375564717849923,219,99,99.0,5.5,103.0,6.5,4.0,False,-1.5515964031219482,131.34518432617188,CO,2.777342650153567,9.897151890379309,18.79163990021609,62.12925001920775,34.14298244925463,38.980831323125116,49.09127796789241,50.53923133848654,51.987184709080665,90.43089522303451,122.2919405534259,154.15298588381728,156.70083446747518,218.5385920201927,2.1184141543287134,18.0,1.8986916749739706,0.4532341831916903
7968-3704,1-635629,1552,0,0.019894,9.561041723716013,0.479965,14.1828,4.22044,1.14171,True,0,58.214508056640625,63.55701704735866,0.2822318994492068,158,167,345.0,4.0,337.0,3.0,8.0,False,0.40082600712776184,67.82843780517578,CO,1.1911427977114104,1.2362621695134814,15.80122189557007,5.240407506843009,-7.332731072771776,-32.45206657610782,1.9393268021497512,-13.830663424013236,-29.459174353530962,-4.1209582689212505,-10.796597360607642,-17.472236452294048,95.68070709775529,124.60132660598889,1.831411814700218,0.0,12.781449020468273,0.49951211835064524
9498-1902,1-229699,1168,0,0.022669,9.345834250205824,0.500089,66.4949,3.61258,1.88437,True,0,66.11295318603516,62.10800853734565,0.3205246420314413,87,92,123.0,7.0,117.0,3.5,6.0,False,1.4685351848602295,60.51200485229492,CO,1.1579209113099442,1.8072247487538702,5.072398017977494,19.517744036435218,9.381861531386791,-9.495348326021492,15.48900147226586,7.268618864160802,-0.9517637439442581,7.0597068895695765,2.217801539819887,-2.624103809929787,86.44039556230427,110.50459862435001,1.7818415419898535,5.0,2.806733374736622,0.4408404154863078
8086-6103,1-290015,2336,66,0.0388496,9.557302638328947,0.555749,2.01251,3.42943,1.59686,True,0,111.12477111816406,58.048155589917585,0.5387480934825176,100,81,345.0,11.0,351.0,5.499999999999998,6.0,False,0.6461522579193115,52.502254486083984,CO,1.8475988742317504,5.248711273879513,6.620935464050062,,,,27.222563289363254,31.55783263539839,28.727466782900713,59.989987560627995,54.808124900717786,47.65465909245551,72.86160634817858,78.2264678546481,1.7201779527363117,4.0,1.261440212381179,0.19783207428391564
8146-3701,1-201317,1168,0,0.0258345,9.942609692332663,0.495964,45.6055,4.41769,2.91795,True,0,75.05815124511719,62.40561133434949,0.36389218602421564,150,69,310.0,3.0,334.0,0.5,24.0,False,1.5198047161102295,126.52520751953125,CO,1.6075628712773173,5.438375965215824,13.959367609086502,-0.6372260860928026,5.086987802720372,-22.905593913944863,-24.988399914078425,-48.470664848373104,-71.95292978266778,,,,153.98844208780218,203.67390319909205,2.1021770582867996,19.0,2.566826511879915,0.567205697198615
10504-3703,1-300968,1040,0,0.0230389,10.038003845201851,0.485722,174.077,4.88858,4.58405,True,0,67.16177368164062,63.14317367141926,0.3256094672844174,184,147,8.0,2.5,11.0,2.5,3.0,False,1.8428025245666504,126.05765533447266,CO,1.5917679295772573,3.1145788864201895,16.2751767260498,9.733407383793477,-34.99422763175307,-92.07781951776586,-12.788983743914194,-35.655341652331,-58.52169956074779,-5.3364581291777,-18.51225264673163,-31.688047164285525,134.11288912183886,190.47216565385125,2.100569225010996,3.0,5.2254822624692085,0.5540328926660372
11945-1902,1-569313,4288,0,0.029527688,10.034863385285066,0.4582581,89.81065,3.723983,3.2772884,True,0,85.40813446044922,65.11405435530703,0.414070320644686,98,76,92.0,4.0,86.0,4.5,6.0,False,2.0675272941589355,121.23900604248047,CO,1.5419908348853597,5.763033260781908,9.443060393739836,-4.69246832744693,-47.03301232090506,-71.69319423220837,-26.1634818531212,-46.09699810049815,-66.03051434787511,17.08347122437266,24.691338508020362,32.29920579166807,122.51386001337251,190.71993408182317,2.0836423672202016,2.0,1.6385573302172187,0.16153997481901164
9090-6102,1-296822,2304,0,0.0334563,9.208769103571807,0.833968,74.3068,3.93861,0.828579,True,0,96.31678009033203,34.27680601175689,0.4669569270821154,159,97,270.0,11.5,269.0,10.5,1.0,False,1.6140754222869873,47.65980529785156,CO,1.8391612225748906,3.7691967903916193,7.482941623191657,6.463283256553333,-5.702568879797436,-23.49850322502296,-3.2037815868607638,-8.179346547429844,-12.853248106151993,-0.4653676052018104,-4.075585282575767,-7.6858029599497355,72.73930333284352,86.73167122707028,1.6781522638131776,4.0,1.9852881235246356,0.2908876298394712
12487-6103,1-585493,1168,4096,0.020450845,9.08291409622125,0.7777435,100.77324,5.606247,0.84454906,True,0,59.8037223815918,39.90701749642673,0.2899366279187226,328,238,110.0,11.5,112.0,5.5,2.0,False,1.2466708421707153,48.28989791870117,CO,1.6254563504594548,3.215214636373919,3.89846375576184,12.764819759507253,19.575829408738915,-1.1213775704957116,21.592201950486487,20.9257406454467,3.9668471770104756,26.490455472070384,1.031297640737619,-38.358803727387944,54.305678392675404,60.46103585184527,1.6838562873346672,6.0,1.2125049791881022,0.25454438149197356
12510-1902,1-10375,2336,4096,0.038751837,9.220365788889001,0.8497437,150.93611,2.056577,1.1360786,True,0,110.85806274414062,32.552160472996455,0.5374550547965872,77,98,203.0,16.0,205.0,5.5,2.0,False,2.1196448802948,56.54784393310547,CO,1.1053177042284008,2.5941730593922916,2.1784345508522933,,,,-0.7071175582244306,-21.583094129843403,-42.45907070146238,-4.9150517365904856,-20.270845961473043,-35.62664018635559,62.40218296968715,92.16563107201969,1.7524160507149544,3.0,0.8397414131509835,0.14569955933270382
10507-3702,1-280222,1168,0,0.0250354,9.560444673193187,0.363115,177.461,5.22976,1.16387,True,0,72.8064956665039,71.98166399334328,0.35297585172763235,142,140,1.0,4.000000000000001,3.0,3.000000000000008,2.0,False,3.637805223464966,60.46977233886719,CO,1.8459789903311026,2.035923040108329,8.779531167482997,17.38607336793268,11.552463977734364,-3.0117101190161644,4.904906568811189,-5.967299832529375,-16.839506233869947,5.368246960546681,-0.844712859819985,-7.057672680186655,114.71324904053733,135.55686867672983,1.7815383335445916,36.0,4.312309942234284,0.7893610324205225
9893-9102,1-324789,2080,64,0.0382303,9.6247656367922,0.372517,52.0975,4.44239,1.09111,True,0,109.43418884277344,71.29136105187551,0.530551919321011,182,103,309.0,8.5,311.0,3.0,2.0,False,3.449164628982544,55.99403762817383,CO,2.3569185408724658,4.004670490159765,9.617262366023477,15.79585148613452,14.289007573562687,5.553982460782179,18.647008439371845,13.458875711842358,8.270742984312871,26.00870623079253,20.34882120046374,14.688936170134948,97.69203507021004,111.23839254938197,1.7481417848090184,55.0,2.4015115325105807,0.6421191375511488
7960-6103,1-177763,2080,0,0.0379607,9.610642067109465,0.375355,136.021,3.5741,1.03118,True,0,108.69744110107422,71.08386249383743,0.5269800654739877,127,87,222.0,9.5,232.0,8.5,10.0,False,3.408689498901367,56.563114166259766,CO,1.8834794520105793,4.861173853693813,11.668072861655956,,,,-46.52221069607493,-53.52837444981382,-53.08841950431175,-68.76095352782649,-66.41569817373933,-64.07044281965217,81.40337155995154,94.6438701569205,1.7525333121748168,11.0,2.4002582941545794,0.4884639597104186
8138-6101,1-339010,4672,0,0.0313198,9.955613197242938,0.36191,163.521,5.57316,1.20949,True,0,90.39718627929688,72.0704853703108,0.4382579264201036,210,199,12.0,2.5,14.0,1.5,2.0,False,3.747589349746704,82.42072296142578,CO,2.4424815452074644,4.909140852141566,30.48813254363274,13.191946347042203,16.78053566987872,15.584954108800844,29.23759893580083,21.11516194982804,12.992724963855261,30.931271871598398,30.734842293238113,30.538412714877825,139.95633278745598,164.52159110522047,1.9160364196617652,3.0,6.210482335281251,0.5790328926660371
8933-12701,1-456759,2080,0,0.0453141,9.987294363957316,0.370562,94.0036,5.1624,1.95953,True,1,128.62193298339844,71.43452278747432,0.6235767280110543,221,208,271.0,5.5,268.0,0.5,3.0,False,3.7281665802001953,83.99470520019531,CO,3.2191525006842667,5.435492699217411,16.594824984342246,0.7384227422782593,-6.955719984370562,-19.000794354742276,5.439365897316272,-4.695399804082868,-14.830165505482002,21.249240733894155,18.457672006687506,15.666103279480836,147.7853668160994,182.9192377668195,1.924251910171243,2.0,3.0530488959596114,0.3559844192634561
9878-12704,1-626306,1168,0,0.0246908,9.953708481578309,0.3454,65.8098,10.223,0.984072,True,0,71.83415985107422,73.29694991915831,0.3482618346681013,484,382,101.0,4.0,105.0,2.0,4.0,False,3.996931791305542,78.41954040527344,CO,3.560280735812,2.667499479307848,9.873650688668231,-0.5441468728841845,-6.097997306108356,-29.106707821835727,2.4776632050671563,-6.729580537659242,-15.936824280385641,8.107274896148079,-4.233249869464706,-16.5737746350775,113.48270694070119,132.51064234241247,1.8944242926946322,8.0,3.7014630238016792,0.6016367642429965
11824-6101,1-83393,1024,0,0.028574273,10.519899049561221,0.74183154,95.93545,7.2998347,4.8034053,True,0,82.7450942993164,43.18955954171733,0.40115953761007267,318,164,265.0,1.0,265.0,1.5,0.0,False,-0.1151934564113617,202.6478271484375,CO,2.9283983128819635,5.645860137628059,25.109565785164534,140.49463605235886,103.72053368346575,64.37835739683862,39.81287153704641,22.50172058041923,5.190569623792048,,,,314.40419684961336,364.82535905754406,2.306741951465313,67.0,4.447429651651551,0.8465612212779352
11944-3704,1-200363,1040,0,0.032880455,10.46005390593605,0.7067903,40.730072,5.5873227,2.988206,True,0,94.72429656982422,46.22073797590011,0.4592363491052788,196,79,138.0,3.0,137.0,1.0,1.0,False,-1.3051689863204956,192.4107208251953,CO,2.5659016780210484,8.015372843255815,41.88479653451371,177.33026878560298,186.83658348938198,145.9708018878847,177.19163703108615,146.5723279986221,115.95301896615801,,,,138.67618585840648,254.05579778220584,2.284229266586976,19.0,5.225558106103055,0.7685945860875039
8609-3703,1-446684,2080,0,0.0513269,10.312105391352912,0.720379,110.534,3.04955,6.0,True,0,144.65394592285156,45.06291179282737,0.7013021200987742,182,60,256.0,4.5,260.0,4.0,4.0,False,-1.5394535064697266,194.40744018554688,CO,2.138655880347217,9.109593394976049,35.65310835700387,36.02993331221495,37.45350011797614,-32.55173647031329,55.47749426372777,27.13693044045231,-1.2036333828231742,-71.70897609519939,-128.3928202502014,-185.07666440520345,156.5020793695781,275.3048360166361,2.288712881833544,65.0,3.9137979941746472,0.8110757003462385
9034-12705,1-198664,4672,0,0.0191239,9.808161664530802,0.715213,20.9678,6.39376,1.82368,True,0,56.01313018798828,45.5055638915759,0.2715593183690627,635,247,195.0,3.0,202.0,3.0,7.0,False,0.6484390497207642,74.0534439086914,CO,1.7362851074153784,4.391220309530247,13.104024821793493,13.09149565796268,16.918730466665643,12.387100017419574,18.8485446765688,12.224954265223326,5.601363853877857,30.752938321054497,25.743867057540484,20.734795794026496,130.50779272480224,152.27820644982378,1.8695452605042455,10.0,2.9841419692275246,0.544479855209317
8624-3703,1-23679,4672,0,0.0288376,9.778573758092284,0.71018,139.362,4.26267,2.80514,True,0,83.4812240600586,45.93386979940514,0.4047283954008697,184,156,245.0,6.0,245.0,4.0,0.0,False,0.5820838809013367,74.81746673583984,CO,1.7252235892234251,5.191465893332622,8.183567386919272,41.100437109943066,19.565199475159368,-4.985259373289993,12.262289390109512,-5.379152873446221,-23.020595137001976,2.7581865078349574,-2.532253816114002,-7.822694140062947,97.60460488277303,140.32070325954467,1.874002999220761,6.0,1.5763500242637427,0.29204438149197354
11830-1902,1-319447,1168,0,0.024893008,9.735776892022951,0.70809776,34.49585,3.582305,4.916087,True,0,72.40481567382812,46.110238131618964,0.3510284521688604,93,65,324.0,7.0,313.0,20.0,11.0,False,0.150210902094841,69.61961364746094,CO,1.2574909793467695,6.575001216763488,11.479393115812329,-29.65058357739752,-54.44000561608308,-27.62298946128462,-26.764132371669817,0.4405095306003689,27.645151432870556,12.40497471280766,30.537002688804485,48.66903066480127,85.96082424010129,117.12187753786185,1.8427316088471297,18.0,1.7459149796877151,0.4365675165250236
9507-3704,1-385153,2336,0,0.0436572,9.592981289228694,0.738706,61.5913,2.73764,0.875804,True,0,124.1632080078125,43.46621406073983,0.6019602193263659,120,148,119.0,8.5,130.0,3.5,11.0,False,3.7105391025543213,71.47481536865234,CO,1.6479503748366322,3.5587144993738273,5.69618278584243,,,,11.8796278587282,2.1982487687591923,-7.483130321209802,3.990913412604052,-6.820303435033585,-17.631520282671225,96.87394861616039,120.23972969987018,1.8541530421765247,6.0,1.6006293246745982,0.2962110481586402
8566-3703,1-43272,2336,0,0.0418133,9.607746599632254,0.742205,175.279,2.47123,1.38721,True,0,119.18031311035156,43.156414093476414,0.5778024631481663,108,126,196.0,6.5,187.0,5.5,9.0,False,3.9902212619781494,71.45075988769531,CO,1.427882781005643,2.45268006334633,5.709980834132718,,,,-27.640485235128548,-33.961627853437925,-40.28277047174732,-31.657072949267846,-34.1715907377354,-36.68610852620293,104.93231564112702,136.26497902836908,1.8540068519272417,0.0,2.328057751789391,0.18978989612842304
10498-3704,1-385342,2336,0,0.0438923,9.6760952426731,0.723886,142.531,2.84362,1.65382,True,0,124.79695129394531,44.76061180683413,0.6050326934806509,143,186,38.0,6.0,41.0,1.5,3.0,False,3.541421413421631,71.08808135986328,CO,1.7204830678354486,1.78269360902681,7.495594744833248,,,,9.375114598788176,1.5182487100230688,-6.338617178742053,13.019254852822884,9.846286139100014,6.673317425377146,122.75007627304812,152.54738699609356,1.851796792944391,4.0,4.20464554698503,0.5408876298394711
9490-3701,1-383608,2080,0,0.0446757,10.00539932119374,0.748788,156.848,2.53781,3.13698,True,0,126.9061050415039,42.56896768948654,0.6152581594044495,180,75,37.0,4.0,31.0,4.5,6.0,False,-0.4885486662387848,85.95013427734375,CO,1.5614083095182059,4.988597368843413,10.26344354995351,,,,16.651435428108364,-0.5483034454979383,-17.748042319104265,0.19114676773300232,-8.528462089057124,-17.248070945847225,101.51210001138352,152.13562523720407,1.9342465595089802,2.0,2.0573806204634733,0.22403997481901167
11836-3702,1-1278,2080,4096,0.045145947,10.036891069405455,0.7790781,92.0227,2.9914446,5.3526564,True,0,128.1702423095703,39.78097589532375,0.6213868698280398,197,89,303.0,5.0,308.0,3.5,5.0,False,-0.7290952205657959,90.56758117675781,CO,1.8588443962579926,5.674387797916785,9.405832127706235,,,,-8.845171789807807,-11.448376417625528,-14.051581045443285,21.810111544637625,23.89563137415073,25.981151203663817,117.07974003998848,160.9662686345891,1.9569727690277943,20.0,1.657594169217578,0.4249409820585458
11759-3701,1-207,2336,4096,0.045708895,9.975266929140327,0.6961053,114.609566,2.675854,6.0,True,0,129.68170166015625,47.11694075809119,0.6287146315440898,149,119,246.0,6.5,248.0,2.0,2.0,False,-0.7398529052734375,90.16979217529297,CO,1.682348561675779,3.770123133287201,15.172505673791433,,,,64.77543136874608,47.3935427789555,30.01165418916488,40.047709778066015,26.84936416405669,13.651018550047395,100.15937197302883,142.12040079278447,1.9550610687076653,5.0,4.024405871476776,0.56306263770853
10492-6101,1-379811,2336,0,0.0404228,9.617908890871668,0.581576,165.41,3.21567,1.55442,True,0,115.40801239013672,56.126162015244475,0.5595138331639712,142,54,20.0,8.5,49.0,7.5,29.0,False,1.3325247764587402,53.81835174560547,CO,1.7992118478903871,10.011595657792812,21.771452134019,,,,-0.9186246463240797,52.16806235197415,105.25474935027236,21.365779729447368,28.852459313364836,36.33913889728231,84.26101119864329,96.87208447903727,1.7309303928192301,25.0,2.1746235942991334,0.5324087189172175
8249-3702,1-155558,4288,0,0.0267975,9.58818988365828,0.589713,48.356,3.97204,2.49424,True,0,77.7658462524414,55.51419120609173,0.37701946186244334,176,185,127.0,7.5,130.0,4.0,3.0,False,1.1953575611114502,68.53064727783203,CO,1.4975363832960993,3.1906098536443532,6.01123179574216,-14.619879305681891,-39.9064454694315,-58.39059386711338,-40.356435279342335,-42.172920500026564,-42.52103361842416,-27.29315361798635,-18.784582609475542,-10.276011600964765,78.00934221026152,111.76025662785324,1.835884833785338,8.0,1.8840384978050695,0.3683034309096632
10493-9101,1-548337,1040,0,0.0178775,9.293090621139262,0.596756,14.4575,7.8132,4.79827,True,0,52.44147491455078,54.98174884136213,0.2542434449613675,381,296,332.0,10.5,341.0,3.0,9.0,False,1.1661545038223267,58.26057434082031,CO,1.9864548841721568,3.6733239115732474,7.690653212766591,11.30745905623688,15.040624033130765,-4.603615166902531,25.826482767349695,5.562267641374946,-14.701947484599804,14.688550689352983,-1.1852507507607106,-17.059052190874407,65.91425377325872,90.00664661734072,1.7653747616479738,42.0,2.093649620316974,0.5702470884482216
11946-12703,1-135767,1552,0,0.030795261,10.234213322881088,0.6965816,106.75686,8.255251,6.0,True,0,88.93916320800781,47.07724444719256,0.43118923109676077,669,176,260.0,3.5,257.0,4.0,3.0,False,-2.625511407852173,138.5472412109375,CO,3.559575331200765,8.901546382203254,18.328840331061436,128.56601840133496,28.563334951816877,-66.55669339554632,19.87374710859271,-18.991947562566782,-57.857642233726274,,,,101.44887030973561,203.00063331688492,2.1415978824185378,7.0,2.059062498141452,0.3826526597418949
7990-1902,1-634828,1552,0,0.0300503,10.299099615848373,0.750973,57.8956,3.35966,6.0,True,0,86.86526489257812,42.37262240174369,0.42113468833125745,95,95,303.0,4.5,304.0,1.0,1.0,False,-1.7029521465301514,151.19198608398438,CO,1.4148693669989922,0.8330955144730096,12.081083625305912,139.12640694996117,113.9915051968204,64.20010849201765,131.51834775369403,93.27981893668799,55.04129011968193,117.27938632418861,89.69907091369674,62.11875550320489,125.6169417077117,214.4798836629651,2.1795287720399132,2.0,14.501438809147869,0.5837621970412339
7959-3701,1-177659,1552,4098,0.0329884,10.361297104481134,0.744422,15.5266,4.62486,4.7478,True,0,95.02298736572266,42.959254117398366,0.4606844429480093,178,167,160.0,2.5,168.0,2.0,8.0,False,-2.4782040119171143,127.32833099365234,CO,2.1306010528125303,6.280297033134791,14.040863126940675,36.43632079342254,14.26388887403799,-2.325729729115941,-32.94428352927317,-38.98852602909483,-36.15201680604571,-112.70584638208612,-92.92107588092796,-73.13630537976981,195.85117062163349,237.1081614706067,2.104925046428737,1.0,2.235700485639645,0.21477022348127164
8078-9102,1-36878,1040,4096,0.0231851,10.110545941983252,0.598582,44.1691,6.96397,3.97955,True,0,67.57605743408203,54.843272029505286,0.32761797159486733,491,467,132.0,2.0,136.0,0.5,4.0,False,-0.2902040183544159,103.1797866821289,CO,2.281521725647508,2.360721338422613,8.9512626759357,54.47621603046351,43.77019066198874,18.541203967379484,33.78443279167148,16.436533847622535,-0.911365096426387,14.725495803030618,-3.1823414575171554,-21.09017871806492,143.98661477384667,179.57205579078632,2.013594625661053,0.0,3.7917489583572603,0.35228989612842304
8939-3702,1-298668,1040,2,0.0248864,10.189077439491854,0.606351,121.53,5.17799,2.53636,True,0,72.38616943359375,54.252028413789496,0.3509380526451916,192,190,235.0,2.5,238.0,0.5,3.0,False,0.0797557532787323,120.32942962646484,CO,1.8171537272162759,1.7018901276240597,7.416151910641238,46.059550435426445,41.61953261952108,11.075894937879736,40.78133987802965,18.88113172682763,-3.019076424374394,30.524709996189912,3.929243756526216,-22.6662224831375,180.69581358286143,218.55382165125985,2.0803718581068935,0.0,4.357597350302883,0.38562322946175637
9499-9101,1-164052,1552,0,0.0273569,10.251806066548681,0.566599,172.242,8.0263,2.80051,True,0,79.33582305908203,57.2442820292911,0.3846309242112837,483,366,8.0,2.5,7.0,1.5,1.0,False,-0.2278151661157608,109.17024230957031,CO,3.0871631869970266,3.530042729277757,8.689158970437814,68.88564461249484,52.24433605422147,19.84335659010974,44.19754761893946,24.936371844195886,5.675196069452312,12.29749331650206,-5.307878003850483,-22.91324932420301,148.49308086340744,187.41110198808622,2.038104274248304,3.0,2.461488326577737,0.3359773371104816
8088-3701,1-120450,2080,8,0.0441966,10.055920860467294,0.804642,164.546,2.30913,6.0,True,0,125.61668395996094,37.30112595093423,0.6090068695940186,192,156,314.0,4.5,321.0,2.0,7.0,False,-0.7812270522117615,105.64073944091797,CO,1.4062760327856363,3.93572111504155,9.194770184928066,,,,15.392430594400652,-0.5077422989129982,-16.407915192226636,-2.1259291302073713,-12.202502418576913,-22.279075706946454,100.55838683477752,165.20620831901584,2.0238314324249513,2.0,2.336235194558747,0.2768177525967894
8334-6101,1-261147,4096,2,0.0190065,10.026079530994727,0.799797,79.6146,5.91167,6.0,True,0,55.67716979980469,37.78126037932703,0.26993053644403997,324,84,279.0,2.0,288.0,0.5,9.0,False,-1.373221516609192,108.75927734375,CO,1.5957402543801378,7.92458479051612,27.05876642027656,23.296333315215893,37.10643957358959,41.6498247098639,38.166141073185,42.49359426779324,46.821047462401474,-111.10826670488133,-123.60263921339981,-136.09701172191828,170.449729104226,199.96785202474882,2.0364663132344734,75.0,3.41453427978455,0.7856153604028958
8447-3703,1-260823,2336,2,0.0509796,10.14870134688285,0.821864,64.3796,2.54807,2.20377,True,0,143.73422241210938,35.55125702279475,0.6968431746903151,187,100,304.0,7.5,295.0,2.0,9.0,False,-0.8355569839477539,118.13418579101562,CO,1.7756051881331512,2.6165822023942553,5.728032770368696,,,,172.53385010245404,140.1641868087406,107.79452351502718,128.6011972528122,102.41869683757835,76.2361964223445,85.17258281120036,162.9893442002045,2.0723755923807774,3.0,2.1891277732942482,0.2901440037771483
10507-3701,1-280132,1168,0,0.0266396,9.92773468900181,0.534859,23.1462,5.26245,1.68614,True,0,77.32230377197266,59.58312959628863,0.37486910723559824,172,105,158.0,4.0,159.0,4.5,1.0,False,1.7133769989013672,113.56816101074219,CO,1.972729933371974,3.7963877445595045,12.680315170027308,15.701455996548134,5.8336498166994755,-36.67029092956183,31.232677477311157,10.811219471929453,-9.610238533452234,26.208462416970338,-0.24243867322505436,-26.693339763420454,156.26038663962797,187.85955697507933,2.0552565933869555,39.0,3.3401001223331592,0.7194011646207114
8943-1901,1-392007,1168,0,0.0261177,9.85426655868983,0.551855,115.718,2.74948,3.1034,True,0,75.85508728027344,58.3355007804112,0.36775584095234504,85,87,67.0,3.5,66.0,0.5,1.0,False,1.6903927326202393,131.3937530517578,CO,1.0111373295816537,3.701411640893476,34.363906255815635,,,,42.895195930882835,25.46222498006163,8.029254029240434,54.38959185475323,52.95578376658634,51.52197567841944,129.39612336830515,209.05091481983507,2.1185747177378964,5.0,9.284000157172631,0.6838959710418634
8341-6102,1-259068,1168,0,0.0246979,9.73146385734719,0.493934,95.2027,4.56267,1.59558,True,0,71.85420227050781,62.551946516813764,0.3483590030595407,250,290,265.0,5.5,263.0,2.0,2.0,False,2.4430625438690186,108.50865173339844,CO,1.5894471724896746,2.0370212049573904,7.880897058764161,42.688626740605436,41.113713521987385,-16.349755144982556,68.94535410936813,28.73494566700711,-19.352278143314834,55.541359683197115,-1.0816773114904084,-57.704714306177905,90.9548078706258,140.18985543398637,2.035464367219343,4.0,3.868834079677148,0.5200542965061379
8485-6103,1-209221,1168,0,0.0249941,9.821864490391434,0.349364,90.8325,6.2681,1.09331,True,0,72.69000244140625,73.00072158597219,0.3524110766347932,218,311,94.0,4.0,83.0,1.0,11.0,False,3.3138515949249268,99.56027221679688,CO,2.2089478694545472,2.1174076269242437,17.71257556440532,44.36203069246793,28.882959251051645,3.481951799431469,26.866875810938136,12.356327395920797,-2.154221019096518,27.67223445966928,18.13552211983344,8.598809779997586,142.31670621647325,183.96181908952704,1.998086075382228,0.0,8.365217608163002,0.4786787850173119
12673-6101,1-210388,4096,4162,0.031204717,10.002728853729414,0.35794088,158.06845,6.24346,1.5684648,True,0,90.07745361328125,72.36366726307351,0.43670781871228354,179,253,18.0,5.0,18.0,1.5,0.0,False,3.834388017654419,92.04524230957031,CO,2.7265677978173937,3.768717722838386,15.78017901970222,46.891916289080925,42.481547028309144,27.34885744039358,45.57029714308605,41.21955595695116,36.86881477081627,27.107992938409488,18.09297287050697,9.077952802604452,129.24832171360208,155.16915503290969,1.9640013453430232,1.0,4.1871480381973205,0.4092146679257161
11022-12704,1-368603,1168,0,0.02686099,9.975721655034889,0.38611546,101.83812,6.0028944,2.302273,True,0,77.94413757324219,70.30025729028458,0.37788384257791635,342,420,80.0,2.0,81.0,1.0,1.0,False,4.160189151763916,97.07608032226562,CO,2.2683968024614556,2.0242035204010316,9.058325557001318,18.13670691855567,-9.027097531430188,-49.244874166036844,-10.961957647471333,-28.690435045982937,-46.418912444494524,-19.353036812868417,-31.183309029906145,-43.013581246943886,141.8629833798022,183.21715633764103,1.9871122323408046,1.0,4.475007313101945,0.43004800125904946
9046-3701,1-295681,2592,0,0.0421715,9.517119328647466,0.866867,107.121,2.98742,6.0,True,0,120.15003967285156,30.585243626417146,0.5825038301925195,170,195,84.0,14.5,87.0,3.5,3.0,False,1.0877083539962769,57.0027961730957,CO,1.7401835923937368,2.4995196039948544,2.8089003342213497,9.112744746047793,4.952805955831763,-5.719277425868855,5.20284520069201,-2.0209150343880555,-9.24467526946812,28.23882884306897,21.377670594412052,14.516512345755132,107.08323250561483,123.99008796748488,1.7558961597560212,5.0,1.1237760767037106,0.22417374881964117
8263-3703,1-258748,2336,0,0.0390983,9.481561577366481,0.829424,62.9593,2.81183,1.12545,True,0,111.80297088623047,34.759899341995784,0.5420360987433568,132,99,140.0,10.5,145.0,3.5,5.0,False,2.2337448596954346,57.83222961425781,CO,1.524113363529533,2.0154210238188797,3.9491227478804736,,,,8.775352397092869,2.882543829035822,-3.0102647390212187,21.203163774738897,15.496592295842833,9.790020816946768,102.85901921425204,115.91815656658886,1.76216993604392,3.0,1.9594529883376717,0.24986622599937047
7962-6102,1-178233,2080,0,0.0434744,9.709655734879533,0.822803,84.3085,3.30011,0.5,True,0,123.67020416259766,35.453777818520614,0.5995700692363682,126,142,2.0,19.500000000000004,13.0,5.0,11.0,False,1.2013312578201294,61.867576599121094,CO,1.9786471811876312,3.545727514304536,8.923957912100345,33.94175255279317,32.483343352833735,15.9447729555969,33.30171297178872,26.38624882734588,16.184442144624104,52.81491489882206,40.3501986326,27.88548236637794,91.5422542642103,104.2829488836948,1.7914631047020455,32.0,2.5168199970523406,0.6084198929807995
9881-1901,1-458316,4672,0,0.0282062,9.564075163953653,0.754962,112.66,2.83708,2.06957,True,0,81.7153549194336,42.012364617990386,0.3961672202166283,94,77,250.0,5.5,244.0,5.0,6.0,False,0.9920608401298523,57.128761291503906,CO,1.1239580971321919,4.554305492767574,4.979160753321835,,,,0.5252132958290067,6.090190377268836,11.655167458708666,6.189538483506473,11.127361671839905,16.06518486017334,94.91644910250807,119.68001910939947,1.7568548074651216,4.0,1.0932865090470874,0.1894987409505823
8555-1902,1-135207,4160,0,0.031485,9.716218767075192,0.755948,109.367,3.59802,1.76859,True,0,90.85598754882812,41.92295081853817,0.4404822577438953,96,83,256.0,6.5,262.0,4.0,6.0,False,0.7339116930961609,66.80048370361328,CO,1.5848639730076903,4.524233188214526,9.053834350829689,60.01915602806538,58.54032183086687,46.76422095054487,43.09711705044782,35.95397452788905,28.810832005330273,14.73095686729008,6.626149670394195,-1.47865752650169,101.1476744841287,126.37215010443268,1.8247796072217966,3.0,2.0011864937498403,0.25681067044381495
9089-3703,1-318069,1168,0,0.0264813,9.729031888212342,0.764158,41.1286,3.95337,1.24187,True,0,76.87747192382812,41.172639009748316,0.3727125015778611,194,194,140.0,11.0,142.0,3.0,2.0,False,0.5880357027053833,70.36504364013672,CO,1.4734704223628687,0.9724645176468154,3.381648760806282,43.30832555744118,40.46401930436596,6.612120604992511,47.558494469579394,23.48043438891711,-4.380503652492994,44.57995252270281,16.08623226481038,-12.407487993082054,66.76444632688879,96.42817711269282,1.8473569613507355,1.0,3.4774006654651504,0.36754800125904946
9192-1902,1-109206,1168,2,0.0249731,9.577295288833618,0.699283,110.357,2.76784,2.46499,True,0,72.63076782226562,46.851661340221014,0.35212389909724634,104,104,250.0,7.0,250.0,2.0,0.0,False,1.6393963098526,78.32561492919922,CO,0.9746226128773223,0.5772125298145087,5.399247822623158,,,,30.363085145161854,10.395549818463374,-9.571985508235116,11.732727087782168,-4.117350584553898,-19.967428256889956,85.7998603315653,124.48448881984501,1.893903813184252,6.0,9.354003150898759,0.711488825936418
8600-1901,1-633729,1168,0,0.0252127,9.640868849587616,0.688748,130.052,3.44965,2.10688,True,0,73.30645751953125,47.72723026204393,0.3553997351914377,97,97,226.0,12.5,213.0,3.0,13.0,False,1.187266230583191,81.31234741210938,CO,1.226004696503143,0.6817460292519055,7.540388359383203,17.584375970208853,1.5401957486680518,-39.353767290336386,29.90455919040924,-14.044367696335325,-52.012863301068236,34.41980964258102,17.588036437209404,0.7562632318377767,52.96341999982737,105.14657065835566,1.9101564989246798,2.0,11.060406714297159,0.5795955303745672
9882-3703,1-523056,4288,0,0.0283176,9.704129059072464,0.68913,57.3593,4.03053,1.38186,True,0,82.02711486816406,47.69567486123053,0.3976786751002937,186,113,117.0,4.0,113.0,3.5,4.0,False,1.794965386390686,80.18073272705078,CO,1.6028558303519866,4.067991076932151,12.609597061469959,34.62539041081216,8.09627670410386,-13.88386675337765,29.68375477946763,27.138311488886952,24.592868198306277,15.075037763526861,14.593536794933998,14.112035826341122,119.38530310374307,149.2742234456656,1.9040700207079784,2.0,3.0997110915443318,0.3643177525967894
8611-3702,1-25659,1040,0,0.0290456,10.17636622516414,0.750616,48.0613,3.10332,6.0,True,0,84.0623550415039,42.404749938623056,0.4075457979040827,200,175,304.0,3.5,299.0,3.0,5.0,False,-0.642019510269165,125.67811584472656,CO,1.2647450255516979,6.545878062017599,11.208788293631548,98.00271402438722,53.502116316257435,22.20389235768001,65.57224506433309,50.466896282927934,35.36154750152274,9.326388861181286,15.131777822080826,20.937166782980395,104.1306255300173,186.87366430790536,2.0992596611759966,4.0,1.7123429717810426,0.25894318539502675
11977-3701,1-273185,2080,0,0.04782199,10.175102055491237,0.70246756,6.7505646,2.59782,2.6048136,True,0,135.33694458007812,46.58475755118087,0.6561320229198494,168,95,345.0,3.5,358.0,2.0,13.0,False,-1.188888669013977,123.71290588378906,CO,1.7045128917816432,6.922443118796569,15.217794430871379,,,,20.254726923510233,6.857502997871901,-6.539720927766414,14.500850100346838,9.258343772405157,4.015837444463502,145.25213647031586,202.00916160726166,2.0924150081315105,5.0,2.1983271180012114,0.364451526597419
11011-1902,1-197677,4624,0,0.03664102,10.181234205464783,0.76858544,148.9371,3.7473204,6.0,True,0,105.08414459228516,40.76357366363457,0.5094623096603251,98,98,266.0,7.0,258.0,7.0,8.0,False,-0.4995347857475281,140.95095825195312,CO,1.9091185060212534,2.555491099189176,5.349875660759848,24104.874910421873,35259.15882925038,46413.44274807889,315.5208048434407,396.13422175312957,476.7476386628184,-1.9776682205362195,-8.123394147145273,-14.269120073754273,62.36979321857382,154.95587191308545,2.1490680327590286,8.0,2.093482408315683,0.3974700975763299
12075-1902,1-34050,4096,4096,0.027876662,9.03530087169993,0.5741281,170.57779,3.704157,1.9742231,True,0,80.79265594482422,56.68347994112205,0.39169384935226464,94,57,176.0,12.0,174.0,8.000000000000007,2.0,False,3.7863502502441406,48.67364501953125,CO,1.4508955139351365,4.663235961578002,7.549592170912149,11.497202689074545,16.01306988496836,-15.235027939571703,11.165378522912384,2.3282071392062096,-11.658543784725962,27.090561986276363,9.602477890502783,-7.885606205270811,52.52111679358133,65.33880482432129,1.6872938704389846,74.0,1.6189599310684306,0.5383655964746616
8718-1902,1-44312,1168,2,0.0218919,9.094886706440606,0.537568,137.487,2.55854,2.96025,True,0,63.906463623046875,59.38494235577491,0.30982727875782007,79,80,34.0,12.0,37.0,9.5,3.0,False,2.817333459854126,55.41358947753906,CO,0.7927054857930329,4.3956168380950675,7.8996862522977125,,,,-19.55868162490475,-25.41776835772191,-30.4944266804894,-21.198535644132082,-22.04398798509598,-22.88944032605987,62.50291672912976,86.5744818121658,1.7436162829842605,8.0,1.797173535198579,0.3571923197985521
12651-3701,1-272871,1168,4098,0.021188196,9.19776922974486,0.5656516,2.3562622,3.9311292,1.23013,True,0,61.904781341552734,57.3146716238861,0.300122849204791,148,187,179.0,14.499999999999996,177.0,3.000000000000004,2.0,False,3.4861485958099365,61.86149597167969,CO,1.1798216960961507,1.382287625339812,5.931731563804657,25.062891568830725,14.727025605773772,-18.54281534275188,29.607234585154387,5.81549259594692,-17.97624939326056,20.089258462698083,0.6725627109944432,-18.74413304070922,51.35832405259975,87.21914878829783,1.7914204181629554,8.0,4.29124261482587,0.633581208687441
8999-6102,1-148987,1552,0,0.0235093,10.018342599075824,0.489019,83.151,5.34811,4.10326,True,1,68.49420166015625,62.9059413264651,0.3320692604151924,243,202,89.0,4.5,88.0,1.5,1.0,False,2.0040998458862305,124.3307876586914,CO,1.7759429323190947,3.076376898622968,9.641712615159546,50.06946467312955,42.25072355323751,-31.489256399802706,101.92011883040446,18.223959916617083,-66.79103428123757,90.79836931195095,-0.9884323706190808,-92.77523405318907,64.03053052910417,157.0489490754089,2.094578684994377,2.0,3.13411292988038,0.3684844192634561
8547-1901,1-246108,2336,0,0.0446484,9.925251224112328,0.497122,21.6224,3.26669,3.42136,True,0,126.83267211914062,62.322100162276655,0.6149021465503938,79,54,334.0,7.0,342.0,1.0,8.0,False,2.1926019191741943,108.60234832763672,CO,2.008694693114706,4.100451500147188,23.555395855211707,,,,-72.59320798699332,-93.01687147387345,-113.44053496075355,-104.04717707618296,-119.78651319504696,-135.52584931391095,119.93494886624971,169.69598735604075,2.0358392161801566,36.0,5.744585896057098,0.8463054768649669
8263-6103,1-258750,1040,0,0.0246954,10.114210528249993,0.517995,128.967,5.77442,3.94353,True,0,71.8471450805664,60.8117699137538,0.34832478883720286,283,77,51.0,2.0,40.0,3.0,11.0,False,2.7118427753448486,118.99551391601562,CO,2.011373627157321,7.449364842089848,24.999848628405736,73.81848674259375,108.69234745534663,129.59561488849454,27.64129196747963,25.916328424916166,24.191364882352698,,,,129.92990488657554,175.71449322765778,2.075530588970312,62.0,3.3559704965923336,0.7554650613786591
7961-3702,1-547620,2080,0,0.0419759,9.903342889876836,0.805376,12.2544,3.07481,1.36518,True,0,119.62061309814453,37.227943534386135,0.5799370977269103,167,183,176.0,5.000000000000004,172.0,2.0,4.0,False,-0.007520198822021484,78.38094329833984,CO,1.7831963874616807,2.2112780695389853,5.939110749500059,4.918879691828097,-6.347372074968664,-22.337646271343118,2.296766511071558,-4.19929960783716,-10.695365726745893,0.7654589042251891,-3.315288232545485,-7.396035369316141,146.79997419838313,174.95349021786419,1.8942104858172386,2.0,2.685827183524804,0.319873308152345
10218-6104,1-383177,2336,0,0.0448702,9.84723940770799,0.728903,64.2511,3.85773,2.27024,True,0,127.42914581298828,44.32554348846978,0.6177939326223866,233,120,304.0,9.5,294.0,2.5,10.0,False,0.2619434595108032,87.37226867675781,CO,2.3832821876953596,4.361971998933959,11.103023059906102,72.64000832810808,64.95857953121777,42.2639415359117,71.96878863248828,54.532716254936396,37.09664387738449,53.81496337506733,40.13468487272137,26.45440637037541,107.08323469784817,145.78446426089488,1.941373612591759,25.0,2.5454136483727123,0.5962976078061064
9095-1902,1-376429,4096,0,0.0313033,9.846136003313106,0.742077,101.534,2.66843,2.87223,True,0,90.35134887695312,43.16777654790052,0.43803570042247586,100,94,84.0,4.0,80.0,3.0,4.0,False,-2.0091307163238525,92.27157592773438,CO,1.1688676040783472,5.830615544964106,9.760277135715876,,,,15.333186846986749,-2.480040685591725,-20.293268218170187,16.239048419446647,8.679444626387442,1.1198408333282361,125.5994429485993,168.42930562874818,1.9650679380911404,4.0,1.6739702798867975,0.2519987409505823
8453-3702,1-147521,1552,0,0.0253024,10.050375888973697,0.459684,0.560577,5.04954,4.86239,True,0,73.55931854248047,65.0118887195231,0.35662564002488906,178,170,357.0,2.0,358.0,1.0,1.0,False,1.1762222051620483,108.90274047851562,CO,1.8007954343312784,2.5850539282378087,8.742795388483508,9.368431258777255,-23.732680747483432,-68.07490408295837,-7.801479502950592,-23.213239337212215,-38.62499917147383,-15.015567165408697,-25.358101270570053,-35.70063537573141,165.70929034176692,203.06313537614815,2.0370388086788416,1.0,3.382055319226294,0.3508813345923828
12093-6104,1-579533,2304,4098,0.045961868,9.976210083383203,0.495805,154.86652,3.2847974,3.2352638,True,0,130.36024475097656,62.417075872054475,0.6320043012806101,179,85,14.0,5.5,27.0,3.5,13.0,False,1.508180022239685,106.17650604248047,CO,2.076006085635365,5.167923482893617,12.245993314215937,,,,18.90274473348596,-3.6326717932414887,-26.168088319968916,-11.792848119284857,-36.3888047067239,-60.98476129416296,117.925744071525,160.86092567015052,2.026028429882166,10.0,2.369615834048529,0.47364652187598366
8718-6102,1-44361,2080,0,0.0471615,10.14945621582889,0.481091,158.576,3.76916,1.31711,True,0,133.57237243652344,63.47611130449737,0.6475771357548484,169,93,200.0,3.5,203.0,2.5,3.0,False,1.818161964416504,110.24639892578125,CO,2.4408218370017445,3.7867745081198807,16.941939569746918,,,,3.0991768165131255,-8.288366178113193,-19.67590917273952,18.170421390914893,20.878353763222588,23.58628613553027,152.36183036975908,200.9662205602554,2.0423644126323586,4.0,4.4739763440941,0.5575542965061379
8612-1902,1-95825,4224,0,0.033179,10.174083078071808,0.538113,152.722,3.31925,2.40102,True,0,95.5501937866211,59.345041338195564,0.4632404118042129,93,95,24.0,2.0,23.0,1.5,1.0,False,-0.22271203994750977,157.21531677246094,CO,1.5376107368811336,1.5080738260248703,14.168254085005717,36.22821005977535,-4.773524484667353,-64.49866343076891,-14.053712087711602,-38.80416143205033,-63.554610776389076,-31.808654136176376,-47.46346528063406,-63.11827642509174,209.4676044712922,275.27468442764666,2.196494855098512,1.0,9.394934014836528,0.5244924457034938
11867-6103,1-53753,2080,4096,0.055386856,10.349540900146376,0.5494664,129.39548,3.7324584,4.5725055,True,0,155.34884643554688,58.511471187409214,0.753152460965375,230,75,228.0,3.5,230.0,0.5,2.0,False,-0.3770345002412796,151.4175262451172,CO,2.811110229410886,7.061715878127691,20.00338036565926,-4.849877349410029,-58.374378295677126,-132.39235219885515,-35.5069145711618,-68.1613992312032,-100.81588389124461,-21.961411714175355,-35.268504218654385,-48.57559672313341,159.88091341428296,243.7195964761277,2.1801761467031273,29.0,2.832651541194951,0.6256295247088448
8486-12705,1-569072,2080,0,0.0606136,10.430291181039935,0.551669,78.4393,5.22532,1.80968,True,0,168.96495056152344,58.34921136046984,0.8191651966022293,384,187,308.0,6.5,303.0,1.0,5.0,False,-1.1680124998092651,152.0945281982422,CO,4.280400285109561,2.4994303696857147,18.99639406242367,66.60311074632256,44.931691983634884,-7.3405659324756956,68.26075312441642,35.71865757099861,3.176562017580802,69.83479830866776,44.52814011043073,19.22148191219376,219.9554035312121,273.4379745040969,2.182113590015815,2.0,7.600289367057794,0.5504288637079006
8710-6102,1-378688,4160,0,0.0243887,10.262802180474184,0.865052,74.0702,6.13351,5.67277,True,0,70.98107147216797,30.79895902965659,0.34412594549520825,332,328,132.0,3.0,132.0,3.0,0.0,False,-0.13647589087486267,91.62347412109375,CO,2.110699927954315,5.116270285144285,11.398970113793059,-7.509967824908797,118.90404735215927,235.07353581200152,29.328928168151737,29.312966609228898,29.297005050306094,5.590947637704806,6.21813482699975,6.845322016294704,142.25491384624473,164.92230523773003,1.9620067550564741,10.0,2.2279843476782997,0.4542020774315392
8318-3703,1-260010,1552,0,0.0252258,10.073894231479194,0.833492,136.821,4.57955,3.75722,True,0,73.34339141845703,34.32768339685606,0.35557879578639706,182,182,228.0,4.0,226.0,2.0,2.0,False,-0.9839757680892944,96.37396240234375,CO,1.6283908742435949,1.3436783209695822,4.304504260027755,57.84170382895514,41.56469042720625,9.880511694940713,38.235746077641124,18.460028502931866,-1.3156890717774112,22.514330112583608,7.414541719178348,-7.68524667422691,138.54466920619387,176.62260637010274,1.9839597153094692,0.0,3.203522891492122,0.2925676739062008
12514-6103,1-66643,4288,4096,0.029350435,9.973329476515183,0.8475944,157.68567,4.1027565,4.254705,True,0,84.91349792480469,32.7917326339857,0.411672255048115,336,181,113.0,7.0,111.0,4.5,2.0,False,-0.35153719782829285,84.22506713867188,CO,1.6889910202683116,4.259917561721214,7.0853191113361875,4433.220551923257,6904.264884188467,9345.834375482124,38.13700665107146,27.099533921075977,16.062061191080495,3.663477069400155,-5.758551220019242,-15.180579509438664,81.30403285569601,129.65826917896652,1.9254413658442304,2.0,1.6632526354508546,0.1670955303745672
8139-3704,1-71090,2080,0,0.0766578,10.697942987384698,0.674875,14.2735,2.90049,3.75865,True,0,209.71432495117188,48.86387447457663,1.0167237386097905,157,114,337.0,2.5,337.0,0.5,0.0,False,-0.6056554913520813,166.0913543701172,CO,2.948997036600311,2.597486523869301,11.475227184638229,,,,42.94439498564514,8.808749832401372,-25.32689532084242,11.821096628549002,-10.768049629433916,-33.35719588741686,197.53655442443173,278.71063209705835,2.2203470265087524,5.0,4.417819718865896,0.5838959710418634
8248-6102,1-481824,2080,2,0.0729271,10.641075328428325,0.672827,142.461,3.6406,4.3704,True,1,200.37774658203125,49.03018163789242,0.971458729328683,254,85,36.0,4.5,34.0,0.5,2.0,False,-0.7791054248809814,168.05987548828125,CO,3.5366926499940035,11.183837260197844,35.07517852160585,87.5419778973236,49.68718870040887,24.20698759745275,33.82200899149699,-0.5640011848096281,2.4654066093331295,-242.4892391775424,-238.38819833337197,-178.59408286915115,223.00454428480094,292.3890047151161,2.2254640374484804,42.0,3.1362382790059806,0.7105248662259993
8616-3701,1-289841,1040,0,0.0301797,10.617411362592891,0.677827,139.736,4.96874,4.46946,True,0,87.22576904296875,48.62349908385842,0.42288246177331884,184,59,40.0,2.0,45.0,1.5,5.0,False,-0.44716599583625793,177.6945343017578,CO,2.10119300311156,10.10401120439644,42.53121142512967,292.82862195206474,493.2414830444651,663.0529057892644,212.39130445892255,223.9920040481663,235.59270363741012,,,,175.57454822461744,263.9486182008413,2.249674069566176,83.0,4.209339297508257,0.8482255272269437
11832-1901,1-176205,4224,0,0.029685805,9.880509250955411,0.4889515,84.184784,3.472562,4.555114,True,0,85.84918212890625,62.91079999697447,0.41620858008158035,92,72,94.0,3.5,93.0,3.0,1.0,False,2.680360794067383,115.94625091552734,CO,1.4453100992652528,6.693960352473888,11.630501729338402,,,,14.976893314407981,0.7143350930838568,-13.548223128240286,2.3223407887397904,-6.973420885586892,-16.26918255991358,132.74976011637023,187.31885036210969,2.064256710429615,6.0,1.7374619981189634,0.3198221592697513
9485-3702,1-121837,2080,0,0.0415041,9.791813412821421,0.501396,134.533,3.10665,3.4048,True,0,118.34257507324219,62.0136413953487,0.5737409945324016,105,106,227.0,10.5,225.0,2.5,2.0,False,2.6823513507843018,106.46157836914062,CO,1.7824124606640854,3.2326329782109475,10.882434435630271,,,,81.57207136311972,36.72791218055565,-8.116247002008423,42.89041046686339,-1.5199198731729082,-45.9302502132092,75.10669004745847,138.82192441050637,2.0271929006111753,4.0,3.3664305564478254,0.4742209631728045
12066-3703,1-26172,1168,0,0.027504824,9.999127756223647,0.47479498,55.210617,5.2379293,2.6863275,True,0,79.75062561035156,63.92828610542143,0.3866419437294298,181,177,126.0,3.0,125.0,2.0,1.0,False,2.4361929893493652,107.68408966064453,CO,2.0252031656693315,1.6090944736924702,14.472234561410804,35.98004051962262,7.783435041374209,-26.726847714964816,14.791611076165104,-0.78844756732749,-16.368506210820087,5.4284192613114355,-2.820572800355973,-11.069564862023386,147.65412165529708,189.91186255784575,2.0321515409672286,0.0,8.994024153349205,0.48562322946175634
11835-6104,1-559745,4288,0,0.026856858,9.603789194631505,0.42424372,178.68211,6.7810507,1.9951257,True,0,77.93253326416016,67.55119592787688,0.37782758329988847,289,124,8.0,0.5,2.0,5.0,6.0,False,1.9816104173660278,68.18299102783203,CO,2.5620679982150167,4.915131362497627,10.857326831196346,16.96848813849113,20.647094293179354,10.21755799738303,19.690080783089023,21.033902480257318,5.750148205516725,42.952097931451625,32.046247605731324,7.771606603421791,113.63808455909604,119.30665432036672,1.8336760487906503,59.0,2.2089596453184495,0.6185906515580737
8140-6104,1-43956,2336,0,0.0414339,9.597880489234667,0.478474,56.005,3.41074,1.1074,True,1,118.15229034423828,63.664122937389635,0.5728184681331284,136,137,152.0,7.0,125.0,3.0,27.0,False,2.194550037384033,75.37519073486328,CO,1.9537348620003865,3.9802295830445398,15.891177017832815,,,,62.34416205136669,59.08330678850983,50.13959081219167,50.194162272739504,25.785678463863825,1.3771946549881324,89.31560498525941,107.6144113204183,1.8772284241199335,1.0,3.992527738984696,0.3967146679257161
8950-1901,1-456687,4608,8,0.0279533,9.573535309878558,0.440204,135.362,3.44103,1.22276,True,0,81.00730895996094,66.40720875070438,0.39273451653656155,86,90,225.0,5.5,224.0,0.5,1.0,False,2.4497783184051514,74.98680114746094,CO,1.3514112534378044,1.0987217118093113,12.140247808718946,,,,31.028048848900113,23.908247473415845,16.788446097931587,10.593303633250219,-0.2708831143348055,-11.135069861919822,109.17335950588522,123.87161976524469,1.8749848274813918,4.0,11.049429239663509,0.6589431853950267
8255-3704,1-277289,2048,0,0.0372192,9.544468651291934,0.68055,34.8104,2.61139,1.35681,True,0,106.66861724853516,48.4010694497264,0.5171440498712647,99,108,143.0,18.0,142.0,2.5,1.0,False,0.45379114151000977,81.06703186035156,CO,1.350464800393322,5.376149645537577,7.4872732542409794,,,,99.68791704840204,87.48162381029495,59.22615495300646,117.62845480582509,79.57226151116828,41.51606821651153,57.790203706821394,89.2345422599134,1.9088442723108656,1.0,1.3926831929717063,0.08421466792571608
8259-1902,1-257652,1168,0,0.0242111,9.502175757367258,0.664094,93.1823,2.68176,1.38777,True,0,70.47925567626953,49.73525412090616,0.3416930738627239,100,99,85.0,5.5,90.0,3.0,5.0,False,0.17648224532604218,74.30657958984375,CO,0.9163388177620985,2.4451539572608705,7.713510762513961,,,,22.265825297842287,13.260099667902779,4.254374037963261,8.0058251908345,0.5670364143058296,-6.871752362222827,107.76045789575612,134.37173289878558,1.8710272707329663,0.0,3.154611487595182,0.28978989612842304
10504-12701,1-605814,1168,0,0.0224683,9.550552423769672,0.733122,172.427,2.65844,4.01342,True,0,65.54348754882812,43.95723324185453,0.317763794713044,322,226,185.0,6.500000000000004,186.0,2.5,1.0,False,0.12291115522384644,71.21648406982422,CO,0.8447559824169447,3.349156569711396,4.298648720998552,,,,24.909377025479458,11.309071352306379,-2.291234320866683,10.555264768521265,1.3115723201818021,-7.932120128157663,98.79945250268976,132.58547001982697,1.8525805289174835,6.0,1.2835018702541505,0.261488825936418
8152-1901,1-301273,1168,0,0.0223383,9.563739686520995,0.558377,30.3613,3.30708,1.39463,True,0,65.17446899414062,57.853892462291675,0.3159747422740863,103,103,148.0,5.0,151.0,2.5,3.0,False,0.21300387382507324,75.46868133544922,CO,1.0449537506797852,1.1048275910829208,7.084739581959331,31.022137570530795,23.52887618093188,0.8339109134810098,28.425211083851732,17.701514009740237,6.977816935628741,18.636457301885528,7.246715979187574,-4.14302534351037,99.90108405259991,127.98930057639402,1.8777667616285896,2.0,6.412529555869499,0.5393177525967895
9192-1901,1-37421,4672,2,0.0315504,9.734704642282773,0.549413,108.808,3.21444,1.64404,True,0,91.03758239746094,58.515402754178986,0.44136265441425737,92,82,59.0,5.5,57.0,3.0,2.0,False,0.42400655150413513,82.91650390625,CO,1.4187337708553656,2.8096779604042967,8.101131068425754,12.973496866396406,22.816561430951815,14.51958563293184,17.78705570014491,3.4376191421424998,-10.91181741585994,9.59008955332996,2.6454380070576318,-4.299213539214697,115.08418324759207,152.8487262784106,1.9186409822033845,9.0,2.883295232618064,0.5220097576329872
8081-1901,1-37931,4224,0,0.0270447,9.545864783372844,0.52056,164.785,2.68305,1.22581,True,0,78.45988464355469,60.625427424686954,0.380384254934713,91,103,1.0,11.000000000000004,13.0,5.0,12.0,False,0.34138357639312744,72.83335876464844,CO,1.0205899752025818,1.5519618742505878,9.388065882480335,,,,-26.999835543933447,-50.79621358531907,-73.46034770597362,-42.84239592091139,-58.534799252469895,-74.22720258402838,69.67288676119256,106.47007403676287,1.862330338229953,4.0,6.049160123223806,0.6144987409505823
11747-3701,1-585149,1552,4096,0.025571063,10.112798179396624,0.5631996,14.380035,4.154022,1.6179581,True,0,74.31633758544922,57.49667088584683,0.360295771913806,205,210,159.0,2.0,145.0,4.5,14.0,False,0.34446340799331665,107.87437438964844,CO,1.4966765630369325,3.4040713168021774,22.037171333570612,16.924328892440727,-1.2257685530158124,-20.662976201461756,-14.04661023743323,-22.81689453960675,-31.587178841780272,-57.432337848375376,-58.46080393445058,-59.48927002052581,142.2193091933784,188.94840162256264,2.032918290068236,33.0,6.4737689909130856,0.8494885111740635
10218-6102,1-382696,1168,0,0.0288874,10.135466595631524,0.571311,98.0621,5.33882,2.11439,True,0,83.6203842163086,56.89360768073515,0.4054030628770231,317,171,263.0,2.0,266.0,1.0,3.0,False,0.7230545282363892,104.06599426269531,CO,2.1643739801491084,4.101295951863715,13.89846473661348,37.872137462341286,20.52583985945516,1.4281092637764148,19.812381769371576,8.374767531087564,-1.6775559270566667,-8.065880852725984,-7.750928434409471,-7.435976016092979,208.95317398602606,233.64369932302446,2.017308837899006,2.0,3.3887982968646106,0.40042886370790054
9031-3703,1-569074,2080,0,0.0411215,9.824946766137128,0.540255,24.1963,4.51253,1.30292,True,0,117.30510711669922,59.18812199753666,0.5687112079419537,167,69,347.0,8.5,320.0,7.5,27.0,False,0.80617755651474,93.20465087890625,CO,2.5663263871743043,6.260751610787386,16.116304102148245,-24.96392983567871,-42.01175351356645,-67.9359711965608,-20.008694269166313,-14.05428050341734,-8.099866737668385,-59.34186477920556,-68.35117354482296,-77.36048231044033,82.36723024782941,138.53079155892854,1.969437584034767,94.0,2.574180402618045,0.7052801384954359
12067-3702,1-26641,2080,28674,0.09719911,10.880693744755204,0.7977597,152.36899,2.6464005,3.5691414,True,0,259.6647644042969,37.98166670329709,1.2588903028528757,179,57,202.0,4.5,187.0,1.0,15.0,False,-1.7497596740722656,211.27557373046875,CO,3.3315279269150015,5.895907017229699,38.63505805058307,,,,-13.08762583498868,-16.403492811386954,-19.71935978778525,-59.933760403506504,-47.38162419399687,-34.82948798448729,230.03843930392878,336.16913201892555,2.324849289729684,12.0,6.552860813048654,0.7588094113943973
11983-6103,1-22538,2080,0,0.089298554,10.845653953256736,0.8362064,20.151169,3.2784166,4.458554,True,0,240.74050903320312,34.03668297262077,1.1671429237657072,264,100,158.0,3.0,157.0,2.0,1.0,False,-1.8118600845336914,211.98861694335938,CO,3.826380735846029,5.398754930357328,29.59905769103135,178.68676960982378,142.51705228286258,91.18433055374743,105.34541307709262,79.62779920301452,53.91018532893641,89.41400013859565,69.68289594405594,49.95179174951625,323.09294027043546,400.0582523556716,2.326312541440964,3.0,5.482571087751204,0.5595884482215927
12078-6101,1-34951,2080,4096,0.09053037,10.883131613459687,0.82810426,103.987564,3.4636366,5.9892497,True,0,243.71446228027344,34.899139565756876,1.181561055977305,221,55,320.0,5.0,349.0,4.0,29.0,False,-1.3056466579437256,183.98878479003906,CO,4.092498118617643,8.978185049042406,19.137354007293798,285.4559078835263,350.000450482515,358.7481121684725,79.11701244873007,2.448656990969865,-74.21969846679032,-37.339542334676636,-94.10276690944477,-150.8659914842129,125.82126987222395,239.02398538676567,2.264791350986463,55.0,2.1315392702153035,0.5948969153289266
8991-3701,1-149720,2080,0,0.0581833,10.463201447819626,0.62581,134.515,2.91619,2.75609,True,0,162.655029296875,52.75541476824714,0.7885738350439739,173,59,48.0,2.5,40.0,0.5,8.0,False,-1.7403547763824463,150.0580291748047,CO,2.299631132016886,6.382548733892767,20.95919218353081,,,,40.82625974827886,11.116960658582148,-18.592338431114527,36.340738098751935,9.726696064756409,-16.887345969239146,218.7280392451803,272.7934590959117,2.176259238234846,7.0,3.283827990569472,0.5368193264085614
8443-3701,1-422976,1040,0,0.0297475,10.389545261723935,0.6253,95.343,4.00749,4.03344,True,0,86.02122497558594,52.794943476905466,0.4170426673396537,188,120,268.0,1.5,246.0,1.0,22.0,False,-0.9113488793373108,159.5195770263672,CO,1.6712943189369889,6.848718736628321,21.536941729284415,4.257973821039087,16.314198409705334,-13.862423015994683,-11.214223345448442,-24.29143352193971,-37.36864369843099,-60.824095526299054,-80.36550111549094,-99.9069067046828,174.29523626862664,241.5535253212396,2.2028139894169394,44.0,3.1446672812099195,0.7168712621970412
8158-3701,1-583694,1040,0,0.0267252,10.356933673702363,0.666924,109.992,4.79039,3.14042,True,0,77.56277465820312,49.507483140269336,0.3760349429911289,182,97,72.0,1.0,66.0,2.0,6.0,False,-2.165235996246338,132.16033935546875,CO,1.801354030555274,3.304469165292114,19.324316191687007,-9.529586944848438,-11.863239884737515,-53.35962578607287,17.98167680430935,-13.138993727213276,-44.25966425873593,41.68716927699991,5.430056455853809,-30.827056365292297,217.16696235877487,254.61673521064526,2.1211011451398836,34.0,5.847933578759463,0.8398764557758892
12087-3702,1-117763,1040,4098,0.073033586,10.957441965128972,0.5592274,150.3365,5.1817536,2.2204337,True,0,200.6453857421875,57.790970821616675,0.9727562805931272,172,89,27.0,2.5,30.0,1.5,3.0,False,-1.3415874242782593,225.1495819091797,CO,5.040583358886048,9.597746582243174,42.66435161321862,119.34419415138947,101.48207662342705,48.403024833138815,57.04098412930998,26.3963490734088,-4.248285982492404,0.7893544777490092,-29.846687658543388,-60.482729794835784,347.3774549208422,412.9207685356397,2.3524711448379043,40.0,4.44524673032648,0.8083451369216241
8250-12701,1-558248,1040,0,0.0865915,11.045409046641494,0.474132,140.056,11.204,6.0,True,0,234.17433166503906,63.97587284281501,1.1353091975589296,461,130,189.0,3.0,180.0,4.000000000000008,9.0,False,-1.8005460500717163,204.23858642578125,CO,12.720004249450248,5.723606390909457,50.03004761554795,125.82949417875466,93.06443706981045,-2.182392269027783,-129.6517453539666,-359.2322023722839,-588.8126593906013,,,,47.28900888008132,200.0583274993562,2.310137795971637,150.0,8.741000725523053,0.9679453887315077
12068-6102,1-27327,1040,4098,0.05659264,10.868069896535014,0.5382533,54.18354,6.573623,3.0824475,True,0,158.5051727294922,59.33476795605559,0.7684547626588795,273,170,323.0,1.0,313.0,1.0,10.0,False,-0.4844962954521179,211.04246520996094,CO,5.051531902273951,8.564023865125105,24.56168469816766,36.6141508869064,37.40408901095834,2.5714205654658473,19.36938218203587,-0.7483278220569662,-20.866037826149828,88.69395389963836,51.12452629455066,13.55509868946291,275.7882364664647,311.7681506978598,2.3243698512729387,11.0,2.8680075026634526,0.5412417374881964
8655-1901,1-29748,1040,2,0.022108,9.93520940495841,0.833234,103.581,3.04512,5.86308,True,0,64.52046966552734,34.355232904079635,0.31280406405460465,91,62,87.0,5.0,91.0,7.0,4.0,False,-1.958778977394104,96.82095336914062,CO,0.9525259115339576,7.210455657754665,10.993933696654858,41.411986133095894,83.72088208723213,145.74574527021497,46.474914094530334,57.42213793724742,68.36936177996448,64.11895679255785,88.97515366036394,113.83135052817005,116.70499296598838,157.1560939305356,1.9859693547035333,3.0,1.5247210742959298,0.1859773371104816
11824-3701,1-368851,2080,0,0.045384455,10.033662752740721,0.82676727,18.094177,3.0290098,6.0,True,0,128.8108673095703,35.0397208210952,0.6244927074726477,186,181,316.0,3.5,319.0,1.5,3.0,False,-1.633804440498352,97.4378890991211,CO,1.8915945309631832,4.367910286196673,6.046603851668003,95.00657890459983,80.03953003827677,64.7483037007684,44.70402655960042,40.319712459265254,35.93539835893011,21.83549125820415,18.7464060388986,15.657320819593046,179.3731047393786,208.54156227950173,1.9887278668063106,5.0,1.3843241860475666,0.2450070821529745
9863-6101,1-455924,1040,0,0.0230878,10.05508003379995,0.838787,127.225,5.97739,6.0,True,0,67.30035400390625,33.758036882916905,0.32628132364608686,325,278,188.0,3.0,184.0,1.5,4.0,False,-1.0866658687591553,100.18081665039062,CO,1.950310721148883,4.6210237912219405,8.550276967465818,65.57603444979082,43.360072453744365,21.1441104576979,18.467913233812276,9.526025393870881,0.5841375539294854,23.36725532869037,19.007809320473285,14.648363312256203,154.13401228769925,183.10809202691885,2.0007845676341174,6.0,1.8502992743097006,0.3378777148253069
8441-1901,1-252463,4608,0,0.0317128,9.828751385142096,0.636479,16.2666,2.88208,2.66945,True,0,91.48836517333984,51.92448849403203,0.44354811098380353,101,93,155.0,5.5,161.0,5.5,6.0,False,-0.21623495221138,87.36256408691406,CO,1.2783411397042006,5.519703727808907,11.03236085793877,,,,-44.65480349429933,-10.027647382624489,24.59950872905035,-14.148043992632562,12.660876985760895,39.469797964154324,104.44295648878507,158.10744414286344,1.94132537206918,1.0,1.9987233739297376,0.16477022348127165
8080-3702,1-38062,1552,0,0.0231105,9.877000251498753,0.646267,141.484,4.58398,5.90842,True,0,67.36468505859375,51.15515443433884,0.3265932094004139,182,179,35.0,5.5,59.0,7.0,24.0,False,-0.25806689262390137,79.12641143798828,CO,1.4970967400273096,9.427766729084187,17.844486391336876,12.401507092536797,5.179234446232727,64.57484353692162,-19.591808053467464,4.4615689437202315,28.514945940907946,-13.230246257315587,19.484193223126713,52.19863270356902,76.47192913444094,120.30288348729131,1.898321469935525,13.0,1.8927585826118853,0.4291824047843878
8994-6103,1-148527,2080,0,0.044594,10.039711479325996,0.652084,65.1703,3.25873,2.23212,True,0,126.68632507324219,50.69457735759326,0.6141926360499785,186,82,297.0,4.0,290.0,3.5,7.0,False,-0.39359959959983826,90.50870513916016,CO,2.0014879688751464,6.918001707500845,9.374356086962205,41.266380012001974,54.39494620393932,50.45289356664252,52.68473758911568,42.27436127518806,31.863984961260478,18.49395348106335,8.851246085372319,-0.7914613103187085,126.14183027969503,167.78476249942327,1.9566903517144476,4.0,1.3550670386215802,0.21033207428391565
9025-6103,1-269577,4160,0,0.0610352,10.828811937422488,0.531083,65.2155,6.63851,4.52052,True,0,170.0558624267578,59.85898017071821,0.8244540865737329,291,205,291.0,1.5,292.0,0.5,1.0,False,1.201197624206543,170.7407684326172,CO,5.473146698260591,7.983701106956514,22.622972205833772,57.67490999355931,30.11456265424222,-3.841740953155042,-63.28325929115556,-75.83533734387102,-88.38741539658646,-113.97192244360176,-131.67877630191407,-149.38563016022638,242.13234379026773,290.6211126442738,2.232337231667442,33.0,2.833644684684085,0.6397662889518414
11019-12701,1-151896,2080,0,0.11972674,10.935353976151713,0.5087664,3.4545746,6.2315054,3.12074,True,0,311.7251892089844,61.48079087176174,1.5112863647497432,357,392,180.0,1.4999999999999978,177.0,0.5,3.0,False,1.6276062726974487,149.55740356445312,CO,9.417589142884394,3.8817145997698814,11.769193857662287,25.74612932485329,4.564501872500761,-21.458458448349205,2.193244351024855,-7.572759638576636,-17.3387636281781,2.2909744899919025,-4.39627663813285,-11.083527766257582,297.15636784787586,329.03687876181357,2.1748079168498022,1.0,3.0319575422572274,0.30643689014793835
8945-6103,1-279329,4160,8,0.0537137,10.710035239287308,0.535685,1.03647,6.9996,3.82658,True,0,150.9539794921875,59.52272603818631,0.7318455447574083,336,257,359.0,2.499999999999998,359.0,0.5,0.0,False,1.0633405447006226,169.8017578125,CO,5.1226260750839545,4.373893286956861,17.84373514917554,106.34705138412531,82.63679376078584,44.19418988874396,66.6093675336575,44.022038368355865,21.434709203054226,25.621812088208,7.394613699619104,-10.83258468896978,213.8390413212642,276.8332038897489,2.2299421818108636,11.0,4.079600021881268,0.6606861819326408
8623-12703,1-178686,2080,0,0.0521779,9.899297831324162,0.450889,66.0474,8.51095,1.13798,True,0,146.90432739257812,65.64192230902579,0.7122122773411624,382,417,118.0,3.0,134.0,2.0,16.0,False,-0.10610568523406982,159.07432556152344,CO,6.061603081836766,2.1905467619113725,35.31317359228823,28.050911705811362,19.1686388397792,0.6067890248124261,36.72954673849198,22.707124363858107,8.68470198922423,-25.029217188301033,-38.15536197120136,-51.28150675410168,169.15185729030568,198.2173454747641,2.2016000906036592,12.0,16.120712055229326,0.8032538558388417
9001-12702,1-612718,2336,0,0.0463145,9.944406663964925,0.448226,55.0842,3.73999,1.04755,True,0,131.30540466308594,65.83264923933991,0.6365865658428792,298,160,309.0,8.0,301.0,2.0,8.0,False,0.741527795791626,158.2384796142578,CO,2.38082739038671,6.707299901441029,28.17242989963478,,,,21.126537742403517,-22.734504230183514,-63.5948660294705,25.206120522645666,-9.93242201273952,-45.07096454812471,138.64422844654504,217.51265014235597,2.1993121014882515,6.0,4.200263938337105,0.598988825936418
9087-3704,1-633628,4288,0,0.0309415,10.167098655268717,0.516198,135.656,4.05387,2.7291,True,0,89.34583282470703,60.94221306351598,0.4331608210354343,175,101,41.0,2.0,42.0,2.0,1.0,False,-0.04127267003059387,145.6850128173828,CO,1.755977657570916,6.136821116625633,15.131585234728547,84.21462655821749,88.54544301244184,74.80053537849535,42.87216059766241,29.730626502644427,16.589092407626406,14.138738736261226,1.7569266961205838,-10.624885344020058,162.71854098557074,234.84308273618984,2.163414876509223,1.0,2.4657041401670736,0.24810355681460497
9026-12701,1-93793,1040,0,0.03134,10.722162358394218,0.731222,8.46222,8.87825,2.73932,True,0,90.45329284667969,44.12338022295381,0.43852993873477636,660,99,351.0,1.5,353.0,0.5,2.0,False,-0.6451943516731262,206.759521484375,CO,3.893378428572028,7.404000869708728,29.656304975377566,76.78215299268243,44.03183025374596,-25.754166811481436,2.8289599275627704,-52.36500347587503,-107.5589668793128,,,,230.11577438663872,322.0568113565546,2.315465518383756,,4.005443205268591,
8615-6104,1-179947,1040,2,0.0346836,10.615587111675472,0.72307,149.592,5.3473,4.66447,True,0,99.70346069335938,44.831082415128705,0.4833760179810748,314,231,8.0,1.0,1.0,1.5000000000000049,7.0,False,-0.1370995044708252,186.67092895507812,CO,2.5847565809502013,8.230062553599756,24.540206228369605,-14.206303377409169,-31.683406528480948,-57.92187708323839,60.416465835374105,45.38008044859235,30.343695061810628,-21.53165493137756,-28.83567812817041,-36.13970132496326,206.04657353171953,302.85843986180817,2.2710766887179887,24.0,2.981776392165566,0.6337425243940824
11823-6102,1-269886,2080,0,0.0705735,10.630796583993106,0.7345514,86.71673,4.0860925,4.750715,True,0,194.44468688964844,43.83193114495681,0.9426944442316159,300,103,278.0,7.0,277.0,4.0,1.0,False,-0.8137213587760925,169.95391845703125,CO,3.8519366983664742,8.327500515807266,16.407564937476625,198.3990184354205,195.74325958878083,129.44165319334837,111.69399786057197,56.53390159700582,1.3738053334396558,49.54174578631362,7.7522308289212,-34.03728412847125,111.21520564621396,224.31946731396363,2.230331182126776,14.0,1.9702868713525477,0.4453061063896758
10501-1901,1-299960,4288,4096,0.0266465,9.504385218518726,0.569307,57.76,3.08081,1.66302,True,0,77.34169006347656,57.0428684264345,0.37496309462906896,81,96,122.0,8.0,123.0,3.0,1.0,False,0.9847075343132019,88.7592544555664,CO,1.155190051564182,3.029372833291672,10.218574790895037,,,,36.902585897998726,23.337729959057132,9.772874020115523,2.0604537994471928,-11.48064935236328,-25.02175250417376,105.94646917710644,141.15171258619037,1.948213645664597,2.0,3.373165124674233,0.39626219704123383
8615-3703,1-180028,4672,2,0.0182092,9.572155703916785,0.595531,89.6085,4.20993,1.62869,True,0,53.393043518066406,55.074546756370864,0.25885677973635424,185,188,269.0,5.5,265.0,4.0,4.0,False,0.5410959124565125,84.90594482421875,CO,1.0897689227154699,1.5170944754460733,28.073655974474292,0.7130853019144625,-9.521457890562425,-47.62900919449556,29.429367039028396,7.46103866519594,-13.637533917074778,51.117542404739865,34.79291683758201,18.46829127042417,89.73970938632363,119.42895365949339,1.9289380991246055,11.0,18.504883136048438,0.7940195152659741
11745-6103,1-123264,2080,0,0.037340097,9.481854253472068,0.5136315,0.55966187,3.5113995,2.0737643,True,0,106.9996566772461,61.128367347107286,0.5187489743115222,120,83,192.0,18.000000000000007,179.0,3.499999999999999,13.0,False,1.192008376121521,84.98236846923828,CO,1.821534889022992,3.5472531505954277,10.703229358951077,,,,12.925223096690685,-12.515117305093614,-37.9554577068779,35.70466793936364,23.924813232249164,12.144958525134676,93.62927206300934,152.13134395530554,1.929328830763696,9.0,3.017328875204319,0.5345097576329871
10223-3701,1-35650,1040,4162,0.0429575,10.863105063352625,0.756885,169.237,4.333,6.0,True,0,122.27497100830078,41.83784442507382,0.592805788020961,187,155,359.0,2.5000000000000053,336.0,2.5,23.0,False,-0.26198092103004456,214.6848602294922,CO,2.568627479494824,2.5753117972379997,14.821210782187084,-33.203446324549695,-2.632359172567945,-122.12546386563007,-13.120541734677115,-83.30416449922227,-153.48778726376736,-48.14152690256481,-101.971210244813,-155.80089358706127,175.77854759928178,298.80597115555327,2.3318014186764673,13.0,5.755113147108132,0.7527935158954989
8614-3703,1-546819,1040,0,0.0362362,10.658886738827002,0.751537,150.128,7.87476,4.56483,True,0,103.97343444824219,42.32182838522835,0.5040774349245333,193,187,36.0,15.0,32.0,1.5,4.0,False,-0.6715356707572937,218.57131958007812,CO,3.9694888214463178,6.371483237664713,15.723405392242599,293.2645103747005,254.24196164565416,182.43277328947647,178.23395869044987,111.72378577044955,45.21361285044929,,,,43.986698020120016,246.1317068467557,2.339593174240939,,2.467777879300451,
8263-9102,1-575826,1040,0,0.0482156,10.827875654617538,0.711789,112.342,7.74225,6.0,True,0,136.38717651367188,45.79725547392673,0.6612236910172931,479,78,340.0,6.5,7.0,0.5,27.0,False,-0.9267963767051697,222.02584838867188,CO,5.119359121778637,11.430751082376908,38.120685335645746,127.94138376919824,139.7920932722016,63.30417529240453,-2.93025904281805,-298.0523523766676,-593.1744457105171,,,,85.86247698636917,246.57712169912298,2.346403538230291,21.0,3.33492393115072,0.6514400377714826
9184-3704,1-201922,2336,0,0.044604,9.78464367753881,0.574658,15.1522,3.14679,0.5,True,0,126.71322631835938,56.64391411825906,0.6143230569666954,169,184,178.0,5.500000000000001,180.0,2.000000000000005,2.0,False,3.1340725421905518,79.04582214355469,CO,1.9331456524322277,3.2967572598195503,5.7364802115402975,-10.448490107396424,-39.588533813906935,-57.08898884706498,-2.4314818384809276,-4.315019711545747,-6.198557584610555,-2.039280267603347,1.7107854783440402,5.460851224291418,102.63952809472752,141.91031922636867,1.89787892084699,0.0,1.7400371818258427,0.10090100723953416
8616-3704,1-180193,4224,0,0.0302954,9.854593856318445,0.599964,137.022,4.51067,2.65854,True,0,87.54801177978516,54.73834499216554,0.42444473864778665,164,148,246.0,6.0,242.0,3.0,4.0,False,2.8168647289276123,81.7610855102539,CO,1.914530149276412,2.6028876026557777,8.228995011837958,32.50174189857611,59.87899624973838,83.13419684098493,21.13198108493766,19.079852092470233,17.027723100002802,11.015560567287363,9.10659056383762,7.197620560387883,104.34204773538437,137.1049010909847,1.9125466487884824,1.0,3.161486882277111,0.3258813345923828
8986-9101,1-164021,1552,0,0.0213166,9.832724090626701,0.543045,80.5598,6.88154,1.98712,True,1,62.27027893066406,58.98349425806603,0.3018948315209282,367,241,104.0,3.0,105.0,2.5,1.0,False,2.926377058029175,74.46367645263672,CO,2.0775013589045286,6.613401595442221,10.159862783816944,15.68619028208411,6.324049772909993,-10.072940895436304,14.50708047534423,7.028577260641973,-0.44992595406028096,1.9801360322724908,-3.503207626421907,-8.986551285116308,124.77602649801517,148.16387939675366,1.871944474585528,4.0,1.5362537171217379,0.2283876298394712
9894-3703,1-294332,1040,0,0.0229775,10.070444249972947,0.860733,147.692,4.51616,4.55335,True,0,66.98774719238281,31.302325885082848,0.32476576305574095,193,193,34.0,3.5,31.0,3.0,3.0,False,-1.511540174484253,107.7829360961914,CO,1.466694148481815,3.2814772531775365,9.11169034155609,76.34413964909824,56.08450620940823,24.641909790499152,34.38577410712135,14.284945103467724,-0.4489151896282829,-35.69282042146301,-48.987537816954124,-56.65518233507491,179.90340857827002,213.6304169911529,2.032550009961494,12.0,2.776703794832956,0.5393649669499527
8248-1901,1-482004,4224,2,0.0299609,10.045276025493795,0.84932,112.031,3.3708,3.13069,True,0,86.61613464355469,32.59950934410592,0.4199268708002096,95,61,91.0,3.5,109.0,0.5,18.0,False,-0.773652970790863,103.20928955078125,CO,1.4154894960933464,8.366787606985842,13.907922285252877,63.50796419250254,56.4543840695522,48.883526312598114,17.964058002048795,17.035322694024593,16.106587386000406,0.4010608192773886,-1.0700122124337412,-2.5410852441448752,179.74737117681147,216.78833739834465,2.013718788561311,4.0,1.6622774401062206,0.24644318539502674
11749-3703,1-387437,2080,4096,0.04822973,10.110099050797743,0.8545162,144.47375,2.9602673,5.8674593,True,0,136.42486572265625,32.014621195631236,0.6614064134587513,187,55,228.0,4.0,228.0,3.0,0.0,False,-0.8165093064308167,108.64220428466797,CO,1.9579397777722214,6.2751123531775495,11.170255923736168,99.90324667415668,96.89933646911112,89.15594561111004,56.49799485165616,44.003127936057695,31.508261020459244,46.86501813212858,39.397889348538925,31.93076056494927,177.08045652041406,217.9559033743109,2.0359985685983943,12.0,1.7800885936456339,0.40325385583884166
8610-3702,1-22887,4288,0,0.0275188,9.770124142801864,0.493414,171.306,5.09878,0.993415,True,0,79.78980255126953,62.589419025811914,0.38683187889884024,175,182,7.0,5.500000000000004,6.0,3.0,1.0,False,3.2458226680755615,64.9608383178711,CO,1.9723706474918286,1.5227861720312263,7.374218493970493,11.039340404007403,0.08918468655126154,-20.130861213407382,4.326626995012068,-5.4058548546781715,-15.138336704368406,2.9175971891765067,-4.947589689998116,-12.812776569172742,104.04080729681374,127.72762113462178,1.8126516208278893,0.0,4.842583042459672,0.41478989612842304
8564-9102,1-134368,2080,0,0.0433267,9.868359320705613,0.532886,176.387,4.35435,1.33016,True,1,123.2717056274414,59.72732119876975,0.5976380938189098,256,286,3.0,3.500000000000008,0.0,1.4999999999999978,3.0,False,3.4756808280944824,61.24199676513672,CO,2.60232543382037,4.343321915446301,8.28731329101598,17.278594949348758,12.175305497858893,3.9289933134717674,9.748684935823274,5.146474023003264,0.5442631101832549,-3.1772081827050123,-5.164676614132323,-7.152145045559654,149.58294092607613,167.64353311736323,1.7870493422147167,2.0,1.9080587283994608,0.2032066414856783
8601-9101,1-569116,1168,0,0.0258862,9.802183093712172,0.552132,71.5626,8.31429,0.791651,True,1,75.20368194580078,58.315079879415094,0.36459773877134427,231,276,97.0,5.5,98.0,3.0,1.0,False,3.3001351356506348,60.368865966796875,CO,3.0313713334892,3.8133711340776215,12.84119464894838,21.434866348061473,17.611713337054752,6.427934299836869,23.940928082097987,11.956217638976693,1.37380364030782,15.336559228039489,11.528623107464888,7.720686986890299,126.44321616288444,142.59686460124036,1.7808130176790775,42.0,3.367412768769072,0.7355248662259993
12678-1902,1-96680,4096,4098,0.027905166,9.666895858227104,0.68921,41.318954,3.3042126,1.6415198,True,0,80.87249755859375,47.68906460137646,0.39208093241903796,92,92,329.0,6.0,336.0,4.0,7.0,False,2.1671934127807617,65.03926849365234,CO,1.2955187571187337,1.1525360663188877,5.940642589618188,31.73180733095865,28.94724460700005,15.916672559429164,16.8549714796545,5.763964550364647,-5.3270423789252055,-3.0434162919144727,-10.328099709212593,-17.612783126510706,91.38681944187309,118.62375734276512,1.8131756480387053,6.0,5.154409274663436,0.648988825936418
9029-6103,1-135227,4672,0,0.0304491,9.72121191469626,0.672214,8.02206,5.6132,2.85661,True,0,87.97594451904297,49.079888088020816,0.42651941511365526,281,88,354.0,3.5,351.0,4.5,3.0,False,2.069166660308838,64.7585678100586,CO,2.3941387809159695,4.916277102234027,11.549314494389755,19.735145175755864,7.853690222297001,-4.470675368389892,16.760335562928365,11.356025636044418,6.769454509140598,,,,119.14110415645258,135.21825985835252,1.8112972354014956,59.0,2.3491992526502585,0.6408128737802958
8250-3704,1-217171,2336,0,0.0407695,9.58715062191261,0.702263,14.1189,2.2866,0.82019,True,0,116.3497543334961,46.60193415186629,0.5640795269461243,144,154,339.0,6.0,344.0,2.5,5.0,False,2.0844480991363525,60.102027893066406,CO,1.2898242463150078,5.2283993341791835,7.5704498202507615,,,,-1.570827416949578,-6.706744996907632,-11.842662576865695,-1.3666751623962385,-0.7674606324407962,-0.16824610248534053,112.67187145775956,138.73559871079223,1.7788891257117352,5.0,1.4479478969330222,0.24917374881964116
11834-3701,1-14130,2080,0,0.043362614,9.953928014645987,0.62170166,41.470566,2.848668,1.873913,True,0,123.36861419677734,53.0733604453224,0.5981079198212178,158,142,144.0,5.0,146.0,1.5,2.0,False,1.2720633745193481,105.36229705810547,CO,1.7038108917412689,4.261089369232935,8.614756282723981,,,,66.40468560903224,48.39424201118907,30.383798413345886,68.9865723684834,51.28087503206392,33.575177695644435,120.746449599301,164.7724963653121,2.022685230336274,3.0,2.021726262050865,0.2623662259993705
11760-3703,1-233563,2336,0,0.04683874,10.01843568134659,0.6935229,32.40999,2.5669029,1.6680368,True,0,132.7090606689453,47.33176583578205,0.6433916821950012,138,99,328.0,3.5,327.0,2.0,1.0,False,1.496702790260315,111.99971008300781,CO,1.651523974862227,4.0087208208549026,8.0611939924462,,,,15.107809904603902,-1.3141998885849793,-17.736209681773868,-12.445989136115134,-21.317294003621146,-30.18859887112713,155.1479227102605,210.48541164855632,2.0492168984781025,4.0,2.01091429228715,0.29783207428391567
11743-6102,1-458604,2080,0,0.04784975,10.145671849006968,0.6757314,90.84769,3.2350693,2.2033336,True,0,135.41102600097656,48.79422018798319,0.6564911797835254,206,121,107.0,3.5,107.0,2.0,0.0,False,1.620442509651184,111.01617431640625,CO,2.123794461438464,4.844960525824073,14.894564103971694,63.74353582083505,194.42781206290644,308.72210967705786,46.29509313274013,47.846829295698754,49.398565458657345,8.782056558427985,7.719760096856898,6.657463635285801,163.7037392600481,214.61798687893184,2.04538625720678,6.0,3.0742384844174344,0.5017666037141958
8611-3701,1-25676,1040,0,0.0277941,10.350441856535062,0.806615,151.313,4.63472,5.66536,True,0,80.56136322021484,37.10414083265314,0.3905725105799474,200,96,234.0,3.0,241.0,4.0,7.0,False,-0.6426587700843811,154.40374755859375,CO,1.8101942262350939,8.021402588077445,14.831210420966078,114.70137678829124,105.9082906864462,85.1203383598326,98.8559790423696,79.99891371532819,61.141848388286775,3.962532449848785,-11.558818111030451,-27.080168671909696,138.25916469594063,229.87187070996794,2.188657836959993,6.0,1.8489547505083892,0.336488825936418
9188-3704,1-50971,1040,0,0.0299167,10.361183683038547,0.780774,91.9063,5.29578,6.0,True,0,86.49293518066406,39.620352503580285,0.41932958294906236,183,64,286.0,3.0,290.0,4.0,4.0,False,-0.31398022174835205,159.6536102294922,CO,2.2206772187899855,7.046371710942607,58.7800585749658,192.3505030226618,173.48254208111558,148.65929362445382,149.41720739508466,165.7622173369474,182.1072272788101,,,,148.85267032281507,238.49450696611865,2.2031787436397563,84.0,8.341890122498615,0.9482530689329556
7958-6103,1-547106,1168,0,0.035661,10.44584696673378,0.811709,60.3419,5.5801,3.91261,True,0,102.39337921142578,36.59150599190299,0.49641711096735963,322,233,349.0,8.0,354.0,2.5,5.0,False,-1.1118711233139038,158.0071258544922,CO,2.7700571209089633,7.993713168082344,18.05406573123051,176.7226504358808,169.94345084755054,102.18635212652526,135.69314929278613,62.49340787652103,-10.706333539744053,101.16532126945121,56.93441185720237,12.703502444953484,67.5359045088597,192.1577395705685,2.198676673343666,4.0,2.258533093646341,0.34505429650613784
8982-6101,1-457753,1168,0,0.0240711,9.841844807979454,0.438471,34.1429,6.1174,1.58305,True,1,70.08353424072266,66.53135033663129,0.3397745622041096,216,88,152.0,2.5,152.0,5.0,0.0,False,3.3388941287994385,83.35309600830078,CO,2.07853690682742,5.331052603194558,11.326914869763565,13.995181430197846,3.801328336611692,-5.332714230042421,8.937645264347271,6.64330174550151,4.348958226655751,2.219357800701649,2.1928176869922797,2.166277573282899,144.24758137653842,166.94001458906368,1.9209217355899342,96.0,2.1247051404024924,0.6275299024236701
8241-12702,1-460434,2336,0,0.0437638,9.849561288817617,0.437823,150.143,6.0605,2.09466,True,1,124.45061492919922,66.57777209813402,0.6033536074017044,224,153,203.0,10.0,208.0,4.0,5.0,False,3.553041934967041,87.0123291015625,CO,3.6566245376580295,6.703794782178038,13.431795011999844,12.241805724138247,10.20107158614624,-14.370849040732214,35.699789623312505,18.544874673962177,1.3899597246118662,-8.696054626604193,-30.740081396246943,-52.7841081658897,115.9930653928585,146.0668107038951,1.9395807937842593,18.0,2.0036107083271877,0.4671230720805792
9488-3702,1-384124,1168,0,0.0228872,9.75524200107877,0.428194,6.03163,5.21465,2.29066,True,0,66.73175811767578,67.2678665907041,0.32352469299941555,166,107,352.0,4.0,354.0,2.5,2.0,False,3.1846845149993896,86.9943618774414,CO,1.6870680403494023,5.05321986694854,15.680174610218439,9.951525573493385,6.250980111339034,-0.7386527640491222,9.998332750284558,8.801689066174083,7.605045382063585,-12.277639260930458,-16.72017021018642,-21.162701159442385,136.79015558230003,163.7945026764195,1.9394911068156175,34.0,3.1030066023402894,0.680154233553667
9497-9102,1-229470,2080,0,0.0729638,10.658770509555303,0.46572,105.077,4.80477,3.27912,True,1,200.46998596191406,64.57927466958571,0.9719059184617255,261,144,75.0,2.0,81.0,6.5,6.0,False,0.41206982731819153,169.04678344726562,CO,4.669784399847345,4.142596843997746,14.730865956458297,12.09337609145342,-10.13523586369423,-60.271759911879705,-1.1152598990289508,-26.04012415961569,-50.964988420202424,3.1817658634011883,-19.744171813780767,-42.67010949096274,244.48386762558275,305.8897358493909,2.228006911603454,68.0,3.555949688370475,0.7959080893925087
8241-9102,1-460812,2080,0,0.0665263,10.60562391457756,0.524391,79.4488,4.28104,2.81102,True,0,184.1641082763672,60.346771011230935,0.8928527926172074,322,141,107.0,1.5,97.0,1.5,10.0,False,-0.4659903943538666,167.240966796875,CO,3.8223385193059696,8.61144826308805,13.826446864643604,-10.6976604428823,44.69365074693938,79.92606950313602,44.51892635682797,39.4901317776219,34.46133719841585,63.24731546914442,64.11662910154654,64.98594273394865,207.69867469312942,274.1346916447876,2.223342669481907,12.0,1.6055890301180842,0.374087189172175
8612-6101,1-95982,1040,0,0.0336007,10.532807866514565,0.531386,163.591,5.82548,2.73211,True,0,96.71576690673828,59.83686161589065,0.46889126975387624,320,99,197.0,1.0,198.0,0.5,1.0,False,-0.3472130298614502,152.97039794921875,CO,2.731516714125811,7.165620282594885,20.623225282657064,25.4467062835169,46.58716711056155,42.8435069000296,52.52741833228011,52.1909501665509,51.854482000821626,10.240824767980959,-2.2069326195247156,-14.654690007030391,227.00500050430543,277.4683615335504,2.1846073964964123,66.0,2.8780795617582986,0.7104225684608121
8253-6101,1-254940,2336,0,0.0431544,9.793016064132924,0.587602,54.1619,3.57988,2.05676,True,0,122.80665588378906,55.67327621708771,0.5953834690377182,222,174,307.0,6.0,305.0,2.5,2.0,False,1.7747594118118286,74.93509674072266,CO,2.131401373138747,4.524590297091386,7.647556653783491,42.64478988664615,41.61159487579963,30.131668281108837,36.46644566805982,23.63891582543778,10.811385982815748,26.973766702761402,17.714028334725633,8.454289966689862,120.05552819814127,148.13392164444957,1.8746852723164282,3.0,1.6902208048980016,0.21653289266603715
7963-1902,1-179096,1168,0,0.0236687,9.779010303275824,0.605381,136.013,3.45202,2.56777,True,0,68.94537353515625,54.326035223005434,0.33425660339051083,94,94,34.0,4.5,36.0,3.0,2.0,False,2.0048599243164062,78.31655883789062,CO,1.1538604800361112,0.872688443202481,6.639907717632208,29.485910549035104,19.859179537122074,3.4952692475620064,5.901525192449296,-5.732947824787874,-17.36742084202506,5.0675388582732595,-0.9856881947407328,-7.038915247754707,107.14508811923307,142.87596353112343,1.893853596689004,0.0,7.608566114690278,0.4689565627950897
10221-3701,1-298596,2080,0,0.0399299,9.806076138047173,0.570609,38.2737,2.77733,2.5257,True,0,114.0677719116211,56.94591404695098,0.5530161639643595,137,106,323.0,5.5,323.0,3.5,0.0,False,1.3184163570404053,86.47123718261719,CO,1.5359083826631346,6.334812835309572,10.668479682403966,,,,42.5836696594874,37.32450737492613,32.065345090364836,12.20347178394242,3.50416164791929,-5.195148488103859,98.50500145435099,141.55228185331475,1.9368716726652262,9.0,1.6841033760206767,0.35395420207743156
9045-3704,1-631986,1040,0,0.0594979,10.850775462972665,0.62096,109.93,4.70257,3.69808,True,0,166.07276916503906,53.13064189089496,0.8051435055095683,189,173,253.0,2.0,252.0,0.5,1.0,False,-1.7730685472488403,205.12852478027344,CO,3.78624369470413,4.085745263559761,12.552842137002084,87.91781855412168,52.49088370581855,-29.79978355211889,80.92530281925028,34.79889806212082,-11.327506695008594,57.779868856266255,12.31654269037255,-33.146783475521154,249.5646599207185,337.87043251986114,2.3120260567276727,1.0,3.0723506550834867,0.310603556814605
11019-9101,1-151950,1040,0,0.03303608,10.827150248106662,0.66471606,6.6921997,7.6919737,5.1520824,True,0,95.15489196777344,49.68524565480902,0.46132393450476455,474,197,352.0,2.5,3.0,1.0,11.0,False,-2.3445699214935303,229.53408813476562,CO,3.5484915713911716,6.6524429431923435,23.00155744973547,88.07332955962639,75.02793602881324,-8.258422911011039,112.02041906690242,34.509999040755055,-43.000420985392324,89.06657116450151,-0.3580852117999865,-89.78274158810153,181.83897374023095,298.4048052217124,2.3608471917882228,18.0,3.4576106320872233,0.6629564054139125
9030-3703,1-561331,1040,0,0.0494999,10.86395658645432,0.66832,97.6209,6.78269,6.0,True,1,139.80706787109375,49.394877217985226,0.6778037921971569,189,140,91.0,2.5,96.0,1.0,5.0,False,-1.3419368267059326,230.55081176757812,CO,4.597333003297734,6.833888777882284,19.587386974716516,124.87097607353614,114.52891709512188,54.75426182451045,111.13657474069407,56.48222997112294,1.827885201551792,,,,193.89670656605986,306.02468360634856,2.362766655705542,8.0,2.8662138953900773,0.5030256531318854
11978-3702,1-294674,2080,0,0.03857534,9.478878181188325,0.7429109,157.75844,2.2773263,1.8384157,True,0,110.37640380859375,43.09371145614492,0.5351199063807695,131,157,5.0,11.500000000000004,6.0,4.0,1.0,False,1.172912359237671,53.047096252441406,CO,1.218642636454464,4.320850524087409,2.6773550641867665,,,,-1.99139367219937,-9.612974223506946,-17.234554774814534,-3.163254421810504,-8.224887241219125,-13.286520060627744,64.4433731561761,91.44530325769563,1.72466161602141,1.0,0.6196361223933431,0.04810355681460497
8083-3702,1-38173,1168,0,0.0238441,9.342552949627434,0.785912,52.9309,3.00784,2.35558,True,1,69.44161987304688,39.13050881749493,0.3366624735286096,147,119,126.0,18.0,148.0,5.5,22.0,False,0.45244377851486206,53.4691162109375,CO,1.012626854378293,5.304634850479018,4.337398569746571,48.67132343863274,48.22374168035823,36.39753890822012,59.63194043403608,48.79778984976569,37.37578570503249,45.080904215196256,34.66543311352488,24.249962011853498,47.36227895902212,70.54078868368515,1.7281030057220892,13.0,0.8176620431008359,0.3305712936732767
8568-3703,1-274368,1168,0,0.0226165,9.254705139085141,0.683376,124.774,4.39556,4.0921,True,0,65.9640121459961,48.16950198179378,0.31980255549254505,195,193,235.0,12.0,254.0,12.0,19.0,False,1.043339729309082,61.28138732910156,CO,1.4057113208208112,3.223622049284473,7.87841987704422,-11.599381629189066,-78.10038990444878,-130.23755101147336,-63.17137412625423,-75.12023476564629,-85.05373456852509,-62.566996988657884,-58.1200105807576,-53.6730241728573,59.82628519476437,94.60743888686116,1.7873285885852743,12.0,2.4439651288503077,0.5060316336166194
11742-6104,1-122197,2080,0,0.067641854,10.600680546512134,0.8583171,112.35628,3.5253437,2.7011304,True,0,187.00772094726562,31.580804735330045,0.9066390158834873,309,183,202.0,3.0,202.0,1.5,0.0,False,0.8326817750930786,130.6539306640625,CO,3.196214142819052,4.106295385042705,10.100662926148383,78.4992264888266,55.627748143944714,32.75626979906282,29.41064463666762,14.753067706198618,0.09549077572961417,5.7893699774594385,-1.119794072449591,-8.028958122358647,213.24681004576297,262.26272354989345,2.116122479811788,10.0,2.4597994004377592,0.4861465218759836
10845-6104,1-78519,2080,0,0.061516065,10.412119900113504,0.8268956,163.02185,3.4587176,2.7066212,True,1,171.2987518310547,35.0262479831965,0.8304797844468249,278,139,23.0,5.5,14.0,2.5,9.0,False,1.072021484375,130.7141571044922,CO,2.8723950469104396,5.000839854739784,10.101656552185844,94.19520073774869,66.32176570508972,32.89463233045979,85.66469644351143,59.45230536375011,33.23991428398877,86.59965727315831,77.23859793342228,67.87753859368621,152.54308209650114,223.8087962762622,2.1163226267496147,2.0,2.019992010464306,0.21848441926345608
9184-6102,1-201973,2080,0,0.0735539,10.655177826993308,0.851246,39.4454,3.89296,1.98536,True,0,201.9521942138672,32.38379176684226,0.9790918668497289,281,238,159.0,2.5,149.0,0.5,10.0,False,0.3087679147720337,127.85340118408203,CO,3.8115654739713207,4.668266103354306,16.52489011346279,22.815602751270113,2.437291299612209,-26.106736076010634,6.514701248758043,-2.3727698056735327,-11.260240860105139,0.9770605378775109,-6.751599783642092,-14.480260105161673,277.76138241582896,307.4975940380145,2.106712285712619,10.0,3.5398346511543335,0.6125354107648726
8091-12702,1-39759,2080,0,0.133168,10.941803017634696,0.459955,169.67,7.38823,0.9811,True,0,341.49774169921875,64.99247039120225,1.6556277724379174,193,247,165.0,4.5,157.0,0.5,8.0,False,2.734657049179077,150.5906982421875,CO,12.232158777158995,5.3463647533480145,134.13827858873196,39.003892938248526,33.87022221185422,14.58379953086029,217.64713209159154,210.69145330996406,203.7357745283366,499.73770667069687,492.07749857297756,484.4172904752581,259.4997943891669,299.80579910681723,2.177798146985196,77.0,25.08962346886855,0.9731429021089077
11867-12703,1-53660,4096,4096,0.103498355,10.851388189474848,0.48229074,123.81261,8.793844,6.0,True,0,274.50189208984375,63.38988794007175,1.3308227277560976,420,328,52.0,2.5,51.0,0.5,1.0,False,3.091419219970703,162.01963806152344,CO,11.703047459541592,4.409816304148106,12.857190232143136,30.80365451504762,26.85445441366005,6.942814508203871,4.363114706625006,-14.412415314002128,-33.18794533462926,-14.212465517994572,-32.79089012385071,-51.36931472970684,248.54388962616625,283.9805625718547,2.209567657659057,54.0,2.915584084545423,0.6983002832861189
11757-12704,1-272819,1040,0,0.051353477,10.865632804519342,0.5071046,104.505745,14.024224,5.5019054,True,0,144.7242889404297,61.60103975963584,0.7016431526716982,688,598,260.0,0.5,263.0,1.0,3.0,False,3.114788293838501,175.64244079589844,CO,9.840000741134094,5.0386771349837645,22.537140639804164,-70.35680628929738,-68.22537537634375,-73.58817485180784,10.887324013245975,6.745517732899918,2.603711452553885,-18.655967819605657,-26.582909321477832,-34.50985082335001,290.46063784755404,303.48647692801813,2.2446294635998796,34.0,4.472828886639268,0.7898764557758892
9093-3701,1-559154,4224,0,0.0318292,10.249019709400816,0.803081,121.851,3.79115,6.0,True,0,91.81135559082031,37.45637143666294,0.44511401271642176,185,185,60.0,4.5,50.0,0.5,10.0,False,-1.8589836359024048,173.98699951171875,CO,1.6874939893098624,4.69346934329626,23.740715223361494,100.84240852514677,51.23987485378792,-37.89770120156266,93.61809555359115,58.65456247746825,23.691029401345386,80.25939075998119,50.37701937058458,20.494647981187878,154.50293815399945,247.0701040002877,2.240516798562736,8.0,5.058244442838569,0.6724700975763298
8980-1901,1-236032,1168,0,0.0312752,10.257724161400079,0.792762,129.459,3.36288,6.0,True,0,90.27328491210938,38.46967098874857,0.4376572356408968,98,71,65.0,2.5,73.0,2.0,8.0,False,-1.7040431499481201,188.84397888183594,CO,1.471788764592059,8.916879589403415,22.819057470928406,80.4545496551854,105.63185551406455,99.93900734896988,168.71208102972167,149.6382866380299,130.56449224633815,153.25129506005294,141.96431426954786,130.67733347904274,185.80783177605042,289.30228663128594,2.276103142300528,4.0,2.5590855233759098,0.39088762983947123
9194-6103,1-37633,4288,0,0.0307772,10.18032949260369,0.800965,88.103,3.16717,6.0,True,0,88.88892364501953,37.665972581082826,0.43094566282206387,317,75,100.0,3.5,110.0,1.5,10.0,False,-2.974428176879883,153.5834503173828,CO,1.364878174920156,6.866872721323215,18.168514232326594,13.865157632350806,349.5681331976083,638.0711258884747,227.3663765346585,313.3722024134771,399.37802829229565,148.76596158453063,169.5109382400099,190.25591489548918,134.01768098535268,223.84319625202613,2.186344419972368,13.0,2.6458207352393743,0.5444601825621656
11957-12703,1-151637,2080,4096,0.052107435,10.287921636857217,0.38769156,69.529976,5.2575364,1.9797183,True,0,146.71815490722656,70.18585625860393,0.7113096876617164,266,246,112.0,4.5,109.0,1.5,3.0,False,2.971186399459839,114.48567199707031,CO,3.7397365745541054,3.8501540005518278,11.835932716443736,23.577634874914366,-3.221306429717442,-34.61138151189191,3.7066060419255398,-7.034507823598746,-17.77562168912303,8.693504885327847,3.101981191814066,-2.4895425016997037,177.6475659306389,223.6196146884358,2.058751137663037,35.0,3.0741452717858397,0.678847969782814
8080-9102,1-38075,2080,17472,0.0537907,10.309432135092466,0.393761,112.897,4.41692,3.17273,True,0,151.1566162109375,69.74608649664917,0.7328279552928597,193,157,244.0,3.0,245.0,1.0,1.0,False,2.761929512023926,138.59326171875,CO,3.236842452292138,4.3079497455672575,8.881455478443677,11.358248494212123,-48.54206721678327,-122.95335438706871,-19.543463055549378,-42.945448297060885,-66.34743353857239,-21.112335222300555,-34.69990503113584,-48.287474839971104,169.2776359552581,232.40085132863453,2.1417421157772116,2.0,2.0616432416795045,0.22681775259678943
8990-12704,1-174895,2080,16640,0.05184,10.265772692438707,0.361821,11.3821,7.13809,2.12423,True,0,146.01133728027344,72.07704898789574,0.707882939105754,253,175,156.0,6.0,176.0,3.5,20.0,False,3.1923649311065674,112.444580078125,CO,5.052932128801391,5.809429239264133,21.39755193755552,16.279986381442964,-12.659946412979943,-46.51982337302387,10.822264855178947,4.188425810140423,-2.445413234898125,19.148040815640627,15.159020440329934,11.170000065019245,187.15963722888748,221.84900769050222,2.050938526922471,23.0,3.6832451272383344,0.7072434686811457
